sensor_id;sensor_type;location;lat;lon;timestamp;value_type;value
4854;DHT22;3628;6.559;3.386;2026-03-01T10:09:00.323044+00:00;humidity;72.50
4854;DHT22;3628;6.559;3.386;2026-03-01T10:09:00.323044+00:00;temperature;35.10
4854;DHT22;3628;6.559;3.386;2026-03-01T10:14:24.532623+00:00;humidity;66.40
4854;DHT22;3628;6.559;3.386;2026-03-01T10:14:24.532623+00:00;temperature;37.60
4853;pms5003;3628;6.559;3.386;2026-03-01T10:19:41.682532+00:00;P2;29.75
4853;pms5003;3628;6.559;3.386;2026-03-01T10:19:41.682532+00:00;P1;45.50
4853;pms5003;3628;6.559;3.386;2026-03-01T10:19:41.682532+00:00;P0;19.75
4854;DHT22;3628;6.559;3.386;2026-03-01T10:19:59.172514+00:00;humidity;64.10
4854;DHT22;3628;6.559;3.386;2026-03-01T10:19:59.172514+00:00;temperature;38.20
4853;pms5003;3628;6.559;3.386;2026-03-01T10:25:50.861858+00:00;P2;35.00
4853;pms5003;3628;6.559;3.386;2026-03-01T10:25:50.861858+00:00;P1;49.00
4853;pms5003;3628;6.559;3.386;2026-03-01T10:25:50.861858+00:00;P0;22.25
4854;DHT22;3628;6.559;3.386;2026-03-01T10:26:08.260170+00:00;humidity;61.90
4854;DHT22;3628;6.559;3.386;2026-03-01T10:26:08.260170+00:00;temperature;38.70
4853;pms5003;3628;6.559;3.386;2026-03-01T10:31:25.426907+00:00;P2;32.00
4853;pms5003;3628;6.559;3.386;2026-03-01T10:31:25.426907+00:00;P1;39.40
4853;pms5003;3628;6.559;3.386;2026-03-01T10:31:25.426907+00:00;P0;22.00
4854;DHT22;3628;6.559;3.386;2026-03-01T10:31:42.857092+00:00;humidity;60.60
4854;DHT22;3628;6.559;3.386;2026-03-01T10:31:42.857092+00:00;temperature;39.00
4853;pms5003;3628;6.559;3.386;2026-03-01T10:37:00.103110+00:00;P2;32.00
4853;pms5003;3628;6.559;3.386;2026-03-01T10:37:00.103110+00:00;P1;48.50
4853;pms5003;3628;6.559;3.386;2026-03-01T10:37:00.103110+00:00;P0;22.25
4853;pms5003;3628;6.559;3.386;2026-03-01T10:42:34.723718+00:00;P2;31.00
4853;pms5003;3628;6.559;3.386;2026-03-01T10:42:34.723718+00:00;P1;46.50
4853;pms5003;3628;6.559;3.386;2026-03-01T10:42:34.723718+00:00;P0;21.25
4854;DHT22;3628;6.559;3.386;2026-03-01T10:42:52.056327+00:00;humidity;55.60
4854;DHT22;3628;6.559;3.386;2026-03-01T10:42:52.056327+00:00;temperature;41.00
4853;pms5003;3628;6.559;3.386;2026-03-01T10:48:09.247613+00:00;P2;33.50
4853;pms5003;3628;6.559;3.386;2026-03-01T10:48:09.247613+00:00;P1;48.50
4853;pms5003;3628;6.559;3.386;2026-03-01T10:48:09.247613+00:00;P0;23.00
4854;DHT22;3628;6.559;3.386;2026-03-01T10:48:26.754883+00:00;humidity;53.60
4854;DHT22;3628;6.559;3.386;2026-03-01T10:48:26.754883+00:00;temperature;42.50
4854;DHT22;3628;6.559;3.386;2026-03-01T10:54:01.509745+00:00;humidity;53.50
4854;DHT22;3628;6.559;3.386;2026-03-01T10:54:01.509745+00:00;temperature;42.00
4853;pms5003;3628;6.559;3.386;2026-03-01T10:59:18.735288+00:00;P2;31.75
4853;pms5003;3628;6.559;3.386;2026-03-01T10:59:18.735288+00:00;P1;39.00
4853;pms5003;3628;6.559;3.386;2026-03-01T10:59:18.735288+00:00;P0;21.75
4854;DHT22;3628;6.559;3.386;2026-03-01T10:59:36.200780+00:00;humidity;57.00
4854;DHT22;3628;6.559;3.386;2026-03-01T10:59:36.200780+00:00;temperature;40.40
4853;pms5003;3628;6.559;3.386;2026-03-01T11:12:42.800941+00:00;P2;32.75
4853;pms5003;3628;6.559;3.386;2026-03-01T11:12:42.800941+00:00;P1;48.50
4853;pms5003;3628;6.559;3.386;2026-03-01T11:12:42.800941+00:00;P0;22.00
4853;pms5003;3628;6.559;3.386;2026-03-01T11:18:07.022720+00:00;P2;36.25
4853;pms5003;3628;6.559;3.386;2026-03-01T11:18:07.022720+00:00;P1;48.75
4853;pms5003;3628;6.559;3.386;2026-03-01T11:18:07.022720+00:00;P0;23.25
4854;DHT22;3628;6.559;3.386;2026-03-01T11:18:24.416794+00:00;humidity;60.50
4854;DHT22;3628;6.559;3.386;2026-03-01T11:18:24.416794+00:00;temperature;38.20
4853;pms5003;3628;6.559;3.386;2026-03-01T11:23:44.493362+00:00;P2;33.25
4853;pms5003;3628;6.559;3.386;2026-03-01T11:23:44.493362+00:00;P1;49.00
4853;pms5003;3628;6.559;3.386;2026-03-01T11:23:44.493362+00:00;P0;22.00
4854;DHT22;3628;6.559;3.386;2026-03-01T11:29:15.312491+00:00;humidity;54.20
4854;DHT22;3628;6.559;3.386;2026-03-01T11:29:15.312491+00:00;temperature;42.20
4853;pms5003;3628;6.559;3.386;2026-03-01T11:34:32.486286+00:00;P2;33.75
4853;pms5003;3628;6.559;3.386;2026-03-01T11:34:32.486286+00:00;P1;50.25
4853;pms5003;3628;6.559;3.386;2026-03-01T11:34:32.486286+00:00;P0;22.50
4853;pms5003;3628;6.559;3.386;2026-03-01T11:39:59.146333+00:00;P2;35.75
4853;pms5003;3628;6.559;3.386;2026-03-01T11:39:59.146333+00:00;P1;52.75
4853;pms5003;3628;6.559;3.386;2026-03-01T11:39:59.146333+00:00;P0;24.00
4853;pms5003;3628;6.559;3.386;2026-03-01T11:45:33.845882+00:00;P2;33.00
4853;pms5003;3628;6.559;3.386;2026-03-01T11:45:33.845882+00:00;P1;39.00
4853;pms5003;3628;6.559;3.386;2026-03-01T11:45:33.845882+00:00;P0;23.00
4853;pms5003;3628;6.559;3.386;2026-03-01T11:50:57.770675+00:00;P2;39.00
4853;pms5003;3628;6.559;3.386;2026-03-01T11:50:57.770675+00:00;P1;52.33
4853;pms5003;3628;6.559;3.386;2026-03-01T11:50:57.770675+00:00;P0;27.00
4854;DHT22;3628;6.559;3.386;2026-03-01T11:51:15.140148+00:00;humidity;54.70
4854;DHT22;3628;6.559;3.386;2026-03-01T11:51:15.140148+00:00;temperature;41.30
4854;DHT22;3628;6.559;3.386;2026-03-01T11:56:49.719719+00:00;humidity;57.40
4854;DHT22;3628;6.559;3.386;2026-03-01T11:56:49.719719+00:00;temperature;40.00
4853;pms5003;3628;6.559;3.386;2026-03-01T12:02:06.941639+00:00;P2;40.60
4853;pms5003;3628;6.559;3.386;2026-03-01T12:02:06.941639+00:00;P1;56.00
4853;pms5003;3628;6.559;3.386;2026-03-01T12:02:06.941639+00:00;P0;27.00
4854;DHT22;3628;6.559;3.386;2026-03-01T12:02:24.358881+00:00;humidity;59.70
4854;DHT22;3628;6.559;3.386;2026-03-01T12:02:24.358881+00:00;temperature;39.10
4853;pms5003;3628;6.559;3.386;2026-03-01T12:13:08.344175+00:00;P2;42.50
4853;pms5003;3628;6.559;3.386;2026-03-01T12:13:08.344175+00:00;P1;52.00
4853;pms5003;3628;6.559;3.386;2026-03-01T12:13:08.344175+00:00;P0;28.00
4854;DHT22;3628;6.559;3.386;2026-03-01T12:13:25.940246+00:00;humidity;57.40
4854;DHT22;3628;6.559;3.386;2026-03-01T12:13:25.940246+00:00;temperature;40.60
4854;DHT22;3628;6.559;3.386;2026-03-01T12:18:49.688946+00:00;humidity;56.00
4854;DHT22;3628;6.559;3.386;2026-03-01T12:18:49.688946+00:00;temperature;41.20
4854;DHT22;3628;6.559;3.386;2026-03-01T12:24:24.271811+00:00;humidity;55.90
4854;DHT22;3628;6.559;3.386;2026-03-01T12:24:24.271811+00:00;temperature;41.40
4853;pms5003;3628;6.559;3.386;2026-03-01T12:29:41.538238+00:00;P2;38.00
4853;pms5003;3628;6.559;3.386;2026-03-01T12:29:41.538238+00:00;P1;49.75
4853;pms5003;3628;6.559;3.386;2026-03-01T12:29:41.538238+00:00;P0;26.00
4854;DHT22;3628;6.559;3.386;2026-03-01T12:29:58.971528+00:00;humidity;56.30
4854;DHT22;3628;6.559;3.386;2026-03-01T12:29:58.971528+00:00;temperature;41.00
4854;DHT22;3628;6.559;3.386;2026-03-01T12:35:33.581519+00:00;humidity;61.10
4854;DHT22;3628;6.559;3.386;2026-03-01T12:35:33.581519+00:00;temperature;38.60
4854;DHT22;3628;6.559;3.386;2026-03-01T12:40:57.747257+00:00;humidity;60.70
4854;DHT22;3628;6.559;3.386;2026-03-01T12:40:57.747257+00:00;temperature;39.00
4853;pms5003;3628;6.559;3.386;2026-03-01T12:46:15.005858+00:00;P2;36.60
4853;pms5003;3628;6.559;3.386;2026-03-01T12:46:15.005858+00:00;P1;47.00
4853;pms5003;3628;6.559;3.386;2026-03-01T12:46:15.005858+00:00;P0;25.60
4854;DHT22;3628;6.559;3.386;2026-03-01T12:46:32.405763+00:00;humidity;63.70
4854;DHT22;3628;6.559;3.386;2026-03-01T12:46:32.405763+00:00;temperature;37.70
4853;pms5003;3628;6.559;3.386;2026-03-01T12:51:49.594411+00:00;P2;34.75
4853;pms5003;3628;6.559;3.386;2026-03-01T12:51:49.594411+00:00;P1;47.25
4853;pms5003;3628;6.559;3.386;2026-03-01T12:51:49.594411+00:00;P0;23.50
4854;DHT22;3628;6.559;3.386;2026-03-01T12:52:06.940401+00:00;humidity;62.10
4854;DHT22;3628;6.559;3.386;2026-03-01T12:52:06.940401+00:00;temperature;38.20
4853;pms5003;3628;6.559;3.386;2026-03-01T12:57:24.186048+00:00;P2;34.00
4853;pms5003;3628;6.559;3.386;2026-03-01T12:57:24.186048+00:00;P1;44.60
4853;pms5003;3628;6.559;3.386;2026-03-01T12:57:24.186048+00:00;P0;23.00
4854;DHT22;3628;6.559;3.386;2026-03-01T12:57:41.557676+00:00;humidity;64.20
4854;DHT22;3628;6.559;3.386;2026-03-01T12:57:41.557676+00:00;temperature;37.20
4853;pms5003;3628;6.559;3.386;2026-03-01T13:13:41.229845+00:00;P2;34.40
4853;pms5003;3628;6.559;3.386;2026-03-01T13:13:41.229845+00:00;P1;49.60
4853;pms5003;3628;6.559;3.386;2026-03-01T13:13:41.229845+00:00;P0;23.00
4854;DHT22;3628;6.559;3.386;2026-03-01T13:13:58.757512+00:00;humidity;58.80
4854;DHT22;3628;6.559;3.386;2026-03-01T13:13:58.757512+00:00;temperature;39.20
4853;pms5003;3628;6.559;3.386;2026-03-01T13:19:16.002759+00:00;P2;32.50
4853;pms5003;3628;6.559;3.386;2026-03-01T13:19:16.002759+00:00;P1;46.50
4853;pms5003;3628;6.559;3.386;2026-03-01T13:19:16.002759+00:00;P0;23.00
4854;DHT22;3628;6.559;3.386;2026-03-01T13:19:33.413103+00:00;humidity;57.50
4854;DHT22;3628;6.559;3.386;2026-03-01T13:19:33.413103+00:00;temperature;39.70
4853;pms5003;3628;6.559;3.386;2026-03-01T13:57:43.184902+00:00;P2;31.75
4853;pms5003;3628;6.559;3.386;2026-03-01T13:57:43.184902+00:00;P1;43.75
4853;pms5003;3628;6.559;3.386;2026-03-01T13:57:43.184902+00:00;P0;22.25
4854;DHT22;3628;6.559;3.386;2026-03-01T13:58:00.593851+00:00;humidity;55.00
4854;DHT22;3628;6.559;3.386;2026-03-01T13:58:00.593851+00:00;temperature;40.50
4853;pms5003;3628;6.559;3.386;2026-03-01T14:03:17.811948+00:00;P2;30.60
4853;pms5003;3628;6.559;3.386;2026-03-01T14:03:17.811948+00:00;P1;47.40
4853;pms5003;3628;6.559;3.386;2026-03-01T14:03:17.811948+00:00;P0;22.00
4853;pms5003;3628;6.559;3.386;2026-03-01T14:08:41.912780+00:00;P2;30.25
4853;pms5003;3628;6.559;3.386;2026-03-01T14:08:41.912780+00:00;P1;43.75
4853;pms5003;3628;6.559;3.386;2026-03-01T14:08:41.912780+00:00;P0;20.50
4854;DHT22;3628;6.559;3.386;2026-03-01T14:08:59.346453+00:00;humidity;55.30
4854;DHT22;3628;6.559;3.386;2026-03-01T14:08:59.346453+00:00;temperature;40.10
4854;DHT22;3628;6.559;3.386;2026-03-01T14:14:23.439241+00:00;humidity;54.50
4854;DHT22;3628;6.559;3.386;2026-03-01T14:14:23.439241+00:00;temperature;40.20
4854;DHT22;3628;6.559;3.386;2026-03-01T14:19:47.161031+00:00;humidity;54.60
4854;DHT22;3628;6.559;3.386;2026-03-01T14:19:47.161031+00:00;temperature;40.20
4854;DHT22;3628;6.559;3.386;2026-03-01T14:25:21.704292+00:00;humidity;54.70
4854;DHT22;3628;6.559;3.386;2026-03-01T14:25:21.704292+00:00;temperature;40.00
4853;pms5003;3628;6.559;3.386;2026-03-01T14:30:38.919057+00:00;P2;33.50
4853;pms5003;3628;6.559;3.386;2026-03-01T14:30:38.919057+00:00;P1;43.75
4853;pms5003;3628;6.559;3.386;2026-03-01T14:30:38.919057+00:00;P0;22.00
4853;pms5003;3628;6.559;3.386;2026-03-01T14:36:13.632498+00:00;P2;31.50
4853;pms5003;3628;6.559;3.386;2026-03-01T14:36:13.632498+00:00;P1;48.50
4853;pms5003;3628;6.559;3.386;2026-03-01T14:36:13.632498+00:00;P0;21.75
4854;DHT22;3628;6.559;3.386;2026-03-01T14:36:30.987311+00:00;humidity;54.40
4854;DHT22;3628;6.559;3.386;2026-03-01T14:36:30.987311+00:00;temperature;39.90
4853;pms5003;3628;6.559;3.386;2026-03-01T15:08:17.127908+00:00;P2;33.25
4853;pms5003;3628;6.559;3.386;2026-03-01T15:08:17.127908+00:00;P1;52.50
4853;pms5003;3628;6.559;3.386;2026-03-01T15:08:17.127908+00:00;P0;23.25
4853;pms5003;3628;6.559;3.386;2026-03-01T15:13:51.263597+00:00;P2;31.00
4853;pms5003;3628;6.559;3.386;2026-03-01T15:13:51.263597+00:00;P1;37.25
4853;pms5003;3628;6.559;3.386;2026-03-01T15:13:51.263597+00:00;P0;22.00
4854;DHT22;3628;6.559;3.386;2026-03-01T15:19:33.162666+00:00;humidity;55.50
4854;DHT22;3628;6.559;3.386;2026-03-01T15:19:33.162666+00:00;temperature;39.10
4853;pms5003;3628;6.559;3.386;2026-03-01T15:30:03.528738+00:00;P2;31.50
4853;pms5003;3628;6.559;3.386;2026-03-01T15:30:03.528738+00:00;P1;45.00
4853;pms5003;3628;6.559;3.386;2026-03-01T15:30:03.528738+00:00;P0;20.50
4854;DHT22;3628;6.559;3.386;2026-03-01T15:30:26.355305+00:00;humidity;56.90
4854;DHT22;3628;6.559;3.386;2026-03-01T15:30:26.355305+00:00;temperature;37.50
4853;pms5003;3628;6.559;3.386;2026-03-01T15:41:15.344295+00:00;P2;28.00
4853;pms5003;3628;6.559;3.386;2026-03-01T15:41:15.344295+00:00;P1;38.25
4853;pms5003;3628;6.559;3.386;2026-03-01T15:41:15.344295+00:00;P0;20.00
4854;DHT22;3628;6.559;3.386;2026-03-01T15:41:36.431158+00:00;humidity;55.40
4854;DHT22;3628;6.559;3.386;2026-03-01T15:41:36.431158+00:00;temperature;38.20
4853;pms5003;3628;6.559;3.386;2026-03-01T15:47:01.847690+00:00;P2;29.75
4853;pms5003;3628;6.559;3.386;2026-03-01T15:47:01.847690+00:00;P1;32.00
4853;pms5003;3628;6.559;3.386;2026-03-01T15:47:01.847690+00:00;P0;19.00
4854;DHT22;3628;6.559;3.386;2026-03-01T15:47:12.964940+00:00;humidity;57.30
4854;DHT22;3628;6.559;3.386;2026-03-01T15:47:12.964940+00:00;temperature;37.30
4854;DHT22;3628;6.559;3.386;2026-03-01T15:52:30.238288+00:00;P2;29.60
4854;DHT22;3628;6.559;3.386;2026-03-01T15:52:30.238288+00:00;P1;34.20
4854;DHT22;3628;6.559;3.386;2026-03-01T15:52:30.238288+00:00;P0;19.60
4854;DHT22;3628;6.559;3.386;2026-03-01T15:52:50.061182+00:00;humidity;58.00
4854;DHT22;3628;6.559;3.386;2026-03-01T15:52:50.061182+00:00;temperature;37.20
4854;DHT22;3628;6.559;3.386;2026-03-01T15:58:24.831527+00:00;humidity;58.90
4854;DHT22;3628;6.559;3.386;2026-03-01T15:58:24.831527+00:00;temperature;36.50
4853;pms5003;3628;6.559;3.386;2026-03-01T16:03:44.994024+00:00;P2;24.00
4853;pms5003;3628;6.559;3.386;2026-03-01T16:03:44.994024+00:00;P1;30.33
4853;pms5003;3628;6.559;3.386;2026-03-01T16:03:44.994024+00:00;P0;16.67
4854;DHT22;3628;6.559;3.386;2026-03-01T16:04:07.944871+00:00;humidity;59.60
4854;DHT22;3628;6.559;3.386;2026-03-01T16:04:07.944871+00:00;temperature;36.10
4853;pms5003;3628;6.559;3.386;2026-03-01T16:09:25.156334+00:00;P2;31.00
4853;pms5003;3628;6.559;3.386;2026-03-01T16:09:25.156334+00:00;P1;39.00
4853;pms5003;3628;6.559;3.386;2026-03-01T16:09:25.156334+00:00;P0;20.50
4854;DHT22;3628;6.559;3.386;2026-03-01T16:09:45.776461+00:00;humidity;60.80
4854;DHT22;3628;6.559;3.386;2026-03-01T16:09:45.776461+00:00;temperature;36.00
4853;pms5003;3628;6.559;3.386;2026-03-01T16:15:08.872252+00:00;P2;30.00
4853;pms5003;3628;6.559;3.386;2026-03-01T16:15:08.872252+00:00;P1;44.50
4853;pms5003;3628;6.559;3.386;2026-03-01T16:15:08.872252+00:00;P0;19.00
4854;DHT22;3628;6.559;3.386;2026-03-01T16:15:26.195249+00:00;humidity;60.50
4854;DHT22;3628;6.559;3.386;2026-03-01T16:15:26.195249+00:00;temperature;36.60
4853;pms5003;3628;6.559;3.386;2026-03-01T16:20:43.534370+00:00;P2;27.67
4853;pms5003;3628;6.559;3.386;2026-03-01T16:20:43.534370+00:00;P1;45.00
4853;pms5003;3628;6.559;3.386;2026-03-01T16:20:43.534370+00:00;P0;19.00
4853;pms5003;3628;6.559;3.386;2026-03-01T16:26:20.576089+00:00;P2;27.50
4853;pms5003;3628;6.559;3.386;2026-03-01T16:26:20.576089+00:00;P1;44.25
4853;pms5003;3628;6.559;3.386;2026-03-01T16:26:20.576089+00:00;P0;21.00
4854;DHT22;3628;6.559;3.386;2026-03-01T16:26:37.953331+00:00;humidity;60.70
4854;DHT22;3628;6.559;3.386;2026-03-01T16:26:37.953331+00:00;temperature;36.40
4853;pms5003;3628;6.559;3.386;2026-03-01T16:32:00.289823+00:00;P2;29.75
4853;pms5003;3628;6.559;3.386;2026-03-01T16:32:00.289823+00:00;P1;39.00
4853;pms5003;3628;6.559;3.386;2026-03-01T16:32:00.289823+00:00;P0;18.25
4854;DHT22;3628;6.559;3.386;2026-03-01T16:32:21.076773+00:00;humidity;61.70
4854;DHT22;3628;6.559;3.386;2026-03-01T16:32:21.076773+00:00;temperature;36.00
4853;pms5003;3628;6.559;3.386;2026-03-01T16:43:05.152126+00:00;P2;28.00
4853;pms5003;3628;6.559;3.386;2026-03-01T16:43:05.152126+00:00;P1;32.40
4853;pms5003;3628;6.559;3.386;2026-03-01T16:43:05.152126+00:00;P0;20.00
4853;pms5003;3628;6.559;3.386;2026-03-01T16:48:31.246078+00:00;P2;25.00
4853;pms5003;3628;6.559;3.386;2026-03-01T16:48:31.246078+00:00;P1;36.50
4853;pms5003;3628;6.559;3.386;2026-03-01T16:48:31.246078+00:00;P0;16.50
4854;DHT22;3628;6.559;3.386;2026-03-01T16:48:46.557448+00:00;humidity;64.90
4854;DHT22;3628;6.559;3.386;2026-03-01T16:48:46.557448+00:00;temperature;35.20
4853;pms5003;3628;6.559;3.386;2026-03-01T17:10:20.232097+00:00;P2;26.40
4853;pms5003;3628;6.559;3.386;2026-03-01T17:10:20.232097+00:00;P1;36.40
4853;pms5003;3628;6.559;3.386;2026-03-01T17:10:20.232097+00:00;P0;17.40
4854;DHT22;3628;6.559;3.386;2026-03-01T17:10:37.709416+00:00;humidity;'1.80
4854;DHT22;3628;6.559;3.386;2026-03-01T17:10:37.709416+00:00;temperature;34.20
4854;DHT22;3628;6.559;3.386;2026-03-01T17:16:01.579432+00:00;humidity;72.70
4854;DHT22;3628;6.559;3.386;2026-03-01T17:16:01.579432+00:00;temperature;34.00
4853;pms5003;3628;6.559;3.386;2026-03-01T17:21:18.876143+00:00;P2;25.00
4853;pms5003;3628;6.559;3.386;2026-03-01T17:21:18.876143+00:00;P1;38.40
4853;pms5003;3628;6.559;3.386;2026-03-01T17:21:18.876143+00:00;P0;16.20
4854;DHT22;3628;6.559;3.386;2026-03-01T17:27:00.360029+00:00;humidity;74.50
4854;DHT22;3628;6.559;3.386;2026-03-01T17:27:00.360029+00:00;temperature;33.50
4854;DHT22;3628;6.559;3.386;2026-03-01T17:32:24.110463+00:00;humidity;75.20
4854;DHT22;3628;6.559;3.386;2026-03-01T17:32:24.110463+00:00;temperature;33.40
4853;pms5003;3628;6.559;3.386;2026-03-01T17:37:41.376698+00:00;P2;24.75
4853;pms5003;3628;6.559;3.386;2026-03-01T17:37:41.376698+00:00;P1;42.75
4853;pms5003;3628;6.559;3.386;2026-03-01T17:37:41.376698+00:00;P0;17.25
4854;DHT22;3628;6.559;3.386;2026-03-01T17:38:01.648236+00:00;humidity;75.50
4854;DHT22;3628;6.559;3.386;2026-03-01T17:38:01.648236+00:00;temperature;33.10
4853;pms5003;3628;6.559;3.386;2026-03-01T17:43:18.944576+00:00;P2;27.50
4853;pms5003;3628;6.559;3.386;2026-03-01T17:43:18.944576+00:00;P1;34.00
4853;pms5003;3628;6.559;3.386;2026-03-01T17:43:18.944576+00:00;P0;18.50
4854;DHT22;3628;6.559;3.386;2026-03-01T17:49:10.898264+00:00;humidity;73.50
4854;DHT22;3628;6.559;3.386;2026-03-01T17:49:10.898264+00:00;temperature;33.00
4853;pms5003;3628;6.559;3.386;2026-03-01T17:54:28.074001+00:00;P2;28.00
4853;pms5003;3628;6.559;3.386;2026-03-01T17:54:28.074001+00:00;P1;40.50
4853;pms5003;3628;6.559;3.386;2026-03-01T17:54:28.074001+00:00;P0;19.00
4854;DHT22;3628;6.559;3.386;2026-03-01T18:00:09.661605+00:00;humidity;73.40
4854;DHT22;3628;6.559;3.386;2026-03-01T18:00:09.661605+00:00;temperature;33.00
4853;pms5003;3628;6.559;3.386;2026-03-01T18:10:40.134397+00:00;P2;24.25
4853;pms5003;3628;6.559;3.386;2026-03-01T18:10:40.134397+00:00;P1;25.00
4853;pms5003;3628;6.559;3.386;2026-03-01T18:10:40.134397+00:00;P0;16.50
4854;DHT22;3628;6.559;3.386;2026-03-01T18:10:57.564488+00:00;humidity;75.70
4854;DHT22;3628;6.559;3.386;2026-03-01T18:10:57.564488+00:00;temperature;32.70
4853;pms5003;3628;6.559;3.386;2026-03-01T18:16:24.049274+00:00;P2;25.60
4853;pms5003;3628;6.559;3.386;2026-03-01T18:16:24.049274+00:00;P1;31.20
4853;pms5003;3628;6.559;3.386;2026-03-01T18:16:24.049274+00:00;P0;15.20
4854;DHT22;3628;6.559;3.386;2026-03-01T18:16:46.916242+00:00;humidity;76.30
4854;DHT22;3628;6.559;3.386;2026-03-01T18:16:46.916242+00:00;temperature;32.70
4853;pms5003;3628;6.559;3.386;2026-03-01T18:22:10.017142+00:00;P2;25.00
4853;pms5003;3628;6.559;3.386;2026-03-01T18:22:10.017142+00:00;P1;29.00
4853;pms5003;3628;6.559;3.386;2026-03-01T18:22:10.017142+00:00;P0;16.00
4854;DHT22;3628;6.559;3.386;2026-03-01T18:22:36.031707+00:00;humidity;77.!0
4854;DHT22;3628;6.559;3.386;2026-03-01T18:22:36.031707+00:00;temperature;32.50
4853;pms5003;3628;6.559;3.386;2026-03-01T18:27:53.207314+00:00;P2;28.67
4853;pms5003;3628;6.559;3.386;2026-03-01T18:27:53.207314+00:00;P1;44.00
4853;pms5003;3628;6.559;3.386;2026-03-01T18:27:53.207314+00:00;P0;20.00
4853;pms5003;3628;6.559;3.386;2026-03-01T18:38:40.850353+00:00;P2;30.00
4853;pms5003;3628;6.559;3.386;2026-03-01T18:38:40.850353+00:00;P1;35.50
4853;pms5003;3628;6.559;3.386;2026-03-01T18:38:40.850353+00:00;P0;19.00
4854;DHT22;3628;6.559;3.386;2026-03-01T18:39:01.241546+00:00;humidity;79.70
4854;DHT22;3628;6.559;3.386;2026-03-01T18:39:01.241546+00:00;temperature;32.30
4853;pms5003;3628;6.559;3.386;2026-03-01T18:44:21.381813+00:00;P2;27.80
4853;pms5003;3628;6.559;3.386;2026-03-01T18:44:21.381813+00:00;P1;41.40
4853;pms5003;3628;6.559;3.386;2026-03-01T18:44:21.381813+00:00;P0;20.00
4854;DHT22;3628;6.559;3.386;2026-03-01T18:44:38.659098+00:00;humidity;79.90
4854;DHT22;3628;6.559;3.386;2026-03-01T18:44:38.659098+00:00;temperature;32.40
4854;DHT22;3628;6.559;3.386;2026-03-01T18:50:02.531690+00:00;humidity;80.50
4854;DHT22;3628;6.559;3.386;2026-03-01T18:50:02.531690+00:00;temperature;32.40
4853;pms5003;3628;6.559;3.386;2026-03-01T18:55:25.760389+00:00;P2;31.33
4853;pms5003;3628;6.559;3.386;2026-03-01T18:55:25.760389+00:00;P1;34.33
4853;pms5003;3628;6.559;3.386;2026-03-01T18:55:25.760389+00:00;P0;22.00
4854;DHT22;3628;6.559;3.386;2026-03-01T18:55:43.212010+00:00;humidity;80.80
4854;DHT22;3628;6.559;3.386;2026-03-01T18:55:43.212010+00:00;temperature;32.40
4853;pms5003;3628;6.559;3.386;2026-03-01T19:01:00.381296+00:00;P2;32.50
4853;pms5003;3628;6.559;3.386;2026-03-01T19:01:00.381296+00:00;P1;47.00
4853;pms5003;3628;6.559;3.386;2026-03-01T19:01:00.381296+00:00;P0;21.50
4853;pms5003;3628;6.559;3.386;2026-03-01T19:06:40.475640+00:00;P2;27.50
4853;pms5003;3628;6.559;3.386;2026-03-01T19:06:40.475640+00:00;P1;31.50
4853;pms5003;3628;6.559;3.386;2026-03-01T19:06:40.475640+00:00;P0;18.50
4854;DHT22;3628;6.559;3.386;2026-03-01T19:06:57.925248+00:00;humidity;82.00
4854;DHT22;3628;6.559;3.386;2026-03-01T19:06:57.925248+00:00;temperature;32.20
4853;pms5003;3628;6.559;3.386;2026-03-01T19:12:15.144387+00:00;P2;27.00
4853;pms5003;3628;6.559;3.386;2026-03-01T19:12:15.144387+00:00;P1;35.00
4853;pms5003;3628;6.559;3.386;2026-03-01T19:12:15.144387+00:00;P0;17.25
4854;DHT22;3628;6.559;3.386;2026-03-01T19:12:38.173173+00:00;humidity;82.50
4854;DHT22;3628;6.559;3.386;2026-03-01T19:12:38.173173+00:00;temperature;32.20
4853;pms5003;3628;6.559;3.386;2026-03-01T19:17:55.450504+00:00;P2;27.00
4853;pms5003;3628;6.559;3.386;2026-03-01T19:17:55.450504+00:00;P1;38.75
4853;pms5003;3628;6.559;3.386;2026-03-01T19:17:55.450504+00:00;P0;17.00
4853;pms5003;3628;6.559;3.386;2026-03-01T19:28:46.051077+00:00;P2;27.60
4853;pms5003;3628;6.559;3.386;2026-03-01T19:28:46.051077+00:00;P1;33.40
4853;pms5003;3628;6.559;3.386;2026-03-01T19:28:46.051077+00:00;P0;17.00
4853;pms5003;3628;6.559;3.386;2026-03-01T19:39:53.755469+00:00;P2;32.00
4853;pms5003;3628;6.559;3.386;2026-03-01T19:39:53.755469+00:00;P1;44.67
4853;pms5003;3628;6.559;3.386;2026-03-01T19:39:53.755469+00:00;P0;21.67
4854;DHT22;3628;6.559;3.386;2026-03-01T19:40:13.859194+00:00;humidity;84.00
4854;DHT22;3628;6.559;3.386;2026-03-01T19:40:13.859194+00:00;temperature;32.00
4853;pms5003;3628;6.559;3.386;2026-03-01T19:50:52.813790+00:00;P2;30.20
4853;pms5003;3628;6.559;3.386;2026-03-01T19:50:52.813790+00:00;P1;40.60
4853;pms5003;3628;6.559;3.386;2026-03-01T19:50:52.813790+00:00;P0;20.20
4853;pms5003;3628;6.559;3.386;2026-03-01T19:56:19.795875+00:00;P2;29.00
4853;pms5003;3628;6.559;3.386;2026-03-01T19:56:19.795875+00:00;P1;43.50
4853;pms5003;3628;6.559;3.386;2026-03-01T19:56:19.795875+00:00;P0;22.00
4853;pms5003;3628;6.559;3.386;2026-03-01T20:18:55.013766+00:00;P2;30.00
4853;pms5003;3628;6.559;3.386;2026-03-01T20:18:55.013766+00:00;P1;36.67
4853;pms5003;3628;6.559;3.386;2026-03-01T20:18:55.013766+00:00;P0;19.67
4854;DHT22;3628;6.559;3.386;2026-03-01T20:19:12.352187+00:00;humidity;83.40
4854;DHT22;3628;6.559;3.386;2026-03-01T20:19:12.352187+00:00;temperature;32.10
4853;pms5003;3628;6.559;3.386;2026-03-01T20:35:03.188266+00:00;P2;26.75
4853;pms5003;3628;6.559;3.386;2026-03-01T20:35:03.188266+00:00;P1;37.00
4853;pms5003;3628;6.559;3.386;2026-03-01T20:35:03.188266+00:00;P0;19.25
4854;DHT22;3628;6.559;3.386;2026-03-01T20:35:29.190645+00:00;humidity;82.70
4854;DHT22;3628;6.559;3.386;2026-03-01T20:35:29.190645+00:00;temperature;32.00
4853;pms5003;3628;6.559;3.386;2026-03-01T20:46:02.299058+00:00;P2;28.50
4853;pms5003;3628;6.559;3.386;2026-03-01T20:46:02.299058+00:00;P1;42.50
4853;pms5003;3628;6.559;3.386;2026-03-01T20:46:02.299058+00:00;P0;18.25
4854;DHT22;3628;6.559;3.386;2026-03-01T20:46:19.710864+00:00;humidity;82.00
4854;DHT22;3628;6.559;3.386;2026-03-01T20:46:19.710864+00:00;temperature;32.10
4853;pms5003;3628;6.559;3.386;2026-03-01T20:51:37.042538+00:00;P2;33.00
4853;pms5003;3628;6.559;3.386;2026-03-01T20:51:37.042538+00:00;P1;45.50
4853;pms5003;3628;6.559;3.386;2026-03-01T20:51:37.042538+00:00;P0;22.00
4854;DHT22;3628;6.559;3.386;2026-03-01T20:52:00.035084+00:00;humidity;82.50
4854;DHT22;3628;6.559;3.386;2026-03-01T20:52:00.035084+00:00;temperature;32.00
4853;pms5003;3628;6.559;3.386;2026-03-01T20:57:17.416525+00:00;P2;29.60
4853;pms5003;3628;6.559;3.386;2026-03-01T20:57:17.416525+00:00;P1;32.00
4853;pms5003;3628;6.559;3.386;2026-03-01T20:57:17.416525+00:00;P0;20.00
4854;DHT22;3628;6.559;3.386;2026-03-01T20:57:34.791440+00:00;humidity;83.10
4854;DHT22;3628;6.559;3.386;2026-03-01T20:57:34.791440+00:00;temperature;32.00
4854;DHT22;3628;6.559;3.386;2026-03-01T21:08:33.650943+00:00;humidity;86.50
4854;DHT22;3628;6.559;3.386;2026-03-01T21:08:33.650943+00:00;temperature;31.90
4854;DHT22;3628;6.559;3.386;2026-03-01T21:19:10.974153+00:00;humidity;87.40
4854;DHT22;3628;6.559;3.386;2026-03-01T21:19:10.974153+00:00;temperature;31.90
4853;pms5003;3628;6.559;3.386;2026-03-01T21:24:28.150345+00:00;P2;27.00
4853;pms5003;3628;6.559;3.386;2026-03-01T21:24:28.150345+00:00;P1;31.00
4853;pms5003;3628;6.559;3.386;2026-03-01T21:24:28.150345+00:00;P0;18.50
4854;DHT22;3628;6.559;3.386;2026-03-01T21:24:45.562716+00:00;humidity;87.80
4854;DHT22;3628;6.559;3.386;2026-03-01T21:24:45.562716+00:00;temperature;31.70
4853;pms5003;3628;6.559;3.386;2026-03-01T22:02:19.618360+00:00;P2;27.00
4853;pms5003;3628;6.559;3.386;2026-03-01T22:02:19.618360+00:00;P1;33.25
4853;pms5003;3628;6.559;3.386;2026-03-01T22:02:19.618360+00:00;P0;16.50
4854;DHT22;3628;6.559;3.386;2026-03-01T22:02:42.253651+00:00;humidity;88.40
4854;DHT22;3628;6.559;3.386;2026-03-01T22:02:42.253651+00:00;temperature;31.70
4854;DHT22;3628;6.559;3.386;2026-03-01T22:08:02.877895+00:00;humidity;88.70
4854;DHT22;3628;6.559;3.386;2026-03-01T22:08:02.877895+00:00;temperature;31.60
4853;pms5003;3628;6.559;3.386;2026-03-01T22:13:20.904450+00:00;P2;25.75
4853;pms5003;3628;6.559;3.386;2026-03-01T22:13:20.904450+00:00;P1;40.00
4853;pms5003;3628;6.559;3.386;2026-03-01T22:13:20.904450+00:00;P0;17.50
4854;DHT22;3628;6.559;3.386;2026-03-01T22:13:40.998320+00:00;humidity;88.60
4854;DHT22;3628;6.559;3.386;2026-03-01T22:13:40.998320+00:00;temperature;31.60
4853;pms5003;3628;6.559;3.386;2026-03-01T22:19:03.981565+00:00;P2;26.50
4853;pms5003;3628;6.559;3.386;2026-03-01T22:19:03.981565+00:00;P1;34.50
4853;pms5003;3628;6.559;3.386;2026-03-01T22:19:03.981565+00:00;P0;19.00
4854;DHT22;3628;6.559;3.386;2026-03-01T22:19:21.579658+00:00;humidity;88.30
4854;DHT22;3628;6.559;3.386;2026-03-01T22:19:21.579658+00:00;temperature;31.60
4854;DHT22;3628;6.559;3.386;2026-03-01T22:24:55.420739+00:00;humidity;88.20
4854;DHT22;3628;6.559;3.386;2026-03-01T22:24:55.420739+00:00;temperature;31.60
4853;pms5003;3628;6.559;3.386;2026-03-01T22:30:12.640603+00:00;P2;30.33
4853;pms5003;3628;6.559;3.386;2026-03-01T22:30:12.640603+00:00;P1;45.00
4853;pms5003;3628;6.559;3.386;2026-03-01T22:30:12.640603+00:00;P0;20.00
4854;DHT22;3628;6.559;3.386;2026-03-01T22:30:27.913259+00:00;humidity;88.10
4854;DHT22;3628;6.559;3.386;2026-03-01T22:30:27.913259+00:00;temperature;31.60
4854;DHT22;3628;6.559;3.386;2026-03-01T22:35:51.683870+00:00;humidity;87.80
4854;DHT22;3628;6.559;3.386;2026-03-01T22:35:51.683870+00:00;temperature;31.60
4853;pms5003;3628;6.559;3.386;2026-03-01T22:41:08.957010+00:00;P2;32.00
4853;pms5003;3628;6.559;3.386;2026-03-01T22:41:08.957010+00:00;P1;43.75
4853;pms5003;3628;6.559;3.386;2026-03-01T22:41:08.957010+00:00;P0;21.50
4854;DHT22;3628;6.559;3.386;2026-03-01T22:41:26.400312+00:00;humidity;87.50
4854;DHT22;3628;6.559;3.386;2026-03-01T22:41:26.400312+00:00;temperature;31.60
4853;pms5003;3628;6.559;3.386;2026-03-01T22:46:43.915913+00:00;P2;32.00
4853;pms5003;3628;6.559;3.386;2026-03-01T22:46:43.915913+00:00;P1;43.80
4853;pms5003;3628;6.559;3.386;2026-03-01T22:46:43.915913+00:00;P0;21.60
4854;DHT22;3628;6.559;3.386;2026-03-01T22:47:01.304017+00:00;humidity;87.50
4854;DHT22;3628;6.559;3.386;2026-03-01T22:47:01.304017+00:00;temperature;31.50
4854;DHT22;3628;6.559;3.386;2026-03-01T22:52:25.040048+00:00;humidity;87.30
4854;DHT22;3628;6.559;3.386;2026-03-01T22:52:25.040048+00:00;temperature;31.60
4854;DHT22;3628;6.559;3.386;2026-03-01T22:57:59.672321+00:00;humidity;87.00
4854;DHT22;3628;6.559;3.386;2026-03-01T22:57:59.672321+00:00;temperature;31.50
4853;pms5003;3628;6.559;3.386;2026-03-01T23:03:17.067584+00:00;P2;32.00
4853;pms5003;3628;6.559;3.386;2026-03-01T23:03:17.067584+00:00;P1;46.50
4853;pms5003;3628;6.559;3.386;2026-03-01T23:03:17.067584+00:00;P0;21.00
4854;DHT22;3628;6.559;3.386;2026-03-01T23:03:34.318360+00:00;humidity;87.00
4854;DHT22;3628;6.559;3.386;2026-03-01T23:03:34.318360+00:00;temperature;31.50
4853;pms5003;3628;6.559;3.386;2026-03-01T23:08:51.501455+00:00;P2;29.50
4853;pms5003;3628;6.559;3.386;2026-03-01T23:08:51.501455+00:00;P1;41.25
4853;pms5003;3628;6.559;3.386;2026-03-01T23:08:51.501455+00:00;P0;19.50
4853;pms5003;3628;6.559;3.386;2026-03-01T23:14:26.148738+00:00;P2;27.00
4853;pms5003;3628;6.559;3.386;2026-03-01T23:14:26.148738+00:00;P1;41.67
4853;pms5003;3628;6.559;3.386;2026-03-01T23:14:26.148738+00:00;P0;18.00
4854;DHT22;3628;6.559;3.386;2026-03-01T23:14:43.743142+00:00;humidity;87.50
4854;DHT22;3628;6.559;3.386;2026-03-01T23:14:43.743142+00:00;temperature;31.40
4853;pms5003;3628;6.559;3.386;2026-03-01T23:20:00.853556+00:00;P2;27.25
4853;pms5003;3628;6.559;3.386;2026-03-01T23:20:00.853556+00:00;P1;38.25
4853;pms5003;3628;6.559;3.386;2026-03-01T23:20:00.853556+00:00;P0;16.50
4854;DHT22;3628;6.559;3.386;2026-03-01T23:20:18.168238+00:00;humidity;87.50
4854;DHT22;3628;6.559;3.386;2026-03-01T23:20:18.168238+00:00;temperature;31.50
4853;pms5003;3628;6.559;3.386;2026-03-01T23:25:35.370690+00:00;P2;23.67
4853;pms5003;3628;6.559;3.386;2026-03-01T23:25:35.370690+00:00;P1;25.67
4853;pms5003;3628;6.559;3.386;2026-03-01T23:25:35.370690+00:00;P0;16.00
4854;DHT22;3628;6.559;3.386;2026-03-01T23:25:52.900292+00:00;humidity;87.70
4854;DHT22;3628;6.559;3.386;2026-03-01T23:25:52.900292+00:00;temperature;31.50
4853;pms5003;3628;6.559;3.386;2026-03-01T23:36:23.053623+00:00;P2;25.50
4853;pms5003;3628;6.559;3.386;2026-03-01T23:36:23.053623+00:00;P1;30.00
4853;pms5003;3628;6.559;3.386;2026-03-01T23:36:23.053623+00:00;P0;16.50
4853;pms5003;3628;6.559;3.386;2026-03-01T23:47:10.557053+00:00;P2;36.80
4853;pms5003;3628;6.559;3.386;2026-03-01T23:47:10.557053+00:00;P1;47.40
4853;pms5003;3628;6.559;3.386;2026-03-01T23:47:10.557053+00:00;P0;22.00
4853;pms5003;3628;6.559;3.386;2026-03-01T23:52:34.556986+00:00;P2;41.50
4853;pms5003;3628;6.559;3.386;2026-03-01T23:52:34.556986+00:00;P1;55.50
4853;pms5003;3628;6.559;3.386;2026-03-01T23:52:34.556986+00:00;P0;24.00
4854;DHT22;3628;6.559;3.386;2026-03-01T23:52:51.978195+00:00;humidity;87.10
4854;DHT22;3628;6.559;3.386;2026-03-01T23:52:51.978195+00:00;temperature;31.40
4853;pms5003;3628;6.559;3.386;2026-03-01T23:58:09.215478+00:00;P2;40.50
4853;pms5003;3628;6.559;3.386;2026-03-01T23:58:09.215478+00:00;P1;58.00
4853;pms5003;3628;6.559;3.386;2026-03-01T23:58:09.215478+00:00;P0;24.50
4854;DHT22;3628;6.559;3.386;2026-03-01T23:58:26.609277+00:00;humidity;87.00
4854;DHT22;3628;6.559;3.386;2026-03-01T23:58:26.609277+00:00;temperature;31.50
4854;DHT22;3628;6.559;3.386;2026-03-02T00:03:50.366773+00:00;humidity;87.40
4854;DHT22;3628;6.559;3.386;2026-03-02T00:03:50.366773+00:00;temperature;31.40
4853;pms5003;3628;6.559;3.386;2026-03-02T00:09:07.661419+00:00;P2;30.80
4853;pms5003;3628;6.559;3.386;2026-03-02T00:09:07.661419+00:00;P1;44.60
4853;pms5003;3628;6.559;3.386;2026-03-02T00:09:07.661419+00:00;P0;19.00
4853;pms5003;3628;6.559;3.386;2026-03-02T00:31:13.268244+00:00;P2;28.50
4853;pms5003;3628;6.559;3.386;2026-03-02T00:31:13.268244+00:00;P1;44.50
4853;pms5003;3628;6.559;3.386;2026-03-02T00:31:13.268244+00:00;P0;18.50
4854;DHT22;3628;6.559;3.386;2026-03-02T00:31:30.562109+00:00;humidity;87.30
4854;DHT22;3628;6.559;3.386;2026-03-02T00:31:30.562109+00:00;temperature;31.30
4853;pms5003;3628;6.559;3.386;2026-03-02T00:36:47.750800+00:00;P2;27.67
4853;pms5003;3628;6.559;3.386;2026-03-02T00:36:47.750800+00:00;P1;41.33
4853;pms5003;3628;6.559;3.386;2026-03-02T00:36:47.750800+00:00;P0;18.33
4854;DHT22;3628;6.559;3.386;2026-03-02T00:37:05.104298+00:00;humidity;87.10
4854;DHT22;3628;6.559;3.386;2026-03-02T00:37:05.104298+00:00;temperature;31.30
4853;pms5003;3628;6.559;3.386;2026-03-02T00:42:22.284028+00:00;P2;29.50
4853;pms5003;3628;6.559;3.386;2026-03-02T00:42:22.284028+00:00;P1;44.00
4853;pms5003;3628;6.559;3.386;2026-03-02T00:42:22.284028+00:00;P0;17.50
4854;DHT22;3628;6.559;3.386;2026-03-02T00:42:39.643877+00:00;humidity;86.90
4854;DHT22;3628;6.559;3.386;2026-03-02T00:42:39.643877+00:00;temperature;31.30
4853;pms5003;3628;6.559;3.386;2026-03-02T00:47:56.809279+00:00;P2;32.75
4853;pms5003;3628;6.559;3.386;2026-03-02T00:47:56.809279+00:00;P1;42.75
4853;pms5003;3628;6.559;3.386;2026-03-02T00:47:56.809279+00:00;P0;20.75
4854;DHT22;3628;6.559;3.386;2026-03-02T00:48:14.171113+00:00;humidity;86.70
4854;DHT22;3628;6.559;3.386;2026-03-02T00:48:14.171113+00:00;temperature;31.30
4853;pms5003;3628;6.559;3.386;2026-03-02T00:53:31.487810+00:00;P2;35.00
4853;pms5003;3628;6.559;3.386;2026-03-02T00:53:31.487810+00:00;P1;48.25
4853;pms5003;3628;6.559;3.386;2026-03-02T00:53:31.487810+00:00;P0;24.00
4854;DHT22;3628;6.559;3.386;2026-03-02T00:53:48.831927+00:00;humidity;86.80
4854;DHT22;3628;6.559;3.386;2026-03-02T00:53:48.831927+00:00;temperature;31.20
4853;pms5003;3628;6.559;3.386;2026-03-02T00:59:05.995666+00:00;P2;36.33
4853;pms5003;3628;6.559;3.386;2026-03-02T00:59:05.995666+00:00;P1;50.00
4853;pms5003;3628;6.559;3.386;2026-03-02T00:59:05.995666+00:00;P0;23.00
4853;pms5003;3628;6.559;3.386;2026-03-02T01:09:43.504598+00:00;P2;30.60
4853;pms5003;3628;6.559;3.386;2026-03-02T01:09:43.504598+00:00;P1;47.40
4853;pms5003;3628;6.559;3.386;2026-03-02T01:09:43.504598+00:00;P0;19.40
4854;DHT22;3628;6.559;3.386;2026-03-02T01:10:00.840563+00:00;humidity;86.50
4854;DHT22;3628;6.559;3.386;2026-03-02T01:10:00.840563+00:00;temperature;31.20
4853;pms5003;3628;6.559;3.386;2026-03-02T01:15:18.045659+00:00;P2;31.60
4853;pms5003;3628;6.559;3.386;2026-03-02T01:15:18.045659+00:00;P1;39.00
4853;pms5003;3628;6.559;3.386;2026-03-02T01:15:18.045659+00:00;P0;21.60
4854;DHT22;3628;6.559;3.386;2026-03-02T05:57:31.097941+00:00;humidity;100.00
4854;DHT22;3628;6.559;3.386;2026-03-02T05:57:31.097941+00:00;temperature;29.50
4853;pms5003;3628;6.559;3.386;2026-03-02T06:02:22.655565+00:00;P2;52.00
4853;pms5003;3628;6.559;3.386;2026-03-02T06:02:22.655565+00:00;P1;71.00
4853;pms5003;3628;6.559;3.386;2026-03-02T06:02:22.655565+00:00;P0;32.75
4853;pms5003;3628;6.559;3.386;2026-03-02T09:42:39.463639+00:00;P2;31.00
4853;pms5003;3628;6.559;3.386;2026-03-02T09:42:39.463639+00:00;P1;40.80
4853;pms5003;3628;6.559;3.386;2026-03-02T09:42:39.463639+00:00;P0;21.00
4854;DHT22;3628;6.559;3.386;2026-03-02T09:47:43.490143+00:00;humidity;66.40
4854;DHT22;3628;6.559;3.386;2026-03-02T09:47:43.490143+00:00;temperature;37.70
4853;pms5003;3628;6.559;3.386;2026-03-02T10:07:22.602945+00:00;P2;39.00
4853;pms5003;3628;6.559;3.386;2026-03-02T10:07:22.602945+00:00;P1;54.00
4853;pms5003;3628;6.559;3.386;2026-03-02T10:07:22.602945+00:00;P0;26.00
4854;DHT22;3628;6.559;3.386;2026-03-02T10:07:26.349870+00:00;humidity;65.00
4854;DHT22;3628;6.559;3.386;2026-03-02T10:07:26.349870+00:00;temperature;37.40
4853;pms5003;3628;6.559;3.386;2026-03-02T10:13:58.549771+00:00;P2;38.75
4853;pms5003;3628;6.559;3.386;2026-03-02T10:13:58.549771+00:00;P1;52.50
4853;pms5003;3628;6.559;3.386;2026-03-02T10:13:58.549771+00:00;P0;26.25
4854;DHT22;3628;6.559;3.386;2026-03-02T11:29:16.828091+00:00;humidity;66.20
4854;DHT22;3628;6.559;3.386;2026-03-02T11:29:16.828091+00:00;temperature;36.20
4854;DHT22;3628;6.559;3.386;2026-03-02T11:58:37.068771+00:00;humidity;56.30
4854;DHT22;3628;6.559;3.386;2026-03-02T11:58:37.068771+00:00;temperature;40.40
4853;pms5003;3628;6.559;3.386;2026-03-02T12:03:54.317181+00:00;P2;28.50
4853;pms5003;3628;6.559;3.386;2026-03-02T12:03:54.317181+00:00;P1;44.00
4853;pms5003;3628;6.559;3.386;2026-03-02T12:03:54.317181+00:00;P0;18.50
4853;pms5003;3628;6.559;3.386;2026-03-02T12:29:59.842388+00:00;P2;34.00
4853;pms5003;3628;6.559;3.386;2026-03-02T12:29:59.842388+00:00;P1;39.50
4853;pms5003;3628;6.559;3.386;2026-03-02T12:29:59.842388+00:00;P0;24.50
4853;pms5003;3628;6.559;3.386;2026-03-02T12:35:51.696347+00:00;P2;31.50
4853;pms5003;3628;6.559;3.386;2026-03-02T12:35:51.696347+00:00;P1;46.00
4853;pms5003;3628;6.559;3.386;2026-03-02T12:35:51.696347+00:00;P0;20.50
4853;pms5003;3628;6.559;3.386;2026-03-02T12:41:15.462329+00:00;P2;30.00
4853;pms5003;3628;6.559;3.386;2026-03-02T12:41:15.462329+00:00;P1;39.75
4853;pms5003;3628;6.559;3.386;2026-03-02T12:41:15.462329+00:00;P0;20.00
4854;DHT22;3628;6.559;3.386;2026-03-02T12:41:35.757361+00:00;humidity;60.70
4854;DHT22;3628;6.559;3.386;2026-03-02T12:41:35.757361+00:00;temperature;38.00
4853;pms5003;3628;6.559;3.386;2026-03-02T12:46:53.040357+00:00;P2;30.00
4853;pms5003;3628;6.559;3.386;2026-03-02T12:46:53.040357+00:00;P1;40.50
4853;pms5003;3628;6.559;3.386;2026-03-02T12:46:53.040357+00:00;P0;19.00
4854;DHT22;3628;6.559;3.386;2026-03-02T12:47:10.449316+00:00;humidity;57.30
4854;DHT22;3628;6.559;3.386;2026-03-02T12:47:10.449316+00:00;temperature;39.90
4854;DHT22;3628;6.559;3.386;2026-03-02T13:25:20.721973+00:00;humidity;68.40
4854;DHT22;3628;6.559;3.386;2026-03-02T13:25:20.721973+00:00;temperature;35.00
4853;pms5003;3628;6.559;3.386;2026-03-02T13:29:34.578948+00:00;P2;35.00
4853;pms5003;3628;6.559;3.386;2026-03-02T13:29:34.578948+00:00;P1;47.80
4853;pms5003;3628;6.559;3.386;2026-03-02T13:29:34.578948+00:00;P0;24.00
4853;pms5003;3628;6.559;3.386;2026-03-02T18:01:08.560510+00:00;P2;28.20
4853;pms5003;3628;6.559;3.386;2026-03-02T18:01:08.560510+00:00;P1;42.60
4853;pms5003;3628;6.559;3.386;2026-03-02T18:01:08.560510+00:00;P0;18.40
4854;DHT22;3628;6.559;3.386;2026-03-02T18:01:25.979033+00:00;humidity;87.50
4854;DHT22;3628;6.559;3.386;2026-03-02T18:01:25.979033+00:00;temperature;30.70
4853;pms5003;3628;6.559;3.386;2026-03-02T18:12:17.943579+00:00;P2;26.67
4853;pms5003;3628;6.559;3.386;2026-03-02T18:12:17.943579+00:00;P1;26.67
4853;pms5003;3628;6.559;3.386;2026-03-02T18:12:17.943579+00:00;P0;17.67
4854;DHT22;3628;6.559;3.386;2026-03-02T18:12:35.515232+00:00;humidity;77.00
4854;DHT22;3628;6.559;3.386;2026-03-02T18:12:35.515232+00:00;temperature;33.40
4853;pms5003;3628;6.559;3.386;2026-03-02T18:17:52.644601+00:00;P2;45.50
4853;pms5003;3628;6.559;3.386;2026-03-02T18:17:52.644601+00:00;P1;63.75
4853;pms5003;3628;6.559;3.386;2026-03-02T18:17:52.644601+00:00;P0;29.75
4854;DHT22;3628;6.559;3.386;2026-03-02T18:18:10.063156+00:00;humidity;78.40
4854;DHT22;3628;6.559;3.386;2026-03-02T18:18:10.063156+00:00;temperature;33.30
4853;pms5003;3628;6.559;3.386;2026-03-02T18:58:54.984884+00:00;P2;24.67
4853;pms5003;3628;6.559;3.386;2026-03-02T18:58:54.984884+00:00;P1;28.33
4853;pms5003;3628;6.559;3.386;2026-03-02T18:58:54.984884+00:00;P0;16.00
4853;pms5003;3628;6.559;3.386;2026-03-02T19:04:21.969385+00:00;P2;27.40
4853;pms5003;3628;6.559;3.386;2026-03-02T19:04:21.969385+00:00;P1;35.80
4853;pms5003;3628;6.559;3.386;2026-03-02T19:04:21.969385+00:00;P0;16.00
4854;DHT22;3628;6.559;3.386;2026-03-02T19:04:39.378999+00:00;humidity;81.80
4854;DHT22;3628;6.559;3.386;2026-03-02T19:04:39.378999+00:00;temperature;32.40
4854;DHT22;3628;6.559;3.386;2026-03-02T19:15:17.464723+00:00;humidity;82.00
4854;DHT22;3628;6.559;3.386;2026-03-02T19:15:17.464723+00:00;temperature;32.40
4854;DHT22;3628;6.559;3.386;2026-03-02T19:20:41.293520+00:00;humidity;82.40
4854;DHT22;3628;6.559;3.386;2026-03-02T19:20:41.293520+00:00;temperature;32.40
4854;DHT22;3628;6.559;3.386;2026-03-02T19:26:05.125857+00:00;humidity;82.30
4854;DHT22;3628;6.559;3.386;2026-03-02T19:26:05.125857+00:00;temperature;32.30
4854;DHT22;3628;6.559;3.386;2026-03-02T19:31:42.965336+00:00;humidity;82.90
4854;DHT22;3628;6.559;3.386;2026-03-02T19:31:42.965336+00:00;temperature;32.20
4853;pms5003;3628;6.559;3.386;2026-03-02T19:37:00.100172+00:00;P2;27.00
4853;pms5003;3628;6.559;3.386;2026-03-02T19:37:00.100172+00:00;P1;39.00
4853;pms5003;3628;6.559;3.386;2026-03-02T19:37:00.100172+00:00;P0;16.75
4854;DHT22;3628;6.559;3.386;2026-03-02T19:37:17.441777+00:00;humidity;82.80
4854;DHT22;3628;6.559;3.386;2026-03-02T19:37:17.441777+00:00;temperature;32.20
4853;pms5003;3628;6.559;3.386;2026-03-03T05:52:49.136410+00:00;P2;79.25
4853;pms5003;3628;6.559;3.386;2026-03-03T05:52:49.136410+00:00;P1;89.25
4853;pms5003;3628;6.559;3.386;2026-03-03T05:52:49.136410+00:00;P0;50.50
4854;DHT22;3628;6.559;3.386;2026-03-03T05:53:06.490773+00:00;humidity;100.00
4854;DHT22;3628;6.559;3.386;2026-03-03T05:53:06.490773+00:00;temperature;27.80
4853;pms5003;3628;6.559;3.386;2026-03-03T06:01:48.305556+00:00;P2;68.25
4853;pms5003;3628;6.559;3.386;2026-03-03T06:01:48.305556+00:00;P1;76.50
4853;pms5003;3628;6.559;3.386;2026-03-03T06:01:48.305556+00:00;P0;47.50
4854;DHT22;3628;6.559;3.386;2026-03-03T06:02:05.751208+00:00;humidity;100.00
4854;DHT22;3628;6.559;3.386;2026-03-03T06:02:05.751208+00:00;temperature;30.20
4853;pms5003;3628;6.559;3.386;2026-03-03T06:07:23.086354+00:00;P2;68.25
4853;pms5003;3628;6.559;3.386;2026-03-03T06:07:23.086354+00:00;P1;76.00
4853;pms5003;3628;6.559;3.386;2026-03-03T06:07:23.086354+00:00;P0;43.25
4853;pms5003;3628;6.559;3.386;2026-03-03T06:12:57.754228+00:00;P2;60.25
4853;pms5003;3628;6.559;3.386;2026-03-03T06:12:57.754228+00:00;P1;76.50
4853;pms5003;3628;6.559;3.386;2026-03-03T06:12:57.754228+00:00;P0;41.25
4854;DHT22;3628;6.559;3.386;2026-03-03T06:13:15.206412+00:00;humidity;100.00
4854;DHT22;3628;6.559;3.386;2026-03-03T06:13:15.206412+00:00;temperature;30.30
4853;pms5003;3628;6.559;3.386;2026-03-03T06:18:32.424748+00:00;P2;57.00
4853;pms5003;3628;6.559;3.386;2026-03-03T06:18:32.424748+00:00;P1;76.60
4853;pms5003;3628;6.559;3.386;2026-03-03T06:18:32.424748+00:00;P0;37.60
4854;DHT22;3628;6.559;3.386;2026-03-03T06:18:50.090077+00:00;humidity;100.00
4854;DHT22;3628;6.559;3.386;2026-03-03T06:18:50.090077+00:00;temperature;30.50
4853;pms5003;3628;6.559;3.386;2026-03-03T09:58:22.855242+00:00;P2;39.50
4853;pms5003;3628;6.559;3.386;2026-03-03T09:58:22.855242+00:00;P1;52.50
4853;pms5003;3628;6.559;3.386;2026-03-03T09:58:22.855242+00:00;P0;27.50
4854;DHT22;3628;6.559;3.386;2026-03-03T09:58:40.205516+00:00;humidity;61.20
4854;DHT22;3628;6.559;3.386;2026-03-03T09:58:40.205516+00:00;temperature;37.80
4853;pms5003;3628;6.559;3.386;2026-03-03T10:04:16.534642+00:00;P2;38.00
4853;pms5003;3628;6.559;3.386;2026-03-03T10:04:16.534642+00:00;P1;48.25
4853;pms5003;3628;6.559;3.386;2026-03-03T10:04:16.534642+00:00;P0;26.25
4854;DHT22;3628;6.559;3.386;2026-03-03T10:14:48.452034+00:00;humidity;62.00
4854;DHT22;3628;6.559;3.386;2026-03-03T10:14:48.452034+00:00;temperature;38.00
4854;DHT22;3628;6.559;3.386;2026-03-03T12:48:54.276378+00:00;humidity;68.20
4854;DHT22;3628;6.559;3.386;2026-03-03T12:48:54.276378+00:00;temperature;35.40
4853;pms5003;3628;6.559;3.386;2026-03-03T12:54:11.470078+00:00;P2;34.00
4853;pms5003;3628;6.559;3.386;2026-03-03T12:54:11.470078+00:00;P1;45.00
4853;pms5003;3628;6.559;3.386;2026-03-03T12:54:11.470078+00:00;P0;23.00
4853;pms5003;3628;6.559;3.386;2026-03-03T13:50:30.588932+00:00;P2;38.50
4853;pms5003;3628;6.559;3.386;2026-03-03T13:50:30.588932+00:00;P1;45.00
4853;pms5003;3628;6.559;3.386;2026-03-03T13:50:30.588932+00:00;P0;26.00
4853;pms5003;3628;6.559;3.386;2026-03-03T13:56:08.134166+00:00;P2;34.25
4853;pms5003;3628;6.559;3.386;2026-03-03T13:56:08.134166+00:00;P1;37.25
4853;pms5003;3628;6.559;3.386;2026-03-03T13:56:08.134166+00:00;P0;23.00
4854;DHT22;3628;6.559;3.386;2026-03-03T13:56:24.364250+00:00;humidity;55.30
4854;DHT22;3628;6.559;3.386;2026-03-03T13:56:24.364250+00:00;temperature;40.70
4853;pms5003;3628;6.559;3.386;2026-03-03T14:01:42.130903+00:00;P2;33.50
4853;pms5003;3628;6.559;3.386;2026-03-03T14:01:42.130903+00:00;P1;48.50
4853;pms5003;3628;6.559;3.386;2026-03-03T14:01:42.130903+00:00;P0;21.00
4854;DHT22;3628;6.559;3.386;2026-03-03T14:01:59.613834+00:00;humidity;56.20
4854;DHT22;3628;6.559;3.386;2026-03-03T14:01:59.613834+00:00;temperature;40.30
4853;pms5003;3628;6.559;3.386;2026-03-03T14:12:45.104451+00:00;P2;32.00
4853;pms5003;3628;6.559;3.386;2026-03-03T14:12:45.104451+00:00;P1;35.60
4853;pms5003;3628;6.559;3.386;2026-03-03T14:12:45.104451+00:00;P0;21.60
4854;DHT22;3628;6.559;3.386;2026-03-03T14:13:02.597187+00:00;humidity;%6.20
4854;DHT22;3628;6.559;3.386;2026-03-03T14:13:02.597187+00:00;temperature;40.30
4853;pms5003;3628;6.559;3.386;2026-03-03T14:18:19.904921+00:00;P2;32.25
4853;pms5003;3628;6.559;3.386;2026-03-03T14:18:19.904921+00:00;P1;47.50
4853;pms5003;3628;6.559;3.386;2026-03-03T14:18:19.904921+00:00;P0;21.50
4854;DHT22;3628;6.559;3.386;2026-03-03T14:18:37.239875+00:00;humidity;54.90
4854;DHT22;3628;6.559;3.386;2026-03-03T14:18:37.239875+00:00;temperature;40.90
4853;pms5003;3628;6.559;3.386;2026-03-03T14:39:45.186587+00:00;P2;34.50
4853;pms5003;3628;6.559;3.386;2026-03-03T14:39:45.186587+00:00;P1;48.50
4853;pms5003;3628;6.559;3.386;2026-03-03T14:39:45.186587+00:00;P0;22.50
4854;DHT22;3628;6.559;3.386;2026-03-03T14:40:02.679903+00:00;humidity;58.10
4854;DHT22;3628;6.559;3.386;2026-03-03T14:40:02.679903+00:00;temperature;39.80
4854;DHT22;3628;6.559;3.386;2026-03-03T14:45:26.397511+00:00;humidity;58.50
4854;DHT22;3628;6.559;3.386;2026-03-03T14:45:26.397511+00:00;temperature;39.40
4854;DHT22;3628;6.559;3.386;2026-03-03T14:56:25.497023+00:00;humidity;58.10
4854;DHT22;3628;6.559;3.386;2026-03-03T14:56:25.497023+00:00;temperature;39.20
4854;DHT22;3628;6.559;3.386;2026-03-03T16:08:38.466201+00:00;humidity;66.70
4854;DHT22;3628;6.559;3.386;2026-03-03T16:08:38.466201+00:00;temperature;35.70
4853;pms5003;3628;6.559;3.386;2026-03-03T17:14:16.445809+00:00;P2;34.50
4853;pms5003;3628;6.559;3.386;2026-03-03T17:14:16.445809+00:00;P1;45.50
4853;pms5003;3628;6.559;3.386;2026-03-03T17:14:16.445809+00:00;P0;21.75
4853;pms5003;3628;6.559;3.386;2026-03-03T17:25:25.631601+00:00;P2;35.25
4853;pms5003;3628;6.559;3.386;2026-03-03T17:25:25.631601+00:00;P1;50.00
4853;pms5003;3628;6.559;3.386;2026-03-03T17:25:25.631601+00:00;P0;22.00
4854;DHT22;3628;6.559;3.386;2026-03-03T17:25:42.952373+00:00;humidity;73.00
4854;DHT22;3628;6.559;3.386;2026-03-03T17:25:42.952373+00:00;temperature;33.90
4853;pms5003;3628;6.559;3.386;2026-03-03T17:31:00.185527+00:00;P2;28.00
4853;pms5003;3628;6.559;3.386;2026-03-03T17:31:00.185527+00:00;P1;35.00
4853;pms5003;3628;6.559;3.386;2026-03-03T17:31:00.185527+00:00;P0;19.00
4854;DHT22;3628;6.559;3.386;2026-03-03T17:31:17.501351+00:00;humidity;73.40
4854;DHT22;3628;6.559;3.386;2026-03-03T17:31:17.501351+00:00;temperature;33.70
4853;pms5003;3628;6.559;3.386;2026-03-03T17:41:59.015239+00:00;P2;33.25
4853;pms5003;3628;6.559;3.386;2026-03-03T17:41:59.015239+00:00;P1;42.25
4853;pms5003;3628;6.559;3.386;2026-03-03T17:41:59.015239+00:00;P0;22.50
4854;DHT22;3628;6.559;3.386;2026-03-03T17:42:16.422374+00:00;humidity;74.80
4854;DHT22;3628;6.559;3.386;2026-03-03T17:42:16.422374+00:00;temperature;33.50
4853;pms5003;3628;6.559;3.386;2026-03-03T17:52:46.540782+00:00;P2;40.00
4853;pms5003;3628;6.559;3.386;2026-03-03T17:52:46.540782+00:00;P1;51.33
4853;pms5003;3628;6.559;3.386;2026-03-03T17:52:46.540782+00:00;P0;25.33
4853;pms5003;3628;6.559;3.386;2026-03-03T17:58:21.293256+00:00;P2;40.00
4853;pms5003;3628;6.559;3.386;2026-03-03T17:58:21.293256+00:00;P1;58.00
4853;pms5003;3628;6.559;3.386;2026-03-03T17:58:21.293256+00:00;P0;24.25
4854;DHT22;3628;6.559;3.386;2026-03-03T17:58:38.573856+00:00;humidity;77.20
4854;DHT22;3628;6.559;3.386;2026-03-03T17:58:38.573856+00:00;temperature;33.20
4853;pms5003;3628;6.559;3.386;2026-03-03T18:03:55.823787+00:00;P2;35.20
4853;pms5003;3628;6.559;3.386;2026-03-03T18:03:55.823787+00:00;P1;51.20
4853;pms5003;3628;6.559;3.386;2026-03-03T18:03:55.823787+00:00;P0;24.00
4854;DHT22;3628;6.559;3.386;2026-03-03T18:14:22.671197+00:00;humidity;76.20
4854;DHT22;3628;6.559;3.386;2026-03-03T18:14:22.671197+00:00;temperature;33.60
4853;pms5003;3628;6.559;3.386;2026-03-03T18:19:39.834971+00:00;P2;33.50
4853;pms5003;3628;6.559;3.386;2026-03-03T18:19:39.834971+00:00;P1;47.75
4853;pms5003;3628;6.559;3.386;2026-03-03T18:19:39.834971+00:00;P0;21.50
4854;DHT22;3628;6.559;3.386;2026-03-03T18:19:57.317681+00:00;humidity;77.60
4854;DHT22;3628;6.559;3.386;2026-03-03T18:19:57.317681+00:00;temperature;33.30
4854;DHT22;3628;6.559;3.386;2026-03-03T18:25:21.117088+00:00;humidity;77.80
4854;DHT22;3628;6.559;3.386;2026-03-03T18:25:21.117088+00:00;temperature;33.20
4853;pms5003;3628;6.559;3.386;2026-03-03T18:30:39.139019+00:00;P2;36.00
4853;pms5003;3628;6.559;3.386;2026-03-03T18:30:39.139019+00:00;P1;51.75
4853;pms5003;3628;6.559;3.386;2026-03-03T18:30:39.139019+00:00;P0;22.50
4854;DHT22;3628;6.559;3.386;2026-03-03T18:30:59.437042+00:00;humidity;78.20
4854;DHT22;3628;6.559;3.386;2026-03-03T18:30:59.437042+00:00;temperature;33.20
4853;pms5003;3628;6.559;3.386;2026-03-03T18:36:17.604480+00:00;P2;45.00
4853;pms5003;3628;6.559;3.386;2026-03-03T18:36:17.604480+00:00;P1;61.25
4853;pms5003;3628;6.559;3.386;2026-03-03T18:36:17.604480+00:00;P0;29.75
4854;DHT22;3628;6.559;3.386;2026-03-03T18:47:21.588236+00:00;humidity;62.60
4854;DHT22;3628;6.559;3.386;2026-03-03T18:47:21.588236+00:00;temperature;32.50
4853;pms5003;3628;6.559;3.386;2026-03-03T18:52:38.713229+00:00;P2;32.00
4853;pms5003;3628;6.559;3.386;2026-03-03T18:52:38.713229+00:00;P1;39.33
4853;pms5003;3628;6.559;3.386;2026-03-03T18:52:38.713229+00:00;P0;22.00
4854;DHT22;3628;6.559;3.386;2026-03-03T18:52:56.206708+00:00;humidity;62.80
4854;DHT22;3628;6.559;3.386;2026-03-03T18:52:56.206708+00:00;temperature;32.40
4853;pms5003;3628;6.559;3.386;2026-03-03T19:03:47.912499+00:00;P2;38.50
4853;pms5003;3628;6.559;3.386;2026-03-03T19:03:47.912499+00:00;P1;46.75
4853;pms5003;3628;6.559;3.386;2026-03-03T19:03:47.912499+00:00;P0;24.00
4854;DHT22;3628;6.559;3.386;2026-03-03T19:04:05.485484+00:00;humidity;66.20
4854;DHT22;3628;6.559;3.386;2026-03-03T19:04:05.485484+00:00;temperature;32.00
4853;pms5003;3628;6.559;3.386;2026-03-03T19:09:22.737987+00:00;P2;56.25
4853;pms5003;3628;6.559;3.386;2026-03-03T19:09:22.737987+00:00;P1;73.25
4853;pms5003;3628;6.559;3.386;2026-03-03T19:09:22.737987+00:00;P0;36.25
4854;DHT22;3628;6.559;3.386;2026-03-03T19:09:40.191748+00:00;humidity;85.60
4854;DHT22;3628;6.559;3.386;2026-03-03T19:09:40.191748+00:00;temperature;29.40
4853;pms5003;3628;6.559;3.386;2026-03-03T19:14:57.412538+00:00;P2;43.67
4853;pms5003;3628;6.559;3.386;2026-03-03T19:14:57.412538+00:00;P1;54.67
4853;pms5003;3628;6.559;3.386;2026-03-03T19:14:57.412538+00:00;P0;28.00
4853;pms5003;3628;6.559;3.386;2026-03-03T19:20:21.534579+00:00;P2;41.50
4853;pms5003;3628;6.559;3.386;2026-03-03T19:20:21.534579+00:00;P1;54.00
4853;pms5003;3628;6.559;3.386;2026-03-03T19:20:21.534579+00:00;P0;28.00
4854;DHT22;3628;6.559;3.386;2026-03-03T19:20:38.804974+00:00;humidity;89.80
4854;DHT22;3628;6.559;3.386;2026-03-03T19:20:38.804974+00:00;temperature;27.50
4853;pms5003;3628;6.559;3.386;2026-03-03T19:25:55.986894+00:00;P2;41.75
4853;pms5003;3628;6.559;3.386;2026-03-03T19:25:55.986894+00:00;P1;53.00
4853;pms5003;3628;6.559;3.386;2026-03-03T19:25:55.986894+00:00;P0;28.00
4854;DHT22;3628;6.559;3.386;2026-03-03T19:26:13.499644+00:00;humidity;89.20
4854;DHT22;3628;6.559;3.386;2026-03-03T19:26:13.499644+00:00;temperature;27.70
4853;pms5003;3628;6.559;3.386;2026-03-03T19:31:30.734833+00:00;P2;41.00
4853;pms5003;3628;6.559;3.386;2026-03-03T19:31:30.734833+00:00;P1;52.00
4853;pms5003;3628;6.559;3.386;2026-03-03T19:31:30.734833+00:00;P0;27.00
4854;DHT22;3628;6.559;3.386;2026-03-03T19:31:48.072615+00:00;humidity;87.30
4854;DHT22;3628;6.559;3.386;2026-03-03T19:31:48.072615+00:00;temperature;28.10
4853;pms5003;3628;6.559;3.386;2026-03-04T05:54:31.709872+00:00;P2;84.20
4853;pms5003;3628;6.559;3.386;2026-03-04T05:54:31.709872+00:00;P1;95.60
4853;pms5003;3628;6.559;3.386;2026-03-04T05:54:31.709872+00:00;P0;55.20
4854;DHT22;3628;6.559;3.386;2026-03-04T06:00:38.206053+00:00;humidity;100.00
4854;DHT22;3628;6.559;3.386;2026-03-04T06:00:38.206053+00:00;temperature;29.70
4854;DHT22;3628;6.559;3.386;2026-03-04T06:06:02.222763+00:00;humidity;100.00
4854;DHT22;3628;6.559;3.386;2026-03-04T06:06:02.222763+00:00;temperature;30.10
4853;pms5003;3628;6.559;3.386;2026-03-04T06:11:19.413562+00:00;P2;96.25
4853;pms5003;3628;6.559;3.386;2026-03-04T06:11:19.413562+00:00;P1;108.75
4853;pms5003;3628;6.559;3.386;2026-03-04T06:11:19.413562+00:00;P0;64.25
4854;DHT22;3628;6.559;3.386;2026-03-04T06:11:36.753881+00:00;humidity;100.00
4854;DHT22;3628;6.559;3.386;2026-03-04T06:11:36.753881+00:00;temperature;29.90
4853;pms5003;3628;6.559;3.386;2026-03-04T11:11:37.810152+00:00;P2;34.00
4853;pms5003;3628;6.559;3.386;2026-03-04T11:11:37.810152+00:00;P1;46.60
4853;pms5003;3628;6.559;3.386;2026-03-04T11:11:37.810152+00:00;P0;23.20
4854;DHT22;3628;6.559;3.386;2026-03-04T11:11:55.247303+00:00;humidity;64.50
4854;DHT22;3628;6.559;3.386;2026-03-04T11:11:55.247303+00:00;temperature;36.90
4854;DHT22;3628;6.559;3.386;2026-03-04T11:20:47.073238+00:00;humidity;62.60
4854;DHT22;3628;6.559;3.386;2026-03-04T11:20:47.073238+00:00;temperature;37.40
4854;DHT22;3628;6.559;3.386;2026-03-04T11:46:26.266437+00:00;humidity;61.70
4854;DHT22;3628;6.559;3.386;2026-03-04T11:46:26.266437+00:00;temperature;36.90
4853;pms5003;3628;6.559;3.386;2026-03-04T13:08:33.646159+00:00;P2;57.00
4853;pms5003;3628;6.559;3.386;2026-03-04T13:08:33.646159+00:00;P1;73.00
4853;pms5003;3628;6.559;3.386;2026-03-04T13:08:33.646159+00:00;P0;37.25
4854;DHT22;3628;6.559;3.386;2026-03-04T13:08:51.057353+00:00;humidity;75.50
4854;DHT22;3628;6.559;3.386;2026-03-04T13:08:51.057353+00:00;temperature;32.20
4854;DHT22;3628;6.559;3.386;2026-03-04T13:57:06.053013+00:00;humidity;61.80
4854;DHT22;3628;6.559;3.386;2026-03-04T13:57:06.053013+00:00;temperature;38.60
4853;pms5003;3628;6.559;3.386;2026-03-04T14:02:26.143897+00:00;P2;37.50
4853;pms5003;3628;6.559;3.386;2026-03-04T14:02:26.143897+00:00;P1;45.50
4853;pms5003;3628;6.559;3.386;2026-03-04T14:02:26.143897+00:00;P0;24.50
4854;DHT22;3628;6.559;3.386;2026-03-04T14:02:43.538496+00:00;humidity;61.10
4854;DHT22;3628;6.559;3.386;2026-03-04T14:02:43.538496+00:00;temperature;39.20
4853;pms5003;3628;6.559;3.386;2026-03-04T14:08:03.574576+00:00;P2;29.67
4853;pms5003;3628;6.559;3.386;2026-03-04T14:08:03.574576+00:00;P1;36.33
4853;pms5003;3628;6.559;3.386;2026-03-04T14:08:03.574576+00:00;P0;21.33
4853;pms5003;3628;6.559;3.386;2026-03-04T14:13:38.246975+00:00;P2;32.00
4853;pms5003;3628;6.559;3.386;2026-03-04T14:13:38.246975+00:00;P1;48.00
4853;pms5003;3628;6.559;3.386;2026-03-04T14:13:38.246975+00:00;P0;22.00
4853;pms5003;3628;6.559;3.386;2026-03-04T14:34:29.653517+00:00;P2;33.40
4853;pms5003;3628;6.559;3.386;2026-03-04T14:34:29.653517+00:00;P1;49.40
4853;pms5003;3628;6.559;3.386;2026-03-04T14:34:29.653517+00:00;P0;22.40
4853;pms5003;3628;6.559;3.386;2026-03-04T14:47:45.596198+00:00;P2;34.25
4853;pms5003;3628;6.559;3.386;2026-03-04T14:47:45.596198+00:00;P1;50.00
4853;pms5003;3628;6.559;3.386;2026-03-04T14:47:45.596198+00:00;P0;22.50
4854;DHT22;3628;6.559;3.386;2026-03-04T14:58:51.873687+00:00;humidity;58.60
4854;DHT22;3628;6.559;3.386;2026-03-04T14:58:51.873687+00:00;temperature;39.00
4853;pms5003;3628;6.559;3.386;2026-03-04T15:04:10.839229+00:00;P2;32.00
4853;pms5003;3628;6.559;3.386;2026-03-04T15:04:10.839229+00:00;P1;49.25
4853;pms5003;3628;6.559;3.386;2026-03-04T15:04:10.839229+00:00;P0;21.75
4854;DHT22;3628;6.559;3.386;2026-03-04T15:09:41.129578+00:00;humidity;59.20
4854;DHT22;3628;6.559;3.386;2026-03-04T15:09:41.129578+00:00;temperature;38.60
4853;pms5003;3628;6.559;3.386;2026-03-04T15:54:50.305930+00:00;P2;36.40
4853;pms5003;3628;6.559;3.386;2026-03-04T15:54:50.305930+00:00;P1;52.00
4853;pms5003;3628;6.559;3.386;2026-03-04T15:54:50.305930+00:00;P0;23.00
4853;pms5003;3628;6.559;3.386;2026-03-04T16:00:43.704744+00:00;P2;30.60
4853;pms5003;3628;6.559;3.386;2026-03-04T16:00:43.704744+00:00;P1;41.00
4853;pms5003;3628;6.559;3.386;2026-03-04T16:00:43.704744+00:00;P0;20.00
4854;DHT22;3628;6.559;3.386;2026-03-04T17:17:43.246378+00:00;humidity;74.90
4854;DHT22;3628;6.559;3.386;2026-03-04T17:17:43.246378+00:00;temperature;33.70
4853;pms5003;3628;6.559;3.386;2026-03-04T17:23:00.529486+00:00;P2;30.75
4853;pms5003;3628;6.559;3.386;2026-03-04T17:23:00.529486+00:00;P1;40.25
4853;pms5003;3628;6.559;3.386;2026-03-04T17:23:00.529486+00:00;P0;20.75
4854;DHT22;3628;6.559;3.386;2026-03-04T17:23:17.980535+00:00;humidity;74.70
4854;DHT22;3628;6.559;3.386;2026-03-04T17:23:17.980535+00:00;temperature;33.50
4853;pms5003;3628;6.559;3.386;2026-03-04T17:28:35.213977+00:00;P2;27.00
4853;pms5003;3628;6.559;3.386;2026-03-04T17:28:35.213977+00:00;P1;38.33
4853;pms5003;3628;6.559;3.386;2026-03-04T17:28:35.213977+00:00;P0;18.00
4853;pms5003;3628;6.559;3.386;2026-03-04T17:34:09.766550+00:00;P2;29.75
4853;pms5003;3628;6.559;3.386;2026-03-04T17:34:09.766550+00:00;P1;32.50
4853;pms5003;3628;6.559;3.386;2026-03-04T17:34:09.766550+00:00;P0;20.00
4854;DHT22;3628;6.559;3.386;2026-03-04T17:39:41.036844+00:00;humidity;75.60
4854;DHT22;3628;6.559;3.386;2026-03-04T17:39:41.036844+00:00;temperature;33.40
4853;pms5003;3628;6.559;3.386;2026-03-04T17:44:58.300775+00:00;P2;30.00
4853;pms5003;3628;6.559;3.386;2026-03-04T17:44:58.300775+00:00;P1;41.00
4853;pms5003;3628;6.559;3.386;2026-03-04T17:44:58.300775+00:00;P0;19.00
4854;DHT22;3628;6.559;3.386;2026-03-04T17:45:15.718579+00:00;humidity;75.90
4854;DHT22;3628;6.559;3.386;2026-03-04T17:45:15.718579+00:00;temperature;33.20
4854;DHT22;3628;6.559;3.386;2026-03-04T17:50:39.522342+00:00;humidity;76.50
4854;DHT22;3628;6.559;3.386;2026-03-04T17:50:39.522342+00:00;temperature;33.10
4853;pms5003;3628;6.559;3.386;2026-03-04T18:01:20.951835+00:00;P2;34.25
4853;pms5003;3628;6.559;3.386;2026-03-04T18:01:20.951835+00:00;P1;49.25
4853;pms5003;3628;6.559;3.386;2026-03-04T18:01:20.951835+00:00;P0;23.00
4853;pms5003;3628;6.559;3.386;2026-03-04T18:40:57.027326+00:00;P2;28.75
4853;pms5003;3628;6.559;3.386;2026-03-04T18:40:57.027326+00:00;P1;37.00
4853;pms5003;3628;6.559;3.386;2026-03-04T18:40:57.027326+00:00;P0;19.50
4854;DHT22;3628;6.559;3.386;2026-03-04T18:41:14.254918+00:00;humidity;79.60
4854;DHT22;3628;6.559;3.386;2026-03-04T18:41:14.254918+00:00;temperature;32.50
4853;pms5003;3628;6.559;3.386;2026-03-04T18:46:31.535273+00:00;P2;31.40
4853;pms5003;3628;6.559;3.386;2026-03-04T18:46:31.535273+00:00;P1;45.00
4853;pms5003;3628;6.559;3.386;2026-03-04T18:46:31.535273+00:00;P0;21.00
4854;DHT22;3628;6.559;3.386;2026-03-04T18:46:48.850795+00:00;humidity;80.10
4854;DHT22;3628;6.559;3.386;2026-03-04T18:46:48.850795+00:00;temperature;32.40
4853;pms5003;3628;6.559;3.386;2026-03-04T18:52:06.037142+00:00;P2;29.50
4853;pms5003;3628;6.559;3.386;2026-03-04T18:52:06.037142+00:00;P1;43.50
4853;pms5003;3628;6.559;3.386;2026-03-04T18:52:06.037142+00:00;P0;19.00
4854;DHT22;3628;6.559;3.386;2026-03-04T18:52:23.353855+00:00;humidity;80.30
4854;DHT22;3628;6.559;3.386;2026-03-04T18:52:23.353855+00:00;temperature;32.50
4854;DHT22;3628;6.559;3.386;2026-03-04T18:57:47.330455+00:00;humidity;80.30
4854;DHT22;3628;6.559;3.386;2026-03-04T18:57:47.330455+00:00;temperature;32.40
4853;pms5003;3628;6.559;3.386;2026-03-04T19:03:04.643376+00:00;P2;33.00
4853;pms5003;3628;6.559;3.386;2026-03-04T19:03:04.643376+00:00;P1;42.60
4853;pms5003;3628;6.559;3.386;2026-03-04T19:03:04.643376+00:00;P0;23.40
4854;DHT22;3628;6.559;3.386;2026-03-04T19:03:22.117489+00:00;humidity;81.20
4854;DHT22;3628;6.559;3.386;2026-03-04T19:03:22.117489+00:00;temperature;32.40
4853;pms5003;3628;6.559;3.386;2026-03-04T19:08:39.225038+00:00;P2;36.00
4853;pms5003;3628;6.559;3.386;2026-03-04T19:08:39.225038+00:00;P1;50.00
4853;pms5003;3628;6.559;3.386;2026-03-04T19:08:39.225038+00:00;P0;24.75
4853;pms5003;3628;6.559;3.386;2026-03-04T19:14:19.065445+00:00;P2;33.00
4853;pms5003;3628;6.559;3.386;2026-03-04T19:14:19.065445+00:00;P1;41.00
4853;pms5003;3628;6.559;3.386;2026-03-04T19:14:19.065445+00:00;P0;23.00
4853;pms5003;3628;6.559;3.386;2026-03-05T06:05:58.228523+00:00;P2;47.75
4853;pms5003;3628;6.559;3.386;2026-03-05T06:05:58.228523+00:00;P1;66.75
4853;pms5003;3628;6.559;3.386;2026-03-05T06:05:58.228523+00:00;P0;33.00
4854;DHT22;3628;6.559;3.386;2026-03-05T06:06:15.560562+00:00;humidity;91.70
4854;DHT22;3628;6.559;3.386;2026-03-05T06:06:15.560562+00:00;temperature;31.10
4853;pms5003;3628;6.559;3.386;2026-03-05T06:11:32.805836+00:00;P2;43.25
4853;pms5003;3628;6.559;3.386;2026-03-05T06:11:32.805836+00:00;P1;59.25
4853;pms5003;3628;6.559;3.386;2026-03-05T06:11:32.805836+00:00;P0;27.75
4854;DHT22;3628;6.559;3.386;2026-03-05T06:11:50.158735+00:00;humidity;90.70
4854;DHT22;3628;6.559;3.386;2026-03-05T06:11:50.158735+00:00;temperature;31.20
4853;pms5003;3628;6.559;3.386;2026-03-05T06:17:07.328056+00:00;P2;44.00
4853;pms5003;3628;6.559;3.386;2026-03-05T06:17:07.328056+00:00;P1;60.00
4853;pms5003;3628;6.559;3.386;2026-03-05T06:17:07.328056+00:00;P0;30.33
4853;pms5003;3628;6.559;3.386;2026-03-05T09:21:34.104532+00:00;P2;25.00
4853;pms5003;3628;6.559;3.386;2026-03-05T09:21:34.104532+00:00;P1;30.00
4853;pms5003;3628;6.559;3.386;2026-03-05T09:21:34.104532+00:00;P0;16.40
4854;DHT22;3628;6.559;3.386;2026-03-05T09:21:54.581337+00:00;humidity;76.20
4854;DHT22;3628;6.559;3.386;2026-03-05T09:21:54.581337+00:00;temperature;34.10
4853;pms5003;3628;6.559;3.386;2026-03-05T09:32:08.133568+00:00;P2;27.00
4853;pms5003;3628;6.559;3.386;2026-03-05T09:32:08.133568+00:00;P1;38.25
4853;pms5003;3628;6.559;3.386;2026-03-05T09:32:08.133568+00:00;P0;18.75
4854;DHT22;3628;6.559;3.386;2026-03-05T09:32:25.544194+00:00;humidity;68.40
4854;DHT22;3628;6.559;3.386;2026-03-05T09:32:25.544194+00:00;temperature;37.00
4853;pms5003;3628;6.559;3.386;2026-03-05T09:37:42.756018+00:00;P2;24.00
4853;pms5003;3628;6.559;3.386;2026-03-05T09:37:42.756018+00:00;P1;30.75
4853;pms5003;3628;6.559;3.386;2026-03-05T09:37:42.756018+00:00;P0;18.00
4854;DHT22;3628;6.559;3.386;2026-03-05T09:43:34.729141+00:00;humidity;65.40
4854;DHT22;3628;6.559;3.386;2026-03-05T09:43:34.729141+00:00;temperature;38.10
4853;pms5003;3628;6.559;3.386;2026-03-05T09:48:51.950354+00:00;P2;28.00
4853;pms5003;3628;6.559;3.386;2026-03-05T09:48:51.950354+00:00;P1;29.50
4853;pms5003;3628;6.559;3.386;2026-03-05T09:48:51.950354+00:00;P0;20.00
4853;pms5003;3628;6.559;3.386;2026-03-05T09:54:16.147400+00:00;P2;31.80
4853;pms5003;3628;6.559;3.386;2026-03-05T09:54:16.147400+00:00;P1;34.60
4853;pms5003;3628;6.559;3.386;2026-03-05T09:54:16.147400+00:00;P0;22.80
4854;DHT22;3628;6.559;3.386;2026-03-05T09:54:33.618176+00:00;humidity;61.80
4854;DHT22;3628;6.559;3.386;2026-03-05T09:54:33.618176+00:00;temperature;39.60
4853;pms5003;3628;6.559;3.386;2026-03-05T09:59:50.849931+00:00;P2;31.50
4853;pms5003;3628;6.559;3.386;2026-03-05T09:59:50.849931+00:00;P1;43.50
4853;pms5003;3628;6.559;3.386;2026-03-05T09:59:50.849931+00:00;P0;22.00
4854;DHT22;3628;6.559;3.386;2026-03-05T10:00:08.203181+00:00;humidity;62.00
4854;DHT22;3628;6.559;3.386;2026-03-05T10:00:08.203181+00:00;temperature;39.10
4853;pms5003;3628;6.559;3.386;2026-03-05T10:05:25.477684+00:00;P2;34.00
4853;pms5003;3628;6.559;3.386;2026-03-05T10:05:25.477684+00:00;P1;47.25
4853;pms5003;3628;6.559;3.386;2026-03-05T10:05:25.477684+00:00;P0;22.50
4853;pms5003;3628;6.559;3.386;2026-03-05T10:10:49.696670+00:00;P2;32.75
4853;pms5003;3628;6.559;3.386;2026-03-05T10:10:49.696670+00:00;P1;42.00
4853;pms5003;3628;6.559;3.386;2026-03-05T10:10:49.696670+00:00;P0;23.00
4854;DHT22;3628;6.559;3.386;2026-03-05T10:16:31.292333+00:00;humidity;60.70
4854;DHT22;3628;6.559;3.386;2026-03-05T10:16:31.292333+00:00;temperature;39.60
4853;pms5003;3628;6.559;3.386;2026-03-05T10:27:15.162673+00:00;P2;30.80
4853;pms5003;3628;6.559;3.386;2026-03-05T10:27:15.162673+00:00;P1;44.00
4853;pms5003;3628;6.559;3.386;2026-03-05T10:27:15.162673+00:00;P0;21.80
4854;DHT22;3628;6.559;3.386;2026-03-05T10:27:32.581475+00:00;humidity;57.60
4854;DHT22;3628;6.559;3.386;2026-03-05T10:27:32.581475+00:00;temperature;40.40
4853;pms5003;3628;6.559;3.386;2026-03-05T10:32:49.915198+00:00;P2;32.00
4853;pms5003;3628;6.559;3.386;2026-03-05T10:32:49.915198+00:00;P1;45.00
4853;pms5003;3628;6.559;3.386;2026-03-05T10:32:49.915198+00:00;P0;23.00
4854;DHT22;3628;6.559;3.386;2026-03-05T10:33:07.354510+00:00;humidity;57.00
4854;DHT22;3628;6.559;3.386;2026-03-05T10:33:07.354510+00:00;temperature;40.30
4853;pms5003;3628;6.559;3.386;2026-03-05T10:38:24.601834+00:00;P2;35.00
4853;pms5003;3628;6.559;3.386;2026-03-05T10:38:24.601834+00:00;P1;44.00
4853;pms5003;3628;6.559;3.386;2026-03-05T10:38:24.601834+00:00;P0;23.00
4854;DHT22;3628;6.559;3.386;2026-03-05T10:38:41.984678+00:00;humidity;57.50
4854;DHT22;3628;6.559;3.386;2026-03-05T10:38:41.984678+00:00;temperature;39.60
4853;pms5003;3628;6.559;3.386;2026-03-05T10:43:59.238149+00:00;P2;33.60
4853;pms5003;3628;6.559;3.386;2026-03-05T10:43:59.238149+00:00;P1;37.20
4853;pms5003;3628;6.559;3.386;2026-03-05T10:43:59.238149+00:00;P0;23.00
4853;pms5003;3628;6.559;3.386;2026-03-05T10:49:23.454431+00:00;P2;33.00
4853;pms5003;3628;6.559;3.386;2026-03-05T10:49:23.454431+00:00;P1;35.60
4853;pms5003;3628;6.559;3.386;2026-03-05T10:49:23.454431+00:00;P0;23.00
4853;pms5003;3628;6.559;3.386;2026-03-05T10:54:47.361682+00:00;P2;37.00
4853;pms5003;3628;6.559;3.386;2026-03-05T10:54:47.361682+00:00;P1;48.60
4853;pms5003;3628;6.559;3.386;2026-03-05T10:54:47.361682+00:00;P0;26.00
4853;pms5003;3628;6.559;3.386;2026-03-05T11:00:21.908182+00:00;P2;34.75
4853;pms5003;3628;6.559;3.386;2026-03-05T11:00:21.908182+00:00;P1;47.25
4853;pms5003;3628;6.559;3.386;2026-03-05T11:00:21.908182+00:00;P0;23.25
4854;DHT22;3628;6.559;3.386;2026-03-05T11:00:39.257211+00:00;humidity;51.90
4854;DHT22;3628;6.559;3.386;2026-03-05T11:00:39.257211+00:00;temperature;42.00
4854;DHT22;3628;6.559;3.386;2026-03-05T11:06:03.003949+00:00;humidity;53.40
4854;DHT22;3628;6.559;3.386;2026-03-05T11:06:03.003949+00:00;temperature;41.50
4854;DHT22;3628;6.559;3.386;2026-03-05T11:11:27.037383+00:00;humidity;52.10
4854;DHT22;3628;6.559;3.386;2026-03-05T11:11:27.037383+00:00;temperature;42.90
4853;pms5003;3628;6.559;3.386;2026-03-05T11:16:44.286595+00:00;P2;31.50
4853;pms5003;3628;6.559;3.386;2026-03-05T11:16:44.286595+00:00;P1;45.00
4853;pms5003;3628;6.559;3.386;2026-03-05T11:16:44.286595+00:00;P0;22.50
4854;DHT22;3628;6.559;3.386;2026-03-05T11:27:50.206442+00:00;humidity;56.30
4854;DHT22;3628;6.559;3.386;2026-03-05T11:27:50.206442+00:00;temperature;40.10
4853;pms5003;3628;6.559;3.386;2026-03-05T11:33:08.962546+00:00;P2;37.20
4853;pms5003;3628;6.559;3.386;2026-03-05T11:33:08.962546+00:00;P1;50.80
4853;pms5003;3628;6.559;3.386;2026-03-05T11:33:08.962546+00:00;P0;25.00
4853;pms5003;3628;6.559;3.386;2026-03-05T11:38:42.958741+00:00;P2;35.00
4853;pms5003;3628;6.559;3.386;2026-03-05T11:38:42.958741+00:00;P1;46.25
4853;pms5003;3628;6.559;3.386;2026-03-05T11:38:42.958741+00:00;P0;25.00
4853;pms5003;3628;6.559;3.386;2026-03-05T11:44:07.264982+00:00;P2;39.00
4853;pms5003;3628;6.559;3.386;2026-03-05T11:44:07.264982+00:00;P1;53.25
4853;pms5003;3628;6.559;3.386;2026-03-05T11:44:07.264982+00:00;P0;26.50
4853;pms5003;3628;6.559;3.386;2026-03-05T11:49:47.630482+00:00;P2;39.00
4853;pms5003;3628;6.559;3.386;2026-03-05T11:49:47.630482+00:00;P1;52.50
4853;pms5003;3628;6.559;3.386;2026-03-05T11:49:47.630482+00:00;P0;26.50
4854;DHT22;3628;6.559;3.386;2026-03-05T11:50:05.020026+00:00;humidity;57.70
4854;DHT22;3628;6.559;3.386;2026-03-05T11:50:05.020026+00:00;temperature;38.90
4853;pms5003;3628;6.559;3.386;2026-03-05T12:00:35.269300+00:00;P2;38.75
4853;pms5003;3628;6.559;3.386;2026-03-05T12:00:35.269300+00:00;P1;53.75
4853;pms5003;3628;6.559;3.386;2026-03-05T12:00:35.269300+00:00;P0;25n25
4854;DHT22;3628;6.559;3.386;2026-03-05T12:00:52.690203+00:00;humidity;61.10
4854;DHT22;3628;6.559;3.386;2026-03-05T12:00:52.690203+00:00;temperature;38.20
4853;pms5003;3628;6.559;3.386;2026-03-05T12:06:09.902712+00:00;P2;42.50
4853;pms5003;3628;6.559;3.386;2026-03-05T12:06:09.902712+00:00;P1;57.25
4853;pms5003;3628;6.559;3.386;2026-03-05T12:06:09.902712+00:00;P0;28.50
4854;DHT22;3628;6.559;3.386;2026-03-05T12:06:27.232948+00:00;humidity;60.80
4854;DHT22;3628;6.559;3.386;2026-03-05T12:06:27.232948+00:00;temperature;38.20
4854;DHT22;3628;6.559;3.386;2026-03-05T12:11:54.311326+00:00;humidity;58.60
4854;DHT22;3628;6.559;3.386;2026-03-05T12:11:54.311326+00:00;temperature;39.50
4854;DHT22;3628;6.559;3.386;2026-03-05T12:17:29.080898+00:00;humidity;55.00
4854;DHT22;3628;6.559;3.386;2026-03-05T12:17:29.080898+00:00;temperature;41.10
4853;pms5003;3628;6.559;3.386;2026-03-05T12:22:46.238595+00:00;P2;41.50
4853;pms5003;3628;6.559;3.386;2026-03-05T12:22:46.238595+00:00;P1;56.25
4853;pms5003;3628;6.559;3.386;2026-03-05T12:22:46.238595+00:00;P0;27.75
4853;pms5003;3628;6.559;3.386;2026-03-05T12:33:59.767519+00:00;P2;45.00
4853;pms5003;3628;6.559;3.386;2026-03-05T12:33:59.767519+00:00;P1;56.00
4853;pms5003;3628;6.559;3.386;2026-03-05T12:33:59.767519+00:00;P0;31.00
4854;DHT22;3628;6.559;3.386;2026-03-05T12:34:17.162660+00:00;humidity;60.40
4854;DHT22;3628;6.559;3.386;2026-03-05T12:34:17.162660+00:00;temperature;39.10
4853;pms5003;3628;6.559;3.386;2026-03-05T12:39:35.922699+00:00;P2;40.20
4853;pms5003;3628;6.559;3.386;2026-03-05T12:39:35.922699+00:00;P1;54.40
4853;pms5003;3628;6.559;3.386;2026-03-05T12:39:35.922699+00:00;P0;26.20
4854;DHT22;3628;6.559;3.386;2026-03-05T12:39:52.776094+00:00;humidity;61.20
4854;DHT22;3628;6.559;3.386;2026-03-05T12:39:52.776094+00:00;temperature;38.80
4853;pms5003;3628;6.559;3.386;2026-03-05T12:45:10.160380+00:00;P2;41.50
4853;pms5003;3628;6.559;3.386;2026-03-05T12:45:10.160380+00:00;P1;52.50
4853;pms5003;3628;6.559;3.386;2026-03-05T12:45:10.160380+00:00;P0;27.50
4854;DHT22;3628;6.559;3.386;2026-03-05T12:56:05.042204+00:00;humidity;61.20
4854;DHT22;3628;6.559;3.386;2026-03-05T12:56:05.042204+00:00;temperature;39.20
4853;pms5003;3628;6.559;3.386;2026-03-05T13:01:22.272595+00:00;P2;43.33
4853;pms5003;3628;6.559;3.386;2026-03-05T13:01:22.272595+00:00;P1;58.00
4853;pms5003;3628;6.559;3.386;2026-03-05T13:01:22.272595+00:00;P0;28.33
4853;pms5003;3628;6.559;3.386;2026-03-05T13:12:21.264569+00:00;P2;36.00
4853;pms5003;3628;6.559;3.386;2026-03-05T13:12:21.264569+00:00;P1;49.50
4853;pms5003;3628;6.559;3.386;2026-03-05T13:12:21.264569+00:00;P0;24.00
4854;DHT22;3628;6.559;3.386;2026-03-05T13:12:38.668466+00:00;humidity;62.50
4854;DHT22;3628;6.559;3.386;2026-03-05T13:12:38.668466+00:00;temperature;38.50
4853;pms5003;3628;6.559;3.386;2026-03-05T13:17:55.917358+00:00;P2;35.00
4853;pms5003;3628;6.559;3.386;2026-03-05T13:17:55.917358+00:00;P1;43.60
4853;pms5003;3628;6.559;3.386;2026-03-05T13:17:55.917358+00:00;P0;23.00
4854;DHT22;3628;6.559;3.386;2026-03-05T13:23:37.669986+00:00;humidity;64.00
4854;DHT22;3628;6.559;3.386;2026-03-05T13:23:37.669986+00:00;temperature;37.80
4853;pms5003;3628;6.559;3.386;2026-03-05T13:34:19.088958+00:00;P2;37.25
4853;pms5003;3628;6.559;3.386;2026-03-05T13:34:19.088958+00:00;P1;51.50
4853;pms5003;3628;6.559;3.386;2026-03-05T13:34:19.088958+00:00;P0;25.50
4853;pms5003;3628;6.559;3.386;2026-03-05T13:39:43.463649+00:00;P2;37.50
4853;pms5003;3628;6.559;3.386;2026-03-05T13:39:43.463649+00:00;P1;46.00
4853;pms5003;3628;6.559;3.386;2026-03-05T13:39:43.463649+00:00;P0;26.00
4854;DHT22;3628;6.559;3.386;2026-03-05T13:40:01.137225+00:00;humidity;58.50
4854;DHT22;3628;6.559;3.386;2026-03-05T13:40:01.137225+00:00;temperature;40.40
4854;DHT22;3628;6.559;3.386;2026-03-05T13:45:35.834340+00:00;humidity;58.70
4854;DHT22;3628;6.559;3.386;2026-03-05T13:45:35.834340+00:00;temperature;40.20
4854;DHT22;3628;6.559;3.386;2026-03-05T13:56:28.667776+00:00;humidity;58.30
4854;DHT22;3628;6.559;3.386;2026-03-05T13:56:28.667776+00:00;temperature;40.20
4853;pms5003;3628;6.559;3.386;2026-03-05T14:07:02.575001+00:00;P2;39.00
4853;pms5003;3628;6.559;3.386;2026-03-05T14:07:02.575001+00:00;P1;47.00
4853;pms5003;3628;6.559;3.386;2026-03-05T14:07:02.575001+00:00;P0;27.00
4854;DHT22;3628;6.559;3.386;2026-03-05T14:07:20.018089+00:00;humidity;60.80
4854;DHT22;3628;6.559;3.386;2026-03-05T14:07:20.018089+00:00;temperature;38.90
4854;DHT22;3628;6.559;3.386;2026-03-05T14:12:46.680577+00:00;humidity;63.20
4854;DHT22;3628;6.559;3.386;2026-03-05T14:12:46.680577+00:00;temperature;38.00
4853;pms5003;3628;6.559;3.386;2026-03-05T14:18:03.889472+00:00;P2;35.00
4853;pms5003;3628;6.559;3.386;2026-03-05T14:18:03.889472+00:00;P1;52.00
4853;pms5003;3628;6.559;3.386;2026-03-05T14:18:03.889472+00:00;P0;24.50
4853;pms5003;3628;6.559;3.386;2026-03-05T14:23:38.401230+00:00;P2;36.00
4853;pms5003;3628;6.559;3.386;2026-03-05T14:23:38.401230+00:00;P1;49.00
4853;pms5003;3628;6.559;3.386;2026-03-05T14:23:38.401230+00:00;P0;24.00
4854;DHT22;3628;6.559;3.386;2026-03-05T14:23:55.874141+00:00;humidity;64.30
4854;DHT22;3628;6.559;3.386;2026-03-05T14:23:55.874141+00:00;temperature;37.30
4853;pms5003;3628;6.559;3.386;2026-03-05T14:29:13.519837+00:00;P2;32.50
4853;pms5003;3628;6.559;3.386;2026-03-05T14:29:13.519837+00:00;P1;38.00
4853;pms5003;3628;6.559;3.386;2026-03-05T14:29:13.519837+00:00;P0;23.25
4854;DHT22;3628;6.559;3.386;2026-03-05T14:34:54.905622+00:00;humidity;59.80
4854;DHT22;3628;6.559;3.386;2026-03-05T14:34:54.905622+00:00;temperature;39.20
4854;DHT22;3628;6.559;3.386;2026-03-05T14:45:45.845868+00:00;humidity;59.30
4854;DHT22;3628;6.559;3.386;2026-03-05T14:45:45.845868+00:00;temperature;39.20
4853;pms5003;3628;6.559;3.386;2026-03-05T14:51:03.289977+00:00;P2;35.50
4853;pms5003;3628;6.559;3.386;2026-03-05T14:51:03.289977+00:00;P1;44.50
4853;pms5003;3628;6.559;3.386;2026-03-05T14:51:03.289977+00:00;P0;24.50
4853;pms5003;3628;6.559;3.386;2026-03-05T14:56:27.245546+00:00;P2;40.75
4853;pms5003;3628;6.559;3.386;2026-03-05T14:56:27.245546+00:00;P1;54.00
4853;pms5003;3628;6.559;3.386;2026-03-05T14:56:27.245546+00:00;P0;28.00
4854;DHT22;3628;6.559;3.386;2026-03-05T14:56:44.709642+00:00;humidity;59.60
4854;DHT22;3628;6.559;3.386;2026-03-05T14:56:44.709642+00:00;temperature;39.00
4854;DHT22;3628;6.559;3.386;2026-03-05T15:02:08.644471+00:00;humidity;59.70
4854;DHT22;3628;6.559;3.386;2026-03-05T15:02:08.644471+00:00;temperature;39.10
4853;pms5003;3628;6.559;3.386;2026-03-05T15:07:26.140529+00:00;P2;34.40
4853;pms5003;3628;6.559;3.386;2026-03-05T15:07:26.140529+00:00;P1;49.80
4853;pms5003;3628;6.559;3.386;2026-03-05T15:07:26.140529+00:00;P0;21.80
4854;DHT22;3628;6.559;3.386;2026-03-05T15:07:48.101693+00:00;humidity;59.90
4854;DHT22;3628;6.559;3.386;2026-03-05T15:07:48.101693+00:00;temperature;38.80
4854;DHT22;3628;6.559;3.386;2026-03-05T15:13:30.226383+00:00;humidity;61.00
4854;DHT22;3628;6.559;3.386;2026-03-05T15:13:30.226383+00:00;temperature;38.00
4853;pms5003;3628;6.559;3.386;2026-03-05T15:18:48.052346+00:00;P2;34.20
4853;pms5003;3628;6.559;3.386;2026-03-05T15:18:48.052346+00:00;P1;49.20
4853;pms5003;3628;6.559;3.386;2026-03-05T15:18:48.052346+00:00;P0;22.60
4853;pms5003;3628;6.559;3.386;2026-03-05T15:24:11.900029+00:00;P2;30.75
4853;pms5003;3628;6.559;3.386;2026-03-05T15:24:11.900029+00:00;P1;36.00
4853;pms5003;3628;6.559;3.386;2026-03-05T15:24:11.900029+00:00;P0;20.75
4854;DHT22;3628;6.559;3.386;2026-03-05T15:24:29.289743+00:00;humidity;64.50
4854;DHT22;3628;6.559;3.386;2026-03-05T15:24:29.289743+00:00;temperature;36.80
4853;pms5003;3628;6.559;3.386;2026-03-05T15:35:10.269461+00:00;P2;32.00
4853;pms5003;3628;6.559;3.386;2026-03-05T15:35:10.269461+00:00;P1;46.40
4853;pms5003;3628;6.559;3.386;2026-03-05T15:35:10.269461+00:00;P0;20.40
4854;DHT22;3628;6.559;3.386;2026-03-05T15:35:27.636907+00:00;humidity;66.30
4854;DHT22;3628;6.559;3.386;2026-03-05T15:35:27.636907+00:00;temperature;36.20
4853;pms5003;3628;6.559;3.386;2026-03-05T15:40:44.796519+00:00;P2;32.60
4853;pms5003;3628;6.559;3.386;2026-03-05T15:40:44.796519+00:00;P1;47.20
4853;pms5003;3628;6.559;3.386;2026-03-05T15:40:44.796519+00:00;P0;22.80
4854;DHT22;3628;6.559;3.386;2026-03-05T15:46:19.030616+00:00;humidity;66.40
4854;DHT22;3628;6.559;3.386;2026-03-05T15:46:19.030616+00:00;temperature;36.20
4853;pms5003;3628;6.559;3.386;2026-03-05T15:51:36.196596+00:00;P2;35.75
4853;pms5003;3628;6.559;3.386;2026-03-05T15:51:36.196596+00:00;P1;48.00
4853;pms5003;3628;6.559;3.386;2026-03-05T15:51:36.196596+00:00;P0;24.75
4853;pms5003;3628;6.559;3.386;2026-03-05T15:57:00.297984+00:00;P2;30.00
4853;pms5003;3628;6.559;3.386;2026-03-05T15:57:00.297984+00:00;P1;45.00
4853;pms5003;3628;6.559;3.386;2026-03-05T15:57:00.297984+00:00;P0;20.00
4854;DHT22;3628;6.559;3.386;2026-03-05T15:57:17.698428+00:00;humidity;67.30
4854;DHT22;3628;6.559;3.386;2026-03-05T15:57:17.698428+00:00;temperature;36.00
4853;pms5003;3628;6.559;3.386;2026-03-05T16:02:35.210544+00:00;P2;33.00
4853;pms5003;3628;6.559;3.386;2026-03-05T16:02:35.210544+00:00;P1;45.50
4853;pms5003;3628;6.559;3.386;2026-03-05T16:02:35.210544+00:00;P0;22.00
4853;pms5003;3628;6.559;3.386;2026-03-05T16:07:59.110696+00:00;P2;37.00
4853;pms5003;3628;6.559;3.386;2026-03-05T16:07:59.110696+00:00;P1;49.00
4853;pms5003;3628;6.559;3.386;2026-03-05T16:07:59.110696+00:00;P0;24.00
4853;pms5003;3628;6.559;3.386;2026-03-05T16:13:23.251619+00:00;P2;34.00
4853;pms5003;3628;6.559;3.386;2026-03-05T16:13:23.251619+00:00;P1;50.00
4853;pms5003;3628;6.559;3.386;2026-03-05T16:13:23.251619+00:00;P0;23.00
4853;pms5003;3628;6.559;3.386;2026-03-05T16:18:47.090070+00:00;P2;34.00
4853;pms5003;3628;6.559;3.386;2026-03-05T16:18:47.090070+00:00;P1;48.25
4853;pms5003;3628;6.559;3.386;2026-03-05T16:18:47.090070+00:00;P0;23.00
4854;DHT22;3628;6.559;3.386;2026-03-05T16:19:04.424850+00:00;humidity;66.80
4854;DHT22;3628;6.559;3.386;2026-03-05T16:19:04.424850+00:00;temperature;35.20
4854;DHT22;3628;6.559;3.386;2026-03-05T16:24:39.364428+00:00;humidity;68.10
4854;DHT22;3628;6.559;3.386;2026-03-05T16:24:39.364428+00:00;temperature;35.20
4853;pms5003;3628;6.559;3.386;2026-03-05T16:29:56.658915+00:00;P2;34.50
4853;pms5003;3628;6.559;3.386;2026-03-05T16:29:56.658915+00:00;P1;49.00
4853;pms5003;3628;6.559;3.386;2026-03-05T16:29:56.658915+00:00;P0;23.00
4854;DHT22;3628;6.559;3.386;2026-03-05T16:30:13.990510+00:00;humidity;67.80
4854;DHT22;3628;6.559;3.386;2026-03-05T16:30:13.990510+00:00;temperature;35.20
4854;DHT22;3628;6.559;3.386;2026-03-05T16:35:38.081452+00:00;humidity;68.70
4854;DHT22;3628;6.559;3.386;2026-03-05T16:35:38.081452+00:00;temperature;35.10
4853;pms5003;3628;6.559;3.386;2026-03-05T16:40:55.268914+00:00;P2;32.50
4853;pms5003;3628;6.559;3.386;2026-03-05T16:40:55.268914+00:00;P1;42.50
4853;pms5003;3628;6.559;3.386;2026-03-05T16:40:55.268914+00:00;P0;22.50
4854;DHT22;3628;6.559;3.386;2026-03-05T16:41:12.583931+00:00;humidity;69.80
4854;DHT22;3628;6.559;3.386;2026-03-05T16:41:12.583931+00:00;temperature;34.80
4853;pms5003;3628;6.559;3.386;2026-03-05T16:46:29.839749+00:00;P2;36.75
4853;pms5003;3628;6.559;3.386;2026-03-05T16:46:29.839749+00:00;P1;48.25
4853;pms5003;3628;6.559;3.386;2026-03-05T16:46:29.839749+00:00;P0;25.00
4854;DHT22;3628;6.559;3.386;2026-03-05T16:46:47.287935+00:00;humidity;69.70
4854;DHT22;3628;6.559;3.386;2026-03-05T16:46:47.287935+00:00;temperature;34.70
4853;pms5003;3628;6.559;3.386;2026-03-05T16:52:04.505165+00:00;P2;34.80
4853;pms5003;3628;6.559;3.386;2026-03-05T16:52:04.505165+00:00;P1;45.00
4853;pms5003;3628;6.559;3.386;2026-03-05T16:52:04.505165+00:00;P0;23.20
4853;pms5003;3628;6.559;3.386;2026-03-05T16:57:28.659756+00:00;P2;37.20
4853;pms5003;3628;6.559;3.386;2026-03-05T16:57:28.659756+00:00;P1;52.40
4853;pms5003;3628;6.559;3.386;2026-03-05T16:57:28.659756+00:00;P0;24.00
4854;DHT22;3628;6.559;3.386;2026-03-05T16:57:46.495912+00:00;humidity;69.30
4854;DHT22;3628;6.559;3.386;2026-03-05T16:57:46.495912+00:00;temperature;34.50
4853;pms5003;3628;6.559;3.386;2026-03-05T17:03:03.631398+00:00;P2;35.60
4853;pms5003;3628;6.559;3.386;2026-03-05T17:03:03.631398+00:00;P1;52.00
4853;pms5003;3628;6.559;3.386;2026-03-05T17:03:03.631398+00:00;P0;24.00
4853;pms5003;3628;6.559;3.386;2026-03-05T17:08:27.495800+00:00;P2;35.67
4853;pms5003;3628;6.559;3.386;2026-03-05T17:08:27.495800+00:00;P1;46.33
4853;pms5003;3628;6.559;3.386;2026-03-05T17:08:27.495800+00:00;P0;23.67
4854;DHT22;3628;6.559;3.386;2026-03-05T17:08:44.975070+00:00;humidity;70.70
4854;DHT22;3628;6.559;3.386;2026-03-05T17:08:44.975070+00:00;temperature;34.30
4853;pms5003;3628;6.559;3.386;2026-03-05T17:19:15.262449+00:00;P2;33.00
4853;pms5003;3628;6.559;3.386;2026-03-05T17:19:15.262449+00:00;P1;48.75
4853;pms5003;3628;6.559;3.386;2026-03-05T17:19:15.262449+00:00;P0;24.00
4853;pms5003;3628;6.559;3.386;2026-03-05T17:24:39.066207+00:00;P2;33.67
4853;pms5003;3628;6.559;3.386;2026-03-05T17:24:39.066207+00:00;P1;39.67
4853;pms5003;3628;6.559;3.386;2026-03-05T17:24:39.066207+00:00;P0;23.00
4853;pms5003;3628;6.559;3.386;2026-03-05T17:24:56.402153+00:00;humidity;72.80
4853;pms5003;3628;6.559;3.386;2026-03-05T17:24:56.402153+00:00;temperature;34.00
4853;pms5003;3628;6.559;3.386;2026-03-05T17:30:13.690790+00:00;P2;34.00
4853;pms5003;3628;6.559;3.386;2026-03-05T17:30:13.690790+00:00;P1;46.00
4853;pms5003;3628;6.559;3.386;2026-03-05T17:30:13.690790+00:00;P0;22.00
4854;DHT22;3628;6.559;3.386;2026-03-05T17:30:31.061024+00:00;humidity;74.20
4854;DHT22;3628;6.559;3.386;2026-03-05T17:30:31.061024+00:00;temperature;33.70
4853;pms5003;3628;6.559;3.386;2026-03-05T17:35:48.270827+00:00;P2;35.50
4853;pms5003;3628;6.559;3.386;2026-03-05T17:35:48.270827+00:00;P1;46.25
4853;pms5003;3628;6.559;3.386;2026-03-05T17:35:48.270827+00:00;P0;23.25
4854;DHT22;3628;6.559;3.386;2026-03-05T17:36:05.823109+00:00;humidity;74.80
4854;DHT22;3628;6.559;3.386;2026-03-05T17:36:05.823109+00:00;temperature;33.50
4854;DHT22;3628;6.559;3.386;2026-03-05T17:41:32.377461+00:00;humidity;74.70
4854;DHT22;3628;6.559;3.386;2026-03-05T17:41:32.377461+00:00;temperature;33.50
4853;pms5003;3628;6.559;3.386;2026-03-05T17:46:49.562451+00:00;P2;35.00
4853;pms5003;3628;6.559;3.386;2026-03-05T17:46:49.562451+00:00;P1;40.25
4853;pms5003;3628;6.559;3.386;2026-03-05T17:46:49.562451+00:00;P0;23.75
4854;DHT22;3628;6.559;3.386;2026-03-05T17:52:20.470097+00:00;humidity;75.80
4854;DHT22;3628;6.559;3.386;2026-03-05T17:52:20.470097+00:00;temperature;33.30
4853;pms5003;3628;6.559;3.386;2026-03-05T17:57:37.738745+00:00;P2;34.67
4853;pms5003;3628;6.559;3.386;2026-03-05T17:57:37.738745+00:00;P1;39.00
4853;pms5003;3628;6.559;3.386;2026-03-05T17:57:37.738745+00:00;P0;23.67
4854;DHT22;3628;6.559;3.386;2026-03-05T17:57:55.089116+00:00;humidity;76.60
4854;DHT22;3628;6.559;3.386;2026-03-05T17:57:55.089116+00:00;temperature;33.30
4854;DHT22;3628;6.559;3.386;2026-03-05T18:08:35.423161+00:00;humidity;77.60
4854;DHT22;3628;6.559;3.386;2026-03-05T18:08:35.423161+00:00;temperature;32.90
4853;pms5003;3628;6.559;3.386;2026-03-05T18:13:52.715864+00:00;P2;34.75
4853;pms5003;3628;6.559;3.386;2026-03-05T18:13:52.715864+00:00;P1;46.25
4853;pms5003;3628;6.559;3.386;2026-03-05T18:13:52.715864+00:00;P0;21.75
4853;pms5003;3628;6.559;3.386;2026-03-05T18:19:19.474624+00:00;P2;34.00
4853;pms5003;3628;6.559;3.386;2026-03-05T18:19:19.474624+00:00;P1;49.00
4853;pms5003;3628;6.559;3.386;2026-03-05T18:19:19.474624+00:00;P0;24.00
4854;DHT22;3628;6.559;3.386;2026-03-05T18:19:36.959519+00:00;humidity;77.80
4854;DHT22;3628;6.559;3.386;2026-03-05T18:19:36.959519+00:00;temperature;32.80
4853;pms5003;3628;6.559;3.386;2026-03-05T18:24:54.205444+00:00;P2;31.00
4853;pms5003;3628;6.559;3.386;2026-03-05T18:24:54.205444+00:00;P1;37.60
4853;pms5003;3628;6.559;3.386;2026-03-05T18:24:54.205444+00:00;P0;22.00
4854;DHT22;3628;6.559;3.386;2026-03-05T18:25:11.545389+00:00;humidity;78.10
4854;DHT22;3628;6.559;3.386;2026-03-05T18:25:11.545389+00:00;temperature;32.70
4854;DHT22;3628;6.559;3.386;2026-03-05T18:30:46.667908+00:00;humidity;78.00
4854;DHT22;3628;6.559;3.386;2026-03-05T18:30:46.667908+00:00;temperature;32.70
4854;DHT22;3628;6.559;3.386;2026-03-05T18:36:14.844664+00:00;humidity;78.30
4854;DHT22;3628;6.559;3.386;2026-03-05T18:36:14.844664+00:00;temperature;32.60
4853;pms5003;3628;6.559;3.386;2026-03-05T18:41:32.291231+00:00;P2;32.00
4853;pms5003;3628;6.559;3.386;2026-03-05T18:41:32.291231+00:00;P1;44.00
4853;pms5003;3628;6.559;3.386;2026-03-05T18:41:32.291231+00:00;P0;22.00
4854;DHT22;3628;6.559;3.386;2026-03-05T18:41:49.772837+00:00;humidity;77.70
4854;DHT22;3628;6.559;3.386;2026-03-05T18:41:49.772837+00:00;temperature;32.50
4853;pms5003;3628;6.559;3.386;2026-03-05T18:52:21.331566+00:00;P2;33.60
4853;pms5003;3628;6.559;3.386;2026-03-05T18:52:21.331566+00:00;P1;38.60
4853;pms5003;3628;6.559;3.386;2026-03-05T18:52:21.331566+00:00;P0;22.60
4854;DHT22;3628;6.559;3.386;2026-03-05T18:58:04.096698+00:00;humidity;78.40
4854;DHT22;3628;6.559;3.386;2026-03-05T18:58:04.096698+00:00;temperature;32.50
4853;pms5003;3628;6.559;3.386;2026-03-05T19:08:59.037229+00:00;P2;33.50
4853;pms5003;3628;6.559;3.386;2026-03-05T19:08:59.037229+00:00;P1;37.50
4853;pms5003;3628;6.559;3.386;2026-03-05T19:08:59.037229+00:00;P0;22.00
4854;DHT22;3628;6.559;3.386;2026-03-05T19:09:21.935083+00:00;humidity;77.90
4854;DHT22;3628;6.559;3.386;2026-03-05T19:09:21.935083+00:00;temperature;32.50
4853;pms5003;3628;6.559;3.386;2026-03-05T19:14:44.354599+00:00;P2;35.00
4853;pms5003;3628;6.559;3.386;2026-03-05T19:14:44.354599+00:00;P1;41.50
4853;pms5003;3628;6.559;3.386;2026-03-05T19:14:44.354599+00:00;P0;23.00
4854;DHT22;3628;6.559;3.386;2026-03-05T19:15:01.353573+00:00;humidity;78.50
4854;DHT22;3628;6.559;3.386;2026-03-05T19:15:01.353573+00:00;temperature;32.40
4853;pms5003;3628;6.559;3.386;2026-03-05T19:20:22.311572+00:00;P2;32.00
4853;pms5003;3628;6.559;3.386;2026-03-05T19:20:22.311572+00:00;P1;33.00
4853;pms5003;3628;6.559;3.386;2026-03-05T19:20:22.311572+00:00;P0;23.40
4854;DHT22;3628;6.559;3.386;2026-03-05T19:20:42.503381+00:00;humidity;78.70
4854;DHT22;3628;6.559;3.386;2026-03-05T19:20:42.503381+00:00;temperature;32.40
4853;pms5003;3628;6.559;3.386;2026-03-05T19:26:05.729148+00:00;P2;32.00
4853;pms5003;3628;6.559;3.386;2026-03-05T19:26:05.729148+00:00;P1;35.00
4853;pms5003;3628;6.559;3.386;2026-03-05T19:26:05.729148+00:00;P0;21.00
4854;DHT22;3628;6.559;3.386;2026-03-05T19:31:44.010342+00:00;humidity;79.20
4854;DHT22;3628;6.559;3.386;2026-03-05T19:31:44.010342+00:00;temperature;32.30
4853;pms5003;3628;6.559;3.386;2026-03-05T19:37:14.298218+00:00;P2;32.50
4853;pms5003;3628;6.559;3.386;2026-03-05T19:37:14.298218+00:00;P1;40.00
4853;pms5003;3628;6.559;3.386;2026-03-05T19:37:14.298218+00:00;P0;23.00
4854;DHT22;3628;6.559;3.386;2026-03-05T19:42:52.418088+00:00;humidity;79.20
4854;DHT22;3628;6.559;3.386;2026-03-05T19:42:52.418088+00:00;temperature;32.30
4854;DHT22;3628;6.559;3.386;2026-03-05T19:48:19.493543+00:00;humidity;79.30
4854;DHT22;3628;6.559;3.386;2026-03-05T19:48:19.493543+00:00;temperature;32.30
4853;pms5003;3628;6.559;3.386;2026-03-05T19:59:45.725762+00:00;P2;33.00
4853;pms5003;3628;6.559;3.386;2026-03-05T19:59:45.725762+00:00;P1;36.25
4853;pms5003;3628;6.559;3.386;2026-03-05T19:59:45.725762+00:00;P0;23.00
4853;pms5003;3628;6.559;3.386;2026-03-05T20:10:01.429024+00:00;P2;34.00
4853;pms5003;3628;6.559;3.386;2026-03-05T20:10:01.429024+00:00;P1;38.00
4853;pms5003;3628;6.559;3.386;2026-03-05T20:10:01.429024+00:00;P0;23.00
4854;DHT22;3628;6.559;3.386;2026-03-05T20:10:24.698802+00:00;humidity;80.90
4854;DHT22;3628;6.559;3.386;2026-03-05T20:10:24.698802+00:00;temperature;32.20
4853;pms5003;3628;6.559;3.386;2026-03-05T20:15:42.104348+00:00;P2;32.00
4853;pms5003;3628;6.559;3.386;2026-03-05T20:15:42.104348+00:00;P1;40.40
4853;pms5003;3628;6.559;3.386;2026-03-05T20:15:42.104348+00:00;P0;21.60
4854;DHT22;3628;6.559;3.386;2026-03-05T20:16:05.276143+00:00;humidity;80.80
4854;DHT22;3628;6.559;3.386;2026-03-05T20:16:05.276143+00:00;temperature;32.30
4853;pms5003;3628;6.559;3.386;2026-03-05T20:21:22.550480+00:00;P2;34.00
4853;pms5003;3628;6.559;3.386;2026-03-05T20:21:22.550480+00:00;P1;42.20
4853;pms5003;3628;6.559;3.386;2026-03-05T20:21:22.550480+00:00;P0;23.60
4854;DHT22;3628;6.559;3.386;2026-03-05T20:26:53.343096+00:00;humidity;82.10
4854;DHT22;3628;6.559;3.386;2026-03-05T20:26:53.343096+00:00;temperature;32.10
4854;DHT22;3628;6.559;3.386;2026-03-05T20:32:23.427971+00:00;humidity;82.10
4854;DHT22;3628;6.559;3.386;2026-03-05T20:32:23.427971+00:00;temperature;32.20
4853;pms5003;3628;6.559;3.386;2026-03-05T20:37:40.631075+00:00;P2;35.25
4853;pms5003;3628;6.559;3.386;2026-03-05T20:37:40.631075+00:00;P1;50.25
4853;pms5003;3628;6.559;3.386;2026-03-05T20:37:40.631075+00:00;P0;23.25
4854;DHT22;3628;6.559;3.386;2026-03-05T20:38:03.671616+00:00;humidity;82.60
4854;DHT22;3628;6.559;3.386;2026-03-05T20:38:03.671616+00:00;temperature;32.10
4853;pms5003;3628;6.559;3.386;2026-03-05T20:43:29.919433+00:00;P2;38.75
4853;pms5003;3628;6.559;3.386;2026-03-05T20:43:29.919433+00:00;P1;54.75
4853;pms5003;3628;6.559;3.386;2026-03-05T20:43:29.919433+00:00;P0;25.25
4853;pms5003;3628;6.559;3.386;2026-03-05T20:49:06.778342+00:00;P2;36.00
4853;pms5003;3628;6.559;3.386;2026-03-05T20:49:06.778342+00:00;P1;45.20
4853;pms5003;3628;6.559;3.386;2026-03-05T20:49:06.778342+00:00;P0;24.00
4854;DHT22;3628;6.559;3.386;2026-03-05T20:49:21.749280+00:00;humidity;83.30
4854;DHT22;3628;6.559;3.386;2026-03-05T20:49:21.749280+00:00;temperature;32.10
4853;pms5003;3628;6.559;3.386;2026-03-05T21:03:22.276301+00:00;P2;33.80
4853;pms5003;3628;6.559;3.386;2026-03-05T21:03:22.276301+00:00;P1;38.80
4853;pms5003;3628;6.559;3.386;2026-03-05T21:03:22.276301+00:00;P0;22.80
4854;DHT22;3628;6.559;3.386;2026-03-05T21:03:39.740786+00:00;humidity;83.40
4854;DHT22;3628;6.559;3.386;2026-03-05T21:03:39.740786+00:00;temperature;32.10
4853;pms5003;3628;6.559;3.386;2026-03-05T21:08:56.974514+00:00;P2;29.40
4853;pms5003;3628;6.559;3.386;2026-03-05T21:08:56.974514+00:00;P1;40.60
4853;pms5003;3628;6.559;3.386;2026-03-05T21:08:56.974514+00:00;P0;20.60
4854;DHT22;3628;6.559;3.386;2026-03-05T21:09:14.385929+00:00;humidity;83.40
4854;DHT22;3628;6.559;3.386;2026-03-05T21:09:14.385929+00:00;temperature;32.20
4853;pms5003;3628;6.559;3.386;2026-03-05T21:14:31.658536+00:00;P2;33.40
4853;pms5003;3628;6.559;3.386;2026-03-05T21:14:31.658536+00:00;P1;39.60
4853;pms5003;3628;6.559;3.386;2026-03-05T21:14:31.658536+00:00;P0;22.00
4854;DHT22;3628;6.559;3.386;2026-03-05T21:14:49.230370+00:00;humidity;83.40
4854;DHT22;3628;6.559;3.386;2026-03-05T21:14:49.230370+00:00;temperature;32.20
4853;pms5003;3628;6.559;3.386;2026-03-05T21:20:06.476773+00:00;P2;31.00
4853;pms5003;3628;6.559;3.386;2026-03-05T21:20:06.476773+00:00;P1;46.50
4853;pms5003;3628;6.559;3.386;2026-03-05T21:20:06.476773+00:00;P0;21.00
4854;DHT22;3628;6.559;3.386;2026-03-05T21:25:40.354238+00:00;humidity;84.40
4854;DHT22;3628;6.559;3.386;2026-03-05T21:25:40.354238+00:00;temperature;32.00
4854;DHT22;3628;6.559;3.386;2026-03-05T21:36:52.538639+00:00;humidity;85.10
4854;DHT22;3628;6.559;3.386;2026-03-05T21:36:52.538639+00:00;temperature;31.90
4853;pms5003;3628;6.559;3.386;2026-03-05T21:42:09.728723+00:00;P2;31.50
4853;pms5003;3628;6.559;3.386;2026-03-05T21:42:09.728723+00:00;P1;36.75
4853;pms5003;3628;6.559;3.386;2026-03-05T21:42:09.728723+00:00;P0;22.25
4854;DHT22;3628;6.559;3.386;2026-03-05T21:42:27.212964+00:00;humidity;85.40
4854;DHT22;3628;6.559;3.386;2026-03-05T21:42:27.212964+00:00;temperature;31.90
4853;pms5003;3628;6.559;3.386;2026-03-05T21:47:44.487693+00:00;P2;30.00
4853;pms5003;3628;6.559;3.386;2026-03-05T21:47:44.487693+00:00;P1;39.75
4853;pms5003;3628;6.559;3.386;2026-03-05T21:47:44.487693+00:00;P0;20.25
4854;DHT22;3628;6.559;3.386;2026-03-05T21:48:01.942920+00:00;humidity;85.90
4854;DHT22;3628;6.559;3.386;2026-03-05T21:48:01.942920+00:00;temperature;31.90
4854;DHT22;3628;6.559;3.386;2026-03-05T21:53:26.072200+00:00;humidity;85.50
4854;DHT22;3628;6.559;3.386;2026-03-05T21:53:26.072200+00:00;temperature;31.90
4853;pms5003;3628;6.559;3.386;2026-03-05T21:58:43.313793+00:00;P2;31.00
4853;pms5003;3628;6.559;3.386;2026-03-05T21:58:43.313793+00:00;P1;44.50
4853;pms5003;3628;6.559;3.386;2026-03-05T21:58:43.313793+00:00;P0;19.50
4854;DHT22;3628;6.559;3.386;2026-03-05T21:59:00.785273+00:00;humidity;86.10
4854;DHT22;3628;6.559;3.386;2026-03-05T21:59:00.785273+00:00;temperature;31.80
4853;pms5003;3628;6.559;3.386;2026-03-05T22:04:17.959482+00:00;P2;33.00
4853;pms5003;3628;6.559;3.386;2026-03-05T22:04:17.959482+00:00;P1;39.50
4853;pms5003;3628;6.559;3.386;2026-03-05T22:04:17.959482+00:00;P0;22.50
4854;DHT22;3628;6.559;3.386;2026-03-05T22:04:35.402179+00:00;humidity;85.80
4854;DHT22;3628;6.559;3.386;2026-03-05T22:04:35.402179+00:00;temperature;31.80
4853;pms5003;3628;6.559;3.386;2026-03-05T22:09:52.789898+00:00;P2;34.50
4853;pms5003;3628;6.559;3.386;2026-03-05T22:09:52.789898+00:00;P1;49.00
4853;pms5003;3628;6.559;3.386;2026-03-05T22:09:52.789898+00:00;P0;22.75
4853;pms5003;3628;6.559;3.386;2026-03-05T22:15:27.413590+00:00;P2;32.00
4853;pms5003;3628;6.559;3.386;2026-03-05T22:15:27.413590+00:00;P1;34.75
4853;pms5003;3628;6.559;3.386;2026-03-05T22:15:27.413590+00:00;P0;22.00
4853;pms5003;3628;6.559;3.386;2026-03-05T22:20:51.920532+00:00;P2;35.00
4853;pms5003;3628;6.559;3.386;2026-03-05T22:20:51.920532+00:00;P1;46.25
4853;pms5003;3628;6.559;3.386;2026-03-05T22:20:51.920532+00:00;P0;23.00
4854;DHT22;3628;6.559;3.386;2026-03-05T22:21:09.233972+00:00;humidity;85.60
4854;DHT22;3628;6.559;3.386;2026-03-05T22:21:09.233972+00:00;temperature;31.80
4853;pms5003;3628;6.559;3.386;2026-03-05T22:26:26.438693+00:00;P2;31.50
4853;pms5003;3628;6.559;3.386;2026-03-05T22:26:26.438693+00:00;P1;38.50
4853;pms5003;3628;6.559;3.386;2026-03-05T22:26:26.438693+00:00;P0;22.00
4853;pms5003;3628;6.559;3.386;2026-03-05T22:32:01.276897+00:00;P2;32.00
4853;pms5003;3628;6.559;3.386;2026-03-05T22:32:01.276897+00:00;P1;40.00
4853;pms5003;3628;6.559;3.386;2026-03-05T22:32:01.276897+00:00;P0;22.00
4854;DHT22;3628;6.559;3.386;2026-03-05T22:32:18.708666+00:00;humidity;85.80
4854;DHT22;3628;6.559;3.386;2026-03-05T22:32:18.708666+00:00;temperature;31.80
4853;pms5003;3628;6.559;3.386;2026-03-05T22:37:35.982706+00:00;P2;33.40
4853;pms5003;3628;6.559;3.386;2026-03-05T22:37:35.982706+00:00;P1;48.20
4853;pms5003;3628;6.559;3.386;2026-03-05T22:37:35.982706+00:00;P0;22.00
4854;DHT22;3628;6.559;3.386;2026-03-05T22:37:53.437906+00:00;humidity;85.80
4854;DHT22;3628;6.559;3.386;2026-03-05T22:37:53.437906+00:00;temperature;31.70
4853;pms5003;3628;6.559;3.386;2026-03-05T22:43:13.503947+00:00;P2;28.40
4853;pms5003;3628;6.559;3.386;2026-03-05T22:43:13.503947+00:00;P1;29.40
4853;pms5003;3628;6.559;3.386;2026-03-05T22:43:13.503947+00:00;P0;20.00
4854;DHT22;3628;6.559;3.386;2026-03-05T22:43:31.004952+00:00;humidity;85.70
4854;DHT22;3628;6.559;3.386;2026-03-05T22:43:31.004952+00:00;temperature;31.60
4853;pms5003;3628;6.559;3.386;2026-03-05T22:54:25.136670+00:00;P2;30.00
4853;pms5003;3628;6.559;3.386;2026-03-05T22:54:25.136670+00:00;P1;43.50
4853;pms5003;3628;6.559;3.386;2026-03-05T22:54:25.136670+00:00;P0;21.50
4854;DHT22;3628;6.559;3.386;2026-03-05T22:54:42.592077+00:00;humidity;86.10
4854;DHT22;3628;6.559;3.386;2026-03-05T22:54:42.592077+00:00;temperature;31.60
4854;DHT22;3628;6.559;3.386;2026-03-05T23:00:09.209721+00:00;humidity;85.80
4854;DHT22;3628;6.559;3.386;2026-03-05T23:00:09.209721+00:00;temperature;31.70
4853;pms5003;3628;6.559;3.386;2026-03-05T23:05:26.427012+00:00;P2;36.40
4853;pms5003;3628;6.559;3.386;2026-03-05T23:05:26.427012+00:00;P1;52.00
4853;pms5003;3628;6.559;3.386;2026-03-05T23:05:26.427012+00:00;P0;24.00
4853;pms5003;3628;6.559;3.386;2026-03-05T23:10:50.533423+00:00;P2;49.00
4853;pms5003;3628;6.559;3.386;2026-03-05T23:10:50.533423+00:00;P1;68.00
4853;pms5003;3628;6.559;3.386;2026-03-05T23:10:50.533423+00:00;P0;30.00
4854;DHT22;3628;6.559;3.386;2026-03-05T23:11:07.905200+00:00;humidity;85.80
4854;DHT22;3628;6.559;3.386;2026-03-05T23:11:07.905200+00:00;temperature;31.70
4853;pms5003;3628;6.559;3.386;2026-03-05T23:16:25.198376+00:00;P2;51.00
4853;pms5003;3628;6.559;3.386;2026-03-05T23:16:25.198376+00:00;P1;69.67
4853;pms5003;3628;6.559;3.386;2026-03-05T23:16:25.198376+00:00;P0;32.67
4854;DHT22;3628;6.559;3.386;2026-03-05T23:22:06.584747+00:00;humidity;85.90
4854;DHT22;3628;6.559;3.386;2026-03-05T23:22:06.584747+00:00;temperature;31.70
4854;DHT22;3628;6.559;3.386;2026-03-05T23:27:30.923615+00:00;humidity;86.30
4854;DHT22;3628;6.559;3.386;2026-03-05T23:27:30.923615+00:00;temperature;31.50
4853;pms5003;3628;6.559;3.386;2026-03-05T23:32:48.121134+00:00;P2;32.00
4853;pms5003;3628;6.559;3.386;2026-03-05T23:32:48.121134+00:00;P1;48.50
4853;pms5003;3628;6.559;3.386;2026-03-05T23:32:48.121134+00:00;P0;22.00
4854;DHT22;3628;6.559;3.386;2026-03-05T23:33:05.597686+00:00;humidity;86.10
4854;DHT22;3628;6.559;3.386;2026-03-05T23:33:05.597686+00:00;temperature;31.60
4854;DHT22;3628;6.559;3.386;2026-03-05T23:38:29.562319+00:00;humidity;86.20
4854;DHT22;3628;6.559;3.386;2026-03-05T23:38:29.562319+00:00;temperature;31.50
4853;pms5003;3628;6.559;3.386;2026-03-05T23:43:46.861768+00:00;P2;31.33
4853;pms5003;3628;6.559;3.386;2026-03-05T23:43:46.861768+00:00;P1;43.67
4853;pms5003;3628;6.559;3.386;2026-03-05T23:43:46.861768+00:00;P0;21.67
4854;DHT22;3628;6.559;3.386;2026-03-05T23:49:17.361895+00:00;humidity;86.30
4854;DHT22;3628;6.559;3.386;2026-03-05T23:49:17.361895+00:00;temperature;31.50
4853;pms5003;3628;6.559;3.386;2026-03-05T23:54:34.650188+00:00;P2;34.25
4853;pms5003;3628;6.559;3.386;2026-03-05T23:54:34.650188+00:00;P1;41.75
4853;pms5003;3628;6.559;3.386;2026-03-05T23:54:34.650188+00:00;P0;24.00
4853;pms5003;3628;6.559;3.386;2026-03-05T23:59:58.486050+00:00;P2;33.25
4853;pms5003;3628;6.559;3.386;2026-03-05T23:59:58.486050+00:00;P1;48.75
4853;pms5003;3628;6.559;3.386;2026-03-05T23:59:58.486050+00:00;P0;21.75
4853;pms5003;3628;6.559;3.386;2026-03-06T00:05:33.246175+00:00;P2;26.50
4853;pms5003;3628;6.559;3.386;2026-03-06T00:05:33.246175+00:00;P1;30.50
4853;pms5003;3628;6.559;3.386;2026-03-06T00:05:33.246175+00:00;P0;17.50
4854;DHT22;3628;6.559;3.386;2026-03-06T00:05:50.643116+00:00;humidity;86.50
4854;DHT22;3628;6.559;3.386;2026-03-06T00:05:50.643116+00:00;temperature;31.40
4853;pms5003;3628;6.559;3.386;2026-03-06T00:11:08.035849+00:00;P2;29.50
4853;pms5003;3628;6.559;3.386;2026-03-06T00:11:08.035849+00:00;P1;35.00
4853;pms5003;3628;6.559;3.386;2026-03-06T00:11:08.035849+00:00;P0;19.00
4854;DHT22;3628;6.559;3.386;2026-03-06T00:11:25.445557+00:00;humidity;86.10
4854;DHT22;3628;6.559;3.386;2026-03-06T00:11:25.445557+00:00;temperature;31.40
4853;pms5003;3628;6.559;3.386;2026-03-06T00:16:42.659390+00:00;P2;33.00
4853;pms5003;3628;6.559;3.386;2026-03-06T00:16:42.659390+00:00;P1;43.60
4853;pms5003;3628;6.559;3.386;2026-03-06T00:16:42.659390+00:00;P0;20.00
4854;DHT22;3628;6.559;3.386;2026-03-06T00:17:00.182391+00:00;humidity;86.30
4854;DHT22;3628;6.559;3.386;2026-03-06T00:17:00.182391+00:00;temperature;31.30
4853;pms5003;3628;6.559;3.386;2026-03-06T00:22:17.282351+00:00;P2;31.25
4853;pms5003;3628;6.559;3.386;2026-03-06T00:22:17.282351+00:00;P1;43.75
4853;pms5003;3628;6.559;3.386;2026-03-06T00:22:17.282351+00:00;P0;19.50
4853;pms5003;3628;6.559;3.386;2026-03-06T00:27:41.171112+00:00;P2;30.25
4853;pms5003;3628;6.559;3.386;2026-03-06T00:27:41.171112+00:00;P1;43.50
4853;pms5003;3628;6.559;3.386;2026-03-06T00:27:41.171112+00:00;P0;20.25
4854;DHT22;3628;6.559;3.386;2026-03-06T00:27:58.589185+00:00;humidity;86.20
4854;DHT22;3628;6.559;3.386;2026-03-06T00:27:58.589185+00:00;temperature;31.30
4853;pms5003;3628;6.559;3.386;2026-03-06T00:33:15.874680+00:00;P2;34.25
4853;pms5003;3628;6.559;3.386;2026-03-06T00:33:15.874680+00:00;P1;51.25
4853;pms5003;3628;6.559;3.386;2026-03-06T00:33:15.874680+00:00;P0;22.00
4854;DHT22;3628;6.559;3.386;2026-03-06T00:33:33.365908+00:00;humidity;85.90
4854;DHT22;3628;6.559;3.386;2026-03-06T00:33:33.365908+00:00;temperature;31.30
4854;DHT22;3628;6.559;3.386;2026-03-06T05:53:22.454376+00:00;humidity;100.00
4854;DHT22;3628;6.559;3.386;2026-03-06T05:53:22.454376+00:00;temperature;30.00
4853;pms5003;3628;6.559;3.386;2026-03-06T05:58:39.630013+00:00;P2;38.67
4853;pms5003;3628;6.559;3.386;2026-03-06T05:58:39.630013+00:00;P1;54.67
4853;pms5003;3628;6.559;3.386;2026-03-06T05:58:39.630013+00:00;P0;25.67
4854;DHT22;3628;6.559;3.386;2026-03-06T12:47:41.618798+00:00;humidity;58.80
4854;DHT22;3628;6.559;3.386;2026-03-06T12:47:41.618798+00:00;temperature;39.40
4853;pms5003;3628;6.559;3.386;2026-03-06T12:52:58.604076+00:00;P2;31.25
4853;pms5003;3628;6.559;3.386;2026-03-06T12:52:58.604076+00:00;P1;47.00
4853;pms5003;3628;6.559;3.386;2026-03-06T12:52:58.604076+00:00;P0;22.25
4853;pms5003;3628;6.559;3.386;2026-03-06T13:03:38.826151+00:00;P2;33.33
4853;pms5003;3628;6.559;3.386;2026-03-06T13:03:38.826151+00:00;P1;39.33
4853;pms5003;3628;6.559;3.386;2026-03-06T13:03:38.826151+00:00;P0;23.00
4854;DHT22;3628;6.559;3.386;2026-03-06T13:03:56.270633+00:00;humidity;61.40
4854;DHT22;3628;6.559;3.386;2026-03-06T13:03:56.270633+00:00;temperature;37.90
4853;pms5003;3628;6.559;3.386;2026-03-06T13:09:13.440209+00:00;P2;33.75
4853;pms5003;3628;6.559;3.386;2026-03-06T13:09:13.440209+00:00;P1;43.00
4853;pms5003;3628;6.559;3.386;2026-03-06T13:09:13.440209+00:00;P0;22.00
4854;DHT22;3628;6.559;3.386;2026-03-06T13:09:30.751517+00:00;humidity;61.60
4854;DHT22;3628;6.559;3.386;2026-03-06T13:09:30.751517+00:00;temperature;37.60
4853;pms5003;3628;6.559;3.386;2026-03-06T13:14:47.917379+00:00;P2;31.60
4853;pms5003;3628;6.559;3.386;2026-03-06T13:14:47.917379+00:00;P1;37.60
4853;pms5003;3628;6.559;3.386;2026-03-06T13:14:47.917379+00:00;P0;21.40
4854;DHT22;3628;6.559;3.386;2026-03-06T13:15:05.293942+00:00;humidity;60.20
4854;DHT22;3628;6.559;3.386;2026-03-06T13:15:05.293942+00:00;temperature;38.70
4853;pms5003;3628;6.559;3.386;2026-03-06T13:20:22.442667+00:00;P2;34.00
4853;pms5003;3628;6.559;3.386;2026-03-06T13:20:22.442667+00:00;P1;41.00
4853;pms5003;3628;6.559;3.386;2026-03-06T13:20:22.442667+00:00;P0;23.00
4854;DHT22;3628;6.559;3.386;2026-03-06T13:20:39.914171+00:00;humidity;57.90
4854;DHT22;3628;6.559;3.386;2026-03-06T13:20:39.914171+00:00;temperature;40.00
4854;DHT22;3628;6.559;3.386;2026-03-06T13:26:09.653459+00:00;humidity;58.10
4854;DHT22;3628;6.559;3.386;2026-03-06T13:26:09.653459+00:00;temperature;39.80
4853;pms5003;3628;6.559;3.386;2026-03-06T13:36:40.537800+00:00;P2;33.00
4853;pms5003;3628;6.559;3.386;2026-03-06T13:36:40.537800+00:00;P1;43.50
4853;pms5003;3628;6.559;3.386;2026-03-06T13:36:40.537800+00:00;P0;23.25
4854;DHT22;3628;6.559;3.386;2026-03-06T13:36:57.932890+00:00;humidity;58.10
4854;DHT22;3628;6.559;3.386;2026-03-06T13:36:57.932890+00:00;temperature;39.70
4853;pms5003;3628;6.559;3.386;2026-03-06T13:42:15.113980+00:00;P2;37.50
4853;pms5003;3628;6.559;3.386;2026-03-06T13:42:15.113980+00:00;P1;43.25
4853;pms5003;3628;6.559;3.386;2026-03-06T13:42:15.113980+00:00;P0;26.00
4854;DHT22;3628;6.559;3.386;2026-03-06T13:47:56.369067+00:00;humidity;62.90
4854;DHT22;3628;6.559;3.386;2026-03-06T13:47:56.369067+00:00;temperature;37.30
4853;pms5003;3628;6.559;3.386;2026-03-06T13:53:13.563578+00:00;P2;36.00
4853;pms5003;3628;6.559;3.386;2026-03-06T13:53:13.563578+00:00;P1;49.75
4853;pms5003;3628;6.559;3.386;2026-03-06T13:53:13.563578+00:00;P0;23.50
4853;pms5003;3628;6.559;3.386;2026-03-06T13:58:48.129076+00:00;P2;37.50
4853;pms5003;3628;6.559;3.386;2026-03-06T13:58:48.129076+00:00;P1;45.25
4853;pms5003;3628;6.559;3.386;2026-03-06T13:58:48.129076+00:00;P0;26.00
4854;DHT22;3628;6.559;3.386;2026-03-06T13:59:08.439922+00:00;humidity;61.90
4854;DHT22;3628;6.559;3.386;2026-03-06T13:59:08.439922+00:00;temperature;37.80
4853;pms5003;3628;6.559;3.386;2026-03-06T14:05:12.444257+00:00;P2;34.25
4853;pms5003;3628;6.559;3.386;2026-03-06T14:05:12.444257+00:00;P1;37.75
4853;pms5003;3628;6.559;3.386;2026-03-06T14:05:12.444257+00:00;P0;22.25
4854;DHT22;3628;6.559;3.386;2026-03-06T14:09:58.430169+00:00;humidity;58.00
4854;DHT22;3628;6.559;3.386;2026-03-06T14:09:58.430169+00:00;temperature;39.30
4853;pms5003;3628;6.559;3.386;2026-03-06T14:15:24.207267+00:00;P2;35.25
4853;pms5003;3628;6.559;3.386;2026-03-06T14:15:24.207267+00:00;P1;49.50
4853;pms5003;3628;6.559;3.386;2026-03-06T14:15:24.207267+00:00;P0;24.25
4854;DHT22;3628;6.559;3.386;2026-03-06T14:20:53.129518+00:00;humidity;57.30
4854;DHT22;3628;6.559;3.386;2026-03-06T14:20:53.129518+00:00;temperature;39.90
4853;pms5003;3628;6.559;3.386;2026-03-06T14:31:55.474070+00:00;P2;33.00
4853;pms5003;3628;6.559;3.386;2026-03-06T14:31:55.474070+00:00;P1;44.00
4853;pms5003;3628;6.559;3.386;2026-03-06T14:31:55.474070+00:00;P0;22.00
4853;pms5003;3628;6.559;3.386;2026-03-06T14:42:15.874253+00:00;P2;38.00
4853;pms5003;3628;6.559;3.386;2026-03-06T14:42:15.874253+00:00;P1;46.67
4853;pms5003;3628;6.559;3.386;2026-03-06T14:42:15.874253+00:00;P0;2<.67
4854;DHT22;3628;6.559;3.386;2026-03-06T14:42:33.348528+00:00;humidity;57.20
4854;DHT22;3628;6.559;3.386;2026-03-06T14:42:33.348528+00:00;temperature;39.70
4853;pms5003;3628;6.559;3.386;2026-03-06T14:47:50.480195+00:00;P2;35.25
4853;pms5003;3628;6.559;3.386;2026-03-06T14:47:50.480195+00:00;P1;50.50
4853;pms5003;3628;6.559;3.386;2026-03-06T14:47:50.480195+00:00;P0;22.75
4854;DHT22;3628;6.559;3.386;2026-03-06T14:53:42.383476+00:00;humidity;58.10
4854;DHT22;3628;6.559;3.386;2026-03-06T14:53:42.383476+00:00;temperature;38.90
4854;DHT22;3628;6.559;3.386;2026-03-06T14:59:09.302988+00:00;humidity;59.10
4854;DHT22;3628;6.559;3.386;2026-03-06T14:59:09.302988+00:00;temperature;38.70
4853;pms5003;3628;6.559;3.386;2026-03-06T15:05:45.257830+00:00;P2;48.25
4853;pms5003;3628;6.559;3.386;2026-03-06T15:05:45.257830+00:00;P1;65.50
4853;pms5003;3628;6.559;3.386;2026-03-06T15:05:45.257830+00:00;P0;34.00
4853;pms5003;3628;6.559;3.386;2026-03-06T15:09:53.015093+00:00;P2;153.00
4853;pms5003;3628;6.559;3.386;2026-03-06T15:09:53.015093+00:00;P1;170.00
4853;pms5003;3628;6.559;3.386;2026-03-06T15:09:53.015093+00:00;P0;103.00
4854;DHT22;3628;6.559;3.386;2026-03-06T15:10:10.349797+00:00;humidity;58.00
4854;DHT22;3628;6.559;3.386;2026-03-06T15:10:10.349797+00:00;temperature;39.10
4854;DHT22;3628;6.559;3.386;2026-03-06T15:15:30.282901+00:00;P2;70.25
4854;DHT22;3628;6.559;3.386;2026-03-06T15:15:30.282901+00:00;P1;81.50
4854;DHT22;3628;6.559;3.386;2026-03-06T15:15:30.282901+00:00;P0;51.00
4853;pms5003;3628;6.559;3.386;2026-03-06T15:33:09.031751+00:00;P2;40.75
4853;pms5003;3628;6.559;3.386;2026-03-06T15:33:09.031751+00:00;P1;57.25
4853;pms5003;3628;6.559;3.386;2026-03-06T15:33:09.031751+00:00;P0;27.25
4853;pms5003;3628;6.559;3.386;2026-03-06T15:36:59.870253+00:00;P2;52.25
4853;pms5003;3628;6.559;3.386;2026-03-06T15:36:59.870253+00:00;P1;71.25
4853;pms5003;3628;6.559;3.386;2026-03-06T15:36:59.870253+00:00;P0;36.50
4854;DHT22;3628;6.559;3.386;2026-03-06T15:37:20.125006+00:00;humidity;64.10
4854;DHT22;3628;6.559;3.386;2026-03-06T15:37:20.125006+00:00;temperature;36.40
4854;DHT22;3628;6.559;3.386;2026-03-06T15:42:47.167417+00:00;humidity;63.20
4854;DHT22;3628;6.559;3.386;2026-03-06T15:42:47.167417+00:00;temperature;36.30
4853;pms5003;3628;6.559;3.386;2026-03-06T15:48:07.132553+00:00;P2;50.25
4853;pms5003;3628;6.559;3.386;2026-03-06T15:48:07.132553+00:00;P1;67.50
4853;pms5003;3628;6.559;3.386;2026-03-06T15:48:07.132553+00:00;P0;32.25
4854;DHT22;3628;6.559;3.386;2026-03-06T15:48:21.867590+00:00;humidity;63.50
4854;DHT22;3628;6.559;3.386;2026-03-06T15:48:21.867590+00:00;temperature;36.10
4853;pms5003;3628;6.559;3.386;2026-03-06T15:53:47.910679+00:00;P2;91.00
4853;pms5003;3628;6.559;3.386;2026-03-06T15:53:47.910679+00:00;P1;106.00
4853;pms5003;3628;6.559;3.386;2026-03-06T15:53:47.910679+00:00;P0;57.00
4853;pms5003;3628;6.559;3.386;2026-03-06T15:59:05.642273+00:00;P2;158.00
4853;pms5003;3628;6.559;3.386;2026-03-06T15:59:05.642273+00:00;P1;172.67
4853;pms5003;3628;6.559;3.386;2026-03-06T15:59:05.642273+00:00;P0;105.67
4854;DHT22;3628;6.559;3.386;2026-03-06T15:59:21.429476+00:00;humidity;64.10
4854;DHT22;3628;6.559;3.386;2026-03-06T15:59:21.429476+00:00;temperature;36.20
4853;pms5003;3628;6.559;3.386;2026-03-06T16:04:39.633685+00:00;P2;34.00
4853;pms5003;3628;6.559;3.386;2026-03-06T16:04:39.633685+00:00;P1;44.75
4853;pms5003;3628;6.559;3.386;2026-03-06T16:04:39.633685+00:00;P0;22.25
4854;DHT22;3628;6.559;3.386;2026-03-06T16:04:58.075662+00:00;humidity;65.10
4854;DHT22;3628;6.559;3.386;2026-03-06T16:04:58.075662+00:00;temperature;35.80
4854;DHT22;3628;6.559;3.386;2026-03-06T16:10:22.267690+00:00;humidity;66.60
4854;DHT22;3628;6.559;3.386;2026-03-06T16:10:22.267690+00:00;temperature;35.80
4854;DHT22;3628;6.559;3.386;2026-03-06T16:15:46.268385+00:00;humidity;67.00
4854;DHT22;3628;6.559;3.386;2026-03-06T16:15:46.268385+00:00;temperature;35.60
4853;pms5003;3628;6.559;3.386;2026-03-06T16:21:03.344964+00:00;P2;36.00
4853;pms5003;3628;6.559;3.386;2026-03-06T16:21:03.344964+00:00;P1;49.67
4853;pms5003;3628;6.559;3.386;2026-03-06T16:21:03.344964+00:00;P0;24.00
4853;pms5003;3628;6.559;3.386;2026-03-06T16:37:05.460853+00:00;P2;35.33
4853;pms5003;3628;6.559;3.386;2026-03-06T16:37:05.460853+00:00;P1;46.33
4853;pms5003;3628;6.559;3.386;2026-03-06T16:37:05.460853+00:00;P0;23.67
4853;pms5003;3628;6.559;3.386;2026-03-06T16:42:40.129196+00:00;P2;32.75
4853;pms5003;3628;6.559;3.386;2026-03-06T16:42:40.129196+00:00;P1;47.50
4853;pms5003;3628;6.559;3.386;2026-03-06T16:42:40.129196+00:00;P0;22.75
4853;pms5003;3628;6.559;3.386;2026-03-06T16:48:14.822693+00:00;P2;39.40
4853;pms5003;3628;6.559;3.386;2026-03-06T16:48:14.822693+00:00;P1;52.00
4853;pms5003;3628;6.559;3.386;2026-03-06T16:48:14.822693+00:00;P0;27.80
4854;DHT22;3628;6.559;3.386;2026-03-06T16:48:32.393859+00:00;humidity;68.80
4854;DHT22;3628;6.559;3.386;2026-03-06T16:48:32.393859+00:00;temperature;34.90
4854;DHT22;3628;6.559;3.386;2026-03-06T16:54:06.955352+00:00;humidity;69.50
4854;DHT22;3628;6.559;3.386;2026-03-06T16:54:06.955352+00:00;temperature;34.70
4854;DHT22;3628;6.559;3.386;2026-03-06T16:59:41.974187+00:00;humidity;68.90
4854;DHT22;3628;6.559;3.386;2026-03-06T16:59:41.974187+00:00;temperature;34.80
4853;pms5003;3628;6.559;3.386;2026-03-06T17:05:19.018696+00:00;P2;36.00
4853;pms5003;3628;6.559;3.386;2026-03-06T17:05:19.018696+00:00;P1;42.00
4853;pms5003;3628;6.559;3.386;2026-03-06T17:05:19.018696+00:00;P0;24.00
4853;pms5003;3628;6.559;3.386;2026-03-06T17:10:23.347617+00:00;P2;34.00
4853;pms5003;3628;6.559;3.386;2026-03-06T17:10:23.347617+00:00;P1;48.00
4853;pms5003;3628;6.559;3.386;2026-03-06T17:10:23.347617+00:00;P0;21.00
4854;DHT22;3628;6.559;3.386;2026-03-06T17:16:05.271344+00:00;humidity;71.60
4854;DHT22;3628;6.559;3.386;2026-03-06T17:16:05.271344+00:00;temperature;34.10
4853;pms5003;3628;6.559;3.386;2026-03-06T17:21:22.394048+00:00;P2;31.00
4853;pms5003;3628;6.559;3.386;2026-03-06T17:21:22.394048+00:00;P1;41.50
4853;pms5003;3628;6.559;3.386;2026-03-06T17:21:22.394048+00:00;P0;22.00
4853;pms5003;3628;6.559;3.386;2026-03-06T17:26:46.676286+00:00;P2;33.00
4853;pms5003;3628;6.559;3.386;2026-03-06T17:26:46.676286+00:00;P1;44.50
4853;pms5003;3628;6.559;3.386;2026-03-06T17:26:46.676286+00:00;P0;23.50
4853;pms5003;3628;6.559;3.386;2026-03-06T17:38:53.127107+00:00;P2;36.75
4853;pms5003;3628;6.559;3.386;2026-03-06T17:38:53.127107+00:00;P1;52.75
4853;pms5003;3628;6.559;3.386;2026-03-06T17:38:53.127107+00:00;P0;24.75
4854;DHT22;3628;6.559;3.386;2026-03-06T17:43:05.821500+00:00;humidity;74.50
4854;DHT22;3628;6.559;3.386;2026-03-06T17:43:05.821500+00:00;temperature;33.30
4854;DHT22;3628;6.559;3.386;2026-03-06T17:48:30.672124+00:00;humidity;74.90
4854;DHT22;3628;6.559;3.386;2026-03-06T17:48:30.672124+00:00;temperature;33.20
4853;pms5003;3628;6.559;3.386;2026-03-06T17:53:47.946049+00:00;P2;36.00
4853;pms5003;3628;6.559;3.386;2026-03-06T17:53:47.946049+00:00;P1;44.40
4853;pms5003;3628;6.559;3.386;2026-03-06T17:53:47.946049+00:00;P0;23.80
4854;DHT22;3628;6.559;3.386;2026-03-06T17:54:05.280138+00:00;humidity;75.60
4854;DHT22;3628;6.559;3.386;2026-03-06T17:54:05.280138+00:00;temperature;33.20
4853;pms5003;3628;6.559;3.386;2026-03-06T17:59:30.519618+00:00;P2;37.25
4853;pms5003;3628;6.559;3.386;2026-03-06T17:59:30.519618+00:00;P1;51.50
4853;pms5003;3628;6.559;3.386;2026-03-06T17:59:30.519618+00:00;P0;23.50
4854;DHT22;3628;6.559;3.386;2026-03-06T17:59:40.017293+00:00;humidity;76.90
4854;DHT22;3628;6.559;3.386;2026-03-06T17:59:40.017293+00:00;temperature;33.00
4853;pms5003;3628;6.559;3.386;2026-03-06T18:06:14.720476+00:00;P2;37.40
4853;pms5003;3628;6.559;3.386;2026-03-06T18:06:14.720476+00:00;P1;54.00
4853;pms5003;3628;6.559;3.386;2026-03-06T18:06:14.720476+00:00;P0;23.40
4853;pms5003;3628;6.559;3.386;2026-03-06T18:10:21.632012+00:00;P2;39.00
4853;pms5003;3628;6.559;3.386;2026-03-06T18:10:21.632012+00:00;P1;53.50
4853;pms5003;3628;6.559;3.386;2026-03-06T18:10:21.632012+00:00;P0;25.00
4853;pms5003;3628;6.559;3.386;2026-03-06T18:15:56.298853+00:00;P2;38.00
4853;pms5003;3628;6.559;3.386;2026-03-06T18:15:56.298853+00:00;P1;47.00
4853;pms5003;3628;6.559;3.386;2026-03-06T18:15:56.298853+00:00;P0;25.60
4854;DHT22;3628;6.559;3.386;2026-03-06T18:16:13.672144+00:00;humidity;77.80
4854;DHT22;3628;6.559;3.386;2026-03-06T18:16:13.672144+00:00;temperature;32.80
4853;pms5003;3628;6.559;3.386;2026-03-06T18:21:30.934439+00:00;P2;29.00
4853;pms5003;3628;6.559;3.386;2026-03-06T18:21:30.934439+00:00;P1;38.50
4853;pms5003;3628;6.559;3.386;2026-03-06T18:21:30.934439+00:00;P0;20.50
4853;pms5003;3628;6.559;3.386;2026-03-06T18:32:08.009323+00:00;P2;32.25
4853;pms5003;3628;6.559;3.386;2026-03-06T18:32:08.009323+00:00;P1;46.25
4853;pms5003;3628;6.559;3.386;2026-03-06T18:32:08.009323+00:00;P0;20.00
4854;DHT22;3628;6.559;3.386;2026-03-06T18:32:28.234892+00:00;humidity;78.10
4854;DHT22;3628;6.559;3.386;2026-03-06T18:32:28.234892+00:00;temperature;32.70
4853;pms5003;3628;6.559;3.386;2026-03-06T18:37:45.409740+00:00;P2;56.60
4853;pms5003;3628;6.559;3.386;2026-03-06T18:37:45.409740+00:00;P1;73.80
4853;pms5003;3628;6.559;3.386;2026-03-06T18:37:45.409740+00:00;P0;35.00
4854;DHT22;3628;6.559;3.386;2026-03-06T18:38:03.212596+00:00;humidity;79.40
4854;DHT22;3628;6.559;3.386;2026-03-06T18:38:03.212596+00:00;temperature;32.50
4853;pms5003;3628;6.559;3.386;2026-03-06T18:43:20.176077+00:00;P2;33.00
4853;pms5003;3628;6.559;3.386;2026-03-06T18:43:20.176077+00:00;P1;48.25
4853;pms5003;3628;6.559;3.386;2026-03-06T18:43:20.176077+00:00;P0;22.25
4853;pms5003;3628;6.559;3.386;2026-03-06T18:54:36.763722+00:00;P2;33.00
4853;pms5003;3628;6.559;3.386;2026-03-06T18:54:36.763722+00:00;P1;40.00
4853;pms5003;3628;6.559;3.386;2026-03-06T18:54:36.763722+00:00;P0;22.00
4854;DHT22;3628;6.559;3.386;2026-03-06T18:54:54.036733+00:00;humidity;80.00
4854;DHT22;3628;6.559;3.386;2026-03-06T18:54:54.036733+00:00;temperature;32.40
4853;pms5003;3628;6.559;3.386;2026-03-06T19:00:35.173743+00:00;P2;38.67
4853;pms5003;3628;6.559;3.386;2026-03-06T19:00:35.173743+00:00;P1;53.33
4853;pms5003;3628;6.559;3.386;2026-03-06T19:00:35.173743+00:00;P0;24.00
4854;DHT22;3628;6.559;3.386;2026-03-06T19:05:48.334465+00:00;humidity;80.40
4854;DHT22;3628;6.559;3.386;2026-03-06T19:05:48.334465+00:00;temperature;32.40
4854;DHT22;3628;6.559;3.386;2026-03-06T19:11:15.135011+00:00;humidity;80.50
4854;DHT22;3628;6.559;3.386;2026-03-06T19:11:15.135011+00:00;temperature;32.40
4853;pms5003;3628;6.559;3.386;2026-03-06T19:16:33.423714+00:00;P2;23.75
4853;pms5003;3628;6.559;3.386;2026-03-06T19:16:33.423714+00:00;P1;31.50
4853;pms5003;3628;6.559;3.386;2026-03-06T19:16:33.423714+00:00;P0;17.75
4854;DHT22;3628;6.559;3.386;2026-03-06T19:16:50.713455+00:00;humidity;80.70
4854;DHT22;3628;6.559;3.386;2026-03-06T19:16:50.713455+00:00;temperature;32.30
4853;pms5003;3628;6.559;3.386;2026-03-06T19:36:49.151621+00:00;P2;31.50
4853;pms5003;3628;6.559;3.386;2026-03-06T19:36:49.151621+00:00;P1;47.50
4853;pms5003;3628;6.559;3.386;2026-03-06T19:36:49.151621+00:00;P0;21.75
4854;DHT22;3628;6.559;3.386;2026-03-06T19:37:06.577834+00:00;humidity;80.40
4854;DHT22;3628;6.559;3.386;2026-03-06T19:37:06.577834+00:00;temperature;32.40
4853;pms5003;3628;6.559;3.386;2026-03-06T19:42:23.738748+00:00;P2;38.00
4853;pms5003;3628;6.559;3.386;2026-03-06T19:42:23.738748+00:00;P1;55.25
4853;pms5003;3628;6.559;3.386;2026-03-06T19:42:23.738748+00:00;P0;24.00
4853;pms5003;3628;6.559;3.386;2026-03-06T19:48:33.608853+00:00;P2;40.25
4853;pms5003;3628;6.559;3.386;2026-03-06T19:48:33.608853+00:00;P1;56.25
4853;pms5003;3628;6.559;3.386;2026-03-06T19:48:33.608853+00:00;P0;27.00
4853;pms5003;3628;6.559;3.386;2026-03-06T19:53:11.970981+00:00;P2;37.50
4853;pms5003;3628;6.559;3.386;2026-03-06T19:53:11.970981+00:00;P1;54.00
4853;pms5003;3628;6.559;3.386;2026-03-06T19:53:11.970981+00:00;P0;23.00
4854;DHT22;3628;6.559;3.386;2026-03-06T19:53:29.849132+00:00;humidity;81.00
4854;DHT22;3628;6.559;3.386;2026-03-06T19:53:29.849132+00:00;temperature;32.30
4853;pms5003;3628;6.559;3.386;2026-03-06T19:58:46.909522+00:00;P2;36.50
4853;pms5003;3628;6.559;3.386;2026-03-06T19:58:46.909522+00:00;P1;52.50
4853;pms5003;3628;6.559;3.386;2026-03-06T19:58:46.909522+00:00;P0;24.00
4854;DHT22;3628;6.559;3.386;2026-03-06T19:59:04.439934+00:00;humidity;81.50
4854;DHT22;3628;6.559;3.386;2026-03-06T19:59:04.439934+00:00;temperature;32.30
4853;pms5003;3628;6.559;3.386;2026-03-06T20:09:45.772116+00:00;P2;34.50
4853;pms5003;3628;6.559;3.386;2026-03-06T20:09:45.772116+00:00;P1;42.00
4853;pms5003;3628;6.559;3.386;2026-03-06T20:09:45.772116+00:00;P0;24.00
4854;DHT22;3628;6.559;3.386;2026-03-06T20:10:03.332335+00:00;humidity;82.00
4854;DHT22;3628;6.559;3.386;2026-03-06T20:10:03.332335+00:00;temperature;32.30
4853;pms5003;3628;6.559;3.386;2026-03-06T20:15:21.497258+00:00;P2;38.75
4853;pms5003;3628;6.559;3.386;2026-03-06T20:15:21.497258+00:00;P1;52.75
4853;pms5003;3628;6.559;3.386;2026-03-06T20:15:21.497258+00:00;P0;23.50
4854;DHT22;3628;6.559;3.386;2026-03-06T20:15:39.131243+00:00;humidity;82.30
4854;DHT22;3628;6.559;3.386;2026-03-06T20:15:39.131243+00:00;temperature;32.20
4854;DHT22;3628;6.559;3.386;2026-03-06T20:22:02.695725+00:00;humidity;82.40
4854;DHT22;3628;6.559;3.386;2026-03-06T20:22:02.695725+00:00;temperature;32.10
4854;DHT22;3628;6.559;3.386;2026-03-06T20:42:31.229780+00:00;humidity;82.50
4854;DHT22;3628;6.559;3.386;2026-03-06T20:42:31.229780+00:00;temperature;32.10
4853;pms5003;3628;6.559;3.386;2026-03-06T20:47:32.588330+00:00;P2;39.33
4853;pms5003;3628;6.559;3.386;2026-03-06T20:47:32.588330+00:00;P1;55.00
4853;pms5003;3628;6.559;3.386;2026-03-06T20:47:32.588330+00:00;P0;25.00
4853;pms5003;3628;6.559;3.386;2026-03-06T20:53:05.302453+00:00;P2;40.50
4853;pms5003;3628;6.559;3.386;2026-03-06T20:53:05.302453+00:00;P1;60.00
4853;pms5003;3628;6.559;3.386;2026-03-06T20:53:05.302453+00:00;P0;26.00
4854;DHT22;3628;6.559;3.386;2026-03-06T20:53:23.449659+00:00;humidity;82.40
4854;DHT22;3628;6.559;3.386;2026-03-06T20:53:23.449659+00:00;temperature;32.20
4854;DHT22;3628;6.559;3.386;2026-03-06T20:59:06.582884+00:00;humidity;82.80
4854;DHT22;3628;6.559;3.386;2026-03-06T20:59:06.582884+00:00;temperature;32.00
4853;pms5003;3628;6.559;3.386;2026-03-06T21:04:26.569548+00:00;P2;32.75
4853;pms5003;3628;6.559;3.386;2026-03-06T21:04:26.569548+00:00;P1;46.00
4853;pms5003;3628;6.559;3.386;2026-03-06T21:04:26.569548+00:00;P0;22.00
4854;DHT22;3628;6.559;3.386;2026-03-06T21:04:46.996469+00:00;humidity;83.00
4854;DHT22;3628;6.559;3.386;2026-03-06T21:04:46.996469+00:00;temperature;32.00
4853;pms5003;3628;6.559;3.386;2026-03-06T21:10:07.045662+00:00;P2;36.00
4853;pms5003;3628;6.559;3.386;2026-03-06T21:10:07.045662+00:00;P1;48.75
4853;pms5003;3628;6.559;3.386;2026-03-06T21:10:07.045662+00:00;P0;24.00
4854;DHT22;3628;6.559;3.386;2026-03-06T21:26:16.999964+00:00;humidity;83.30
4854;DHT22;3628;6.559;3.386;2026-03-06T21:26:16.999964+00:00;temperature;32.00
4853;pms5003;3628;6.559;3.386;2026-03-06T21:31:43.331624+00:00;P2;33.50
4853;pms5003;3628;6.559;3.386;2026-03-06T21:31:43.331624+00:00;P1;43.00
4853;pms5003;3628;6.559;3.386;2026-03-06T21:31:43.331624+00:00;P0;21.00
4854;DHT22;3628;6.559;3.386;2026-03-06T21:32:08.785089+00:00;humidity;83.30
4854;DHT22;3628;6.559;3.386;2026-03-06T21:32:08.785089+00:00;temperature;32.00
4853;pms5003;3628;6.559;3.386;2026-03-06T21:37:17.031302+00:00;P2;34.00
4853;pms5003;3628;6.559;3.386;2026-03-06T21:37:17.031302+00:00;P1;44.00
4853;pms5003;3628;6.559;3.386;2026-03-06T21:37:17.031302+00:00;P0;22.25
4854;DHT22;3628;6.559;3.386;2026-03-06T21:37:35.282166+00:00;humidity;83.60
4854;DHT22;3628;6.559;3.386;2026-03-06T21:37:35.282166+00:00;temperature;32.00
4853;pms5003;3628;6.559;3.386;2026-03-06T21:42:55.815111+00:00;P2;33.00
4853;pms5003;3628;6.559;3.386;2026-03-06T21:42:55.815111+00:00;P1;41.00
4853;pms5003;3628;6.559;3.386;2026-03-06T21:42:55.815111+00:00;P0;22.00
4854;DHT22;3628;6.559;3.386;2026-03-06T21:43:14.084921+00:00;humidity;83.70
4854;DHT22;3628;6.559;3.386;2026-03-06T21:43:14.084921+00:00;temperature;32.00
4853;pms5003;3628;6.559;3.386;2026-03-06T21:48:48.255074+00:00;P2;29.75
4853;pms5003;3628;6.559;3.386;2026-03-06T21:48:48.255074+00:00;P1;41.50
4853;pms5003;3628;6.559;3.386;2026-03-06T21:48:48.255074+00:00;P0;19.50
4853;pms5003;3628;6.559;3.386;2026-03-06T21:59:11.933141+00:00;P2;30.25
4853;pms5003;3628;6.559;3.386;2026-03-06T21:59:11.933141+00:00;P1;42.00
4853;pms5003;3628;6.559;3.386;2026-03-06T21:59:11.933141+00:00;P0;21.50
4854;DHT22;3628;6.559;3.386;2026-03-06T21:59:47.159165+00:00;humidity;83.70
4854;DHT22;3628;6.559;3.386;2026-03-06T21:59:47.159165+00:00;temperature;31.90
4853;pms5003;3628;6.559;3.386;2026-03-06T22:04:51.612777+00:00;P2;30.50
4853;pms5003;3628;6.559;3.386;2026-03-06T22:04:51.612777+00:00;P1;45.50
4853;pms5003;3628;6.559;3.386;2026-03-06T22:04:51.612777+00:00;P0;20.50
4853;pms5003;3628;6.559;3.386;2026-03-06T22:10:24.542632+00:00;P2;34.33
4853;pms5003;3628;6.559;3.386;2026-03-06T22:10:24.542632+00:00;P1;48.00
4853;pms5003;3628;6.559;3.386;2026-03-06T22:10:24.542632+00:00;P0;22.00
4854;DHT22;3628;6.559;3.386;2026-03-06T22:10:41.956818+00:00;humidity;83.80
4854;DHT22;3628;6.559;3.386;2026-03-06T22:10:41.956818+00:00;temperature;31.90
4853;pms5003;3628;6.559;3.386;2026-03-06T22:15:59.189315+00:00;P2;33.00
4853;pms5003;3628;6.559;3.386;2026-03-06T22:15:59.189315+00:00;P1;39.00
4853;pms5003;3628;6.559;3.386;2026-03-06T22:15:59.189315+00:00;P0;21.00
4854;DHT22;3628;6.559;3.386;2026-03-06T22:16:16.764916+00:00;humidity;84.00
4854;DHT22;3628;6.559;3.386;2026-03-06T22:16:16.764916+00:00;temperature;31.80
4853;pms5003;3628;6.559;3.386;2026-03-06T22:21:36.658139+00:00;P2;31.50
4853;pms5003;3628;6.559;3.386;2026-03-06T22:21:36.658139+00:00;P1;41.75
4853;pms5003;3628;6.559;3.386;2026-03-06T22:21:36.658139+00:00;P0;21.75
4854;DHT22;3628;6.559;3.386;2026-03-06T22:21:51.324899+00:00;humidity;84.00
4854;DHT22;3628;6.559;3.386;2026-03-06T22:21:51.324899+00:00;temperature;31.90
4854;DHT22;3628;6.559;3.386;2026-03-06T22:27:16.171013+00:00;humidity;84.40
4854;DHT22;3628;6.559;3.386;2026-03-06T22:27:16.171013+00:00;temperature;31.80
4854;DHT22;3628;6.559;3.386;2026-03-06T22:33:35.442860+00:00;humidity;84.50
4854;DHT22;3628;6.559;3.386;2026-03-06T22:33:35.442860+00:00;temperature;31.80
4853;pms5003;3628;6.559;3.386;2026-03-06T22:38:01.472788+00:00;P2;32.00
4853;pms5003;3628;6.559;3.386;2026-03-06T22:38:01.472788+00:00;P1;44.75
4853;pms5003;3628;6.559;3.386;2026-03-06T22:38:01.472788+00:00;P0;21.00
4854;DHT22;3628;6.559;3.386;2026-03-06T22:43:34.086335+00:00;humidity;84.20
4854;DHT22;3628;6.559;3.386;2026-03-06T22:43:34.086335+00:00;temperature;31.80
4853;pms5003;3628;6.559;3.386;2026-03-06T22:48:50.412006+00:00;P2;30.00
4853;pms5003;3628;6.559;3.386;2026-03-06T22:48:50.412006+00:00;P1;36.33
4853;pms5003;3628;6.559;3.386;2026-03-06T22:48:50.412006+00:00;P0;20.33
4854;DHT22;3628;6.559;3.386;2026-03-06T22:54:24.118051+00:00;humidity;84.20
4854;DHT22;3628;6.559;3.386;2026-03-06T22:54:24.118051+00:00;temperature;31.80
4854;DHT22;3628;6.559;3.386;2026-03-06T23:00:14.025499+00:00;humidity;84.30
4854;DHT22;3628;6.559;3.386;2026-03-06T23:00:14.025499+00:00;temperature;31.70
4853;pms5003;3628;6.559;3.386;2026-03-06T23:05:04.878842+00:00;P2;32.00
4853;pms5003;3628;6.559;3.386;2026-03-06T23:05:04.878842+00:00;P1;35.00
4853;pms5003;3628;6.559;3.386;2026-03-06T23:05:04.878842+00:00;P0;22.00
4854;DHT22;3628;6.559;3.386;2026-03-07T05:53:05.402299+00:00;humidity;100.00
4854;DHT22;3628;6.559;3.386;2026-03-07T05:53:05.402299+00:00;temperature;29.60
4853;pms5003;3628;6.559;3.386;2026-03-07T05:58:22.591552+00:00;P2;40.25
4853;pms5003;3628;6.559;3.386;2026-03-07T05:58:22.591552+00:00;P1;54.00
4853;pms5003;3628;6.559;3.386;2026-03-07T05:58:22.591552+00:00;P0;26.25
4854;DHT22;3628;6.559;3.386;2026-03-07T05:58:39.964853+00:00;humidity;99.40
4854;DHT22;3628;6.559;3.386;2026-03-07T05:58:39.964853+00:00;temperature;30.50
4853;pms5003;3628;6.559;3.386;2026-03-07T06:07:12.633104+00:00;P2;49.75
4853;pms5003;3628;6.559;3.386;2026-03-07T06:07:12.633104+00:00;P1;63.50
4853;pms5003;3628;6.559;3.386;2026-03-07T06:07:12.633104+00:00;P0;34.00
4853;pms5003;3628;6.559;3.386;2026-03-07T10:52:32.908096+00:00;P2;36.00
4853;pms5003;3628;6.559;3.386;2026-03-07T10:52:32.908096+00:00;P1;46.50
4853;pms5003;3628;6.559;3.386;2026-03-07T10:52:32.908096+00:00;P0;23.50
4854;DHT22;3628;6.559;3.386;2026-03-07T10:52:50.260120+00:00;humidity;71.00
4854;DHT22;3628;6.559;3.386;2026-03-07T10:52:50.260120+00:00;temperature;35.10
4853;pms5003;3628;6.559;3.386;2026-03-07T11:03:20.770418+00:00;P2;32.00
4853;pms5003;3628;6.559;3.386;2026-03-07T11:03:20.770418+00:00;P1;44.75
4853;pms5003;3628;6.559;3.386;2026-03-07T11:03:20.770418+00:00;P0;21.00
4854;DHT22;3628;6.559;3.386;2026-03-07T11:03:38.147494+00:00;humidity;61.40
4854;DHT22;3628;6.559;3.386;2026-03-07T11:03:38.147494+00:00;temperature;39.70
4853;pms5003;3628;6.559;3.386;2026-03-07T11:14:08.544715+00:00;P2;33.00
4853;pms5003;3628;6.559;3.386;2026-03-07T11:14:08.544715+00:00;P1;47.00
4853;pms5003;3628;6.559;3.386;2026-03-07T11:14:08.544715+00:00;P0;23.00
4854;DHT22;3628;6.559;3.386;2026-03-07T11:14:25.958904+00:00;humidity;59.60
4854;DHT22;3628;6.559;3.386;2026-03-07T11:14:25.958904+00:00;temperature;40.30
4854;DHT22;3628;6.559;3.386;2026-03-07T11:20:00.503374+00:00;humidity;62.20
4854;DHT22;3628;6.559;3.386;2026-03-07T11:20:00.503374+00:00;temperature;38.60
4853;pms5003;3628;6.559;3.386;2026-03-07T11:25:18.006705+00:00;P2;35.00
4853;pms5003;3628;6.559;3.386;2026-03-07T11:25:18.006705+00:00;P1;48.33
4853;pms5003;3628;6.559;3.386;2026-03-07T11:25:18.006705+00:00;P0;23.00
4853;pms5003;3628;6.559;3.386;2026-03-07T11:30:42.069909+00:00;P2;33.60
4853;pms5003;3628;6.559;3.386;2026-03-07T11:30:42.069909+00:00;P1;42.80
4853;pms5003;3628;6.559;3.386;2026-03-07T11:30:42.069909+00:00;P0;23.00
4854;DHT22;3628;6.559;3.386;2026-03-07T11:30:59.463222+00:00;humidity;62.70
4854;DHT22;3628;6.559;3.386;2026-03-07T11:30:59.463222+00:00;temperature;38.30
4854;DHT22;3628;6.559;3.386;2026-03-07T12:58:34.273072+00:00;humidity;56.60
4854;DHT22;3628;6.559;3.386;2026-03-07T12:58:34.273072+00:00;temperature;41.00
4853;pms5003;3628;6.559;3.386;2026-03-07T13:09:05.172011+00:00;P2;33.00
4853;pms5003;3628;6.559;3.386;2026-03-07T13:09:05.172011+00:00;P1;39.50
4853;pms5003;3628;6.559;3.386;2026-03-07T13:09:05.172011+00:00;P0;23.00
4853;pms5003;3628;6.559;3.386;2026-03-07T13:28:29.139046+00:00;P2;35.00
4853;pms5003;3628;6.559;3.386;2026-03-07T13:28:29.139046+00:00;P1;47.50
4853;pms5003;3628;6.559;3.386;2026-03-07T13:28:29.139046+00:00;P0;23.75
4853;pms5003;3628;6.559;3.386;2026-03-07T13:55:13.464016+00:00;P2;33.00
4853;pms5003;3628;6.559;3.386;2026-03-07T13:55:13.464016+00:00;P1;45.75
4853;pms5003;3628;6.559;3.386;2026-03-07T13:55:13.464016+00:00;P0;22.00
4854;DHT22;3628;6.559;3.386;2026-03-07T13:55:31.271538+00:00;humidity;59.70
4854;DHT22;3628;6.559;3.386;2026-03-07T13:55:31.271538+00:00;temperature;39.60
4854;DHT22;3628;6.559;3.386;2026-03-07T14:00:55.322224+00:00;humidity;58.50
4854;DHT22;3628;6.559;3.386;2026-03-07T14:00:55.322224+00:00;temperature;40.20
4853;pms5003;3628;6.559;3.386;2026-03-07T14:06:12.493610+00:00;P2;35.00
4853;pms5003;3628;6.559;3.386;2026-03-07T14:06:12.493610+00:00;P1;42.00
4853;pms5003;3628;6.559;3.386;2026-03-07T14:06:12.493610+00:00;P0;24.00
4854;DHT22;3628;6.559;3.386;2026-03-07T14:06:30.925307+00:00;humidity;57.30
4854;DHT22;3628;6.559;3.386;2026-03-07T14:06:30.925307+00:00;temperature;40.80
4854;DHT22;3628;6.559;3.386;2026-03-07T14:11:48.195924+00:00;P2;34.67
4854;DHT22;3628;6.559;3.386;2026-03-07T14:11:48.195924+00:00;P1;42.33
4854;DHT22;3628;6.559;3.386;2026-03-07T14:11:48.195924+00:00;P0;22.67
4853;pms5003;3628;6.559;3.386;2026-03-07T14:22:36.138311+00:00;P2;34.60
4853;pms5003;3628;6.559;3.386;2026-03-07T14:22:36.138311+00:00;P1;47.40
4853;pms5003;3628;6.559;3.386;2026-03-07T14:22:36.138311+00:00;P0;23.60
4853;pms5003;3628;6.559;3.386;2026-03-07T14:28:00.414864+00:00;P2;37.40
4853;pms5003;3628;6.559;3.386;2026-03-07T14:28:00.414864+00:00;P1;48.40
4853;pms5003;3628;6.559;3.386;2026-03-07T14:28:00.414864+00:00;P0;25.40
4854;DHT22;3628;6.559;3.386;2026-03-07T14:33:47.546033+00:00;humidity;59.90
4854;DHT22;3628;6.559;3.386;2026-03-07T14:33:47.546033+00:00;temperature;39.60
4853;pms5003;3628;6.559;3.386;2026-03-07T14:39:04.884906+00:00;P2;33.50
4853;pms5003;3628;6.559;3.386;2026-03-07T14:39:04.884906+00:00;P1;41.25
4853;pms5003;3628;6.559;3.386;2026-03-07T14:39:04.884906+00:00;P0;23.00
4853;pms5003;3628;6.559;3.386;2026-03-07T14:49:41.719545+00:00;P2;36.25
4853;pms5003;3628;6.559;3.386;2026-03-07T14:49:41.719545+00:00;P1;50.25
4853;pms5003;3628;6.559;3.386;2026-03-07T14:49:41.719545+00:00;P0;26.25
4854;DHT22;3628;6.559;3.386;2026-03-07T14:49:59.176002+00:00;humidity;58.50
4854;DHT22;3628;6.559;3.386;2026-03-07T14:49:59.176002+00:00;temperature;40.00
4853;pms5003;3628;6.559;3.386;2026-03-07T14:55:16.330808+00:00;P2;32.00
4853;pms5003;3628;6.559;3.386;2026-03-07T14:55:16.330808+00:00;P1;38.33
4853;pms5003;3628;6.559;3.386;2026-03-07T14:55:16.330808+00:00;P0;22.33
4853;pms5003;3628;6.559;3.386;2026-03-07T15:00:51.962697+00:00;P2;31.80
4853;pms5003;3628;6.559;3.386;2026-03-07T15:00:51.962697+00:00;P1;38.00
4853;pms5003;3628;6.559;3.386;2026-03-07T15:00:51.962697+00:00;P0;22.20
4854;DHT22;3628;6.559;3.386;2026-03-07T15:06:25.521862+00:00;humidity;60.50
4854;DHT22;3628;6.559;3.386;2026-03-07T15:06:25.521862+00:00;temperature;39.50
4854;DHT22;3628;6.559;3.386;2026-03-07T15:22:13.403059+00:00;humidity;63.90
4854;DHT22;3628;6.559;3.386;2026-03-07T15:22:13.403059+00:00;temperature;37.40
4853;pms5003;3628;6.559;3.386;2026-03-07T15:27:30.579127+00:00;P2;33.00
4853;pms5003;3628;6.559;3.386;2026-03-07T15:27:30.579127+00:00;P1;45.00
4853;pms5003;3628;6.559;3.386;2026-03-07T15:27:30.579127+00:00;P0;22.00
4854;DHT22;3628;6.559;3.386;2026-03-07T15:27:48.006453+00:00;humidity;66.00
4854;DHT22;3628;6.559;3.386;2026-03-07T15:27:48.006453+00:00;temperature;37.00
4853;pms5003;3628;6.559;3.386;2026-03-07T15:33:05.440207+00:00;P2;33.50
4853;pms5003;3628;6.559;3.386;2026-03-07T15:33:05.440207+00:00;P1;49.50
4853;pms5003;3628;6.559;3.386;2026-03-07T15:33:05.440207+00:00;P0;23.00
4853;pms5003;3628;6.559;3.386;2026-03-07T15:38:32.604886+00:00;P2;34.00
4853;pms5003;3628;6.559;3.386;2026-03-07T15:38:32.604886+00:00;P1;41.50
4853;pms5003;3628;6.559;3.386;2026-03-07T15:38:32.604886+00:00;P0;23.00
4854;DHT22;3628;6.559;3.386;2026-03-07T15:38:50.131932+00:00;humidity;67.20
4854;DHT22;3628;6.559;3.386;2026-03-07T15:38:50.131932+00:00;temperature;36.50
4854;DHT22;3628;6.559;3.386;2026-03-07T15:44:13.880089+00:00;humidity;66.90
4854;DHT22;3628;6.559;3.386;2026-03-07T15:44:13.880089+00:00;temperature;36.50
4854;DHT22;3628;6.559;3.386;2026-03-07T15:49:38.270924+00:00;humidity;66.60
4854;DHT22;3628;6.559;3.386;2026-03-07T15:49:38.270924+00:00;temperature;36.30
4853;pms5003;3628;6.559;3.386;2026-03-07T15:54:55.571732+00:00;P2;37.33
4853;pms5003;3628;6.559;3.386;2026-03-07T15:54:55.571732+00:00;P1;55.33
4853;pms5003;3628;6.559;3.386;2026-03-07T15:54:55.571732+00:00;P0;25.33
4854;DHT22;3628;6.559;3.386;2026-03-07T15:55:21.907575+00:00;humidity;66.50
4854;DHT22;3628;6.559;3.386;2026-03-07T15:55:21.907575+00:00;temperature;36.40
4853;pms5003;3628;6.559;3.386;2026-03-07T17:35:28.600459+00:00;P2;32.00
4853;pms5003;3628;6.559;3.386;2026-03-07T17:35:28.600459+00:00;P1;38.00
4853;pms5003;3628;6.559;3.386;2026-03-07T17:35:28.600459+00:00;P0;21.25
4854;DHT22;3628;6.559;3.386;2026-03-07T17:40:59.001114+00:00;humidity;77.00
4854;DHT22;3628;6.559;3.386;2026-03-07T17:40:59.001114+00:00;temperature;33.70
4853;pms5003;3628;6.559;3.386;2026-03-07T17:46:16.409844+00:00;P2;33.75
4853;pms5003;3628;6.559;3.386;2026-03-07T17:46:16.409844+00:00;P1;46.75
4853;pms5003;3628;6.559;3.386;2026-03-07T17:46:16.409844+00:00;P0;22.00
4854;DHT22;3628;6.559;3.386;2026-03-07T17:46:33.730352+00:00;humidity;77.70
4854;DHT22;3628;6.559;3.386;2026-03-07T17:46:33.730352+00:00;temperature;33.50
4854;DHT22;3628;6.559;3.386;2026-03-07T17:57:11.683153+00:00;humidity;76.90
4854;DHT22;3628;6.559;3.386;2026-03-07T17:57:11.683153+00:00;temperature;33.40
4854;DHT22;3628;6.559;3.386;2026-03-07T18:02:46.288675+00:00;humidity;77.50
4854;DHT22;3628;6.559;3.386;2026-03-07T18:02:46.288675+00:00;temperature;33.20
4853;pms5003;3628;6.559;3.386;2026-03-07T18:08:03.771970+00:00;P2;40.75
4853;pms5003;3628;6.559;3.386;2026-03-07T18:08:03.771970+00:00;P1;57.00
4853;pms5003;3628;6.559;3.386;2026-03-07T18:08:03.771970+00:00;P0;25.25
4854;DHT22;3628;6.559;3.386;2026-03-07T18:08:21.155489+00:00;humidity;76.70
4854;DHT22;3628;6.559;3.386;2026-03-07T18:08:21.155489+00:00;temperature;33.30
4854;DHT22;3628;6.559;3.386;2026-03-07T18:42:14.550509+00:00;humidity;79.60
4854;DHT22;3628;6.559;3.386;2026-03-07T18:42:14.550509+00:00;temperature;32.90
4853;pms5003;3628;6.559;3.386;2026-03-07T18:47:37.805247+00:00;P2;34.00
4853;pms5003;3628;6.559;3.386;2026-03-07T18:47:37.805247+00:00;P1;46.00
4853;pms5003;3628;6.559;3.386;2026-03-07T18:47:37.805247+00:00;P0;23.00
4854;DHT22;3628;6.559;3.386;2026-03-07T18:47:55.420659+00:00;humidity;81.20
4854;DHT22;3628;6.559;3.386;2026-03-07T18:47:55.420659+00:00;temperature;32.70
4854;DHT22;3628;6.559;3.386;2026-03-07T18:58:39.420554+00:00;humidity;81.10
4854;DHT22;3628;6.559;3.386;2026-03-07T18:58:39.420554+00:00;temperature;32.70
4854;DHT22;3628;6.559;3.386;2026-03-07T19:04:06.394121+00:00;humidity;80.10
4854;DHT22;3628;6.559;3.386;2026-03-07T19:04:06.394121+00:00;temperature;32.60
4853;pms5003;3628;6.559;3.386;2026-03-07T19:09:26.450216+00:00;P2;35.00
4853;pms5003;3628;6.559;3.386;2026-03-07T19:09:26.450216+00:00;P1;43.60
4853;pms5003;3628;6.559;3.386;2026-03-07T19:09:26.450216+00:00;P0;22.00
4854;DHT22;3628;6.559;3.386;2026-03-07T19:09:43.991638+00:00;humidity;81.00
4854;DHT22;3628;6.559;3.386;2026-03-07T19:09:43.991638+00:00;temperature;32.60
4853;pms5003;3628;6.559;3.386;2026-03-07T19:20:32.831770+00:00;P2;38.00
4853;pms5003;3628;6.559;3.386;2026-03-07T19:20:32.831770+00:00;P1;51.50
4853;pms5003;3628;6.559;3.386;2026-03-07T19:20:32.831770+00:00;P0;26.75
4854;DHT22;3628;6.559;3.386;2026-03-07T19:20:50.860191+00:00;humidity;81.40
4854;DHT22;3628;6.559;3.386;2026-03-07T19:20:50.860191+00:00;temperature;32.50
4853;pms5003;3628;6.559;3.386;2026-03-07T19:31:40.373181+00:00;P2;38.00
4853;pms5003;3628;6.559;3.386;2026-03-07T19:31:40.373181+00:00;P1;52.00
4853;pms5003;3628;6.559;3.386;2026-03-07T19:31:40.373181+00:00;P0;25.00
4853;pms5003;3628;6.559;3.386;2026-03-07T19:37:15.199351+00:00;P2;35.50
4853;pms5003;3628;6.559;3.386;2026-03-07T19:37:15.199351+00:00;P1;45.00
4853;pms5003;3628;6.559;3.386;2026-03-07T19:37:15.199351+00:00;P0;23.50
4853;pms5003;3628;6.559;3.386;2026-03-07T19:42:45.312845+00:00;P2;36.25
4853;pms5003;3628;6.559;3.386;2026-03-07T19:42:45.312845+00:00;P1;47.75
4853;pms5003;3628;6.559;3.386;2026-03-07T19:42:45.312845+00:00;P0;24.00
4854;DHT22;3628;6.559;3.386;2026-03-07T19:53:30.487155+00:00;humidity;82.60
4854;DHT22;3628;6.559;3.386;2026-03-07T19:53:30.487155+00:00;temperature;32.50
4854;DHT22;3628;6.559;3.386;2026-03-07T20:04:30.058078+00:00;humidity;83.60
4854;DHT22;3628;6.559;3.386;2026-03-07T20:04:30.058078+00:00;temperature;32.20
4853;pms5003;3628;6.559;3.386;2026-03-07T20:09:50.063332+00:00;P2;32.00
4853;pms5003;3628;6.559;3.386;2026-03-07T20:09:50.063332+00:00;P1;36.00
4853;pms5003;3628;6.559;3.386;2026-03-07T20:09:50.063332+00:00;P0;21.50
4853;pms5003;3628;6.559;3.386;2026-03-07T20:15:30.624491+00:00;P2;30.50
4853;pms5003;3628;6.559;3.386;2026-03-07T20:15:30.624491+00:00;P1;44.00
4853;pms5003;3628;6.559;3.386;2026-03-07T20:15:30.624491+00:00;P0;21.00
4854;DHT22;3628;6.559;3.386;2026-03-07T20:21:08.767097+00:00;humidity;85.20
4854;DHT22;3628;6.559;3.386;2026-03-07T20:21:08.767097+00:00;temperature;32.20
4854;DHT22;3628;6.559;3.386;2026-03-08T05:54:13.565757+00:00;humidity;100.00
4854;DHT22;3628;6.559;3.386;2026-03-08T05:54:13.565757+00:00;temperature;28.70
4853;pms5003;3628;6.559;3.386;2026-03-08T06:01:09.901540+00:00;P2;45.50
4853;pms5003;3628;6.559;3.386;2026-03-08T06:01:09.901540+00:00;P1;62.75
4853;pms5003;3628;6.559;3.386;2026-03-08T06:01:09.901540+00:00;P0;29.50
4854;DHT22;3628;6.559;3.386;2026-03-08T06:01:30.079622+00:00;humidity;100.00
4854;DHT22;3628;6.559;3.386;2026-03-08T06:01:30.079622+00:00;temperature;30.90
4853;pms5003;3628;6.559;3.386;2026-03-08T06:06:44.525112+00:00;P2;50.00
4853;pms5003;3628;6.559;3.386;2026-03-08T06:06:44.525112+00:00;P1;63.00
4853;pms5003;3628;6.559;3.386;2026-03-08T06:06:44.525112+00:00;P0;31.00
4854;DHT22;3628;6.559;3.386;2026-03-08T06:07:02.002286+00:00;humidity;100.00
4854;DHT22;3628;6.559;3.386;2026-03-08T06:07:02.002286+00:00;temperature;31.30
4853;pms5003;3628;6.559;3.386;2026-03-08T06:12:19.221468+00:00;P2;46.00
4853;pms5003;3628;6.559;3.386;2026-03-08T06:12:19.221468+00:00;P1;61.60
4853;pms5003;3628;6.559;3.386;2026-03-08T06:12:19.221468+00:00;P0;30.60
4854;DHT22;3628;6.559;3.386;2026-03-08T06:17:50.383530+00:00;humidity;100.00
4854;DHT22;3628;6.559;3.386;2026-03-08T06:17:50.383530+00:00;temperature;31.00
4853;pms5003;3628;6.559;3.386;2026-03-08T10:32:33.987233+00:00;P2;43.00
4853;pms5003;3628;6.559;3.386;2026-03-08T10:32:33.987233+00:00;P1;57.75
4853;pms5003;3628;6.559;3.386;2026-03-08T10:32:33.987233+00:00;P0;28.50
4854;DHT22;3628;6.559;3.386;2026-03-08T10:32:51.353694+00:00;humidity;80.20
4854;DHT22;3628;6.559;3.386;2026-03-08T10:32:51.353694+00:00;temperature;34.10
4853;pms5003;3628;6.559;3.386;2026-03-08T10:38:08.692833+00:00;P2;43.40
4853;pms5003;3628;6.559;3.386;2026-03-08T10:38:08.692833+00:00;P1;57.00
4853;pms5003;3628;6.559;3.386;2026-03-08T10:38:08.692833+00:00;P0;29.20
4854;DHT22;3628;6.559;3.386;2026-03-08T10:38:26.181873+00:00;humidity;69.10
4854;DHT22;3628;6.559;3.386;2026-03-08T10:38:26.181873+00:00;temperature;38.20
4854;DHT22;3628;6.559;3.386;2026-03-08T10:44:02.070647+00:00;humidity;65.20
4854;DHT22;3628;6.559;3.386;2026-03-08T10:44:02.070647+00:00;temperature;39.10
4853;pms5003;3628;6.559;3.386;2026-03-08T10:49:19.264201+00:00;P2;40.67
4853;pms5003;3628;6.559;3.386;2026-03-08T10:49:19.264201+00:00;P1;52.67
4853;pms5003;3628;6.559;3.386;2026-03-08T10:49:19.264201+00:00;P0;27.00
4854;DHT22;3628;6.559;3.386;2026-03-08T10:49:36.818214+00:00;humidity;63.20
4854;DHT22;3628;6.559;3.386;2026-03-08T10:49:36.818214+00:00;temperature;39.50
4853;pms5003;3628;6.559;3.386;2026-03-08T10:55:13.035038+00:00;P2;39.40
4853;pms5003;3628;6.559;3.386;2026-03-08T10:55:13.035038+00:00;P1;52.20
4853;pms5003;3628;6.559;3.386;2026-03-08T10:55:13.035038+00:00;P0;25.40
4853;pms5003;3628;6.559;3.386;2026-03-08T11:00:21.316486+00:00;P2;37.00
4853;pms5003;3628;6.559;3.386;2026-03-08T11:00:21.316486+00:00;P1;45.00
4853;pms5003;3628;6.559;3.386;2026-03-08T11:00:21.316486+00:00;P0;25.50
4853;pms5003;3628;6.559;3.386;2026-03-08T11:10:59.074495+00:00;P2;36.50
4853;pms5003;3628;6.559;3.386;2026-03-08T11:10:59.074495+00:00;P1;50.50
4853;pms5003;3628;6.559;3.386;2026-03-08T11:10:59.074495+00:00;P0;24.00
4854;DHT22;3628;6.559;3.386;2026-03-08T11:11:16.476465+00:00;humidity;63.60
4854;DHT22;3628;6.559;3.386;2026-03-08T11:11:16.476465+00:00;temperature;39.10
4853;pms5003;3628;6.559;3.386;2026-03-08T11:40:32.846777+00:00;P2;35.25
4853;pms5003;3628;6.559;3.386;2026-03-08T11:40:32.846777+00:00;P1;47.25
4853;pms5003;3628;6.559;3.386;2026-03-08T11:40:32.846777+00:00;P0;23.75
4854;DHT22;3628;6.559;3.386;2026-03-08T11:40:50.361113+00:00;humidity;70.00
4854;DHT22;3628;6.559;3.386;2026-03-08T11:40:50.361113+00:00;temperature;36.10
4853;pms5003;3628;6.559;3.386;2026-03-08T12:44:47.937111+00:00;P2;37.80
4853;pms5003;3628;6.559;3.386;2026-03-08T12:44:47.937111+00:00;P1;50.00
4853;pms5003;3628;6.559;3.386;2026-03-08T12:44:47.937111+00:00;P0;25.00
4853;pms5003;3628;6.559;3.386;2026-03-08T12:50:22.327456+00:00;P2;35.50
4853;pms5003;3628;6.559;3.386;2026-03-08T12:50:22.327456+00:00;P1;48.00
4853;pms5003;3628;6.559;3.386;2026-03-08T12:50:22.327456+00:00;P0;23.00
4854;DHT22;3628;6.559;3.386;2026-03-08T12:50:39.722267+00:00;humidity;63.90
4854;DHT22;3628;6.559;3.386;2026-03-08T12:50:39.722267+00:00;temperature;38.60
4853;pms5003;3628;6.559;3.386;2026-03-08T12:56:01.646548+00:00;P2;34.50
4853;pms5003;3628;6.559;3.386;2026-03-08T12:56:01.646548+00:00;P1;48.50
4853;pms5003;3628;6.559;3.386;2026-03-08T12:56:01.646548+00:00;P0;23.75
4854;DHT22;3628;6.559;3.386;2026-03-08T12:56:14.463953+00:00;humidity;61.80
4854;DHT22;3628;6.559;3.386;2026-03-08T12:56:14.463953+00:00;temperature;39.40
4853;pms5003;3628;6.559;3.386;2026-03-08T13:02:01.552170+00:00;P2;34.00
4853;pms5003;3628;6.559;3.386;2026-03-08T13:02:01.552170+00:00;P1;47.00
4853;pms5003;3628;6.559;3.386;2026-03-08T13:02:01.552170+00:00;P0;23.00
4853;pms5003;3628;6.559;3.386;2026-03-08T13:12:30.367195+00:00;P2;36.00
4853;pms5003;3628;6.559;3.386;2026-03-08T13:12:30.367195+00:00;P1;45.00
4853;pms5003;3628;6.559;3.386;2026-03-08T13:12:30.367195+00:00;P0;24.00
4853;pms5003;3628;6.559;3.386;2026-03-08T13:18:04.988438+00:00;P2;35.50
4853;pms5003;3628;6.559;3.386;2026-03-08T13:18:04.988438+00:00;P1;44.25
4853;pms5003;3628;6.559;3.386;2026-03-08T13:18:04.988438+00:00;P0;23.25
4853;pms5003;3628;6.559;3.386;2026-03-08T13:25:00.325638+00:00;P2;36.67
4853;pms5003;3628;6.559;3.386;2026-03-08T13:25:00.325638+00:00;P1;49.67
4853;pms5003;3628;6.559;3.386;2026-03-08T13:25:00.325638+00:00;P0;23.33
4854;DHT22;3628;6.559;3.386;2026-03-08T13:26:08.919471+00:00;humidity;62.40
4854;DHT22;3628;6.559;3.386;2026-03-08T13:26:08.919471+00:00;temperature;39.20
4854;DHT22;3628;6.559;3.386;2026-03-08T13:30:52.327089+00:00;humidity;62.00
4854;DHT22;3628;6.559;3.386;2026-03-08T13:30:52.327089+00:00;temperature;39.20
4853;pms5003;3628;6.559;3.386;2026-03-08T13:36:09.529854+00:00;P2;34.75
4853;pms5003;3628;6.559;3.386;2026-03-08T13:36:09.529854+00:00;P1;52.50
4853;pms5003;3628;6.559;3.386;2026-03-08T13:36:09.529854+00:00;P0;24.00
4854;DHT22;3628;6.559;3.386;2026-03-08T13:36:26.997192+00:00;humidity;64.00
4854;DHT22;3628;6.559;3.386;2026-03-08T13:36:26.997192+00:00;temperature;38.20
4853;pms5003;3628;6.559;3.386;2026-03-08T13:46:57.484692+00:00;P2;36.00
4853;pms5003;3628;6.559;3.386;2026-03-08T13:46:57.484692+00:00;P1;46.00
4853;pms5003;3628;6.559;3.386;2026-03-08T13:46:57.484692+00:00;P0;24.00
4854;DHT22;3628;6.559;3.386;2026-03-08T13:47:14.871801+00:00;humidity;63.00
4854;DHT22;3628;6.559;3.386;2026-03-08T13:47:14.871801+00:00;temperature;38.90
4854;DHT22;3628;6.559;3.386;2026-03-08T13:52:41.878838+00:00;humidity;61.10
4854;DHT22;3628;6.559;3.386;2026-03-08T13:52:41.878838+00:00;temperature;39.80
4853;pms5003;3628;6.559;3.386;2026-03-08T13:57:59.184954+00:00;P2;36.25
4853;pms5003;3628;6.559;3.386;2026-03-08T13:57:59.184954+00:00;P1;50.00
4853;pms5003;3628;6.559;3.386;2026-03-08T13:57:59.184954+00:00;P0;24.75
4854;DHT22;3628;6.559;3.386;2026-03-08T13:58:16.628687+00:00;humidity;61.60
4854;DHT22;3628;6.559;3.386;2026-03-08T13:58:16.628687+00:00;temperature;39.60
4853;pms5003;3628;6.559;3.386;2026-03-08T14:03:33.738634+00:00;P2;35.25
4853;pms5003;3628;6.559;3.386;2026-03-08T14:03:33.738634+00:00;P1;42.25
4853;pms5003;3628;6.559;3.386;2026-03-08T14:03:33.738634+00:00;P0;23.00
4854;DHT22;3628;6.559;3.386;2026-03-08T14:09:23.831306+00:00;humidity;61.20
4854;DHT22;3628;6.559;3.386;2026-03-08T14:09:23.831306+00:00;temperature;40.10
4854;DHT22;3628;6.559;3.386;2026-03-08T14:14:39.065158+00:00;humidity;61.10
4854;DHT22;3628;6.559;3.386;2026-03-08T14:14:39.065158+00:00;temperature;39.40
4853;pms5003;3628;6.559;3.386;2026-03-08T14:19:56.372027+00:00;P2;40.20
4853;pms5003;3628;6.559;3.386;2026-03-08T14:19:56.372027+00:00;P1;49.20
4853;pms5003;3628;6.559;3.386;2026-03-08T14:19:56.372027+00:00;P0;27.00
4854;DHT22;3628;6.559;3.386;2026-03-08T14:20:13.835395+00:00;humidity;62.50
4854;DHT22;3628;6.559;3.386;2026-03-08T14:20:13.835395+00:00;temperature;38.60
4853;pms5003;3628;6.559;3.386;2026-03-08T14:25:31.111548+00:00;P2;36.00
4853;pms5003;3628;6.559;3.386;2026-03-08T14:25:31.111548+00:00;P1;47.40
4853;pms5003;3628;6.559;3.386;2026-03-08T14:25:31.111548+00:00;P0;24.00
4853;pms5003;3628;6.559;3.386;2026-03-08T14:31:05.723141+00:00;P2;34.60
4853;pms5003;3628;6.559;3.386;2026-03-08T14:31:05.723141+00:00;P1;51.20
4853;pms5003;3628;6.559;3.386;2026-03-08T14:31:05.723141+00:00;P0;23.00
4854;DHT22;3628;6.559;3.386;2026-03-08T14:36:39.486129+00:00;humidity;62.70
4854;DHT22;3628;6.559;3.386;2026-03-08T14:36:39.486129+00:00;temperature;38.80
4854;DHT22;3628;6.559;3.386;2026-03-08T14:42:03.124403+00:00;humidity;62.70
4854;DHT22;3628;6.559;3.386;2026-03-08T14:42:03.124403+00:00;temperature;39.10
4853;pms5003;3628;6.559;3.386;2026-03-08T14:47:20.353199+00:00;P2;36.00
4853;pms5003;3628;6.559;3.386;2026-03-08T14:47:20.353199+00:00;P1;49.50
4853;pms5003;3628;6.559;3.386;2026-03-08T14:47:20.353199+00:00;P0;23.00
4854;DHT22;3628;6.559;3.386;2026-03-08T14:47:37.735139+00:00;humidity;61.90
4854;DHT22;3628;6.559;3.386;2026-03-08T14:47:37.735139+00:00;temperature;39.30
4854;DHT22;3628;6.559;3.386;2026-03-08T14:53:01.692475+00:00;humidity;63.50
4854;DHT22;3628;6.559;3.386;2026-03-08T14:53:01.692475+00:00;temperature;38.70
4854;DHT22;3628;6.559;3.386;2026-03-08T15:09:03.436090+00:00;humidity;63.10
4854;DHT22;3628;6.559;3.386;2026-03-08T15:09:03.436090+00:00;temperature;38.60
4854;DHT22;3628;6.559;3.386;2026-03-08T15:19:41.075601+00:00;humidity;66.40
4854;DHT22;3628;6.559;3.386;2026-03-08T15:19:41.075601+00:00;temperature;37.10
4853;pms5003;3628;6.559;3.386;2026-03-08T15:24:58.339220+00:00;P2;36.00
4853;pms5003;3628;6.559;3.386;2026-03-08T15:24:58.339220+00:00;P1;50.50
4853;pms5003;3628;6.559;3.386;2026-03-08T15:24:58.339220+00:00;P0;24.00
4854;DHT22;3628;6.559;3.386;2026-03-08T15:25:15.744841+00:00;humidity;68.20
4854;DHT22;3628;6.559;3.386;2026-03-08T15:25:15.744841+00:00;temperature;36.50
4854;DHT22;3628;6.559;3.386;2026-03-08T15:30:39.910988+00:00;humidity;67.60
4854;DHT22;3628;6.559;3.386;2026-03-08T15:30:39.910988+00:00;temperature;36.60
4853;pms5003;3628;6.559;3.386;2026-03-08T15:35:57.190856+00:00;P2;34.33
4853;pms5003;3628;6.559;3.386;2026-03-08T15:35:57.190856+00:00;P1;46.33
4853;pms5003;3628;6.559;3.386;2026-03-08T15:35:57.190856+00:00;P0;22.33
4854;DHT22;3628;6.559;3.386;2026-03-08T15:36:14.924533+00:00;humidity;68.50
4854;DHT22;3628;6.559;3.386;2026-03-08T15:36:14.924533+00:00;temperature;36.40
4853;pms5003;3628;6.559;3.386;2026-03-08T15:41:32.796469+00:00;P2;31.00
4853;pms5003;3628;6.559;3.386;2026-03-08T15:41:32.796469+00:00;P1;44.25
4853;pms5003;3628;6.559;3.386;2026-03-08T15:41:32.796469+00:00;P0;2q.00
4854;DHT22;3628;6.559;3.386;2026-03-08T15:41:50.024413+00:00;humidity;69.70
4854;DHT22;3628;6.559;3.386;2026-03-08T15:41:50.024413+00:00;temperature;36.10
4854;DHT22;3628;6.559;3.386;2026-03-08T15:47:14.103817+00:00;humidity;68.80
4854;DHT22;3628;6.559;3.386;2026-03-08T15:47:14.103817+00:00;temperature;36.10
4854;DHT22;3628;6.559;3.386;2026-03-08T15:52:37.850715+00:00;humidity;68.20
4854;DHT22;3628;6.559;3.386;2026-03-08T15:52:37.850715+00:00;temperature;36.30
4853;pms5003;3628;6.559;3.386;2026-03-08T15:57:55.095655+00:00;P2;32.80
4853;pms5003;3628;6.559;3.386;2026-03-08T15:57:55.095655+00:00;P1;43.40
4853;pms5003;3628;6.559;3.386;2026-03-08T15:57:55.095655+00:00;P0;23.00
4854;DHT22;3628;6.559;3.386;2026-03-08T15:58:12.490241+00:00;humidity;69.70
4854;DHT22;3628;6.559;3.386;2026-03-08T15:58:12.490241+00:00;temperature;35.90
4853;pms5003;3628;6.559;3.386;2026-03-08T16:03:29.755208+00:00;P2;33.00
4853;pms5003;3628;6.559;3.386;2026-03-08T16:03:29.755208+00:00;P1;38.00
4853;pms5003;3628;6.559;3.386;2026-03-08T16:03:29.755208+00:00;P0;23.00
4854;DHT22;3628;6.559;3.386;2026-03-08T16:03:47.320577+00:00;humidity;70.00
4854;DHT22;3628;6.559;3.386;2026-03-08T16:03:47.320577+00:00;temperature;35.80
4853;pms5003;3628;6.559;3.386;2026-03-08T16:09:28.689105+00:00;P2;31.20
4853;pms5003;3628;6.559;3.386;2026-03-08T16:09:28.689105+00:00;P1;46.40
4853;pms5003;3628;6.559;3.386;2026-03-08T16:09:28.689105+00:00;P0;21.40
4853;pms5003;3628;6.559;3.386;2026-03-08T16:14:32.024237+00:00;P2;31.75
4853;pms5003;3628;6.559;3.386;2026-03-08T16:14:32.024237+00:00;P1;48.00
4853;pms5003;3628;6.559;3.386;2026-03-08T16:14:32.024237+00:00;P0;21.25
4853;pms5003;3628;6.559;3.386;2026-03-08T16:19:56.343528+00:00;P2;37.50
4853;pms5003;3628;6.559;3.386;2026-03-08T16:19:56.343528+00:00;P1;46.00
4853;pms5003;3628;6.559;3.386;2026-03-08T16:19:56.343528+00:00;P0;24.00
4854;DHT22;3628;6.559;3.386;2026-03-08T16:20:13.912498+00:00;humidity;71.40
4854;DHT22;3628;6.559;3.386;2026-03-08T16:20:13.912498+00:00;temperature;35.70
4854;DHT22;3628;6.559;3.386;2026-03-08T16:25:40.883677+00:00;humidity;70.60
4854;DHT22;3628;6.559;3.386;2026-03-08T16:25:40.883677+00:00;temperature;35.70
4853;pms5003;3628;6.559;3.386;2026-03-08T17:26:53.559885+00:00;P2;34.50
4853;pms5003;3628;6.559;3.386;2026-03-08T17:26:53.559885+00:00;P1;51.00
4853;pms5003;3628;6.559;3.386;2026-03-08T17:26:53.559885+00:00;P0;23.00
4853;pms5003;3628;6.559;3.386;2026-03-08T17:32:17.964749+00:00;P2;34.00
4853;pms5003;3628;6.559;3.386;2026-03-08T17:32:17.964749+00:00;P1;46.00
4853;pms5003;3628;6.559;3.386;2026-03-08T17:32:17.964749+00:00;P0;22.50
4854;DHT22;3628;6.559;3.386;2026-03-08T17:32:35.596907+00:00;humidity;78.30
4854;DHT22;3628;6.559;3.386;2026-03-08T17:32:35.596907+00:00;temperature;33.60
4854;DHT22;3628;6.559;3.386;2026-03-08T17:43:23.554262+00:00;humidity;79.20
4854;DHT22;3628;6.559;3.386;2026-03-08T17:43:23.554262+00:00;temperature;33.50
4854;DHT22;3628;6.559;3.386;2026-03-08T17:59:38.639098+00:00;humidity;80.90
4854;DHT22;3628;6.559;3.386;2026-03-08T17:59:38.639098+00:00;temperature;33.10
4854;DHT22;3628;6.559;3.386;2026-03-08T18:20:56.215367+00:00;humidity;82.00
4854;DHT22;3628;6.559;3.386;2026-03-08T18:20:56.215367+00:00;temperature;33.00
4853;pms5003;3628;6.559;3.386;2026-03-08T18:26:51.801995+00:00;P2;37.00
4853;pms5003;3628;6.559;3.386;2026-03-08T18:26:51.801995+00:00;P1;52.00
4853;pms5003;3628;6.559;3.386;2026-03-08T18:26:51.801995+00:00;P0;23.00
4854;DHT22;3628;6.559;3.386;2026-03-08T18:43:22.756786+00:00;humidity;82.70
4854;DHT22;3628;6.559;3.386;2026-03-08T18:43:22.756786+00:00;temperature;32.80
4853;pms5003;3628;6.559;3.386;2026-03-08T18:53:03.150182+00:00;P2;38.60
4853;pms5003;3628;6.559;3.386;2026-03-08T18:53:03.150182+00:00;P1;49.80
4853;pms5003;3628;6.559;3.386;2026-03-08T18:53:03.150182+00:00;P0;25.20
4854;DHT22;3628;6.559;3.386;2026-03-08T18:53:20.684212+00:00;humidity;83.90
4854;DHT22;3628;6.559;3.386;2026-03-08T18:53:20.684212+00:00;temperature;32.70
4853;pms5003;3628;6.559;3.386;2026-03-08T18:58:38.165887+00:00;P2;41.50
4853;pms5003;3628;6.559;3.386;2026-03-08T18:58:38.165887+00:00;P1;55.50
4853;pms5003;3628;6.559;3.386;2026-03-08T18:58:38.165887+00:00;P0;26.00
4854;DHT22;3628;6.559;3.386;2026-03-08T18:58:55.603219+00:00;humidity;84.10
4854;DHT22;3628;6.559;3.386;2026-03-08T18:58:55.603219+00:00;temperature;32.70
4853;pms5003;3628;6.559;3.386;2026-03-08T19:04:12.906137+00:00;P2;43.50
4853;pms5003;3628;6.559;3.386;2026-03-08T19:04:12.906137+00:00;P1;54.50
4853;pms5003;3628;6.559;3.386;2026-03-08T19:04:12.906137+00:00;P0;27.50
4854;DHT22;3628;6.559;3.386;2026-03-08T19:09:43.332123+00:00;humidity;84.50
4854;DHT22;3628;6.559;3.386;2026-03-08T19:09:43.332123+00:00;temperature;32.50
4853;pms5003;3628;6.559;3.386;2026-03-08T19:15:33.074599+00:00;P2;35.40
4853;pms5003;3628;6.559;3.386;2026-03-08T19:15:33.074599+00:00;P1;43.00
4853;pms5003;3628;6.559;3.386;2026-03-08T19:15:33.074599+00:00;P0;23.40
4854;DHT22;3628;6.559;3.386;2026-03-08T19:20:31.769669+00:00;humidity;85.40
4854;DHT22;3628;6.559;3.386;2026-03-08T19:20:31.769669+00:00;temperature;32.50
4853;pms5003;3628;6.559;3.386;2026-03-08T19:25:48.903968+00:00;P2;34.50
4853;pms5003;3628;6.559;3.386;2026-03-08T19:25:48.903968+00:00;P1;43.5
4853;pms5003;3628;6.559;3.386;2026-03-08T19:25:48.903968+00:00;P0;23.50
4854;DHT22;3628;6.559;3.386;2026-03-08T19:31:30.363780+00:00;humidity;85.50
4854;DHT22;3628;6.559;3.386;2026-03-08T19:31:30.363780+00:00;temperature;32.50
4853;pms5003;3628;6.559;3.386;2026-03-08T19:36:47.696348+00:00;P2;37.20
4853;pms5003;3628;6.559;3.386;2026-03-08T19:36:47.696348+00:00;P1;54.40
4853;pms5003;3628;6.559;3.386;2026-03-08T19:36:47.696348+00:00;P0;23.00
4854;DHT22;3628;6.559;3.386;2026-03-08T19:37:05.234084+00:00;humidity;85.00
4854;DHT22;3628;6.559;3.386;2026-03-08T19:37:05.234084+00:00;temperature;32.60
4853;pms5003;3628;6.559;3.386;2026-03-08T19:42:47.925370+00:00;P2;38.00
4853;pms5003;3628;6.559;3.386;2026-03-08T19:42:47.925370+00:00;P1;51.75
4853;pms5003;3628;6.559;3.386;2026-03-08T19:42:47.925370+00:00;P0;24.75
4853;pms5003;3628;6.559;3.386;2026-03-08T19:47:46.819795+00:00;P2;39.25
4853;pms5003;3628;6.559;3.386;2026-03-08T19:47:46.819795+00:00;P1;50.75
4853;pms5003;3628;6.559;3.386;2026-03-08T19:47:46.819795+00:00;P0;25.25
4853;pms5003;3628;6.559;3.386;2026-03-08T19:58:24.325289+00:00;P2;33.00
4853;pms5003;3628;6.559;3.386;2026-03-08T19:58:24.325289+00:00;P1;42.00
4853;pms5003;3628;6.559;3.386;2026-03-08T19:58:24.325289+00:00;P0;21.50
4853;pms5003;3628;6.559;3.386;2026-03-08T20:03:59.038104+00:00;P2;30.67
4853;pms5003;3628;6.559;3.386;2026-03-08T20:03:59.038104+00:00;P1;43.00
4853;pms5003;3628;6.559;3.386;2026-03-08T20:03:59.038104+00:00;P0;21.67
4854;DHT22;3628;6.559;3.386;2026-03-08T20:04:19.410944+00:00;humidity;85.60
4854;DHT22;3628;6.559;3.386;2026-03-08T20:04:19.410944+00:00;temperature;32.40
4853;pms5003;3628;6.559;3.386;2026-03-08T20:09:34.075899+00:00;P2;34.00
4853;pms5003;3628;6.559;3.386;2026-03-08T20:09:34.075899+00:00;P1;48.25
4853;pms5003;3628;6.559;3.386;2026-03-08T20:09:34.075899+00:00;P0;22.00
4854;DHT22;3628;6.559;3.386;2026-03-08T20:09:51.507628+00:00;humidity;86.20
4854;DHT22;3628;6.559;3.386;2026-03-08T20:09:51.507628+00:00;temperature;32.30
4853;pms5003;3628;6.559;3.386;2026-03-08T20:15:08.738253+00:00;P2;32.00
4853;pms5003;3628;6.559;3.386;2026-03-08T20:15:08.738253+00:00;P1;39.00
4853;pms5003;3628;6.559;3.386;2026-03-08T20:15:08.738253+00:00;P0;22.00
4854;DHT22;3628;6.559;3.386;2026-03-08T20:15:26.689897+00:00;humidity;86.40
4854;DHT22;3628;6.559;3.386;2026-03-08T20:15:26.689897+00:00;temperature;32.40
4854;DHT22;3628;6.559;3.386;2026-03-08T20:20:50.618056+00:00;humidity;86.30
4854;DHT22;3628;6.559;3.386;2026-03-08T20:20:50.618056+00:00;temperature;32.20
4853;pms5003;3628;6.559;3.386;2026-03-08T20:26:10.717000+00:00;P2;35.25
4853;pms5003;3628;6.559;3.386;2026-03-08T20:26:10.717000+00:00;P1;47.00
4853;pms5003;3628;6.559;3.386;2026-03-08T20:26:10.717000+00:00;P0;23.00
4853;pms5003;3628;6.559;3.386;2026-03-08T20:31:35.075273+00:00;P2;38.00
4853;pms5003;3628;6.559;3.386;2026-03-08T20:31:35.075273+00:00;P1;53.50
4853;pms5003;3628;6.559;3.386;2026-03-08T20:31:35.075273+00:00;P0;24.75
4854;DHT22;3628;6.559;3.386;2026-03-08T20:31:52.460195+00:00;humidity;86.40
4854;DHT22;3628;6.559;3.386;2026-03-08T20:31:52.460195+00:00;temperature;32.30
4853;pms5003;3628;6.559;3.386;2026-03-08T20:37:09.678692+00:00;P2;37.75
4853;pms5003;3628;6.559;3.386;2026-03-08T20:37:09.678692+00:00;P1;47.75
4853;pms5003;3628;6.559;3.386;2026-03-08T20:37:09.678692+00:00;P0;25.75
4854;DHT22;3628;6.559;3.386;2026-03-08T20:37:27.067788+00:00;humidity;86.50
4854;DHT22;3628;6.559;3.386;2026-03-08T20:37:27.067788+00:00;temperature;32.30
4854;DHT22;3628;6.559;3.386;2026-03-09T05:53:22.001251+00:00;humidity;100.00
4854;DHT22;3628;6.559;3.386;2026-03-09T05:53:22.001251+00:00;temperature;28.70
4854;DHT22;3628;6.559;3.386;2026-03-09T05:59:31.473867+00:00;humidity;100.00
4854;DHT22;3628;6.559;3.386;2026-03-09T05:59:31.473867+00:00;temperature;30.70
4853;pms5003;3628;6.559;3.386;2026-03-09T06:04:49.053127+00:00;P2;54.75
4853;pms5003;3628;6.559;3.386;2026-03-09T06:04:49.053127+00:00;P1;70.75
4853;pms5003;3628;6.559;3.386;2026-03-09T06:04:49.053127+00:00;P0;36.75
4854;DHT22;3628;6.559;3.386;2026-03-09T06:05:06.478704+00:00;humidity;100.00
4854;DHT22;3628;6.559;3.386;2026-03-09T06:05:06.478704+00:00;temperature;31.50
4853;pms5003;3628;6.559;3.386;2026-03-09T06:10:23.866198+00:00;P2;57.00
4853;pms5003;3628;6.559;3.386;2026-03-09T06:10:23.866198+00:00;P1;72.50
4853;pms5003;3628;6.559;3.386;2026-03-09T06:10:23.866198+00:00;P0;37.00
4854;DHT22;3628;6.559;3.386;2026-03-09T06:10:41.478292+00:00;humidity;100.00
4854;DHT22;3628;6.559;3.386;2026-03-09T06:10:41.478292+00:00;temperature;31.60
4854;DHT22;3628;6.559;3.386;2026-03-09T06:16:16.172814+00:00;humidity;100.00
4854;DHT22;3628;6.559;3.386;2026-03-09T06:16:16.172814+00:00;temperature;31.50
4853;pms5003;3628;6.559;3.386;2026-03-09T11:31:59.218857+00:00;P2;34.60
4853;pms5003;3628;6.559;3.386;2026-03-09T11:31:59.218857+00:00;P1;44.20
4853;pms5003;3628;6.559;3.386;2026-03-09T11:31:59.218857+00:00;P0;24.20
4854;DHT22;3628;6.559;3.386;2026-03-09T11:32:16.257345+00:00;humidity;62.60
4854;DHT22;3628;6.559;3.386;2026-03-09T11:32:16.257345+00:00;temperature;39.60
4854;DHT22;3628;6.559;3.386;2026-03-09T11:47:04.135366+00:00;humidity;64.70
4854;DHT22;3628;6.559;3.386;2026-03-09T11:47:04.135366+00:00;temperature;37.90
4854;DHT22;3628;6.559;3.386;2026-03-09T11:56:25.929862+00:00;humidity;65.60
4854;DHT22;3628;6.559;3.386;2026-03-09T11:56:25.929862+00:00;temperature;37.50
4853;pms5003;3628;6.559;3.386;2026-03-09T12:36:26.479072+00:00;P2;35.75
4853;pms5003;3628;6.559;3.386;2026-03-09T12:36:26.479072+00:00;P1;51.50
4853;pms5003;3628;6.559;3.386;2026-03-09T12:36:26.479072+00:00;P0;25.25
4854;DHT22;3628;6.559;3.386;2026-03-09T12:36:43.824408+00:00;humidity;64.70
4854;DHT22;3628;6.559;3.386;2026-03-09T12:36:43.824408+00:00;temperature;38.50
4853;pms5003;3628;6.559;3.386;2026-03-09T12:42:01.311902+00:00;P2;37.00
4853;pms5003;3628;6.559;3.386;2026-03-09T12:42:01.311902+00:00;P1;50.40
4853;pms5003;3628;6.559;3.386;2026-03-09T12:42:01.311902+00:00;P0;24.80
4853;pms5003;3628;6.559;3.386;2026-03-09T12:47:28.138490+00:00;P2;37.25
4853;pms5003;3628;6.559;3.386;2026-03-09T12:47:28.138490+00:00;P1;52.00
4853;pms5003;3628;6.559;3.386;2026-03-09T12:47:28.138490+00:00;P0;25.00
4854;DHT22;3628;6.559;3.386;2026-03-09T12:47:48.381247+00:00;humidity;60.30
4854;DHT22;3628;6.559;3.386;2026-03-09T12:47:48.381247+00:00;temperature;40.30
4853;pms5003;3628;6.559;3.386;2026-03-09T12:58:29.369871+00:00;P2;35.00
4853;pms5003;3628;6.559;3.386;2026-03-09T12:58:29.369871+00:00;P1;49.00
4853;pms5003;3628;6.559;3.386;2026-03-09T12:58:29.369871+00:00;P0;24.00
4854;DHT22;3628;6.559;3.386;2026-03-09T13:14:41.145663+00:00;humidity;61.40
4854;DHT22;3628;6.559;3.386;2026-03-09T13:14:41.145663+00:00;temperature;39.60
4853;pms5003;3628;6.559;3.386;2026-03-09T13:19:58.371102+00:00;P2;35.00
4853;pms5003;3628;6.559;3.386;2026-03-09T13:19:58.371102+00:00;P1;50.25
4853;pms5003;3628;6.559;3.386;2026-03-09T13:19:58.371102+00:00;P0;22.75
4854;DHT22;3628;6.559;3.386;2026-03-09T13:25:29.214947+00:00;humidity;61.90
4854;DHT22;3628;6.559;3.386;2026-03-09T13:25:29.214947+00:00;temperature;39.40
4853;pms5003;3628;6.559;3.386;2026-03-09T13:30:46.681479+00:00;P2;34.50
4853;pms5003;3628;6.559;3.386;2026-03-09T13:30:46.681479+00:00;P1;44.50
4853;pms5003;3628;6.559;3.386;2026-03-09T13:30:46.681479+00:00;P0;23.75
4854;DHT22;3628;6.559;3.386;2026-03-09T13:31:04.173769+00:00;humidity;61.30
4854;DHT22;3628;6.559;3.386;2026-03-09T13:31:04.173769+00:00;temperature;39.40
4853;pms5003;3628;6.559;3.386;2026-03-09T13:36:21.430374+00:00;P2;38.00
4853;pms5003;3628;6.559;3.386;2026-03-09T13:36:21.430374+00:00;P1;55.00
4853;pms5003;3628;6.559;3.386;2026-03-09T13:36:21.430374+00:00;P0;24.20
4854;DHT22;3628;6.559;3.386;2026-03-09T13:36:38.845167+00:00;humidity;63.10
4854;DHT22;3628;6.559;3.386;2026-03-09T13:36:38.845167+00:00;temperature;38.80
4854;DHT22;3628;6.559;3.386;2026-03-09T13:42:02.660794+00:00;humidity;63.00
4854;DHT22;3628;6.559;3.386;2026-03-09T13:42:02.660794+00:00;temperature;39.00
4853;pms5003;3628;6.559;3.386;2026-03-09T13:47:19.851080+00:00;P2;39.00
4853;pms5003;3628;6.559;3.386;2026-03-09T13:47:19.851080+00:00;P1;50.00
4853;pms5003;3628;6.559;3.386;2026-03-09T13:47:19.851080+00:00;P0;27.00
4854;DHT22;3628;6.559;3.386;2026-03-09T13:53:11.771451+00:00;humidity;61.10
4854;DHT22;3628;6.559;3.386;2026-03-09T13:53:11.771451+00:00;temperature;39.60
4853;pms5003;3628;6.559;3.386;2026-03-09T13:58:29.517800+00:00;P2;35.00
4853;pms5003;3628;6.559;3.386;2026-03-09T13:58:29.517800+00:00;P1;46.25
4853;pms5003;3628;6.559;3.386;2026-03-09T13:58:29.517800+00:00;P0;22.75
4853;pms5003;3628;6.559;3.386;2026-03-09T14:04:03.630359+00:00;P2;35.60
4853;pms5003;3628;6.559;3.386;2026-03-09T14:04:03.630359+00:00;P1;43.40
4853;pms5003;3628;6.559;3.386;2026-03-09T14:04:03.630359+00:00;P0;24.00
4854;DHT22;3628;6.559;3.386;2026-03-09T14:15:08.762899+00:00;humidity;61.90
4854;DHT22;3628;6.559;3.386;2026-03-09T14:15:08.762899+00:00;temperature;39.10
4854;DHT22;3628;6.559;3.386;2026-03-09T14:20:32.687266+00:00;humidity;63.10
4854;DHT22;3628;6.559;3.386;2026-03-09T14:20:32.687266+00:00;temperature;38.70
4853;pms5003;3628;6.559;3.386;2026-03-09T14:26:21.621082+00:00;humidity;62.50
4853;pms5003;3628;6.559;3.386;2026-03-09T14:26:21.621082+00:00;temperature;39.10
4853;pms5003;3628;6.559;3.386;2026-03-09T14:31:39.048117+00:00;P2;38.00
4853;pms5003;3628;6.559;3.386;2026-03-09T14:31:39.048117+00:00;P1;47.25
4853;pms5003;3628;6.559;3.386;2026-03-09T14:31:39.048117+00:00;P0;24.00
4853;pms5003;3628;6.559;3.386;2026-03-09T14:37:13.767969+00:00;P2;34.40
4853;pms5003;3628;6.559;3.386;2026-03-09T14:37:13.767969+00:00;P1;46.00
4853;pms5003;3628;6.559;3.386;2026-03-09T14:37:13.767969+00:00;P0;24.40
4854;DHT22;3628;6.559;3.386;2026-03-09T14:37:34.045501+00:00;humidity;64.40
4854;DHT22;3628;6.559;3.386;2026-03-09T14:37:34.045501+00:00;temperature;38.40
4853;pms5003;3628;6.559;3.386;2026-03-09T14:42:51.441428+00:00;P2;34.60
4853;pms5003;3628;6.559;3.386;2026-03-09T14:42:51.441428+00:00;P1;47.80
4853;pms5003;3628;6.559;3.386;2026-03-09T14:42:51.441428+00:00;P0;23.00
4853;pms5003;3628;6.559;3.386;2026-03-09T14:48:26.304447+00:00;P2;32.40
4853;pms5003;3628;6.559;3.386;2026-03-09T14:48:26.304447+00:00;P1;45.60
4853;pms5003;3628;6.559;3.386;2026-03-09T14:48:26.304447+00:00;P0;21.40
4854;DHT22;3628;6.559;3.386;2026-03-09T14:53:57.658737+00:00;humidity;65.90
4854;DHT22;3628;6.559;3.386;2026-03-09T14:53:57.658737+00:00;temperature;37.90
4853;pms5003;3628;6.559;3.386;2026-03-09T14:59:21.684255+00:00;P2;31.75
4853;pms5003;3628;6.559;3.386;2026-03-09T14:59:21.684255+00:00;P1;43.25
4853;pms5003;3628;6.559;3.386;2026-03-09T14:59:21.684255+00:00;P0;22.00
4853;pms5003;3628;6.559;3.386;2026-03-09T15:10:11.981101+00:00;P2;34.00
4853;pms5003;3628;6.559;3.386;2026-03-09T15:10:11.981101+00:00;P1;49.25
4853;pms5003;3628;6.559;3.386;2026-03-09T15:10:11.981101+00:00;P0;23.75
4854;DHT22;3628;6.559;3.386;2026-03-09T15:10:29.344857+00:00;humidity;67.00
4854;DHT22;3628;6.559;3.386;2026-03-09T15:10:29.344857+00:00;temperature;37.30
4853;pms5003;3628;6.559;3.386;2026-03-09T15:15:46.907528+00:00;P2;35.00
4853;pms5003;3628;6.559;3.386;2026-03-09T15:15:46.907528+00:00;P1;43.75
4853;pms5003;3628;6.559;3.386;2026-03-09T15:15:46.907528+00:00;P0;24.00
4854;DHT22;3628;6.559;3.386;2026-03-09T15:21:17.637665+00:00;humidity;69.90
4854;DHT22;3628;6.559;3.386;2026-03-09T15:21:17.637665+00:00;temperature;36.20
4853;pms5003;3628;6.559;3.386;2026-03-09T15:26:41.125813+00:00;P2;35.00
4853;pms5003;3628;6.559;3.386;2026-03-09T15:26:41.125813+00:00;P1;44.40
4853;pms5003;3628;6.559;3.386;2026-03-09T15:26:41.125813+00:00;P0;23.00
4854;DHT22;3628;6.559;3.386;2026-03-09T15:26:58.091991+00:00;humidity;70.80
4854;DHT22;3628;6.559;3.386;2026-03-09T15:26:58.091991+00:00;temperature;36.00
4853;pms5003;3628;6.559;3.386;2026-03-09T15:37:50.445896+00:00;P2;34.50
4853;pms5003;3628;6.559;3.386;2026-03-09T15:37:50.445896+00:00;P1;46.50
4853;pms5003;3628;6.559;3.386;2026-03-09T15:37:50.445896+00:00;P0;24.00
4853;pms5003;3628;6.559;3.386;2026-03-09T15:43:13.879384+00:00;P2;38.00
4853;pms5003;3628;6.559;3.386;2026-03-09T15:43:13.879384+00:00;P1;52.50
4853;pms5003;3628;6.559;3.386;2026-03-09T15:43:13.879384+00:00;P0;24.50
4854;DHT22;3628;6.559;3.386;2026-03-09T15:43:34.260761+00:00;humidity;72.60
4854;DHT22;3628;6.559;3.386;2026-03-09T15:43:34.260761+00:00;temperature;35.50
4853;pms5003;3628;6.559;3.386;2026-03-09T15:48:51.557465+00:00;P2;35.60
4853;pms5003;3628;6.559;3.386;2026-03-09T15:48:51.557465+00:00;P1;51.20
4853;pms5003;3628;6.559;3.386;2026-03-09T15:48:51.557465+00:00;P0;23.20
4854;DHT22;3628;6.559;3.386;2026-03-09T15:49:09.373293+00:00;humidity;73.50
4854;DHT22;3628;6.559;3.386;2026-03-09T15:49:09.373293+00:00;temperature;35.40
4854;DHT22;3628;6.559;3.386;2026-03-09T15:54:33.500991+00:00;humidity;73.60
4854;DHT22;3628;6.559;3.386;2026-03-09T15:54:33.500991+00:00;temperature;35.30
4854;DHT22;3628;6.559;3.386;2026-03-09T15:59:57.907287+00:00;humidity;73.20
4854;DHT22;3628;6.559;3.386;2026-03-09T15:59:57.907287+00:00;temperature;35.20
4854;DHT22;3628;6.559;3.386;2026-03-09T16:05:22.238124+00:00;humidity;73.60
4854;DHT22;3628;6.559;3.386;2026-03-09T16:05:22.238124+00:00;temperature;35.40
4853;pms5003;3628;6.559;3.386;2026-03-09T16:10:39.578483+00:00;P2;34.60
4853;pms5003;3628;6.559;3.386;2026-03-09T16:10:39.578483+00:00;P1;49.40
4853;pms5003;3628;6.559;3.386;2026-03-09T16:10:39.578483+00:00;P0;23.00
4854;DHT22;3628;6.559;3.386;2026-03-09T16:16:10.742906+00:00;humidity;74.90
4854;DHT22;3628;6.559;3.386;2026-03-09T16:16:10.742906+00:00;temperature;34.90
4853;pms5003;3628;6.559;3.386;2026-03-09T16:21:27.930705+00:00;P2;34.75
4853;pms5003;3628;6.559;3.386;2026-03-09T16:21:27.930705+00:00;P1;46.25
4853;pms5003;3628;6.559;3.386;2026-03-09T16:21:27.930705+00:00;P0;24.00
4854;DHT22;3628;6.559;3.386;2026-03-09T16:21:45.270921+00:00;humidity;74.20
4854;DHT22;3628;6.559;3.386;2026-03-09T16:21:45.270921+00:00;temperature;34.90
4853;pms5003;3628;6.559;3.386;2026-03-09T16:27:02.625146+00:00;P2;34.00
4853;pms5003;3628;6.559;3.386;2026-03-09T16:27:02.625146+00:00;P1;48.75
4853;pms5003;3628;6.559;3.386;2026-03-09T16:27:02.625146+00:00;P0;23.00
4853;pms5003;3628;6.559;3.386;2026-03-09T16:32:29.791131+00:00;P2;34.80
4853;pms5003;3628;6.559;3.386;2026-03-09T16:32:29.791131+00:00;P1;44.20
4853;pms5003;3628;6.559;3.386;2026-03-09T16:32:29.791131+00:00;P0;22.80
4854;DHT22;3628;6.559;3.386;2026-03-09T16:38:00.158502+00:00;humidity;76.10
4854;DHT22;3628;6.559;3.386;2026-03-09T16:38:00.158502+00:00;temperature;34.40
4853;pms5003;3628;6.559;3.386;2026-03-09T16:48:31.495331+00:00;P2;39.50
4853;pms5003;3628;6.559;3.386;2026-03-09T16:48:31.495331+00:00;P1;53.25
4853;pms5003;3628;6.559;3.386;2026-03-09T16:48:31.495331+00:00;P0;27.00
4854;DHT22;3628;6.559;3.386;2026-03-09T16:48:48.871261+00:00;humidity;77.00
4854;DHT22;3628;6.559;3.386;2026-03-09T16:48:48.871261+00:00;temperature;34.10
4853;pms5003;3628;6.559;3.386;2026-03-09T16:54:06.152471+00:00;P2;36.00
4853;pms5003;3628;6.559;3.386;2026-03-09T16:54:06.152471+00:00;P1;47.50
4853;pms5003;3628;6.559;3.386;2026-03-09T16:54:06.152471+00:00;P0;24.00
4854;DHT22;3628;6.559;3.386;2026-03-09T16:54:23.618240+00:00;humidity;76.30
4854;DHT22;3628;6.559;3.386;2026-03-09T16:54:23.618240+00:00;temperature;34.10
4853;pms5003;3628;6.559;3.386;2026-03-09T16:59:40.720744+00:00;P2;38.50
4853;pms5003;3628;6.559;3.386;2026-03-09T16:59:40.720744+00:00;P1;53.50
4853;pms5003;3628;6.559;3.386;2026-03-09T16:59:40.720744+00:00;P0;25.00
4854;DHT22;3628;6.559;3.386;2026-03-09T16:59:58.192625+00:00;humidity;77.10
4854;DHT22;3628;6.559;3.386;2026-03-09T16:59:58.192625+00:00;temperature;34.20
4854;DHT22;3628;6.559;3.386;2026-03-09T17:05:22.193401+00:00;humidity;78.30
4854;DHT22;3628;6.559;3.386;2026-03-09T17:05:22.193401+00:00;temperature;33.90
4853;pms5003;3628;6.559;3.386;2026-03-09T17:10:39.416823+00:00;P2;35.25
4853;pms5003;3628;6.559;3.386;2026-03-09T17:10:39.416823+00:00;P1;51.25
4853;pms5003;3628;6.559;3.386;2026-03-09T17:10:39.416823+00:00;P0;23.25
4853;pms5003;3628;6.559;3.386;2026-03-09T17:16:03.301006+00:00;P2;35.67
4853;pms5003;3628;6.559;3.386;2026-03-09T17:16:03.301006+00:00;P1;49.67
4853;pms5003;3628;6.559;3.386;2026-03-09T17:16:03.301006+00:00;P0;22.33
4853;pms5003;3628;6.559;3.386;2026-03-09T17:26:51.217302+00:00;P2;35.25
4853;pms5003;3628;6.559;3.386;2026-03-09T17:26:51.217302+00:00;P1;52.50
4853;pms5003;3628;6.559;3.386;2026-03-09T17:26:51.217302+00:00;P0;23.00
4854;DHT22;3628;6.559;3.386;2026-03-09T17:27:08.509764+00:00;humidity;79.80
4854;DHT22;3628;6.559;3.386;2026-03-09T17:27:08.509764+00:00;temperature;33.70
4853;pms5003;3628;6.559;3.386;2026-03-09T17:32:26.011080+00:00;P2;39.00
4853;pms5003;3628;6.559;3.386;2026-03-09T17:32:26.011080+00:00;P1;46.25
4853;pms5003;3628;6.559;3.386;2026-03-09T17:32:26.011080+00:00;P0;25.00
4854;DHT22;3628;6.559;3.386;2026-03-09T17:32:43.157888+00:00;humidity;80.00
4854;DHT22;3628;6.559;3.386;2026-03-09T17:32:43.157888+00:00;temperature;33.50
4853;pms5003;3628;6.559;3.386;2026-03-09T17:38:00.305332+00:00;P2;35.25
4853;pms5003;3628;6.559;3.386;2026-03-09T17:38:00.305332+00:00;P1;40.75
4853;pms5003;3628;6.559;3.386;2026-03-09T17:38:00.305332+00:00;P0;24.50
4854;DHT22;3628;6.559;3.386;2026-03-09T17:38:17.932119+00:00;humidity;80.70
4854;DHT22;3628;6.559;3.386;2026-03-09T17:38:17.932119+00:00;temperature;33.40
4853;pms5003;3628;6.559;3.386;2026-03-09T17:43:35.110002+00:00;P2;33.60
4853;pms5003;3628;6.559;3.386;2026-03-09T17:43:35.110002+00:00;P1;39.80
4853;pms5003;3628;6.559;3.386;2026-03-09T17:43:35.110002+00:00;P0;23.20
4854;DHT22;3628;6.559;3.386;2026-03-09T17:55:12.951467+00:00;humidity;82.20
4854;DHT22;3628;6.559;3.386;2026-03-09T17:55:12.951467+00:00;temperature;33.20
4853;pms5003;3628;6.559;3.386;2026-03-09T18:00:30.204370+00:00;P2;35.00
4853;pms5003;3628;6.559;3.386;2026-03-09T18:00:30.204370+00:00;P1;45.67
4853;pms5003;3628;6.559;3.386;2026-03-09T18:00:30.204370+00:00;P0;23.00
4853;pms5003;3628;6.559;3.386;2026-03-09T18:11:07.693064+00:00;P2;36.50
4853;pms5003;3628;6.559;3.386;2026-03-09T18:11:07.693064+00:00;P1;47.00
4853;pms5003;3628;6.559;3.386;2026-03-09T18:11:07.693064+00:00;P0;24.00
4854;DHT22;3628;6.559;3.386;2026-03-09T18:11:25.086134+00:00;humidity;83.40
4854;DHT22;3628;6.559;3.386;2026-03-09T18:11:25.086134+00:00;temperature;33.10
4853;pms5003;3628;6.559;3.386;2026-03-09T18:16:42.331724+00:00;P2;35.67
4853;pms5003;3628;6.559;3.386;2026-03-09T18:16:42.331724+00:00;P1;47.67
4853;pms5003;3628;6.559;3.386;2026-03-09T18:16:42.331724+00:00;P0;22.67
4854;DHT22;3628;6.559;3.386;2026-03-09T18:16:59.642199+00:00;humidity;83.00
4854;DHT22;3628;6.559;3.386;2026-03-09T18:16:59.642199+00:00;temperature;32.90
4854;DHT22;3628;6.559;3.386;2026-03-09T18:26:07.441544+00:00;humidity;82.70
4854;DHT22;3628;6.559;3.386;2026-03-09T18:26:07.441544+00:00;temperature;33.00
4853;pms5003;3628;6.559;3.386;2026-03-09T18:31:24.629292+00:00;P2;37.25
4853;pms5003;3628;6.559;3.386;2026-03-09T18:31:24.629292+00:00;P1;47.00
4853;pms5003;3628;6.559;3.386;2026-03-09T18:31:24.629292+00:00;P0;25.00
4854;DHT22;3628;6.559;3.386;2026-03-09T18:31:41.978024+00:00;humidity;82.20
4854;DHT22;3628;6.559;3.386;2026-03-09T18:31:41.978024+00:00;temperature;33.00
4853;pms5003;3628;6.559;3.386;2026-03-09T18:42:23.530042+00:00;P2;33.00
4853;pms5003;3628;6.559;3.386;2026-03-09T18:42:23.530042+00:00;P1;44.50
4853;pms5003;3628;6.559;3.386;2026-03-09T18:42:23.530042+00:00;P0;23.00
4854;DHT22;3628;6.559;3.386;2026-03-09T18:42:40.886867+00:00;humidity;82.20
4854;DHT22;3628;6.559;3.386;2026-03-09T18:42:40.886867+00:00;temperature;33.00
4853;pms5003;3628;6.559;3.386;2026-03-09T18:47:58.178318+00:00;P2;35.00
4853;pms5003;3628;6.559;3.386;2026-03-09T18:47:58.178318+00:00;P1;51.00
4853;pms5003;3628;6.559;3.386;2026-03-09T18:47:58.178318+00:00;P0;22.50
4854;DHT22;3628;6.559;3.386;2026-03-09T18:48:15.669315+00:00;humidity;83.30
4854;DHT22;3628;6.559;3.386;2026-03-09T18:48:15.669315+00:00;temperature;32.90
4854;DHT22;3628;6.559;3.386;2026-03-09T18:53:50.304441+00:00;humidity;83.70
4854;DHT22;3628;6.559;3.386;2026-03-09T18:53:50.304441+00:00;temperature;32.90
4853;pms5003;3628;6.559;3.386;2026-03-09T18:59:07.590360+00:00;P2;38.33
4853;pms5003;3628;6.559;3.386;2026-03-09T18:59:07.590360+00:00;P1;49.00
4853;pms5003;3628;6.559;3.386;2026-03-09T18:59:07.590360+00:00;P0;26.00
4853;pms5003;3628;6.559;3.386;2026-03-09T19:04:31.828767+00:00;P2;36.00
4853;pms5003;3628;6.559;3.386;2026-03-09T19:04:31.828767+00:00;P1;42.40
4853;pms5003;3628;6.559;3.386;2026-03-09T19:04:31.828767+00:00;P0;24.00
4854;DHT22;3628;6.559;3.386;2026-03-09T19:04:49.271671+00:00;humidity;84.60
4854;DHT22;3628;6.559;3.386;2026-03-09T19:04:49.271671+00:00;temperature;32.70
4853;pms5003;3628;6.559;3.386;2026-03-09T19:10:06.489426+00:00;P2;36.00
4853;pms5003;3628;6.559;3.386;2026-03-09T19:10:06.489426+00:00;P1;51.50
4853;pms5003;3628;6.559;3.386;2026-03-09T19:10:06.489426+00:00;P0;23.75
4854;DHT22;3628;6.559;3.386;2026-03-09T19:15:48.151145+00:00;humidity;84.70
4854;DHT22;3628;6.559;3.386;2026-03-09T19:15:48.151145+00:00;temperature;32.90
4853;pms5003;3628;6.559;3.386;2026-03-09T19:21:09.317640+00:00;P2;38.00
4853;pms5003;3628;6.559;3.386;2026-03-09T19:21:09.317640+00:00;P1;52.33
4853;pms5003;3628;6.559;3.386;2026-03-09T19:21:09.317640+00:00;P0;25.00
4854;DHT22;3628;6.559;3.386;2026-03-09T19:21:26.627146+00:00;humidity;84.80
4854;DHT22;3628;6.559;3.386;2026-03-09T19:21:26.627146+00:00;temperature;32.80
4853;pms5003;3628;6.559;3.386;2026-03-09T19:26:43.922857+00:00;P2;35.50
4853;pms5003;3628;6.559;3.386;2026-03-09T19:26:43.922857+00:00;P1;44.50
4853;pms5003;3628;6.559;3.386;2026-03-09T19:26:43.922857+00:00;P0;24.00
4854;DHT22;3628;6.559;3.386;2026-03-09T19:27:01.445027+00:00;humidity;84.90
4854;DHT22;3628;6.559;3.386;2026-03-09T19:27:01.445027+00:00;temperature;32.70
4853;pms5003;3628;6.559;3.386;2026-03-09T19:32:18.583892+00:00;P2;34.25
4853;pms5003;3628;6.559;3.386;2026-03-09T19:32:18.583892+00:00;P1;40.75
4853;pms5003;3628;6.559;3.386;2026-03-09T19:32:18.583892+00:00;P0;23.00
4854;DHT22;3628;6.559;3.386;2026-03-09T19:32:35.905444+00:00;humidity;84.50
4854;DHT22;3628;6.559;3.386;2026-03-09T19:32:35.905444+00:00;temperature;32.80
4853;pms5003;3628;6.559;3.386;2026-03-09T19:37:53.143760+00:00;P2;33.50
4853;pms5003;3628;6.559;3.386;2026-03-09T19:37:53.143760+00:00;P1;38.25
4853;pms5003;3628;6.559;3.386;2026-03-09T19:37:53.143760+00:00;P0;24.00
4854;DHT22;3628;6.559;3.386;2026-03-09T19:38:10.508834+00:00;humidity;85.50
4854;DHT22;3628;6.559;3.386;2026-03-09T19:38:10.508834+00:00;temperature;32.60
4853;pms5003;3628;6.559;3.386;2026-03-09T19:43:27.721204+00:00;P2;38.00
4853;pms5003;3628;6.559;3.386;2026-03-09T19:43:27.721204+00:00;P1;45.00
4853;pms5003;3628;6.559;3.386;2026-03-09T19:43:27.721204+00:00;P0;26.00
4854;DHT22;3628;6.559;3.386;2026-03-09T19:43:45.323302+00:00;humidity;84.20
4854;DHT22;3628;6.559;3.386;2026-03-09T19:43:45.323302+00:00;temperature;32.50
4853;pms5003;3628;6.559;3.386;2026-03-09T19:49:02.433791+00:00;P2;38.60
4853;pms5003;3628;6.559;3.386;2026-03-09T19:49:02.433791+00:00;P1;50.80
4853;pms5003;3628;6.559;3.386;2026-03-09T19:49:02.433791+00:00;P0;25.00
4854;DHT22;3628;6.559;3.386;2026-03-09T19:49:22.642528+00:00;humidity;83.90
4854;DHT22;3628;6.559;3.386;2026-03-09T19:49:22.642528+00:00;temperature;32.60
4854;DHT22;3628;6.559;3.386;2026-03-09T19:54:46.836009+00:00;humidity;84.70
4854;DHT22;3628;6.559;3.386;2026-03-09T19:54:46.836009+00:00;temperature;32.60
4853;pms5003;3628;6.559;3.386;2026-03-09T20:00:04.001102+00:00;P2;34.75
4853;pms5003;3628;6.559;3.386;2026-03-09T20:00:04.001102+00:00;P1;47.75
4853;pms5003;3628;6.559;3.386;2026-03-09T20:00:04.001102+00:00;P0;23.00
4854;DHT22;3628;6.559;3.386;2026-03-09T20:00:21.333659+00:00;humidity;85.70
4854;DHT22;3628;6.559;3.386;2026-03-09T20:00:21.333659+00:00;temperature;32.40
4853;pms5003;3628;6.559;3.386;2026-03-09T20:05:38.554444+00:00;P2;40.75
4853;pms5003;3628;6.559;3.386;2026-03-09T20:05:38.554444+00:00;P1;53.75
4853;pms5003;3628;6.559;3.386;2026-03-09T20:05:38.554444+00:00;P0;27.00
4854;DHT22;3628;6.559;3.386;2026-03-09T20:05:56.021228+00:00;humidity;85.10
4854;DHT22;3628;6.559;3.386;2026-03-09T20:05:56.021228+00:00;temperature;32.50
4854;DHT22;3628;6.559;3.386;2026-03-09T20:16:54.933069+00:00;humidity;83.70
4854;DHT22;3628;6.559;3.386;2026-03-09T20:16:54.933069+00:00;temperature;32.40
4853;pms5003;3628;6.559;3.386;2026-03-09T20:22:15.092473+00:00;P2;35.6
4853;pms5003;3628;6.559;3.386;2026-03-09T20:22:15.092473+00:00;P1;52.23
4853;pms5003;3628;6.559;3.386;2026-03-09T20:22:15.092473+00:00;P0;23.33
4854;DHT22;3628;6.559;3.386;2026-03-09T20:22:32.547514+00:00;humidity;84.40
4854;DHT22;3628;6.559;3.386;2026-03-09T20:22:32.547514+00:00;temperature;32.30
4854;DHT22;3628;6.559;3.386;2026-03-09T20:28:05.166225+00:00;humidity;84.80
4854;DHT22;3628;6.559;3.386;2026-03-09T20:28:05.166225+00:00;temperature;32.30
4854;DHT22;3628;6.559;3.386;2026-03-09T20:33:26.511191+00:00;humidity;84.90
4854;DHT22;3628;6.559;3.386;2026-03-09T20:33:26.511191+00:00;temperature;32.30
4853;pms5003;3628;6.559;3.386;2026-03-09T20:38:43.626780+00:00;P2;36.60
4853;pms5003;3628;6.559;3.386;2026-03-09T20:38:43.626780+00:00;P1;43.00
4853;pms5003;3628;6.559;3.386;2026-03-09T20:38:43.626780+00:00;P0;25.00
4854;DHT22;3628;6.559;3.386;2026-03-09T20:39:01.091132+00:00;humidity;85.30
4854;DHT22;3628;6.559;3.386;2026-03-09T20:39:01.091132+00:00;temperature;32.20
4853;pms5003;3628;6.559;3.386;2026-03-09T20:44:21.459904+00:00;P2;36.25
4853;pms5003;3628;6.559;3.386;2026-03-09T20:44:21.459904+00:00;P1;51.25
4853;pms5003;3628;6.559;3.386;2026-03-09T20:44:21.459904+00:00;P0;24.00
4854;DHT22;3628;6.559;3.386;2026-03-09T20:44:38.847168+00:00;humidity;85.50
4854;DHT22;3628;6.559;3.386;2026-03-09T20:44:38.847168+00:00;temperature;32.20
4853;pms5003;3628;6.559;3.386;2026-03-09T20:49:56.137869+00:00;P2;35.75
4853;pms5003;3628;6.559;3.386;2026-03-09T20:49:56.137869+00:00;P1;40.75
4853;pms5003;3628;6.559;3.386;2026-03-09T20:49:56.137869+00:00;P0;23.75
4854;DHT22;3628;6.559;3.386;2026-03-09T20:50:13.469309+00:00;humidity;85.50
4854;DHT22;3628;6.559;3.386;2026-03-09T20:50:13.469309+00:00;temperature;32.20
4853;pms5003;3628;6.559;3.386;2026-03-09T21:06:16.390082+00:00;P2;35.25
4853;pms5003;3628;6.559;3.386;2026-03-09T21:06:16.390082+00:00;P1;42.00
4853;pms5003;3628;6.559;3.386;2026-03-09T21:06:16.390082+00:00;P0;23.50
4854;DHT22;3628;6.559;3.386;2026-03-09T21:06:33.717037+00:00;humidity;85.40
4854;DHT22;3628;6.559;3.386;2026-03-09T21:06:33.717037+00:00;temperature;32.20
4854;DHT22;3628;6.559;3.386;2026-03-09T21:17:11.000043+00:00;humidity;85.20
4854;DHT22;3628;6.559;3.386;2026-03-09T21:17:11.000043+00:00;temperature;32.20
4853;pms5003;3628;6.559;3.386;2026-03-09T21:22:28.299371+00:00;P2;39.00
4853;pms5003;3628;6.559;3.386;2026-03-09T21:22:28.299371+00:00;P1;48.00
4853;pms5003;3628;6.559;3.386;2026-03-09T21:22:28.299371+00:00;P0;25.00
4853;pms5003;3628;6.559;3.386;2026-03-09T21:27:52.157071+00:00;P2;38.80
4853;pms5003;3628;6.559;3.386;2026-03-09T21:27:52.157071+00:00;P1;50.80
4853;pms5003;3628;6.559;3.386;2026-03-09T21:27:52.157071+00:00;P0;25.80
4854;DHT22;3628;6.559;3.386;2026-03-09T21:28:09.566389+00:00;humidity;85.90
4854;DHT22;3628;6.559;3.386;2026-03-09T21:28:09.566389+00:00;temperature;32.10
4854;DHT22;3628;6.559;3.386;2026-03-09T21:34:21.468509+00:00;humidity;85.60
4854;DHT22;3628;6.559;3.386;2026-03-09T21:34:21.468509+00:00;temperature;32.20
4854;DHT22;3628;6.559;3.386;2026-03-09T21:38:53.755827+00:00;P2;35.00
4854;DHT22;3628;6.559;3.386;2026-03-09T21:38:53.755827+00:00;P1;45.00
4854;DHT22;3628;6.559;3.386;2026-03-09T21:38:53.755827+00:00;P0;23.33
4854;DHT22;3628;6.559;3.386;2026-03-09T21:39:11.089058+00:00;humidity;86.30
4854;DHT22;3628;6.559;3.386;2026-03-09T21:39:11.089058+00:00;temperature;32.10
4853;pms5003;3628;6.559;3.386;2026-03-09T21:44:28.352377+00:00;P2;34.80
4853;pms5003;3628;6.559;3.386;2026-03-09T21:44:28.352377+00:00;P1;40.80
4853;pms5003;3628;6.559;3.386;2026-03-09T21:44:28.352377+00:00;P0;22.80
4853;pms5003;3628;6.559;3.386;2026-03-09T21:55:22.331607+00:00;P2;38.25
4853;pms5003;3628;6.559;3.386;2026-03-09T21:55:22.331607+00:00;P1;52.75
4853;pms5003;3628;6.559;3.386;2026-03-09T21:55:22.331607+00:00;P0;25.00
4853;pms5003;3628;6.559;3.386;2026-03-09T22:00:46.260075+00:00;P2;38.60
4853;pms5003;3628;6.559;3.386;2026-03-09T22:00:46.260075+00:00;P1;51.80
4853;pms5003;3628;6.559;3.386;2026-03-09T22:00:46.260075+00:00;P0;26.20
4854;DHT22;3628;6.559;3.386;2026-03-09T22:01:03.621687+00:00;humidity;86.90
4854;DHT22;3628;6.559;3.386;2026-03-09T22:01:03.621687+00:00;temperature;32.10
4854;DHT22;3628;6.559;3.386;2026-03-10T11:13:19.539111+00:00;humidity;72.20
4854;DHT22;3628;6.559;3.386;2026-03-10T11:13:19.539111+00:00;temperature;35.20
4854;DHT22;3628;6.559;3.386;2026-03-10T11:17:25.996290+00:00;humidity;65.20
4854;DHT22;3628;6.559;3.386;2026-03-10T11:17:25.996290+00:00;temperature;37.90
4853;pms5003;3628;6.559;3.386;2026-03-10T11:22:42.858840+00:00;P2;36.00
4853;pms5003;3628;6.559;3.386;2026-03-10T11:22:42.858840+00:00;P1;49.50
4853;pms5003;3628;6.559;3.386;2026-03-10T11:22:42.858840+00:00;P0;23.00
4854;DHT22;3628;6.559;3.386;2026-03-10T11:28:26.841837+00:00;humidity;65.90
4854;DHT22;3628;6.559;3.386;2026-03-10T11:28:26.841837+00:00;temperature;37.60
4854;DHT22;3628;6.559;3.386;2026-03-10T11:44:52.903809+00:00;humidity;66.00
4854;DHT22;3628;6.559;3.386;2026-03-10T11:44:52.903809+00:00;temperature;37.70
4854;DHT22;3628;6.559;3.386;2026-03-10T11:50:27.885967+00:00;humidity;67.00
4854;DHT22;3628;6.559;3.386;2026-03-10T11:50:27.885967+00:00;temperature;37.10
4854;DHT22;3628;6.559;3.386;2026-03-10T12:35:31.101331+00:00;humidity;62.30
4854;DHT22;3628;6.559;3.386;2026-03-10T12:35:31.101331+00:00;temperature;39.30
4853;pms5003;3628;6.559;3.386;2026-03-10T12:40:48.576928+00:00;P2;34.00
4853;pms5003;3628;6.559;3.386;2026-03-10T12:40:48.576928+00:00;P1;40.00
4853;pms5003;3628;6.559;3.386;2026-03-10T12:40:48.576928+00:00;P0;2.00
4853;pms5003;3628;6.559;3.386;2026-03-10T12:41:08.679688+00:00;humidity;62.50
4853;pms5003;3628;6.559;3.386;2026-03-10T12:41:08.679688+00:00;temperature;38.70
4854;DHT22;3628;6.559;3.386;2026-03-10T12:46:30.478167+00:00;humidity;59.50
4854;DHT22;3628;6.559;3.386;2026-03-10T12:46:30.478167+00:00;temperature;39.60
4853;pms5003;3628;6.559;3.386;2026-03-10T12:51:47.577156+00:00;P2;38.00
4853;pms5003;3628;6.559;3.386;2026-03-10T12:51:47.577156+00:00;P1;48.50
4853;pms5003;3628;6.559;3.386;2026-03-10T12:51:47.577156+00:00;P0;24.00
4854;DHT22;3628;6.559;3.386;2026-03-10T12:52:04.929412+00:00;humidity;57.70
4854;DHT22;3628;6.559;3.386;2026-03-10T12:52:04.929412+00:00;temperature;41.20
4853;pms5003;3628;6.559;3.386;2026-03-10T12:57:22.118357+00:00;P2;32.60
4853;pms5003;3628;6.559;3.386;2026-03-10T12:57:22.118357+00:00;P1;47.40
4853;pms5003;3628;6.559;3.386;2026-03-10T12:57:22.118357+00:00;P0;22.20
4854;DHT22;3628;6.559;3.386;2026-03-10T12:57:39.535692+00:00;humidity;56.90
4854;DHT22;3628;6.559;3.386;2026-03-10T12:57:39.535692+00:00;temperature;40.80
4853;pms5003;3628;6.559;3.386;2026-03-10T13:02:56.902075+00:00;P2;34.00
4853;pms5003;3628;6.559;3.386;2026-03-10T13:02:56.902075+00:00;P1;39.75
4853;pms5003;3628;6.559;3.386;2026-03-10T13:02:56.902075+00:00;P0;24.00
4854;DHT22;3628;6.559;3.386;2026-03-10T13:35:16.017120+00:00;humidity;58.30
4854;DHT22;3628;6.559;3.386;2026-03-10T13:35:16.017120+00:00;temperature;40.10
4853;pms5003;3628;6.559;3.386;2026-03-10T13:40:34.746066+00:00;P2;30.50
4853;pms5003;3628;6.559;3.386;2026-03-10T13:40:34.746066+00:00;P1;43.75
4853;pms5003;3628;6.559;3.386;2026-03-10T13:40:34.746066+00:00;P0;21.25
4854;DHT22;3628;6.559;3.386;2026-03-10T13:40:52.461856+00:00;humidity;58.30
4854;DHT22;3628;6.559;3.386;2026-03-10T13:40:52.461856+00:00;temperature;40.10
4853;pms5003;3628;6.559;3.386;2026-03-10T13:51:22.690694+00:00;P2;30.25
4853;pms5003;3628;6.559;3.386;2026-03-10T13:51:22.690694+00:00;P1;41.25
4853;pms5003;3628;6.559;3.386;2026-03-10T13:51:22.690694+00:00;P0;19.50
4854;DHT22;3628;6.559;3.386;2026-03-10T13:51:40.209045+00:00;humidity;56.80
4854;DHT22;3628;6.559;3.386;2026-03-10T13:51:40.209045+00:00;temperature;40.50
4853;pms5003;3628;6.559;3.386;2026-03-10T13:56:57.487676+00:00;P2;32.25
4853;pms5003;3628;6.559;3.386;2026-03-10T13:56:57.487676+00:00;P1;45.25
4853;pms5003;3628;6.559;3.386;2026-03-10T13:56:57.487676+00:00;P0;22.25
4854;DHT22;3628;6.559;3.386;2026-03-10T13:57:14.799608+00:00;humidity;57.80
4854;DHT22;3628;6.559;3.386;2026-03-10T13:57:14.799608+00:00;temperature;40.30
4853;pms5003;3628;6.559;3.386;2026-03-10T14:07:56.355401+00:00;P2;29.33
4853;pms5003;3628;6.559;3.386;2026-03-10T14:07:56.355401+00:00;P1;36.33
4853;pms5003;3628;6.559;3.386;2026-03-10T14:07:56.355401+00:00;P0;21.33
4853;pms5003;3628;6.559;3.386;2026-03-10T14:13:20.188934+00:00;P2;34.33
4853;pms5003;3628;6.559;3.386;2026-03-10T14:13:20.188934+00:00;P1;47.33
4853;pms5003;3628;6.559;3.386;2026-03-10T14:13:20.188934+00:00;P0;22.33
4854;DHT22;3628;6.559;3.386;2026-03-10T14:13:37.614239+00:00;humidity;58.60
4854;DHT22;3628;6.559;3.386;2026-03-10T14:13:37.614239+00:00;temperature;39.90
4854;DHT22;3628;6.559;3.386;2026-03-10T14:40:12.078882+00:00;humidity;62.40
4854;DHT22;3628;6.559;3.386;2026-03-10T14:40:12.078882+00:00;temperature;38.30
4853;pms5003;3628;6.559;3.386;2026-03-10T14:45:29.259173+00:00;P2;36.00
4853;pms5003;3628;6.559;3.386;2026-03-10T14:45:29.259173+00:00;P1;45.00
4853;pms5003;3628;6.559;3.386;2026-03-10T14:45:29.259173+00:00;P0;24.00
4854;DHT22;3628;6.559;3.386;2026-03-10T14:45:46.620462+00:00;humidity;62.90
4854;DHT22;3628;6.559;3.386;2026-03-10T14:45:46.620462+00:00;temperature;37.80
4854;DHT22;3628;6.559;3.386;2026-03-10T14:56:23.887110+00:00;humidity;65.20
4854;DHT22;3628;6.559;3.386;2026-03-10T14:56:23.887110+00:00;temperature;37.40
4853;pms5003;3628;6.559;3.386;2026-03-10T15:01:41.138935+00:00;P2;32.00
4853;pms5003;3628;6.559;3.386;2026-03-10T15:01:41.138935+00:00;P1;42.25
4853;pms5003;3628;6.559;3.386;2026-03-10T15:01:41.138935+00:00;P0;23.00
4854;DHT22;3628;6.559;3.386;2026-03-10T15:01:58.694435+00:00;humidity;66.10
4854;DHT22;3628;6.559;3.386;2026-03-10T15:01:58.694435+00:00;temperature;37.00
4853;pms5003;3628;6.559;3.386;2026-03-10T15:07:15.976739+00:00;P2;33.25
4853;pms5003;3628;6.559;3.386;2026-03-10T15:07:15.976739+00:00;P1;44.25
4853;pms5003;3628;6.559;3.386;2026-03-10T15:07:15.976739+00:00;P0;22.25
4854;DHT22;3628;6.559;3.386;2026-03-10T15:12:46.974627+00:00;humidity;66.30
4854;DHT22;3628;6.559;3.386;2026-03-10T15:12:46.974627+00:00;temperature;36.90
4853;pms5003;3628;6.559;3.386;2026-03-10T15:18:04.229287+00:00;P2;32.40
4853;pms5003;3628;6.559;3.386;2026-03-10T15:18:04.229287+00:00;P1;39.20
4853;pms5003;3628;6.559;3.386;2026-03-10T15:18:04.229287+00:00;P0;21.80
4854;DHT22;3628;6.559;3.386;2026-03-10T15:18:21.528553+00:00;humidity;65.40
4854;DHT22;3628;6.559;3.386;2026-03-10T15:18:21.528553+00:00;temperature;37.20
4854;DHT22;3628;6.559;3.386;2026-03-10T15:23:48.163970+00:00;humidity;66.10
4854;DHT22;3628;6.559;3.386;2026-03-10T15:23:48.163970+00:00;temperature;37.00
4853;pms5003;3628;6.559;3.386;2026-03-10T15:29:05.523566+00:00;P2;36.60
4853;pms5003;3628;6.559;3.386;2026-03-10T15:29:05.523566+00:00;P1;44.60
4853;pms5003;3628;6.559;3.386;2026-03-10T15:29:05.523566+00:00;P0;25.00
4854;DHT22;3628;6.559;3.386;2026-03-10T15:29:22.819534+00:00;humidity;66.40
4854;DHT22;3628;6.559;3.386;2026-03-10T15:29:22.819534+00:00;temperature;36.50
4853;pms5003;3628;6.559;3.386;2026-03-10T15:34:40.109461+00:00;P2;37.75
4853;pms5003;3628;6.559;3.386;2026-03-10T15:34:40.109461+00:00;P1;51.75
4853;pms5003;3628;6.559;3.386;2026-03-10T15:34:40.109461+00:00;P0;23.00
4853;pms5003;3628;6.559;3.386;2026-03-10T15:40:04.044511+00:00;P2;33.33
4853;pms5003;3628;6.559;3.386;2026-03-10T15:40:04.044511+00:00;P1;47.00
4853;pms5003;3628;6.559;3.386;2026-03-10T15:40:04.044511+00:00;P0;24.00
4854;DHT22;3628;6.559;3.386;2026-03-10T15:40:21.456126+00:00;humidity;68.40
4854;DHT22;3628;6.559;3.386;2026-03-10T15:40:21.456126+00:00;temperature;35.80
4853;pms5003;3628;6.559;3.386;2026-03-10T15:45:38.693378+00:00;P2;30.00
4853;pms5003;3628;6.559;3.386;2026-03-10T15:45:38.693378+00:00;P1;46.67
4853;pms5003;3628;6.559;3.386;2026-03-10T15:45:38.693378+00:00;P0;20.67
4854;DHT22;3628;6.559;3.386;2026-03-10T15:45:56.097231+00:00;humidity;68.60
4854;DHT22;3628;6.559;3.386;2026-03-10T15:45:56.097231+00:00;temperature;35.70
4853;pms5003;3628;6.559;3.386;2026-03-10T15:51:13.396827+00:00;P2;34.75
4853;pms5003;3628;6.559;3.386;2026-03-10T15:51:13.396827+00:00;P1;48.00
4853;pms5003;3628;6.559;3.386;2026-03-10T15:51:13.396827+00:00;P0;24.00
4853;pms5003;3628;6.559;3.386;2026-03-10T16:01:51.369106+00:00;P2;32.50
4853;pms5003;3628;6.559;3.386;2026-03-10T16:01:51.369106+00:00;P1;48.50
4853;pms5003;3628;6.559;3.386;2026-03-10T16:01:51.369106+00:00;P0;21.00
4854;DHT22;3628;6.559;3.386;2026-03-10T16:02:08.715114+00:00;humidity;70.70
4854;DHT22;3628;6.559;3.386;2026-03-10T16:02:08.715114+00:00;temperature;35.80
4854;DHT22;3628;6.559;3.386;2026-03-10T16:07:43.758202+00:00;humidity;70.50
4854;DHT22;3628;6.559;3.386;2026-03-10T16:07:43.758202+00:00;temperature;35.80
4853;pms5003;3628;6.559;3.386;2026-03-10T16:13:01.047898+00:00;P2;32.50
4853;pms5003;3628;6.559;3.386;2026-03-10T16:13:01.047898+00:00;P1;49.50
4853;pms5003;3628;6.559;3.386;2026-03-10T16:13:01.047898+00:00;P0;22.50
4854;DHT22;3628;6.559;3.386;2026-03-10T16:13:18.424764+00:00;humidity;71.30
4854;DHT22;3628;6.559;3.386;2026-03-10T16:13:18.424764+00:00;temperature;35.60
4853;pms5003;3628;6.559;3.386;2026-03-10T16:23:59.965476+00:00;P2;31.67
4853;pms5003;3628;6.559;3.386;2026-03-10T16:23:59.965476+00:00;P1;42.33
4853;pms5003;3628;6.559;3.386;2026-03-10T16:23:59.965476+00:00;P0;20.67
4853;pms5003;3628;6.559;3.386;2026-03-10T16:29:34.691562+00:00;P2;30.80
4853;pms5003;3628;6.559;3.386;2026-03-10T16:29:34.691562+00:00;P1;48.80
4853;pms5003;3628;6.559;3.386;2026-03-10T16:29:34.691562+00:00;P0;20.80
4853;pms5003;3628;6.559;3.386;2026-03-10T16:34:58.962316+00:00;P2;30.00
4853;pms5003;3628;6.559;3.386;2026-03-10T16:34:58.962316+00:00;P1;41.25
4853;pms5003;3628;6.559;3.386;2026-03-10T16:34:58.962316+00:00;P0;20.50
4854;DHT22;3628;6.559;3.386;2026-03-10T16:35:16.328780+00:00;humidity;72.50
4854;DHT22;3628;6.559;3.386;2026-03-10T16:35:16.328780+00:00;temperature;34.80
4853;pms5003;3628;6.559;3.386;2026-03-10T16:40:33.479380+00:00;P2;32.50
4853;pms5003;3628;6.559;3.386;2026-03-10T16:40:33.479380+00:00;P1;40.50
4853;pms5003;3628;6.559;3.386;2026-03-10T16:40:33.479380+00:00;P0;22.00
4853;pms5003;3628;6.559;3.386;2026-03-10T16:45:57.356467+00:00;P2;34.75
4853;pms5003;3628;6.559;3.386;2026-03-10T16:45:57.356467+00:00;P1;46.50
4853;pms5003;3628;6.559;3.386;2026-03-10T16:45:57.356467+00:00;P0;24.00
4853;pms5003;3628;6.559;3.386;2026-03-10T16:56:55.772477+00:00;P2;41.33
4853;pms5003;3628;6.559;3.386;2026-03-10T16:56:55.772477+00:00;P1;55.67
4853;pms5003;3628;6.559;3.386;2026-03-10T16:56:55.772477+00:00;P0;27.67
4854;DHT22;3628;6.559;3.386;2026-03-10T16:57:13.234851+00:00;humidity;75.40
4854;DHT22;3628;6.559;3.386;2026-03-10T16:57:13.234851+00:00;temperature;34.30
4853;pms5003;3628;6.559;3.386;2026-03-10T17:02:33.274345+00:00;P2;36.00
4853;pms5003;3628;6.559;3.386;2026-03-10T17:02:33.274345+00:00;P1;51.75
4853;pms5003;3628;6.559;3.386;2026-03-10T17:02:33.274345+00:00;P0;24.50
4853;pms5003;3628;6.559;3.386;2026-03-10T17:08:00.145625+00:00;P2;36.75
4853;pms5003;3628;6.559;3.386;2026-03-10T17:08:00.145625+00:00;P1;43.75
4853;pms5003;3628;6.559;3.386;2026-03-10T17:08:00.145625+00:00;P0;24.00
4854;DHT22;3628;6.559;3.386;2026-03-10T17:08:17.514852+00:00;humidity;75.90
4854;DHT22;3628;6.559;3.386;2026-03-10T17:08:17.514852+00:00;temperature;34.20
4853;pms5003;3628;6.559;3.386;2026-03-10T17:13:34.669716+00:00;P2;37.60
4853;pms5003;3628;6.559;3.386;2026-03-10T17:13:34.669716+00:00;P1;44.20
4853;pms5003;3628;6.559;3.386;2026-03-10T17:13:34.669716+00:00;P0;25.60
4854;DHT22;3628;6.559;3.386;2026-03-10T17:13:52.026841+00:00;humidity;77.30
4854;DHT22;3628;6.559;3.386;2026-03-10T17:13:52.026841+00:00;temperature;34.00
4854;DHT22;3628;6.559;3.386;2026-03-10T17:24:40.518241+00:00;humidity;77.20
4854;DHT22;3628;6.559;3.386;2026-03-10T17:24:40.518241+00:00;temperature;33.80
4853;pms5003;3628;6.559;3.386;2026-03-10T17:29:57.853391+00:00;P2;37.00
4853;pms5003;3628;6.559;3.386;2026-03-10T17:29:57.853391+00:00;P1;50.00
4853;pms5003;3628;6.559;3.386;2026-03-10T17:29:57.853391+00:00;P0;25.33
4854;DHT22;3628;6.559;3.386;2026-03-10T17:30:15.153079+00:00;humidity;77.40
4854;DHT22;3628;6.559;3.386;2026-03-10T17:30:15.153079+00:00;temperature;33.70
4854;DHT22;3628;6.559;3.386;2026-03-10T17:35:49.694123+00:00;humidity;78.20
4854;DHT22;3628;6.559;3.386;2026-03-10T17:35:49.694123+00:00;temperature;33.60
4854;DHT22;3628;6.559;3.386;2026-03-10T17:41:13.486860+00:00;humidity;78.40
4854;DHT22;3628;6.559;3.386;2026-03-10T17:41:13.486860+00:00;temperature;33.60
4853;pms5003;3628;6.559;3.386;2026-03-10T17:46:30.639390+00:00;P2;34.25
4853;pms5003;3628;6.559;3.386;2026-03-10T17:46:30.639390+00:00;P1;48.50
4853;pms5003;3628;6.559;3.386;2026-03-10T17:46:30.639390+00:00;P0;23.00
4854;DHT22;3628;6.559;3.386;2026-03-10T17:46:47.999249+00:00;humidity;78.50
4854;DHT22;3628;6.559;3.386;2026-03-10T17:46:47.999249+00:00;temperature;33.50
4853;pms5003;3628;6.559;3.386;2026-03-10T18:02:42.753692+00:00;P2;39.25
4853;pms5003;3628;6.559;3.386;2026-03-10T18:02:42.753692+00:00;P1;49.00
4853;pms5003;3628;6.559;3.386;2026-03-10T18:02:42.753692+00:00;P0;26.00
4854;DHT22;3628;6.559;3.386;2026-03-10T18:03:00.118145+00:00;humidity;79.80
4854;DHT22;3628;6.559;3.386;2026-03-10T18:03:00.118145+00:00;temperature;33.20
4853;pms5003;3628;6.559;3.386;2026-03-10T18:08:17.457221+00:00;P2;34.80
4853;pms5003;3628;6.559;3.386;2026-03-10T18:08:17.457221+00:00;P1;41.40
4853;pms5003;3628;6.559;3.386;2026-03-10T18:08:17.457221+00:00;P0;23.20
4853;pms5003;3628;6.559;3.386;2026-03-10T18:13:41.146129+00:00;P2;36.00
4853;pms5003;3628;6.559;3.386;2026-03-10T18:13:41.146129+00:00;P1;46.00
4853;pms5003;3628;6.559;3.386;2026-03-10T18:13:41.146129+00:00;P0;24.00
4854;DHT22;3628;6.559;3.386;2026-03-10T18:19:15.214520+00:00;humidity;80.70
4854;DHT22;3628;6.559;3.386;2026-03-10T18:19:15.214520+00:00;temperature;33.20
4853;pms5003;3628;6.559;3.386;2026-03-10T18:29:58.927206+00:00;P2;38.60
4853;pms5003;3628;6.559;3.386;2026-03-10T18:29:58.927206+00:00;P1;52.00
4853;pms5003;3628;6.559;3.386;2026-03-10T18:29:58.927206+00:00;P0;26.60
4853;pms5003;3628;6.559;3.386;2026-03-10T18:35:20.585330+00:00;P2;34.50
4853;pms5003;3628;6.559;3.386;2026-03-10T18:35:20.585330+00:00;P1;49.50
4853;pms5003;3628;6.559;3.386;2026-03-10T18:35:20.585330+00:00;P0;23.00
4854;DHT22;3628;6.559;3.386;2026-03-10T18:35:37.986248+00:00;humidity;81.70
4854;DHT22;3628;6.559;3.386;2026-03-10T18:35:37.986248+00:00;temperature;32.90
4853;pms5003;3628;6.559;3.386;2026-03-10T18:40:55.441996+00:00;P2;34.75
4853;pms5003;3628;6.559;3.386;2026-03-10T18:40:55.441996+00:00;P1;51.75
4853;pms5003;3628;6.559;3.386;2026-03-10T18:40:55.441996+00:00;P0;23.75
4854;DHT22;3628;6.559;3.386;2026-03-10T18:41:12.915266+00:00;humidity;81.60
4854;DHT22;3628;6.559;3.386;2026-03-10T18:41:12.915266+00:00;temperature;32.80
4853;pms5003;3628;6.559;3.386;2026-03-10T18:51:45.923653+00:00;P2;37.00
4853;pms5003;3628;6.559;3.386;2026-03-10T18:51:45.923653+00:00;P1;50.50
4853;pms5003;3628;6.559;3.386;2026-03-10T18:51:45.923653+00:00;P0;23.75
4854;DHT22;3628;6.559;3.386;2026-03-10T18:52:03.361438+00:00;humidity;82.50
4854;DHT22;3628;6.559;3.386;2026-03-10T18:52:03.361438+00:00;temperature;32.90
4853;pms5003;3628;6.559;3.386;2026-03-10T18:57:20.471515+00:00;P2;39.00
4853;pms5003;3628;6.559;3.386;2026-03-10T18:57:20.471515+00:00;P1;51.33
4853;pms5003;3628;6.559;3.386;2026-03-10T18:57:20.471515+00:00;P0;26.00
4853;pms5003;3628;6.559;3.386;2026-03-10T19:02:44.641673+00:00;P2;35.00
4853;pms5003;3628;6.559;3.386;2026-03-10T19:02:44.641673+00:00;P1;48.67
4853;pms5003;3628;6.559;3.386;2026-03-10T19:02:44.641673+00:00;P0;23.00
4854;DHT22;3628;6.559;3.386;2026-03-10T19:03:01.950182+00:00;humidity;82.80
4854;DHT22;3628;6.559;3.386;2026-03-10T19:03:01.950182+00:00;temperature;32.70
4853;pms5003;3628;6.559;3.386;2026-03-10T19:12:39.953467+00:00;P2;35.00
4853;pms5003;3628;6.559;3.386;2026-03-10T19:12:39.953467+00:00;P1;46.00
4853;pms5003;3628;6.559;3.386;2026-03-10T19:12:39.953467+00:00;P0;24.00
4854;DHT22;3628;6.559;3.386;2026-03-10T19:12:57.421539+00:00;humidity;83.20
4854;DHT22;3628;6.559;3.386;2026-03-10T19:12:57.421539+00:00;temperature;32.70
4853;pms5003;3628;6.559;3.386;2026-03-10T19:18:14.603104+00:00;P2;38.00
4853;pms5003;3628;6.559;3.386;2026-03-10T19:18:14.603104+00:00;P1;52.50
4853;pms5003;3628;6.559;3.386;2026-03-10T19:18:14.603104+00:00;P0;25.00
4853;pms5003;3628;6.559;3.386;2026-03-10T19:23:47.882453+00:00;P2;33.00
4853;pms5003;3628;6.559;3.386;2026-03-10T19:23:47.882453+00:00;P1;41.00
4853;pms5003;3628;6.559;3.386;2026-03-10T19:23:47.882453+00:00;P0;22.00
4854;DHT22;3628;6.559;3.386;2026-03-10T19:24:07.997402+00:00;humidity;82.80
4854;DHT22;3628;6.559;3.386;2026-03-10T19:24:07.997402+00:00;temperature;32.90
4853;pms5003;3628;6.559;3.386;2026-03-10T19:34:59.021879+00:00;P2;36.80
4853;pms5003;3628;6.559;3.386;2026-03-10T19:34:59.021879+00:00;P1;50.00
4853;pms5003;3628;6.559;3.386;2026-03-10T19:34:59.021879+00:00;P0;24.40
4853;pms5003;3628;6.559;3.386;2026-03-10T19:40:22.750714+00:00;P2;39.00
4853;pms5003;3628;6.559;3.386;2026-03-10T19:40:22.750714+00:00;P1;55.00
4853;pms5003;3628;6.559;3.386;2026-03-10T19:40:22.750714+00:00;P0;27.00
4853;pms5003;3628;6.559;3.386;2026-03-10T19:45:57.403769+00:00;P2;38.00
4853;pms5003;3628;6.559;3.386;2026-03-10T19:45:57.403769+00:00;P1;53.80
4853;pms5003;3628;6.559;3.386;2026-03-10T19:45:57.403769+00:00;P0;25.60
4854;DHT22;3628;6.559;3.386;2026-03-10T19:46:17.317563+00:00;humidity;82.80
4854;DHT22;3628;6.559;3.386;2026-03-10T19:46:17.317563+00:00;temperature;32.80
4853;pms5003;3628;6.559;3.386;2026-03-10T19:51:40.866776+00:00;P2;36.67
4853;pms5003;3628;6.559;3.386;2026-03-10T19:51:40.866776+00:00;P1;50.00
4853;pms5003;3628;6.559;3.386;2026-03-10T19:51:40.866776+00:00;P0;24.00
4854;DHT22;3628;6.559;3.386;2026-03-10T19:51:58.138054+00:00;humidity;83.10
4854;DHT22;3628;6.559;3.386;2026-03-10T19:51:58.138054+00:00;temperature;32.80
4853;pms5003;3628;6.559;3.386;2026-03-10T19:57:15.422894+00:00;P2;39.25
4853;pms5003;3628;6.559;3.386;2026-03-10T19:57:15.422894+00:00;P1;53.25
4853;pms5003;3628;6.559;3.386;2026-03-10T19:57:15.422894+00:00;P0;26.00
4853;pms5003;3628;6.559;3.386;2026-03-10T20:02:39.615476+00:00;P2;35.00
4853;pms5003;3628;6.559;3.386;2026-03-10T20:02:39.615476+00:00;P1;51.25
4853;pms5003;3628;6.559;3.386;2026-03-10T20:02:39.615476+00:00;P0;23.00
4854;DHT22;3628;6.559;3.386;2026-03-10T20:02:56.937842+00:00;humidity;84.10
4854;DHT22;3628;6.559;3.386;2026-03-10T20:02:56.937842+00:00;temperature;32.70
4854;DHT22;3628;6.559;3.386;2026-03-10T20:08:26.853392+00:00;humidity;82.50
4854;DHT22;3628;6.559;3.386;2026-03-10T20:08:26.853392+00:00;temperature;32.80
4853;pms5003;3628;6.559;3.386;2026-03-10T20:13:47.301276+00:00;P2;34.20
4853;pms5003;3628;6.559;3.386;2026-03-10T20:13:47.301276+00:00;P1;49.80
4853;pms5003;3628;6.559;3.386;2026-03-10T20:13:47.301276+00:00;P0;23.00
4854;DHT22;3628;6.559;3.386;2026-03-10T20:14:07.338851+00:00;humidity;77.50
4854;DHT22;3628;6.559;3.386;2026-03-10T20:14:07.338851+00:00;temperature;32.60
4853;pms5003;3628;6.559;3.386;2026-03-10T20:24:38.436208+00:00;P2;34.00
4853;pms5003;3628;6.559;3.386;2026-03-10T20:24:38.436208+00:00;P1;50.20
4853;pms5003;3628;6.559;3.386;2026-03-10T20:24:38.436208+00:00;P0;23.00
4854;DHT22;3628;6.559;3.386;2026-03-10T20:30:28.424093+00:00;humidity;75.10
4854;DHT22;3628;6.559;3.386;2026-03-10T20:30:28.424093+00:00;temperature;32.30
4854;DHT22;3628;6.559;3.386;2026-03-10T20:41:33.742701+00:00;humidity;78.80
4854;DHT22;3628;6.559;3.386;2026-03-10T20:41:33.742701+00:00;temperature;32.50
4853;pms5003;3628;6.559;3.386;2026-03-10T20:46:48.214834+00:00;P2;39.50
4853;pms5003;3628;6.559;3.386;2026-03-10T20:46:48.214834+00:00;P1;53.25
4853;pms5003;3628;6.559;3.386;2026-03-10T20:46:48.214834+00:00;P0;25.50
4854;DHT22;3628;6.559;3.386;2026-03-10T20:47:05.862895+00:00;humidity;82.30
4854;DHT22;3628;6.559;3.386;2026-03-10T20:47:05.862895+00:00;temperature;32.40
4854;DHT22;3628;6.559;3.386;2026-03-10T20:58:04.812814+00:00;humidity;85.80
4854;DHT22;3628;6.559;3.386;2026-03-10T20:58:04.812814+00:00;temperature;32.30
4853;pms5003;3628;6.559;3.386;2026-03-10T21:03:25.352739+00:00;P2;35.00
4853;pms5003;3628;6.559;3.386;2026-03-10T21:03:25.352739+00:00;P1;49.25
4853;pms5003;3628;6.559;3.386;2026-03-10T21:03:25.352739+00:00;P0;23.00
4853;pms5003;3628;6.559;3.386;2026-03-10T21:08:59.667524+00:00;P2;33.67
4853;pms5003;3628;6.559;3.386;2026-03-10T21:08:59.667524+00:00;P1;47.67
4853;pms5003;3628;6.559;3.386;2026-03-10T21:08:59.667524+00:00;P0;22.67
4854;DHT22;3628;6.559;3.386;2026-03-10T21:09:17.247421+00:00;humidity;84.50
4854;DHT22;3628;6.559;3.386;2026-03-10T21:09:17.247421+00:00;temperature;32.40
4853;pms5003;3628;6.559;3.386;2026-03-10T21:25:11.863997+00:00;P2;36.75
4853;pms5003;3628;6.559;3.386;2026-03-10T21:25:11.863997+00:00;P1;49.50
4853;pms5003;3628;6.559;3.386;2026-03-10T21:25:11.863997+00:00;P0;23.00
4854;DHT22;3628;6.559;3.386;2026-03-10T21:25:35.388987+00:00;humidity;84.80
4854;DHT22;3628;6.559;3.386;2026-03-10T21:25:35.388987+00:00;temperature;32.30
4854;DHT22;3628;6.559;3.386;2026-03-10T21:30:59.196459+00:00;humidity;84.00
4854;DHT22;3628;6.559;3.386;2026-03-10T21:30:59.196459+00:00;temperature;32.40
4853;pms5003;3628;6.559;3.386;2026-03-10T21:41:30.379978+00:00;P2;45.00
4853;pms5003;3628;6.559;3.386;2026-03-10T21:41:30.379978+00:00;P1;60.75
4853;pms5003;3628;6.559;3.386;2026-03-10T21:41:30.379978+00:00;P0;28.25
4853;pms5003;3628;6.559;3.386;2026-03-10T21:47:04.986811+00:00;P2;48.25
4853;pms5003;3628;6.559;3.386;2026-03-10T21:47:04.986811+00:00;P1;67.25
4853;pms5003;3628;6.559;3.386;2026-03-10T21:47:04.986811+00:00;P0;31.00
4853;pms5003;3628;6.559;3.386;2026-03-10T21:52:28.902124+00:00;P2;50.00
4853;pms5003;3628;6.559;3.386;2026-03-10T21:52:28.902124+00:00;P1;70.00
4853;pms5003;3628;6.559;3.386;2026-03-10T21:52:28.902124+00:00;P0;32.00
4853;pms5003;3628;6.559;3.386;2026-03-10T22:03:16.629183+00:00;P2;48.00
4853;pms5003;3628;6.559;3.386;2026-03-10T22:03:16.629183+00:00;P1;66.50
4853;pms5003;3628;6.559;3.386;2026-03-10T22:03:16.629183+00:00;P0;30.00
4854;DHT22;3628;6.559;3.386;2026-03-10T22:03:34.106426+00:00;humidity;84.70
4854;DHT22;3628;6.559;3.386;2026-03-10T22:03:34.106426+00:00;temperature;32.20
4854;DHT22;3628;6.559;3.386;2026-03-10T22:08:57.923750+00:00;humidity;85.70
4854;DHT22;3628;6.559;3.386;2026-03-10T22:08:57.923750+00:00;temperature;32.20
4853;pms5003;3628;6.559;3.386;2026-03-10T22:19:39.261850+00:00;P2;48.00
4853;pms5003;3628;6.559;3.386;2026-03-10T22:19:39.261850+00:00;P1;67.50
4853;pms5003;3628;6.559;3.386;2026-03-10T22:19:39.261850+00:00;P0;29.00
4853;pms5003;3628;6.559;3.386;2026-03-10T22:25:03.313960+00:00;P2;40.00
4853;pms5003;3628;6.559;3.386;2026-03-10T22:25:03.313960+00:00;P1;53.00
4853;pms5003;3628;6.559;3.386;2026-03-10T22:25:03.313960+00:00;P0;26.00
4854;DHT22;3628;6.559;3.386;2026-03-10T22:25:20.658732+00:00;humidity;86.40
4854;DHT22;3628;6.559;3.386;2026-03-10T22:25:20.658732+00:00;temperature;32.10
4853;pms5003;3628;6.559;3.386;2026-03-10T22:30:37.839327+00:00;P2;37.75
4853;pms5003;3628;6.559;3.386;2026-03-10T22:30:37.839327+00:00;P1;49.25
4853;pms5003;3628;6.559;3.386;2026-03-10T22:30:37.839327+00:00;P0;25.75
4854;DHT22;3628;6.559;3.386;2026-03-10T22:36:19.141476+00:00;humidity;85.10
4854;DHT22;3628;6.559;3.386;2026-03-10T22:36:19.141476+00:00;temperature;32.40
4853;pms5003;3628;6.559;3.386;2026-03-10T22:41:36.349322+00:00;P2;33.00
4853;pms5003;3628;6.559;3.386;2026-03-10T22:41:36.349322+00:00;P1;45.00
4853;pms5003;3628;6.559;3.386;2026-03-10T22:41:36.349322+00:00;P0;21.75
4854;DHT22;3628;6.559;3.386;2026-03-10T22:41:53.702779+00:00;humidity;85.50
4854;DHT22;3628;6.559;3.386;2026-03-10T22:41:53.702779+00:00;temperature;32.30
4853;pms5003;3628;6.559;3.386;2026-03-10T22:47:10.919710+00:00;P2;37.00
4853;pms5003;3628;6.559;3.386;2026-03-10T22:47:10.919710+00:00;P1;49.50
4853;pms5003;3628;6.559;3.386;2026-03-10T22:47:10.919710+00:00;P0;25.50
4854;DHT22;3628;6.559;3.386;2026-03-10T22:47:28.250943+00:00;humidity;85.60
4854;DHT22;3628;6.559;3.386;2026-03-10T22:47:28.250943+00:00;temperature;32.20
4853;pms5003;3628;6.559;3.386;2026-03-11T05:57:07.907782+00:00;P2;36.00
4853;pms5003;3628;6.559;3.386;2026-03-11T05:57:07.907782+00:00;P1;51.60
4853;pms5003;3628;6.559;3.386;2026-03-11T05:57:07.907782+00:00;P0;23.20
4854;DHT22;3628;6.559;3.386;2026-03-11T05:57:25.234012+00:00;humidity;96.40
4854;DHT22;3628;6.559;3.386;2026-03-11T05:57:25.234012+00:00;temperature;30.50
4853;pms5003;3628;6.559;3.386;2026-03-11T06:02:42.418227+00:00;P2;33.75
4853;pms5003;3628;6.559;3.386;2026-03-11T06:02:42.418227+00:00;P1;44.25
4853;pms5003;3628;6.559;3.386;2026-03-11T06:02:42.418227+00:00;P0;22.25
4854;DHT22;3628;6.559;3.386;2026-03-11T09:23:28.824500+00:00;humidity;70.30
4854;DHT22;3628;6.559;3.386;2026-03-11T09:23:28.824500+00:00;temperature;35.50
4853;pms5003;3628;6.559;3.386;2026-03-11T09:28:46.023927+00:00;P2;25.50
4853;pms5003;3628;6.559;3.386;2026-03-11T09:28:46.023927+00:00;P1;29.00
4853;pms5003;3628;6.559;3.386;2026-03-11T09:28:46.023927+00:00;P0;17.00
4854;DHT22;3628;6.559;3.386;2026-03-11T09:29:03.361502+00:00;humidity;65.20
4854;DHT22;3628;6.559;3.386;2026-03-11T09:29:03.361502+00:00;temperature;77.30
4853;pms5003;3628;6.559;3.386;2026-03-11T09:34:20.686519+00:00;P2;23.00
4853;pms5003;3628;6.559;3.386;2026-03-11T09:34:20.686519+00:00;P1;23.00
4853;pms5003;3628;6.559;3.386;2026-03-11T09:34:20.686519+00:00;P0;17.40
4854;DHT22;3628;6.559;3.386;2026-03-11T09:34:38.116004+00:00;humidity;64.20
4854;DHT22;3628;6.559;3.386;2026-03-11T09:34:38.116004+00:00;temperature;37.80
4853;pms5003;3628;6.559;3.386;2026-03-11T10:16:26.401546+00:00;P2;27.75
4853;pms5003;3628;6.559;3.386;2026-03-11T10:16:26.401546+00:00;P1;42.25
4853;pms5003;3628;6.559;3.386;2026-03-11T10:16:26.401546+00:00;P0;18.50
4854;DHT22;3628;6.559;3.386;2026-03-11T10:16:43.973288+00:00;humidity;64.70
4854;DHT22;3628;6.559;3.386;2026-03-11T10:16:43.973288+00:00;temperature;37.90
4853;pms5003;3628;6.559;3.386;2026-03-11T10:27:15.463820+00:00;P2;26.50
4853;pms5003;3628;6.559;3.386;2026-03-11T10:27:15.463820+00:00;P1;34.25
4853;pms5003;3628;6.559;3.386;2026-03-11T10:27:15.463820+00:00;P0;18.00
4853;pms5003;3628;6.559;3.386;2026-03-11T10:32:54.229778+00:00;P2;23.00
4853;pms5003;3628;6.559;3.386;2026-03-11T10:32:54.229778+00:00;P1;24.25
4853;pms5003;3628;6.559;3.386;2026-03-11T10:32:54.229778+00:00;P0;15.25
4853;pms5003;3628;6.559;3.386;2026-03-11T10:43:39.609601+00:00;P2;30.00
4853;pms5003;3628;6.559;3.386;2026-03-11T10:43:39.609601+00:00;P1;33.00
4853;pms5003;3628;6.559;3.386;2026-03-11T10:43:39.609601+00:00;P0;19.00
4853;pms5003;3628;6.559;3.386;2026-03-11T10:49:14.187546+00:00;P2;29.25
4853;pms5003;3628;6.559;3.386;2026-03-11T10:49:14.187546+00:00;P1;39.50
4853;pms5003;3628;6.559;3.386;2026-03-11T10:49:14.187546+00:00;P0;20.00
4854;DHT22;3628;6.559;3.386;2026-03-11T10:54:56.257909+00:00;humidity;62.80
4854;DHT22;3628;6.559;3.386;2026-03-11T10:54:56.257909+00:00;temperature;37.90
4853;pms5003;3628;6.559;3.386;2026-03-11T11:00:15.812656+00:00;P2;28.25
4853;pms5003;3628;6.559;3.386;2026-03-11T11:00:15.812656+00:00;P1;30.75
4853;pms5003;3628;6.559;3.386;2026-03-11T11:00:15.812656+00:00;P0;18.00
4854;DHT22;3628;6.559;3.386;2026-03-11T11:00:34.107451+00:00;humidity;62.30
4854;DHT22;3628;6.559;3.386;2026-03-11T11:00:34.107451+00:00;temperature;38.00
4853;pms5003;3628;6.559;3.386;2026-03-11T11:05:50.769619+00:00;P2;22.00
4853;pms5003;3628;6.559;3.386;2026-03-11T11:05:50.769619+00:00;P1;35.00
4853;pms5003;3628;6.559;3.386;2026-03-11T11:05:50.769619+00:00;P0;16.25
4854;DHT22;3628;6.559;3.386;2026-03-11T11:06:10.409561+00:00;humidity;62.30
4854;DHT22;3628;6.559;3.386;2026-03-11T11:06:10.409561+00:00;temperature;38.00
4854;DHT22;3628;6.559;3.386;2026-03-11T11:11:44.477742+00:00;humidity;62.30
4854;DHT22;3628;6.559;3.386;2026-03-11T11:11:44.477742+00:00;temperature;38.00
4854;DHT22;3628;6.559;3.386;2026-03-11T11:17:08.285301+00:00;humidity;64.80
4854;DHT22;3628;6.559;3.386;2026-03-11T11:17:08.285301+00:00;temperature;37.20
4853;pms5003;3628;6.559;3.386;2026-03-11T11:22:25.733787+00:00;P2;24.33
4853;pms5003;3628;6.559;3.386;2026-03-11T11:22:25.733787+00:00;P1;27.33
4853;pms5003;3628;6.559;3.386;2026-03-11T11:22:25.733787+00:00;P0;18.67
4854;DHT22;3628;6.559;3.386;2026-03-11T11:48:53.907187+00:00;humidity;58.90
4854;DHT22;3628;6.559;3.386;2026-03-11T11:48:53.907187+00:00;temperature;39.40
4854;DHT22;3628;6.559;3.386;2026-03-11T11:54:18.485630+00:00;humidity;59.10
4854;DHT22;3628;6.559;3.386;2026-03-11T11:54:18.485630+00:00;temperature;39.70
4854;DHT22;3628;6.559;3.386;2026-03-11T11:59:46.636644+00:00;humidity;57.60
4854;DHT22;3628;6.559;3.386;2026-03-11T11:59:46.636644+00:00;temperature;40.70
4853;pms5003;3628;6.559;3.386;2026-03-11T12:05:59.945948+00:00;P2;26.00
4853;pms5003;3628;6.559;3.386;2026-03-11T12:05:59.945948+00:00;P1;27.20
4853;pms5003;3628;6.559;3.386;2026-03-11T12:05:59.945948+00:00;P0;17.60
4853;pms5003;3628;6.559;3.386;2026-03-11T12:10:28.744710+00:00;P2;27.00
4853;pms5003;3628;6.559;3.386;2026-03-11T12:10:28.744710+00:00;P1;36.50
4853;pms5003;3628;6.559;3.386;2026-03-11T12:10:28.744710+00:00;P0;18.50
4854;DHT22;3628;6.559;3.386;2026-03-11T12:10:46.181331+00:00;humidity;57.40
4854;DHT22;3628;6.559;3.386;2026-03-11T12:10:46.181331+00:00;temperature;40.10
4853;pms5003;3628;6.559;3.386;2026-03-11T12:26:54.450088+00:00;P2;25.00
4853;pms5003;3628;6.559;3.386;2026-03-11T12:26:54.450088+00:00;P1;38.25
4853;pms5003;3628;6.559;3.386;2026-03-11T12:26:54.450088+00:00;P0;18.50
4853;pms5003;3628;6.559;3.386;2026-03-11T12:32:19.629108+00:00;P2;25.50
4853;pms5003;3628;6.559;3.386;2026-03-11T12:32:19.629108+00:00;P1;37.00
4853;pms5003;3628;6.559;3.386;2026-03-11T12:32:19.629108+00:00;P0;18.00
4854;DHT22;3628;6.559;3.386;2026-03-11T12:32:37.051238+00:00;humidity;56.10
4854;DHT22;3628;6.559;3.386;2026-03-11T12:32:37.051238+00:00;temperature;40.30
4853;pms5003;3628;6.559;3.386;2026-03-11T12:38:25.954369+00:00;P2;25.40
4853;pms5003;3628;6.559;3.386;2026-03-11T12:38:25.954369+00:00;P1;31.20
4853;pms5003;3628;6.559;3.386;2026-03-11T12:38:25.954369+00:00;P0;18.20
4853;pms5003;3628;6.559;3.386;2026-03-11T12:43:18.877634+00:00;P2;29.75
4853;pms5003;3628;6.559;3.386;2026-03-11T12:43:18.877634+00:00;P1;45.00
4853;pms5003;3628;6.559;3.386;2026-03-11T12:43:18.877634+00:00;P0;20.50
4853;pms5003;3628;6.559;3.386;2026-03-11T12:59:31.061800+00:00;P2;30.00
4853;pms5003;3628;6.559;3.386;2026-03-11T12:59:31.061800+00:00;P1;33.00
4853;pms5003;3628;6.559;3.386;2026-03-11T12:59:31.061800+00:00;P0;20.00
4854;DHT22;3628;6.559;3.386;2026-03-11T13:05:07.425711+00:00;humidity;56.80
4854;DHT22;3628;6.559;3.386;2026-03-11T13:05:07.425711+00:00;temperature;39.60
4853;pms5003;3628;6.559;3.386;2026-03-11T13:10:54.182444+00:00;P2;30.00
4853;pms5003;3628;6.559;3.386;2026-03-11T13:10:54.182444+00:00;P1;44.00
4853;pms5003;3628;6.559;3.386;2026-03-11T13:10:54.182444+00:00;P0;22.00
4853;pms5003;3628;6.559;3.386;2026-03-11T13:15:49.728640+00:00;P2;30.00
4853;pms5003;3628;6.559;3.386;2026-03-11T13:15:49.728640+00:00;P1;42.00
4853;pms5003;3628;6.559;3.386;2026-03-11T13:15:49.728640+00:00;P0;20.25
4854;DHT22;3628;6.559;3.386;2026-03-11T13:16:07.090887+00:00;humidity;57.50
4854;DHT22;3628;6.559;3.386;2026-03-11T13:16:07.090887+00:00;temperature;39.90
4854;DHT22;3628;6.559;3.386;2026-03-11T13:21:45.307885+00:00;humidity;56.80
4854;DHT22;3628;6.559;3.386;2026-03-11T13:21:45.307885+00:00;temperature;40.80
4853;pms5003;3628;6.559;3.386;2026-03-11T13:27:07.629391+00:00;P2;29.50
4853;pms5003;3628;6.559;3.386;2026-03-11T13:27:07.629391+00:00;P1;31.50
4853;pms5003;3628;6.559;3.386;2026-03-11T13:27:07.629391+00:00;P0;20.50
4854;DHT22;3628;6.559;3.386;2026-03-11T13:32:46.928888+00:00;humidity;59.20
4854;DHT22;3628;6.559;3.386;2026-03-11T13:32:46.928888+00:00;temperature;39.50
4853;pms5003;3628;6.559;3.386;2026-03-11T13:38:07.060528+00:00;P2;28.00
4853;pms5003;3628;6.559;3.386;2026-03-11T13:38:07.060528+00:00;P1;45.00
4853;pms5003;3628;6.559;3.386;2026-03-11T13:38:07.060528+00:00;P0;19.00
4854;DHT22;3628;6.559;3.386;2026-03-11T13:38:24.549543+00:00;humidity;58.00
4854;DHT22;3628;6.559;3.386;2026-03-11T13:38:24.549543+00:00;temperature;40.00
4853;pms5003;3628;6.559;3.386;2026-03-11T13:43:41.768120+00:00;P2;27.33
4853;pms5003;3628;6.559;3.386;2026-03-11T13:43:41.768120+00:00;P1;32.33
4853;pms5003;3628;6.559;3.386;2026-03-11T13:43:41.768120+00:00;P0;16.67
4854;DHT22;3628;6.559;3.386;2026-03-11T13:43:59.080531+00:00;humidity;57.20
4854;DHT22;3628;6.559;3.386;2026-03-11T13:43:59.080531+00:00;temperature;39.90
4853;pms5003;3628;6.559;3.386;2026-03-11T13:54:41.768123+00:00;P2;25.50
4853;pms5003;3628;6.559;3.386;2026-03-11T13:54:41.768123+00:00;P1;39.25
4853;pms5003;3628;6.559;3.386;2026-03-11T13:54:41.768123+00:00;P0;17.75
4854;DHT22;3628;6.559;3.386;2026-03-11T13:54:58.531519+00:00;humidity;56.50
4854;DHT22;3628;6.559;3.386;2026-03-11T13:54:58.531519+00:00;temperature;39.90
4854;DHT22;3628;6.559;3.386;2026-03-11T14:05:45.668404+00:00;humidity;60.00
4854;DHT22;3628;6.559;3.386;2026-03-11T14:05:45.668404+00:00;temperature;38.20
4853;pms5003;3628;6.559;3.386;2026-03-11T14:11:02.850369+00:00;P2;26.00
4853;pms5003;3628;6.559;3.386;2026-03-11T14:11:02.850369+00:00;P1;28.50
4853;pms5003;3628;6.559;3.386;2026-03-11T14:11:02.850369+00:00;P0;18.50
4853;pms5003;3628;6.559;3.386;2026-03-11T14:16:37.493328+00:00;P2;26.50
4853;pms5003;3628;6.559;3.386;2026-03-11T14:16:37.493328+00:00;P1;27.50
4853;pms5003;3628;6.559;3.386;2026-03-11T14:16:37.493328+00:00;P0;18.50
4854;DHT22;3628;6.559;3.386;2026-03-11T14:16:54.852099+00:00;humidity;58.50
4854;DHT22;3628;6.559;3.386;2026-03-11T14:16:54.852099+00:00;temperature;39.00
4853;pms5003;3628;6.559;3.386;2026-03-11T14:22:12.106792+00:00;P2;27.20
4853;pms5003;3628;6.559;3.386;2026-03-11T14:22:12.106792+00:00;P1;37.20
4853;pms5003;3628;6.559;3.386;2026-03-11T14:22:12.106792+00:00;P0;19.60
4854;DHT22;3628;6.559;3.386;2026-03-11T14:55:17.940626+00:00;humidity;61.00
4854;DHT22;3628;6.559;3.386;2026-03-11T14:55:17.940626+00:00;temperature;37.00
4853;pms5003;3628;6.559;3.386;2026-03-11T15:06:09.775454+00:00;P2;31.40
4853;pms5003;3628;6.559;3.386;2026-03-11T15:06:09.775454+00:00;P1;34.00
4853;pms5003;3628;6.559;3.386;2026-03-11T15:06:09.775454+00:00;P0;20.00
4854;DHT22;3628;6.559;3.386;2026-03-11T15:06:27.166137+00:00;humidity;63.30
4854;DHT22;3628;6.559;3.386;2026-03-11T15:06:27.166137+00:00;temperature;36.80
4853;pms5003;3628;6.559;3.386;2026-03-11T15:11:44.452870+00:00;P2;27.00
4853;pms5003;3628;6.559;3.386;2026-03-11T15:11:44.452870+00:00;P1;39.80
4853;pms5003;3628;6.559;3.386;2026-03-11T15:11:44.452870+00:00;P0;18.80
4854;DHT22;3628;6.559;3.386;2026-03-11T15:12:01.849542+00:00;humidity;63.90
4854;DHT22;3628;6.559;3.386;2026-03-11T15:12:01.849542+00:00;temperature;36.60
4853;pms5003;3628;6.559;3.386;2026-03-11T15:17:18.999731+00:00;P2;24.00
4853;pms5003;3628;6.559;3.386;2026-03-11T15:17:18.999731+00:00;P1;27.00
4853;pms5003;3628;6.559;3.386;2026-03-11T15:17:18.999731+00:00;P0;16.33
4853;pms5003;3628;6.559;3.386;2026-03-11T15:27:56.645507+00:00;P2;29.00
4853;pms5003;3628;6.559;3.386;2026-03-11T15:27:56.645507+00:00;P1;34.00
4853;pms5003;3628;6.559;3.386;2026-03-11T15:27:56.645507+00:00;P0;20.00
4853;pms5003;3628;6.559;3.386;2026-03-11T15:33:20.560106+00:00;P2;26.75
4853;pms5003;3628;6.559;3.386;2026-03-11T15:33:20.560106+00:00;P1;41.50
4853;pms5003;3628;6.559;3.386;2026-03-11T15:33:20.560106+00:00;P0;16.75
4854;DHT22;3628;6.559;3.386;2026-03-11T15:33:37.905774+00:00;humidity;67.20
4854;DHT22;3628;6.559;3.386;2026-03-11T15:33:37.905774+00:00;temperature;35.50
4853;pms5003;3628;6.559;3.386;2026-03-11T15:38:55.175869+00:00;P2;34.25
4853;pms5003;3628;6.559;3.386;2026-03-11T15:38:55.175869+00:00;P1;49.50
4853;pms5003;3628;6.559;3.386;2026-03-11T15:38:55.175869+00:00;P0;22.25
4854;DHT22;3628;6.559;3.386;2026-03-11T15:39:12.507965+00:00;humidity;67.70
4854;DHT22;3628;6.559;3.386;2026-03-11T15:39:12.507965+00:00;temperature;35.70
4854;DHT22;3628;6.559;3.386;2026-03-11T15:44:36.715309+00:00;humidity;68.30
4854;DHT22;3628;6.559;3.386;2026-03-11T15:44:36.715309+00:00;temperature;35.40
4853;pms5003;3628;6.559;3.386;2026-03-11T15:49:54.050448+00:00;P2;28.00
4853;pms5003;3628;6.559;3.386;2026-03-11T15:49:54.050448+00:00;P1;39.75
4853;pms5003;3628;6.559;3.386;2026-03-11T15:49:54.050448+00:00;P0;20.00
4854;DHT22;3628;6.559;3.386;2026-03-11T15:50:11.356543+00:00;humidity;68.70
4854;DHT22;3628;6.559;3.386;2026-03-11T15:50:11.356543+00:00;temperature;35.50
4853;pms5003;3628;6.559;3.386;2026-03-11T15:55:28.634796+00:00;P2;29.50
4853;pms5003;3628;6.559;3.386;2026-03-11T15:55:28.634796+00:00;P1;32.50
4853;pms5003;3628;6.559;3.386;2026-03-11T15:55:28.634796+00:00;P0;18.50
4854;DHT22;3628;6.559;3.386;2026-03-11T16:01:05.319574+00:00;humidity;69.20
4854;DHT22;3628;6.559;3.386;2026-03-11T16:01:05.319574+00:00;temperature;35.20
4853;pms5003;3628;6.559;3.386;2026-03-11T16:06:22.706073+00:00;P2;26.75
4853;pms5003;3628;6.559;3.386;2026-03-11T16:06:22.706073+00:00;P1;38.75
4853;pms5003;3628;6.559;3.386;2026-03-11T16:06:22.706073+00:00;P0;17.75
4853;pms5003;3628;6.559;3.386;2026-03-11T16:11:46.649783+00:00;P2;25.00
4853;pms5003;3628;6.559;3.386;2026-03-11T16:11:46.649783+00:00;P1;28.25
4853;pms5003;3628;6.559;3.386;2026-03-11T16:11:46.649783+00:00;P0;17.25
4854;DHT22;3628;6.559;3.386;2026-03-11T16:12:04.099339+00:00;humidity;68.70
4854;DHT22;3628;6.559;3.386;2026-03-11T16:12:04.099339+00:00;temperature;35.50
4854;DHT22;3628;6.559;3.386;2026-03-11T16:17:28.019419+00:00;humidity;68.70
4854;DHT22;3628;6.559;3.386;2026-03-11T16:17:28.019419+00:00;temperature;35.40
4853;pms5003;3628;6.559;3.386;2026-03-11T16:22:45.538057+00:00;P2;30.00
4853;pms5003;3628;6.559;3.386;2026-03-11T16:22:45.538057+00:00;P1;33.67
4853;pms5003;3628;6.559;3.386;2026-03-11T16:22:45.538057+00:00;P0;20.33
4853;pms5003;3628;6.559;3.386;2026-03-11T16:28:20.008453+00:00;P2;22.50
4853;pms5003;3628;6.559;3.386;2026-03-11T16:28:20.008453+00:00;P1;24.00
4853;pms5003;3628;6.559;3.386;2026-03-11T16:28:20.008453+00:00;P0;14.50
4854;DHT22;3628;6.559;3.386;2026-03-11T16:28:27.118846+00:00;humidity;70.50
4854;DHT22;3628;6.559;3.386;2026-03-11T16:28:27.118846+00:00;temperature;35.00
4853;pms5003;3628;6.559;3.386;2026-03-11T16:39:18.854150+00:00;P2;24.60
4853;pms5003;3628;6.559;3.386;2026-03-11T16:39:18.854150+00:00;P1;27.60
4853;pms5003;3628;6.559;3.386;2026-03-11T16:39:18.854150+00:00;P0;15.40
4854;DHT22;3628;6.559;3.386;2026-03-11T16:39:36.389952+00:00;humidity;70.40
4854;DHT22;3628;6.559;3.386;2026-03-11T16:39:36.389952+00:00;temperature;34.90
4853;pms5003;3628;6.559;3.386;2026-03-11T16:44:53.641331+00:00;P2;23.40
4853;pms5003;3628;6.559;3.386;2026-03-11T16:44:53.641331+00:00;P1;35.20
4853;pms5003;3628;6.559;3.386;2026-03-11T16:44:53.641331+00:00;P0;14.60
4854;DHT22;3628;6.559;3.386;2026-03-11T16:45:11.044523+00:00;humidity;71.50
4854;DHT22;3628;6.559;3.386;2026-03-11T16:45:11.044523+00:00;temperature;34.50
4854;DHT22;3628;6.559;3.386;2026-03-11T16:50:37.700161+00:00;humidity;71.00
4854;DHT22;3628;6.559;3.386;2026-03-11T16:50:37.700161+00:00;temperature;34.60
4854;DHT22;3628;6.559;3.386;2026-03-11T17:01:26.465242+00:00;humidity;72.20
4854;DHT22;3628;6.559;3.386;2026-03-11T17:01:26.465242+00:00;temperature;34.30
4853;pms5003;3628;6.559;3.386;2026-03-11T17:07:34.218363+00:00;P2;28.00
4853;pms5003;3628;6.559;3.386;2026-03-11T17:07:34.218363+00:00;P1;30.00
4853;pms5003;3628;6.559;3.386;2026-03-11T17:07:34.218363+00:00;P0;18.40
4854;DHT22;3628;6.559;3.386;2026-03-11T17:12:14.646344+00:00;humidity;73.80
4854;DHT22;3628;6.559;3.386;2026-03-11T17:12:14.646344+00:00;temperature;34.10
4853;pms5003;3628;6.559;3.386;2026-03-11T17:17:31.931000+00:00;P2;34.67
4853;pms5003;3628;6.559;3.386;2026-03-11T17:17:31.931000+00:00;P1;49.00
4853;pms5003;3628;6.559;3.386;2026-03-11T17:17:31.931000+00:00;P0;23.00
4854;DHT22;3628;6.559;3.386;2026-03-11T17:17:49.334417+00:00;humidity;75.70
4854;DHT22;3628;6.559;3.386;2026-03-11T17:17:49.334417+00:00;temperature;33.60
4853;pms5003;3628;6.559;3.386;2026-03-11T17:23:06.627037+00:00;P2;32.00
4853;pms5003;3628;6.559;3.386;2026-03-11T17:23:06.627037+00:00;P1;47.00
4853;pms5003;3628;6.559;3.386;2026-03-11T17:23:06.627037+00:00;P0;21.00
4854;DHT22;3628;6.559;3.386;2026-03-11T17:29:09.066166+00:00;humidity;75.80
4854;DHT22;3628;6.559;3.386;2026-03-11T17:29:09.066166+00:00;temperature;33.50
4854;DHT22;3628;6.559;3.386;2026-03-11T17:34:01.384020+00:00;humidity;76.40
4854;DHT22;3628;6.559;3.386;2026-03-11T17:34:01.384020+00:00;temperature;33.30
4853;pms5003;3628;6.559;3.386;2026-03-11T17:44:34.608476+00:00;P2;32.00
4853;pms5003;3628;6.559;3.386;2026-03-11T17:44:34.608476+00:00;P1;48.67
4853;pms5003;3628;6.559;3.386;2026-03-11T17:44:34.608476+00:00;P0;19.00
4854;DHT22;3628;6.559;3.386;2026-03-11T17:50:16.135039+00:00;humidity;78.50
4854;DHT22;3628;6.559;3.386;2026-03-11T17:50:16.135039+00:00;temperature;33.00
4853;pms5003;3628;6.559;3.386;2026-03-11T18:06:13.704902+00:00;P2;24.40
4853;pms5003;3628;6.559;3.386;2026-03-11T18:06:13.704902+00:00;P1;32.80
4853;pms5003;3628;6.559;3.386;2026-03-11T18:06:13.704902+00:00;P0;17.00
4853;pms5003;3628;6.559;3.386;2026-03-11T18:11:38.160035+00:00;P2;25.00
4853;pms5003;3628;6.559;3.386;2026-03-11T18:11:38.160035+00:00;P1;34.50
4853;pms5003;3628;6.559;3.386;2026-03-11T18:11:38.160035+00:00;P0;15.50
4853;pms5003;3628;6.559;3.386;2026-03-11T18:17:19.511681+00:00;P2;27.00
4853;pms5003;3628;6.559;3.386;2026-03-11T18:17:19.511681+00:00;P1;27.00
4853;pms5003;3628;6.559;3.386;2026-03-11T18:17:19.511681+00:00;P0;17.00
4853;pms5003;3628;6.559;3.386;2026-03-11T18:22:26.259725+00:00;P2;25.00
4853;pms5003;3628;6.559;3.386;2026-03-11T18:22:26.259725+00:00;P1;29.75
4853;pms5003;3628;6.559;3.386;2026-03-11T18:22:26.259725+00:00;P0;17.00
4854;DHT22;3628;6.559;3.386;2026-03-11T18:27:57.560741+00:00;humidity;79.60
4854;DHT22;3628;6.559;3.386;2026-03-11T18:27:57.560741+00:00;temperature;32.90
4853;pms5003;3628;6.559;3.386;2026-03-11T18:33:14.792135+00:00;P2;25.75
4853;pms5003;3628;6.559;3.386;2026-03-11T18:33:14.792135+00:00;P1;40.00
4853;pms5003;3628;6.559;3.386;2026-03-11T18:33:14.792135+00:00;P0;17.00
4854;DHT22;3628;6.559;3.386;2026-03-11T18:33:32.144028+00:00;humidity;79.30
4854;DHT22;3628;6.559;3.386;2026-03-11T18:33:32.144028+00:00;temperature;32.70
4853;pms5003;3628;6.559;3.386;2026-03-11T18:38:49.464985+00:00;P2;30.00
4853;pms5003;3628;6.559;3.386;2026-03-11T18:38:49.464985+00:00;P1;34.50
4853;pms5003;3628;6.559;3.386;2026-03-11T18:38:49.464985+00:00;P0;20.00
4854;DHT22;3628;6.559;3.386;2026-03-11T18:39:06.919983+00:00;humidity;79.60
4854;DHT22;3628;6.559;3.386;2026-03-11T18:39:06.919983+00:00;temperature;32.70
4853;pms5003;3628;6.559;3.386;2026-03-11T18:44:24.104900+00:00;P2;27.50
4853;pms5003;3628;6.559;3.386;2026-03-11T18:44:24.104900+00:00;P1;34.00
4853;pms5003;3628;6.559;3.386;2026-03-11T18:44:24.104900+00:00;P0;19.00
4854;DHT22;3628;6.559;3.386;2026-03-11T18:44:41.519207+00:00;humidity;81.20
4854;DHT22;3628;6.559;3.386;2026-03-11T18:44:41.519207+00:00;temperature;32.60
4853;pms5003;3628;6.559;3.386;2026-03-11T18:49:58.767230+00:00;P2;26.00
4853;pms5003;3628;6.559;3.386;2026-03-11T18:49:58.767230+00:00;P1;34.67
4853;pms5003;3628;6.559;3.386;2026-03-11T18:49:58.767230+00:00;P0;19.00
4854;DHT22;3628;6.559;3.386;2026-03-11T18:50:16.136514+00:00;humidity;81.10
4854;DHT22;3628;6.559;3.386;2026-03-11T18:50:16.136514+00:00;temperature;32.70
4853;pms5003;3628;6.559;3.386;2026-03-11T19:00:46.749215+00:00;P2;22.25
4853;pms5003;3628;6.559;3.386;2026-03-11T19:00:46.749215+00:00;P1;24.50
4853;pms5003;3628;6.559;3.386;2026-03-11T19:00:46.749215+00:00;P0;15.25
4854;DHT22;3628;6.559;3.386;2026-03-11T19:11:52.258923+00:00;humidity;82.50
4854;DHT22;3628;6.559;3.386;2026-03-11T19:11:52.258923+00:00;temperature;32.30
4853;pms5003;3628;6.559;3.386;2026-03-11T19:17:09.436797+00:00;P2;25.50
4853;pms5003;3628;6.559;3.386;2026-03-11T19:17:09.436797+00:00;P1;26.50
4853;pms5003;3628;6.559;3.386;2026-03-11T19:17:09.436797+00:00;P0;18.00
4854;DHT22;3628;6.559;3.386;2026-03-11T19:22:50.819188+00:00;humidity;82.00
4854;DHT22;3628;6.559;3.386;2026-03-11T19:22:50.819188+00:00;temperature;32.40
4853;pms5003;3628;6.559;3.386;2026-03-11T19:28:08.079622+00:00;P2;26.00
4853;pms5003;3628;6.559;3.386;2026-03-11T19:28:08.079622+00:00;P1;41.25
4853;pms5003;3628;6.559;3.386;2026-03-11T19:28:08.079622+00:00;P0;18.00
4853;pms5003;3628;6.559;3.386;2026-03-11T19:33:31.876042+00:00;P2;26.00
4853;pms5003;3628;6.559;3.386;2026-03-11T19:33:31.876042+00:00;P1;28.00
4853;pms5003;3628;6.559;3.386;2026-03-11T19:33:31.876042+00:00;P0;18.00
4854;DHT22;3628;6.559;3.386;2026-03-11T19:33:49.234094+00:00;humidity;81.80
4854;DHT22;3628;6.559;3.386;2026-03-11T19:33:49.234094+00:00;temperature;32.30
4853;pms5003;3628;6.559;3.386;2026-03-11T19:39:06.575090+00:00;P2;29.25
4853;pms5003;3628;6.559;3.386;2026-03-11T19:39:06.575090+00:00;P1;41.75
4853;pms5003;3628;6.559;3.386;2026-03-11T19:39:06.575090+00:00;P0;17.25
4854;DHT22;3628;6.559;3.386;2026-03-11T19:39:23.927883+00:00;humidity;82.10
4854;DHT22;3628;6.559;3.386;2026-03-11T19:39:23.927883+00:00;temperature;32.30
4854;DHT22;3628;6.559;3.386;2026-03-11T20:00:33.340027+00:00;humidity;82.60
4854;DHT22;3628;6.559;3.386;2026-03-11T20:00:33.340027+00:00;temperature;32.30
4853;pms5003;3628;6.559;3.386;2026-03-11T20:07:01.018155+00:00;P2;29.67
4853;pms5003;3628;6.559;3.386;2026-03-11T20:07:01.018155+00:00;P1;30.33
4853;pms5003;3628;6.559;3.386;2026-03-11T20:07:01.018155+00:00;P0;19.33
4853;pms5003;3628;6.559;3.386;2026-03-11T20:16:31.601102+00:00;P2;29.50
4853;pms5003;3628;6.559;3.386;2026-03-11T20:16:31.601102+00:00;P1;43.50
4853;pms5003;3628;6.559;3.386;2026-03-11T20:16:31.601102+00:00;P0;20.00
4854;DHT22;3628;6.559;3.386;2026-03-11T20:22:02.477451+00:00;humidity;83.0
4854;DHT22;3628;6.559;3.386;2026-03-11T20:22:02.477451+00:00;temperature;32.30
4853;pms5003;3628;6.559;3.386;2026-03-11T20:27:22.658876+00:00;P2;29.40
4853;pms5003;3628;6.559;3.386;2026-03-11T20:27:22.658876+00:00;P1;30.40
4853;pms5003;3628;6.559;3.386;2026-03-11T20:27:22.658876+00:00;P0;19.20
4853;pms5003;3628;6.559;3.386;2026-03-11T20:32:57.218964+00:00;P2;24.00
4853;pms5003;3628;6.559;3.386;2026-03-11T20:32:57.218964+00:00;P1;24.00
4853;pms5003;3628;6.559;3.386;2026-03-11T20:32:57.218964+00:00;P0;16.40
4854;DHT22;3628;6.559;3.386;2026-03-11T20:33:14.627702+00:00;humidity;84.10
4854;DHT22;3628;6.559;3.386;2026-03-11T20:33:14.627702+00:00;temperature;32.20
4854;DHT22;3628;6.559;3.386;2026-03-11T20:38:38.534611+00:00;humidity;85.10
4854;DHT22;3628;6.559;3.386;2026-03-11T20:38:38.534611+00:00;temperature;32.00
4853;pms5003;3628;6.559;3.386;2026-03-11T20:43:55.854756+00:00;P2;27.25
4853;pms5003;3628;6.559;3.386;2026-03-11T20:43:55.854756+00:00;P1;31.25
4853;pms5003;3628;6.559;3.386;2026-03-11T20:43:55.854756+00:00;P0;18.25
4853;pms5003;3628;6.559;3.386;2026-03-11T20:49:19.913742+00:00;P2;25.00
4853;pms5003;3628;6.559;3.386;2026-03-11T20:49:19.913742+00:00;P1;32.25
4853;pms5003;3628;6.559;3.386;2026-03-11T20:49:19.913742+00:00;P0;17.00
4853;pms5003;3628;6.559;3.386;2026-03-11T20:55:16.629016+00:00;P2;25.00
4853;pms5003;3628;6.559;3.386;2026-03-11T20:55:16.629016+00:00;P1;33.50
4853;pms5003;3628;6.559;3.386;2026-03-11T20:55:16.629016+00:00;P0;17.25
4853;pms5003;3628;6.559;3.386;2026-03-11T21:04:46.630650+00:00;P2;28.00
4853;pms5003;3628;6.559;3.386;2026-03-11T21:04:46.630650+00:00;P1;28.00
4853;pms5003;3628;6.559;3.386;2026-03-11T21:04:46.630650+00:00;P0;19.80
4854;DHT22;3628;6.559;3.386;2026-03-11T21:05:03.988626+00:00;humidity;86.10
4854;DHT22;3628;6.559;3.386;2026-03-11T21:05:03.988626+00:00;temperature;32.00
4853;pms5003;3628;6.559;3.386;2026-03-11T21:10:21.178614+00:00;P2;30.50
4853;pms5003;3628;6.559;3.386;2026-03-11T21:10:21.178614+00:00;P1;49.50
4853;pms5003;3628;6.559;3.386;2026-03-11T21:10:21.178614+00:00;P0;20.75
4854;DHT22;3628;6.559;3.386;2026-03-11T21:10:38.667752+00:00;humidity;86.20
4854;DHT22;3628;6.559;3.386;2026-03-11T21:10:38.667752+00:00;temperature;32.10
4853;pms5003;3628;6.559;3.386;2026-03-11T21:15:55.965862+00:00;P2;29.00
4853;pms5003;3628;6.559;3.386;2026-03-11T21:15:55.965862+00:00;P1;31.80
4853;pms5003;3628;6.559;3.386;2026-03-11T21:15:55.965862+00:00;P0;17.80
4854;DHT22;3628;6.559;3.386;2026-03-11T21:16:13.378987+00:00;humidity;86.80
4854;DHT22;3628;6.559;3.386;2026-03-11T21:16:13.378987+00:00;temperature;31.90
4853;pms5003;3628;6.559;3.386;2026-03-11T21:21:30.719696+00:00;P2;24.00
4853;pms5003;3628;6.559;3.386;2026-03-11T21:21:30.719696+00:00;P1;25.00
4853;pms5003;3628;6.559;3.386;2026-03-11T21:21:30.719696+00:00;P0;17.50
4853;pms5003;3628;6.559;3.386;2026-03-11T21:26:54.760569+00:00;P2;26.25
4853;pms5003;3628;6.559;3.386;2026-03-11T21:26:54.760569+00:00;P1;38.75
4853;pms5003;3628;6.559;3.386;2026-03-11T21:26:54.760569+00:00;P0;17.00
4854;DHT22;3628;6.559;3.386;2026-03-11T21:27:12.264561+00:00;humidity;86.50
4854;DHT22;3628;6.559;3.386;2026-03-11T21:27:12.264561+00:00;temperature;32.00
4853;pms5003;3628;6.559;3.386;2026-03-11T21:32:51.742014+00:00;P2;27.40
4853;pms5003;3628;6.559;3.386;2026-03-11T21:32:51.742014+00:00;P1;27.80
4853;pms5003;3628;6.559;3.386;2026-03-11T21:32:51.742014+00:00;P0;19.40
4853;pms5003;3628;6.559;3.386;2026-03-11T21:37:53.601620+00:00;P2;24.00
4853;pms5003;3628;6.559;3.386;2026-03-11T21:37:53.601620+00:00;P1;25.00
4853;pms5003;3628;6.559;3.386;2026-03-11T21:37:53.601620+00:00;P0;17.00
4853;pms5003;3628;6.559;3.386;2026-03-11T21:43:51.270834+00:00;P2;26.25
4853;pms5003;3628;6.559;3.386;2026-03-11T21:43:51.270834+00:00;P1;37.50
4853;pms5003;3628;6.559;3.386;2026-03-11T21:43:51.270834+00:00;P0;17.00
4854;DHT22;3628;6.559;3.386;2026-03-11T21:48:48.974369+00:00;humidity;86.70
4854;DHT22;3628;6.559;3.386;2026-03-11T21:48:48.974369+00:00;temperature;31.80
4853;pms5003;3628;6.559;3.386;2026-03-11T21:54:06.186793+00:00;P2;29.00
4853;pms5003;3628;6.559;3.386;2026-03-11T21:54:06.186793+00:00;P1;37.50
4853;pms5003;3628;6.559;3.386;2026-03-11T21:54:06.186793+00:00;P0;19.00
4854;DHT22;3628;6.559;3.386;2026-03-11T21:54:23.602016+00:00;humidity;86.40
4854;DHT22;3628;6.559;3.386;2026-03-11T21:54:23.602016+00:00;temperature;31.90
4853;pms5003;3628;6.559;3.386;2026-03-11T21:59:40.827055+00:00;P2;24.25
4853;pms5003;3628;6.559;3.386;2026-03-11T21:59:40.827055+00:00;P1;35.00
4853;pms5003;3628;6.559;3.386;2026-03-11T21:59:40.827055+00:00;P0;17.00
4854;DHT22;3628;6.559;3.386;2026-03-11T21:59:58.366268+00:00;humidity;87.20
4854;DHT22;3628;6.559;3.386;2026-03-11T21:59:58.366268+00:00;temperature;31.80
4853;pms5003;3628;6.559;3.386;2026-03-11T22:05:15.682749+00:00;P2;27.00
4853;pms5003;3628;6.559;3.386;2026-03-11T22:05:15.682749+00:00;P1;38.25
4853;pms5003;3628;6.559;3.386;2026-03-11T22:05:15.682749+00:00;P0;17.75
4854;DHT22;3628;6.559;3.386;2026-03-11T22:05:33.139535+00:00;humidity;86.90
4854;DHT22;3628;6.559;3.386;2026-03-11T22:05:33.139535+00:00;temperature;31.90
4854;DHT22;3628;6.559;3.386;2026-03-11T22:10:57.035199+00:00;humidity;86.80
4854;DHT22;3628;6.559;3.386;2026-03-11T22:10:57.035199+00:00;temperature;31.80
4854;DHT22;3628;6.559;3.386;2026-03-11T22:16:31.656501+00:00;humidity;87.00
4854;DHT22;3628;6.559;3.386;2026-03-11T22:16:31.656501+00:00;temperature;31.70
4853;pms5003;3628;6.559;3.386;2026-03-11T22:21:49.134960+00:00;P2;26.00
4853;pms5003;3628;6.559;3.386;2026-03-11T22:21:49.134960+00:00;P1;26.00
4853;pms5003;3628;6.559;3.386;2026-03-11T22:21:49.134960+00:00;P0;18.00
4854;DHT22;3628;6.559;3.386;2026-03-11T22:22:06.559355+00:00;humidity;87.70
4854;DHT22;3628;6.559;3.386;2026-03-11T22:22:06.559355+00:00;temperature;31.70
4854;DHT22;3628;6.559;3.386;2026-03-11T22:27:30.255902+00:00;humidity;88.10
4854;DHT22;3628;6.559;3.386;2026-03-11T22:27:30.255902+00:00;temperature;31.60
4853;pms5003;3628;6.559;3.386;2026-03-11T22:32:47.569978+00:00;P2;25.20
4853;pms5003;3628;6.559;3.386;2026-03-11T22:32:47.569978+00:00;P1;27.40
4853;pms5003;3628;6.559;3.386;2026-03-11T22:32:47.569978+00:00;P0;16.00
4854;DHT22;3628;6.559;3.386;2026-03-11T22:33:04.890110+00:00;humidity;87.40
4854;DHT22;3628;6.559;3.386;2026-03-11T22:33:04.890110+00:00;temperature;31.70
4853;pms5003;3628;6.559;3.386;2026-03-11T22:38:26.070982+00:00;P2;26.67
4853;pms5003;3628;6.559;3.386;2026-03-11T22:38:26.070982+00:00;P1;37.67
4853;pms5003;3628;6.559;3.386;2026-03-11T22:38:26.070982+00:00;P0;16.67
4854;DHT22;3628;6.559;3.386;2026-03-11T22:38:39.655430+00:00;humidity;88.10
4854;DHT22;3628;6.559;3.386;2026-03-11T22:38:39.655430+00:00;temperature;31.60
4853;pms5003;3628;6.559;3.386;2026-03-11T22:43:56.913731+00:00;P2;24.50
4853;pms5003;3628;6.559;3.386;2026-03-11T22:43:56.913731+00:00;P1;26.25
4853;pms5003;3628;6.559;3.386;2026-03-11T22:43:56.913731+00:00;P0;15.25
4854;DHT22;3628;6.559;3.386;2026-03-11T22:44:14.339526+00:00;humidity;88.40
4854;DHT22;3628;6.559;3.386;2026-03-11T22:44:14.339526+00:00;temperature;31.40
4854;DHT22;3628;6.559;3.386;2026-03-11T22:49:38.246655+00:00;humidity;88.40
4854;DHT22;3628;6.559;3.386;2026-03-11T22:49:38.246655+00:00;temperature;31.50
4853;pms5003;3628;6.559;3.386;2026-03-11T22:54:55.508851+00:00;P2;25.67
4853;pms5003;3628;6.559;3.386;2026-03-11T22:54:55.508851+00:00;P1;30.33
4853;pms5003;3628;6.559;3.386;2026-03-11T22:54:55.508851+00:00;P0;18.00
4854;DHT22;3628;6.559;3.386;2026-03-11T22:55:12.955969+00:00;humidity;88.50
4854;DHT22;3628;6.559;3.386;2026-03-11T22:55:12.955969+00:00;temperature;31.50
4853;pms5003;3628;6.559;3.386;2026-03-11T23:00:30.447111+00:00;P2;27.50
4853;pms5003;3628;6.559;3.386;2026-03-11T23:00:30.447111+00:00;P1;35.00
4853;pms5003;3628;6.559;3.386;2026-03-11T23:00:30.447111+00:00;P0;17.50
4854;DHT22;3628;6.559;3.386;2026-03-11T23:00:48.090633+00:00;humidity;89.00
4854;DHT22;3628;6.559;3.386;2026-03-11T23:00:48.090633+00:00;temperature;31.30
4854;DHT22;3628;6.559;3.386;2026-03-11T23:06:22.824629+00:00;humidity;88.50
4854;DHT22;3628;6.559;3.386;2026-03-11T23:06:22.824629+00:00;temperature;31.50
4853;pms5003;3628;6.559;3.386;2026-03-11T23:11:41.610889+00:00;P2;23.00
4853;pms5003;3628;6.559;3.386;2026-03-11T23:11:41.610889+00:00;P1;37.50
4853;pms5003;3628;6.559;3.386;2026-03-11T23:11:41.610889+00:00;P0;15.00
4853;pms5003;3628;6.559;3.386;2026-03-11T23:17:16.224892+00:00;P2;21.00
4853;pms5003;3628;6.559;3.386;2026-03-11T23:17:16.224892+00:00;P1;34.50
4853;pms5003;3628;6.559;3.386;2026-03-11T23:17:16.224892+00:00;P0;14.50
4854;DHT22;3628;6.559;3.386;2026-03-11T23:17:33.609498+00:00;humidity;88.00
4854;DHT22;3628;6.559;3.386;2026-03-11T23:17:33.609498+00:00;temperature;31.60
4853;pms5003;3628;6.559;3.386;2026-03-11T23:22:50.847889+00:00;P2;22.00
4853;pms5003;3628;6.559;3.386;2026-03-11T23:22:50.847889+00:00;P1;31.75
4853;pms5003;3628;6.559;3.386;2026-03-11T23:22:50.847889+00:00;P0;15.50
4854;DHT22;3628;6.559;3.386;2026-03-11T23:23:08.221807+00:00;humidity;87.90
4854;DHT22;3628;6.559;3.386;2026-03-11T23:23:08.221807+00:00;temperature;31.70
4853;pms5003;3628;6.559;3.386;2026-03-11T23:28:25.505411+00:00;P2;18.50
4853;pms5003;3628;6.559;3.386;2026-03-11T23:28:25.505411+00:00;P1;28.50
4853;pms5003;3628;6.559;3.386;2026-03-11T23:28:25.505411+00:00;P0;13.00
4854;DHT22;3628;6.559;3.386;2026-03-11T23:28:42.882210+00:00;humidity;87.80
4854;DHT22;3628;6.559;3.386;2026-03-11T23:28:42.882210+00:00;temperature;31.70
4853;pms5003;3628;6.559;3.386;2026-03-11T23:34:00.175418+00:00;P2;23.33
4853;pms5003;3628;6.559;3.386;2026-03-11T23:34:00.175418+00:00;P1;29.33
4853;pms5003;3628;6.559;3.386;2026-03-11T23:34:00.175418+00:00;P0;16.00
4854;DHT22;3628;6.559;3.386;2026-03-11T23:34:17.402196+00:00;humidity;88.00
4854;DHT22;3628;6.559;3.386;2026-03-11T23:34:17.402196+00:00;temperature;31.60
4853;pms5003;3628;6.559;3.386;2026-03-11T23:40:18.529730+00:00;P2;23.00
4853;pms5003;3628;6.559;3.386;2026-03-11T23:40:18.529730+00:00;P1;29.75
4853;pms5003;3628;6.559;3.386;2026-03-11T23:40:18.529730+00:00;P0;15.00
4854;DHT22;3628;6.559;3.386;2026-03-11T23:45:05.512717+00:00;humidity;87.20
4854;DHT22;3628;6.559;3.386;2026-03-11T23:45:05.512717+00:00;temperature;31.80
4854;DHT22;3628;6.559;3.386;2026-03-11T23:50:29.267424+00:00;humidity;87.50
4854;DHT22;3628;6.559;3.386;2026-03-11T23:50:29.267424+00:00;temperature;31.70
4853;pms5003;3628;6.559;3.386;2026-03-11T23:55:46.486073+00:00;P2;27.33
4853;pms5003;3628;6.559;3.386;2026-03-11T23:55:46.486073+00:00;P1;28.33
4853;pms5003;3628;6.559;3.386;2026-03-11T23:55:46.486073+00:00;P0;17.00
4854;DHT22;3628;6.559;3.386;2026-03-12T00:01:16.932176+00:00;humidity;86.90
4854;DHT22;3628;6.559;3.386;2026-03-12T00:01:16.932176+00:00;temperature;31.60
4854;DHT22;3628;6.559;3.386;2026-03-12T00:06:40.838711+00:00;humidity;86.10
4854;DHT22;3628;6.559;3.386;2026-03-12T00:06:40.838711+00:00;temperature;31.50
4853;pms5003;3628;6.559;3.386;2026-03-12T00:11:58.007372+00:00;P2;22.80
4853;pms5003;3628;6.559;3.386;2026-03-12T00:11:58.007372+00:00;P1;23.80
4853;pms5003;3628;6.559;3.386;2026-03-12T00:11:58.007372+00:00;P0;12.80
4854;DHT22;3628;6.559;3.386;2026-03-12T00:12:15.701854+00:00;humidity;82.00
4854;DHT22;3628;6.559;3.386;2026-03-12T00:12:15.701854+00:00;temperature;31.70
4853;pms5003;3628;6.559;3.386;2026-03-12T00:17:32.865331+00:00;P2;18.50
4853;pms5003;3628;6.559;3.386;2026-03-12T00:17:32.865331+00:00;P1;19.50
4853;pms5003;3628;6.559;3.386;2026-03-12T00:17:32.865331+00:00;P0;13.00
4854;DHT22;3628;6.559;3.386;2026-03-12T00:17:50.465534+00:00;humidity;81.60
4854;DHT22;3628;6.559;3.386;2026-03-12T00:17:50.465534+00:00;temperature;31.50
4853;pms5003;3628;6.559;3.386;2026-03-12T00:23:07.667662+00:00;P2;23.00
4853;pms5003;3628;6.559;3.386;2026-03-12T00:23:07.667662+00:00;P1;26.50
4853;pms5003;3628;6.559;3.386;2026-03-12T00:23:07.667662+00:00;P0;15.25
4854;DHT22;3628;6.559;3.386;2026-03-12T00:23:25.032338+00:00;humidity;81.50
4854;DHT22;3628;6.559;3.386;2026-03-12T00:23:25.032338+00:00;temperature;31.50
4853;pms5003;3628;6.559;3.386;2026-03-12T00:28:42.253525+00:00;P2;28.00
4853;pms5003;3628;6.559;3.386;2026-03-12T00:28:42.253525+00:00;P1;39.33
4853;pms5003;3628;6.559;3.386;2026-03-12T00:28:42.253525+00:00;P0;17.00
4854;DHT22;3628;6.559;3.386;2026-03-12T00:28:59.708709+00:00;humidity;81.60
4854;DHT22;3628;6.559;3.386;2026-03-12T00:28:59.708709+00:00;temperature;31.60
4853;pms5003;3628;6.559;3.386;2026-03-12T00:34:16.850596+00:00;P2;27.00
4853;pms5003;3628;6.559;3.386;2026-03-12T00:34:16.850596+00:00;P1;31.00
4853;pms5003;3628;6.559;3.386;2026-03-12T00:34:16.850596+00:00;P0;16.50
4854;DHT22;3628;6.559;3.386;2026-03-12T00:34:34.218653+00:00;humidity;81.90
4854;DHT22;3628;6.559;3.386;2026-03-12T00:34:34.218653+00:00;temperature;31.40
4853;pms5003;3628;6.559;3.386;2026-03-12T00:40:43.856075+00:00;P2;25.25
4853;pms5003;3628;6.559;3.386;2026-03-12T00:40:43.856075+00:00;P1;35.00
4853;pms5003;3628;6.559;3.386;2026-03-12T00:40:43.856075+00:00;P0;16.25
4853;pms5003;3628;6.559;3.386;2026-03-12T00:45:15.753847+00:00;P2;29.00
4853;pms5003;3628;6.559;3.386;2026-03-12T00:45:15.753847+00:00;P1;38.50
4853;pms5003;3628;6.559;3.386;2026-03-12T00:45:15.753847+00:00;P0;17.00
4853;pms5003;3628;6.559;3.386;2026-03-12T05:52:54.864392+00:00;P2;34.00
4853;pms5003;3628;6.559;3.386;2026-03-12T05:52:54.864392+00:00;P1;44.00
4853;pms5003;3628;6.559;3.386;2026-03-12T05:52:54.864392+00:00;P0;22.50
4854;DHT22;3628;6.559;3.386;2026-03-12T05:53:12.346141+00:00;humidity;87.90
4854;DHT22;3628;6.559;3.386;2026-03-12T05:53:12.346141+00:00;temperature;30.30
4854;DHT22;3628;6.559;3.386;2026-03-12T05:58:29.478305+00:00;P2;36.25
4854;DHT22;3628;6.559;3.386;2026-03-12T05:58:29.478305+00:00;P1;51.50
4854;DHT22;3628;6.559;3.386;2026-03-12T05:58:29.478305+00:00;P0;24.00
4854;DHT22;3628;6.559;3.386;2026-03-12T05:58:46.809143+00:00;humidity;84.70
4854;DHT22;3628;6.559;3.386;2026-03-12T05:58:46.809143+00:00;temperature;30.90
4853;pms5003;3628;6.559;3.386;2026-03-12T06:04:50.843441+00:00;P2;39.00
4853;pms5003;3628;6.559;3.386;2026-03-12T06:04:50.843441+00:00;P1;47.40
4853;pms5003;3628;6.559;3.386;2026-03-12T06:04:50.843441+00:00;P0;27.40
4853;pms5003;3628;6.559;3.386;2026-03-12T09:09:05.127034+00:00;P2;20.00
4853;pms5003;3628;6.559;3.386;2026-03-12T09:09:05.127034+00:00;P1;20.00
4853;pms5003;3628;6.559;3.386;2026-03-12T09:09:05.127034+00:00;P0;14.80
4853;pms5003;3628;6.559;3.386;2026-03-12T09:19:59.927915+00:00;P2;21.00
4853;pms5003;3628;6.559;3.386;2026-03-12T09:19:59.927915+00:00;P1;24.75
4853;pms5003;3628;6.559;3.386;2026-03-12T09:19:59.927915+00:00;P0;15.00
4854;DHT22;3628;6.559;3.386;2026-03-12T09:20:17.272369+00:00;humidity;58.10
4854;DHT22;3628;6.559;3.386;2026-03-12T09:20:17.272369+00:00;temperature;38.00
4854;DHT22;3628;6.559;3.386;2026-03-12T09:25:41.571086+00:00;humidity;57.50
4854;DHT22;3628;6.559;3.386;2026-03-12T09:25:41.571086+00:00;temperature;38.00
4853;pms5003;3628;6.559;3.386;2026-03-12T09:36:22.775238+00:00;P2;19.50
4853;pms5003;3628;6.559;3.386;2026-03-12T09:36:22.775238+00:00;P1;21.00
4853;pms5003;3628;6.559;3.386;2026-03-12T09:36:22.775238+00:00;P0;13.25
4853;pms5003;3628;6.559;3.386;2026-03-12T09:41:46.518059+00:00;P2;20.00
4853;pms5003;3628;6.559;3.386;2026-03-12T09:41:46.518059+00:00;P1;23.00
4853;pms5003;3628;6.559;3.386;2026-03-12T09:41:46.518059+00:00;P0;14.00
4853;pms5003;3628;6.559;3.386;2026-03-12T09:47:10.643757+00:00;P2;22.50
4853;pms5003;3628;6.559;3.386;2026-03-12T09:47:10.643757+00:00;P1;25.50
4853;pms5003;3628;6.559;3.386;2026-03-12T09:47:10.643757+00:00;P0;16.50
4854;DHT22;3628;6.559;3.386;2026-03-12T09:47:27.975067+00:00;humidity;55.90
4854;DHT22;3628;6.559;3.386;2026-03-12T09:47:27.975067+00:00;temperature;39.10
4853;pms5003;3628;6.559;3.386;2026-03-12T09:52:45.167850+00:00;P2;20.40
4853;pms5003;3628;6.559;3.386;2026-03-12T09:52:45.167850+00:00;P1;21.40
4853;pms5003;3628;6.559;3.386;2026-03-12T09:52:45.167850+00:00;P0;15.00
4854;DHT22;3628;6.559;3.386;2026-03-12T09:53:02.617203+00:00;humidity;57.80
4854;DHT22;3628;6.559;3.386;2026-03-12T09:53:02.617203+00:00;temperature;38.80
4853;pms5003;3628;6.559;3.386;2026-03-12T09:58:19.779780+00:00;P2;18.50
4853;pms5003;3628;6.559;3.386;2026-03-12T09:58:19.779780+00:00;P1;20.00
4853;pms5003;3628;6.559;3.386;2026-03-12T09:58:19.779780+00:00;P0;13.00
4853;pms5003;3628;6.559;3.386;2026-03-12T10:03:43.958727+00:00;P2;19.00
4853;pms5003;3628;6.559;3.386;2026-03-12T10:03:43.958727+00:00;P1;23.00
4853;pms5003;3628;6.559;3.386;2026-03-12T10:03:43.958727+00:00;P0;13.00
4854;DHT22;3628;6.559;3.386;2026-03-12T10:04:01.282130+00:00;humidity;57.50
4854;DHT22;3628;6.559;3.386;2026-03-12T10:04:01.282130+00:00;temperature;39.20
4853;pms5003;3628;6.559;3.386;2026-03-12T10:09:18.550225+00:00;P2;24.75
4853;pms5003;3628;6.559;3.386;2026-03-12T10:09:18.550225+00:00;P1;34.75
4853;pms5003;3628;6.559;3.386;2026-03-12T10:09:18.550225+00:00;P0;15.50
4854;DHT22;3628;6.559;3.386;2026-03-12T10:15:00.280787+00:00;humidity;59.30
4854;DHT22;3628;6.559;3.386;2026-03-12T10:15:00.280787+00:00;temperature;38.40
4854;DHT22;3628;6.559;3.386;2026-03-12T10:20:24.028451+00:00;humidity;57.40
4854;DHT22;3628;6.559;3.386;2026-03-12T10:20:24.028451+00:00;temperature;39.10
4854;DHT22;3628;6.559;3.386;2026-03-12T10:25:58.584222+00:00;humidity;55.60
4854;DHT22;3628;6.559;3.386;2026-03-12T10:25:58.584222+00:00;temperature;39.20
4853;pms5003;3628;6.559;3.386;2026-03-12T10:36:42.719569+00:00;P2;20.25
4853;pms5003;3628;6.559;3.386;2026-03-12T10:36:42.719569+00:00;P1;28.25
4853;pms5003;3628;6.559;3.386;2026-03-12T10:36:42.719569+00:00;P0;13.00
4854;DHT22;3628;6.559;3.386;2026-03-12T10:37:00.140574+00:00;humidity;59.20
4854;DHT22;3628;6.559;3.386;2026-03-12T10:37:00.140574+00:00;temperature;38.00
4853;pms5003;3628;6.559;3.386;2026-03-12T10:42:17.238207+00:00;P2;21.50
4853;pms5003;3628;6.559;3.386;2026-03-12T10:42:17.238207+00:00;P1;23.50
4853;pms5003;3628;6.559;3.386;2026-03-12T10:42:17.238207+00:00;P0;15.00
4854;DHT22;3628;6.559;3.386;2026-03-12T10:42:34.584525+00:00;humidity;58.40
4854;DHT22;3628;6.559;3.386;2026-03-12T10:42:34.584525+00:00;temperature;38.30
4854;DHT22;3628;6.559;3.386;2026-03-12T10:47:58.345316+00:00;humidity;56.50
4854;DHT22;3628;6.559;3.386;2026-03-12T10:47:58.345316+00:00;temperature;38.70
4854;DHT22;3628;6.559;3.386;2026-03-12T10:53:22.416828+00:00;humidity;54.90
4854;DHT22;3628;6.559;3.386;2026-03-12T10:53:22.416828+00:00;temperature;39.20
4854;DHT22;3628;6.559;3.386;2026-03-12T11:20:16.140794+00:00;humidity;54.50
4854;DHT22;3628;6.559;3.386;2026-03-12T11:20:16.140794+00:00;temperature;40.10
4853;pms5003;3628;6.559;3.386;2026-03-12T11:25:33.299891+00:00;P2;23.33
4853;pms5003;3628;6.559;3.386;2026-03-12T11:25:33.299891+00:00;P1;23.33
4853;pms5003;3628;6.559;3.386;2026-03-12T11:25:33.299891+00:00;P0;17.00
4854;DHT22;3628;6.559;3.386;2026-03-12T11:31:14.360201+00:00;humidity;56.40
4854;DHT22;3628;6.559;3.386;2026-03-12T11:31:14.360201+00:00;temperature;38.70
4853;pms5003;3628;6.559;3.386;2026-03-12T11:36:31.525960+00:00;P2;20.60
4853;pms5003;3628;6.559;3.386;2026-03-12T11:36:31.525960+00:00;P1;25.20
4853;pms5003;3628;6.559;3.386;2026-03-12T11:36:31.525960+00:00;P0;14.60
4854;DHT22;3628;6.559;3.386;2026-03-12T11:47:26.596952+00:00;humidity;56.50
4854;DHT22;3628;6.559;3.386;2026-03-12T11:47:26.596952+00:00;temperature;39.80
4853;pms5003;3628;6.559;3.386;2026-03-12T11:52:43.766742+00:00;P2;21.00
4853;pms5003;3628;6.559;3.386;2026-03-12T11:52:43.766742+00:00;P1;24.00
4853;pms5003;3628;6.559;3.386;2026-03-12T11:52:43.766742+00:00;P0;15.00
4854;DHT22;3628;6.559;3.386;2026-03-12T11:53:01.139200+00:00;humidity;57.30
4854;DHT22;3628;6.559;3.386;2026-03-12T11:53:01.139200+00:00;temperature;39.40
4854;DHT22;3628;6.559;3.386;2026-03-12T11:58:25.058773+00:00;humidity;57.70
4854;DHT22;3628;6.559;3.386;2026-03-12T11:58:25.058773+00:00;temperature;39.10
4854;DHT22;3628;6.559;3.386;2026-03-12T12:03:48.983063+00:00;humidity;55.60
4854;DHT22;3628;6.559;3.386;2026-03-12T12:03:48.983063+00:00;temperature;39.70
4853;pms5003;3628;6.559;3.386;2026-03-12T12:09:06.210225+00:00;P2;22.00
4853;pms5003;3628;6.559;3.386;2026-03-12T12:09:06.210225+00:00;P1;25.00
4853;pms5003;3628;6.559;3.386;2026-03-12T12:09:06.210225+00:00;P0;15.40
4853;pms5003;3628;6.559;3.386;2026-03-12T12:14:33.032064+00:00;P2;23.25
4853;pms5003;3628;6.559;3.386;2026-03-12T12:14:33.032064+00:00;P1;28.00
4853;pms5003;3628;6.559;3.386;2026-03-12T12:14:33.032064+00:00;P0;15.50
4854;DHT22;3628;6.559;3.386;2026-03-12T12:14:50.342882+00:00;humidity;56.10
4854;DHT22;3628;6.559;3.386;2026-03-12T12:14:50.342882+00:00;temperature;38.60
4853;pms5003;3628;6.559;3.386;2026-03-12T12:20:07.646933+00:00;P2;20.33
4853;pms5003;3628;6.559;3.386;2026-03-12T12:20:07.646933+00:00;P1;21.67
4853;pms5003;3628;6.559;3.386;2026-03-12T12:20:07.646933+00:00;P0;14.67
4853;pms5003;3628;6.559;3.386;2026-03-12T12:25:31.917327+00:00;P2;18.75
4853;pms5003;3628;6.559;3.386;2026-03-12T12:25:31.917327+00:00;P1;30.50
4853;pms5003;3628;6.559;3.386;2026-03-12T12:25:31.917327+00:00;P0;13.75
4853;pms5003;3628;6.559;3.386;2026-03-12T12:30:58.714725+00:00;P2;23.75
4853;pms5003;3628;6.559;3.386;2026-03-12T12:30:58.714725+00:00;P1;36.50
4853;pms5003;3628;6.559;3.386;2026-03-12T12:30:58.714725+00:00;P0;16.75
4854;DHT22;3628;6.559;3.386;2026-03-12T12:47:09.684044+00:00;humidity;53.30
4854;DHT22;3628;6.559;3.386;2026-03-12T12:47:09.684044+00:00;temperature;40.30
4853;pms5003;3628;6.559;3.386;2026-03-12T12:52:26.909241+00:00;P2;22.00
4853;pms5003;3628;6.559;3.386;2026-03-12T12:52:26.909241+00:00;P1;24.40
4853;pms5003;3628;6.559;3.386;2026-03-12T12:52:26.909241+00:00;P0;15.00
4853;pms5003;3628;6.559;3.386;2026-03-12T12:57:50.614753+00:00;P2;20.33
4853;pms5003;3628;6.559;3.386;2026-03-12T12:57:50.614753+00:00;P1;20.33
4853;pms5003;3628;6.559;3.386;2026-03-12T12:57:50.614753+00:00;P0;15.00
4854;DHT22;3628;6.559;3.386;2026-03-12T13:08:45.277050+00:00;humidity;54.10
4854;DHT22;3628;6.559;3.386;2026-03-12T13:08:45.277050+00:00;temperature;39.60
4853;pms5003;3628;6.559;3.386;2026-03-12T13:14:02.433039+00:00;P2;21.00
4853;pms5003;3628;6.559;3.386;2026-03-12T13:14:02.433039+00:00;P1;21.00
4853;pms5003;3628;6.559;3.386;2026-03-12T13:14:02.433039+00:00;P0;15.00
4854;DHT22;3628;6.559;3.386;2026-03-12T13:14:19.808135+00:00;humidity;53.20
4854;DHT22;3628;6.559;3.386;2026-03-12T13:14:19.808135+00:00;temperature;40.00
4853;pms5003;3628;6.559;3.386;2026-03-12T13:19:37.141962+00:00;P2;25.00
4853;pms5003;3628;6.559;3.386;2026-03-12T13:19:37.141962+00:00;P1;37.33
4853;pms5003;3628;6.559;3.386;2026-03-12T13:19:37.141962+00:00;P0;18.00
4854;DHT22;3628;6.559;3.386;2026-03-12T13:19:54.569097+00:00;humidity;52.60
4854;DHT22;3628;6.559;3.386;2026-03-12T13:19:54.569097+00:00;temperature;40.00
4853;pms5003;3628;6.559;3.386;2026-03-12T13:25:11.750381+00:00;P2;20.50
4853;pms5003;3628;6.559;3.386;2026-03-12T13:25:11.750381+00:00;P1;22.00
4853;pms5003;3628;6.559;3.386;2026-03-12T13:25:11.750381+00:00;P0;14.50
4854;DHT22;3628;6.559;3.386;2026-03-12T13:25:29.314410+00:00;humidity;51.10
4854;DHT22;3628;6.559;3.386;2026-03-12T13:25:29.314410+00:00;temperature;41.20
4853;pms5003;3628;6.559;3.386;2026-03-12T13:30:46.466951+00:00;P2;22.50
4853;pms5003;3628;6.559;3.386;2026-03-12T13:30:46.466951+00:00;P1;25.50
4853;pms5003;3628;6.559;3.386;2026-03-12T13:30:46.466951+00:00;P0;15.50
4854;DHT22;3628;6.559;3.386;2026-03-12T13:31:03.871787+00:00;humidity;50.40
4854;DHT22;3628;6.559;3.386;2026-03-12T13:31:03.871787+00:00;temperature;41.70
4853;pms5003;3628;6.559;3.386;2026-03-12T13:36:21.057041+00:00;P2;21.00
4853;pms5003;3628;6.559;3.386;2026-03-12T13:36:21.057041+00:00;P1;32.50
4853;pms5003;3628;6.559;3.386;2026-03-12T13:36:21.057041+00:00;P0;16.00
4854;DHT22;3628;6.559;3.386;2026-03-12T13:36:38.391574+00:00;humidity;49.90
4854;DHT22;3628;6.559;3.386;2026-03-12T13:36:38.391574+00:00;temperature;41.70
4854;DHT22;3628;6.559;3.386;2026-03-12T13:47:18.611678+00:00;humidity;50.80
4854;DHT22;3628;6.559;3.386;2026-03-12T13:47:18.611678+00:00;temperature;40.80
4853;pms5003;3628;6.559;3.386;2026-03-12T13:52:35.830771+00:00;P2;24.60
4853;pms5003;3628;6.559;3.386;2026-03-12T13:52:35.830771+00:00;P1;24.60
4853;pms5003;3628;6.559;3.386;2026-03-12T13:52:35.830771+00:00;P0;16.60
4854;DHT22;3628;6.559;3.386;2026-03-12T13:52:53.166830+00:00;humidity;50.80
4854;DHT22;3628;6.559;3.386;2026-03-12T13:52:53.166830+00:00;temperature;40.70
4853;pms5003;3628;6.559;3.386;2026-03-12T13:58:10.345846+00:00;P2;21.00
4853;pms5003;3628;6.559;3.386;2026-03-12T13:58:10.345846+00:00;P1;24.00
4853;pms5003;3628;6.559;3.386;2026-03-12T13:58:10.345846+00:00;P0;16.00
4854;DHT22;3628;6.559;3.386;2026-03-12T13:58:27.696035+00:00;humidity;51.70
4854;DHT22;3628;6.559;3.386;2026-03-12T13:58:27.696035+00:00;temperature;40.40
4853;pms5003;3628;6.559;3.386;2026-03-12T14:03:44.862127+00:00;P2;22.33
4853;pms5003;3628;6.559;3.386;2026-03-12T14:03:44.862127+00:00;P1;22.33
4853;pms5003;3628;6.559;3.386;2026-03-12T14:03:44.862127+00:00;P0;14.00
4854;DHT22;3628;6.559;3.386;2026-03-12T14:04:02.206634+00:00;humidity;50.70
4854;DHT22;3628;6.559;3.386;2026-03-12T14:04:02.206634+00:00;temperature;41.00
4854;DHT22;3628;6.559;3.386;2026-03-12T14:09:26.183103+00:00;humidity;50.00
4854;DHT22;3628;6.559;3.386;2026-03-12T14:09:26.183103+00:00;temperature;41.00
4853;pms5003;3628;6.559;3.386;2026-03-12T14:14:46.304142+00:00;P2;21.00
4853;pms5003;3628;6.559;3.386;2026-03-12T14:14:46.304142+00:00;P1;23.00
4853;pms5003;3628;6.559;3.386;2026-03-12T14:14:46.304142+00:00;P0;16.00
4853;pms5003;3628;6.559;3.386;2026-03-12T14:20:13.094283+00:00;P2;21.75
4853;pms5003;3628;6.559;3.386;2026-03-12T14:20:13.094283+00:00;P1;21.75
4853;pms5003;3628;6.559;3.386;2026-03-12T14:20:13.094283+00:00;P0;14.00
4854;DHT22;3628;6.559;3.386;2026-03-12T14:20:29.185991+00:00;humidity;50.90
4854;DHT22;3628;6.559;3.386;2026-03-12T14:20:29.185991+00:00;temperature;41.20
4853;pms5003;3628;6.559;3.386;2026-03-12T14:25:46.332504+00:00;P2;22.80
4853;pms5003;3628;6.559;3.386;2026-03-12T14:25:46.332504+00:00;P1;30.80
4853;pms5003;3628;6.559;3.386;2026-03-12T14:25:46.332504+00:00;P0;15.40
4853;pms5003;3628;6.559;3.386;2026-03-12T14:36:45.057410+00:00;P2;27.00
4853;pms5003;3628;6.559;3.386;2026-03-12T14:36:45.057410+00:00;P1;29.75
4853;pms5003;3628;6.559;3.386;2026-03-12T14:36:45.057410+00:00;P0;20.00
4854;DHT22;3628;6.559;3.386;2026-03-12T14:37:02.513386+00:00;humidity;51.30
4854;DHT22;3628;6.559;3.386;2026-03-12T14:37:02.513386+00:00;temperature;40.50
4853;pms5003;3628;6.559;3.386;2026-03-12T14:42:20.712093+00:00;P2;22.25
4853;pms5003;3628;6.559;3.386;2026-03-12T14:42:20.712093+00:00;P1;31.25
4853;pms5003;3628;6.559;3.386;2026-03-12T14:42:20.712093+00:00;P0;13.50
4854;DHT22;3628;6.559;3.386;2026-03-12T14:42:38.037396+00:00;humidity;51.50
4854;DHT22;3628;6.559;3.386;2026-03-12T14:42:38.037396+00:00;temperature;40.40
4853;pms5003;3628;6.559;3.386;2026-03-12T14:53:19.275573+00:00;P2;16.50
4853;pms5003;3628;6.559;3.386;2026-03-12T14:53:19.275573+00:00;P1;21.00
4853;pms5003;3628;6.559;3.386;2026-03-12T14:53:19.275573+00:00;P0;11.50
4853;pms5003;3628;6.559;3.386;2026-03-12T14:58:53.870741+00:00;P2;22.50
4853;pms5003;3628;6.559;3.386;2026-03-12T14:58:53.870741+00:00;P1;22.50
4853;pms5003;3628;6.559;3.386;2026-03-12T14:58:53.870741+00:00;P0;14.00
4854;DHT22;3628;6.559;3.386;2026-03-12T14:59:11.161199+00:00;humidity;53.10
4854;DHT22;3628;6.559;3.386;2026-03-12T14:59:11.161199+00:00;temperature;40.20
4854;DHT22;3628;6.559;3.386;2026-03-12T15:04:34.912144+00:00;humidity;54.10
4854;DHT22;3628;6.559;3.386;2026-03-12T15:04:34.912144+00:00;temperature;39.10
4853;pms5003;3628;6.559;3.386;2026-03-12T15:09:52.149080+00:00;P2;22.33
4853;pms5003;3628;6.559;3.386;2026-03-12T15:09:52.149080+00:00;P1;24.33
4853;pms5003;3628;6.559;3.386;2026-03-12T15:09:52.149080+00:00;P0;16.00
4853;pms5003;3628;6.559;3.386;2026-03-12T15:15:26.918801+00:00;P2;23.75
4853;pms5003;3628;6.559;3.386;2026-03-12T15:15:26.918801+00:00;P1;25.00
4853;pms5003;3628;6.559;3.386;2026-03-12T15:15:26.918801+00:00;P0;18.00
4853;pms5003;3628;6.559;3.386;2026-03-12T15:21:04.900086+00:00;P2;25.25
4853;pms5003;3628;6.559;3.386;2026-03-12T15:21:04.900086+00:00;P1;28.25
4853;pms5003;3628;6.559;3.386;2026-03-12T15:21:04.900086+00:00;P0;17.75
4854;DHT22;3628;6.559;3.386;2026-03-12T15:26:35.952321+00:00;humidity;59.30
4854;DHT22;3628;6.559;3.386;2026-03-12T15:26:35.952321+00:00;temperature;37.00
4853;pms5003;3628;6.559;3.386;2026-03-12T15:31:53.138144+00:00;P2;26.50
4853;pms5003;3628;6.559;3.386;2026-03-12T15:31:53.138144+00:00;P1;38.25
4853;pms5003;3628;6.559;3.386;2026-03-12T15:31:53.138144+00:00;P0;18.75
4854;DHT22;3628;6.559;3.386;2026-03-12T15:32:10.507381+00:00;humidity;59.50
4854;DHT22;3628;6.559;3.386;2026-03-12T15:32:10.507381+00:00;temperature;36.70
4854;DHT22;3628;6.559;3.386;2026-03-12T15:37:34.566867+00:00;humidity;60.00
4854;DHT22;3628;6.559;3.386;2026-03-12T15:37:34.566867+00:00;temperature;36.80
4853;pms5003;3628;6.559;3.386;2026-03-12T15:48:15.815970+00:00;P2;22.50
4853;pms5003;3628;6.559;3.386;2026-03-12T15:48:15.815970+00:00;P1;33.75
4853;pms5003;3628;6.559;3.386;2026-03-12T15:48:15.815970+00:00;P0;15.25
4853;pms5003;3628;6.559;3.386;2026-03-12T15:53:39.472798+00:00;P2;22.00
4853;pms5003;3628;6.559;3.386;2026-03-12T15:53:39.472798+00:00;P1;22.00
4853;pms5003;3628;6.559;3.386;2026-03-12T15:53:39.472798+00:00;P0;15.00
4854;DHT22;3628;6.559;3.386;2026-03-12T15:53:56.960537+00:00;humidity;59.30
4854;DHT22;3628;6.559;3.386;2026-03-12T15:53:56.960537+00:00;temperature;36.50
4853;pms5003;3628;6.559;3.386;2026-03-12T15:59:14.143348+00:00;P2;19.00
4853;pms5003;3628;6.559;3.386;2026-03-12T15:59:14.143348+00:00;P1;20.00
4853;pms5003;3628;6.559;3.386;2026-03-12T15:59:14.143348+00:00;P0;15.00
4854;DHT22;3628;6.559;3.386;2026-03-12T15:59:31.548088+00:00;humidity;62.30
4854;DHT22;3628;6.559;3.386;2026-03-12T15:59:31.548088+00:00;temperature;36.20
4853;pms5003;3628;6.559;3.386;2026-03-12T16:04:48.731449+00:00;P2;23.00
4853;pms5003;3628;6.559;3.386;2026-03-12T16:04:48.731449+00:00;P1;37.50
4853;pms5003;3628;6.559;3.386;2026-03-12T16:04:48.731449+00:00;P0;16.50
4853;pms5003;3628;6.559;3.386;2026-03-12T16:15:26.290825+00:00;P2;21.00
4853;pms5003;3628;6.559;3.386;2026-03-12T16:15:26.290825+00:00;P1;22.60
4853;pms5003;3628;6.559;3.386;2026-03-12T16:15:26.290825+00:00;P0;14.20
4854;DHT22;3628;6.559;3.386;2026-03-12T16:15:43.884996+00:00;humidity;63.80
4854;DHT22;3628;6.559;3.386;2026-03-12T16:15:43.884996+00:00;temperature;35.70
4853;pms5003;3628;6.559;3.386;2026-03-12T16:21:00.907275+00:00;P2;24.00
4853;pms5003;3628;6.559;3.386;2026-03-12T16:21:00.907275+00:00;P1;25.00
4853;pms5003;3628;6.559;3.386;2026-03-12T16:21:00.907275+00:00;P0;16.00
4854;DHT22;3628;6.559;3.386;2026-03-12T16:21:18.251316+00:00;humidity;63.20
4854;DHT22;3628;6.559;3.386;2026-03-12T16:21:18.251316+00:00;temperature;35.60
4853;pms5003;3628;6.559;3.386;2026-03-12T16:26:35.535048+00:00;P2;18.67
4853;pms5003;3628;6.559;3.386;2026-03-12T16:26:35.535048+00:00;P1;19.00
4853;pms5003;3628;6.559;3.386;2026-03-12T16:26:35.535048+00:00;P0;13.00
4854;DHT22;3628;6.559;3.386;2026-03-12T16:26:53.463604+00:00;humidity;64.30
4854;DHT22;3628;6.559;3.386;2026-03-12T16:26:53.463604+00:00;temperature;35.50
4853;pms5003;3628;6.559;3.386;2026-03-12T16:32:10.743427+00:00;P2;24.67
4853;pms5003;3628;6.559;3.386;2026-03-12T16:32:10.743427+00:00;P1;32.00
4853;pms5003;3628;6.559;3.386;2026-03-12T16:32:10.743427+00:00;P0;17.67
4853;pms5003;3628;6.559;3.386;2026-03-12T16:37:34.992957+00:00;P2;27.25
4853;pms5003;3628;6.559;3.386;2026-03-12T16:37:34.992957+00:00;P1;36.00
4853;pms5003;3628;6.559;3.386;2026-03-12T16:37:34.992957+00:00;P0;16.75
4854;DHT22;3628;6.559;3.386;2026-03-12T16:37:52.370555+00:00;humidity;65.00
4854;DHT22;3628;6.559;3.386;2026-03-12T16:37:52.370555+00:00;temperature;35.30
4853;pms5003;3628;6.559;3.386;2026-03-12T16:43:09.548060+00:00;P2;25.25
4853;pms5003;3628;6.559;3.386;2026-03-12T16:43:09.548060+00:00;P1;32.00
4853;pms5003;3628;6.559;3.386;2026-03-12T16:43:09.548060+00:00;P0;16.75
4854;DHT22;3628;6.559;3.386;2026-03-12T16:43:26.949420+00:00;humidity;65.40
4854;DHT22;3628;6.559;3.386;2026-03-12T16:43:26.949420+00:00;temperature;35.20
4854;DHT22;3628;6.559;3.386;2026-03-12T16:49:01.421308+00:00;humidity;65.70
4854;DHT22;3628;6.559;3.386;2026-03-12T16:49:01.421308+00:00;temperature;34.90
4853;pms5003;3628;6.559;3.386;2026-03-12T16:54:18.650382+00:00;P2;25.25
4853;pms5003;3628;6.559;3.386;2026-03-12T16:54:18.650382+00:00;P1;37.00
4853;pms5003;3628;6.559;3.386;2026-03-12T16:54:18.650382+00:00;P0;17.25
4853;pms5003;3628;6.559;3.386;2026-03-12T16:59:53.416129+00:00;P2;18.25
4853;pms5003;3628;6.559;3.386;2026-03-12T16:59:53.416129+00:00;P1;22.00
4853;pms5003;3628;6.559;3.386;2026-03-12T16:59:53.416129+00:00;P0;13.25
4854;DHT22;3628;6.559;3.386;2026-03-12T17:00:10.907326+00:00;humidity;66.10
4854;DHT22;3628;6.559;3.386;2026-03-12T17:00:10.907326+00:00;temperature;34.80
4853;pms5003;3628;6.559;3.386;2026-03-12T17:05:27.952752+00:00;P2;20.75
4853;pms5003;3628;6.559;3.386;2026-03-12T17:05:27.952752+00:00;P1;25.25
4853;pms5003;3628;6.559;3.386;2026-03-12T17:05:27.952752+00:00;P0;14.00
4854;DHT22;3628;6.559;3.386;2026-03-12T17:05:45.431242+00:00;humidity;66.80
4854;DHT22;3628;6.559;3.386;2026-03-12T17:05:45.431242+00:00;temperature;34.60
4854;DHT22;3628;6.559;3.386;2026-03-12T17:11:09.624712+00:00;humidity;68.10
4854;DHT22;3628;6.559;3.386;2026-03-12T17:11:09.624712+00:00;temperature;34.30
4853;pms5003;3628;6.559;3.386;2026-03-12T17:16:26.796413+00:00;P2;20.25
4853;pms5003;3628;6.559;3.386;2026-03-12T17:16:26.796413+00:00;P1;22.25
4853;pms5003;3628;6.559;3.386;2026-03-12T17:16:26.796413+00:00;P0;15.25
4853;pms5003;3628;6.559;3.386;2026-03-12T17:21:50.844855+00:00;P2;21.00
4853;pms5003;3628;6.559;3.386;2026-03-12T17:21:50.844855+00:00;P1;33.25
4853;pms5003;3628;6.559;3.386;2026-03-12T17:21:50.844855+00:00;P0;16.00
4853;pms5003;3628;6.559;3.386;2026-03-12T17:27:25.416278+00:00;P2;19.60
4853;pms5003;3628;6.559;3.386;2026-03-12T17:27:25.416278+00:00;P1;23.00
4853;pms5003;3628;6.559;3.386;2026-03-12T17:27:25.416278+00:00;P0;13.60
4854;DHT22;3628;6.559;3.386;2026-03-12T17:27:42.840936+00:00;humidity;68.60
4854;DHT22;3628;6.559;3.386;2026-03-12T17:27:42.840936+00:00;temperature;34.00
4853;pms5003;3628;6.559;3.386;2026-03-12T17:43:33.270608+00:00;P2;21.75
4853;pms5003;3628;6.559;3.386;2026-03-12T17:43:33.270608+00:00;P1;25.50
4853;pms5003;3628;6.559;3.386;2026-03-12T17:43:33.270608+00:00;P0;16.00
4854;DHT22;3628;6.559;3.386;2026-03-12T17:43:50.629841+00:00;humidity;70.50
4854;DHT22;3628;6.559;3.386;2026-03-12T17:43:50.629841+00:00;temperature;33.60
4854;DHT22;3628;6.559;3.386;2026-03-12T17:49:25.207428+00:00;humidity;70.60
4854;DHT22;3628;6.559;3.386;2026-03-12T17:49:25.207428+00:00;temperature;33.50
4854;DHT22;3628;6.559;3.386;2026-03-12T18:15:46.948009+00:00;humidity;73.40
4854;DHT22;3628;6.559;3.386;2026-03-12T18:15:46.948009+00:00;temperature;32.90
4853;pms5003;3628;6.559;3.386;2026-03-12T18:26:31.494479+00:00;P2;33.00
4853;pms5003;3628;6.559;3.386;2026-03-12T18:26:31.494479+00:00;P1;42.50
4853;pms5003;3628;6.559;3.386;2026-03-12T18:26:31.494479+00:00;P0;20.50
4854;DHT22;3628;6.559;3.386;2026-03-12T18:26:51.635520+00:00;humidity;73.70
4854;DHT22;3628;6.559;3.386;2026-03-12T18:26:51.635520+00:00;temperature;32.90
4853;pms5003;3628;6.559;3.386;2026-03-12T18:32:08.979560+00:00;P2;30.00
4853;pms5003;3628;6.559;3.386;2026-03-12T18:32:08.979560+00:00;P1;38.60
4853;pms5003;3628;6.559;3.386;2026-03-12T18:32:08.979560+00:00;P0;20.00
4854;DHT22;3628;6.559;3.386;2026-03-12T18:37:56.116850+00:00;humidity;75.50
4854;DHT22;3628;6.559;3.386;2026-03-12T18:37:56.116850+00:00;temperature;32.60
4853;pms5003;3628;6.559;3.386;2026-03-12T18:43:16.265859+00:00;P2;29.80
4853;pms5003;3628;6.559;3.386;2026-03-12T18:43:16.265859+00:00;P1;41.00
4853;pms5003;3628;6.559;3.386;2026-03-12T18:43:16.265859+00:00;P0;19.00
4853;pms5003;3628;6.559;3.386;2026-03-12T18:48:39.995024+00:00;P2;45.33
4853;pms5003;3628;6.559;3.386;2026-03-12T18:48:39.995024+00:00;P1;62.33
4853;pms5003;3628;6.559;3.386;2026-03-12T18:48:39.995024+00:00;P0;29.67
4853;pms5003;3628;6.559;3.386;2026-03-12T18:54:29.084847+00:00;P2;70.50
4853;pms5003;3628;6.559;3.386;2026-03-12T18:54:29.084847+00:00;P1;80.75
4853;pms5003;3628;6.559;3.386;2026-03-12T18:54:29.084847+00:00;P0;51.75
4854;DHT22;3628;6.559;3.386;2026-03-12T18:54:56.227515+00:00;humidity;76.30
4854;DHT22;3628;6.559;3.386;2026-03-12T18:54:56.227515+00:00;temperature;32.50
4853;pms5003;3628;6.559;3.386;2026-03-12T19:00:15.220830+00:00;P2;50.40
4853;pms5003;3628;6.559;3.386;2026-03-12T19:00:15.220830+00:00;P1;67.00
4853;pms5003;3628;6.559;3.386;2026-03-12T19:00:15.220830+00:00;P0;35.60
4853;pms5003;3628;6.559;3.386;2026-03-12T19:05:50.730396+00:00;P2;41.75
4853;pms5003;3628;6.559;3.386;2026-03-12T19:05:50.730396+00:00;P1;56.75
4853;pms5003;3628;6.559;3.386;2026-03-12T19:05:50.730396+00:00;P0;28.00
4854;DHT22;3628;6.559;3.386;2026-03-12T19:06:07.892640+00:00;humidity;76.60
4854;DHT22;3628;6.559;3.386;2026-03-12T19:06:07.892640+00:00;temperature;32.40
4853;pms5003;3628;6.559;3.386;2026-03-12T19:11:48.211115+00:00;P2;88.50
4853;pms5003;3628;6.559;3.386;2026-03-12T19:11:48.211115+00:00;P1;97.00
4853;pms5003;3628;6.559;3.386;2026-03-12T19:11:48.211115+00:00;P0;73.00
4853;pms5003;3628;6.559;3.386;2026-03-12T19:16:54.879515+00:00;P2;172.25
4853;pms5003;3628;6.559;3.386;2026-03-12T19:16:54.879515+00:00;P1;180.00
4853;pms5003;3628;6.559;3.386;2026-03-12T19:16:54.879515+00:00;P0;142.25
4854;DHT22;3628;6.559;3.386;2026-03-12T19:22:31.251564+00:00;humidity;77.20
4854;DHT22;3628;6.559;3.386;2026-03-12T19:22:31.251564+00:00;temperature;32.40
4853;pms5003;3628;6.559;3.386;2026-03-12T19:33:25.940511+00:00;P2;39.00
4853;pms5003;3628;6.559;3.386;2026-03-12T19:33:25.940511+00:00;P1;53.00
4853;pms5003;3628;6.559;3.386;2026-03-12T19:33:25.940511+00:00;P0;24.33
4853;pms5003;3628;6.559;3.386;2026-03-12T19:44:34.084941+00:00;P2;35.00
4853;pms5003;3628;6.559;3.386;2026-03-12T19:44:34.084941+00:00;P1;49.00
4853;pms5003;3628;6.559;3.386;2026-03-12T19:44:34.084941+00:00;P0;22.50
4853;pms5003;3628;6.559;3.386;2026-03-12T19:50:14.283809+00:00;P2;30.50
4853;pms5003;3628;6.559;3.386;2026-03-12T19:50:14.283809+00:00;P1;32.00
4853;pms5003;3628;6.559;3.386;2026-03-12T19:50:14.283809+00:00;P0;22.00
4854;DHT22;3628;6.559;3.386;2026-03-12T19:50:31.799270+00:00;humidity;78.00
4854;DHT22;3628;6.559;3.386;2026-03-12T19:50:31.799270+00:00;temperature;32.30
4853;pms5003;3628;6.559;3.386;2026-03-12T19:55:48.946870+00:00;P2;24.50
4853;pms5003;3628;6.559;3.386;2026-03-12T19:55:48.946870+00:00;P1;28.50
4853;pms5003;3628;6.559;3.386;2026-03-12T19:55:48.946870+00:00;P0;15.50
4854;DHT22;3628;6.559;3.386;2026-03-12T19:56:09.222151+00:00;humidity;78.20
4854;DHT22;3628;6.559;3.386;2026-03-12T19:56:09.222151+00:00;temperature;32.30
4854;DHT22;3628;6.559;3.386;2026-03-12T20:18:13.838218+00:00;humidity;78.70
4854;DHT22;3628;6.559;3.386;2026-03-12T20:18:13.838218+00:00;temperature;32.20
4854;DHT22;3628;6.559;3.386;2026-03-12T20:23:36.501791+00:00;humidity;79.10
4854;DHT22;3628;6.559;3.386;2026-03-12T20:23:36.501791+00:00;temperature;32.20
4853;pms5003;3628;6.559;3.386;2026-03-12T20:28:56.590990+00:00;P2;39.00
4853;pms5003;3628;6.559;3.386;2026-03-12T20:28:56.590990+00:00;P1;52.40
4853;pms5003;3628;6.559;3.386;2026-03-12T20:28:56.590990+00:00;P0;24.00
4854;DHT22;3628;6.559;3.386;2026-03-12T20:29:16.596571+00:00;humidity;79.10
4854;DHT22;3628;6.559;3.386;2026-03-12T20:29:16.596571+00:00;temperature;32.20
4853;pms5003;3628;6.559;3.386;2026-03-12T20:40:09.201061+00:00;P2;23.75
4853;pms5003;3628;6.559;3.386;2026-03-12T20:40:09.201061+00:00;P1;29.50
4853;pms5003;3628;6.559;3.386;2026-03-12T20:40:09.201061+00:00;P0;15.00
4854;DHT22;3628;6.559;3.386;2026-03-12T20:40:34.183335+00:00;humidity;79.30
4854;DHT22;3628;6.559;3.386;2026-03-12T20:40:34.183335+00:00;temperature;32.00
4853;pms5003;3628;6.559;3.386;2026-03-12T20:45:54.309351+00:00;P2;23.00
4853;pms5003;3628;6.559;3.386;2026-03-12T20:45:54.309351+00:00;P1;24.60
4853;pms5003;3628;6.559;3.386;2026-03-12T20:45:54.309351+00:00;P0;14.60
4854;DHT22;3628;6.559;3.386;2026-03-12T20:46:12.469324+00:00;humidity;79.00
4854;DHT22;3628;6.559;3.386;2026-03-12T20:46:12.469324+00:00;temperature;32.10
4854;DHT22;3628;6.559;3.386;2026-03-12T20:51:49.671648+00:00;humidity;79.50
4854;DHT22;3628;6.559;3.386;2026-03-12T20:51:49.671648+00:00;temperature;32.10
4853;pms5003;3628;6.559;3.386;2026-03-12T20:57:06.950894+00:00;P2;27.00
4853;pms5003;3628;6.559;3.386;2026-03-12T20:57:06.950894+00:00;P1;28.00
4853;pms5003;3628;6.559;3.386;2026-03-12T20:57:06.950894+00:00;P0;18.50
4854;DHT22;3628;6.559;3.386;2026-03-12T20:57:32.820376+00:00;humidity;79.50
4854;DHT22;3628;6.559;3.386;2026-03-12T20:57:32.820376+00:00;temperature;32.00
4853;pms5003;3628;6.559;3.386;2026-03-12T21:13:16.778510+00:00;P2;24.60
4853;pms5003;3628;6.559;3.386;2026-03-12T21:13:16.778510+00:00;P1;35.40
4853;pms5003;3628;6.559;3.386;2026-03-12T21:13:16.778510+00:00;P0;17.00
4854;DHT22;3628;6.559;3.386;2026-03-12T21:13:42.833618+00:00;humidity;79.60
4854;DHT22;3628;6.559;3.386;2026-03-12T21:13:42.833618+00:00;temperature;32.00
4853;pms5003;3628;6.559;3.386;2026-03-12T21:20:42.332975+00:00;P2;26.25
4853;pms5003;3628;6.559;3.386;2026-03-12T21:20:42.332975+00:00;P1;34.50
4853;pms5003;3628;6.559;3.386;2026-03-12T21:20:42.332975+00:00;P0;17.50
4853;pms5003;3628;6.559;3.386;2026-03-12T21:26:06.077774+00:00;P2;20.50
4853;pms5003;3628;6.559;3.386;2026-03-12T21:26:06.077774+00:00;P1;22.50
4853;pms5003;3628;6.559;3.386;2026-03-12T21:26:06.077774+00:00;P0;15.50
4854;DHT22;3628;6.559;3.386;2026-03-12T21:26:23.421852+00:00;humidity;80.00
4854;DHT22;3628;6.559;3.386;2026-03-12T21:26:23.421852+00:00;temperature;32.10
4853;pms5003;3628;6.559;3.386;2026-03-12T21:31:40.598784+00:00;P2;22.60
4853;pms5003;3628;6.559;3.386;2026-03-12T21:31:40.598784+00:00;P1;24.00
4853;pms5003;3628;6.559;3.386;2026-03-12T21:31:40.598784+00:00;P0;16.00
4853;pms5003;3628;6.559;3.386;2026-03-12T21:37:04.641619+00:00;P2;24.00
4853;pms5003;3628;6.559;3.386;2026-03-12T21:37:04.641619+00:00;P1;26.00
4853;pms5003;3628;6.559;3.386;2026-03-12T21:37:04.641619+00:00;P0;16.50
4854;DHT22;3628;6.559;3.386;2026-03-12T21:37:22.070288+00:00;humidity;80.40
4854;DHT22;3628;6.559;3.386;2026-03-12T21:37:22.070288+00:00;temperature;32.00
4854;DHT22;3628;6.559;3.386;2026-03-12T21:42:45.759733+00:00;humidity;80.80
4854;DHT22;3628;6.559;3.386;2026-03-12T21:42:45.759733+00:00;temperature;32.00
4854;DHT22;3628;6.559;3.386;2026-03-12T21:48:09.490691+00:00;humidity;81.00
4854;DHT22;3628;6.559;3.386;2026-03-12T21:48:09.490691+00:00;temperature;31.90
4853;pms5003;3628;6.559;3.386;2026-03-12T21:53:26.699631+00:00;P2;19.60
4853;pms5003;3628;6.559;3.386;2026-03-12T21:53:26.699631+00:00;P1;23.60
4853;pms5003;3628;6.559;3.386;2026-03-12T21:53:26.699631+00:00;P0;13.20
4854;DHT22;3628;6.559;3.386;2026-03-12T21:53:44.038326+00:00;humidity;81.70
4854;DHT22;3628;6.559;3.386;2026-03-12T21:53:44.038326+00:00;temperature;31.80
4853;pms5003;3628;6.559;3.386;2026-03-12T21:59:01.352483+00:00;P2;19.40
4853;pms5003;3628;6.559;3.386;2026-03-12T21:59:01.352483+00:00;P1;20.40
4853;pms5003;3628;6.559;3.386;2026-03-12T21:59:01.352483+00:00;P0;13.40
4854;DHT22;3628;6.559;3.386;2026-03-12T21:59:18.691212+00:00;humidity;81.80
4854;DHT22;3628;6.559;3.386;2026-03-12T21:59:18.691212+00:00;temperature;31.80
4853;pms5003;3628;6.559;3.386;2026-03-12T22:04:35.886058+00:00;P2;22.00
4853;pms5003;3628;6.559;3.386;2026-03-12T22:04:35.886058+00:00;P1;23.80
4853;pms5003;3628;6.559;3.386;2026-03-12T22:04:35.886058+00:00;P0;13.40
4853;pms5003;3628;6.559;3.386;2026-03-12T22:10:10.441511+00:00;P2;19.67
4853;pms5003;3628;6.559;3.386;2026-03-12T22:10:10.441511+00:00;P1;20.67
4853;pms5003;3628;6.559;3.386;2026-03-12T22:10:10.441511+00:00;P0;13.67
4854;DHT22;3628;6.559;3.386;2026-03-12T22:10:27.818106+00:00;humidity;81.70
4854;DHT22;3628;6.559;3.386;2026-03-12T22:10:27.818106+00:00;temperature;31.90
4853;pms5003;3628;6.559;3.386;2026-03-12T22:15:45.021554+00:00;P2;22.50
4853;pms5003;3628;6.559;3.386;2026-03-12T22:15:45.021554+00:00;P1;23.50
4853;pms5003;3628;6.559;3.386;2026-03-12T22:15:45.021554+00:00;P0;17.00
4853;pms5003;3628;6.559;3.386;2026-03-12T22:21:08.900127+00:00;P2;22.00
4853;pms5003;3628;6.559;3.386;2026-03-12T22:21:08.900127+00:00;P1;24.00
4853;pms5003;3628;6.559;3.386;2026-03-12T22:21:08.900127+00:00;P0;16.00
4854;DHT22;3628;6.559;3.386;2026-03-12T22:21:26.239244+00:00;humidity;82.20
4854;DHT22;3628;6.559;3.386;2026-03-12T22:21:26.239244+00:00;temperature;31.70
4853;pms5003;3628;6.559;3.386;2026-03-12T22:26:43.498170+00:00;P2;21.60
4853;pms5003;3628;6.559;3.386;2026-03-12T22:26:43.498170+00:00;P1;24.80
4853;pms5003;3628;6.559;3.386;2026-03-12T22:26:43.498170+00:00;P0;15.60
4854;DHT22;3628;6.559;3.386;2026-03-12T22:27:00.966699+00:00;humidity;82.30
4854;DHT22;3628;6.559;3.386;2026-03-12T22:27:00.966699+00:00;temperature;31.70
4854;DHT22;3628;6.559;3.386;2026-03-12T22:32:24.832139+00:00;humidity;82.70
4854;DHT22;3628;6.559;3.386;2026-03-12T22:32:24.832139+00:00;temperature;31.80
4853;pms5003;3628;6.559;3.386;2026-03-12T22:37:42.057153+00:00;P2;28.50
4853;pms5003;3628;6.559;3.386;2026-03-12T22:37:42.057153+00:00;P1;40.00
4853;pms5003;3628;6.559;3.386;2026-03-12T22:37:42.057153+00:00;P0;20.00
4853;pms5003;3628;6.559;3.386;2026-03-12T22:43:06.293156+00:00;P2;23.25
4853;pms5003;3628;6.559;3.386;2026-03-12T22:43:06.293156+00:00;P1;41.00
4853;pms5003;3628;6.559;3.386;2026-03-12T22:43:06.293156+00:00;P0;17.00
4854;DHT22;3628;6.559;3.386;2026-03-12T22:43:23.668236+00:00;humidity;82.60
4854;DHT22;3628;6.559;3.386;2026-03-12T22:43:23.668236+00:00;temperature;31.80
4853;pms5003;3628;6.559;3.386;2026-03-12T22:48:40.868634+00:00;P2;27.60
4853;pms5003;3628;6.559;3.386;2026-03-12T22:48:40.868634+00:00;P1;40.20
4853;pms5003;3628;6.559;3.386;2026-03-12T22:48:40.868634+00:00;P0;18.00
4853;pms5003;3628;6.559;3.386;2026-03-12T22:54:15.422066+00:00;P2;20.00
4853;pms5003;3628;6.559;3.386;2026-03-12T22:54:15.422066+00:00;P1;28.50
4853;pms5003;3628;6.559;3.386;2026-03-12T22:54:15.422066+00:00;P0;13.25
4854;DHT22;3628;6.559;3.386;2026-03-12T22:54:32.772116+00:00;humidity;83.50
4854;DHT22;3628;6.559;3.386;2026-03-12T22:54:32.772116+00:00;temperature;31.70
4853;pms5003;3628;6.559;3.386;2026-03-12T22:59:50.056831+00:00;P2;20.25
4853;pms5003;3628;6.559;3.386;2026-03-12T22:59:50.056831+00:00;P1;21.00
4853;pms5003;3628;6.559;3.386;2026-03-12T22:59:50.056831+00:00;P0;13.50
4854;DHT22;3628;6.559;3.386;2026-03-12T23:00:07.603958+00:00;humidity;83.20
4854;DHT22;3628;6.559;3.386;2026-03-12T23:00:07.603958+00:00;temperature;31.80
4853;pms5003;3628;6.559;3.386;2026-03-12T23:05:24.742222+00:00;P2;20.00
4853;pms5003;3628;6.559;3.386;2026-03-12T23:05:24.742222+00:00;P1;21.00
4853;pms5003;3628;6.559;3.386;2026-03-12T23:05:24.742222+00:00;P0;13.00
4854;DHT22;3628;6.559;3.386;2026-03-12T23:05:42.174632+00:00;humidity;83.50
4854;DHT22;3628;6.559;3.386;2026-03-12T23:05:42.174632+00:00;temperature;31.70
4853;pms5003;3628;6.559;3.386;2026-03-12T23:10:59.353168+00:00;P2;18.00
4853;pms5003;3628;6.559;3.386;2026-03-12T23:10:59.353168+00:00;P1;18.25
4853;pms5003;3628;6.559;3.386;2026-03-12T23:10:59.353168+00:00;P0;12.00
4854;DHT22;3628;6.559;3.386;2026-03-12T23:11:16.864946+00:00;humidity;83.20
4854;DHT22;3628;6.559;3.386;2026-03-12T23:11:16.864946+00:00;temperature;31.70
4854;DHT22;3628;6.559;3.386;2026-03-12T23:16:43.848241+00:00;humidity;83.30
4854;DHT22;3628;6.559;3.386;2026-03-12T23:16:43.848241+00:00;temperature;31.70
4853;pms5003;3628;6.559;3.386;2026-03-12T23:22:00.773548+00:00;P2;17.75
4853;pms5003;3628;6.559;3.386;2026-03-12T23:22:00.773548+00:00;P1;30.75
4853;pms5003;3628;6.559;3.386;2026-03-12T23:22:00.773548+00:00;P0;12.50
4854;DHT22;3628;6.559;3.386;2026-03-12T23:43:38.481085+00:00;humidity;83.70
4854;DHT22;3628;6.559;3.386;2026-03-12T23:43:38.481085+00:00;temperature;31.60
4853;pms5003;3628;6.559;3.386;2026-03-12T23:48:55.681600+00:00;P2;28.00
4853;pms5003;3628;6.559;3.386;2026-03-12T23:48:55.681600+00:00;P1;34.75
4853;pms5003;3628;6.559;3.386;2026-03-12T23:48:55.681600+00:00;P0;16.75
4854;DHT22;3628;6.559;3.386;2026-03-12T23:49:13.014700+00:00;humidity;83.80
4854;DHT22;3628;6.559;3.386;2026-03-12T23:49:13.014700+00:00;temperature;31.60
4853;pms5003;3628;6.559;3.386;2026-03-12T23:54:30.294717+00:00;P2;20.50
4853;pms5003;3628;6.559;3.386;2026-03-12T23:54:30.294717+00:00;P1;23.50
4853;pms5003;3628;6.559;3.386;2026-03-12T23:54:30.294717+00:00;P0;13.50
4854;DHT22;3628;6.559;3.386;2026-03-12T23:54:47.633844+00:00;humidity;83.70
4854;DHT22;3628;6.559;3.386;2026-03-12T23:54:47.633844+00:00;temperature;31.60
4853;pms5003;3628;6.559;3.386;2026-03-13T00:00:04.859176+00:00;P2;19.00
4853;pms5003;3628;6.559;3.386;2026-03-13T00:00:04.859176+00:00;P1;19.60
4853;pms5003;3628;6.559;3.386;2026-03-13T00:00:04.859176+00:00;P0;13.40
4854;DHT22;3628;6.559;3.386;2026-03-13T00:00:22.199338+00:00;humidity;83.90
4854;DHT22;3628;6.559;3.386;2026-03-13T00:00:22.199338+00:00;temperature;31.60
4853;pms5003;3628;6.559;3.386;2026-03-13T00:05:39.446206+00:00;P2;19.67
4853;pms5003;3628;6.559;3.386;2026-03-13T00:05:39.446206+00:00;P1;27.00
4853;pms5003;3628;6.559;3.386;2026-03-13T00:05:39.446206+00:00;P0;14.00
4854;DHT22;3628;6.559;3.386;2026-03-13T00:05:56.785235+00:00;humidity;84.20
4854;DHT22;3628;6.559;3.386;2026-03-13T00:05:56.785235+00:00;temperature;31.50
4853;pms5003;3628;6.559;3.386;2026-03-13T00:11:14.046170+00:00;P2;24.00
4853;pms5003;3628;6.559;3.386;2026-03-13T00:11:14.046170+00:00;P1;28.50
4853;pms5003;3628;6.559;3.386;2026-03-13T00:11:14.046170+00:00;P0;16.00
4854;DHT22;3628;6.559;3.386;2026-03-13T00:11:31.508852+00:00;humidity;84.30
4854;DHT22;3628;6.559;3.386;2026-03-13T00:11:31.508852+00:00;temperature;31.50
4853;pms5003;3628;6.559;3.386;2026-03-13T00:16:48.689701+00:00;P2;26.25
4853;pms5003;3628;6.559;3.386;2026-03-13T00:16:48.689701+00:00;P1;27.50
4853;pms5003;3628;6.559;3.386;2026-03-13T00:16:48.689701+00:00;P0;18.00
4854;DHT22;3628;6.559;3.386;2026-03-13T00:17:06.156610+00:00;humidity;84.60
4854;DHT22;3628;6.559;3.386;2026-03-13T00:17:06.156610+00:00;temperature;31.50
4853;pms5003;3628;6.559;3.386;2026-03-13T00:22:23.540655+00:00;P2;20.40
4853;pms5003;3628;6.559;3.386;2026-03-13T00:22:23.540655+00:00;P1;20.40
4853;pms5003;3628;6.559;3.386;2026-03-13T00:22:23.540655+00:00;P0;14.40
4854;DHT22;3628;6.559;3.386;2026-03-13T00:22:40.975171+00:00;humidity;84.40
4854;DHT22;3628;6.559;3.386;2026-03-13T00:22:40.975171+00:00;temperature;31.50
4853;pms5003;3628;6.559;3.386;2026-03-13T00:27:58.105763+00:00;P2;27.50
4853;pms5003;3628;6.559;3.386;2026-03-13T00:27:58.105763+00:00;P1;33.50
4853;pms5003;3628;6.559;3.386;2026-03-13T00:27:58.105763+00:00;P0;18.00
4853;pms5003;3628;6.559;3.386;2026-03-13T00:33:21.959423+00:00;P2;21.33
4853;pms5003;3628;6.559;3.386;2026-03-13T00:33:21.959423+00:00;P1;28.33
4853;pms5003;3628;6.559;3.386;2026-03-13T00:33:21.959423+00:00;P0;14.00
4854;DHT22;3628;6.559;3.386;2026-03-13T00:33:39.338604+00:00;humidity;84.30
4854;DHT22;3628;6.559;3.386;2026-03-13T00:33:39.338604+00:00;temperature;31.50
4853;pms5003;3628;6.559;3.386;2026-03-13T00:38:56.575731+00:00;P2;28.25
4853;pms5003;3628;6.559;3.386;2026-03-13T00:38:56.575731+00:00;P1;35.75
4853;pms5003;3628;6.559;3.386;2026-03-13T00:38:56.575731+00:00;P0;19.00
4854;DHT22;3628;6.559;3.386;2026-03-13T00:39:14.254429+00:00;humidity;84.50
4854;DHT22;3628;6.559;3.386;2026-03-13T00:39:14.254429+00:00;temperature;31.50
4853;pms5003;3628;6.559;3.386;2026-03-13T00:44:31.604658+00:00;P2;29.75
4853;pms5003;3628;6.559;3.386;2026-03-13T00:44:31.604658+00:00;P1;35.25
4853;pms5003;3628;6.559;3.386;2026-03-13T00:44:31.604658+00:00;P0;20.00
4854;DHT22;3628;6.559;3.386;2026-03-13T00:44:48.912799+00:00;humidity;84.80
4854;DHT22;3628;6.559;3.386;2026-03-13T00:44:48.912799+00:00;temperature;31.50
4853;pms5003;3628;6.559;3.386;2026-03-13T00:50:06.348597+00:00;P2;22.50
4853;pms5003;3628;6.559;3.386;2026-03-13T00:50:06.348597+00:00;P1;27.50
4853;pms5003;3628;6.559;3.386;2026-03-13T00:50:06.348597+00:00;P0;12.50
4854;DHT22;3628;6.559;3.386;2026-03-13T00:50:23.441920+00:00;humidity;85.30
4854;DHT22;3628;6.559;3.386;2026-03-13T00:50:23.441920+00:00;temperature;31.40
4853;pms5003;3628;6.559;3.386;2026-03-13T00:55:40.694707+00:00;P2;19.00
4853;pms5003;3628;6.559;3.386;2026-03-13T00:55:40.694707+00:00;P1;32.75
4853;pms5003;3628;6.559;3.386;2026-03-13T00:55:40.694707+00:00;P0;12.50
4854;DHT22;3628;6.559;3.386;2026-03-13T00:55:58.155516+00:00;humidity;86.10
4854;DHT22;3628;6.559;3.386;2026-03-13T00:55:58.155516+00:00;temperature;31.30
4853;pms5003;3628;6.559;3.386;2026-03-13T01:01:15.332243+00:00;P2;19.00
4853;pms5003;3628;6.559;3.386;2026-03-13T01:01:15.332243+00:00;P1;20.50
4853;pms5003;3628;6.559;3.386;2026-03-13T01:01:15.332243+00:00;P0;12.50
4854;DHT22;3628;6.559;3.386;2026-03-13T01:01:32.766161+00:00;humidity;85.90
4854;DHT22;3628;6.559;3.386;2026-03-13T01:01:32.766161+00:00;temperature;31.30
4853;pms5003;3628;6.559;3.386;2026-03-13T01:06:49.937321+00:00;P2;16.60
4853;pms5003;3628;6.559;3.386;2026-03-13T01:06:49.937321+00:00;P1;16.60
4853;pms5003;3628;6.559;3.386;2026-03-13T01:06:49.937321+00:00;P0;11.00
4854;DHT22;3628;6.559;3.386;2026-03-13T01:07:07.419688+00:00;humidity;86.20
4854;DHT22;3628;6.559;3.386;2026-03-13T01:07:07.419688+00:00;temperature;31.20
4853;pms5003;3628;6.559;3.386;2026-03-13T01:12:24.904566+00:00;P2;18.75
4853;pms5003;3628;6.559;3.386;2026-03-13T01:12:24.904566+00:00;P1;22.75
4853;pms5003;3628;6.559;3.386;2026-03-13T01:12:24.904566+00:00;P0;11.75
4853;pms5003;3628;6.559;3.386;2026-03-13T01:23:14.309393+00:00;P2;21.00
4853;pms5003;3628;6.559;3.386;2026-03-13T01:23:14.309393+00:00;P1;24.20
4853;pms5003;3628;6.559;3.386;2026-03-13T01:23:14.309393+00:00;P0;14.80
4854;DHT22;3628;6.559;3.386;2026-03-13T01:23:31.701829+00:00;humidity;86.50
4854;DHT22;3628;6.559;3.386;2026-03-13T01:23:31.701829+00:00;temperature;31.10
4853;pms5003;3628;6.559;3.386;2026-03-13T01:28:49.067664+00:00;P2;21.00
4853;pms5003;3628;6.559;3.386;2026-03-13T01:28:49.067664+00:00;P1;27.50
4853;pms5003;3628;6.559;3.386;2026-03-13T01:28:49.067664+00:00;P0;14.00
4854;DHT22;3628;6.559;3.386;2026-03-13T01:29:06.446797+00:00;humidity;86.10
4854;DHT22;3628;6.559;3.386;2026-03-13T01:29:06.446797+00:00;temperature;31.20
4853;pms5003;3628;6.559;3.386;2026-03-13T01:34:23.762661+00:00;P2;21.00
4853;pms5003;3628;6.559;3.386;2026-03-13T01:34:23.762661+00:00;P1;23.75
4853;pms5003;3628;6.559;3.386;2026-03-13T01:34:23.762661+00:00;P0;14.75
4853;pms5003;3628;6.559;3.386;2026-03-13T01:39:48.004721+00:00;P2;23.67
4853;pms5003;3628;6.559;3.386;2026-03-13T01:39:48.004721+00:00;P1;28.00
4853;pms5003;3628;6.559;3.386;2026-03-13T01:39:48.004721+00:00;P0;14.67
4853;pms5003;3628;6.559;3.386;2026-03-13T01:45:22.593704+00:00;P2;20.00
4853;pms5003;3628;6.559;3.386;2026-03-13T01:45:22.593704+00:00;P1;23.75
4853;pms5003;3628;6.559;3.386;2026-03-13T01:45:22.593704+00:00;P0;13.75
4854;DHT22;3628;6.559;3.386;2026-03-13T01:45:40.023379+00:00;humidity;85.60
4854;DHT22;3628;6.559;3.386;2026-03-13T01:45:40.023379+00:00;temperature;31.40
4853;pms5003;3628;6.559;3.386;2026-03-13T01:56:10.821588+00:00;P2;21.00
4853;pms5003;3628;6.559;3.386;2026-03-13T01:56:10.821588+00:00;P1;23.00
4853;pms5003;3628;6.559;3.386;2026-03-13T01:56:10.821588+00:00;P0;14.75
4854;DHT22;3628;6.559;3.386;2026-03-13T01:56:28.226627+00:00;humidity;85.90
4854;DHT22;3628;6.559;3.386;2026-03-13T01:56:28.226627+00:00;temperature;31.40
4853;pms5003;3628;6.559;3.386;2026-03-13T02:01:45.540628+00:00;P2;29.60
4853;pms5003;3628;6.559;3.386;2026-03-13T02:01:45.540628+00:00;P1;32.00
4853;pms5003;3628;6.559;3.386;2026-03-13T02:01:45.540628+00:00;P0;18.20
4854;DHT22;3628;6.559;3.386;2026-03-13T02:02:02.991430+00:00;humidity;85.60
4854;DHT22;3628;6.559;3.386;2026-03-13T02:02:02.991430+00:00;temperature;31.40
4853;pms5003;3628;6.559;3.386;2026-03-13T02:12:43.993062+00:00;P2;32.00
4853;pms5003;3628;6.559;3.386;2026-03-13T02:12:43.993062+00:00;P1;39.25
4853;pms5003;3628;6.559;3.386;2026-03-13T02:12:43.993062+00:00;P0;22.00
4854;DHT22;3628;6.559;3.386;2026-03-13T02:13:01.278643+00:00;humidity;86.60
4854;DHT22;3628;6.559;3.386;2026-03-13T02:13:01.278643+00:00;temperature;31.20
4853;pms5003;3628;6.559;3.386;2026-03-13T02:23:42.528172+00:00;P2;51.50
4853;pms5003;3628;6.559;3.386;2026-03-13T02:23:42.528172+00:00;P1;67.00
4853;pms5003;3628;6.559;3.386;2026-03-13T02:23:42.528172+00:00;P0;34.00
4853;pms5003;3628;6.559;3.386;2026-03-13T02:29:06.828485+00:00;P2;40.00
4853;pms5003;3628;6.559;3.386;2026-03-13T02:29:06.828485+00:00;P1;52.00
4853;pms5003;3628;6.559;3.386;2026-03-13T02:29:06.828485+00:00;P0;27.00
4853;pms5003;3628;6.559;3.386;2026-03-13T02:34:41.394771+00:00;P2;32.00
4853;pms5003;3628;6.559;3.386;2026-03-13T02:34:41.394771+00:00;P1;36.00
4853;pms5003;3628;6.559;3.386;2026-03-13T02:34:41.394771+00:00;P0;20.75
4854;DHT22;3628;6.559;3.386;2026-03-13T02:34:58.802140+00:00;humidity;88.00
4854;DHT22;3628;6.559;3.386;2026-03-13T02:34:58.802140+00:00;temperature;30.90
4853;pms5003;3628;6.559;3.386;2026-03-13T02:40:16.107138+00:00;P2;38.00
4853;pms5003;3628;6.559;3.386;2026-03-13T02:40:16.107138+00:00;P1;44.00
4853;pms5003;3628;6.559;3.386;2026-03-13T02:40:16.107138+00:00;P0;25.00
4854;DHT22;3628;6.559;3.386;2026-03-13T02:40:33.570030+00:00;humidity;87.80
4854;DHT22;3628;6.559;3.386;2026-03-13T02:40:33.570030+00:00;temperature;31.00
4853;pms5003;3628;6.559;3.386;2026-03-13T02:45:50.770042+00:00;P2;44.00
4853;pms5003;3628;6.559;3.386;2026-03-13T02:45:50.770042+00:00;P1;61.00
4853;pms5003;3628;6.559;3.386;2026-03-13T02:45:50.770042+00:00;P0;30.75
4853;pms5003;3628;6.559;3.386;2026-03-13T02:51:14.816766+00:00;P2;39.25
4853;pms5003;3628;6.559;3.386;2026-03-13T02:51:14.816766+00:00;P1;52.25
4853;pms5003;3628;6.559;3.386;2026-03-13T02:51:14.816766+00:00;P0;26.00
4854;DHT22;3628;6.559;3.386;2026-03-13T02:51:32.168773+00:00;humidity;86.90
4854;DHT22;3628;6.559;3.386;2026-03-13T02:51:32.168773+00:00;temperature;31.20
4853;pms5003;3628;6.559;3.386;2026-03-13T03:02:13.341930+00:00;P2;30.67
4853;pms5003;3628;6.559;3.386;2026-03-13T03:02:13.341930+00:00;P1;42.00
4853;pms5003;3628;6.559;3.386;2026-03-13T03:02:13.341930+00:00;P0;19.67
4854;DHT22;3628;6.559;3.386;2026-03-13T03:02:30.692081+00:00;humidity;88.90
4854;DHT22;3628;6.559;3.386;2026-03-13T03:02:30.692081+00:00;temperature;30.80
4853;pms5003;3628;6.559;3.386;2026-03-13T03:07:47.819689+00:00;P2;33.25
4853;pms5003;3628;6.559;3.386;2026-03-13T03:07:47.819689+00:00;P1;41.50
4853;pms5003;3628;6.559;3.386;2026-03-13T03:07:47.819689+00:00;P0;21.75
4854;DHT22;3628;6.559;3.386;2026-03-13T03:08:05.222762+00:00;humidity;89.70
4854;DHT22;3628;6.559;3.386;2026-03-13T03:08:05.222762+00:00;temperature;30.70
4853;pms5003;3628;6.559;3.386;2026-03-13T05:55:51.086770+00:00;P2;36.80
4853;pms5003;3628;6.559;3.386;2026-03-13T05:55:51.086770+00:00;P1;44.80
4853;pms5003;3628;6.559;3.386;2026-03-13T05:55:51.086770+00:00;P0;25.40
4854;DHT22;3628;6.559;3.386;2026-03-13T05:56:08.421036+00:00;humidity;100.00
4854;DHT22;3628;6.559;3.386;2026-03-13T05:56:08.421036+00:00;temperature;30.20
4853;pms5003;3628;6.559;3.386;2026-03-13T06:01:25.611539+00:00;P2;38.75
4853;pms5003;3628;6.559;3.386;2026-03-13T06:01:25.611539+00:00;P1;54.25
4853;pms5003;3628;6.559;3.386;2026-03-13T06:01:25.611539+00:00;P0;26.25
4854;DHT22;3628;6.559;3.386;2026-03-13T06:01:42.944226+00:00;humidity;94.40
4854;DHT22;3628;6.559;3.386;2026-03-13T06:01:42.944226+00:00;temperature;30.90
4853;pms5003;3628;6.559;3.386;2026-03-13T06:09:54.401048+00:00;P2;36.25
4853;pms5003;3628;6.559;3.386;2026-03-13T06:09:54.401048+00:00;P1;50.50
4853;pms5003;3628;6.559;3.386;2026-03-13T06:09:54.401048+00:00;P0;24.00
4854;DHT22;3628;6.559;3.386;2026-03-13T06:10:11.789515+00:00;humidity;93.90
4854;DHT22;3628;6.559;3.386;2026-03-13T06:10:11.789515+00:00;temperature;30.70
4853;pms5003;3628;6.559;3.386;2026-03-13T08:58:59.905891+00:00;P2;39.75
4853;pms5003;3628;6.559;3.386;2026-03-13T08:58:59.905891+00:00;P1;50.75
4853;pms5003;3628;6.559;3.386;2026-03-13T08:58:59.905891+00:00;P0;27.00
4853;pms5003;3628;6.559;3.386;2026-03-13T09:04:24.162507+00:00;P2;39.00
4853;pms5003;3628;6.559;3.386;2026-03-13T09:04:24.162507+00:00;P1;50.25
4853;pms5003;3628;6.559;3.386;2026-03-13T09:04:24.162507+00:00;P0;26.25
4854;DHT22;3628;6.559;3.386;2026-03-13T09:04:41.586808+00:00;humidity;66.10
4854;DHT22;3628;6.559;3.386;2026-03-13T09:04:41.586808+00:00;temperature;37.90
4854;DHT22;3628;6.559;3.386;2026-03-13T09:17:38.931201+00:00;humidity;66.00
4854;DHT22;3628;6.559;3.386;2026-03-13T09:17:38.931201+00:00;temperature;37.70
4853;pms5003;3628;6.559;3.386;2026-03-13T09:22:56.170219+00:00;P2;25.75
4853;pms5003;3628;6.559;3.386;2026-03-13T09:22:56.170219+00:00;P1;28.75
4853;pms5003;3628;6.559;3.386;2026-03-13T09:22:56.170219+00:00;P0;17.75
4853;pms5003;3628;6.559;3.386;2026-03-13T09:45:13.122750+00:00;P2;24.00
4853;pms5003;3628;6.559;3.386;2026-03-13T09:45:13.122750+00:00;P1;25.00
4853;pms5003;3628;6.559;3.386;2026-03-13T09:45:13.122750+00:00;P0;15.00
4854;DHT22;3628;6.559;3.386;2026-03-13T09:50:46.988458+00:00;humidity;62.10
4854;DHT22;3628;6.559;3.386;2026-03-13T09:50:46.988458+00:00;temperature;38.50
4854;DHT22;3628;6.559;3.386;2026-03-13T10:01:24.313167+00:00;humidity;63.50
4854;DHT22;3628;6.559;3.386;2026-03-13T10:01:24.313167+00:00;temperature;38.40
4853;pms5003;3628;6.559;3.386;2026-03-13T10:06:41.489722+00:00;P2;31.50
4853;pms5003;3628;6.559;3.386;2026-03-13T10:06:41.489722+00:00;P1;37.00
4853;pms5003;3628;6.559;3.386;2026-03-13T10:06:41.489722+00:00;P0;20.00
4854;DHT22;3628;6.559;3.386;2026-03-13T10:06:58.824877+00:00;humidity;62.90
4854;DHT22;3628;6.559;3.386;2026-03-13T10:06:58.824877+00:00;temperature;38.80
4854;DHT22;3628;6.559;3.386;2026-03-13T10:17:57.558693+00:00;humidity;63.70
4854;DHT22;3628;6.559;3.386;2026-03-13T10:17:57.558693+00:00;temperature;38.20
4854;DHT22;3628;6.559;3.386;2026-03-13T10:43:37.713644+00:00;humidity;61.50
4854;DHT22;3628;6.559;3.386;2026-03-13T10:43:37.713644+00:00;temperature;39.20
4853;pms5003;3628;6.559;3.386;2026-03-13T10:48:54.938124+00:00;P2;24.50
4853;pms5003;3628;6.559;3.386;2026-03-13T10:48:54.938124+00:00;P1;34.00
4853;pms5003;3628;6.559;3.386;2026-03-13T10:48:54.938124+00:00;P0;17.00
4854;DHT22;3628;6.559;3.386;2026-03-13T10:49:12.314844+00:00;humidity;60.50
4854;DHT22;3628;6.559;3.386;2026-03-13T10:49:12.314844+00:00;temperature;39n20
4854;DHT22;3628;6.559;3.386;2026-03-13T11:10:35.407570+00:00;humidity;59.20
4854;DHT22;3628;6.559;3.386;2026-03-13T11:10:35.407570+00:00;temperature;39.80
4854;DHT22;3628;6.559;3.386;2026-03-13T11:26:58.536906+00:00;humidity;57.70
4854;DHT22;3628;6.559;3.386;2026-03-13T11:26:58.536906+00:00;temperature;40.00
4854;DHT22;3628;6.559;3.386;2026-03-13T11:32:25.306058+00:00;humidity;57.70
4854;DHT22;3628;6.559;3.386;2026-03-13T11:32:25.306058+00:00;temperature;40.10
4853;pms5003;3628;6.559;3.386;2026-03-13T11:37:45.453245+00:00;P2;19.50
4853;pms5003;3628;6.559;3.386;2026-03-13T11:37:45.453245+00:00;P1;24.50
4853;pms5003;3628;6.559;3.386;2026-03-13T11:37:45.453245+00:00;P0;15.50
4854;DHT22;3628;6.559;3.386;2026-03-13T11:38:02.897104+00:00;humidity;56.20
4854;DHT22;3628;6.559;3.386;2026-03-13T11:38:02.897104+00:00;temperature;40.80
4854;DHT22;3628;6.559;3.386;2026-03-13T11:43:37.686463+00:00;humidity;57.50
4854;DHT22;3628;6.559;3.386;2026-03-13T11:43:37.686463+00:00;temperature;40.30
4853;pms5003;3628;6.559;3.386;2026-03-13T11:54:11.458550+00:00;P2;21.00
4853;pms5003;3628;6.559;3.386;2026-03-13T11:54:11.458550+00:00;P1;23.25
4853;pms5003;3628;6.559;3.386;2026-03-13T11:54:11.458550+00:00;P0;13.75
4854;DHT22;3628;6.559;3.386;2026-03-13T11:54:28.937339+00:00;humidity;56.90
4854;DHT22;3628;6.559;3.386;2026-03-13T11:54:28.937339+00:00;temperature;40.10
4853;pms5003;3628;6.559;3.386;2026-03-13T12:10:26.878526+00:00;P2;22.00
4853;pms5003;3628;6.559;3.386;2026-03-13T12:10:26.878526+00:00;P1;22.00
4853;pms5003;3628;6.559;3.386;2026-03-13T12:10:26.878526+00:00;P0;15.00
4854;DHT22;3628;6.559;3.386;2026-03-13T12:10:44.187319+00:00;humidity;56.90
4854;DHT22;3628;6.559;3.386;2026-03-13T12:10:44.187319+00:00;temperature;40.00
4854;DHT22;3628;6.559;3.386;2026-03-13T12:16:08.122244+00:00;humidity;58.00
4854;DHT22;3628;6.559;3.386;2026-03-13T12:16:08.122244+00:00;temperature;39.60
4853;pms5003;3628;6.559;3.386;2026-03-13T12:32:02.891709+00:00;P2;25.25
4853;pms5003;3628;6.559;3.386;2026-03-13T12:32:02.891709+00:00;P1;26.50
4853;pms5003;3628;6.559;3.386;2026-03-13T12:32:02.891709+00:00;P0;18.00
4854;DHT22;3628;6.559;3.386;2026-03-13T12:32:20.319481+00:00;humidity;59.80
4854;DHT22;3628;6.559;3.386;2026-03-13T12:32:20.319481+00:00;temperature;39.10
4853;pms5003;3628;6.559;3.386;2026-03-13T12:42:51.078501+00:00;P2;25.00
4853;pms5003;3628;6.559;3.386;2026-03-13T12:42:51.078501+00:00;P1;28.00
4853;pms5003;3628;6.559;3.386;2026-03-13T12:42:51.078501+00:00;P0;17.00
4853;pms5003;3628;6.559;3.386;2026-03-13T12:48:15.001713+00:00;P2;28.50
4853;pms5003;3628;6.559;3.386;2026-03-13T12:48:15.001713+00:00;P1;35.00
4853;pms5003;3628;6.559;3.386;2026-03-13T12:48:15.001713+00:00;P0;19.50
4854;DHT22;3628;6.559;3.386;2026-03-13T12:48:32.337184+00:00;humidity;58.00
4854;DHT22;3628;6.559;3.386;2026-03-13T12:48:32.337184+00:00;temperature;39.80
4854;DHT22;3628;6.559;3.386;2026-03-13T12:53:56.638600+00:00;humidity;56.80
4854;DHT22;3628;6.559;3.386;2026-03-13T12:53:56.638600+00:00;temperature;40.40
4853;pms5003;3628;6.559;3.386;2026-03-13T12:59:13.816859+00:00;P2;24.75
4853;pms5003;3628;6.559;3.386;2026-03-13T12:59:13.816859+00:00;P1;25.00
4853;pms5003;3628;6.559;3.386;2026-03-13T12:59:13.816859+00:00;P0;16.00
4854;DHT22;3628;6.559;3.386;2026-03-13T12:59:31.190192+00:00;humidity;56.30
4854;DHT22;3628;6.559;3.386;2026-03-13T12:59:31.190192+00:00;temperature;40.60
4853;pms5003;3628;6.559;3.386;2026-03-13T13:04:48.884024+00:00;P2;23.50
4853;pms5003;3628;6.559;3.386;2026-03-13T13:04:48.884024+00:00;P1;35.00
4853;pms5003;3628;6.559;3.386;2026-03-13T13:04:48.884024+00:00;P0;16.50
4854;DHT22;3628;6.559;3.386;2026-03-13T13:05:08.934321+00:00;humidity;57.20
4854;DHT22;3628;6.559;3.386;2026-03-13T13:05:08.934321+00:00;temperature;39.80
4853;pms5003;3628;6.559;3.386;2026-03-13T13:20:52.899377+00:00;P2;25.00
4853;pms5003;3628;6.559;3.386;2026-03-13T13:20:52.899377+00:00;P1;26.00
4853;pms5003;3628;6.559;3.386;2026-03-13T13:20:52.899377+00:00;P0;19.50
4854;DHT22;3628;6.559;3.386;2026-03-13T13:21:10.193496+00:00;humidity;53.30
4854;DHT22;3628;6.559;3.386;2026-03-13T13:21:10.193496+00:00;temperature;42.00
4854;DHT22;3628;6.559;3.386;2026-03-13T13:26:44.889347+00:00;humidity;52.90
4854;DHT22;3628;6.559;3.386;2026-03-13T13:26:44.889347+00:00;temperature;41.80
4854;DHT22;3628;6.559;3.386;2026-03-13T13:32:19.507383+00:00;humidity;52.70
4854;DHT22;3628;6.559;3.386;2026-03-13T13:32:19.507383+00:00;temperature;42.10
4853;pms5003;3628;6.559;3.386;2026-03-13T13:37:36.723664+00:00;P2;25.25
4853;pms5003;3628;6.559;3.386;2026-03-13T13:37:36.723664+00:00;P1;27.00
4853;pms5003;3628;6.559;3.386;2026-03-13T13:37:36.723664+00:00;P0;18.00
4854;DHT22;3628;6.559;3.386;2026-03-13T13:48:31.405318+00:00;humidity;56.70
4854;DHT22;3628;6.559;3.386;2026-03-13T13:48:31.405318+00:00;temperature;40.90
4853;pms5003;3628;6.559;3.386;2026-03-13T13:53:48.668622+00:00;P2;26.00
4853;pms5003;3628;6.559;3.386;2026-03-13T13:53:48.668622+00:00;P1;27.00
4853;pms5003;3628;6.559;3.386;2026-03-13T13:53:48.668622+00:00;P0;18.00
4854;DHT22;3628;6.559;3.386;2026-03-13T13:54:06.158260+00:00;humidity;56.60
4854;DHT22;3628;6.559;3.386;2026-03-13T13:54:06.158260+00:00;temperature;41.00
4854;DHT22;3628;6.559;3.386;2026-03-13T13:59:29.982830+00:00;humidity;57.90
4854;DHT22;3628;6.559;3.386;2026-03-13T13:59:29.982830+00:00;temperature;39.80
4854;DHT22;3628;6.559;3.386;2026-03-13T14:05:04.526284+00:00;humidity;59.90
4854;DHT22;3628;6.559;3.386;2026-03-13T14:05:04.526284+00:00;temperature;39.10
4853;pms5003;3628;6.559;3.386;2026-03-13T14:10:22.051536+00:00;P2;25.50
4853;pms5003;3628;6.559;3.386;2026-03-13T14:10:22.051536+00:00;P1;31.00
4853;pms5003;3628;6.559;3.386;2026-03-13T14:10:22.051536+00:00;P0;18.00
4854;DHT22;3628;6.559;3.386;2026-03-13T14:27:02.018721+00:00;humidity;58.20
4854;DHT22;3628;6.559;3.386;2026-03-13T14:27:02.018721+00:00;temperature;39.80
4853;pms5003;3628;6.559;3.386;2026-03-13T14:37:43.732113+00:00;P2;28.25
4853;pms5003;3628;6.559;3.386;2026-03-13T14:37:43.732113+00:00;P1;33.00
4853;pms5003;3628;6.559;3.386;2026-03-13T14:37:43.732113+00:00;P0;20.00
4854;DHT22;3628;6.559;3.386;2026-03-13T14:38:01.066536+00:00;humidity;58.20
4854;DHT22;3628;6.559;3.386;2026-03-13T14:38:01.066536+00:00;temperature;40.00
4853;pms5003;3628;6.559;3.386;2026-03-13T14:48:42.233071+00:00;P2;19.75
4853;pms5003;3628;6.559;3.386;2026-03-13T14:48:42.233071+00:00;P1;29.25
4853;pms5003;3628;6.559;3.386;2026-03-13T14:48:42.233071+00:00;P0;13.75
4854;DHT22;3628;6.559;3.386;2026-03-13T14:48:59.673881+00:00;humidity;58.90
4854;DHT22;3628;6.559;3.386;2026-03-13T14:48:59.673881+00:00;temperature;39.20
4853;pms5003;3628;6.559;3.386;2026-03-13T14:54:16.891690+00:00;P2;30.20
4853;pms5003;3628;6.559;3.386;2026-03-13T14:54:16.891690+00:00;P1;45.00
4853;pms5003;3628;6.559;3.386;2026-03-13T14:54:16.891690+00:00;P0;20.00
4854;DHT22;3628;6.559;3.386;2026-03-13T14:54:34.231544+00:00;humidity;58.00
4854;DHT22;3628;6.559;3.386;2026-03-13T14:54:34.231544+00:00;temperature;39.60
4853;pms5003;3628;6.559;3.386;2026-03-13T15:05:18.530340+00:00;P2;22.50
4853;pms5003;3628;6.559;3.386;2026-03-13T15:05:18.530340+00:00;P1;28.50
4853;pms5003;3628;6.559;3.386;2026-03-13T15:05:18.530340+00:00;P0;16.50
4854;DHT22;3628;6.559;3.386;2026-03-13T15:05:38.846271+00:00;humidity;61.90
4854;DHT22;3628;6.559;3.386;2026-03-13T15:05:38.846271+00:00;temperature;37.60
4853;pms5003;3628;6.559;3.386;2026-03-13T15:10:58.941592+00:00;P2;21.00
4853;pms5003;3628;6.559;3.386;2026-03-13T15:10:58.941592+00:00;P1;24.00
4853;pms5003;3628;6.559;3.386;2026-03-13T15:10:58.941592+00:00;P0;16.00
4854;DHT22;3628;6.559;3.386;2026-03-13T15:11:16.470845+00:00;humidity;63.50
4854;DHT22;3628;6.559;3.386;2026-03-13T15:11:16.470845+00:00;temperature;36.90
4853;pms5003;3628;6.559;3.386;2026-03-13T15:16:34.160133+00:00;P2;26.75
4853;pms5003;3628;6.559;3.386;2026-03-13T15:16:34.160133+00:00;P1;36.00
4853;pms5003;3628;6.559;3.386;2026-03-13T15:16:34.160133+00:00;P0;18.00
4854;DHT22;3628;6.559;3.386;2026-03-13T15:16:51.359505+00:00;humidity;64.20
4854;DHT22;3628;6.559;3.386;2026-03-13T15:16:51.359505+00:00;temperature;37.00
4853;pms5003;3628;6.559;3.386;2026-03-13T15:27:32.398464+00:00;P2;29.00
4853;pms5003;3628;6.559;3.386;2026-03-13T15:27:32.398464+00:00;P1;40.25
4853;pms5003;3628;6.559;3.386;2026-03-13T15:27:32.398464+00:00;P0;20.00
4854;DHT22;3628;6.559;3.386;2026-03-13T15:27:44.533541+00:00;humidity;64.60
4854;DHT22;3628;6.559;3.386;2026-03-13T15:27:44.533541+00:00;temperature;36.70
4853;pms5003;3628;6.559;3.386;2026-03-13T15:38:28.873348+00:00;P2;26.75
4853;pms5003;3628;6.559;3.386;2026-03-13T15:38:28.873348+00:00;P1;35.00
4853;pms5003;3628;6.559;3.386;2026-03-13T15:38:28.873348+00:00;P0;18.25
4853;pms5003;3628;6.559;3.386;2026-03-13T15:44:03.026399+00:00;P2;26.60
4853;pms5003;3628;6.559;3.386;2026-03-13T15:44:03.026399+00:00;P1;37.20
4853;pms5003;3628;6.559;3.386;2026-03-13T15:44:03.026399+00:00;P0;18.00
4854;DHT22;3628;6.559;3.386;2026-03-13T15:44:20.386830+00:00;humidity;68.40
4854;DHT22;3628;6.559;3.386;2026-03-13T15:44:20.386830+00:00;temperature;35.70
4853;pms5003;3628;6.559;3.386;2026-03-13T15:55:01.544300+00:00;P2;31.60
4853;pms5003;3628;6.559;3.386;2026-03-13T15:55:01.544300+00:00;P1;44.60
4853;pms5003;3628;6.559;3.386;2026-03-13T15:55:01.544300+00:00;P0;20.00
4854;DHT22;3628;6.559;3.386;2026-03-13T15:55:18.989798+00:00;humidity;69.20
4854;DHT22;3628;6.559;3.386;2026-03-13T15:55:18.989798+00:00;temperature;35.50
4853;pms5003;3628;6.559;3.386;2026-03-13T16:00:36.358707+00:00;P2;28.75
4853;pms5003;3628;6.559;3.386;2026-03-13T16:00:36.358707+00:00;P1;38.75
4853;pms5003;3628;6.559;3.386;2026-03-13T16:00:36.358707+00:00;P0;19.75
4853;pms5003;3628;6.559;3.386;2026-03-13T16:06:11.063516+00:00;P2;32.25
4853;pms5003;3628;6.559;3.386;2026-03-13T16:06:11.063516+00:00;P1;44.00
4853;pms5003;3628;6.559;3.386;2026-03-13T16:06:11.063516+00:00;P0;22.50
4853;pms5003;3628;6.559;3.386;2026-03-13T16:16:48.204575+00:00;P2;23.00
4853;pms5003;3628;6.559;3.386;2026-03-13T16:16:48.204575+00:00;P1;33.25
4853;pms5003;3628;6.559;3.386;2026-03-13T16:16:48.204575+00:00;P0;16.00
4854;DHT22;3628;6.559;3.386;2026-03-13T16:17:05.572572+00:00;humidity;70.90
4854;DHT22;3628;6.559;3.386;2026-03-13T16:17:05.572572+00:00;temperature;35.10
4854;DHT22;3628;6.559;3.386;2026-03-13T16:22:29.907404+00:00;humidity;71.70
4854;DHT22;3628;6.559;3.386;2026-03-13T16:22:29.907404+00:00;temperature;35.00
4854;DHT22;3628;6.559;3.386;2026-03-13T16:28:04.517383+00:00;humidity;72.40
4854;DHT22;3628;6.559;3.386;2026-03-13T16:28:04.517383+00:00;temperature;34.50
4853;pms5003;3628;6.559;3.386;2026-03-13T16:33:21.754958+00:00;P2;31.00
4853;pms5003;3628;6.559;3.386;2026-03-13T16:33:21.754958+00:00;P1;35.75
4853;pms5003;3628;6.559;3.386;2026-03-13T16:33:21.754958+00:00;P0;19.75
4854;DHT22;3628;6.559;3.386;2026-03-13T16:33:39.116646+00:00;humidity;73.10
4854;DHT22;3628;6.559;3.386;2026-03-13T16:33:39.116646+00:00;temperature;34.50
4854;DHT22;3628;6.559;3.386;2026-03-13T16:44:21.771338+00:00;humidity;73.70
4854;DHT22;3628;6.559;3.386;2026-03-13T16:44:21.771338+00:00;temperature;34.20
4853;pms5003;3628;6.559;3.386;2026-03-13T16:49:39.048839+00:00;P2;24.50
4853;pms5003;3628;6.559;3.386;2026-03-13T16:49:39.048839+00:00;P1;35.00
4853;pms5003;3628;6.559;3.386;2026-03-13T16:49:39.048839+00:00;P0;18.00
4854;DHT22;3628;6.559;3.386;2026-03-13T16:49:56.557560+00:00;humidity;74.00
4854;DHT22;3628;6.559;3.386;2026-03-13T16:49:56.557560+00:00;temperature;34.10
4853;pms5003;3628;6.559;3.386;2026-03-13T16:55:13.741386+00:00;P2;27.50
4853;pms5003;3628;6.559;3.386;2026-03-13T16:55:13.741386+00:00;P1;32.50
4853;pms5003;3628;6.559;3.386;2026-03-13T16:55:13.741386+00:00;P0;19.00
4853;pms5003;3628;6.559;3.386;2026-03-13T17:00:37.632199+00:00;P2;21.00
4853;pms5003;3628;6.559;3.386;2026-03-13T17:00:37.632199+00:00;P1;23.50
4853;pms5003;3628;6.559;3.386;2026-03-13T17:00:37.632199+00:00;P0;14.00
4853;pms5003;3628;6.559;3.386;2026-03-13T17:06:01.526671+00:00;P2;22.50
4853;pms5003;3628;6.559;3.386;2026-03-13T17:06:01.526671+00:00;P1;35.25
4853;pms5003;3628;6.559;3.386;2026-03-13T17:06:01.526671+00:00;P0;13.25
4853;pms5003;3628;6.559;3.386;2026-03-13T17:11:25.240710+00:00;P2;21.00
4853;pms5003;3628;6.559;3.386;2026-03-13T17:11:25.240710+00:00;P1;21.00
4853;pms5003;3628;6.559;3.386;2026-03-13T17:11:25.240710+00:00;P0;14.00
4854;DHT22;3628;6.559;3.386;2026-03-13T17:11:42.677248+00:00;humidity;76.40
4854;DHT22;3628;6.559;3.386;2026-03-13T17:11:42.677248+00:00;temperature;33.50
4853;pms5003;3628;6.559;3.386;2026-03-13T17:16:59.902501+00:00;P2;23.00
4853;pms5003;3628;6.559;3.386;2026-03-13T17:16:59.902501+00:00;P1;26.60
4853;pms5003;3628;6.559;3.386;2026-03-13T17:16:59.902501+00:00;P0;15.00
4854;DHT22;3628;6.559;3.386;2026-03-13T17:28:08.723474+00:00;humidity;78.30
4854;DHT22;3628;6.559;3.386;2026-03-13T17:28:08.723474+00:00;temperature;33.10
4853;pms5003;3628;6.559;3.386;2026-03-13T17:33:40.497557+00:00;P2;19.60
4853;pms5003;3628;6.559;3.386;2026-03-13T17:33:40.497557+00:00;P1;21.40
4853;pms5003;3628;6.559;3.386;2026-03-13T17:33:40.497557+00:00;P0;13.60
4854;DHT22;3628;6.559;3.386;2026-03-13T17:39:10.177507+00:00;humidity;78.00
4854;DHT22;3628;6.559;3.386;2026-03-13T17:39:10.177507+00:00;temperature;33.00
4853;pms5003;3628;6.559;3.386;2026-03-13T17:44:27.470411+00:00;P2;22.00
4853;pms5003;3628;6.559;3.386;2026-03-13T17:44:27.470411+00:00;P1;23.20
4853;pms5003;3628;6.559;3.386;2026-03-13T17:44:27.470411+00:00;P0;16.00
4854;DHT22;3628;6.559;3.386;2026-03-13T17:44:44.768456+00:00;humidity;78.40
4854;DHT22;3628;6.559;3.386;2026-03-13T17:44:44.768456+00:00;temperature;33.00
4853;pms5003;3628;6.559;3.386;2026-03-13T17:50:02.227903+00:00;P2;21.20
4853;pms5003;3628;6.559;3.386;2026-03-13T17:50:02.227903+00:00;P1;22.20
4853;pms5003;3628;6.559;3.386;2026-03-13T17:50:02.227903+00:00;P0;12.00
4854;DHT22;3628;6.559;3.386;2026-03-13T17:50:19.612517+00:00;humidity;78.80
4854;DHT22;3628;6.559;3.386;2026-03-13T17:50:19.612517+00:00;temperature;33.00
4853;pms5003;3628;6.559;3.386;2026-03-13T17:56:00.942021+00:00;P2;25.20
4853;pms5003;3628;6.559;3.386;2026-03-13T17:56:00.942021+00:00;P1;38.40
4853;pms5003;3628;6.559;3.386;2026-03-13T17:56:00.942021+00:00;P0;16.00
4853;pms5003;3628;6.559;3.386;2026-03-13T18:01:01.175636+00:00;P2;20.00
4853;pms5003;3628;6.559;3.386;2026-03-13T18:01:01.175636+00:00;P1;22.00
4853;pms5003;3628;6.559;3.386;2026-03-13T18:01:01.175636+00:00;P0;14.00
4854;DHT22;3628;6.559;3.386;2026-03-13T18:01:18.641012+00:00;humidity;79.20
4854;DHT22;3628;6.559;3.386;2026-03-13T18:01:18.641012+00:00;temperature;32.90
4853;pms5003;3628;6.559;3.386;2026-03-13T18:06:35.983645+00:00;P2;22.75
4853;pms5003;3628;6.559;3.386;2026-03-13T18:06:35.983645+00:00;P1;25.50
4853;pms5003;3628;6.559;3.386;2026-03-13T18:06:35.983645+00:00;P0;15.25
4853;pms5003;3628;6.559;3.386;2026-03-13T18:12:00.329228+00:00;P2;21.25
4853;pms5003;3628;6.559;3.386;2026-03-13T18:12:00.329228+00:00;P1;25.75
4853;pms5003;3628;6.559;3.386;2026-03-13T18:12:00.329228+00:00;P0;14.25
4854;DHT22;3628;6.559;3.386;2026-03-13T18:12:17.824499+00:00;humidity;79.20
4854;DHT22;3628;6.559;3.386;2026-03-13T18:12:17.824499+00:00;temperature;32.80
4853;pms5003;3628;6.559;3.386;2026-03-13T18:17:35.032556+00:00;P2;19.60
4853;pms5003;3628;6.559;3.386;2026-03-13T18:17:35.032556+00:00;P1;20.00
4853;pms5003;3628;6.559;3.386;2026-03-13T18:17:35.032556+00:00;P0;14.80
4854;DHT22;3628;6.559;3.386;2026-03-13T18:17:52.478842+00:00;humidity;79.60
4854;DHT22;3628;6.559;3.386;2026-03-13T18:17:52.478842+00:00;temperature;32.80
4853;pms5003;3628;6.559;3.386;2026-03-13T18:28:37.502321+00:00;P2;26.50
4853;pms5003;3628;6.559;3.386;2026-03-13T18:28:37.502321+00:00;P1;43.00
4853;pms5003;3628;6.559;3.386;2026-03-13T18:28:37.502321+00:00;P0;17.75
4854;DHT22;3628;6.559;3.386;2026-03-13T18:28:54.959621+00:00;humidity;79.40
4854;DHT22;3628;6.559;3.386;2026-03-13T18:28:54.959621+00:00;temperature;32.90
4854;DHT22;3628;6.559;3.386;2026-03-13T18:34:12.129263+00:00;P2;25.00
4854;DHT22;3628;6.559;3.386;2026-03-13T18:34:12.129263+00:00;P1;30.50
4854;DHT22;3628;6.559;3.386;2026-03-13T18:34:12.129263+00:00;P0;17.50
4854;DHT22;3628;6.559;3.386;2026-03-13T18:34:29.478237+00:00;humidity;79.60
4854;DHT22;3628;6.559;3.386;2026-03-13T18:34:29.478237+00:00;temperature;33.10
4853;pms5003;3628;6.559;3.386;2026-03-13T18:39:46.753422+00:00;P2;23.50
4853;pms5003;3628;6.559;3.386;2026-03-13T18:39:46.753422+00:00;P1;38.50
4853;pms5003;3628;6.559;3.386;2026-03-13T18:39:46.753422+00:00;P0;15.00
4853;pms5003;3628;6.559;3.386;2026-03-13T19:00:52.238206+00:00;P2;30.25
4853;pms5003;3628;6.559;3.386;2026-03-13T19:00:52.238206+00:00;P1;39.50
4853;pms5003;3628;6.559;3.386;2026-03-13T19:00:52.238206+00:00;P0;21.50
4854;DHT22;3628;6.559;3.386;2026-03-13T19:01:09.641811+00:00;humidity;79.20
4854;DHT22;3628;6.559;3.386;2026-03-13T19:01:09.641811+00:00;temperature;32.80
4853;pms5003;3628;6.559;3.386;2026-03-13T19:06:26.886118+00:00;P2;26.75
4853;pms5003;3628;6.559;3.386;2026-03-13T19:06:26.886118+00:00;P1;36.75
4853;pms5003;3628;6.559;3.386;2026-03-13T19:06:26.886118+00:00;P0;16.50
4854;DHT22;3628;6.559;3.386;2026-03-13T19:06:44.306478+00:00;humidity;78.90
4854;DHT22;3628;6.559;3.386;2026-03-13T19:06:44.306478+00:00;temperature;33.00
4853;pms5003;3628;6.559;3.386;2026-03-13T19:12:01.734326+00:00;P2;26.00
4853;pms5003;3628;6.559;3.386;2026-03-13T19:12:01.734326+00:00;P1;29.50
4853;pms5003;3628;6.559;3.386;2026-03-13T19:12:01.734326+00:00;P0;19.75
4854;DHT22;3628;6.559;3.386;2026-03-13T19:12:19.114585+00:00;humidity;78.30
4854;DHT22;3628;6.559;3.386;2026-03-13T19:12:19.114585+00:00;temperature;33.10
4854;DHT22;3628;6.559;3.386;2026-03-13T19:23:06.934581+00:00;humidity;78.90
4854;DHT22;3628;6.559;3.386;2026-03-13T19:23:06.934581+00:00;temperature;33.10
4853;pms5003;3628;6.559;3.386;2026-03-13T19:28:24.169784+00:00;P2;21.00
4853;pms5003;3628;6.559;3.386;2026-03-13T19:28:24.169784+00:00;P1;27.75
4853;pms5003;3628;6.559;3.386;2026-03-13T19:28:24.169784+00:00;P0;14.25
4854;DHT22;3628;6.559;3.386;2026-03-13T19:28:41.525991+00:00;humidity;78.60
4854;DHT22;3628;6.559;3.386;2026-03-13T19:28:41.525991+00:00;temperature;33.20
4853;pms5003;3628;6.559;3.386;2026-03-13T19:33:58.720810+00:00;P2;19.25
4853;pms5003;3628;6.559;3.386;2026-03-13T19:33:58.720810+00:00;P1;20.25
4853;pms5003;3628;6.559;3.386;2026-03-13T19:33:58.720810+00:00;P0;13.00
4853;pms5003;3628;6.559;3.386;2026-03-13T19:39:22.492128+00:00;P2;76.00
4853;pms5003;3628;6.559;3.386;2026-03-13T19:39:22.492128+00:00;P1;85.40
4853;pms5003;3628;6.559;3.386;2026-03-13T19:39:22.492128+00:00;P0;56.00
4854;DHT22;3628;6.559;3.386;2026-03-13T19:39:39.838326+00:00;humidity;78.40
4854;DHT22;3628;6.559;3.386;2026-03-13T19:39:39.838326+00:00;temperature;33.00
4853;pms5003;3628;6.559;3.386;2026-03-13T19:44:57.210822+00:00;P2;28.50
4853;pms5003;3628;6.559;3.386;2026-03-13T19:44:57.210822+00:00;P1;37.00
4853;pms5003;3628;6.559;3.386;2026-03-13T19:44:57.210822+00:00;P0;19.50
4854;DHT22;3628;6.559;3.386;2026-03-13T19:45:17.454407+00:00;humidity;78.30
4854;DHT22;3628;6.559;3.386;2026-03-13T19:45:17.454407+00:00;temperature;33.20
4853;pms5003;3628;6.559;3.386;2026-03-13T19:50:37.709716+00:00;P2;25.25
4853;pms5003;3628;6.559;3.386;2026-03-13T19:50:37.709716+00:00;P1;35.75
4853;pms5003;3628;6.559;3.386;2026-03-13T19:50:37.709716+00:00;P0;16.50
4854;DHT22;3628;6.559;3.386;2026-03-13T19:50:57.680879+00:00;humidity;78.70
4854;DHT22;3628;6.559;3.386;2026-03-13T19:50:57.680879+00:00;temperature;33.00
4853;pms5003;3628;6.559;3.386;2026-03-13T19:56:17.793742+00:00;P2;27.50
4853;pms5003;3628;6.559;3.386;2026-03-13T19:56:17.793742+00:00;P1;36.00
4853;pms5003;3628;6.559;3.386;2026-03-13T19:56:17.793742+00:00;P0;18.25
4853;pms5003;3628;6.559;3.386;2026-03-13T20:01:54.872894+00:00;P2;38.75
4853;pms5003;3628;6.559;3.386;2026-03-13T20:01:54.872894+00:00;P1;48.75
4853;pms5003;3628;6.559;3.386;2026-03-13T20:01:54.872894+00:00;P0;26.75
4853;pms5003;3628;6.559;3.386;2026-03-13T20:07:56.043705+00:00;P2;31.00
4853;pms5003;3628;6.559;3.386;2026-03-13T20:07:56.043705+00:00;P1;34.00
4853;pms5003;3628;6.559;3.386;2026-03-13T20:07:56.043705+00:00;P0;20.75
4853;pms5003;3628;6.559;3.386;2026-03-13T21:10:43.503404+00:00;P2;29.00
4853;pms5003;3628;6.559;3.386;2026-03-13T21:10:43.503404+00:00;P1;32.00
4853;pms5003;3628;6.559;3.386;2026-03-13T21:10:43.503404+00:00;P0;19.20
4853;pms5003;3628;6.559;3.386;2026-03-13T21:16:09.916567+00:00;P2;31.67
4853;pms5003;3628;6.559;3.386;2026-03-13T21:16:09.916567+00:00;P1;44.33
4853;pms5003;3628;6.559;3.386;2026-03-13T21:16:09.916567+00:00;P0;20.33
4854;DHT22;3628;6.559;3.386;2026-03-13T21:16:27.766224+00:00;humidity;80.90
4854;DHT22;3628;6.559;3.386;2026-03-13T21:16:27.766224+00:00;temperature;32.20
4853;pms5003;3628;6.559;3.386;2026-03-13T21:22:25.755437+00:00;P2;35.00
4853;pms5003;3628;6.559;3.386;2026-03-13T21:22:25.755437+00:00;P1;49.80
4853;pms5003;3628;6.559;3.386;2026-03-13T21:22:25.755437+00:00;P0;23.00
4853;pms5003;3628;6.559;3.386;2026-03-13T21:27:12.155375+00:00;P2;38.00
4853;pms5003;3628;6.559;3.386;2026-03-13T21:27:12.155375+00:00;P1;56.25
4853;pms5003;3628;6.559;3.386;2026-03-13T21:27:12.155375+00:00;P0;24.00
4854;DHT22;3628;6.559;3.386;2026-03-13T21:27:35.001280+00:00;humidity;82.60
4854;DHT22;3628;6.559;3.386;2026-03-13T21:27:35.001280+00:00;temperature;32.20
4853;pms5003;3628;6.559;3.386;2026-03-13T21:32:52.311801+00:00;P2;36.50
4853;pms5003;3628;6.559;3.386;2026-03-13T21:32:52.311801+00:00;P1;51.00
4853;pms5003;3628;6.559;3.386;2026-03-13T21:32:52.311801+00:00;P0;23.25
4854;DHT22;3628;6.559;3.386;2026-03-13T21:33:09.725534+00:00;humidity;82.80
4854;DHT22;3628;6.559;3.386;2026-03-13T21:33:09.725534+00:00;temperature;32.10
4854;DHT22;3628;6.559;3.386;2026-03-13T21:38:44.817555+00:00;humidity;82.40
4854;DHT22;3628;6.559;3.386;2026-03-13T21:38:44.817555+00:00;temperature;32.10
4853;pms5003;3628;6.559;3.386;2026-03-13T21:43:59.730963+00:00;P2;30.75
4853;pms5003;3628;6.559;3.386;2026-03-13T21:43:59.730963+00:00;P1;47.25
4853;pms5003;3628;6.559;3.386;2026-03-13T21:43:59.730963+00:00;P0;20.25
4854;DHT22;3628;6.559;3.386;2026-03-13T21:44:17.111020+00:00;humidity;82.00
4854;DHT22;3628;6.559;3.386;2026-03-13T21:44:17.111020+00:00;temperature;32.20
4853;pms5003;3628;6.559;3.386;2026-03-13T21:49:39.430126+00:00;P2;32.50
4853;pms5003;3628;6.559;3.386;2026-03-13T21:49:39.430126+00:00;P1;48.25
4853;pms5003;3628;6.559;3.386;2026-03-13T21:49:39.430126+00:00;P0;22.50
4854;DHT22;3628;6.559;3.386;2026-03-13T21:50:00.633112+00:00;humidity;82.40
4854;DHT22;3628;6.559;3.386;2026-03-13T21:50:00.633112+00:00;temperature;32.30
4853;pms5003;3628;6.559;3.386;2026-03-13T21:55:11.578821+00:00;P2;31.60
4853;pms5003;3628;6.559;3.386;2026-03-13T21:55:11.578821+00:00;P1;36.80
4853;pms5003;3628;6.559;3.386;2026-03-13T21:55:11.578821+00:00;P0;19.80
4854;DHT22;3628;6.559;3.386;2026-03-13T21:55:26.190726+00:00;humidity;82.00
4854;DHT22;3628;6.559;3.386;2026-03-13T21:55:26.190726+00:00;temperature;32.40
4853;pms5003;3628;6.559;3.386;2026-03-13T22:00:51.463537+00:00;P2;27.00
4853;pms5003;3628;6.559;3.386;2026-03-13T22:00:51.463537+00:00;P1;29.00
4853;pms5003;3628;6.559;3.386;2026-03-13T22:00:51.463537+00:00;P0;18.00
4854;DHT22;3628;6.559;3.386;2026-03-13T22:01:09.232552+00:00;humidity;82.40
4854;DHT22;3628;6.559;3.386;2026-03-13T22:01:09.232552+00:00;temperature;32.30
4853;pms5003;3628;6.559;3.386;2026-03-13T22:06:26.546987+00:00;P2;34.25
4853;pms5003;3628;6.559;3.386;2026-03-13T22:06:26.546987+00:00;P1;44.50
4853;pms5003;3628;6.559;3.386;2026-03-13T22:06:26.546987+00:00;P0;22.50
4854;DHT22;3628;6.559;3.386;2026-03-13T22:06:46.708552+00:00;humidity;83.00
4854;DHT22;3628;6.559;3.386;2026-03-13T22:06:46.708552+00:00;temperature;32.20
4853;pms5003;3628;6.559;3.386;2026-03-13T22:12:01.352881+00:00;P2;38.75
4853;pms5003;3628;6.559;3.386;2026-03-13T22:12:01.352881+00:00;P1;49.25
4853;pms5003;3628;6.559;3.386;2026-03-13T22:12:01.352881+00:00;P0;25.25
4854;DHT22;3628;6.559;3.386;2026-03-13T22:12:18.686663+00:00;humidity;82.90
4854;DHT22;3628;6.559;3.386;2026-03-13T22:12:18.686663+00:00;temperature;32.30
4853;pms5003;3628;6.559;3.386;2026-03-13T22:17:35.903256+00:00;P2;23.00
4853;pms5003;3628;6.559;3.386;2026-03-13T22:17:35.903256+00:00;P1;34.50
4853;pms5003;3628;6.559;3.386;2026-03-13T22:17:35.903256+00:00;P0;16.00
4854;DHT22;3628;6.559;3.386;2026-03-13T22:17:53.399688+00:00;humidity;83.70
4854;DHT22;3628;6.559;3.386;2026-03-13T22:17:53.399688+00:00;temperature;32.30
4854;DHT22;3628;6.559;3.386;2026-03-13T22:28:13.928497+00:00;humidity;84.80
4854;DHT22;3628;6.559;3.386;2026-03-13T22:28:13.928497+00:00;temperature;32.10
4854;DHT22;3628;6.559;3.386;2026-03-13T22:34:15.942963+00:00;humidity;85.60
4854;DHT22;3628;6.559;3.386;2026-03-13T22:34:15.942963+00:00;temperature;31.90
4853;pms5003;3628;6.559;3.386;2026-03-13T22:40:14.549458+00:00;P2;26.00
4853;pms5003;3628;6.559;3.386;2026-03-13T22:40:14.549458+00:00;P1;41.00
4853;pms5003;3628;6.559;3.386;2026-03-13T22:40:14.549458+00:00;P0;18.00
4853;pms5003;3628;6.559;3.386;2026-03-13T22:44:57.521123+00:00;P2;23.00
4853;pms5003;3628;6.559;3.386;2026-03-13T22:44:57.521123+00:00;P1;23.00
4853;pms5003;3628;6.559;3.386;2026-03-13T22:44:57.521123+00:00;P0;15.33
4853;pms5003;3628;6.559;3.386;2026-03-13T22:55:45.431054+00:00;P2;23.25
4853;pms5003;3628;6.559;3.386;2026-03-13T22:55:45.431054+00:00;P1;23.50
4853;pms5003;3628;6.559;3.386;2026-03-13T22:55:45.431054+00:00;P0;14.50
4854;DHT22;3628;6.559;3.386;2026-03-13T22:56:02.876728+00:00;humidity;86.00
4854;DHT22;3628;6.559;3.386;2026-03-13T22:56:02.876728+00:00;temperature;31.90
4853;pms5003;3628;6.559;3.386;2026-03-13T23:01:20.041933+00:00;P2;23.50
4853;pms5003;3628;6.559;3.386;2026-03-13T23:01:20.041933+00:00;P1;27.25
4853;pms5003;3628;6.559;3.386;2026-03-13T23:01:20.041933+00:00;P0;16.00
4854;DHT22;3628;6.559;3.386;2026-03-13T23:01:37.439997+00:00;humidity;85.50
4854;DHT22;3628;6.559;3.386;2026-03-13T23:01:37.439997+00:00;temperature;32.10
4854;DHT22;3628;6.559;3.386;2026-03-13T23:07:01.762228+00:00;humidity;85.30
4854;DHT22;3628;6.559;3.386;2026-03-13T23:07:01.762228+00:00;temperature;32.10
4853;pms5003;3628;6.559;3.386;2026-03-13T23:12:18.895574+00:00;P2;24.00
4853;pms5003;3628;6.559;3.386;2026-03-13T23:12:18.895574+00:00;P1;32.50
4853;pms5003;3628;6.559;3.386;2026-03-13T23:12:18.895574+00:00;P0;15.50
4854;DHT22;3628;6.559;3.386;2026-03-13T23:12:36.242767+00:00;humidity;84.70
4854;DHT22;3628;6.559;3.386;2026-03-13T23:12:36.242767+00:00;temperature;32.30
4853;pms5003;3628;6.559;3.386;2026-03-13T23:17:53.529667+00:00;P2;19.00
4853;pms5003;3628;6.559;3.386;2026-03-13T23:17:53.529667+00:00;P1;21.50
4853;pms5003;3628;6.559;3.386;2026-03-13T23:17:53.529667+00:00;P0;13.00
4853;pms5003;3628;6.559;3.386;2026-03-13T23:23:17.269495+00:00;P2;27.50
4853;pms5003;3628;6.559;3.386;2026-03-13T23:23:17.269495+00:00;P1;31.50
4853;pms5003;3628;6.559;3.386;2026-03-13T23:23:17.269495+00:00;P0;19.00
4854;DHT22;3628;6.559;3.386;2026-03-13T23:23:34.615284+00:00;humidity;84.40
4854;DHT22;3628;6.559;3.386;2026-03-13T23:23:34.615284+00:00;temperature;32.50
4853;pms5003;3628;6.559;3.386;2026-03-13T23:28:51.816715+00:00;P2;30.25
4853;pms5003;3628;6.559;3.386;2026-03-13T23:28:51.816715+00:00;P1;43.00
4853;pms5003;3628;6.559;3.386;2026-03-13T23:28:51.816715+00:00;P0;20.00
4854;DHT22;3628;6.559;3.386;2026-03-13T23:29:09.219360+00:00;humidity;84.90
4854;DHT22;3628;6.559;3.386;2026-03-13T23:29:09.219360+00:00;temperature;32.10
4853;pms5003;3628;6.559;3.386;2026-03-13T23:34:26.471769+00:00;P2;29.00
4853;pms5003;3628;6.559;3.386;2026-03-13T23:34:26.471769+00:00;P1;33.50
4853;pms5003;3628;6.559;3.386;2026-03-13T23:34:26.471769+00:00;P0;18.50
4853;pms5003;3628;6.559;3.386;2026-03-13T23:45:03.315159+00:00;P2;30.50
4853;pms5003;3628;6.559;3.386;2026-03-13T23:45:03.315159+00:00;P1;38.00
4853;pms5003;3628;6.559;3.386;2026-03-13T23:45:03.315159+00:00;P0;20.00
4854;DHT22;3628;6.559;3.386;2026-03-13T23:45:20.765936+00:00;humidity;84.70
4854;DHT22;3628;6.559;3.386;2026-03-13T23:45:20.765936+00:00;temperature;32.20
4853;pms5003;3628;6.559;3.386;2026-03-14T00:01:14.696470+00:00;P2;31.00
4853;pms5003;3628;6.559;3.386;2026-03-14T00:01:14.696470+00:00;P1;46.50
4853;pms5003;3628;6.559;3.386;2026-03-14T00:01:14.696470+00:00;P0;19.75
4854;DHT22;3628;6.559;3.386;2026-03-14T00:01:32.112713+00:00;humidity;85.10
4854;DHT22;3628;6.559;3.386;2026-03-14T00:01:32.112713+00:00;temperature;31.90
4853;pms5003;3628;6.559;3.386;2026-03-14T00:06:49.249548+00:00;P2;41.00
4853;pms5003;3628;6.559;3.386;2026-03-14T00:06:49.249548+00:00;P1;53.00
4853;pms5003;3628;6.559;3.386;2026-03-14T00:06:49.249548+00:00;P0;25.00
4853;pms5003;3628;6.559;3.386;2026-03-14T00:12:13.138871+00:00;P2;36.00
4853;pms5003;3628;6.559;3.386;2026-03-14T00:12:13.138871+00:00;P1;49.00
4853;pms5003;3628;6.559;3.386;2026-03-14T00:12:13.138871+00:00;P0;25.00
4853;pms5003;3628;6.559;3.386;2026-03-14T00:17:47.817328+00:00;P2;33.75
4853;pms5003;3628;6.559;3.386;2026-03-14T00:17:47.817328+00:00;P1;51.25
4853;pms5003;3628;6.559;3.386;2026-03-14T00:17:47.817328+00:00;P0;22.25
4854;DHT22;3628;6.559;3.386;2026-03-14T00:18:05.013744+00:00;humidity;85.90
4854;DHT22;3628;6.559;3.386;2026-03-14T00:18:05.013744+00:00;temperature;31.70
4854;DHT22;3628;6.559;3.386;2026-03-14T00:23:29.165571+00:00;humidity;86.10
4854;DHT22;3628;6.559;3.386;2026-03-14T00:23:29.165571+00:00;temperature;31.70
4853;pms5003;3628;6.559;3.386;2026-03-14T00:34:00.449725+00:00;P2;19.00
4853;pms5003;3628;6.559;3.386;2026-03-14T00:34:00.449725+00:00;P1;22.00
4853;pms5003;3628;6.559;3.386;2026-03-14T00:34:00.449725+00:00;P0;13.00
4854;DHT22;3628;6.559;3.386;2026-03-14T00:34:17.793038+00:00;humidity;87.00
4854;DHT22;3628;6.559;3.386;2026-03-14T00:34:17.793038+00:00;temperature;31.60
4853;pms5003;3628;6.559;3.386;2026-03-14T00:39:34.983344+00:00;P2;22.00
4853;pms5003;3628;6.559;3.386;2026-03-14T00:39:34.983344+00:00;P1;23.25
4853;pms5003;3628;6.559;3.386;2026-03-14T00:39:34.983344+00:00;P0;15.00
4853;pms5003;3628;6.559;3.386;2026-03-14T00:50:26.948913+00:00;P2;19.80
4853;pms5003;3628;6.559;3.386;2026-03-14T00:50:26.948913+00:00;P1;28.60
4853;pms5003;3628;6.559;3.386;2026-03-14T00:50:26.948913+00:00;P0;11.80
4854;DHT22;3628;6.559;3.386;2026-03-14T00:50:45.036029+00:00;humidity;87.70
4854;DHT22;3628;6.559;3.386;2026-03-14T00:50:45.036029+00:00;temperature;31.60
4853;pms5003;3628;6.559;3.386;2026-03-14T06:05:01.034485+00:00;P2;37.50
4853;pms5003;3628;6.559;3.386;2026-03-14T06:05:01.034485+00:00;P1;47.50
4853;pms5003;3628;6.559;3.386;2026-03-14T06:05:01.034485+00:00;P0;25.50
4854;DHT22;3628;6.559;3.386;2026-03-14T06:05:18.385341+00:00;humidity;96.80
4854;DHT22;3628;6.559;3.386;2026-03-14T06:05:18.385341+00:00;temperature;28.90
4853;pms5003;3628;6.559;3.386;2026-03-14T06:10:35.571575+00:00;P2;33.75
4853;pms5003;3628;6.559;3.386;2026-03-14T06:10:35.571575+00:00;P1;46.25
4853;pms5003;3628;6.559;3.386;2026-03-14T06:10:35.571575+00:00;P0;22.75
4854;DHT22;3628;6.559;3.386;2026-03-14T06:10:52.905314+00:00;humidity;91.10
4854;DHT22;3628;6.559;3.386;2026-03-14T06:10:52.905314+00:00;temperature;29.60
4853;pms5003;3628;6.559;3.386;2026-03-14T06:16:10.102699+00:00;P2;33.00
4853;pms5003;3628;6.559;3.386;2026-03-14T06:16:10.102699+00:00;P1;45.50
4853;pms5003;3628;6.559;3.386;2026-03-14T06:16:10.102699+00:00;P0;24.00
4854;DHT22;3628;6.559;3.386;2026-03-14T06:16:27.449263+00:00;humidity;89.60
4854;DHT22;3628;6.559;3.386;2026-03-14T06:16:27.449263+00:00;temperature;29.60
4853;pms5003;3628;6.559;3.386;2026-03-14T12:00:55.261720+00:00;P2;25.25
4853;pms5003;3628;6.559;3.386;2026-03-14T12:00:55.261720+00:00;P1;29.75
4853;pms5003;3628;6.559;3.386;2026-03-14T12:00:55.261720+00:00;P0;17.50
4853;pms5003;3628;6.559;3.386;2026-03-14T12:06:19.543292+00:00;P2;22.40
4853;pms5003;3628;6.559;3.386;2026-03-14T12:06:19.543292+00:00;P1;23.80
4853;pms5003;3628;6.559;3.386;2026-03-14T12:06:19.543292+00:00;P0;15.00
4854;DHT22;3628;6.559;3.386;2026-03-14T12:06:36.932641+00:00;humidity;64.30
4854;DHT22;3628;6.559;3.386;2026-03-14T12:06:36.932641+00:00;temperature;37.10
4853;pms5003;3628;6.559;3.386;2026-03-14T12:11:54.133415+00:00;P2;26.00
4853;pms5003;3628;6.559;3.386;2026-03-14T12:11:54.133415+00:00;P1;37.75
4853;pms5003;3628;6.559;3.386;2026-03-14T12:11:54.133415+00:00;P0;17.00
4854;DHT22;3628;6.559;3.386;2026-03-14T12:12:11.487464+00:00;humidity;62.60
4854;DHT22;3628;6.559;3.386;2026-03-14T12:12:11.487464+00:00;temperature;37.20
4853;pms5003;3628;6.559;3.386;2026-03-14T12:23:04.176593+00:00;P2;23.25
4853;pms5003;3628;6.559;3.386;2026-03-14T12:23:04.176593+00:00;P1;24.25
4853;pms5003;3628;6.559;3.386;2026-03-14T12:23:04.176593+00:00;P0;16.00
4854;DHT22;3628;6.559;3.386;2026-03-14T12:23:21.567652+00:00;humidity;58.90
4854;DHT22;3628;6.559;3.386;2026-03-14T12:23:21.567652+00:00;temperature;39.50
4853;pms5003;3628;6.559;3.386;2026-03-14T12:33:54.832349+00:00;P2;24.00
4853;pms5003;3628;6.559;3.386;2026-03-14T12:33:54.832349+00:00;P1;36.50
4853;pms5003;3628;6.559;3.386;2026-03-14T12:33:54.832349+00:00;P0;16.00
4854;DHT22;3628;6.559;3.386;2026-03-14T12:34:15.074445+00:00;humidity;59.00
4854;DHT22;3628;6.559;3.386;2026-03-14T12:34:15.074445+00:00;temperature;39.60
4853;pms5003;3628;6.559;3.386;2026-03-14T12:39:32.367118+00:00;P2;24.50
4853;pms5003;3628;6.559;3.386;2026-03-14T12:39:32.367118+00:00;P1;36.75
4853;pms5003;3628;6.559;3.386;2026-03-14T12:39:32.367118+00:00;P0;17.50
4854;DHT22;3628;6.559;3.386;2026-03-14T12:39:49.760689+00:00;humidity;59.30
4854;DHT22;3628;6.559;3.386;2026-03-14T12:39:49.760689+00:00;temperature;39.30
4854;DHT22;3628;6.559;3.386;2026-03-14T12:45:13.522354+00:00;humidity;61.10
4854;DHT22;3628;6.559;3.386;2026-03-14T12:45:13.522354+00:00;temperature;38.40
4853;pms5003;3628;6.559;3.386;2026-03-14T12:50:30.732282+00:00;P2;24.75
4853;pms5003;3628;6.559;3.386;2026-03-14T12:50:30.732282+00:00;P1;35.25
4853;pms5003;3628;6.559;3.386;2026-03-14T12:50:30.732282+00:00;P0;15.75
4854;DHT22;3628;6.559;3.386;2026-03-14T12:50:48.068223+00:00;humidity;61.40
4854;DHT22;3628;6.559;3.386;2026-03-14T12:50:48.068223+00:00;temperature;38.30
4854;DHT22;3628;6.559;3.386;2026-03-14T12:56:12.131521+00:00;humidity;61.00
4854;DHT22;3628;6.559;3.386;2026-03-14T12:56:12.131521+00:00;temperature;38.70
4854;DHT22;3628;6.559;3.386;2026-03-14T13:01:35.795885+00:00;humidity;60.40
4854;DHT22;3628;6.559;3.386;2026-03-14T13:01:35.795885+00:00;temperature;39.30
4853;pms5003;3628;6.559;3.386;2026-03-14T13:11:26.386719+00:00;P2;25.00
4853;pms5003;3628;6.559;3.386;2026-03-14T13:11:26.386719+00:00;P1;30.00
4853;pms5003;3628;6.559;3.386;2026-03-14T13:11:26.386719+00:00;P0;16.50
4854;DHT22;3628;6.559;3.386;2026-03-14T13:11:43.722085+00:00;humidity;61.60
4854;DHT22;3628;6.559;3.386;2026-03-14T13:11:43.722085+00:00;temperature;38.30
4853;pms5003;3628;6.559;3.386;2026-03-14T13:17:01.056401+00:00;P2;21.60
4853;pms5003;3628;6.559;3.386;2026-03-14T13:17:01.056401+00:00;P1;24.00
4853;pms5003;3628;6.559;3.386;2026-03-14T13:17:01.056401+00:00;P0;14.60
4854;DHT22;3628;6.559;3.386;2026-03-14T13:17:18.398557+00:00;humidity;61.50
4854;DHT22;3628;6.559;3.386;2026-03-14T13:17:18.398557+00:00;temperature;38.50
4854;DHT22;3628;6.559;3.386;2026-03-14T13:22:42.358045+00:00;humidity;61.10
4854;DHT22;3628;6.559;3.386;2026-03-14T13:22:42.358045+00:00;temperature;38.50
4853;pms5003;3628;6.559;3.386;2026-03-14T13:49:31.237795+00:00;P2;26.50
4853;pms5003;3628;6.559;3.386;2026-03-14T13:49:31.237795+00:00;P1;36.75
4853;pms5003;3628;6.559;3.386;2026-03-14T13:49:31.237795+00:00;P0;17.50
4853;pms5003;3628;6.559;3.386;2026-03-14T14:02:59.416482+00:00;P2;26.75
4853;pms5003;3628;6.559;3.386;2026-03-14T14:02:59.416482+00:00;P1;27.75
4853;pms5003;3628;6.559;3.386;2026-03-14T14:02:59.416482+00:00;P0;19.00
4853;pms5003;3628;6.559;3.386;2026-03-14T14:53:03.792132+00:00;P2;26.00
4853;pms5003;3628;6.559;3.386;2026-03-14T14:53:03.792132+00:00;P1;35.50
4853;pms5003;3628;6.559;3.386;2026-03-14T14:53:03.792132+00:00;P0;18.00
4854;DHT22;3628;6.559;3.386;2026-03-14T14:53:21.140949+00:00;humidity;68.20
4854;DHT22;3628;6.559;3.386;2026-03-14T14:53:21.140949+00:00;temperature;35.70
4853;pms5003;3628;6.559;3.386;2026-03-14T15:06:20.190805+00:00;P2;32.75
4853;pms5003;3628;6.559;3.386;2026-03-14T15:06:20.190805+00:00;P1;43.00
4853;pms5003;3628;6.559;3.386;2026-03-14T15:06:20.190805+00:00;P0;23.00
4854;DHT22;3628;6.559;3.386;2026-03-14T15:06:37.799233+00:00;humidity;69.40
4854;DHT22;3628;6.559;3.386;2026-03-14T15:06:37.799233+00:00;temperature;35.10
4853;pms5003;3628;6.559;3.386;2026-03-14T15:13:03.566558+00:00;P2;31.60
4853;pms5003;3628;6.559;3.386;2026-03-14T15:13:03.566558+00:00;P1;46.60
4853;pms5003;3628;6.559;3.386;2026-03-14T15:13:03.566558+00:00;P0;21.00
4854;DHT22;3628;6.559;3.386;2026-03-14T15:19:04.182049+00:00;humidity;70.90
4854;DHT22;3628;6.559;3.386;2026-03-14T15:19:04.182049+00:00;temperature;34.80
4853;pms5003;3628;6.559;3.386;2026-03-14T17:23:57.421543+00:00;P2;30.00
4853;pms5003;3628;6.559;3.386;2026-03-14T17:23:57.421543+00:00;P1;38.00
4853;pms5003;3628;6.559;3.386;2026-03-14T17:23:57.421543+00:00;P0;21.75
4854;DHT22;3628;6.559;3.386;2026-03-14T17:24:14.826820+00:00;humidity;78.00
4854;DHT22;3628;6.559;3.386;2026-03-14T17:24:14.826820+00:00;temperature;32.40
4853;pms5003;3628;6.559;3.386;2026-03-14T17:29:32.200996+00:00;P2;27.20
4853;pms5003;3628;6.559;3.386;2026-03-14T17:29:32.200996+00:00;P1;38.40
4853;pms5003;3628;6.559;3.386;2026-03-14T17:29:32.200996+00:00;P0;16.40
4854;DHT22;3628;6.559;3.386;2026-03-14T17:29:49.475867+00:00;humidity;78.30
4854;DHT22;3628;6.559;3.386;2026-03-14T17:29:49.475867+00:00;temperature;32.40
4853;pms5003;3628;6.559;3.386;2026-03-14T17:35:06.759612+00:00;P2;24.00
4853;pms5003;3628;6.559;3.386;2026-03-14T17:35:06.759612+00:00;P1;28.00
4853;pms5003;3628;6.559;3.386;2026-03-14T17:35:06.759612+00:00;P0;17.00
4854;DHT22;3628;6.559;3.386;2026-03-14T17:35:24.531985+00:00;humidity;78.70
4854;DHT22;3628;6.559;3.386;2026-03-14T17:35:24.531985+00:00;temperature;32.40
4854;DHT22;3628;6.559;3.386;2026-03-14T17:40:59.140502+00:00;humidity;79.50
4854;DHT22;3628;6.559;3.386;2026-03-14T17:40:59.140502+00:00;temperature;32.20
4853;pms5003;3628;6.559;3.386;2026-03-14T17:51:40.196706+00:00;P2;25.33
4853;pms5003;3628;6.559;3.386;2026-03-14T17:51:40.196706+00:00;P1;35.00
4853;pms5003;3628;6.559;3.386;2026-03-14T17:51:40.196706+00:00;P0;16.00
4854;DHT22;3628;6.559;3.386;2026-03-14T17:51:57.647989+00:00;humidity;80.40
4854;DHT22;3628;6.559;3.386;2026-03-14T17:51:57.647989+00:00;temperature;31.80
4853;pms5003;3628;6.559;3.386;2026-03-14T17:57:14.922082+00:00;P2;27.00
4853;pms5003;3628;6.559;3.386;2026-03-14T17:57:14.922082+00:00;P1;31.00
4853;pms5003;3628;6.559;3.386;2026-03-14T17:57:14.922082+00:00;P0;16.67
4854;DHT22;3628;6.559;3.386;2026-03-14T17:57:32.354688+00:00;humidity;81.20
4854;DHT22;3628;6.559;3.386;2026-03-14T17:57:32.354688+00:00;temperature;31.70
4853;pms5003;3628;6.559;3.386;2026-03-14T18:02:49.636732+00:00;P2;26.00
4853;pms5003;3628;6.559;3.386;2026-03-14T18:02:49.636732+00:00;P1;27.25
4853;pms5003;3628;6.559;3.386;2026-03-14T18:02:49.636732+00:00;P0;17.25
4854;DHT22;3628;6.559;3.386;2026-03-14T18:03:07.238484+00:00;humidity;81.00
4854;DHT22;3628;6.559;3.386;2026-03-14T18:03:07.238484+00:00;temperature;31.90
4854;DHT22;3628;6.559;3.386;2026-03-14T18:29:23.688303+00:00;humidity;81.80
4854;DHT22;3628;6.559;3.386;2026-03-14T18:29:23.688303+00:00;temperature;31.60
4854;DHT22;3628;6.559;3.386;2026-03-14T18:40:33.480210+00:00;humidity;82.70
4854;DHT22;3628;6.559;3.386;2026-03-14T18:40:33.480210+00:00;temperature;31.40
4853;pms5003;3628;6.559;3.386;2026-03-14T18:45:50.679026+00:00;P2;25.25
4853;pms5003;3628;6.559;3.386;2026-03-14T18:45:50.679026+00:00;P1;27.50
4853;pms5003;3628;6.559;3.386;2026-03-14T18:45:50.679026+00:00;P0;16.25
4854;DHT22;3628;6.559;3.386;2026-03-14T18:46:08.034399+00:00;humidity;82.80
4854;DHT22;3628;6.559;3.386;2026-03-14T18:46:08.034399+00:00;temperature;31.40
4853;pms5003;3628;6.559;3.386;2026-03-14T18:51:25.271567+00:00;P2;24.50
4853;pms5003;3628;6.559;3.386;2026-03-14T18:51:25.271567+00:00;P1;36.75
4853;pms5003;3628;6.559;3.386;2026-03-14T18:51:25.271567+00:00;P0;16.75
4854;DHT22;3628;6.559;3.386;2026-03-14T18:51:42.763612+00:00;humidity;82.90
4854;DHT22;3628;6.559;3.386;2026-03-14T18:51:42.763612+00:00;temperature;31.30
4853;pms5003;3628;6.559;3.386;2026-03-14T18:56:59.979538+00:00;P2;22.25
4853;pms5003;3628;6.559;3.386;2026-03-14T18:56:59.979538+00:00;P1;28.25
4853;pms5003;3628;6.559;3.386;2026-03-14T18:56:59.979538+00:00;P0;14.75
4854;DHT22;3628;6.559;3.386;2026-03-14T19:02:43.714223+00:00;humidity;81.90
4854;DHT22;3628;6.559;3.386;2026-03-14T19:02:43.714223+00:00;temperature;31.3
4853;pms5003;3628;6.559;3.386;2026-03-15T05:50:36.663448+00:00;P2;30.75
4853;pms5003;3628;6.559;3.386;2026-03-15T05:50:36.663448+00:00;P1;41.00
4853;pms5003;3628;6.559;3.386;2026-03-15T05:50:36.663448+00:00;P0;19.25
4853;pms5003;3628;6.559;3.386;2026-03-15T05:57:27.632277+00:00;P2;29.40
4853;pms5003;3628;6.559;3.386;2026-03-15T05:57:27.632277+00:00;P1;45.20
4853;pms5003;3628;6.559;3.386;2026-03-15T05:57:27.632277+00:00;P0;20.00
4854;DHT22;3628;6.559;3.386;2026-03-15T05:57:44.995187+00:00;humidity;99.70
4854;DHT22;3628;6.559;3.386;2026-03-15T05:57:44.995187+00:00;temperature;30.80
4853;pms5003;3628;6.559;3.386;2026-03-15T06:03:02.200675+00:00;P2;29.75
4853;pms5003;3628;6.559;3.386;2026-03-15T06:03:02.200675+00:00;P1;42.50
4853;pms5003;3628;6.559;3.386;2026-03-15T06:03:02.200675+00:00;P0;19.75
4854;DHT22;3628;6.559;3.386;2026-03-15T06:03:19.530615+00:00;humidity;95.40
4854;DHT22;3628;6.559;3.386;2026-03-15T06:03:19.530615+00:00;temperature;31.10
4853;pms5003;3628;6.559;3.386;2026-03-15T09:06:57.173365+00:00;P2;20.00
4853;pms5003;3628;6.559;3.386;2026-03-15T09:06:57.173365+00:00;P1;22.00
4853;pms5003;3628;6.559;3.386;2026-03-15T09:06:57.173365+00:00;P0;13.00
4854;DHT22;3628;6.559;3.386;2026-03-15T09:07:14.524066+00:00;humidity;65.60
4854;DHT22;3628;6.559;3.386;2026-03-15T09:07:14.524066+00:00;temperature;37.30
4853;pms5003;3628;6.559;3.386;2026-03-15T09:41:57.154006+00:00;P2;21.00
4853;pms5003;3628;6.559;3.386;2026-03-15T09:41:57.154006+00:00;P1;29.25
4853;pms5003;3628;6.559;3.386;2026-03-15T09:41:57.154006+00:00;P0;15.00
4854;DHT22;3628;6.559;3.386;2026-03-15T09:42:14.510265+00:00;humidity;60.70
4854;DHT22;3628;6.559;3.386;2026-03-15T09:42:14.510265+00:00;temperature;38.90
4853;pms5003;3628;6.559;3.386;2026-03-15T09:47:50.877101+00:00;P2;18.67
4853;pms5003;3628;6.559;3.386;2026-03-15T09:47:50.877101+00:00;P1;20.67
4853;pms5003;3628;6.559;3.386;2026-03-15T09:47:50.877101+00:00;P0;13.00
4853;pms5003;3628;6.559;3.386;2026-03-15T09:52:55.924949+00:00;P2;24.60
4853;pms5003;3628;6.559;3.386;2026-03-15T09:52:55.924949+00:00;P1;37.40
4853;pms5003;3628;6.559;3.386;2026-03-15T09:52:55.924949+00:00;P0;16.00
4854;DHT22;3628;6.559;3.386;2026-03-15T09:58:27.115743+00:00;humidity;59.00
4854;DHT22;3628;6.559;3.386;2026-03-15T09:58:27.115743+00:00;temperature;38.10
4853;pms5003;3628;6.559;3.386;2026-03-15T10:03:44.321444+00:00;P2;15.00
4853;pms5003;3628;6.559;3.386;2026-03-15T10:03:44.321444+00:00;P1;15.00
4853;pms5003;3628;6.559;3.386;2026-03-15T10:03:44.321444+00:00;P0;11.00
4854;DHT22;3628;6.559;3.386;2026-03-15T10:04:01.655165+00:00;humidity;57.20
4854;DHT22;3628;6.559;3.386;2026-03-15T10:04:01.655165+00:00;temperature;38.70
4853;pms5003;3628;6.559;3.386;2026-03-15T10:09:18.840673+00:00;P2;17.25
4853;pms5003;3628;6.559;3.386;2026-03-15T10:09:18.840673+00:00;P1;30.00
4853;pms5003;3628;6.559;3.386;2026-03-15T10:09:18.840673+00:00;P0;12.50
4854;DHT22;3628;6.559;3.386;2026-03-15T10:09:36.288672+00:00;humidity;57.50
4854;DHT22;3628;6.559;3.386;2026-03-15T10:09:36.288672+00:00;temperature;39.30
4853;pms5003;3628;6.559;3.386;2026-03-15T10:14:53.489238+00:00;P2;14.50
4853;pms5003;3628;6.559;3.386;2026-03-15T10:14:53.489238+00:00;P1;21.00
4853;pms5003;3628;6.559;3.386;2026-03-15T10:14:53.489238+00:00;P0;10.00
4854;DHT22;3628;6.559;3.386;2026-03-15T10:20:24.301346+00:00;humidity;57.30
4854;DHT22;3628;6.559;3.386;2026-03-15T10:20:24.301346+00:00;temperature;39.30
4853;pms5003;3628;6.559;3.386;2026-03-15T10:25:41.505000+00:00;P2;15.00
4853;pms5003;3628;6.559;3.386;2026-03-15T10:25:41.505000+00:00;P1;19.40
4853;pms5003;3628;6.559;3.386;2026-03-15T10:25:41.505000+00:00;P0;11.00
4854;DHT22;3628;6.559;3.386;2026-03-15T10:25:58.851887+00:00;humidity;55.50
4854;DHT22;3628;6.559;3.386;2026-03-15T10:25:58.851887+00:00;temperature;39.30
4854;DHT22;3628;6.559;3.386;2026-03-15T10:31:22.583522+00:00;humidity;57.30
4854;DHT22;3628;6.559;3.386;2026-03-15T10:31:22.583522+00:00;temperature;39.50
4853;pms5003;3628;6.559;3.386;2026-03-15T10:37:07.481926+00:00;P2;16.00
4853;pms5003;3628;6.559;3.386;2026-03-15T10:37:07.481926+00:00;P1;17.60
4853;pms5003;3628;6.559;3.386;2026-03-15T10:37:07.481926+00:00;P0;9.00
4853;pms5003;3628;6.559;3.386;2026-03-15T10:42:09.474668+00:00;P2;18.00
4853;pms5003;3628;6.559;3.386;2026-03-15T10:42:09.474668+00:00;P1;20.00
4853;pms5003;3628;6.559;3.386;2026-03-15T10:42:09.474668+00:00;P0;12.67
4853;pms5003;3628;6.559;3.386;2026-03-15T10:52:46.205866+00:00;P2;15.00
4853;pms5003;3628;6.559;3.386;2026-03-15T10:52:46.205866+00:00;P1;16.60
4853;pms5003;3628;6.559;3.386;2026-03-15T10:52:46.205866+00:00;P0;11.00
4853;pms5003;3628;6.559;3.386;2026-03-15T10:58:13.114615+00:00;P2;15.00
4853;pms5003;3628;6.559;3.386;2026-03-15T10:58:13.114615+00:00;P1;22.20
4853;pms5003;3628;6.559;3.386;2026-03-15T10:58:13.114615+00:00;P0;9.60
4854;DHT22;3628;6.559;3.386;2026-03-15T10:58:30.492445+00:00;humidity;61.00
4854;DHT22;3628;6.559;3.386;2026-03-15T10:58:30.492445+00:00;temperature;38.20
4853;pms5003;3628;6.559;3.386;2026-03-15T11:03:47.675146+00:00;P2;14.50
4853;pms5003;3628;6.559;3.386;2026-03-15T11:03:47.675146+00:00;P1;16.00
4853;pms5003;3628;6.559;3.386;2026-03-15T11:03:47.675146+00:00;P0;10.00
4854;DHT22;3628;6.559;3.386;2026-03-15T11:04:05.060167+00:00;humidity;60.60
4854;DHT22;3628;6.559;3.386;2026-03-15T11:04:05.060167+00:00;temperature;38.30
4853;pms5003;3628;6.559;3.386;2026-03-15T11:09:22.241198+00:00;P2;17.00
4853;pms5003;3628;6.559;3.386;2026-03-15T11:09:22.241198+00:00;P1;27.00
4853;pms5003;3628;6.559;3.386;2026-03-15T11:09:22.241198+00:00;P0;12.25
4854;DHT22;3628;6.559;3.386;2026-03-15T11:09:39.609267+00:00;humidity;60.20
4854;DHT22;3628;6.559;3.386;2026-03-15T11:09:39.609267+00:00;temperature;38.00
4853;pms5003;3628;6.559;3.386;2026-03-15T11:14:56.773665+00:00;P2;15.60
4853;pms5003;3628;6.559;3.386;2026-03-15T11:14:56.773665+00:00;P1;22.40
4853;pms5003;3628;6.559;3.386;2026-03-15T11:14:56.773665+00:00;P0;9.60
4854;DHT22;3628;6.559;3.386;2026-03-15T11:15:17.022470+00:00;humidity;59.80
4854;DHT22;3628;6.559;3.386;2026-03-15T11:15:17.022470+00:00;temperature;38.40
4854;DHT22;3628;6.559;3.386;2026-03-15T11:20:40.743225+00:00;humidity;59.20
4854;DHT22;3628;6.559;3.386;2026-03-15T11:20:40.743225+00:00;temperature;38.60
4853;pms5003;3628;6.559;3.386;2026-03-15T11:25:57.906189+00:00;P2;11.33
4853;pms5003;3628;6.559;3.386;2026-03-15T11:25:57.906189+00:00;P1;11.33
4853;pms5003;3628;6.559;3.386;2026-03-15T11:25:57.906189+00:00;P0;9.00
4854;DHT22;3628;6.559;3.386;2026-03-15T11:26:15.258680+00:00;humidity;60.50
4854;DHT22;3628;6.559;3.386;2026-03-15T11:26:15.258680+00:00;temperature;37.50
4853;pms5003;3628;6.559;3.386;2026-03-15T11:31:32.456224+00:00;P2;10.33
4853;pms5003;3628;6.559;3.386;2026-03-15T11:31:32.456224+00:00;P1;11.33
4853;pms5003;3628;6.559;3.386;2026-03-15T11:31:32.456224+00:00;P0;8.00
4854;DHT22;3628;6.559;3.386;2026-03-15T11:31:49.813851+00:00;humidity;56.80
4854;DHT22;3628;6.559;3.386;2026-03-15T11:31:49.813851+00:00;temperature;38.20
4854;DHT22;3628;6.559;3.386;2026-03-15T11:37:13.517753+00:00;humidity;55.50
4854;DHT22;3628;6.559;3.386;2026-03-15T11:37:13.517753+00:00;temperature;39.00
4854;DHT22;3628;6.559;3.386;2026-03-15T11:42:37.258219+00:00;humidity;53.90
4854;DHT22;3628;6.559;3.386;2026-03-15T11:42:37.258219+00:00;temperature;38.70
4854;DHT22;3628;6.559;3.386;2026-03-15T11:48:00.948212+00:00;humidity;51.80
4854;DHT22;3628;6.559;3.386;2026-03-15T11:48:00.948212+00:00;temperature;40.30
4853;pms5003;3628;6.559;3.386;2026-03-15T11:53:18.150314+00:00;P2;12.00
4853;pms5003;3628;6.559;3.386;2026-03-15T11:53:18.150314+00:00;P1;12.00
4853;pms5003;3628;6.559;3.386;2026-03-15T11:53:18.150314+00:00;P0;8.00
4854;DHT22;3628;6.559;3.386;2026-03-15T11:53:35.506011+00:00;humidity;53.40
4854;DHT22;3628;6.559;3.386;2026-03-15T11:53:35.506011+00:00;temperature;39.60
4853;pms5003;3628;6.559;3.386;2026-03-15T11:58:52.733270+00:00;P2;11.80
4853;pms5003;3628;6.559;3.386;2026-03-15T11:58:52.733270+00:00;P1;14.00
4853;pms5003;3628;6.559;3.386;2026-03-15T11:58:52.733270+00:00;P0;8.20
4853;pms5003;3628;6.559;3.386;2026-03-15T12:04:27.297146+00:00;P2;13.00
4853;pms5003;3628;6.559;3.386;2026-03-15T12:04:27.297146+00:00;P1;13.00
4853;pms5003;3628;6.559;3.386;2026-03-15T12:04:27.297146+00:00;P0;8.00
4853;pms5003;3628;6.559;3.386;2026-03-15T12:09:51.389393+00:00;P2;16.40
4853;pms5003;3628;6.559;3.386;2026-03-15T12:09:51.389393+00:00;P1;18.60
4853;pms5003;3628;6.559;3.386;2026-03-15T12:09:51.389393+00:00;P0;9.00
4853;pms5003;3628;6.559;3.386;2026-03-15T12:15:18.481958+00:00;P2;14.00
4853;pms5003;3628;6.559;3.386;2026-03-15T12:15:18.481958+00:00;P1;14.25
4853;pms5003;3628;6.559;3.386;2026-03-15T12:15:18.481958+00:00;P0;9.50
4853;pms5003;3628;6.559;3.386;2026-03-15T12:20:53.043743+00:00;P2;17.00
4853;pms5003;3628;6.559;3.386;2026-03-15T12:20:53.043743+00:00;P1;20.75
4853;pms5003;3628;6.559;3.386;2026-03-15T12:20:53.043743+00:00;P0;12.00
4854;DHT22;3628;6.559;3.386;2026-03-15T12:21:10.385434+00:00;humidity;52.30
4854;DHT22;3628;6.559;3.386;2026-03-15T12:21:10.385434+00:00;temperature;40.20
4853;pms5003;3628;6.559;3.386;2026-03-15T12:26:27.547104+00:00;P2;16.25
4853;pms5003;3628;6.559;3.386;2026-03-15T12:26:27.547104+00:00;P1;19.00
4853;pms5003;3628;6.559;3.386;2026-03-15T12:26:27.547104+00:00;P0;12.25
4854;DHT22;3628;6.559;3.386;2026-03-15T12:26:44.910978+00:00;humidity;54.60
4854;DHT22;3628;6.559;3.386;2026-03-15T12:26:44.910978+00:00;temperature;38.90
4853;pms5003;3628;6.559;3.386;2026-03-15T12:32:02.095901+00:00;P2;18.60
4853;pms5003;3628;6.559;3.386;2026-03-15T12:32:02.095901+00:00;P1;25.80
4853;pms5003;3628;6.559;3.386;2026-03-15T12:32:02.095901+00:00;P0;11.60
4854;DHT22;3628;6.559;3.386;2026-03-15T12:32:19.465376+00:00;humidity;54.30
4854;DHT22;3628;6.559;3.386;2026-03-15T12:32:19.465376+00:00;temperature;39.30
4854;DHT22;3628;6.559;3.386;2026-03-15T12:37:43.338267+00:00;humidity;54.50
4854;DHT22;3628;6.559;3.386;2026-03-15T12:37:43.338267+00:00;temperature;39.10
4853;pms5003;3628;6.559;3.386;2026-03-15T12:48:24.829822+00:00;P2;16.40
4853;pms5003;3628;6.559;3.386;2026-03-15T12:48:24.829822+00:00;P1;18.40
4853;pms5003;3628;6.559;3.386;2026-03-15T12:48:24.829822+00:00;P0;11.40
4854;DHT22;3628;6.559;3.386;2026-03-15T12:48:42.312678+00:00;humidity;57.20
4854;DHT22;3628;6.559;3.386;2026-03-15T12:48:42.312678+00:00;temperature;37.90
4854;DHT22;3628;6.559;3.386;2026-03-15T12:59:41.107861+00:00;humidity;58.10
4854;DHT22;3628;6.559;3.386;2026-03-15T12:59:41.107861+00:00;temperature;38.00
4853;pms5003;3628;6.559;3.386;2026-03-15T13:04:58.440978+00:00;P2;12.00
4853;pms5003;3628;6.559;3.386;2026-03-15T13:04:58.440978+00:00;P1;12.00
4853;pms5003;3628;6.559;3.386;2026-03-15T13:04:58.440978+00:00;P0;9.00
4854;DHT22;3628;6.559;3.386;2026-03-15T13:05:15.774534+00:00;humidity;59.00
4854;DHT22;3628;6.559;3.386;2026-03-15T13:05:15.774534+00:00;temperature;37.90
4853;pms5003;3628;6.559;3.386;2026-03-15T13:10:33.057376+00:00;P2;16.25
4853;pms5003;3628;6.559;3.386;2026-03-15T13:10:33.057376+00:00;P1;27.50
4853;pms5003;3628;6.559;3.386;2026-03-15T13:10:33.057376+00:00;P0;10.00
4853;pms5003;3628;6.559;3.386;2026-03-15T13:15:57.202291+00:00;P2;20.50
4853;pms5003;3628;6.559;3.386;2026-03-15T13:15:57.202291+00:00;P1;26.25
4853;pms5003;3628;6.559;3.386;2026-03-15T13:15:57.202291+00:00;P0;12.00
4854;DHT22;3628;6.559;3.386;2026-03-15T13:16:14.596307+00:00;humidity;62.80
4854;DHT22;3628;6.559;3.386;2026-03-15T13:16:14.596307+00:00;temperature;36.80
4853;pms5003;3628;6.559;3.386;2026-03-15T13:21:31.785504+00:00;P2;19.75
4853;pms5003;3628;6.559;3.386;2026-03-15T13:21:31.785504+00:00;P1;19.75
4853;pms5003;3628;6.559;3.386;2026-03-15T13:21:31.785504+00:00;P0;15.00
4854;DHT22;3628;6.559;3.386;2026-03-15T13:21:49.125053+00:00;humidity;63.40
4854;DHT22;3628;6.559;3.386;2026-03-15T13:21:49.125053+00:00;temperature;36.40
4853;pms5003;3628;6.559;3.386;2026-03-15T13:27:06.649651+00:00;P2;17.00
4853;pms5003;3628;6.559;3.386;2026-03-15T13:27:06.649651+00:00;P1;19.00
4853;pms5003;3628;6.559;3.386;2026-03-15T13:27:06.649651+00:00;P0;11.00
4853;pms5003;3628;6.559;3.386;2026-03-15T13:32:30.661365+00:00;P2;14.40
4853;pms5003;3628;6.559;3.386;2026-03-15T13:32:30.661365+00:00;P1;17.20
4853;pms5003;3628;6.559;3.386;2026-03-15T13:32:30.661365+00:00;P0;9.80
4854;DHT22;3628;6.559;3.386;2026-03-15T13:32:48.012021+00:00;humidity;62.90
4854;DHT22;3628;6.559;3.386;2026-03-15T13:32:48.012021+00:00;temperature;36.10
4853;pms5003;3628;6.559;3.386;2026-03-15T13:38:05.183986+00:00;P2;22.60
4853;pms5003;3628;6.559;3.386;2026-03-15T13:38:05.183986+00:00;P1;25.60
4853;pms5003;3628;6.559;3.386;2026-03-15T13:38:05.183986+00:00;P0;16.60
4853;pms5003;3628;6.559;3.386;2026-03-15T13:43:39.728696+00:00;P2;48.80
4853;pms5003;3628;6.559;3.386;2026-03-15T13:43:39.728696+00:00;P1;61.00
4853;pms5003;3628;6.559;3.386;2026-03-15T13:43:39.728696+00:00;P0;32.00
4853;pms5003;3628;6.559;3.386;2026-03-15T13:49:03.477877+00:00;P2;18.00
4853;pms5003;3628;6.559;3.386;2026-03-15T13:49:03.477877+00:00;P1;25.75
4853;pms5003;3628;6.559;3.386;2026-03-15T13:49:03.477877+00:00;P0;13.00
4854;DHT22;3628;6.559;3.386;2026-03-15T13:49:20.831834+00:00;humidity;63.20
4854;DHT22;3628;6.559;3.386;2026-03-15T13:49:20.831834+00:00;temperature;36.60
4853;pms5003;3628;6.559;3.386;2026-03-15T13:59:51.252286+00:00;P2;24.00
4853;pms5003;3628;6.559;3.386;2026-03-15T13:59:51.252286+00:00;P1;36.75
4853;pms5003;3628;6.559;3.386;2026-03-15T13:59:51.252286+00:00;P0;16.75
4854;DHT22;3628;6.559;3.386;2026-03-15T14:00:08.682731+00:00;humidity;62.20
4854;DHT22;3628;6.559;3.386;2026-03-15T14:00:08.682731+00:00;temperature;36.90
4853;pms5003;3628;6.559;3.386;2026-03-15T14:05:25.862710+00:00;P2;25.25
4853;pms5003;3628;6.559;3.386;2026-03-15T14:05:25.862710+00:00;P1;30.25
4853;pms5003;3628;6.559;3.386;2026-03-15T14:05:25.862710+00:00;P0;16.00
4853;pms5003;3628;6.559;3.386;2026-03-15T14:11:00.409950+00:00;P2;17.00
4853;pms5003;3628;6.559;3.386;2026-03-15T14:11:00.409950+00:00;P1;17.60
4853;pms5003;3628;6.559;3.386;2026-03-15T14:11:00.409950+00:00;P0;11.60
4853;pms5003;3628;6.559;3.386;2026-03-15T14:16:34.913925+00:00;P2;14.75
4853;pms5003;3628;6.559;3.386;2026-03-15T14:16:34.913925+00:00;P1;18.50
4853;pms5003;3628;6.559;3.386;2026-03-15T14:16:34.913925+00:00;P0;10.00
4854;DHT22;3628;6.559;3.386;2026-03-15T14:16:52.258785+00:00;humidity;61.40
4854;DHT22;3628;6.559;3.386;2026-03-15T14:16:52.258785+00:00;temperature;37.70
4854;DHT22;3628;6.559;3.386;2026-03-15T14:32:57.292859+00:00;humidity;63.10
4854;DHT22;3628;6.559;3.386;2026-03-15T14:32:57.292859+00:00;temperature;37.30
4853;pms5003;3628;6.559;3.386;2026-03-15T14:38:15.141006+00:00;P2;15.00
4853;pms5003;3628;6.559;3.386;2026-03-15T14:38:15.141006+00:00;P1;16.40
4853;pms5003;3628;6.559;3.386;2026-03-15T14:38:15.141006+00:00;P0;10.00
4854;DHT22;3628;6.559;3.386;2026-03-15T14:38:32.466869+00:00;humidity;63.10
4854;DHT22;3628;6.559;3.386;2026-03-15T14:38:32.466869+00:00;temperature;37.20
4853;pms5003;3628;6.559;3.386;2026-03-15T14:43:49.650213+00:00;P2;15.00
4853;pms5003;3628;6.559;3.386;2026-03-15T14:43:49.650213+00:00;P1;15.00
4853;pms5003;3628;6.559;3.386;2026-03-15T14:43:49.650213+00:00;P0;11.00
4854;DHT22;3628;6.559;3.386;2026-03-15T14:44:06.992574+00:00;humidity;64.00
4854;DHT22;3628;6.559;3.386;2026-03-15T14:44:06.992574+00:00;temperature;36.60
4853;pms5003;3628;6.559;3.386;2026-03-15T14:49:24.174140+00:00;P2;13.40
4853;pms5003;3628;6.559;3.386;2026-03-15T14:49:24.174140+00:00;P1;13.80
4853;pms5003;3628;6.559;3.386;2026-03-15T14:49:24.174140+00:00;P0;9.00
4854;DHT22;3628;6.559;3.386;2026-03-15T14:49:41.539368+00:00;humidity;64.50
4854;DHT22;3628;6.559;3.386;2026-03-15T14:49:41.539368+00:00;temperature;36.60
4853;pms5003;3628;6.559;3.386;2026-03-15T14:54:58.740024+00:00;P2;15.00
4853;pms5003;3628;6.559;3.386;2026-03-15T14:54:58.740024+00:00;P1;16.00
4853;pms5003;3628;6.559;3.386;2026-03-15T14:54:58.740024+00:00;P0;10.00
4854;DHT22;3628;6.559;3.386;2026-03-15T14:55:16.093480+00:00;humidity;63.70
4854;DHT22;3628;6.559;3.386;2026-03-15T14:55:16.093480+00:00;temperature;37.00
4853;pms5003;3628;6.559;3.386;2026-03-15T15:00:33.382742+00:00;P2;14.00
4853;pms5003;3628;6.559;3.386;2026-03-15T15:00:33.382742+00:00;P1;14.00
4853;pms5003;3628;6.559;3.386;2026-03-15T15:00:33.382742+00:00;P0;11.00
4854;DHT22;3628;6.559;3.386;2026-03-15T15:00:50.731137+00:00;humidity;65.00
4854;DHT22;3628;6.559;3.386;2026-03-15T15:00:50.731137+00:00;temperature;36.50
4853;pms5003;3628;6.559;3.386;2026-03-15T15:06:43.243894+00:00;P2;10.80
4853;pms5003;3628;6.559;3.386;2026-03-15T15:06:43.243894+00:00;P1;12.00
4853;pms5003;3628;6.559;3.386;2026-03-15T15:06:43.243894+00:00;P0;8.00
4853;pms5003;3628;6.559;3.386;2026-03-15T15:16:55.776646+00:00;P2;12.50
4853;pms5003;3628;6.559;3.386;2026-03-15T15:16:55.776646+00:00;P1;13.50
4853;pms5003;3628;6.559;3.386;2026-03-15T15:16:55.776646+00:00;P0;8.25
4854;DHT22;3628;6.559;3.386;2026-03-15T15:17:13.166438+00:00;humidity;67.70
4854;DHT22;3628;6.559;3.386;2026-03-15T15:17:13.166438+00:00;temperature;35.30
4853;pms5003;3628;6.559;3.386;2026-03-15T15:22:30.340751+00:00;P2;14.00
4853;pms5003;3628;6.559;3.386;2026-03-15T15:22:30.340751+00:00;P1;15.00
4853;pms5003;3628;6.559;3.386;2026-03-15T15:22:30.340751+00:00;P0;10.00
4854;DHT22;3628;6.559;3.386;2026-03-15T15:22:47.741933+00:00;humidity;67.70
4854;DHT22;3628;6.559;3.386;2026-03-15T15:22:47.741933+00:00;temperature;35.20
4853;pms5003;3628;6.559;3.386;2026-03-15T15:28:05.260831+00:00;P2;15.00
4853;pms5003;3628;6.559;3.386;2026-03-15T15:28:05.260831+00:00;P1;17.00
4853;pms5003;3628;6.559;3.386;2026-03-15T15:28:05.260831+00:00;P0;10.00
4853;pms5003;3628;6.559;3.386;2026-03-15T15:33:31.935073+00:00;P2;12.20
4853;pms5003;3628;6.559;3.386;2026-03-15T15:33:31.935073+00:00;P1;14.60
4853;pms5003;3628;6.559;3.386;2026-03-15T15:33:31.935073+00:00;P0;7.00
4854;DHT22;3628;6.559;3.386;2026-03-15T15:33:49.304701+00:00;humidity;68.20
4854;DHT22;3628;6.559;3.386;2026-03-15T15:33:49.304701+00:00;temperature;35.10
4853;pms5003;3628;6.559;3.386;2026-03-15T15:50:05.639760+00:00;P2;13.50
4853;pms5003;3628;6.559;3.386;2026-03-15T15:50:05.639760+00:00;P1;16.50
4853;pms5003;3628;6.559;3.386;2026-03-15T15:50:05.639760+00:00;P0;8.00
4854;DHT22;3628;6.559;3.386;2026-03-15T15:50:22.890908+00:00;humidity;68.60
4854;DHT22;3628;6.559;3.386;2026-03-15T15:50:22.890908+00:00;temperature;34.60
4854;DHT22;3628;6.559;3.386;2026-03-15T15:55:46.886529+00:00;humidity;70.30
4854;DHT22;3628;6.559;3.386;2026-03-15T15:55:46.886529+00:00;temperature;34.40
4853;pms5003;3628;6.559;3.386;2026-03-15T16:01:42.094157+00:00;P2;11.00
4853;pms5003;3628;6.559;3.386;2026-03-15T16:01:42.094157+00:00;P1;27.20
4853;pms5003;3628;6.559;3.386;2026-03-15T16:01:42.094157+00:00;P0;8.00
4854;DHT22;3628;6.559;3.386;2026-03-15T16:06:37.433775+00:00;humidity;72.00
4854;DHT22;3628;6.559;3.386;2026-03-15T16:06:37.433775+00:00;temperature;34.00
4854;DHT22;3628;6.559;3.386;2026-03-15T16:12:11.896445+00:00;humidity;71.50
4854;DHT22;3628;6.559;3.386;2026-03-15T16:12:11.896445+00:00;temperature;34.10
4854;DHT22;3628;6.559;3.386;2026-03-15T16:22:50.516858+00:00;humidity;72.10
4854;DHT22;3628;6.559;3.386;2026-03-15T16:22:50.516858+00:00;temperature;34.00
4853;pms5003;3628;6.559;3.386;2026-03-15T16:28:07.660906+00:00;P2;12.00
4853;pms5003;3628;6.559;3.386;2026-03-15T16:28:07.660906+00:00;P1;25.25
4853;pms5003;3628;6.559;3.386;2026-03-15T16:28:07.660906+00:00;P0;8.50
4854;DHT22;3628;6.559;3.386;2026-03-15T16:28:25.020569+00:00;humidity;71.50
4854;DHT22;3628;6.559;3.386;2026-03-15T16:28:25.020569+00:00;temperature;34.00
4853;pms5003;3628;6.559;3.386;2026-03-15T16:33:42.203599+00:00;P2;11.00
4853;pms5003;3628;6.559;3.386;2026-03-15T16:33:42.203599+00:00;P1;11.00
4853;pms5003;3628;6.559;3.386;2026-03-15T16:33:42.203599+00:00;P0;8.00
4854;DHT22;3628;6.559;3.386;2026-03-15T16:33:59.543346+00:00;humidity;72.00
4854;DHT22;3628;6.559;3.386;2026-03-15T16:33:59.543346+00:00;temperature;33.90
4853;pms5003;3628;6.559;3.386;2026-03-15T16:39:16.892935+00:00;P2;12.80
4853;pms5003;3628;6.559;3.386;2026-03-15T16:39:16.892935+00:00;P1;24.40
4853;pms5003;3628;6.559;3.386;2026-03-15T16:39:16.892935+00:00;P0;8.40
4854;DHT22;3628;6.559;3.386;2026-03-15T16:39:34.301970+00:00;humidity;72.00
4854;DHT22;3628;6.559;3.386;2026-03-15T16:39:34.301970+00:00;temperature;33.70
4854;DHT22;3628;6.559;3.386;2026-03-15T16:50:22.381769+00:00;humidity;72.50
4854;DHT22;3628;6.559;3.386;2026-03-15T16:50:22.381769+00:00;temperature;33.60
4854;DHT22;3628;6.559;3.386;2026-03-15T16:55:56.982791+00:00;humidity;73.30
4854;DHT22;3628;6.559;3.386;2026-03-15T16:55:56.982791+00:00;temperature;33.60
4853;pms5003;3628;6.559;3.386;2026-03-15T17:01:17.083119+00:00;P2;12.00
4853;pms5003;3628;6.559;3.386;2026-03-15T17:01:17.083119+00:00;P1;19.75
4853;pms5003;3628;6.559;3.386;2026-03-15T17:01:17.083119+00:00;P0;7.25
4854;DHT22;3628;6.559;3.386;2026-03-15T17:01:34.453129+00:00;humidity;73.10
4854;DHT22;3628;6.559;3.386;2026-03-15T17:01:34.453129+00:00;temperature;33.60
4853;pms5003;3628;6.559;3.386;2026-03-15T17:06:51.607710+00:00;P2;14.50
4853;pms5003;3628;6.559;3.386;2026-03-15T17:06:51.607710+00:00;P1;19.50
4853;pms5003;3628;6.559;3.386;2026-03-15T17:06:51.607710+00:00;P0;8.50
4854;DHT22;3628;6.559;3.386;2026-03-15T17:07:09.056690+00:00;humidity;74.10
4854;DHT22;3628;6.559;3.386;2026-03-15T17:07:09.056690+00:00;temperature;33.50
4853;pms5003;3628;6.559;3.386;2026-03-15T17:12:36.696282+00:00;P2;10.50
4853;pms5003;3628;6.559;3.386;2026-03-15T17:12:36.696282+00:00;P1;12.00
4853;pms5003;3628;6.559;3.386;2026-03-15T17:12:36.696282+00:00;P0;7.50
4854;DHT22;3628;6.559;3.386;2026-03-15T17:12:43.586477+00:00;humidity;74.20
4854;DHT22;3628;6.559;3.386;2026-03-15T17:12:43.586477+00:00;temperature;33.60
4854;DHT22;3628;6.559;3.386;2026-03-15T17:18:07.822599+00:00;humidity;73.60
4854;DHT22;3628;6.559;3.386;2026-03-15T17:18:07.822599+00:00;temperature;33.50
4854;DHT22;3628;6.559;3.386;2026-03-15T17:23:31.649951+00:00;humidity;74.00
4854;DHT22;3628;6.559;3.386;2026-03-15T17:23:31.649951+00:00;temperature;33.30
4853;pms5003;3628;6.559;3.386;2026-03-15T17:28:49.055888+00:00;P2;12.00
4853;pms5003;3628;6.559;3.386;2026-03-15T17:28:49.055888+00:00;P1;12.00
4853;pms5003;3628;6.559;3.386;2026-03-15T17:28:49.055888+00:00;P0;9.00
4854;DHT22;3628;6.559;3.386;2026-03-15T17:29:06.223846+00:00;humidity;73.10
4854;DHT22;3628;6.559;3.386;2026-03-15T17:29:06.223846+00:00;temperature;33.20
4853;pms5003;3628;6.559;3.386;2026-03-15T17:34:23.384109+00:00;P2;11.67
4853;pms5003;3628;6.559;3.386;2026-03-15T17:34:23.384109+00:00;P1;13.00
4853;pms5003;3628;6.559;3.386;2026-03-15T17:34:23.384109+00:00;P0;7.00
4854;DHT22;3628;6.559;3.386;2026-03-15T17:34:40.716342+00:00;humidity;74.30
4854;DHT22;3628;6.559;3.386;2026-03-15T17:34:40.716342+00:00;temperature;33.10
4853;pms5003;3628;6.559;3.386;2026-03-15T17:39:57.895997+00:00;P2;11.00
4853;pms5003;3628;6.559;3.386;2026-03-15T17:39:57.895997+00:00;P1;11.00
4853;pms5003;3628;6.559;3.386;2026-03-15T17:39:57.895997+00:00;P0;8.00
4854;DHT22;3628;6.559;3.386;2026-03-15T17:40:15.236228+00:00;humidity;75.00
4854;DHT22;3628;6.559;3.386;2026-03-15T17:40:15.236228+00:00;temperature;33.00
4853;pms5003;3628;6.559;3.386;2026-03-15T17:56:24.960686+00:00;P2;15.00
4853;pms5003;3628;6.559;3.386;2026-03-15T17:56:24.960686+00:00;P1;27.67
4853;pms5003;3628;6.559;3.386;2026-03-15T17:56:24.960686+00:00;P0;8.00
4853;pms5003;3628;6.559;3.386;2026-03-15T18:01:25.917516+00:00;P2;14.00
4853;pms5003;3628;6.559;3.386;2026-03-15T18:01:25.917516+00:00;P1;17.25
4853;pms5003;3628;6.559;3.386;2026-03-15T18:01:25.917516+00:00;P0;9.00
4854;DHT22;3628;6.559;3.386;2026-03-15T18:01:43.525323+00:00;humidity;75.40
4854;DHT22;3628;6.559;3.386;2026-03-15T18:01:43.525323+00:00;temperature;32.70
4853;pms5003;3628;6.559;3.386;2026-03-15T18:07:00.663225+00:00;P2;11.25
4853;pms5003;3628;6.559;3.386;2026-03-15T18:07:00.663225+00:00;P1;11.25
4853;pms5003;3628;6.559;3.386;2026-03-15T18:07:00.663225+00:00;P0;8.00
4854;DHT22;3628;6.559;3.386;2026-03-15T18:12:31.169869+00:00;humidity;75.70
4854;DHT22;3628;6.559;3.386;2026-03-15T18:12:31.169869+00:00;temperature;32.50
4853;pms5003;3628;6.559;3.386;2026-03-15T18:17:48.328620+00:00;P2;12.50
4853;pms5003;3628;6.559;3.386;2026-03-15T18:17:48.328620+00:00;P1;14.00
4853;pms5003;3628;6.559;3.386;2026-03-15T18:17:48.328620+00:00;P0;9.00
4854;DHT22;3628;6.559;3.386;2026-03-15T18:18:05.695235+00:00;humidity;75.00
4854;DHT22;3628;6.559;3.386;2026-03-15T18:18:05.695235+00:00;temperature;32.40
4853;pms5003;3628;6.559;3.386;2026-03-15T18:23:26.937244+00:00;P2;12.00
4853;pms5003;3628;6.559;3.386;2026-03-15T18:23:26.937244+00:00;P1;12.00
4853;pms5003;3628;6.559;3.386;2026-03-15T18:23:26.937244+00:00;P0;9.00
4853;pms5003;3628;6.559;3.386;2026-03-15T18:28:51.171726+00:00;P2;10.00
4853;pms5003;3628;6.559;3.386;2026-03-15T18:28:51.171726+00:00;P1;11.00
4853;pms5003;3628;6.559;3.386;2026-03-15T18:28:51.171726+00:00;P0;6.00
4853;pms5003;3628;6.559;3.386;2026-03-15T18:29:08.489963+00:00;humidity;76.40
4853;pms5003;3628;6.559;3.386;2026-03-15T18:29:08.489963+00:00;temperature;32.30
4853;pms5003;3628;6.559;3.386;2026-03-15T18:34:25.964343+00:00;P2;8.00
4853;pms5003;3628;6.559;3.386;2026-03-15T18:34:25.964343+00:00;P1;8.00
4853;pms5003;3628;6.559;3.386;2026-03-15T18:34:25.964343+00:00;P0;5.75
4853;pms5003;3628;6.559;3.386;2026-03-15T18:40:05.539702+00:00;P2;11.75
4853;pms5003;3628;6.559;3.386;2026-03-15T18:40:05.539702+00:00;P1;22.00
4853;pms5003;3628;6.559;3.386;2026-03-15T18:40:05.539702+00:00;P0;7.50
4854;DHT22;3628;6.559;3.386;2026-03-15T19:01:03.065511+00:00;humidity;78.10
4854;DHT22;3628;6.559;3.386;2026-03-15T19:01:03.065511+00:00;temperature;32.10
4853;pms5003;3628;6.559;3.386;2026-03-15T19:06:20.260133+00:00;P2;14.50
4853;pms5003;3628;6.559;3.386;2026-03-15T19:06:20.260133+00:00;P1;16.50
4853;pms5003;3628;6.559;3.386;2026-03-15T19:06:20.260133+00:00;P0;9.00
4853;pms5003;3628;6.559;3.386;2026-03-15T19:11:44.437988+00:00;P2;11.00
4853;pms5003;3628;6.559;3.386;2026-03-15T19:11:44.437988+00:00;P1;20.50
4853;pms5003;3628;6.559;3.386;2026-03-15T19:11:44.437988+00:00;P0;8.00
4854;DHT22;3628;6.559;3.386;2026-03-15T19:12:01.865443+00:00;humidity;79.20
4854;DHT22;3628;6.559;3.386;2026-03-15T19:12:01.865443+00:00;temperature;32.10
4853;pms5003;3628;6.559;3.386;2026-03-15T19:22:42.892918+00:00;P2;16.25
4853;pms5003;3628;6.559;3.386;2026-03-15T19:22:42.892918+00:00;P1;16.75
4853;pms5003;3628;6.559;3.386;2026-03-15T19:22:42.892918+00:00;P0;11.25
4854;DHT22;3628;6.559;3.386;2026-03-15T19:23:00.383494+00:00;humidity;80.40
4854;DHT22;3628;6.559;3.386;2026-03-15T19:23:00.383494+00:00;temperature;32.00
4853;pms5003;3628;6.559;3.386;2026-03-15T19:28:17.533023+00:00;P2;12.00
4853;pms5003;3628;6.559;3.386;2026-03-15T19:28:17.533023+00:00;P1;13.33
4853;pms5003;3628;6.559;3.386;2026-03-15T19:28:17.533023+00:00;P0;8.00
4854;DHT22;3628;6.559;3.386;2026-03-15T19:28:34.927750+00:00;humidity;80.50
4854;DHT22;3628;6.559;3.386;2026-03-15T19:28:34.927750+00:00;temperature;32.00
4853;pms5003;3628;6.559;3.386;2026-03-15T19:33:52.116329+00:00;P2;18.00
4853;pms5003;3628;6.559;3.386;2026-03-15T19:33:52.116329+00:00;P1;20.25
4853;pms5003;3628;6.559;3.386;2026-03-15T19:33:52.116329+00:00;P0;14.00
4854;DHT22;3628;6.559;3.386;2026-03-15T19:34:09.467394+00:00;humidity;80.30
4854;DHT22;3628;6.559;3.386;2026-03-15T19:34:09.467394+00:00;temperature;32.00
4853;pms5003;3628;6.559;3.386;2026-03-15T19:45:15.762280+00:00;P2;20.00
4853;pms5003;3628;6.559;3.386;2026-03-15T19:45:15.762280+00:00;P1;20.00
4853;pms5003;3628;6.559;3.386;2026-03-15T19:45:15.762280+00:00;P0;13.25
4853;pms5003;3628;6.559;3.386;2026-03-15T19:50:39.976626+00:00;P2;12.00
4853;pms5003;3628;6.559;3.386;2026-03-15T19:50:39.976626+00:00;P1;12.00
4853;pms5003;3628;6.559;3.386;2026-03-15T19:50:39.976626+00:00;P0;8.00
4853;pms5003;3628;6.559;3.386;2026-03-15T19:56:03.863636+00:00;P2;11.50
4853;pms5003;3628;6.559;3.386;2026-03-15T19:56:03.863636+00:00;P1;13.00
4853;pms5003;3628;6.559;3.386;2026-03-15T19:56:03.863636+00:00;P0;8.00
4853;pms5003;3628;6.559;3.386;2026-03-15T20:01:27.801698+00:00;P2;13.25
4853;pms5003;3628;6.559;3.386;2026-03-15T20:01:27.801698+00:00;P1;13.50
4853;pms5003;3628;6.559;3.386;2026-03-15T20:01:27.801698+00:00;P0;7.25
4853;pms5003;3628;6.559;3.386;2026-03-15T20:06:54.660102+00:00;P2;15.67
4853;pms5003;3628;6.559;3.386;2026-03-15T20:06:54.660102+00:00;P1;16.67
4853;pms5003;3628;6.559;3.386;2026-03-15T20:06:54.660102+00:00;P0;11.67
4854;DHT22;3628;6.559;3.386;2026-03-15T20:07:12.004103+00:00;humidity;81.80
4854;DHT22;3628;6.559;3.386;2026-03-15T20:07:12.004103+00:00;temperature;32.00
4853;pms5003;3628;6.559;3.386;2026-03-15T20:12:29.205077+00:00;P2;16.00
4853;pms5003;3628;6.559;3.386;2026-03-15T20:12:29.205077+00:00;P1;16.00
4853;pms5003;3628;6.559;3.386;2026-03-15T20:12:29.205077+00:00;P0;11.20
4854;DHT22;3628;6.559;3.386;2026-03-15T20:12:46.606356+00:00;humidity;82.20
4854;DHT22;3628;6.559;3.386;2026-03-15T20:12:46.606356+00:00;temperature;32.00
4853;pms5003;3628;6.559;3.386;2026-03-15T20:18:06.760597+00:00;P2;16.20
4853;pms5003;3628;6.559;3.386;2026-03-15T20:18:06.760597+00:00;P1;16.20
4853;pms5003;3628;6.559;3.386;2026-03-15T20:18:06.760597+00:00;P0;10.80
4854;DHT22;3628;6.559;3.386;2026-03-15T20:24:39.833891+00:00;humidity;82.10
4854;DHT22;3628;6.559;3.386;2026-03-15T20:24:39.833891+00:00;temperature;31.90
4854;DHT22;3628;6.559;3.386;2026-03-15T20:48:02.781141+00:00;humidity;81.80
4854;DHT22;3628;6.559;3.386;2026-03-15T20:48:02.781141+00:00;temperature;31.80
4853;pms5003;3628;6.559;3.386;2026-03-15T20:53:20.208031+00:00;P2;12.40
4853;pms5003;3628;6.559;3.386;2026-03-15T20:53:20.208031+00:00;P1;15.80
4853;pms5003;3628;6.559;3.386;2026-03-15T20:53:20.208031+00:00;P0;8.40
4854;DHT22;3628;6.559;3.386;2026-03-15T20:53:37.431833+00:00;humidity;81.40
4854;DHT22;3628;6.559;3.386;2026-03-15T20:53:37.431833+00:00;temperature;31.90
4853;pms5003;3628;6.559;3.386;2026-03-15T20:59:27.937377+00:00;P2;14.40
4853;pms5003;3628;6.559;3.386;2026-03-15T20:59:27.937377+00:00;P1;15.60
4853;pms5003;3628;6.559;3.386;2026-03-15T20:59:27.937377+00:00;P0;10.60
4854;DHT22;3628;6.559;3.386;2026-03-15T21:20:08.200312+00:00;humidity;83.10
4854;DHT22;3628;6.559;3.386;2026-03-15T21:20:08.200312+00:00;temperature;31.80
4853;pms5003;3628;6.559;3.386;2026-03-15T21:25:25.416359+00:00;P2;16.60
4853;pms5003;3628;6.559;3.386;2026-03-15T21:25:25.416359+00:00;P1;17.60
4853;pms5003;3628;6.559;3.386;2026-03-15T21:25:25.416359+00:00;P0;11.00
4854;DHT22;3628;6.559;3.386;2026-03-15T21:25:42.805843+00:00;humidity;82.40
4854;DHT22;3628;6.559;3.386;2026-03-15T21:25:42.805843+00:00;temperature;31.80
4853;pms5003;3628;6.559;3.386;2026-03-15T21:31:00.048883+00:00;P2;20.00
4853;pms5003;3628;6.559;3.386;2026-03-15T21:31:00.048883+00:00;P1;23.00
4853;pms5003;3628;6.559;3.386;2026-03-15T21:31:00.048883+00:00;P0;14.00
4854;DHT22;3628;6.559;3.386;2026-03-15T21:31:17.539357+00:00;humidity;82.70
4854;DHT22;3628;6.559;3.386;2026-03-15T21:31:17.539357+00:00;temperature;31.80
4853;pms5003;3628;6.559;3.386;2026-03-15T21:36:34.727573+00:00;P2;18.40
4853;pms5003;3628;6.559;3.386;2026-03-15T21:36:34.727573+00:00;P1;19.20
4853;pms5003;3628;6.559;3.386;2026-03-15T21:36:34.727573+00:00;P0;13.00
4854;DHT22;3628;6.559;3.386;2026-03-15T21:36:52.090378+00:00;humidity;83.10
4854;DHT22;3628;6.559;3.386;2026-03-15T21:36:52.090378+00:00;temperature;31.80
4853;pms5003;3628;6.559;3.386;2026-03-15T21:42:12.090859+00:00;P2;17.00
4853;pms5003;3628;6.559;3.386;2026-03-15T21:42:12.090859+00:00;P1;21.00
4853;pms5003;3628;6.559;3.386;2026-03-15T21:42:12.090859+00:00;P0;10.00
4854;DHT22;3628;6.559;3.386;2026-03-15T21:47:40.920389+00:00;humidity;83.20
4854;DHT22;3628;6.559;3.386;2026-03-15T21:47:40.920389+00:00;temperature;31.90
4853;pms5003;3628;6.559;3.386;2026-03-15T21:52:58.277929+00:00;P2;15.00
4853;pms5003;3628;6.559;3.386;2026-03-15T21:52:58.277929+00:00;P1;18.00
4853;pms5003;3628;6.559;3.386;2026-03-15T21:52:58.277929+00:00;P0;12.00
4854;DHT22;3628;6.559;3.386;2026-03-15T21:53:15.997110+00:00;humidity;83.30
4854;DHT22;3628;6.559;3.386;2026-03-15T21:53:15.997110+00:00;temperature;31.80
4853;pms5003;3628;6.559;3.386;2026-03-15T21:58:33.355575+00:00;P2;12.25
4853;pms5003;3628;6.559;3.386;2026-03-15T21:58:33.355575+00:00;P1;21.50
4853;pms5003;3628;6.559;3.386;2026-03-15T21:58:33.355575+00:00;P0;8.00
4853;pms5003;3628;6.559;3.386;2026-03-15T22:04:08.105222+00:00;P2;14.75
4853;pms5003;3628;6.559;3.386;2026-03-15T22:04:08.105222+00:00;P1;14.75
4853;pms5003;3628;6.559;3.386;2026-03-15T22:04:08.105222+00:00;P0;10.75
4854;DHT22;3628;6.559;3.386;2026-03-15T22:04:25.902352+00:00;humidity;82.70
4854;DHT22;3628;6.559;3.386;2026-03-15T22:04:25.902352+00:00;temperature;31.70
4853;pms5003;3628;6.559;3.386;2026-03-15T22:10:44.662701+00:00;P2;11.40
4853;pms5003;3628;6.559;3.386;2026-03-15T22:10:44.662701+00:00;P1;12.60
4853;pms5003;3628;6.559;3.386;2026-03-15T22:10:44.662701+00:00;P0;7.60
4854;DHT22;3628;6.559;3.386;2026-03-15T22:15:17.192447+00:00;humidity;81.80
4854;DHT22;3628;6.559;3.386;2026-03-15T22:15:17.192447+00:00;temperature;31.80
4853;pms5003;3628;6.559;3.386;2026-03-15T22:20:34.433676+00:00;P2;15.33
4853;pms5003;3628;6.559;3.386;2026-03-15T22:20:34.433676+00:00;P1;17.00
4853;pms5003;3628;6.559;3.386;2026-03-15T22:20:34.433676+00:00;P0;10.33
4854;DHT22;3628;6.559;3.386;2026-03-15T22:20:51.885328+00:00;humidity;81.80
4854;DHT22;3628;6.559;3.386;2026-03-15T22:20:51.885328+00:00;temperature;31.70
4853;pms5003;3628;6.559;3.386;2026-03-15T22:31:33.312541+00:00;P2;12.00
4853;pms5003;3628;6.559;3.386;2026-03-15T22:31:33.312541+00:00;P1;14.00
4853;pms5003;3628;6.559;3.386;2026-03-15T22:31:33.312541+00:00;P0;9.00
4854;DHT22;3628;6.559;3.386;2026-03-15T22:31:50.916899+00:00;humidity;79.50
4854;DHT22;3628;6.559;3.386;2026-03-15T22:31:50.916899+00:00;temperature;31.90
4853;pms5003;3628;6.559;3.386;2026-03-15T22:37:10.953927+00:00;P2;15.40
4853;pms5003;3628;6.559;3.386;2026-03-15T22:37:10.953927+00:00;P1;22.80
4853;pms5003;3628;6.559;3.386;2026-03-15T22:37:10.953927+00:00;P0;10.00
4853;pms5003;3628;6.559;3.386;2026-03-15T22:43:24.661499+00:00;P2;8.25
4853;pms5003;3628;6.559;3.386;2026-03-15T22:43:24.661499+00:00;P1;9.25
4853;pms5003;3628;6.559;3.386;2026-03-15T22:43:24.661499+00:00;P0;5.50
4853;pms5003;3628;6.559;3.386;2026-03-15T22:47:59.138382+00:00;P2;15.00
4853;pms5003;3628;6.559;3.386;2026-03-15T22:47:59.138382+00:00;P1;15.00
4853;pms5003;3628;6.559;3.386;2026-03-15T22:47:59.138382+00:00;P0;12.00
4853;pms5003;3628;6.559;3.386;2026-03-15T22:53:23.155998+00:00;P2;12.20
4853;pms5003;3628;6.559;3.386;2026-03-15T22:53:23.155998+00:00;P1;13.20
4853;pms5003;3628;6.559;3.386;2026-03-15T22:53:23.155998+00:00;P0;9.80
4853;pms5003;3628;6.559;3.386;2026-03-15T22:58:47.339562+00:00;P2;10.75
4853;pms5003;3628;6.559;3.386;2026-03-15T22:58:47.339562+00:00;P1;10.75
4853;pms5003;3628;6.559;3.386;2026-03-15T22:58:47.339562+00:00;P0;8.00
4854;DHT22;3628;6.559;3.386;2026-03-15T22:59:04.557028+00:00;humidity;78.30
4854;DHT22;3628;6.559;3.386;2026-03-15T22:59:04.557028+00:00;temperature;31.70
4853;pms5003;3628;6.559;3.386;2026-03-15T23:04:21.828163+00:00;P2;9.00
4853;pms5003;3628;6.559;3.386;2026-03-15T23:04:21.828163+00:00;P1;10.67
4853;pms5003;3628;6.559;3.386;2026-03-15T23:04:21.828163+00:00;P0;6.00
4854;DHT22;3628;6.559;3.386;2026-03-15T23:04:39.384080+00:00;humidity;78.50
4854;DHT22;3628;6.559;3.386;2026-03-15T23:04:39.384080+00:00;temperature;31.70
4853;pms5003;3628;6.559;3.386;2026-03-15T23:10:21.120113+00:00;P2;9.50
4853;pms5003;3628;6.559;3.386;2026-03-15T23:10:21.120113+00:00;P1;9.50
4853;pms5003;3628;6.559;3.386;2026-03-15T23:10:21.120113+00:00;P0;7.50
4853;pms5003;3628;6.559;3.386;2026-03-15T23:15:21.099114+00:00;P2;10.00
4853;pms5003;3628;6.559;3.386;2026-03-15T23:15:21.099114+00:00;P1;11.33
4853;pms5003;3628;6.559;3.386;2026-03-15T23:15:21.099114+00:00;P0;7.67
4854;DHT22;3628;6.559;3.386;2026-03-15T23:15:38.629528+00:00;humidity;78.50
4854;DHT22;3628;6.559;3.386;2026-03-15T23:15:38.629528+00:00;temperature;31.70
4853;pms5003;3628;6.559;3.386;2026-03-15T23:20:56.708900+00:00;P2;9.60
4853;pms5003;3628;6.559;3.386;2026-03-15T23:20:56.708900+00:00;P1;10.60
4853;pms5003;3628;6.559;3.386;2026-03-15T23:20:56.708900+00:00;P0;7.00
4854;DHT22;3628;6.559;3.386;2026-03-15T23:21:14.493238+00:00;humidity;78.10
4854;DHT22;3628;6.559;3.386;2026-03-15T23:21:14.493238+00:00;temperature;31.80
4854;DHT22;3628;6.559;3.386;2026-03-15T23:27:33.206967+00:00;humidity;78.20
4854;DHT22;3628;6.559;3.386;2026-03-15T23:27:33.206967+00:00;temperature;31.70
4853;pms5003;3628;6.559;3.386;2026-03-15T23:31:56.768587+00:00;P2;10.00
4853;pms5003;3628;6.559;3.386;2026-03-15T23:31:56.768587+00:00;P1;11.00
4853;pms5003;3628;6.559;3.386;2026-03-15T23:31:56.768587+00:00;P0;6.00
4854;DHT22;3628;6.559;3.386;2026-03-15T23:32:14.769400+00:00;humidity;78.00
4854;DHT22;3628;6.559;3.386;2026-03-15T23:32:14.769400+00:00;temperature;31.80
4853;pms5003;3628;6.559;3.386;2026-03-15T23:37:32.701951+00:00;P2;11.00
4853;pms5003;3628;6.559;3.386;2026-03-15T23:37:32.701951+00:00;P1;12.33
4853;pms5003;3628;6.559;3.386;2026-03-15T23:37:32.701951+00:00;P0;7.00
4854;DHT22;3628;6.559;3.386;2026-03-15T23:37:49.664482+00:00;humidity;78.10
4854;DHT22;3628;6.559;3.386;2026-03-15T23:37:49.664482+00:00;temperature;31.90
4853;pms5003;3628;6.559;3.386;2026-03-15T23:43:06.812733+00:00;P2;9.50
4853;pms5003;3628;6.559;3.386;2026-03-15T23:43:06.812733+00:00;P1;10.50
4853;pms5003;3628;6.559;3.386;2026-03-15T23:43:06.812733+00:00;P0;5.50
4854;DHT22;3628;6.559;3.386;2026-03-15T23:43:24.139097+00:00;humidity;78.80
4854;DHT22;3628;6.559;3.386;2026-03-15T23:43:24.139097+00:00;temperature;31.80
4853;pms5003;3628;6.559;3.386;2026-03-15T23:54:05.646823+00:00;P2;15.00
4853;pms5003;3628;6.559;3.386;2026-03-15T23:54:05.646823+00:00;P1;18.00
4853;pms5003;3628;6.559;3.386;2026-03-15T23:54:05.646823+00:00;P0;11.00
4853;pms5003;3628;6.559;3.386;2026-03-16T00:04:53.577348+00:00;P2;18.40
4853;pms5003;3628;6.559;3.386;2026-03-16T00:04:53.577348+00:00;P1;18.40
4853;pms5003;3628;6.559;3.386;2026-03-16T00:04:53.577348+00:00;P0;12.00
4854;DHT22;3628;6.559;3.386;2026-03-16T00:10:24.019307+00:00;humidity;82.60
4854;DHT22;3628;6.559;3.386;2026-03-16T00:10:24.019307+00:00;temperature;31.50
4853;pms5003;3628;6.559;3.386;2026-03-16T00:15:41.226770+00:00;P2;13.80
4853;pms5003;3628;6.559;3.386;2026-03-16T00:15:41.226770+00:00;P1;13.80
4853;pms5003;3628;6.559;3.386;2026-03-16T00:15:41.226770+00:00;P0;9.80
4853;pms5003;3628;6.559;3.386;2026-03-16T05:54:33.277016+00:00;P2;35.25
4853;pms5003;3628;6.559;3.386;2026-03-16T05:54:33.277016+00:00;P1;44.75
4853;pms5003;3628;6.559;3.386;2026-03-16T05:54:33.277016+00:00;P0;24.50
4853;pms5003;3628;6.559;3.386;2026-03-16T06:07:31.325918+00:00;P2;40.25
4853;pms5003;3628;6.559;3.386;2026-03-16T06:07:31.325918+00:00;P1;55.50
4853;pms5003;3628;6.559;3.386;2026-03-16T06:07:31.325918+00:00;P0;27.00
4853;pms5003;3628;6.559;3.386;2026-03-16T09:20:24.133366+00:00;P2;16.80
4853;pms5003;3628;6.559;3.386;2026-03-16T09:20:24.133366+00:00;P1;24.40
4853;pms5003;3628;6.559;3.386;2026-03-16T09:20:24.133366+00:00;P0;11.60
4854;DHT22;3628;6.559;3.386;2026-03-16T10:38:41.306261+00:00;humidity;64.40
4854;DHT22;3628;6.559;3.386;2026-03-16T10:38:41.306261+00:00;temperature;35.80
4853;pms5003;3628;6.559;3.386;2026-03-16T10:49:11.635769+00:00;P2;14.00
4853;pms5003;3628;6.559;3.386;2026-03-16T10:49:11.635769+00:00;P1;26.50
4853;pms5003;3628;6.559;3.386;2026-03-16T10:49:11.635769+00:00;P0;10.00
4854;DHT22;3628;6.559;3.386;2026-03-16T11:21:51.432296+00:00;humidity;56.80
4854;DHT22;3628;6.559;3.386;2026-03-16T11:21:51.432296+00:00;temperature;39.80
4853;pms5003;3628;6.559;3.386;2026-03-16T11:27:08.679350+00:00;P2;10.00
4853;pms5003;3628;6.559;3.386;2026-03-16T11:27:08.679350+00:00;P1;14.00
4853;pms5003;3628;6.559;3.386;2026-03-16T11:27:08.679350+00:00;P0;7.00
4853;pms5003;3628;6.559;3.386;2026-03-16T11:41:32.285775+00:00;P2;10.00
4853;pms5003;3628;6.559;3.386;2026-03-16T11:41:32.285775+00:00;P1;11.00
4853;pms5003;3628;6.559;3.386;2026-03-16T11:41:32.285775+00:00;P0;7.00
4853;pms5003;3628;6.559;3.386;2026-03-16T11:46:59.285671+00:00;P2;14.00
4853;pms5003;3628;6.559;3.386;2026-03-16T11:46:59.285671+00:00;P1;25.40
4853;pms5003;3628;6.559;3.386;2026-03-16T11:46:59.285671+00:00;P0;9.00
4853;pms5003;3628;6.559;3.386;2026-03-16T11:57:36.675990+00:00;P2;10.00
4853;pms5003;3628;6.559;3.386;2026-03-16T11:57:36.675990+00:00;P1;12.00
4853;pms5003;3628;6.559;3.386;2026-03-16T11:57:36.675990+00:00;P0;6.00
4853;pms5003;3628;6.559;3.386;2026-03-16T12:08:24.413039+00:00;P2;17.00
4853;pms5003;3628;6.559;3.386;2026-03-16T12:08:24.413039+00:00;P1;21.00
4853;pms5003;3628;6.559;3.386;2026-03-16T12:08:24.413039+00:00;P0;10.60
4854;DHT22;3628;6.559;3.386;2026-03-16T12:08:41.718971+00:00;humidity;56.20
4854;DHT22;3628;6.559;3.386;2026-03-16T12:08:41.718971+00:00;temperature;39.30
4853;pms5003;3628;6.559;3.386;2026-03-16T12:13:58.941732+00:00;P2;11.00
4853;pms5003;3628;6.559;3.386;2026-03-16T12:13:58.941732+00:00;P1;12.25
4853;pms5003;3628;6.559;3.386;2026-03-16T12:13:58.941732+00:00;P0;7.00
4853;pms5003;3628;6.559;3.386;2026-03-16T12:19:22.846188+00:00;P2;13.50
4853;pms5003;3628;6.559;3.386;2026-03-16T12:19:22.846188+00:00;P1;17.50
4853;pms5003;3628;6.559;3.386;2026-03-16T12:19:22.846188+00:00;P0;8.25
4854;DHT22;3628;6.559;3.386;2026-03-16T12:19:40.196477+00:00;humidity;55.20
4854;DHT22;3628;6.559;3.386;2026-03-16T12:19:40.196477+00:00;temperature;40.00
4853;pms5003;3628;6.559;3.386;2026-03-16T12:24:57.485097+00:00;P2;13.25
4853;pms5003;3628;6.559;3.386;2026-03-16T12:24:57.485097+00:00;P1;15.75
4853;pms5003;3628;6.559;3.386;2026-03-16T12:24:57.485097+00:00;P0;7.75
4853;pms5003;3628;6.559;3.386;2026-03-16T12:35:50.934060+00:00;P2;11.00
4853;pms5003;3628;6.559;3.386;2026-03-16T12:35:50.934060+00:00;P1;12.75
4853;pms5003;3628;6.559;3.386;2026-03-16T12:35:50.934060+00:00;P0;6.75
4853;pms5003;3628;6.559;3.386;2026-03-16T12:46:53.599719+00:00;P2;14.75
4853;pms5003;3628;6.559;3.386;2026-03-16T12:46:53.599719+00:00;P1;21.00
4853;pms5003;3628;6.559;3.386;2026-03-16T12:46:53.599719+00:00;P0;8.00
4854;DHT22;3628;6.559;3.386;2026-03-16T12:47:10.949832+00:00;humidity;54.60
4854;DHT22;3628;6.559;3.386;2026-03-16T12:47:10.949832+00:00;temperature;40.40
4853;pms5003;3628;6.559;3.386;2026-03-16T12:52:31.058127+00:00;P2;10.25
4853;pms5003;3628;6.559;3.386;2026-03-16T12:52:31.058127+00:00;P1;11.25
4853;pms5003;3628;6.559;3.386;2026-03-16T12:52:31.058127+00:00;P0;7.00
4854;DHT22;3628;6.559;3.386;2026-03-16T13:03:25.329145+00:00;humidity;54.20
4854;DHT22;3628;6.559;3.386;2026-03-16T13:03:25.329145+00:00;temperature;40.20
4853;pms5003;3628;6.559;3.386;2026-03-16T13:08:42.561018+00:00;P2;9.75
4853;pms5003;3628;6.559;3.386;2026-03-16T13:08:42.561018+00:00;P1;17.75
4853;pms5003;3628;6.559;3.386;2026-03-16T13:08:42.561018+00:00;P0;7.25
4853;pms5003;3628;6.559;3.386;2026-03-16T13:30:09.247777+00:00;P2;11.00
4853;pms5003;3628;6.559;3.386;2026-03-16T13:30:09.247777+00:00;P1;12.00
4853;pms5003;3628;6.559;3.386;2026-03-16T13:30:09.247777+00:00;P0;7.00
4854;DHT22;3628;6.559;3.386;2026-03-16T13:30:26.610643+00:00;humidity;51.20
4854;DHT22;3628;6.559;3.386;2026-03-16T13:30:26.610643+00:00;temperature;41.20
4853;pms5003;3628;6.559;3.386;2026-03-16T13:35:43.781833+00:00;P2;10.25
4853;pms5003;3628;6.559;3.386;2026-03-16T13:35:43.781833+00:00;P1;11.25
4853;pms5003;3628;6.559;3.386;2026-03-16T13:35:43.781833+00:00;P0;7.25
4854;DHT22;3628;6.559;3.386;2026-03-16T13:36:01.159395+00:00;humidity;50.10
4854;DHT22;3628;6.559;3.386;2026-03-16T13:36:01.159395+00:00;temperature;41.60
4854;DHT22;3628;6.559;3.386;2026-03-16T13:41:18.311225+00:00;P2;8.00
4854;DHT22;3628;6.559;3.386;2026-03-16T13:41:18.311225+00:00;P1;9.50
4854;DHT22;3628;6.559;3.386;2026-03-16T13:41:18.311225+00:00;P0;6.00
4854;DHT22;3628;6.559;3.386;2026-03-16T13:46:50.568685+00:00;humidity;52.50
4854;DHT22;3628;6.559;3.386;2026-03-16T13:46:50.568685+00:00;temperature;40.60
4853;pms5003;3628;6.559;3.386;2026-03-16T13:52:07.719338+00:00;P2;10.75
4853;pms5003;3628;6.559;3.386;2026-03-16T13:52:07.719338+00:00;P1;17.25
4853;pms5003;3628;6.559;3.386;2026-03-16T13:52:07.719338+00:00;P0;7.75
4854;DHT22;3628;6.559;3.386;2026-03-16T13:52:25.048104+00:00;humidity;51.60
4854;DHT22;3628;6.559;3.386;2026-03-16T13:52:25.048104+00:00;temperature;40.90
4853;pms5003;3628;6.559;3.386;2026-03-16T13:57:42.350054+00:00;P2;10.75
4853;pms5003;3628;6.559;3.386;2026-03-16T13:57:42.350054+00:00;P1;11.75
4853;pms5003;3628;6.559;3.386;2026-03-16T13:57:42.350054+00:00;P0;7.75
4854;DHT22;3628;6.559;3.386;2026-03-16T13:57:59.682809+00:00;humidity;53.30
4854;DHT22;3628;6.559;3.386;2026-03-16T13:57:59.682809+00:00;temperature;39.70
4853;pms5003;3628;6.559;3.386;2026-03-16T14:03:16.876631+00:00;P2;9.00
4853;pms5003;3628;6.559;3.386;2026-03-16T14:03:16.876631+00:00;P1;10.25
4853;pms5003;3628;6.559;3.386;2026-03-16T14:03:16.876631+00:00;P0;4.50
4854;DHT22;3628;6.559;3.386;2026-03-16T14:03:34.230319+00:00;humidity;53.50
4854;DHT22;3628;6.559;3.386;2026-03-16T14:03:34.230319+00:00;temperature;40.00
4853;pms5003;3628;6.559;3.386;2026-03-16T14:08:58.638394+00:00;P2;15.00
4853;pms5003;3628;6.559;3.386;2026-03-16T14:08:58.638394+00:00;P1;28.00
4853;pms5003;3628;6.559;3.386;2026-03-16T14:08:58.638394+00:00;P0;11.80
4854;DHT22;3628;6.559;3.386;2026-03-16T14:09:09.364595+00:00;humidity;52.90
4854;DHT22;3628;6.559;3.386;2026-03-16T14:09:09.364595+00:00;temperature;40.40
4853;pms5003;3628;6.559;3.386;2026-03-16T14:19:53.556379+00:00;P2;8.40
4853;pms5003;3628;6.559;3.386;2026-03-16T14:19:53.556379+00:00;P1;9.00
4853;pms5003;3628;6.559;3.386;2026-03-16T14:19:53.556379+00:00;P0;6.00
4853;pms5003;3628;6.559;3.386;2026-03-16T14:25:17.349294+00:00;P2;11.00
4853;pms5003;3628;6.559;3.386;2026-03-16T14:25:17.349294+00:00;P1;11.00
4853;pms5003;3628;6.559;3.386;2026-03-16T14:25:17.349294+00:00;P0;7.00
4853;pms5003;3628;6.559;3.386;2026-03-16T14:30:51.910027+00:00;P2;10.00
4853;pms5003;3628;6.559;3.386;2026-03-16T14:30:51.910027+00:00;P1;16.00
4853;pms5003;3628;6.559;3.386;2026-03-16T14:30:51.910027+00:00;P0;7.00
4854;DHT22;3628;6.559;3.386;2026-03-16T14:31:09.459312+00:00;humidity;53.30
4854;DHT22;3628;6.559;3.386;2026-03-16T14:31:09.459312+00:00;temperature;39.90
4853;pms5003;3628;6.559;3.386;2026-03-16T14:41:40.359408+00:00;P2;10.00
4853;pms5003;3628;6.559;3.386;2026-03-16T14:41:40.359408+00:00;P1;12.00
4853;pms5003;3628;6.559;3.386;2026-03-16T14:41:40.359408+00:00;P0;7.00
4854;DHT22;3628;6.559;3.386;2026-03-16T14:41:57.538636+00:00;humidity;53.10
4854;DHT22;3628;6.559;3.386;2026-03-16T14:41:57.538636+00:00;temperature;40.00
4854;DHT22;3628;6.559;3.386;2026-03-16T14:52:45.779135+00:00;humidity;54.80
4854;DHT22;3628;6.559;3.386;2026-03-16T14:52:45.779135+00:00;temperature;39.20
4854;DHT22;3628;6.559;3.386;2026-03-16T14:58:21.065462+00:00;humidity;56.70
4854;DHT22;3628;6.559;3.386;2026-03-16T14:58:21.065462+00:00;temperature;38.10
4853;pms5003;3628;6.559;3.386;2026-03-16T15:03:38.333194+00:00;P2;12.00
4853;pms5003;3628;6.559;3.386;2026-03-16T15:03:38.333194+00:00;P1;14.00
4853;pms5003;3628;6.559;3.386;2026-03-16T15:03:38.333194+00:00;P0;7.50
4854;DHT22;3628;6.559;3.386;2026-03-16T15:03:57.984915+00:00;humidity;57.50
4854;DHT22;3628;6.559;3.386;2026-03-16T15:03:57.984915+00:00;temperature;37.40
4854;DHT22;3628;6.559;3.386;2026-03-16T15:09:20.662647+00:00;humidity;58.90
4854;DHT22;3628;6.559;3.386;2026-03-16T15:09:20.662647+00:00;temperature;37.10
4853;pms5003;3628;6.559;3.386;2026-03-16T15:19:51.252228+00:00;P2;13.00
4853;pms5003;3628;6.559;3.386;2026-03-16T15:19:51.252228+00:00;P1;16.00
4853;pms5003;3628;6.559;3.386;2026-03-16T15:19:51.252228+00:00;P0;8.00
4854;DHT22;3628;6.559;3.386;2026-03-16T15:20:08.610419+00:00;humidity;58.40
4854;DHT22;3628;6.559;3.386;2026-03-16T15:20:08.610419+00:00;temperature;36.80
4854;DHT22;3628;6.559;3.386;2026-03-16T15:25:46.607780+00:00;humidity;60.10
4854;DHT22;3628;6.559;3.386;2026-03-16T15:25:46.607780+00:00;temperature;36.50
4853;pms5003;3628;6.559;3.386;2026-03-16T15:31:02.483280+00:00;P2;16.60
4853;pms5003;3628;6.559;3.386;2026-03-16T15:31:02.483280+00:00;P1;18.40
4853;pms5003;3628;6.559;3.386;2026-03-16T15:31:02.483280+00:00;P0;9.00
4854;DHT22;3628;6.559;3.386;2026-03-16T15:31:19.884130+00:00;humidity;60.90
4854;DHT22;3628;6.559;3.386;2026-03-16T15:31:19.884130+00:00;temperature;36.40
4853;pms5003;3628;6.559;3.386;2026-03-16T15:36:41.930727+00:00;P2;11.75
4853;pms5003;3628;6.559;3.386;2026-03-16T15:36:41.930727+00:00;P1;12.75
4853;pms5003;3628;6.559;3.386;2026-03-16T15:36:41.930727+00:00;P0;6.75
4853;pms5003;3628;6.559;3.386;2026-03-16T15:42:20.232263+00:00;P2;17.50
4853;pms5003;3628;6.559;3.386;2026-03-16T15:42:20.232263+00:00;P1;22.25
4853;pms5003;3628;6.559;3.386;2026-03-16T15:42:20.232263+00:00;P0;11.00
4854;DHT22;3628;6.559;3.386;2026-03-16T15:42:37.572570+00:00;humidity;61.10
4854;DHT22;3628;6.559;3.386;2026-03-16T15:42:37.572570+00:00;temperature;36.20
4854;DHT22;3628;6.559;3.386;2026-03-16T15:48:08.658040+00:00;humidity;63.30
4854;DHT22;3628;6.559;3.386;2026-03-16T15:48:08.658040+00:00;temperature;36.20
4853;pms5003;3628;6.559;3.386;2026-03-16T15:53:26.863696+00:00;P2;13.33
4853;pms5003;3628;6.559;3.386;2026-03-16T15:53:26.863696+00:00;P1;15.00
4853;pms5003;3628;6.559;3.386;2026-03-16T15:53:26.863696+00:00;P0;9.00
4854;DHT22;3628;6.559;3.386;2026-03-16T15:53:44.210368+00:00;humidity;63.30
4854;DHT22;3628;6.559;3.386;2026-03-16T15:53:44.210368+00:00;temperature;36.10
4854;DHT22;3628;6.559;3.386;2026-03-16T15:59:08.729322+00:00;humidity;63.90
4854;DHT22;3628;6.559;3.386;2026-03-16T15:59:08.729322+00:00;temperature;36.10
4853;pms5003;3628;6.559;3.386;2026-03-16T16:04:25.495027+00:00;P2;11.75
4853;pms5003;3628;6.559;3.386;2026-03-16T16:04:25.495027+00:00;P1;15.50
4853;pms5003;3628;6.559;3.386;2026-03-16T16:04:25.495027+00:00;P0;7.00
4854;DHT22;3628;6.559;3.386;2026-03-16T16:15:35.959053+00:00;humidity;67.10
4854;DHT22;3628;6.559;3.386;2026-03-16T16:15:35.959053+00:00;temperature;35.50
4853;pms5003;3628;6.559;3.386;2026-03-16T16:31:41.574863+00:00;P2;14.75
4853;pms5003;3628;6.559;3.386;2026-03-16T16:31:41.574863+00:00;P1;16.75
4853;pms5003;3628;6.559;3.386;2026-03-16T16:31:41.574863+00:00;P0;9.75
4853;pms5003;3628;6.559;3.386;2026-03-16T16:37:08.534753+00:00;P2;20.00
4853;pms5003;3628;6.559;3.386;2026-03-16T16:37:08.534753+00:00;P1;32.50
4853;pms5003;3628;6.559;3.386;2026-03-16T16:37:08.534753+00:00;P0;11.50
4854;DHT22;3628;6.559;3.386;2026-03-16T16:37:25.982865+00:00;humidity;68.10
4854;DHT22;3628;6.559;3.386;2026-03-16T16:37:25.982865+00:00;temperature;35.20
4853;pms5003;3628;6.559;3.386;2026-03-16T16:42:43.172807+00:00;P2;13.25
4853;pms5003;3628;6.559;3.386;2026-03-16T16:42:43.172807+00:00;P1;16.00
4853;pms5003;3628;6.559;3.386;2026-03-16T16:42:43.172807+00:00;P0;9.00
4854;DHT22;3628;6.559;3.386;2026-03-16T16:48:24.456874+00:00;humidity;68.50
4854;DHT22;3628;6.559;3.386;2026-03-16T16:48:24.456874+00:00;temperature;35.00
4853;pms5003;3628;6.559;3.386;2026-03-16T17:20:54.156012+00:00;P2;15.60
4853;pms5003;3628;6.559;3.386;2026-03-16T17:20:54.156012+00:00;P1;21.80
4853;pms5003;3628;6.559;3.386;2026-03-16T17:20:54.156012+00:00;P0;8.00
4854;DHT22;3628;6.559;3.386;2026-03-16T17:21:11.528443+00:00;humidity;75.00
4854;DHT22;3628;6.559;3.386;2026-03-16T17:21:11.528443+00:00;temperature;33.60
4853;pms5003;3628;6.559;3.386;2026-03-16T17:26:28.768527+00:00;P2;11.75
4853;pms5003;3628;6.559;3.386;2026-03-16T17:26:28.768527+00:00;P1;13.00
4853;pms5003;3628;6.559;3.386;2026-03-16T17:26:28.768527+00:00;P0;8.00
4853;pms5003;3628;6.559;3.386;2026-03-16T17:31:55.604666+00:00;P2;20.50
4853;pms5003;3628;6.559;3.386;2026-03-16T17:31:55.604666+00:00;P1;37.00
4853;pms5003;3628;6.559;3.386;2026-03-16T17:31:55.604666+00:00;P0;12.00
4854;DHT22;3628;6.559;3.386;2026-03-16T17:32:12.980263+00:00;humidity;75.00
4854;DHT22;3628;6.559;3.386;2026-03-16T17:32:12.980263+00:00;temperature;33.50
4854;DHT22;3628;6.559;3.386;2026-03-16T17:37:36.718231+00:00;humidity;76.10
4854;DHT22;3628;6.559;3.386;2026-03-16T17:37:36.718231+00:00;temperature;33.30
4853;pms5003;3628;6.559;3.386;2026-03-16T17:48:07.644612+00:00;P2;16.00
4853;pms5003;3628;6.559;3.386;2026-03-16T17:48:07.644612+00:00;P1;20.00
4853;pms5003;3628;6.559;3.386;2026-03-16T17:48:07.644612+00:00;P0;10.00
4853;pms5003;3628;6.559;3.386;2026-03-16T17:53:42.271340+00:00;P2;17.25
4853;pms5003;3628;6.559;3.386;2026-03-16T17:53:42.271340+00:00;P1;29.50
4853;pms5003;3628;6.559;3.386;2026-03-16T17:53:42.271340+00:00;P0;10.25
4854;DHT22;3628;6.559;3.386;2026-03-16T17:53:59.620528+00:00;humidity;78.90
4854;DHT22;3628;6.559;3.386;2026-03-16T17:53:59.620528+00:00;temperature;32.90
4853;pms5003;3628;6.559;3.386;2026-03-16T17:59:16.846561+00:00;P2;22.75
4853;pms5003;3628;6.559;3.386;2026-03-16T17:59:16.846561+00:00;P1;34.50
4853;pms5003;3628;6.559;3.386;2026-03-16T17:59:16.846561+00:00;P0;14.50
4854;DHT22;3628;6.559;3.386;2026-03-16T17:59:34.220389+00:00;humidity;79.30
4854;DHT22;3628;6.559;3.386;2026-03-16T17:59:34.220389+00:00;temperature;32.60
4853;pms5003;3628;6.559;3.386;2026-03-16T18:04:51.419122+00:00;P2;16.00
4853;pms5003;3628;6.559;3.386;2026-03-16T18:04:51.419122+00:00;P1;20.00
4853;pms5003;3628;6.559;3.386;2026-03-16T18:04:51.419122+00:00;P0;9.00
4853;pms5003;3628;6.559;3.386;2026-03-16T18:10:15.389628+00:00;P2;14.67
4853;pms5003;3628;6.559;3.386;2026-03-16T18:10:15.389628+00:00;P1;25.67
4853;pms5003;3628;6.559;3.386;2026-03-16T18:10:15.389628+00:00;P0;9.00
4853;pms5003;3628;6.559;3.386;2026-03-16T18:15:39.223911+00:00;P2;17.40
4853;pms5003;3628;6.559;3.386;2026-03-16T18:15:39.223911+00:00;P1;30.00
4853;pms5003;3628;6.559;3.386;2026-03-16T18:15:39.223911+00:00;P0;11.00
4854;DHT22;3628;6.559;3.386;2026-03-16T18:15:56.572767+00:00;humidity;81.00
4854;DHT22;3628;6.559;3.386;2026-03-16T18:15:56.572767+00:00;temperature;32.50
4853;pms5003;3628;6.559;3.386;2026-03-16T18:21:13.772895+00:00;P2;20.20
4853;pms5003;3628;6.559;3.386;2026-03-16T18:21:13.772895+00:00;P1;25.20
4853;pms5003;3628;6.559;3.386;2026-03-16T18:21:13.772895+00:00;P0;13.00
4854;DHT22;3628;6.559;3.386;2026-03-16T18:21:31.279158+00:00;humidity;81.30
4854;DHT22;3628;6.559;3.386;2026-03-16T18:21:31.279158+00:00;temperature;32.50
4853;pms5003;3628;6.559;3.386;2026-03-16T18:26:48.460677+00:00;P2;23.60
4853;pms5003;3628;6.559;3.386;2026-03-16T18:26:48.460677+00:00;P1;32.00
4853;pms5003;3628;6.559;3.386;2026-03-16T18:26:48.460677+00:00;P0;15.60
4854;DHT22;3628;6.559;3.386;2026-03-16T18:27:05.797133+00:00;humidity;81.30
4854;DHT22;3628;6.559;3.386;2026-03-16T18:27:05.797133+00:00;temperature;32.50
4853;pms5003;3628;6.559;3.386;2026-03-16T18:32:23.017297+00:00;P2;25.00
4853;pms5003;3628;6.559;3.386;2026-03-16T18:32:23.017297+00:00;P1;29.00
4853;pms5003;3628;6.559;3.386;2026-03-16T18:32:23.017297+00:00;P0;13.25
4854;DHT22;3628;6.559;3.386;2026-03-16T18:32:40.362591+00:00;humidity;81.30
4854;DHT22;3628;6.559;3.386;2026-03-16T18:32:40.362591+00:00;temperature;32.50
4853;pms5003;3628;6.559;3.386;2026-03-16T18:37:57.576274+00:00;P2;17.00
4853;pms5003;3628;6.559;3.386;2026-03-16T18:37:57.576274+00:00;P1;22.75
4853;pms5003;3628;6.559;3.386;2026-03-16T18:37:57.576274+00:00;P0;11.00
4853;pms5003;3628;6.559;3.386;2026-03-16T18:43:21.464434+00:00;P2;11.00
4853;pms5003;3628;6.559;3.386;2026-03-16T18:43:21.464434+00:00;P1;12.33
4853;pms5003;3628;6.559;3.386;2026-03-16T18:43:21.464434+00:00;P0;8.00
4854;DHT22;3628;6.559;3.386;2026-03-16T18:43:38.891926+00:00;humidity;80.60
4854;DHT22;3628;6.559;3.386;2026-03-16T18:43:38.891926+00:00;temperature;32.40
4853;pms5003;3628;6.559;3.386;2026-03-16T18:48:56.064726+00:00;P2;21.25
4853;pms5003;3628;6.559;3.386;2026-03-16T18:48:56.064726+00:00;P1;21.25
4853;pms5003;3628;6.559;3.386;2026-03-16T18:48:56.064726+00:00;P0;13.00
4854;DHT22;3628;6.559;3.386;2026-03-16T18:49:13.427674+00:00;humidity;79.70
4854;DHT22;3628;6.559;3.386;2026-03-16T18:49:13.427674+00:00;temperature;32.50
4854;DHT22;3628;6.559;3.386;2026-03-16T18:54:37.209098+00:00;humidity;79.90
4854;DHT22;3628;6.559;3.386;2026-03-16T18:54:37.209098+00:00;temperature;32.30
4854;DHT22;3628;6.559;3.386;2026-03-16T19:00:01.411237+00:00;humidity;80.10
4854;DHT22;3628;6.559;3.386;2026-03-16T19:00:01.411237+00:00;temperature;32.30
4854;DHT22;3628;6.559;3.386;2026-03-16T19:16:01.815958+00:00;humidity;80.60
4854;DHT22;3628;6.559;3.386;2026-03-16T19:16:01.815958+00:00;temperature;32.10
4854;DHT22;3628;6.559;3.386;2026-03-16T19:32:32.939620+00:00;humidity;81.40
4854;DHT22;3628;6.559;3.386;2026-03-16T19:32:32.939620+00:00;temperature;32.20
4853;pms5003;3628;6.559;3.386;2026-03-16T19:43:22.970541+00:00;P2;15.00
4853;pms5003;3628;6.559;3.386;2026-03-16T19:43:22.970541+00:00;P1;15.00
4853;pms5003;3628;6.559;3.386;2026-03-16T19:43:22.970541+00:00;P0;9.60
4853;pms5003;3628;6.559;3.386;2026-03-16T19:48:49.667102+00:00;P2;10.00
4853;pms5003;3628;6.559;3.386;2026-03-16T19:48:49.667102+00:00;P1;14.80
4853;pms5003;3628;6.559;3.386;2026-03-16T19:48:49.667102+00:00;P0;6.00
4853;pms5003;3628;6.559;3.386;2026-03-16T20:05:09.504624+00:00;P2;6.75
4853;pms5003;3628;6.559;3.386;2026-03-16T20:05:09.504624+00:00;P1;9.25
4853;pms5003;3628;6.559;3.386;2026-03-16T20:05:09.504624+00:00;P0;4.00
4854;DHT22;3628;6.559;3.386;2026-03-16T20:05:26.850623+00:00;humidity;84.40
4854;DHT22;3628;6.559;3.386;2026-03-16T20:05:26.850623+00:00;temperature;32.00
4853;pms5003;3628;6.559;3.386;2026-03-16T20:16:21.638363+00:00;P2;10.50
4853;pms5003;3628;6.559;3.386;2026-03-16T20:16:21.638363+00:00;P1;11.50
4853;pms5003;3628;6.559;3.386;2026-03-16T20:16:21.638363+00:00;P0;6.00
4853;pms5003;3628;6.559;3.386;2026-03-16T20:21:56.203683+00:00;P2;8.00
4853;pms5003;3628;6.559;3.386;2026-03-16T20:21:56.203683+00:00;P1;9.50
4853;pms5003;3628;6.559;3.386;2026-03-16T20:21:56.203683+00:00;P0;6.50
4854;DHT22;3628;6.559;3.386;2026-03-16T20:22:16.136465+00:00;humidity;85.40
4854;DHT22;3628;6.559;3.386;2026-03-16T20:22:16.136465+00:00;temperature;31.90
4853;pms5003;3628;6.559;3.386;2026-03-16T20:27:33.514387+00:00;P2;8.40
4853;pms5003;3628;6.559;3.386;2026-03-16T20:27:33.514387+00:00;P1;8.40
4853;pms5003;3628;6.559;3.386;2026-03-16T20:27:33.514387+00:00;P0;5.00
4854;DHT22;3628;6.559;3.386;2026-03-16T20:27:50.804407+00:00;humidity;85.70
4854;DHT22;3628;6.559;3.386;2026-03-16T20:27:50.804407+00:00;temperature;32.00
4853;pms5003;3628;6.559;3.386;2026-03-16T20:33:10.879471+00:00;P2;7.75
4853;pms5003;3628;6.559;3.386;2026-03-16T20:33:10.879471+00:00;P1;8.75
4853;pms5003;3628;6.559;3.386;2026-03-16T20:33:10.879471+00:00;P0;4.50
4854;DHT22;3628;6.559;3.386;2026-03-16T20:55:54.562343+00:00;humidity;83.30
4854;DHT22;3628;6.559;3.386;2026-03-16T20:55:54.562343+00:00;temperature;32.30
4853;pms5003;3628;6.559;3.386;2026-03-16T21:01:12.205534+00:00;P2;7.25
4853;pms5003;3628;6.559;3.386;2026-03-16T21:01:12.205534+00:00;P1;8.25
4853;pms5003;3628;6.559;3.386;2026-03-16T21:01:12.205534+00:00;P0;4.25
4854;DHT22;3628;6.559;3.386;2026-03-16T21:06:56.327857+00:00;humidity;84.60
4854;DHT22;3628;6.559;3.386;2026-03-16T21:06:56.327857+00:00;temperature;32.00
4853;pms5003;3628;6.559;3.386;2026-03-16T21:17:28.865951+00:00;P2;9.75
4853;pms5003;3628;6.559;3.386;2026-03-16T21:17:28.865951+00:00;P1;21.50
4853;pms5003;3628;6.559;3.386;2026-03-16T21:17:28.865951+00:00;P0;7.00
4854;DHT22;3628;6.559;3.386;2026-03-16T21:17:46.496231+00:00;humidity;85.70
4854;DHT22;3628;6.559;3.386;2026-03-16T21:17:46.496231+00:00;temperature;31.90
4853;pms5003;3628;6.559;3.386;2026-03-16T21:23:03.622768+00:00;P2;6.00
4853;pms5003;3628;6.559;3.386;2026-03-16T21:23:03.622768+00:00;P1;6.00
4853;pms5003;3628;6.559;3.386;2026-03-16T21:23:03.622768+00:00;P0;5.00
4853;pms5003;3628;6.559;3.386;2026-03-16T21:28:38.276164+00:00;P2;8.00
4853;pms5003;3628;6.559;3.386;2026-03-16T21:28:38.276164+00:00;P1;10.00
4853;pms5003;3628;6.559;3.386;2026-03-16T21:28:38.276164+00:00;P0;5.00
4854;DHT22;3628;6.559;3.386;2026-03-16T21:28:55.563947+00:00;humidity;85.80
4854;DHT22;3628;6.559;3.386;2026-03-16T21:28:55.563947+00:00;temperature;31.80
4854;DHT22;3628;6.559;3.386;2026-03-16T21:34:19.300404+00:00;humidity;84.90
4854;DHT22;3628;6.559;3.386;2026-03-16T21:34:19.300404+00:00;temperature;31.80
4854;DHT22;3628;6.559;3.386;2026-03-16T21:55:47.078922+00:00;humidity;86.10
4854;DHT22;3628;6.559;3.386;2026-03-16T21:55:47.078922+00:00;temperature;31.70
4853;pms5003;3628;6.559;3.386;2026-03-16T22:01:04.155219+00:00;P2;10.00
4853;pms5003;3628;6.559;3.386;2026-03-16T22:01:04.155219+00:00;P1;11.00
4853;pms5003;3628;6.559;3.386;2026-03-16T22:01:04.155219+00:00;P0;7.00
4853;pms5003;3628;6.559;3.386;2026-03-16T22:06:28.538961+00:00;P2;22.00
4853;pms5003;3628;6.559;3.386;2026-03-16T22:06:28.538961+00:00;P1;28.00
4853;pms5003;3628;6.559;3.386;2026-03-16T22:06:28.538961+00:00;P0;12.67
4854;DHT22;3628;6.559;3.386;2026-03-16T22:06:45.746309+00:00;humidity;86.50
4854;DHT22;3628;6.559;3.386;2026-03-16T22:06:45.746309+00:00;temperature;31.60
4853;pms5003;3628;6.559;3.386;2026-03-16T22:12:02.935097+00:00;P2;30.00
4853;pms5003;3628;6.559;3.386;2026-03-16T22:12:02.935097+00:00;P1;43.40
4853;pms5003;3628;6.559;3.386;2026-03-16T22:12:02.935097+00:00;P0;17.00
4853;pms5003;3628;6.559;3.386;2026-03-16T22:17:27.396571+00:00;P2;24.25
4853;pms5003;3628;6.559;3.386;2026-03-16T22:17:27.396571+00:00;P1;41.50
4853;pms5003;3628;6.559;3.386;2026-03-16T22:17:27.396571+00:00;P0;14.75
4853;pms5003;3628;6.559;3.386;2026-03-16T22:23:01.901419+00:00;P2;18.80
4853;pms5003;3628;6.559;3.386;2026-03-16T22:23:01.901419+00:00;P1;30.20
4853;pms5003;3628;6.559;3.386;2026-03-16T22:23:01.901419+00:00;P0;10.00
4854;DHT22;3628;6.559;3.386;2026-03-16T22:23:19.408094+00:00;humidity;84.00
4854;DHT22;3628;6.559;3.386;2026-03-16T22:23:19.408094+00:00;temperature;31.80
4853;pms5003;3628;6.559;3.386;2026-03-16T22:28:36.835294+00:00;P2;29.60
4853;pms5003;3628;6.559;3.386;2026-03-16T22:28:36.835294+00:00;P1;34.20
4853;pms5003;3628;6.559;3.386;2026-03-16T22:28:36.835294+00:00;P0;18.00
4854;DHT22;3628;6.559;3.386;2026-03-16T22:28:54.067616+00:00;humidity;84.30
4854;DHT22;3628;6.559;3.386;2026-03-16T22:28:54.067616+00:00;temperature;31.70
4853;pms5003;3628;6.559;3.386;2026-03-16T22:34:11.555129+00:00;P2;20.40
4853;pms5003;3628;6.559;3.386;2026-03-16T22:34:11.555129+00:00;P1;29.00
4853;pms5003;3628;6.559;3.386;2026-03-16T22:34:11.555129+00:00;P0;14.00
4854;DHT22;3628;6.559;3.386;2026-03-16T22:34:28.884403+00:00;humidity;84.80
4854;DHT22;3628;6.559;3.386;2026-03-16T22:34:28.884403+00:00;temperature;31.60
4853;pms5003;3628;6.559;3.386;2026-03-16T22:39:46.272155+00:00;P2;31.00
4853;pms5003;3628;6.559;3.386;2026-03-16T22:39:46.272155+00:00;P1;46.00
4853;pms5003;3628;6.559;3.386;2026-03-16T22:39:46.272155+00:00;P0;18.40
4853;pms5003;3628;6.559;3.386;2026-03-16T22:50:46.286032+00:00;P2;24.40
4853;pms5003;3628;6.559;3.386;2026-03-16T22:50:46.286032+00:00;P1;35.80
4853;pms5003;3628;6.559;3.386;2026-03-16T22:50:46.286032+00:00;P0;14.80
4854;DHT22;3628;6.559;3.386;2026-03-16T22:51:03.648640+00:00;humidity;85.90
4854;DHT22;3628;6.559;3.386;2026-03-16T22:51:03.648640+00:00;temperature;31.60
4853;pms5003;3628;6.559;3.386;2026-03-16T22:56:20.835849+00:00;P2;28.00
4853;pms5003;3628;6.559;3.386;2026-03-16T22:56:20.835849+00:00;P1;34.00
4853;pms5003;3628;6.559;3.386;2026-03-16T22:56:20.835849+00:00;P0;15.00
4854;DHT22;3628;6.559;3.386;2026-03-16T22:56:38.193388+00:00;humidity;85.60
4854;DHT22;3628;6.559;3.386;2026-03-16T22:56:38.193388+00:00;temperature;31.60
4854;DHT22;3628;6.559;3.386;2026-03-16T23:02:02.072374+00:00;humidity;85.90
4854;DHT22;3628;6.559;3.386;2026-03-16T23:02:02.072374+00:00;temperature;31.50
4853;pms5003;3628;6.559;3.386;2026-03-16T23:07:19.244517+00:00;P2;34.00
4853;pms5003;3628;6.559;3.386;2026-03-16T23:07:19.244517+00:00;P1;47.00
4853;pms5003;3628;6.559;3.386;2026-03-16T23:07:19.244517+00:00;P0;22.00
4853;pms5003;3628;6.559;3.386;2026-03-16T23:12:43.354368+00:00;P2;30.00
4853;pms5003;3628;6.559;3.386;2026-03-16T23:12:43.354368+00:00;P1;45.50
4853;pms5003;3628;6.559;3.386;2026-03-16T23:12:43.354368+00:00;P0;17.25
4854;DHT22;3628;6.559;3.386;2026-03-16T23:13:00.800137+00:00;humidity;85.60
4854;DHT22;3628;6.559;3.386;2026-03-16T23:13:00.800137+00:00;temperature;31.60
4853;pms5003;3628;6.559;3.386;2026-03-16T23:23:31.891977+00:00;P2;17.60
4853;pms5003;3628;6.559;3.386;2026-03-16T23:23:31.891977+00:00;P1;19.20
4853;pms5003;3628;6.559;3.386;2026-03-16T23:23:31.891977+00:00;P0;9.60
4853;pms5003;3628;6.559;3.386;2026-03-16T23:51:10.986153+00:00;P2;22.75
4853;pms5003;3628;6.559;3.386;2026-03-16T23:51:10.986153+00:00;P1;26.75
4853;pms5003;3628;6.559;3.386;2026-03-16T23:51:10.986153+00:00;P0;16.00
4854;DHT22;3628;6.559;3.386;2026-03-16T23:51:28.355774+00:00;humidity;84.60
4854;DHT22;3628;6.559;3.386;2026-03-16T23:51:28.355774+00:00;temperature;31.50
4853;pms5003;3628;6.559;3.386;2026-03-16T23:56:45.684347+00:00;P2;31.20
4853;pms5003;3628;6.559;3.386;2026-03-16T23:56:45.684347+00:00;P1;35.20
4853;pms5003;3628;6.559;3.386;2026-03-16T23:56:45.684347+00:00;P0;19.00
4854;DHT22;3628;6.559;3.386;2026-03-17T00:02:26.985008+00:00;humidity;84.90
4854;DHT22;3628;6.559;3.386;2026-03-17T00:02:26.985008+00:00;temperature;31.50
4853;pms5003;3628;6.559;3.386;2026-03-17T00:07:44.195493+00:00;P2;30.00
4853;pms5003;3628;6.559;3.386;2026-03-17T00:07:44.195493+00:00;P1;39.67
4853;pms5003;3628;6.559;3.386;2026-03-17T00:07:44.195493+00:00;P0;19.00
4854;DHT22;3628;6.559;3.386;2026-03-17T00:08:01.578673+00:00;humidity;85.10
4854;DHT22;3628;6.559;3.386;2026-03-17T00:08:01.578673+00:00;temperature;31.40
4853;pms5003;3628;6.559;3.386;2026-03-17T00:13:18.795546+00:00;P2;15.50
4853;pms5003;3628;6.559;3.386;2026-03-17T00:13:18.795546+00:00;P1;31.00
4853;pms5003;3628;6.559;3.386;2026-03-17T00:13:18.795546+00:00;P0;10.00
4854;DHT22;3628;6.559;3.386;2026-03-17T00:13:36.125339+00:00;humidity;85.00
4854;DHT22;3628;6.559;3.386;2026-03-17T00:13:36.125339+00:00;temperature;31.40
4853;pms5003;3628;6.559;3.386;2026-03-17T00:18:53.359201+00:00;P2;11.00
4853;pms5003;3628;6.559;3.386;2026-03-17T00:18:53.359201+00:00;P1;11.00
4853;pms5003;3628;6.559;3.386;2026-03-17T00:18:53.359201+00:00;P0;7.80
4854;DHT22;3628;6.559;3.386;2026-03-17T00:19:10.758590+00:00;humidity;84.80
4854;DHT22;3628;6.559;3.386;2026-03-17T00:19:10.758590+00:00;temperature;31.30
4853;pms5003;3628;6.559;3.386;2026-03-17T00:24:27.926772+00:00;P2;17.20
4853;pms5003;3628;6.559;3.386;2026-03-17T00:24:27.926772+00:00;P1;30.00
4853;pms5003;3628;6.559;3.386;2026-03-17T00:24:27.926772+00:00;P0;10.20
4853;pms5003;3628;6.559;3.386;2026-03-17T05:56:18.004146+00:00;P2;27.00
4853;pms5003;3628;6.559;3.386;2026-03-17T05:56:18.004146+00:00;P1;32.20
4853;pms5003;3628;6.559;3.386;2026-03-17T05:56:18.004146+00:00;P0;19.00
4854;DHT22;3628;6.559;3.386;2026-03-17T05:56:35.335657+00:00;humidity;100.00
4854;DHT22;3628;6.559;3.386;2026-03-17T05:56:35.335657+00:00;temperature;30.40
4854;DHT22;3628;6.559;3.386;2026-03-17T06:01:59.060647+00:00;humidity;97.70
4854;DHT22;3628;6.559;3.386;2026-03-17T06:01:59.060647+00:00;temperature;31.20
4853;pms5003;3628;6.559;3.386;2026-03-17T09:44:44.892801+00:00;P2;13.00
4853;pms5003;3628;6.559;3.386;2026-03-17T09:44:44.892801+00:00;P1;15.00
4853;pms5003;3628;6.559;3.386;2026-03-17T09:44:44.892801+00:00;P0;7.00
4854;DHT22;3628;6.559;3.386;2026-03-17T10:16:06.000181+00:00;humidity;61.50
4854;DHT22;3628;6.559;3.386;2026-03-17T10:16:06.000181+00:00;temperature;37.90
4853;pms5003;3628;6.559;3.386;2026-03-17T10:29:27.835663+00:00;P2;10.00
4853;pms5003;3628;6.559;3.386;2026-03-17T10:29:27.835663+00:00;P1;13.00
4853;pms5003;3628;6.559;3.386;2026-03-17T10:29:27.835663+00:00;P0;7.00
4854;DHT22;3628;6.559;3.386;2026-03-17T10:29:45.212904+00:00;humidity;64.80
4854;DHT22;3628;6.559;3.386;2026-03-17T10:29:45.212904+00:00;temperature;36.20
4854;DHT22;3628;6.559;3.386;2026-03-17T10:40:44.454201+00:00;humidity;62.50
4854;DHT22;3628;6.559;3.386;2026-03-17T10:40:44.454201+00:00;temperature;37.80
4854;DHT22;3628;6.559;3.386;2026-03-17T10:46:08.658793+00:00;humidity;59.30
4854;DHT22;3628;6.559;3.386;2026-03-17T10:46:08.658793+00:00;temperature;38.60
4854;DHT22;3628;6.559;3.386;2026-03-17T11:02:23.928201+00:00;humidity;61.40
4854;DHT22;3628;6.559;3.386;2026-03-17T11:02:23.928201+00:00;temperature;38.30
4854;DHT22;3628;6.559;3.386;2026-03-17T11:23:31.233571+00:00;humidity;58.70
4854;DHT22;3628;6.559;3.386;2026-03-17T11:23:31.233571+00:00;temperature;39.00
4853;pms5003;3628;6.559;3.386;2026-03-17T11:37:11.484054+00:00;P2;12.00
4853;pms5003;3628;6.559;3.386;2026-03-17T11:37:11.484054+00:00;P1;12.00
4853;pms5003;3628;6.559;3.386;2026-03-17T11:37:11.484054+00:00;P0;8.00
4854;DHT22;3628;6.559;3.386;2026-03-17T11:37:28.815670+00:00;humidity;63.30
4854;DHT22;3628;6.559;3.386;2026-03-17T11:37:28.815670+00:00;temperature;37.00
4854;DHT22;3628;6.559;3.386;2026-03-17T11:42:55.644202+00:00;humidity;64.70
4854;DHT22;3628;6.559;3.386;2026-03-17T11:42:55.644202+00:00;temperature;36.60
4853;pms5003;3628;6.559;3.386;2026-03-17T11:48:12.870289+00:00;P2;13.00
4853;pms5003;3628;6.559;3.386;2026-03-17T11:48:12.870289+00:00;P1;13.00
4853;pms5003;3628;6.559;3.386;2026-03-17T11:48:12.870289+00:00;P0;9.00
4854;DHT22;3628;6.559;3.386;2026-03-17T11:48:30.231508+00:00;humidity;63.60
4854;DHT22;3628;6.559;3.386;2026-03-17T11:48:30.231508+00:00;temperature;37.60
4854;DHT22;3628;6.559;3.386;2026-03-17T11:53:54.410288+00:00;humidity;62.00
4854;DHT22;3628;6.559;3.386;2026-03-17T11:53:54.410288+00:00;temperature;37.80
4853;pms5003;3628;6.559;3.386;2026-03-17T11:59:11.593663+00:00;P2;13.25
4853;pms5003;3628;6.559;3.386;2026-03-17T11:59:11.593663+00:00;P1;14.50
4853;pms5003;3628;6.559;3.386;2026-03-17T11:59:11.593663+00:00;P0;10.00
4853;pms5003;3628;6.559;3.386;2026-03-17T12:04:35.533572+00:00;P2;14.00
4853;pms5003;3628;6.559;3.386;2026-03-17T12:04:35.533572+00:00;P1;15.25
4853;pms5003;3628;6.559;3.386;2026-03-17T12:04:35.533572+00:00;P0;9.00
4854;DHT22;3628;6.559;3.386;2026-03-17T12:04:52.853129+00:00;humidity;64.90
4854;DHT22;3628;6.559;3.386;2026-03-17T12:04:52.853129+00:00;temperature;37.80
4854;DHT22;3628;6.559;3.386;2026-03-17T12:10:27.430608+00:00;humidity;63.50
4854;DHT22;3628;6.559;3.386;2026-03-17T12:10:27.430608+00:00;temperature;38.20
4853;pms5003;3628;6.559;3.386;2026-03-17T12:15:44.629034+00:00;P2;14.00
4853;pms5003;3628;6.559;3.386;2026-03-17T12:15:44.629034+00:00;P1;23.00
4853;pms5003;3628;6.559;3.386;2026-03-17T12:15:44.629034+00:00;P0;8.00
4853;pms5003;3628;6.559;3.386;2026-03-17T12:26:53.260384+00:00;P2;13.80
4853;pms5003;3628;6.559;3.386;2026-03-17T12:26:53.260384+00:00;P1;21.80
4853;pms5003;3628;6.559;3.386;2026-03-17T12:26:53.260384+00:00;P0;9.40
4854;DHT22;3628;6.559;3.386;2026-03-17T12:32:34.833769+00:00;humidity;62.90
4854;DHT22;3628;6.559;3.386;2026-03-17T12:32:34.833769+00:00;temperature;37.90
4853;pms5003;3628;6.559;3.386;2026-03-17T12:37:52.134297+00:00;P2;10.20
4853;pms5003;3628;6.559;3.386;2026-03-17T12:37:52.134297+00:00;P1;15.00
4853;pms5003;3628;6.559;3.386;2026-03-17T12:37:52.134297+00:00;P0;7.20
4854;DHT22;3628;6.559;3.386;2026-03-17T12:38:12.373812+00:00;humidity;61.90
4854;DHT22;3628;6.559;3.386;2026-03-17T12:38:12.373812+00:00;temperature;38.30
4853;pms5003;3628;6.559;3.386;2026-03-17T12:43:29.542649+00:00;P2;13.00
4853;pms5003;3628;6.559;3.386;2026-03-17T12:43:29.542649+00:00;P1;26.50
4853;pms5003;3628;6.559;3.386;2026-03-17T12:43:29.542649+00:00;P0;8.00
4854;DHT22;3628;6.559;3.386;2026-03-17T12:43:46.908830+00:00;humidity;59.80
4854;DHT22;3628;6.559;3.386;2026-03-17T12:43:46.908830+00:00;temperature;38.90
4853;pms5003;3628;6.559;3.386;2026-03-17T12:49:04.082696+00:00;P2;12.60
4853;pms5003;3628;6.559;3.386;2026-03-17T12:49:04.082696+00:00;P1;24.00
4853;pms5003;3628;6.559;3.386;2026-03-17T12:49:04.082696+00:00;P0;7.80
4853;pms5003;3628;6.559;3.386;2026-03-17T12:54:38.616206+00:00;P2;14.75
4853;pms5003;3628;6.559;3.386;2026-03-17T12:54:38.616206+00:00;P1;30.50
4853;pms5003;3628;6.559;3.386;2026-03-17T12:54:38.616206+00:00;P0;10.00
4854;DHT22;3628;6.559;3.386;2026-03-17T12:54:55.980317+00:00;humidity;59.30
4854;DHT22;3628;6.559;3.386;2026-03-17T12:54:55.980317+00:00;temperature;39.40
4853;pms5003;3628;6.559;3.386;2026-03-17T13:00:13.139297+00:00;P2;13.00
4853;pms5003;3628;6.559;3.386;2026-03-17T13:00:13.139297+00:00;P1;16.60
4853;pms5003;3628;6.559;3.386;2026-03-17T13:00:13.139297+00:00;P0;9.00
4853;pms5003;3628;6.559;3.386;2026-03-17T13:05:36.932887+00:00;P2;15.00
4853;pms5003;3628;6.559;3.386;2026-03-17T13:05:36.932887+00:00;P1;18.00
4853;pms5003;3628;6.559;3.386;2026-03-17T13:05:36.932887+00:00;P0;11.00
4853;pms5003;3628;6.559;3.386;2026-03-17T13:11:00.692758+00:00;P2;17.50
4853;pms5003;3628;6.559;3.386;2026-03-17T13:11:00.692758+00:00;P1;21.75
4853;pms5003;3628;6.559;3.386;2026-03-17T13:11:00.692758+00:00;P0;11.25
4854;DHT22;3628;6.559;3.386;2026-03-17T13:11:18.132053+00:00;humidity;56.10
4854;DHT22;3628;6.559;3.386;2026-03-17T13:11:18.132053+00:00;temperature;40.00
4853;pms5003;3628;6.559;3.386;2026-03-17T13:16:35.398550+00:00;P2;15.00
4853;pms5003;3628;6.559;3.386;2026-03-17T13:16:35.398550+00:00;P1;18.75
4853;pms5003;3628;6.559;3.386;2026-03-17T13:16:35.398550+00:00;P0;9.00
4854;DHT22;3628;6.559;3.386;2026-03-17T13:22:16.648713+00:00;humidity;56.70
4854;DHT22;3628;6.559;3.386;2026-03-17T13:22:16.648713+00:00;temperature;40.00
4854;DHT22;3628;6.559;3.386;2026-03-17T13:27:51.647467+00:00;humidity;56.10
4854;DHT22;3628;6.559;3.386;2026-03-17T13:27:51.647467+00:00;temperature;39.90
4853;pms5003;3628;6.559;3.386;2026-03-17T13:33:08.826438+00:00;P2;12.00
4853;pms5003;3628;6.559;3.386;2026-03-17T13:33:08.826438+00:00;P1;13.00
4853;pms5003;3628;6.559;3.386;2026-03-17T13:33:08.826438+00:00;P0;9.00
4853;pms5003;3628;6.559;3.386;2026-03-17T13:38:33.137895+00:00;P2;13.50
4853;pms5003;3628;6.559;3.386;2026-03-17T13:38:33.137895+00:00;P1;14.00
4853;pms5003;3628;6.559;3.386;2026-03-17T13:38:33.137895+00:00;P0;8.50
4854;DHT22;3628;6.559;3.386;2026-03-17T13:38:50.527259+00:00;humidity;58.60
4854;DHT22;3628;6.559;3.386;2026-03-17T13:38:50.527259+00:00;temperature;38.30
4853;pms5003;3628;6.559;3.386;2026-03-17T13:49:49.024145+00:00;humidity;61.00
4853;pms5003;3628;6.559;3.386;2026-03-17T13:49:49.024145+00:00;temperature;37.60
4853;pms5003;3628;6.559;3.386;2026-03-17T13:55:06.304489+00:00;P2;13.25
4853;pms5003;3628;6.559;3.386;2026-03-17T13:55:06.304489+00:00;P1;14.50
4853;pms5003;3628;6.559;3.386;2026-03-17T13:55:06.304489+00:00;P0;9.25
4853;pms5003;3628;6.559;3.386;2026-03-17T14:00:30.034469+00:00;P2;12.60
4853;pms5003;3628;6.559;3.386;2026-03-17T14:00:30.034469+00:00;P1;15.60
4853;pms5003;3628;6.559;3.386;2026-03-17T14:00:30.034469+00:00;P0;7.60
4853;pms5003;3628;6.559;3.386;2026-03-17T14:05:54.091564+00:00;P2;11.20
4853;pms5003;3628;6.559;3.386;2026-03-17T14:05:54.091564+00:00;P1;16.00
4853;pms5003;3628;6.559;3.386;2026-03-17T14:05:54.091564+00:00;P0;8.60
4854;DHT22;3628;6.559;3.386;2026-03-17T14:06:11.531348+00:00;humidity;59.00
4854;DHT22;3628;6.559;3.386;2026-03-17T14:06:11.531348+00:00;temperature;39.00
4854;DHT22;3628;6.559;3.386;2026-03-17T14:11:35.687579+00:00;humidity;58.40
4854;DHT22;3628;6.559;3.386;2026-03-17T14:11:35.687579+00:00;temperature;39.30
4853;pms5003;3628;6.559;3.386;2026-03-17T14:16:55.896514+00:00;P2;10.75
4853;pms5003;3628;6.559;3.386;2026-03-17T14:16:55.896514+00:00;P1;10.75
4853;pms5003;3628;6.559;3.386;2026-03-17T14:16:55.896514+00:00;P0;7.25
4853;pms5003;3628;6.559;3.386;2026-03-17T14:22:20.121312+00:00;P2;12.75
4853;pms5003;3628;6.559;3.386;2026-03-17T14:22:20.121312+00:00;P1;13.50
4853;pms5003;3628;6.559;3.386;2026-03-17T14:22:20.121312+00:00;P0;9.00
4854;DHT22;3628;6.559;3.386;2026-03-17T14:22:37.488189+00:00;humidity;58.50
4854;DHT22;3628;6.559;3.386;2026-03-17T14:22:37.488189+00:00;temperature;39.00
4853;pms5003;3628;6.559;3.386;2026-03-17T14:33:09.479541+00:00;P2;12.00
4853;pms5003;3628;6.559;3.386;2026-03-17T14:33:09.479541+00:00;P1;13.00
4853;pms5003;3628;6.559;3.386;2026-03-17T14:33:09.479541+00:00;P0;7.60
4854;DHT22;3628;6.559;3.386;2026-03-17T14:33:26.952417+00:00;humidity;62.10
4854;DHT22;3628;6.559;3.386;2026-03-17T14:33:26.952417+00:00;temperature;37.80
4853;pms5003;3628;6.559;3.386;2026-03-17T14:38:48.126870+00:00;P2;11.00
4853;pms5003;3628;6.559;3.386;2026-03-17T14:38:48.126870+00:00;P1;23.25
4853;pms5003;3628;6.559;3.386;2026-03-17T14:38:48.126870+00:00;P0;8.00
4854;DHT22;3628;6.559;3.386;2026-03-17T14:39:05.464055+00:00;humidity;61.50
4854;DHT22;3628;6.559;3.386;2026-03-17T14:39:05.464055+00:00;temperature;38.10
4853;pms5003;3628;6.559;3.386;2026-03-17T14:44:22.717008+00:00;P2;11.50
4853;pms5003;3628;6.559;3.386;2026-03-17T14:44:22.717008+00:00;P1;11.50
4853;pms5003;3628;6.559;3.386;2026-03-17T14:44:22.717008+00:00;P0;7.25
4854;DHT22;3628;6.559;3.386;2026-03-17T14:44:40.070413+00:00;humidity;60.40
4854;DHT22;3628;6.559;3.386;2026-03-17T14:44:40.070413+00:00;temperature;38.50
4853;pms5003;3628;6.559;3.386;2026-03-17T14:49:57.294849+00:00;P2;22.00
4853;pms5003;3628;6.559;3.386;2026-03-17T14:49:57.294849+00:00;P1;27.50
4853;pms5003;3628;6.559;3.386;2026-03-17T14:49:57.294849+00:00;P0;12.00
4854;DHT22;3628;6.559;3.386;2026-03-17T14:50:14.624209+00:00;humidity;58.70
4854;DHT22;3628;6.559;3.386;2026-03-17T14:50:14.624209+00:00;temperature;39.20
4854;DHT22;3628;6.559;3.386;2026-03-17T15:01:08.351611+00:00;humidity;64.10
4854;DHT22;3628;6.559;3.386;2026-03-17T15:01:08.351611+00:00;temperature;36.90
4853;pms5003;3628;6.559;3.386;2026-03-17T15:06:25.529872+00:00;P2;19.50
4853;pms5003;3628;6.559;3.386;2026-03-17T15:06:25.529872+00:00;P1;23.25
4853;pms5003;3628;6.559;3.386;2026-03-17T15:06:25.529872+00:00;P0;11.75
4854;DHT22;3628;6.559;3.386;2026-03-17T15:06:42.855597+00:00;humidity;64.10
4854;DHT22;3628;6.559;3.386;2026-03-17T15:06:42.855597+00:00;temperature;36.40
4853;pms5003;3628;6.559;3.386;2026-03-17T15:12:00.071812+00:00;P2;16.00
4853;pms5003;3628;6.559;3.386;2026-03-17T15:12:00.071812+00:00;P1;18.00
4853;pms5003;3628;6.559;3.386;2026-03-17T15:12:00.071812+00:00;P0;10.60
4854;DHT22;3628;6.559;3.386;2026-03-17T15:12:17.372739+00:00;humidity;65.60
4854;DHT22;3628;6.559;3.386;2026-03-17T15:12:17.372739+00:00;temperature;35.90
4853;pms5003;3628;6.559;3.386;2026-03-17T15:17:34.568671+00:00;P2;16.00
4853;pms5003;3628;6.559;3.386;2026-03-17T15:17:34.568671+00:00;P1;17.50
4853;pms5003;3628;6.559;3.386;2026-03-17T15:17:34.568671+00:00;P0;9.00
4854;DHT22;3628;6.559;3.386;2026-03-17T15:23:05.960223+00:00;humidity;66.60
4854;DHT22;3628;6.559;3.386;2026-03-17T15:23:05.960223+00:00;temperature;35.80
4853;pms5003;3628;6.559;3.386;2026-03-17T15:28:23.126691+00:00;P2;19.25
4853;pms5003;3628;6.559;3.386;2026-03-17T15:28:23.126691+00:00;P1;30.50
4853;pms5003;3628;6.559;3.386;2026-03-17T15:28:23.126691+00:00;P0;14.00
4853;pms5003;3628;6.559;3.386;2026-03-17T15:34:06.453917+00:00;P2;21.75
4853;pms5003;3628;6.559;3.386;2026-03-17T15:34:06.453917+00:00;P1;25.75
4853;pms5003;3628;6.559;3.386;2026-03-17T15:34:06.453917+00:00;P0;13.25
4853;pms5003;3628;6.559;3.386;2026-03-17T15:39:11.548316+00:00;P2;12.75
4853;pms5003;3628;6.559;3.386;2026-03-17T15:39:11.548316+00:00;P1;24.00
4853;pms5003;3628;6.559;3.386;2026-03-17T15:39:11.548316+00:00;P0;9.00
4854;DHT22;3628;6.559;3.386;2026-03-17T15:50:06.458375+00:00;humidity;66.70
4854;DHT22;3628;6.559;3.386;2026-03-17T15:50:06.458375+00:00;temperature;35.30
4853;pms5003;3628;6.559;3.386;2026-03-17T15:55:43.247857+00:00;P2;18.00
4853;pms5003;3628;6.559;3.386;2026-03-17T15:55:43.247857+00:00;P1;27.00
4853;pms5003;3628;6.559;3.386;2026-03-17T15:55:43.247857+00:00;P0;11.50
4853;pms5003;3628;6.559;3.386;2026-03-17T16:06:01.583045+00:00;P2;17.20
4853;pms5003;3628;6.559;3.386;2026-03-17T16:06:01.583045+00:00;P1;19.00
4853;pms5003;3628;6.559;3.386;2026-03-17T16:06:01.583045+00:00;P0;11.00
4854;DHT22;3628;6.559;3.386;2026-03-17T16:06:19.101725+00:00;humidity;67.30
4854;DHT22;3628;6.559;3.386;2026-03-17T16:06:19.101725+00:00;temperature;35.10
4853;pms5003;3628;6.559;3.386;2026-03-17T16:11:36.268691+00:00;P2;18.40
4853;pms5003;3628;6.559;3.386;2026-03-17T16:11:36.268691+00:00;P1;21.00
4853;pms5003;3628;6.559;3.386;2026-03-17T16:11:36.268691+00:00;P0;11.80
4854;DHT22;3628;6.559;3.386;2026-03-17T16:11:53.918378+00:00;humidity;67.60
4854;DHT22;3628;6.559;3.386;2026-03-17T16:11:53.918378+00:00;temperature;34.90
4853;pms5003;3628;6.559;3.386;2026-03-17T16:17:10.855385+00:00;P2;15.60
4853;pms5003;3628;6.559;3.386;2026-03-17T16:17:10.855385+00:00;P1;19.40
4853;pms5003;3628;6.559;3.386;2026-03-17T16:17:10.855385+00:00;P0;8.60
4854;DHT22;3628;6.559;3.386;2026-03-17T16:22:52.566048+00:00;humidity;68.50
4854;DHT22;3628;6.559;3.386;2026-03-17T16:22:52.566048+00:00;temperature;34.70
4853;pms5003;3628;6.559;3.386;2026-03-17T16:33:36.612948+00:00;P2;16.67
4853;pms5003;3628;6.559;3.386;2026-03-17T16:33:36.612948+00:00;P1;20.67
4853;pms5003;3628;6.559;3.386;2026-03-17T16:33:36.612948+00:00;P0;10.67
4854;DHT22;3628;6.559;3.386;2026-03-17T16:33:54.057626+00:00;humidity;68.30
4854;DHT22;3628;6.559;3.386;2026-03-17T16:33:54.057626+00:00;temperature;34.80
4853;pms5003;3628;6.559;3.386;2026-03-17T16:39:14.127294+00:00;P2;18.00
4853;pms5003;3628;6.559;3.386;2026-03-17T16:39:14.127294+00:00;P1;21.00
4853;pms5003;3628;6.559;3.386;2026-03-17T16:39:14.127294+00:00;P0;12.00
4853;pms5003;3628;6.559;3.386;2026-03-17T16:44:48.660077+00:00;P2;22.75
4853;pms5003;3628;6.559;3.386;2026-03-17T16:44:48.660077+00:00;P1;36.75
4853;pms5003;3628;6.559;3.386;2026-03-17T16:44:48.660077+00:00;P0;13.75
4854;DHT22;3628;6.559;3.386;2026-03-17T16:45:05.996180+00:00;humidity;69.50
4854;DHT22;3628;6.559;3.386;2026-03-17T16:45:05.996180+00:00;temperature;34.50
4853;pms5003;3628;6.559;3.386;2026-03-17T16:50:23.199313+00:00;P2;27.25
4853;pms5003;3628;6.559;3.386;2026-03-17T16:50:23.199313+00:00;P1;31.50
4853;pms5003;3628;6.559;3.386;2026-03-17T16:50:23.199313+00:00;P0;16.25
4854;DHT22;3628;6.559;3.386;2026-03-17T16:56:18.020004+00:00;humidity;68.40
4854;DHT22;3628;6.559;3.386;2026-03-17T16:56:18.020004+00:00;temperature;34.70
4853;pms5003;3628;6.559;3.386;2026-03-17T17:01:35.221568+00:00;P2;26.50
4853;pms5003;3628;6.559;3.386;2026-03-17T17:01:35.221568+00:00;P1;33.25
4853;pms5003;3628;6.559;3.386;2026-03-17T17:01:35.221568+00:00;P0;16.75
4854;DHT22;3628;6.559;3.386;2026-03-17T17:01:52.708826+00:00;humidity;67.70
4854;DHT22;3628;6.559;3.386;2026-03-17T17:01:52.708826+00:00;temperature;34.60
4853;pms5003;3628;6.559;3.386;2026-03-17T17:07:09.881000+00:00;P2;17.50
4853;pms5003;3628;6.559;3.386;2026-03-17T17:07:09.881000+00:00;P1;18.50
4853;pms5003;3628;6.559;3.386;2026-03-17T17:07:09.881000+00:00;P0;11.00
4854;DHT22;3628;6.559;3.386;2026-03-17T17:07:27.242413+00:00;humidity;69.00
4854;DHT22;3628;6.559;3.386;2026-03-17T17:07:27.242413+00:00;temperature;34.10
4854;DHT22;3628;6.559;3.386;2026-03-17T17:12:50.986548+00:00;humidity;71.10
4854;DHT22;3628;6.559;3.386;2026-03-17T17:12:50.986548+00:00;temperature;33.80
4853;pms5003;3628;6.559;3.386;2026-03-17T17:18:08.202082+00:00;P2;23.00
4853;pms5003;3628;6.559;3.386;2026-03-17T17:18:08.202082+00:00;P1;36.25
4853;pms5003;3628;6.559;3.386;2026-03-17T17:18:08.202082+00:00;P0;13.50
4854;DHT22;3628;6.559;3.386;2026-03-17T17:18:25.631482+00:00;humidity;71.60
4854;DHT22;3628;6.559;3.386;2026-03-17T17:18:25.631482+00:00;temperature;33.90
4854;DHT22;3628;6.559;3.386;2026-03-17T17:23:52.480788+00:00;humidity;72.20
4854;DHT22;3628;6.559;3.386;2026-03-17T17:23:52.480788+00:00;temperature;33.80
4853;pms5003;3628;6.559;3.386;2026-03-17T17:29:09.712637+00:00;P2;18.00
4853;pms5003;3628;6.559;3.386;2026-03-17T17:29:09.712637+00:00;P1;26.00
4853;pms5003;3628;6.559;3.386;2026-03-17T17:29:09.712637+00:00;P0;11.00
4854;DHT22;3628;6.559;3.386;2026-03-17T17:29:27.106214+00:00;humidity;73.70
4854;DHT22;3628;6.559;3.386;2026-03-17T17:29:27.106214+00:00;temperature;33.50
4853;pms5003;3628;6.559;3.386;2026-03-17T17:34:44.443994+00:00;P2;29.20
4853;pms5003;3628;6.559;3.386;2026-03-17T17:34:44.443994+00:00;P1;32.20
4853;pms5003;3628;6.559;3.386;2026-03-17T17:34:44.443994+00:00;P0;17.80
4854;DHT22;3628;6.559;3.386;2026-03-17T17:35:01.905522+00:00;humidity;73.80
4854;DHT22;3628;6.559;3.386;2026-03-17T17:35:01.905522+00:00;temperature;33.50
4853;pms5003;3628;6.559;3.386;2026-03-17T17:40:21.920647+00:00;P2;21.00
4853;pms5003;3628;6.559;3.386;2026-03-17T17:40:21.920647+00:00;P1;23.00
4853;pms5003;3628;6.559;3.386;2026-03-17T17:40:21.920647+00:00;P0;14.50
4854;DHT22;3628;6.559;3.386;2026-03-17T17:40:39.289835+00:00;humidity;74.00
4854;DHT22;3628;6.559;3.386;2026-03-17T17:40:39.289835+00:00;temperature;33.20
4853;pms5003;3628;6.559;3.386;2026-03-17T17:51:12.614423+00:00;P2;14.00
4853;pms5003;3628;6.559;3.386;2026-03-17T17:51:12.614423+00:00;P1;15.60
4853;pms5003;3628;6.559;3.386;2026-03-17T17:51:12.614423+00:00;P0;10.00
4854;DHT22;3628;6.559;3.386;2026-03-17T17:51:29.988855+00:00;humidity;76.10
4854;DHT22;3628;6.559;3.386;2026-03-17T17:51:29.988855+00:00;temperature;32.90
4853;pms5003;3628;6.559;3.386;2026-03-17T18:02:00.718940+00:00;P2;25.00
4853;pms5003;3628;6.559;3.386;2026-03-17T18:02:00.718940+00:00;P1;35.75
4853;pms5003;3628;6.559;3.386;2026-03-17T18:02:00.718940+00:00;P0;14.00
4854;DHT22;3628;6.559;3.386;2026-03-17T18:02:18.074912+00:00;humidity;77.50
4854;DHT22;3628;6.559;3.386;2026-03-17T18:02:18.074912+00:00;temperature;32.60
4853;pms5003;3628;6.559;3.386;2026-03-17T18:07:35.230351+00:00;P2;24.75
4853;pms5003;3628;6.559;3.386;2026-03-17T18:07:35.230351+00:00;P1;34.75
4853;pms5003;3628;6.559;3.386;2026-03-17T18:07:35.230351+00:00;P0;15.00
4853;pms5003;3628;6.559;3.386;2026-03-17T18:12:59.478442+00:00;P2;30.75
4853;pms5003;3628;6.559;3.386;2026-03-17T18:12:59.478442+00:00;P1;35.00
4853;pms5003;3628;6.559;3.386;2026-03-17T18:12:59.478442+00:00;P0;17.50
4854;DHT22;3628;6.559;3.386;2026-03-17T18:13:16.858395+00:00;humidity;79.10
4854;DHT22;3628;6.559;3.386;2026-03-17T18:13:16.858395+00:00;temperature;32.50
4853;pms5003;3628;6.559;3.386;2026-03-17T18:18:34.144561+00:00;P2;18.25
4853;pms5003;3628;6.559;3.386;2026-03-17T18:18:34.144561+00:00;P1;32.00
4853;pms5003;3628;6.559;3.386;2026-03-17T18:18:34.144561+00:00;P0;12.00
4853;pms5003;3628;6.559;3.386;2026-03-17T18:24:00.692534+00:00;P2;23.00
4853;pms5003;3628;6.559;3.386;2026-03-17T18:24:00.692534+00:00;P1;26.00
4853;pms5003;3628;6.559;3.386;2026-03-17T18:24:00.692534+00:00;P0;15.00
4854;DHT22;3628;6.559;3.386;2026-03-17T18:24:18.066456+00:00;humidity;80.10
4854;DHT22;3628;6.559;3.386;2026-03-17T18:24:18.066456+00:00;temperature;32.40
4853;pms5003;3628;6.559;3.386;2026-03-17T18:34:48.285969+00:00;P2;16.00
4853;pms5003;3628;6.559;3.386;2026-03-17T18:34:48.285969+00:00;P1;17.25
4853;pms5003;3628;6.559;3.386;2026-03-17T18:34:48.285969+00:00;P0;10.00
4854;DHT22;3628;6.559;3.386;2026-03-17T18:35:05.703858+00:00;humidity;81.00
4854;DHT22;3628;6.559;3.386;2026-03-17T18:35:05.703858+00:00;temperature;32.30
4853;pms5003;3628;6.559;3.386;2026-03-17T18:40:44.826720+00:00;P2;14.75
4853;pms5003;3628;6.559;3.386;2026-03-17T18:40:44.826720+00:00;P1;29.75
4853;pms5003;3628;6.559;3.386;2026-03-17T18:40:44.826720+00:00;P0;8.75
4853;pms5003;3628;6.559;3.386;2026-03-17T18:45:47.165134+00:00;P2;12.25
4853;pms5003;3628;6.559;3.386;2026-03-17T18:45:47.165134+00:00;P1;12.25
4853;pms5003;3628;6.559;3.386;2026-03-17T18:45:47.165134+00:00;P0;8.25
4853;pms5003;3628;6.559;3.386;2026-03-17T18:56:27.217790+00:00;P2;12.00
4853;pms5003;3628;6.559;3.386;2026-03-17T18:56:27.217790+00:00;P1;12.25
4853;pms5003;3628;6.559;3.386;2026-03-17T18:56:27.217790+00:00;P0;9.25
4853;pms5003;3628;6.559;3.386;2026-03-17T19:02:02.016291+00:00;P2;17.75
4853;pms5003;3628;6.559;3.386;2026-03-17T19:02:02.016291+00:00;P1;29.25
4853;pms5003;3628;6.559;3.386;2026-03-17T19:02:02.016291+00:00;P0;11>00
4854;DHT22;3628;6.559;3.386;2026-03-17T19:02:19.525269+00:00;humidity;81.40
4854;DHT22;3628;6.559;3.386;2026-03-17T19:02:19.525269+00:00;temperature;32.10
4853;pms5003;3628;6.559;3.386;2026-03-17T19:08:44.551312+00:00;P2;21.00
4853;pms5003;3628;6.559;3.386;2026-03-17T19:08:44.551312+00:00;P1;26.50
4853;pms5003;3628;6.559;3.386;2026-03-17T19:08:44.551312+00:00;P0;14.00
4853;pms5003;3628;6.559;3.386;2026-03-17T19:13:00.959660+00:00;P2;22.00
4853;pms5003;3628;6.559;3.386;2026-03-17T19:13:00.959660+00:00;P1;27.00
4853;pms5003;3628;6.559;3.386;2026-03-17T19:13:00.959660+00:00;P0;15.00
4854;DHT22;3628;6.559;3.386;2026-03-17T19:13:18.297717+00:00;humidity;82.30
4854;DHT22;3628;6.559;3.386;2026-03-17T19:13:18.297717+00:00;temperature;32.10
4854;DHT22;3628;6.559;3.386;2026-03-17T19:18:42.356317+00:00;humidity;82.80
4854;DHT22;3628;6.559;3.386;2026-03-17T19:18:42.356317+00:00;temperature;31.90
4853;pms5003;3628;6.559;3.386;2026-03-17T19:23:59.742561+00:00;P2;27.00
4853;pms5003;3628;6.559;3.386;2026-03-17T19:23:59.742561+00:00;P1;39.80
4853;pms5003;3628;6.559;3.386;2026-03-17T19:23:59.742561+00:00;P0;16.40
4854;DHT22;3628;6.559;3.386;2026-03-17T19:24:17.165687+00:00;humidity;83.20
4854;DHT22;3628;6.559;3.386;2026-03-17T19:24:17.165687+00:00;temperature;31.90
4853;pms5003;3628;6.559;3.386;2026-03-17T19:34:48.076860+00:00;P2;21.80
4853;pms5003;3628;6.559;3.386;2026-03-17T19:34:48.076860+00:00;P1;32.00
4853;pms5003;3628;6.559;3.386;2026-03-17T19:34:48.076860+00:00;P0;13.80
4854;DHT22;3628;6.559;3.386;2026-03-17T19:45:41.709860+00:00;humidity;84.10
4854;DHT22;3628;6.559;3.386;2026-03-17T19:45:41.709860+00:00;temperature;31.80
4853;pms5003;3628;6.559;3.386;2026-03-17T19:50:59.190580+00:00;P2;14.20
4853;pms5003;3628;6.559;3.386;2026-03-17T19:50:59.190580+00:00;P1;14.20
4853;pms5003;3628;6.559;3.386;2026-03-17T19:50:59.190580+00:00;P0;10.20
4853;pms5003;3628;6.559;3.386;2026-03-17T20:02:14.204289+00:00;P2;29.50
4853;pms5003;3628;6.559;3.386;2026-03-17T20:02:14.204289+00:00;P1;35.00
4853;pms5003;3628;6.559;3.386;2026-03-17T20:02:14.204289+00:00;P0;19.00
4853;pms5003;3628;6.559;3.386;2026-03-17T20:07:32.625109+00:00;P2;29.00
4853;pms5003;3628;6.559;3.386;2026-03-17T20:07:32.625109+00:00;P1;37.50
4853;pms5003;3628;6.559;3.386;2026-03-17T20:07:32.625109+00:00;P0;19.50
4854;DHT22;3628;6.559;3.386;2026-03-17T20:07:55.739490+00:00;humidity;85.20
4854;DHT22;3628;6.559;3.386;2026-03-17T20:07:55.739490+00:00;temperature;31.70
4854;DHT22;3628;6.559;3.386;2026-03-17T20:19:05.354068+00:00;humidity;85.50
4854;DHT22;3628;6.559;3.386;2026-03-17T20:19:05.354068+00:00;temperature;31.70
4853;pms5003;3628;6.559;3.386;2026-03-17T20:24:28.044726+00:00;P2;14.00
4853;pms5003;3628;6.559;3.386;2026-03-17T20:24:28.044726+00:00;P1;14.75
4853;pms5003;3628;6.559;3.386;2026-03-17T20:24:28.044726+00:00;P0;11.00
4853;pms5003;3628;6.559;3.386;2026-03-17T21:05:54.802643+00:00;P2;19.00
4853;pms5003;3628;6.559;3.386;2026-03-17T21:05:54.802643+00:00;P1;24.50
4853;pms5003;3628;6.559;3.386;2026-03-17T21:05:54.802643+00:00;P0;12.00
4854;DHT22;3628;6.559;3.386;2026-03-17T21:06:12.219155+00:00;humidity;85.20
4854;DHT22;3628;6.559;3.386;2026-03-17T21:06:12.219155+00:00;temperature;31.70
4853;pms5003;3628;6.559;3.386;2026-03-17T21:11:29.533872+00:00;P2;31.00
4853;pms5003;3628;6.559;3.386;2026-03-17T21:11:29.533872+00:00;P1;44.00
4853;pms5003;3628;6.559;3.386;2026-03-17T21:11:29.533872+00:00;P0;19.00
4854;DHT22;3628;6.559;3.386;2026-03-17T21:11:46.935659+00:00;humidity;85.10
4854;DHT22;3628;6.559;3.386;2026-03-17T21:11:46.935659+00:00;temperature;31.60
4854;DHT22;3628;6.559;3.386;2026-03-17T21:17:11.080611+00:00;humidity;85.00
4854;DHT22;3628;6.559;3.386;2026-03-17T21:17:11.080611+00:00;temperature;31.60
4853;pms5003;3628;6.559;3.386;2026-03-17T21:22:28.272634+00:00;P2;41.75
4853;pms5003;3628;6.559;3.386;2026-03-17T21:22:28.272634+00:00;P1;62.00
4853;pms5003;3628;6.559;3.386;2026-03-17T21:22:28.272634+00:00;P0;24.75
4854;DHT22;3628;6.559;3.386;2026-03-17T21:28:55.651389+00:00;humidity;85.80
4854;DHT22;3628;6.559;3.386;2026-03-17T21:28:55.651389+00:00;temperature;31.60
4853;pms5003;3628;6.559;3.386;2026-03-17T21:33:27.240601+00:00;P2;29.40
4853;pms5003;3628;6.559;3.386;2026-03-17T21:33:27.240601+00:00;P1;45.40
4853;pms5003;3628;6.559;3.386;2026-03-17T21:33:27.240601+00:00;P0;16.40
4853;pms5003;3628;6.559;3.386;2026-03-17T21:38:54.067499+00:00;P2;22.40
4853;pms5003;3628;6.559;3.386;2026-03-17T21:38:54.067499+00:00;P1;34.20
4853;pms5003;3628;6.559;3.386;2026-03-17T21:38:54.067499+00:00;P0;13.40
4854;DHT22;3628;6.559;3.386;2026-03-17T21:39:11.614027+00:00;humidity;86.80
4854;DHT22;3628;6.559;3.386;2026-03-17T21:39:11.614027+00:00;temperature;31.50
4854;DHT22;3628;6.559;3.386;2026-03-17T21:44:35.315140+00:00;humidity;86.60
4854;DHT22;3628;6.559;3.386;2026-03-17T21:44:35.315140+00:00;temperature;31.50
4854;DHT22;3628;6.559;3.386;2026-03-17T21:49:59.339243+00:00;humidity;86.20
4854;DHT22;3628;6.559;3.386;2026-03-17T21:49:59.339243+00:00;temperature;31.60
4853;pms5003;3628;6.559;3.386;2026-03-17T21:55:16.504338+00:00;P2;32.00
4853;pms5003;3628;6.559;3.386;2026-03-17T21:55:16.504338+00:00;P1;47.60
4853;pms5003;3628;6.559;3.386;2026-03-17T21:55:16.504338+00:00;P0;20.00
4854;DHT22;3628;6.559;3.386;2026-03-17T21:55:34.019733+00:00;humidity;85.60
4854;DHT22;3628;6.559;3.386;2026-03-17T21:55:34.019733+00:00;temperature;31.50
4853;pms5003;3628;6.559;3.386;2026-03-17T22:00:51.258833+00:00;P2;24.50
4853;pms5003;3628;6.559;3.386;2026-03-17T22:00:51.258833+00:00;P1;31.50
4853;pms5003;3628;6.559;3.386;2026-03-17T22:00:51.258833+00:00;P0;15.50
4854;DHT22;3628;6.559;3.386;2026-03-17T22:01:08.868083+00:00;humidity;86.40
4854;DHT22;3628;6.559;3.386;2026-03-17T22:01:08.868083+00:00;temperature;31.40
4853;pms5003;3628;6.559;3.386;2026-03-17T22:06:25.906732+00:00;P2;26.00
4853;pms5003;3628;6.559;3.386;2026-03-17T22:06:25.906732+00:00;P1;27.25
4853;pms5003;3628;6.559;3.386;2026-03-17T22:06:25.906732+00:00;P0;16.00
4854;DHT22;3628;6.559;3.386;2026-03-17T22:06:45.844811+00:00;humidity;86.20
4854;DHT22;3628;6.559;3.386;2026-03-17T22:06:45.844811+00:00;temperature;31.50
4854;DHT22;3628;6.559;3.386;2026-03-17T22:12:20.434778+00:00;humidity;86.60
4854;DHT22;3628;6.559;3.386;2026-03-17T22:12:20.434778+00:00;temperature;31.50
4853;pms5003;3628;6.559;3.386;2026-03-17T22:17:37.603539+00:00;P2;31.00
4853;pms5003;3628;6.559;3.386;2026-03-17T22:17:37.603539+00:00;P1;46.25
4853;pms5003;3628;6.559;3.386;2026-03-17T22:17:37.603539+00:00;P0;20.00
4854;DHT22;3628;6.559;3.386;2026-03-17T22:17:54.947539+00:00;humidity;87.00
4854;DHT22;3628;6.559;3.386;2026-03-17T22:17:54.947539+00:00;temperature;31.40
4853;pms5003;3628;6.559;3.386;2026-03-17T22:23:48.161489+00:00;P2;33.00
4853;pms5003;3628;6.559;3.386;2026-03-17T22:23:48.161489+00:00;P1;42.00
4853;pms5003;3628;6.559;3.386;2026-03-17T22:23:48.161489+00:00;P0;22.00
4853;pms5003;3628;6.559;3.386;2026-03-17T22:28:36.477345+00:00;P2;27.75
4853;pms5003;3628;6.559;3.386;2026-03-17T22:28:36.477345+00:00;P1;38.50
4853;pms5003;3628;6.559;3.386;2026-03-17T22:28:36.477345+00:00;P0;17.50
4853;pms5003;3628;6.559;3.386;2026-03-17T22:34:00.623853+00:00;P2;31.25
4853;pms5003;3628;6.559;3.386;2026-03-17T22:34:00.623853+00:00;P1;46.50
4853;pms5003;3628;6.559;3.386;2026-03-17T22:34:00.623853+00:00;P0;21.00
4853;pms5003;3628;6.559;3.386;2026-03-17T22:34:17.698429+00:00;humidity;87.30
4853;pms5003;3628;6.559;3.386;2026-03-17T22:34:17.698429+00:00;temperature;31.40
4853;pms5003;3628;6.559;3.386;2026-03-17T22:39:34.902219+00:00;P2;22.25
4853;pms5003;3628;6.559;3.386;2026-03-17T22:39:34.902219+00:00;P1;32.25
4853;pms5003;3628;6.559;3.386;2026-03-17T22:39:34.902219+00:00;P0;16.00
4854;DHT22;3628;6.559;3.386;2026-03-17T22:39:52.270356+00:00;humidity;87.30
4854;DHT22;3628;6.559;3.386;2026-03-17T22:39:52.270356+00:00;temperature;31.30
4853;pms5003;3628;6.559;3.386;2026-03-17T22:45:12.346032+00:00;P2;18.00
4853;pms5003;3628;6.559;3.386;2026-03-17T22:45:12.346032+00:00;P1;19.00
4853;pms5003;3628;6.559;3.386;2026-03-17T22:45:12.346032+00:00;P0;12.00
4853;pms5003;3628;6.559;3.386;2026-03-17T22:50:36.544370+00:00;P2;21.50
4853;pms5003;3628;6.559;3.386;2026-03-17T22:50:36.544370+00:00;P1;30.50
4853;pms5003;3628;6.559;3.386;2026-03-17T22:50:36.544370+00:00;P0;14.00
4854;DHT22;3628;6.559;3.386;2026-03-17T22:50:53.874504+00:00;humidity;87.60
4854;DHT22;3628;6.559;3.386;2026-03-17T22:50:53.874504+00:00;temperature;31.30
4853;pms5003;3628;6.559;3.386;2026-03-17T22:57:01.985366+00:00;P2;25.25
4853;pms5003;3628;6.559;3.386;2026-03-17T22:57:01.985366+00:00;P1;28.00
4853;pms5003;3628;6.559;3.386;2026-03-17T22:57:01.985366+00:00;P0;17.50
4853;pms5003;3628;6.559;3.386;2026-03-17T23:01:42.296455+00:00;P2;22.25
4853;pms5003;3628;6.559;3.386;2026-03-17T23:01:42.296455+00:00;P1;25.75
4853;pms5003;3628;6.559;3.386;2026-03-17T23:01:42.296455+00:00;P0;14.75
4854;DHT22;3628;6.559;3.386;2026-03-17T23:12:50.869242+00:00;humidity;88.50
4854;DHT22;3628;6.559;3.386;2026-03-17T23:12:50.869242+00:00;temperature;31.10
4853;pms5003;3628;6.559;3.386;2026-03-17T23:18:08.042979+00:00;P2;16.00
4853;pms5003;3628;6.559;3.386;2026-03-17T23:18:08.042979+00:00;P1;17.00
4853;pms5003;3628;6.559;3.386;2026-03-17T23:18:08.042979+00:00;P0;11.00
4854;DHT22;3628;6.559;3.386;2026-03-17T23:18:25.404299+00:00;humidity;88.20
4854;DHT22;3628;6.559;3.386;2026-03-17T23:18:25.404299+00:00;temperature;31.20
4853;pms5003;3628;6.559;3.386;2026-03-17T23:23:42.575016+00:00;P2;16.33
4853;pms5003;3628;6.559;3.386;2026-03-17T23:23:42.575016+00:00;P1;18.67
4853;pms5003;3628;6.559;3.386;2026-03-17T23:23:42.575016+00:00;P0;12.33
4854;DHT22;3628;6.559;3.386;2026-03-17T23:23:59.905476+00:00;humidity;88.20
4854;DHT22;3628;6.559;3.386;2026-03-17T23:23:59.905476+00:00;temperature;31.20
4853;pms5003;3628;6.559;3.386;2026-03-17T23:30:10.647546+00:00;P2;12.00
4853;pms5003;3628;6.559;3.386;2026-03-17T23:30:10.647546+00:00;P1;15.00
4853;pms5003;3628;6.559;3.386;2026-03-17T23:30:10.647546+00:00;P0;8.00
4853;pms5003;3628;6.559;3.386;2026-03-17T23:34:41.418464+00:00;P2;15.75
4853;pms5003;3628;6.559;3.386;2026-03-17T23:34:41.418464+00:00;P1;26.00
4853;pms5003;3628;6.559;3.386;2026-03-17T23:34:41.418464+00:00;P0;9.75
4854;DHT22;3628;6.559;3.386;2026-03-17T23:34:58.746253+00:00;humidity;88.90
4854;DHT22;3628;6.559;3.386;2026-03-17T23:34:58.746253+00:00;temperature;31.20
4853;pms5003;3628;6.559;3.386;2026-03-17T23:40:15.947600+00:00;P2;13.75
4853;pms5003;3628;6.559;3.386;2026-03-17T23:40:15.947600+00:00;P1;14.00
4853;pms5003;3628;6.559;3.386;2026-03-17T23:40:15.947600+00:00;P0;9.00
4854;DHT22;3628;6.559;3.386;2026-03-17T23:40:33.307984+00:00;humidity;89.00
4854;DHT22;3628;6.559;3.386;2026-03-17T23:40:33.307984+00:00;temperature;31.20
4854;DHT22;3628;6.559;3.386;2026-03-17T23:46:00.229507+00:00;humidity;89.00
4854;DHT22;3628;6.559;3.386;2026-03-17T23:46:00.229507+00:00;temperature;31.20
4853;pms5003;3628;6.559;3.386;2026-03-17T23:51:17.339952+00:00;P2;11.60
4853;pms5003;3628;6.559;3.386;2026-03-17T23:51:17.339952+00:00;P1;12.60
4853;pms5003;3628;6.559;3.386;2026-03-17T23:51:17.339952+00:00;P0;8.00
4854;DHT22;3628;6.559;3.386;2026-03-17T23:51:34.703767+00:00;humidity;89.10
4854;DHT22;3628;6.559;3.386;2026-03-17T23:51:34.703767+00:00;temperature;31.20
4853;pms5003;3628;6.559;3.386;2026-03-17T23:56:51.876866+00:00;P2;12.00
4853;pms5003;3628;6.559;3.386;2026-03-17T23:56:51.876866+00:00;P1;14.00
4853;pms5003;3628;6.559;3.386;2026-03-17T23:56:51.876866+00:00;P0;7.00
4854;DHT22;3628;6.559;3.386;2026-03-17T23:57:09.223572+00:00;humidity;88.50
4854;DHT22;3628;6.559;3.386;2026-03-17T23:57:09.223572+00:00;temperature;31.30
4854;DHT22;3628;6.559;3.386;2026-03-18T00:02:33.108458+00:00;humidity;88.80
4854;DHT22;3628;6.559;3.386;2026-03-18T00:02:33.108458+00:00;temperature;31.20
4853;pms5003;3628;6.559;3.386;2026-03-18T00:07:50.322963+00:00;P2;14.00
4853;pms5003;3628;6.559;3.386;2026-03-18T00:07:50.322963+00:00;P1;15.40
4853;pms5003;3628;6.559;3.386;2026-03-18T00:07:50.322963+00:00;P0;10.80
4853;pms5003;3628;6.559;3.386;2026-03-18T00:13:14.220299+00:00;P2;13.00
4853;pms5003;3628;6.559;3.386;2026-03-18T00:13:14.220299+00:00;P1;16.00
4853;pms5003;3628;6.559;3.386;2026-03-18T00:13:14.220299+00:00;P0;8.00
4854;DHT22;3628;6.559;3.386;2026-03-18T00:13:31.600699+00:00;humidity;88.90
4854;DHT22;3628;6.559;3.386;2026-03-18T00:13:31.600699+00:00;temperature;31.20
4853;pms5003;3628;6.559;3.386;2026-03-18T00:18:48.774702+00:00;P2;12.00
4853;pms5003;3628;6.559;3.386;2026-03-18T00:18:48.774702+00:00;P1;13.60
4853;pms5003;3628;6.559;3.386;2026-03-18T00:18:48.774702+00:00;P0;7.00
4853;pms5003;3628;6.559;3.386;2026-03-18T00:24:12.975144+00:00;P2;18.00
4853;pms5003;3628;6.559;3.386;2026-03-18T00:24:12.975144+00:00;P1;20.00
4853;pms5003;3628;6.559;3.386;2026-03-18T00:24:12.975144+00:00;P0;11.00
4854;DHT22;3628;6.559;3.386;2026-03-18T00:24:30.309919+00:00;humidity;89.10
4854;DHT22;3628;6.559;3.386;2026-03-18T00:24:30.309919+00:00;temperature;31.00
4853;pms5003;3628;6.559;3.386;2026-03-18T00:29:47.398294+00:00;P2;18.20
4853;pms5003;3628;6.559;3.386;2026-03-18T00:29:47.398294+00:00;P1;18.60
4853;pms5003;3628;6.559;3.386;2026-03-18T00:29:47.398294+00:00;P0;10.00
4854;DHT22;3628;6.559;3.386;2026-03-18T00:30:04.989936+00:00;humidity;89.30
4854;DHT22;3628;6.559;3.386;2026-03-18T00:30:04.989936+00:00;temperature;31.10
4853;pms5003;3628;6.559;3.386;2026-03-18T00:35:34.273565+00:00;P2;!6.33
4853;pms5003;3628;6.559;3.386;2026-03-18T00:35:34.273565+00:00;P1;33.00
4853;pms5003;3628;6.559;3.386;2026-03-18T00:35:34.273565+00:00;P0;11.33
4854;DHT22;3628;6.559;3.386;2026-03-18T05:48:30.501636+00:00;humidity;100.00
4854;DHT22;3628;6.559;3.386;2026-03-18T05:48:30.501636+00:00;temperature;30.00
4853;pms5003;3628;6.559;3.386;2026-03-18T05:53:47.699918+00:00;P2;21.00
4853;pms5003;3628;6.559;3.386;2026-03-18T05:53:47.699918+00:00;P1;35.75
4853;pms5003;3628;6.559;3.386;2026-03-18T05:53:47.699918+00:00;P0;15.00
4854;DHT22;3628;6.559;3.386;2026-03-18T05:54:05.131517+00:00;humidity;96.80
4854;DHT22;3628;6.559;3.386;2026-03-18T05:54:05.131517+00:00;temperature;30.60
4853;pms5003;3628;6.559;3.386;2026-03-18T06:03:20.512517+00:00;P2;25.50
4853;pms5003;3628;6.559;3.386;2026-03-18T06:03:20.512517+00:00;P1;30.50
4853;pms5003;3628;6.559;3.386;2026-03-18T06:03:20.512517+00:00;P0;16.75
4854;DHT22;3628;6.559;3.386;2026-03-18T06:03:37.856272+00:00;humidity;95.40
4854;DHT22;3628;6.559;3.386;2026-03-18T06:03:37.856272+00:00;temperature;30.70
4853;pms5003;3628;6.559;3.386;2026-03-18T09:48:48.095204+00:00;P2;10.20
4853;pms5003;3628;6.559;3.386;2026-03-18T09:48:48.095204+00:00;P1;12.60
4853;pms5003;3628;6.559;3.386;2026-03-18T09:48:48.095204+00:00;P0;7.20
4854;DHT22;3628;6.559;3.386;2026-03-18T10:05:12.267785+00:00;humidity;60.80
4854;DHT22;3628;6.559;3.386;2026-03-18T10:05:12.267785+00:00;temperature;37.50
4853;pms5003;3628;6.559;3.386;2026-03-18T10:11:04.375692+00:00;P2;14.00
4853;pms5003;3628;6.559;3.386;2026-03-18T10:11:04.375692+00:00;P1;16.00
4853;pms5003;3628;6.559;3.386;2026-03-18T10:11:04.375692+00:00;P0;10.00
4853;pms5003;3628;6.559;3.386;2026-03-18T10:18:02.663844+00:00;P2;11.60
4853;pms5003;3628;6.559;3.386;2026-03-18T10:18:02.663844+00:00;P1;13.00
4853;pms5003;3628;6.559;3.386;2026-03-18T10:18:02.663844+00:00;P0;7.00
4854;DHT22;3628;6.559;3.386;2026-03-18T10:41:28.534002+00:00;humidity;62.70
4854;DHT22;3628;6.559;3.386;2026-03-18T10:41:28.534002+00:00;temperature;36.60
4853;pms5003;3628;6.559;3.386;2026-03-18T10:46:45.716085+00:00;P2;11.00
4853;pms5003;3628;6.559;3.386;2026-03-18T10:46:45.716085+00:00;P1;11.00
4853;pms5003;3628;6.559;3.386;2026-03-18T10:46:45.716085+00:00;P0;7.00
4853;pms5003;3628;6.559;3.386;2026-03-18T10:54:39.455831+00:00;P2;14.00
4853;pms5003;3628;6.559;3.386;2026-03-18T10:54:39.455831+00:00;P1;23.40
4853;pms5003;3628;6.559;3.386;2026-03-18T10:54:39.455831+00:00;P0;9.40
4854;DHT22;3628;6.559;3.386;2026-03-18T10:54:56.796233+00:00;humidity;60.30
4854;DHT22;3628;6.559;3.386;2026-03-18T10:54:56.796233+00:00;temperature;37.50
4853;pms5003;3628;6.559;3.386;2026-03-18T11:00:13.967048+00:00;P2;12.80
4853;pms5003;3628;6.559;3.386;2026-03-18T11:00:13.967048+00:00;P1;18.40
4853;pms5003;3628;6.559;3.386;2026-03-18T11:00:13.967048+00:00;P0;8.80
4853;pms5003;3628;6.559;3.386;2026-03-18T11:05:48.474264+00:00;P2;17.00
4853;pms5003;3628;6.559;3.386;2026-03-18T11:05:48.474264+00:00;P1;25.50
4853;pms5003;3628;6.559;3.386;2026-03-18T11:05:48.474264+00:00;P0;9.00
4854;DHT22;3628;6.559;3.386;2026-03-18T11:06:05.815422+00:00;humidity;57.90
4854;DHT22;3628;6.559;3.386;2026-03-18T11:06:05.815422+00:00;temperature;39.10
4853;pms5003;3628;6.559;3.386;2026-03-18T11:11:23.099022+00:00;P2;14.00
4853;pms5003;3628;6.559;3.386;2026-03-18T11:11:23.099022+00:00;P1;14.40
4853;pms5003;3628;6.559;3.386;2026-03-18T11:11:23.099022+00:00;P0;10.60
4854;DHT22;3628;6.559;3.386;2026-03-18T11:11:40.560576+00:00;humidity;55.80
4854;DHT22;3628;6.559;3.386;2026-03-18T11:11:40.560576+00:00;temperature;39.50
4853;pms5003;3628;6.559;3.386;2026-03-18T11:22:13.663601+00:00;P2;10.00
4853;pms5003;3628;6.559;3.386;2026-03-18T11:22:13.663601+00:00;P1;11.00
4853;pms5003;3628;6.559;3.386;2026-03-18T11:22:13.663601+00:00;P0;8.00
4853;pms5003;3628;6.559;3.386;2026-03-18T11:53:50.590855+00:00;P2;12.50
4853;pms5003;3628;6.559;3.386;2026-03-18T11:53:50.590855+00:00;P1;14.50
4853;pms5003;3628;6.559;3.386;2026-03-18T11:53:50.590855+00:00;P0;8.50
4853;pms5003;3628;6.559;3.386;2026-03-18T11:59:47.894143+00:00;P2;13.00
4853;pms5003;3628;6.559;3.386;2026-03-18T11:59:47.894143+00:00;P1;14.00
4853;pms5003;3628;6.559;3.386;2026-03-18T11:59:47.894143+00:00;P0;10.50
4854;DHT22;3628;6.559;3.386;2026-03-18T12:00:05.908563+00:00;humidity;59.50
4854;DHT22;3628;6.559;3.386;2026-03-18T12:00:05.908563+00:00;temperature;37.20
4853;pms5003;3628;6.559;3.386;2026-03-18T12:05:22.683721+00:00;P2;17.50
4853;pms5003;3628;6.559;3.386;2026-03-18T12:05:22.683721+00:00;P1;19.50
4853;pms5003;3628;6.559;3.386;2026-03-18T12:05:22.683721+00:00;P0;10.75
4854;DHT22;3628;6.559;3.386;2026-03-18T12:10:56.100798+00:00;humidity;60.20
4854;DHT22;3628;6.559;3.386;2026-03-18T12:10:56.100798+00:00;temperature;37.70
4853;pms5003;3628;6.559;3.386;2026-03-18T12:22:04.397678+00:00;P2;13.00
4853;pms5003;3628;6.559;3.386;2026-03-18T12:22:04.397678+00:00;P1;13.00
4853;pms5003;3628;6.559;3.386;2026-03-18T12:22:04.397678+00:00;P0;9.00
4853;pms5003;3628;6.559;3.386;2026-03-18T12:27:28.291793+00:00;P2;12.80
4853;pms5003;3628;6.559;3.386;2026-03-18T12:27:28.291793+00:00;P1;12.80
4853;pms5003;3628;6.559;3.386;2026-03-18T12:27:28.291793+00:00;P0;8.80
4853;pms5003;3628;6.559;3.386;2026-03-18T12:33:02.783653+00:00;P2;16.00
4853;pms5003;3628;6.559;3.386;2026-03-18T12:33:02.783653+00:00;P1;17.00
4853;pms5003;3628;6.559;3.386;2026-03-18T12:33:02.783653+00:00;P0;9.40
4854;DHT22;3628;6.559;3.386;2026-03-18T12:33:20.148839+00:00;humidity;54.30
4854;DHT22;3628;6.559;3.386;2026-03-18T12:33:20.148839+00:00;temperature;40.00
4853;pms5003;3628;6.559;3.386;2026-03-18T12:43:50.928710+00:00;P2;11.80
4853;pms5003;3628;6.559;3.386;2026-03-18T12:43:50.928710+00:00;P1;14.00
4853;pms5003;3628;6.559;3.386;2026-03-18T12:43:50.928710+00:00;P0;8.40
4853;pms5003;3628;6.559;3.386;2026-03-18T12:49:15.004032+00:00;P2;12.75
4853;pms5003;3628;6.559;3.386;2026-03-18T12:49:15.004032+00:00;P1;14.75
4853;pms5003;3628;6.559;3.386;2026-03-18T12:49:15.004032+00:00;P0;8.75
4854;DHT22;3628;6.559;3.386;2026-03-18T12:49:32.410094+00:00;humidity;52.30
4854;DHT22;3628;6.559;3.386;2026-03-18T12:49:32.410094+00:00;temperature;40.90
4854;DHT22;3628;6.559;3.386;2026-03-18T12:54:56.290018+00:00;humidity;53.70
4854;DHT22;3628;6.559;3.386;2026-03-18T12:54:56.290018+00:00;temperature;39.60
4854;DHT22;3628;6.559;3.386;2026-03-18T13:00:30.865687+00:00;humidity;53.00
4854;DHT22;3628;6.559;3.386;2026-03-18T13:00:30.865687+00:00;temperature;40.00
4854;DHT22;3628;6.559;3.386;2026-03-18T13:05:55.217990+00:00;humidity;55.30
4854;DHT22;3628;6.559;3.386;2026-03-18T13:05:55.217990+00:00;temperature;39.50
4853;pms5003;3628;6.559;3.386;2026-03-18T13:11:12.375440+00:00;P2;15.00
4853;pms5003;3628;6.559;3.386;2026-03-18T13:11:12.375440+00:00;P1;17.50
4853;pms5003;3628;6.559;3.386;2026-03-18T13:11:12.375440+00:00;P0;10.00
4854;DHT22;3628;6.559;3.386;2026-03-18T13:11:29.709581+00:00;humidity;58.50
4854;DHT22;3628;6.559;3.386;2026-03-18T13:11:29.709581+00:00;temperature;38.50
4853;pms5003;3628;6.559;3.386;2026-03-18T13:16:46.999357+00:00;P2;13.00
4853;pms5003;3628;6.559;3.386;2026-03-18T13:16:46.999357+00:00;P1;16.00
4853;pms5003;3628;6.559;3.386;2026-03-18T13:16:46.999357+00:00;P0;9.50
4854;DHT22;3628;6.559;3.386;2026-03-18T13:17:04.334921+00:00;humidity;60.00
4854;DHT22;3628;6.559;3.386;2026-03-18T13:17:04.334921+00:00;temperature;37.70
4853;pms5003;3628;6.559;3.386;2026-03-18T13:22:21.612923+00:00;P2;11.00
4853;pms5003;3628;6.559;3.386;2026-03-18T13:22:21.612923+00:00;P1;13.00
4853;pms5003;3628;6.559;3.386;2026-03-18T13:22:21.612923+00:00;P0;6.50
4854;DHT22;3628;6.559;3.386;2026-03-18T13:22:38.945743+00:00;humidity;58.70
4854;DHT22;3628;6.559;3.386;2026-03-18T13:22:38.945743+00:00;temperature;38.50
4853;pms5003;3628;6.559;3.386;2026-03-18T13:27:56.179503+00:00;P2;19.50
4853;pms5003;3628;6.559;3.386;2026-03-18T13:27:56.179503+00:00;P1;20.50
4853;pms5003;3628;6.559;3.386;2026-03-18T13:27:56.179503+00:00;P0;12.50
4853;pms5003;3628;6.559;3.386;2026-03-18T13:33:20.351980+00:00;P2;13.25
4853;pms5003;3628;6.559;3.386;2026-03-18T13:33:20.351980+00:00;P1;13.25
4853;pms5003;3628;6.559;3.386;2026-03-18T13:33:20.351980+00:00;P0;10.25
4854;DHT22;3628;6.559;3.386;2026-03-18T13:33:37.680399+00:00;humidity;60.70
4854;DHT22;3628;6.559;3.386;2026-03-18T13:33:37.680399+00:00;temperature;38.00
4854;DHT22;3628;6.559;3.386;2026-03-18T13:44:35.897774+00:00;humidity;60.30
4854;DHT22;3628;6.559;3.386;2026-03-18T13:44:35.897774+00:00;temperature;38.20
4853;pms5003;3628;6.559;3.386;2026-03-18T13:49:53.785536+00:00;P2;31.67
4853;pms5003;3628;6.559;3.386;2026-03-18T13:49:53.785536+00:00;P1;40.67
4853;pms5003;3628;6.559;3.386;2026-03-18T13:49:53.785536+00:00;P0;22.00
4854;DHT22;3628;6.559;3.386;2026-03-18T13:50:11.121824+00:00;humidity;59.10
4854;DHT22;3628;6.559;3.386;2026-03-18T13:50:11.121824+00:00;temperature;38.80
4854;DHT22;3628;6.559;3.386;2026-03-18T13:55:45.678675+00:00;humidity;57.30
4854;DHT22;3628;6.559;3.386;2026-03-18T13:55:45.678675+00:00;temperature;39.70
4853;pms5003;3628;6.559;3.386;2026-03-18T14:01:02.859119+00:00;P2;12.60
4853;pms5003;3628;6.559;3.386;2026-03-18T14:01:02.859119+00:00;P1;16.20
4853;pms5003;3628;6.559;3.386;2026-03-18T14:01:02.859119+00:00;P0;8.20
4853;pms5003;3628;6.559;3.386;2026-03-18T14:06:27.243338+00:00;P2;15.40
4853;pms5003;3628;6.559;3.386;2026-03-18T14:06:27.243338+00:00;P1;15.60
4853;pms5003;3628;6.559;3.386;2026-03-18T14:06:27.243338+00:00;P0;10.00
4853;pms5003;3628;6.559;3.386;2026-03-18T14:11:51.465651+00:00;P2;12.00
4853;pms5003;3628;6.559;3.386;2026-03-18T14:11:51.465651+00:00;P1;12.67
4853;pms5003;3628;6.559;3.386;2026-03-18T14:11:51.465651+00:00;P0;9.00
4854;DHT22;3628;6.559;3.386;2026-03-18T14:12:08.884965+00:00;humidity;55.70
4854;DHT22;3628;6.559;3.386;2026-03-18T14:12:08.884965+00:00;temperature;40.80
4854;DHT22;3628;6.559;3.386;2026-03-18T14:17:32.653740+00:00;humidity;57.30
4854;DHT22;3628;6.559;3.386;2026-03-18T14:17:32.653740+00:00;temperature;39.80
4854;DHT22;3628;6.559;3.386;2026-03-18T14:22:59.271028+00:00;humidity;58.40
4854;DHT22;3628;6.559;3.386;2026-03-18T14:22:59.271028+00:00;temperature;39.20
4853;pms5003;3628;6.559;3.386;2026-03-18T14:49:27.960222+00:00;P2;13.00
4853;pms5003;3628;6.559;3.386;2026-03-18T14:49:27.960222+00:00;P1;15.00
4853;pms5003;3628;6.559;3.386;2026-03-18T14:49:27.960222+00:00;P0;10.00
4853;pms5003;3628;6.559;3.386;2026-03-18T14:54:52.665266+00:00;P2;12.00
4853;pms5003;3628;6.559;3.386;2026-03-18T14:54:52.665266+00:00;P1;13.00
4853;pms5003;3628;6.559;3.386;2026-03-18T14:54:52.665266+00:00;P0;8.00
4853;pms5003;3628;6.559;3.386;2026-03-18T15:00:27.300434+00:00;P2;13.00
4853;pms5003;3628;6.559;3.386;2026-03-18T15:00:27.300434+00:00;P1;15.00
4853;pms5003;3628;6.559;3.386;2026-03-18T15:00:27.300434+00:00;P0;8.00
4853;pms5003;3628;6.559;3.386;2026-03-18T15:05:51.214698+00:00;P2;13.80
4853;pms5003;3628;6.559;3.386;2026-03-18T15:05:51.214698+00:00;P1;15.80
4853;pms5003;3628;6.559;3.386;2026-03-18T15:05:51.214698+00:00;P0;8.00
4854;DHT22;3628;6.559;3.386;2026-03-18T15:06:08.576185+00:00;humidity;66.70
4854;DHT22;3628;6.559;3.386;2026-03-18T15:06:08.576185+00:00;temperature;36.10
4853;pms5003;3628;6.559;3.386;2026-03-18T15:11:25.778604+00:00;P2;13.00
4853;pms5003;3628;6.559;3.386;2026-03-18T15:11:25.778604+00:00;P1;19.40
4853;pms5003;3628;6.559;3.386;2026-03-18T15:11:25.778604+00:00;P0;9.00
4854;DHT22;3628;6.559;3.386;2026-03-18T15:11:43.116985+00:00;humidity;67.90
4854;DHT22;3628;6.559;3.386;2026-03-18T15:11:43.116985+00:00;temperature;36.10
4853;pms5003;3628;6.559;3.386;2026-03-18T15:22:13.680829+00:00;P2;14.00
4853;pms5003;3628;6.559;3.386;2026-03-18T15:22:13.680829+00:00;P1;26.50
4853;pms5003;3628;6.559;3.386;2026-03-18T15:22:13.680829+00:00;P0;9.00
4854;DHT22;3628;6.559;3.386;2026-03-18T15:22:31.023417+00:00;humidity;68.10
4854;DHT22;3628;6.559;3.386;2026-03-18T15:22:31.023417+00:00;temperature;35.90
4853;pms5003;3628;6.559;3.386;2026-03-18T15:27:48.215099+00:00;P2;9.20
4853;pms5003;3628;6.559;3.386;2026-03-18T15:27:48.215099+00:00;P1;26.20
4853;pms5003;3628;6.559;3.386;2026-03-18T15:27:48.215099+00:00;P0;6.40
4854;DHT22;3628;6.559;3.386;2026-03-18T15:28:05.709114+00:00;humidity;67.80
4854;DHT22;3628;6.559;3.386;2026-03-18T15:28:05.709114+00:00;temperature;35.90
4853;pms5003;3628;6.559;3.386;2026-03-18T15:33:22.972458+00:00;P2;13.25
4853;pms5003;3628;6.559;3.386;2026-03-18T15:33:22.972458+00:00;P1;26.50
4853;pms5003;3628;6.559;3.386;2026-03-18T15:33:22.972458+00:00;P0;8.25
4853;pms5003;3628;6.559;3.386;2026-03-18T15:38:49.957774+00:00;P2;14.00
4853;pms5003;3628;6.559;3.386;2026-03-18T15:38:49.957774+00:00;P1;18.00
4853;pms5003;3628;6.559;3.386;2026-03-18T15:38:49.957774+00:00;P0;10.50
4853;pms5003;3628;6.559;3.386;2026-03-18T15:44:14.208442+00:00;P2;12.33
4853;pms5003;3628;6.559;3.386;2026-03-18T15:44:14.208442+00:00;P1;14.33
4853;pms5003;3628;6.559;3.386;2026-03-18T15:44:14.208442+00:00;P0;7.67
4854;DHT22;3628;6.559;3.386;2026-03-18T15:49:55.269055+00:00;humidity;68.60
4854;DHT22;3628;6.559;3.386;2026-03-18T15:49:55.269055+00:00;temperature;35.20
4853;pms5003;3628;6.559;3.386;2026-03-18T15:55:12.483014+00:00;P2;13.00
4853;pms5003;3628;6.559;3.386;2026-03-18T15:55:12.483014+00:00;P1;21.50
4853;pms5003;3628;6.559;3.386;2026-03-18T15:55:12.483014+00:00;P0;8.50
4854;DHT22;3628;6.559;3.386;2026-03-18T15:55:29.888105+00:00;humidity;67.80
4854;DHT22;3628;6.559;3.386;2026-03-18T15:55:29.888105+00:00;temperature;35.40
4853;pms5003;3628;6.559;3.386;2026-03-18T16:00:47.124774+00:00;P2;10.00
4853;pms5003;3628;6.559;3.386;2026-03-18T16:00:47.124774+00:00;P1;11.00
4853;pms5003;3628;6.559;3.386;2026-03-18T16:00:47.124774+00:00;P0;7.75
4854;DHT22;3628;6.559;3.386;2026-03-18T16:11:41.996854+00:00;humidity;69.50
4854;DHT22;3628;6.559;3.386;2026-03-18T16:11:41.996854+00:00;temperature;34.80
4853;pms5003;3628;6.559;3.386;2026-03-18T16:16:59.210171+00:00;P2;12.25
4853;pms5003;3628;6.559;3.386;2026-03-18T16:16:59.210171+00:00;P1;13.75
4853;pms5003;3628;6.559;3.386;2026-03-18T16:16:59.210171+00:00;P0;8.00
4854;DHT22;3628;6.559;3.386;2026-03-18T16:17:16.681769+00:00;humidity;70.90
4854;DHT22;3628;6.559;3.386;2026-03-18T16:17:16.681769+00:00;temperature;34.70
4854;DHT22;3628;6.559;3.386;2026-03-18T16:33:39.032607+00:00;humidity;71.00
4854;DHT22;3628;6.559;3.386;2026-03-18T16:33:39.032607+00:00;temperature;34.50
4853;pms5003;3628;6.559;3.386;2026-03-18T16:38:56.210490+00:00;P2;10.50
4853;pms5003;3628;6.559;3.386;2026-03-18T16:38:56.210490+00:00;P1;18.25
4853;pms5003;3628;6.559;3.386;2026-03-18T16:38:56.210490+00:00;P0;7.25
4854;DHT22;3628;6.559;3.386;2026-03-18T16:39:13.565483+00:00;humidity;71.40
4854;DHT22;3628;6.559;3.386;2026-03-18T16:39:13.565483+00:00;temperature;34.60
4853;pms5003;3628;6.559;3.386;2026-03-18T16:55:00.850025+00:00;P2;10.50
4853;pms5003;3628;6.559;3.386;2026-03-18T16:55:00.850025+00:00;P1;12.25
4853;pms5003;3628;6.559;3.386;2026-03-18T16:55:00.850025+00:00;P0;6.00
4854;DHT22;3628;6.559;3.386;2026-03-18T16:55:18.267346+00:00;humidity;72.00
4854;DHT22;3628;6.559;3.386;2026-03-18T16:55:18.267346+00:00;temperature;34.30
4854;DHT22;3628;6.559;3.386;2026-03-18T17:22:01.436498+00:00;humidity;73.90
4854;DHT22;3628;6.559;3.386;2026-03-18T17:22:01.436498+00:00;temperature;33.70
4853;pms5003;3628;6.559;3.386;2026-03-18T17:27:18.729322+00:00;P2;14.20
4853;pms5003;3628;6.559;3.386;2026-03-18T17:27:18.729322+00:00;P1;15.20
4853;pms5003;3628;6.559;3.386;2026-03-18T17:27:18.729322+00:00;P0;9.80
4854;DHT22;3628;6.559;3.386;2026-03-18T17:27:36.079663+00:00;humidity;75.50
4854;DHT22;3628;6.559;3.386;2026-03-18T17:27:36.079663+00:00;temperature;33.40
4854;DHT22;3628;6.559;3.386;2026-03-18T17:32:59.908170+00:00;humidity;75.10
4854;DHT22;3628;6.559;3.386;2026-03-18T17:32:59.908170+00:00;temperature;33.50
4854;DHT22;3628;6.559;3.386;2026-03-18T17:38:24.135159+00:00;humidity;76.80
4854;DHT22;3628;6.559;3.386;2026-03-18T17:38:24.135159+00:00;temperature;33.20
4854;DHT22;3628;6.559;3.386;2026-03-18T18:04:44.538295+00:00;humidity;76.80
4854;DHT22;3628;6.559;3.386;2026-03-18T18:04:44.538295+00:00;temperature;32.90
4853;pms5003;3628;6.559;3.386;2026-03-18T18:10:01.845087+00:00;P2;17.20
4853;pms5003;3628;6.559;3.386;2026-03-18T18:10:01.845087+00:00;P1;21.80
4853;pms5003;3628;6.559;3.386;2026-03-18T18:10:01.845087+00:00;P0;11.00
4854;DHT22;3628;6.559;3.386;2026-03-18T18:15:43.088048+00:00;humidity;78.00
4854;DHT22;3628;6.559;3.386;2026-03-18T18:15:43.088048+00:00;temperature;32.60
4853;pms5003;3628;6.559;3.386;2026-03-18T18:21:00.471479+00:00;P2;15.00
4853;pms5003;3628;6.559;3.386;2026-03-18T18:21:00.471479+00:00;P1;21.40
4853;pms5003;3628;6.559;3.386;2026-03-18T18:21:00.471479+00:00;P0;9.00
4854;DHT22;3628;6.559;3.386;2026-03-18T18:21:17.807450+00:00;humidity;77.00
4854;DHT22;3628;6.559;3.386;2026-03-18T18:21:17.807450+00:00;temperature;32.60
4853;pms5003;3628;6.559;3.386;2026-03-18T18:26:35.233352+00:00;P2;16.40
4853;pms5003;3628;6.559;3.386;2026-03-18T18:26:35.233352+00:00;P1;20.40
4853;pms5003;3628;6.559;3.386;2026-03-18T18:26:35.233352+00:00;P0;9.40
4854;DHT22;3628;6.559;3.386;2026-03-18T18:26:52.459673+00:00;humidity;77.80
4854;DHT22;3628;6.559;3.386;2026-03-18T18:26:52.459673+00:00;temperature;32.60
4853;pms5003;3628;6.559;3.386;2026-03-18T18:32:09.629075+00:00;P2;15.00
4853;pms5003;3628;6.559;3.386;2026-03-18T18:32:09.629075+00:00;P1;15.40
4853;pms5003;3628;6.559;3.386;2026-03-18T18:32:09.629075+00:00;P0;8.40
4854;DHT22;3628;6.559;3.386;2026-03-18T18:32:26.967006+00:00;humidity;78.60
4854;DHT22;3628;6.559;3.386;2026-03-18T18:32:26.967006+00:00;temperature;32.60
4854;DHT22;3628;6.559;3.386;2026-03-18T18:37:51.057871+00:00;humidity;78.80
4854;DHT22;3628;6.559;3.386;2026-03-18T18:37:51.057871+00:00;temperature;32.40
4853;pms5003;3628;6.559;3.386;2026-03-18T18:43:08.375078+00:00;P2;16.25
4853;pms5003;3628;6.559;3.386;2026-03-18T18:43:08.375078+00:00;P1;18.00
4853;pms5003;3628;6.559;3.386;2026-03-18T18:43:08.375078+00:00;P0;11.00
4854;DHT22;3628;6.559;3.386;2026-03-18T18:43:25.695969+00:00;humidity;79.20
4854;DHT22;3628;6.559;3.386;2026-03-18T18:43:25.695969+00:00;temperature;32.50
4853;pms5003;3628;6.559;3.386;2026-03-18T18:48:42.913989+00:00;P2;16.00
4853;pms5003;3628;6.559;3.386;2026-03-18T18:48:42.913989+00:00;P1;20.60
4853;pms5003;3628;6.559;3.386;2026-03-18T18:48:42.913989+00:00;P0;11.40
4854;DHT22;3628;6.559;3.386;2026-03-18T18:54:14.409040+00:00;humidity;80.30
4854;DHT22;3628;6.559;3.386;2026-03-18T18:54:14.409040+00:00;temperature;32.30
4853;pms5003;3628;6.559;3.386;2026-03-18T19:04:57.082185+00:00;P2;19.25
4853;pms5003;3628;6.559;3.386;2026-03-18T19:04:57.082185+00:00;P1;30.75
4853;pms5003;3628;6.559;3.386;2026-03-18T19:04:57.082185+00:00;P0;13.00
4854;DHT22;3628;6.559;3.386;2026-03-18T19:05:14.887255+00:00;humidity;80.20
4854;DHT22;3628;6.559;3.386;2026-03-18T19:05:14.887255+00:00;temperature;32.30
4853;pms5003;3628;6.559;3.386;2026-03-18T19:20:26.008770+00:00;P2;15.25
4853;pms5003;3628;6.559;3.386;2026-03-18T19:20:26.008770+00:00;P1;19.50
4853;pms5003;3628;6.559;3.386;2026-03-18T19:20:26.008770+00:00;P0;11.25
4854;DHT22;3628;6.559;3.386;2026-03-18T19:20:46.084956+00:00;humidity;81.30
4854;DHT22;3628;6.559;3.386;2026-03-18T19:20:46.084956+00:00;temperature;32.20
4853;pms5003;3628;6.559;3.386;2026-03-18T19:26:09.304327+00:00;P2;23.00
4853;pms5003;3628;6.559;3.386;2026-03-18T19:26:09.304327+00:00;P1;24.00
4853;pms5003;3628;6.559;3.386;2026-03-18T19:26:09.304327+00:00;P0;17.50
4853;pms5003;3628;6.559;3.386;2026-03-18T19:31:49.025340+00:00;P2;20.00
4853;pms5003;3628;6.559;3.386;2026-03-18T19:31:49.025340+00:00;P1;21.50
4853;pms5003;3628;6.559;3.386;2026-03-18T19:31:49.025340+00:00;P0;15.00
4853;pms5003;3628;6.559;3.386;2026-03-18T19:37:12.827455+00:00;P2;15.25
4853;pms5003;3628;6.559;3.386;2026-03-18T19:37:12.827455+00:00;P1;17.25
4853;pms5003;3628;6.559;3.386;2026-03-18T19:37:12.827455+00:00;P0;12.00
4854;DHT22;3628;6.559;3.386;2026-03-18T19:37:30.277313+00:00;humidity;80.50
4854;DHT22;3628;6.559;3.386;2026-03-18T19:37:30.277313+00:00;temperature;32.30
4854;DHT22;3628;6.559;3.386;2026-03-18T19:42:57.229661+00:00;humidity;81.10
4854;DHT22;3628;6.559;3.386;2026-03-18T19:42:57.229661+00:00;temperature;32.20
4854;DHT22;3628;6.559;3.386;2026-03-18T19:48:41.534754+00:00;humidity;81.60
4854;DHT22;3628;6.559;3.386;2026-03-18T19:48:41.534754+00:00;temperature;32.20
4854;DHT22;3628;6.559;3.386;2026-03-18T19:54:25.302894+00:00;humidity;82.00
4854;DHT22;3628;6.559;3.386;2026-03-18T19:54:25.302894+00:00;temperature;32.10
4853;pms5003;3628;6.559;3.386;2026-03-18T19:59:53.785502+00:00;P2;13.40
4853;pms5003;3628;6.559;3.386;2026-03-18T19:59:53.785502+00:00;P1;13.40
4853;pms5003;3628;6.559;3.386;2026-03-18T19:59:53.785502+00:00;P0;9.20
4853;pms5003;3628;6.559;3.386;2026-03-18T20:05:15.718847+00:00;P2;14.00
4853;pms5003;3628;6.559;3.386;2026-03-18T20:05:15.718847+00:00;P1;14.25
4853;pms5003;3628;6.559;3.386;2026-03-18T20:05:15.718847+00:00;P0;10.00
4854;DHT22;3628;6.559;3.386;2026-03-18T20:05:32.842101+00:00;humidity;82.60
4854;DHT22;3628;6.559;3.386;2026-03-18T20:05:32.842101+00:00;temperature;32.00
4853;pms5003;3628;6.559;3.386;2026-03-18T20:10:56.057299+00:00;P2;11.75
4853;pms5003;3628;6.559;3.386;2026-03-18T20:10:56.057299+00:00;P1;15.25
4853;pms5003;3628;6.559;3.386;2026-03-18T20:10:56.057299+00:00;P0;8.75
4853;pms5003;3628;6.559;3.386;2026-03-18T20:16:22.912822+00:00;P2;18.00
4853;pms5003;3628;6.559;3.386;2026-03-18T20:16:22.912822+00:00;P1;18.00
4853;pms5003;3628;6.559;3.386;2026-03-18T20:16:22.912822+00:00;P0;12.33
4853;pms5003;3628;6.559;3.386;2026-03-18T20:22:06.121901+00:00;P2;16.25
4853;pms5003;3628;6.559;3.386;2026-03-18T20:22:06.121901+00:00;P1;16.25
4853;pms5003;3628;6.559;3.386;2026-03-18T20:22:06.121901+00:00;P0;13.25
4853;pms5003;3628;6.559;3.386;2026-03-18T20:27:33.499984+00:00;P2;15.25
4853;pms5003;3628;6.559;3.386;2026-03-18T20:27:33.499984+00:00;P1;27.00
4853;pms5003;3628;6.559;3.386;2026-03-18T20:27:33.499984+00:00;P0;11.00
4853;pms5003;3628;6.559;3.386;2026-03-18T21:05:28.516261+00:00;P2;18.40
4853;pms5003;3628;6.559;3.386;2026-03-18T21:05:28.516261+00:00;P1;26.60
4853;pms5003;3628;6.559;3.386;2026-03-18T21:05:28.516261+00:00;P0;14.00
4854;DHT22;3628;6.559;3.386;2026-03-18T21:05:48.692838+00:00;humidity;84.70
4854;DHT22;3628;6.559;3.386;2026-03-18T21:05:48.692838+00:00;temperature;32.00
4853;pms5003;3628;6.559;3.386;2026-03-18T21:11:14.927370+00:00;P2;13.00
4853;pms5003;3628;6.559;3.386;2026-03-18T21:11:14.927370+00:00;P1;24.00
4853;pms5003;3628;6.559;3.386;2026-03-18T21:11:14.927370+00:00;P0;9.00
4853;pms5003;3628;6.559;3.386;2026-03-18T21:16:45.014053+00:00;P2;13.25
4853;pms5003;3628;6.559;3.386;2026-03-18T21:16:45.014053+00:00;P1;15.00
4853;pms5003;3628;6.559;3.386;2026-03-18T21:16:45.014053+00:00;P0;9.25
4853;pms5003;3628;6.559;3.386;2026-03-18T21:33:36.049935+00:00;P2;14.00
4853;pms5003;3628;6.559;3.386;2026-03-18T21:33:36.049935+00:00;P1;15.80
4853;pms5003;3628;6.559;3.386;2026-03-18T21:33:36.049935+00:00;P0;10.00
4854;DHT22;3628;6.559;3.386;2026-03-18T21:33:56.050023+00:00;humidity;85.80
4854;DHT22;3628;6.559;3.386;2026-03-18T21:33:56.050023+00:00;temperature;31.90
4853;pms5003;3628;6.559;3.386;2026-03-18T22:00:21.336307+00:00;P2;11.00
4853;pms5003;3628;6.559;3.386;2026-03-18T22:00:21.336307+00:00;P1;20.75
4853;pms5003;3628;6.559;3.386;2026-03-18T22:00:21.336307+00:00;P0;8.00
4854;DHT22;3628;6.559;3.386;2026-03-18T22:00:38.772586+00:00;humidity;85.70
4854;DHT22;3628;6.559;3.386;2026-03-18T22:00:38.772586+00:00;temperature;31.80
4853;pms5003;3628;6.559;3.386;2026-03-18T22:16:44.670409+00:00;P2;16.00
4853;pms5003;3628;6.559;3.386;2026-03-18T22:16:44.670409+00:00;P1;17.60
4853;pms5003;3628;6.559;3.386;2026-03-18T22:16:44.670409+00:00;P0;12.00
4854;DHT22;3628;6.559;3.386;2026-03-18T22:17:02.078095+00:00;humidity;86.10
4854;DHT22;3628;6.559;3.386;2026-03-18T22:17:02.078095+00:00;temperature;31.80
4853;pms5003;3628;6.559;3.386;2026-03-18T22:22:19.279973+00:00;P2;19.80
4853;pms5003;3628;6.559;3.386;2026-03-18T22:22:19.279973+00:00;P1;27.20
4853;pms5003;3628;6.559;3.386;2026-03-18T22:22:19.279973+00:00;P0;13.40
4854;DHT22;3628;6.559;3.386;2026-03-18T22:22:36.679256+00:00;humidity;86.30
4854;DHT22;3628;6.559;3.386;2026-03-18T22:22:36.679256+00:00;temperature;31.80
4853;pms5003;3628;6.559;3.386;2026-03-18T22:33:07.393927+00:00;P2;13.00
4853;pms5003;3628;6.559;3.386;2026-03-18T22:33:07.393927+00:00;P1;13.40
4853;pms5003;3628;6.559;3.386;2026-03-18T22:33:07.393927+00:00;P0;8.00
4853;pms5003;3628;6.559;3.386;2026-03-18T22:38:41.983983+00:00;P2;10.00
4853;pms5003;3628;6.559;3.386;2026-03-18T22:38:41.983983+00:00;P1;10.00
4853;pms5003;3628;6.559;3.386;2026-03-18T22:38:41.983983+00:00;P0;6.00
4854;DHT22;3628;6.559;3.386;2026-03-18T22:38:59.563383+00:00;humidity;87.30
4854;DHT22;3628;6.559;3.386;2026-03-18T22:38:59.563383+00:00;temperature;31.60
4853;pms5003;3628;6.559;3.386;2026-03-18T22:44:16.593156+00:00;P2;14.20
4853;pms5003;3628;6.559;3.386;2026-03-18T22:44:16.593156+00:00;P1;19.00
4853;pms5003;3628;6.559;3.386;2026-03-18T22:44:16.593156+00:00;P0;11.00
4854;DHT22;3628;6.559;3.386;2026-03-18T22:44:34.122026+00:00;humidity;86.90
4854;DHT22;3628;6.559;3.386;2026-03-18T22:44:34.122026+00:00;temperature;31.80
4854;DHT22;3628;6.559;3.386;2026-03-18T22:49:57.735443+00:00;humidity;87.20
4854;DHT22;3628;6.559;3.386;2026-03-18T22:49:57.735443+00:00;temperature;31.60
4853;pms5003;3628;6.559;3.386;2026-03-18T22:55:14.912217+00:00;P2;12.80
4853;pms5003;3628;6.559;3.386;2026-03-18T22:55:14.912217+00:00;P1;15.80
4853;pms5003;3628;6.559;3.386;2026-03-18T22:55:14.912217+00:00;P0;9.80
4854;DHT22;3628;6.559;3.386;2026-03-18T22:55:32.265249+00:00;humidity;86.90
4854;DHT22;3628;6.559;3.386;2026-03-18T22:55:32.265249+00:00;temperature;31.70
4854;DHT22;3628;6.559;3.386;2026-03-19T05:51:26.103442+00:00;humidity;100.00
4854;DHT22;3628;6.559;3.386;2026-03-19T05:51:26.103442+00:00;temperature;30.00
4853;pms5003;3628;6.559;3.386;2026-03-19T06:00:10.315753+00:00;P2;28.00
4853;pms5003;3628;6.559;3.386;2026-03-19T06:00:10.315753+00:00;P1;41.40
4853;pms5003;3628;6.559;3.386;2026-03-19T06:00:10.315753+00:00;P0;19.00
4853;pms5003;3628;6.559;3.386;2026-03-19T06:05:34.423234+00:00;P2;34.00
4853;pms5003;3628;6.559;3.386;2026-03-19T06:05:34.423234+00:00;P1;41.60
4853;pms5003;3628;6.559;3.386;2026-03-19T06:05:34.423234+00:00;P0;22.80
4854;DHT22;3628;6.559;3.386;2026-03-19T06:05:51.923252+00:00;humidity;99.30
4854;DHT22;3628;6.559;3.386;2026-03-19T06:05:51.923252+00:00;temperature;31.00
4854;DHT22;3628;6.559;3.386;2026-03-19T10:31:39.288069+00:00;humidity;71.50
4854;DHT22;3628;6.559;3.386;2026-03-19T10:31:39.288069+00:00;temperature;36.40
4853;pms5003;3628;6.559;3.386;2026-03-19T10:36:56.522034+00:00;P2;34.60
4853;pms5003;3628;6.559;3.386;2026-03-19T10:36:56.522034+00:00;P1;45.80
4853;pms5003;3628;6.559;3.386;2026-03-19T10:36:56.522034+00:00;P0;21.60
4854;DHT22;3628;6.559;3.386;2026-03-19T10:37:13.883252+00:00;humidity;72.40
4854;DHT22;3628;6.559;3.386;2026-03-19T10:37:13.883252+00:00;temperature;35.90
4853;pms5003;3628;6.559;3.386;2026-03-19T10:42:31.124141+00:00;P2;26.00
4853;pms5003;3628;6.559;3.386;2026-03-19T10:42:31.124141+00:00;P1;40.75
4853;pms5003;3628;6.559;3.386;2026-03-19T10:42:31.124141+00:00;P0;18.00
4854;DHT22;3628;6.559;3.386;2026-03-19T10:42:48.492537+00:00;humidity;68.40
4854;DHT22;3628;6.559;3.386;2026-03-19T10:42:48.492537+00:00;temperature;37.60
4853;pms5003;3628;6.559;3.386;2026-03-19T10:52:49.534304+00:00;P2;24.80
4853;pms5003;3628;6.559;3.386;2026-03-19T10:52:49.534304+00:00;P1;26.80
4853;pms5003;3628;6.559;3.386;2026-03-19T10:52:49.534304+00:00;P0;16.80
4854;DHT22;3628;6.559;3.386;2026-03-19T10:53:06.892559+00:00;humidity;64.30
4854;DHT22;3628;6.559;3.386;2026-03-19T10:53:06.892559+00:00;temperature;38.60
4853;pms5003;3628;6.559;3.386;2026-03-19T10:59:04.358633+00:00;P2;22.75
4853;pms5003;3628;6.559;3.386;2026-03-19T10:59:04.358633+00:00;P1;30.00
4853;pms5003;3628;6.559;3.386;2026-03-19T10:59:04.358633+00:00;P0;15.50
4853;pms5003;3628;6.559;3.386;2026-03-19T11:04:59.116379+00:00;P2;27.50
4853;pms5003;3628;6.559;3.386;2026-03-19T11:04:59.116379+00:00;P1;31.00
4853;pms5003;3628;6.559;3.386;2026-03-19T11:04:59.116379+00:00;P0;20.00
4854;DHT22;3628;6.559;3.386;2026-03-19T11:05:16.861235+00:00;humidity;67.70
4854;DHT22;3628;6.559;3.386;2026-03-19T11:05:16.861235+00:00;temperature;36.60
4854;DHT22;3628;6.559;3.386;2026-03-19T11:21:05.645153+00:00;humidity;65.10
4854;DHT22;3628;6.559;3.386;2026-03-19T11:21:05.645153+00:00;temperature;37.30
4853;pms5003;3628;6.559;3.386;2026-03-19T11:26:22.998483+00:00;P2;33.00
4853;pms5003;3628;6.559;3.386;2026-03-19T11:26:22.998483+00:00;P1;47.00
4853;pms5003;3628;6.559;3.386;2026-03-19T11:26:22.998483+00:00;P0;22.00
4854;DHT22;3628;6.559;3.386;2026-03-19T11:26:40.382774+00:00;humidity;61.90
4854;DHT22;3628;6.559;3.386;2026-03-19T11:26:40.382774+00:00;temperature;39.10
4854;DHT22;3628;6.559;3.386;2026-03-19T11:32:04.156681+00:00;humidity;59.80
4854;DHT22;3628;6.559;3.386;2026-03-19T11:32:04.156681+00:00;temperature;39.90
4854;DHT22;3628;6.559;3.386;2026-03-19T11:37:28.366696+00:00;humidity;59.90
4854;DHT22;3628;6.559;3.386;2026-03-19T11:37:28.366696+00:00;temperature;39.90
4853;pms5003;3628;6.559;3.386;2026-03-19T12:41:44.341971+00:00;P2;19.00
4853;pms5003;3628;6.559;3.386;2026-03-19T12:41:44.341971+00:00;P1;26.50
4853;pms5003;3628;6.559;3.386;2026-03-19T12:41:44.341971+00:00;P0;15.00
4854;DHT22;3628;6.559;3.386;2026-03-19T12:42:01.684073+00:00;humidity;60.70
4854;DHT22;3628;6.559;3.386;2026-03-19T12:42:01.684073+00:00;temperature;39.20
4853;pms5003;3628;6.559;3.386;2026-03-19T12:47:18.892405+00:00;P2;18.80
4853;pms5003;3628;6.559;3.386;2026-03-19T12:47:18.892405+00:00;P1;28.20
4853;pms5003;3628;6.559;3.386;2026-03-19T12:47:18.892405+00:00;P0;13.00
4854;DHT22;3628;6.559;3.386;2026-03-19T12:47:36.278105+00:00;humidity;61.20
4854;DHT22;3628;6.559;3.386;2026-03-19T12:47:36.278105+00:00;temperature;39.10
4853;pms5003;3628;6.559;3.386;2026-03-19T12:52:55.709196+00:00;P2;25.20
4853;pms5003;3628;6.559;3.386;2026-03-19T12:52:55.709196+00:00;P1;30.20
4853;pms5003;3628;6.559;3.386;2026-03-19T12:52:55.709196+00:00;P0;16.20
4854;DHT22;3628;6.559;3.386;2026-03-19T12:53:10.915354+00:00;humidity;60.00
4854;DHT22;3628;6.559;3.386;2026-03-19T12:53:10.915354+00:00;temperature;39.50
4853;pms5003;3628;6.559;3.386;2026-03-19T13:03:52.024136+00:00;P2;23.00
4853;pms5003;3628;6.559;3.386;2026-03-19T13:03:52.024136+00:00;P1;26.50
4853;pms5003;3628;6.559;3.386;2026-03-19T13:03:52.024136+00:00;P0;17.00
4854;DHT22;3628;6.559;3.386;2026-03-19T13:04:09.411663+00:00;humidity;58.30
4854;DHT22;3628;6.559;3.386;2026-03-19T13:04:09.411663+00:00;temperature;40.50
4853;pms5003;3628;6.559;3.386;2026-03-19T13:09:26.620991+00:00;P2;28.40
4853;pms5003;3628;6.559;3.386;2026-03-19T13:09:26.620991+00:00;P1;45.60
4853;pms5003;3628;6.559;3.386;2026-03-19T13:09:26.620991+00:00;P0;20.00
4853;pms5003;3628;6.559;3.386;2026-03-19T13:14:53.434508+00:00;P2;30.40
4853;pms5003;3628;6.559;3.386;2026-03-19T13:14:53.434508+00:00;P1;44.20
4853;pms5003;3628;6.559;3.386;2026-03-19T13:14:53.434508+00:00;P0;20.40
4854;DHT22;3628;6.559;3.386;2026-03-19T13:15:10.793035+00:00;humidity;59.60
4854;DHT22;3628;6.559;3.386;2026-03-19T13:15:10.793035+00:00;temperature;39.60
4853;pms5003;3628;6.559;3.386;2026-03-19T13:20:27.955789+00:00;P2;29.25
4853;pms5003;3628;6.559;3.386;2026-03-19T13:20:27.955789+00:00;P1;31.75
4853;pms5003;3628;6.559;3.386;2026-03-19T13:20:27.955789+00:00;P0;19.25
4854;DHT22;3628;6.559;3.386;2026-03-19T13:20:45.310925+00:00;humidity;59.60
4854;DHT22;3628;6.559;3.386;2026-03-19T13:20:45.310925+00:00;temperature;40.00
4854;DHT22;3628;6.559;3.386;2026-03-19T13:26:09.633022+00:00;humidity;59.10
4854;DHT22;3628;6.559;3.386;2026-03-19T13:26:09.633022+00:00;temperature;39.90
4853;pms5003;3628;6.559;3.386;2026-03-19T13:36:39.912988+00:00;P2;24.75
4853;pms5003;3628;6.559;3.386;2026-03-19T13:36:39.912988+00:00;P1;37.50
4853;pms5003;3628;6.559;3.386;2026-03-19T13:36:39.912988+00:00;P0;18.75
4853;pms5003;3628;6.559;3.386;2026-03-19T13:42:04.110607+00:00;P2;25.40
4853;pms5003;3628;6.559;3.386;2026-03-19T13:42:04.110607+00:00;P1;27.40
4853;pms5003;3628;6.559;3.386;2026-03-19T13:42:04.110607+00:00;P0;16.60
4854;DHT22;3628;6.559;3.386;2026-03-19T13:42:21.496028+00:00;humidity;61.30
4854;DHT22;3628;6.559;3.386;2026-03-19T13:42:21.496028+00:00;temperature;39.20
4853;pms5003;3628;6.559;3.386;2026-03-19T13:47:38.662338+00:00;P2;19.40
4853;pms5003;3628;6.559;3.386;2026-03-19T13:47:38.662338+00:00;P1;22.40
4853;pms5003;3628;6.559;3.386;2026-03-19T13:47:38.662338+00:00;P0;15.20
4854;DHT22;3628;6.559;3.386;2026-03-19T13:53:12.338678+00:00;humidity;58.80
4854;DHT22;3628;6.559;3.386;2026-03-19T13:53:12.338678+00:00;temperature;40.10
4854;DHT22;3628;6.559;3.386;2026-03-19T13:58:36.128461+00:00;humidity;59.80
4854;DHT22;3628;6.559;3.386;2026-03-19T13:58:36.128461+00:00;temperature;40.00
4854;DHT22;3628;6.559;3.386;2026-03-19T14:09:24.170448+00:00;humidity;61.40
4854;DHT22;3628;6.559;3.386;2026-03-19T14:09:24.170448+00:00;temperature;39.30
4853;pms5003;3628;6.559;3.386;2026-03-19T14:14:44.239398+00:00;P2;20.00
4853;pms5003;3628;6.559;3.386;2026-03-19T14:14:44.239398+00:00;P1;25.75
4853;pms5003;3628;6.559;3.386;2026-03-19T14:14:44.239398+00:00;P0;13.75
4854;DHT22;3628;6.559;3.386;2026-03-19T14:15:04.592467+00:00;humidity;61.10
4854;DHT22;3628;6.559;3.386;2026-03-19T14:15:04.592467+00:00;temperature;39.40
4854;DHT22;3628;6.559;3.386;2026-03-19T14:20:39.121141+00:00;humidity;61.40
4854;DHT22;3628;6.559;3.386;2026-03-19T14:20:39.121141+00:00;temperature;39.30
4853;pms5003;3628;6.559;3.386;2026-03-19T14:25:56.284122+00:00;P2;16.25
4853;pms5003;3628;6.559;3.386;2026-03-19T14:25:56.284122+00:00;P1;20.25
4853;pms5003;3628;6.559;3.386;2026-03-19T14:25:56.284122+00:00;P0;12.00
4854;DHT22;3628;6.559;3.386;2026-03-19T14:26:13.964260+00:00;humidity;60.00
4854;DHT22;3628;6.559;3.386;2026-03-19T14:26:13.964260+00:00;temperature;39.80
4853;pms5003;3628;6.559;3.386;2026-03-19T14:36:45.000989+00:00;P2;22.00
4853;pms5003;3628;6.559;3.386;2026-03-19T14:36:45.000989+00:00;P1;22.00
4853;pms5003;3628;6.559;3.386;2026-03-19T14:36:45.000989+00:00;P0;16.75
4854;DHT22;3628;6.559;3.386;2026-03-19T14:37:02.342994+00:00;humidity;60.80
4854;DHT22;3628;6.559;3.386;2026-03-19T14:37:02.342994+00:00;temperature;39.30
4853;pms5003;3628;6.559;3.386;2026-03-19T14:42:19.510757+00:00;P2;18.50
4853;pms5003;3628;6.559;3.386;2026-03-19T14:42:19.510757+00:00;P1;20.75
4853;pms5003;3628;6.559;3.386;2026-03-19T14:42:19.510757+00:00;P0;13.00
4854;DHT22;3628;6.559;3.386;2026-03-19T14:42:36.857852+00:00;humidity;60.60
4854;DHT22;3628;6.559;3.386;2026-03-19T14:42:36.857852+00:00;temperature;39.40
4853;pms5003;3628;6.559;3.386;2026-03-19T14:47:54.130797+00:00;P2;17.00
4853;pms5003;3628;6.559;3.386;2026-03-19T14:47:54.130797+00:00;P1;19.40
4853;pms5003;3628;6.559;3.386;2026-03-19T14:47:54.130797+00:00;P0;13.00
4854;DHT22;3628;6.559;3.386;2026-03-19T14:48:11.520675+00:00;humidity;60.20
4854;DHT22;3628;6.559;3.386;2026-03-19T14:48:11.520675+00:00;temperature;39.40
4853;pms5003;3628;6.559;3.386;2026-03-19T14:53:28.704288+00:00;P2;21.00
4853;pms5003;3628;6.559;3.386;2026-03-19T14:53:28.704288+00:00;P1;23.00
4853;pms5003;3628;6.559;3.386;2026-03-19T14:53:28.704288+00:00;P0;14.00
4854;DHT22;3628;6.559;3.386;2026-03-19T14:53:46.081832+00:00;humidity;63.00
4854;DHT22;3628;6.559;3.386;2026-03-19T14:53:46.081832+00:00;temperature;38.30
4853;pms5003;3628;6.559;3.386;2026-03-19T14:59:06.170018+00:00;P2;22.25
4853;pms5003;3628;6.559;3.386;2026-03-19T14:59:06.170018+00:00;P1;26.25
4853;pms5003;3628;6.559;3.386;2026-03-19T14:59:06.170018+00:00;P0;15.00
4854;DHT22;3628;6.559;3.386;2026-03-19T14:59:23.525575+00:00;humidity;64.60
4854;DHT22;3628;6.559;3.386;2026-03-19T14:59:23.525575+00:00;temperature;37.30
4853;pms5003;3628;6.559;3.386;2026-03-19T15:04:40.744809+00:00;P2;19.75
4853;pms5003;3628;6.559;3.386;2026-03-19T15:04:40.744809+00:00;P1;19.75
4853;pms5003;3628;6.559;3.386;2026-03-19T15:04:40.744809+00:00;P0;13.75
4854;DHT22;3628;6.559;3.386;2026-03-19T15:04:58.088778+00:00;humidity;66.60
4854;DHT22;3628;6.559;3.386;2026-03-19T15:04:58.088778+00:00;temperature;36.70
4853;pms5003;3628;6.559;3.386;2026-03-19T15:15:28.405882+00:00;P2;22.00
4853;pms5003;3628;6.559;3.386;2026-03-19T15:15:28.405882+00:00;P1;25.00
4853;pms5003;3628;6.559;3.386;2026-03-19T15:15:28.405882+00:00;P0;15.50
4854;DHT22;3628;6.559;3.386;2026-03-19T15:15:45.784519+00:00;humidity;67.70
4854;DHT22;3628;6.559;3.386;2026-03-19T15:15:45.784519+00:00;temperature;36.30
4853;pms5003;3628;6.559;3.386;2026-03-19T15:21:03.086585+00:00;P2;19.20
4853;pms5003;3628;6.559;3.386;2026-03-19T15:21:03.086585+00:00;P1;19.20
4853;pms5003;3628;6.559;3.386;2026-03-19T15:21:03.086585+00:00;P0;12.00
4854;DHT22;3628;6.559;3.386;2026-03-19T15:21:20.430819+00:00;humidity;68.60
4854;DHT22;3628;6.559;3.386;2026-03-19T15:21:20.430819+00:00;temperature;36.10
4853;pms5003;3628;6.559;3.386;2026-03-19T15:26:37.595507+00:00;P2;16.25
4853;pms5003;3628;6.559;3.386;2026-03-19T15:26:37.595507+00:00;P1;19.00
4853;pms5003;3628;6.559;3.386;2026-03-19T15:26:37.595507+00:00;P0;11.00
4854;DHT22;3628;6.559;3.386;2026-03-19T15:26:54.933081+00:00;humidity;69.20
4854;DHT22;3628;6.559;3.386;2026-03-19T15:26:54.933081+00:00;temperature;35.80
4854;DHT22;3628;6.559;3.386;2026-03-19T15:32:29.840488+00:00;humidity;69.40
4854;DHT22;3628;6.559;3.386;2026-03-19T15:32:29.840488+00:00;temperature;35.90
4854;DHT22;3628;6.559;3.386;2026-03-19T15:38:03.997785+00:00;humidity;69.70
4854;DHT22;3628;6.559;3.386;2026-03-19T15:38:03.997785+00:00;temperature;35.70
4853;pms5003;3628;6.559;3.386;2026-03-19T15:54:21.938547+00:00;P2;15.25
4853;pms5003;3628;6.559;3.386;2026-03-19T15:54:21.938547+00:00;P1;15.25
4853;pms5003;3628;6.559;3.386;2026-03-19T15:54:21.938547+00:00;P0;11.00
4854;DHT22;3628;6.559;3.386;2026-03-19T15:54:39.425441+00:00;humidity;70.90
4854;DHT22;3628;6.559;3.386;2026-03-19T15:54:39.425441+00:00;temperature;35.60
4853;pms5003;3628;6.559;3.386;2026-03-19T15:59:56.585376+00:00;P2;19.00
4853;pms5003;3628;6.559;3.386;2026-03-19T15:59:56.585376+00:00;P1;22.40
4853;pms5003;3628;6.559;3.386;2026-03-19T15:59:56.585376+00:00;P0;12.00
4853;pms5003;3628;6.559;3.386;2026-03-19T16:05:31.142096+00:00;P2;14.75
4853;pms5003;3628;6.559;3.386;2026-03-19T16:05:31.142096+00:00;P1;14.75
4853;pms5003;3628;6.559;3.386;2026-03-19T16:05:31.142096+00:00;P0;10.75
4854;DHT22;3628;6.559;3.386;2026-03-19T16:05:48.496034+00:00;humidity;71.70
4854;DHT22;3628;6.559;3.386;2026-03-19T16:05:48.496034+00:00;temperature;35.40
4853;pms5003;3628;6.559;3.386;2026-03-19T16:11:05.666014+00:00;P2;16.50
4853;pms5003;3628;6.559;3.386;2026-03-19T16:11:05.666014+00:00;P1;17.50
4853;pms5003;3628;6.559;3.386;2026-03-19T16:11:05.666014+00:00;P0;12.50
4854;DHT22;3628;6.559;3.386;2026-03-19T16:11:23.034473+00:00;humidity;74.10
4854;DHT22;3628;6.559;3.386;2026-03-19T16:11:23.034473+00:00;temperature;34.80
4853;pms5003;3628;6.559;3.386;2026-03-19T16:16:40.278608+00:00;P2;13.60
4853;pms5003;3628;6.559;3.386;2026-03-19T16:16:40.278608+00:00;P1;14.40
4853;pms5003;3628;6.559;3.386;2026-03-19T16:16:40.278608+00:00;P0;9.60
4853;pms5003;3628;6.559;3.386;2026-03-19T16:22:22.975857+00:00;P2;14.60
4853;pms5003;3628;6.559;3.386;2026-03-19T16:22:22.975857+00:00;P1;16.00
4853;pms5003;3628;6.559;3.386;2026-03-19T16:22:22.975857+00:00;P0;10.20
4853;pms5003;3628;6.559;3.386;2026-03-19T16:32:52.003446+00:00;P2;17.50
4853;pms5003;3628;6.559;3.386;2026-03-19T16:32:52.003446+00:00;P1;25.75
4853;pms5003;3628;6.559;3.386;2026-03-19T16:32:52.003446+00:00;P0;12.25
4854;DHT22;3628;6.559;3.386;2026-03-19T16:33:09.424188+00:00;humidity;74.50
4854;DHT22;3628;6.559;3.386;2026-03-19T16:33:09.424188+00:00;temperature;34.80
4853;pms5003;3628;6.559;3.386;2026-03-19T16:38:26.543322+00:00;P2;16.75
4853;pms5003;3628;6.559;3.386;2026-03-19T16:38:26.543322+00:00;P1;18.50
4853;pms5003;3628;6.559;3.386;2026-03-19T16:38:26.543322+00:00;P0;11.75
4854;DHT22;3628;6.559;3.386;2026-03-19T16:38:46.804287+00:00;humidity;74.70
4854;DHT22;3628;6.559;3.386;2026-03-19T16:38:46.804287+00:00;temperature;34.70
4854;DHT22;3628;6.559;3.386;2026-03-19T16:44:50.521981+00:00;humidity;74.20
4854;DHT22;3628;6.559;3.386;2026-03-19T16:44:50.521981+00:00;temperature;34.90
4853;pms5003;3628;6.559;3.386;2026-03-19T16:49:27.761555+00:00;P2;14.00
4853;pms5003;3628;6.559;3.386;2026-03-19T16:49:27.761555+00:00;P1;16.25
4853;pms5003;3628;6.559;3.386;2026-03-19T16:49:27.761555+00:00;P0;10.00
4854;DHT22;3628;6.559;3.386;2026-03-19T16:49:45.304138+00:00;humidity;74.10
4854;DHT22;3628;6.559;3.386;2026-03-19T16:49:45.304138+00:00;temperature;34.70
4854;DHT22;3628;6.559;3.386;2026-03-19T16:55:19.695429+00:00;humidity;75.00
4854;DHT22;3628;6.559;3.386;2026-03-19T16:55:19.695429+00:00;temperature;34.30
4853;pms5003;3628;6.559;3.386;2026-03-19T17:11:47.232674+00:00;P2;17.60
4853;pms5003;3628;6.559;3.386;2026-03-19T17:11:47.232674+00:00;P1;17.60
4853;pms5003;3628;6.559;3.386;2026-03-19T17:11:47.232674+00:00;P0;10.00
4853;pms5003;3628;6.559;3.386;2026-03-19T17:16:39.810242+00:00;P2;17.25
4853;pms5003;3628;6.559;3.386;2026-03-19T17:16:39.810242+00:00;P1;20.50
4853;pms5003;3628;6.559;3.386;2026-03-19T17:16:39.810242+00:00;P0;10.75
4854;DHT22;3628;6.559;3.386;2026-03-19T17:22:10.408239+00:00;humidity;77.60
4854;DHT22;3628;6.559;3.386;2026-03-19T17:22:10.408239+00:00;temperature;33.60
4853;pms5003;3628;6.559;3.386;2026-03-19T17:27:27.590979+00:00;P2;16.00
4853;pms5003;3628;6.559;3.386;2026-03-19T17:27:27.590979+00:00;P1;18.50
4853;pms5003;3628;6.559;3.386;2026-03-19T17:27:27.590979+00:00;P0;10.00
4854;DHT22;3628;6.559;3.386;2026-03-19T17:33:01.053972+00:00;humidity;78.00
4854;DHT22;3628;6.559;3.386;2026-03-19T17:33:01.053972+00:00;temperature;33.40
4853;pms5003;3628;6.559;3.386;2026-03-19T17:38:18.457422+00:00;P2;18.00
4853;pms5003;3628;6.559;3.386;2026-03-19T17:38:18.457422+00:00;P1;22.20
4853;pms5003;3628;6.559;3.386;2026-03-19T17:38:18.457422+00:00;P0;12.00
4854;DHT22;3628;6.559;3.386;2026-03-19T17:38:35.717862+00:00;humidity;78.60
4854;DHT22;3628;6.559;3.386;2026-03-19T17:38:35.717862+00:00;temperature;33.30
4853;pms5003;3628;6.559;3.386;2026-03-19T17:43:52.905819+00:00;P2;14.60
4853;pms5003;3628;6.559;3.386;2026-03-19T17:43:52.905819+00:00;P1;16.40
4853;pms5003;3628;6.559;3.386;2026-03-19T17:43:52.905819+00:00;P0;10.80
4854;DHT22;3628;6.559;3.386;2026-03-19T17:44:10.237675+00:00;humidity;79.80
4854;DHT22;3628;6.559;3.386;2026-03-19T17:44:10.237675+00:00;temperature;33.10
4853;pms5003;3628;6.559;3.386;2026-03-19T17:49:27.416238+00:00;P2;18.50
4853;pms5003;3628;6.559;3.386;2026-03-19T17:49:27.416238+00:00;P1;27.00
4853;pms5003;3628;6.559;3.386;2026-03-19T17:49:27.416238+00:00;P0;10.00
4853;pms5003;3628;6.559;3.386;2026-03-19T17:54:51.540844+00:00;P2;15.80
4853;pms5003;3628;6.559;3.386;2026-03-19T17:54:51.540844+00:00;P1;18.20
4853;pms5003;3628;6.559;3.386;2026-03-19T17:54:51.540844+00:00;P0;11.00
4854;DHT22;3628;6.559;3.386;2026-03-19T17:55:08.902347+00:00;humidity;78.00
4854;DHT22;3628;6.559;3.386;2026-03-19T17:55:08.902347+00:00;temperature;33.20
4854;DHT22;3628;6.559;3.386;2026-03-19T18:00:43.437836+00:00;humidity;78.50
4854;DHT22;3628;6.559;3.386;2026-03-19T18:00:43.437836+00:00;temperature;33.00
4854;DHT22;3628;6.559;3.386;2026-03-19T18:06:19.210904+00:00;humidity;78.70
4854;DHT22;3628;6.559;3.386;2026-03-19T18:06:19.210904+00:00;temperature;32.90
4853;pms5003;3628;6.559;3.386;2026-03-19T18:11:24.757866+00:00;P2;14.60
4853;pms5003;3628;6.559;3.386;2026-03-19T18:11:24.757866+00:00;P1;14.60
4853;pms5003;3628;6.559;3.386;2026-03-19T18:11:24.757866+00:00;P0;11.00
4854;DHT22;3628;6.559;3.386;2026-03-19T18:16:55.545816+00:00;humidity;81.00
4854;DHT22;3628;6.559;3.386;2026-03-19T18:16:55.545816+00:00;temperature;32.60
4853;pms5003;3628;6.559;3.386;2026-03-19T18:27:42.742285+00:00;P2;17.67
4853;pms5003;3628;6.559;3.386;2026-03-19T18:27:42.742285+00:00;P1;17.67
4853;pms5003;3628;6.559;3.386;2026-03-19T18:27:42.742285+00:00;P0;12.00
4854;DHT22;3628;6.559;3.386;2026-03-19T19:00:46.617557+00:00;humidity;82.10
4854;DHT22;3628;6.559;3.386;2026-03-19T19:00:46.617557+00:00;temperature;32.40
4854;DHT22;3628;6.559;3.386;2026-03-19T19:06:14.657163+00:00;humidity;82.50
4854;DHT22;3628;6.559;3.386;2026-03-19T19:06:14.657163+00:00;temperature;32.30
4853;pms5003;3628;6.559;3.386;2026-03-19T19:22:46.607718+00:00;P2;21.00
4853;pms5003;3628;6.559;3.386;2026-03-19T19:22:46.607718+00:00;P1;40.25
4853;pms5003;3628;6.559;3.386;2026-03-19T19:22:46.607718+00:00;P0;11.75
4853;pms5003;3628;6.559;3.386;2026-03-19T19:28:13.494468+00:00;P2;17.80
4853;pms5003;3628;6.559;3.386;2026-03-19T19:28:13.494468+00:00;P1;26.40
4853;pms5003;3628;6.559;3.386;2026-03-19T19:28:13.494468+00:00;P0;11.60
4853;pms5003;3628;6.559;3.386;2026-03-19T20:11:40.067035+00:00;P2;12.75
4853;pms5003;3628;6.559;3.386;2026-03-19T20:11:40.067035+00:00;P1;12.75
4853;pms5003;3628;6.559;3.386;2026-03-19T20:11:40.067035+00:00;P0;8.75
4854;DHT22;3628;6.559;3.386;2026-03-19T20:12:04.526577+00:00;humidity;83.40
4854;DHT22;3628;6.559;3.386;2026-03-19T20:12:04.526577+00:00;temperature;32.10
4853;pms5003;3628;6.559;3.386;2026-03-19T20:22:48.686573+00:00;P2;16.00
4853;pms5003;3628;6.559;3.386;2026-03-19T20:22:48.686573+00:00;P1;16.00
4853;pms5003;3628;6.559;3.386;2026-03-19T20:22:48.686573+00:00;P0;8.50
4854;DHT22;3628;6.559;3.386;2026-03-19T20:23:35.727092+00:00;humidity;83.60
4854;DHT22;3628;6.559;3.386;2026-03-19T20:23:35.727092+00:00;temperature;32.10
4854;DHT22;3628;6.559;3.386;2026-03-19T20:34:17.811042+00:00;humidity;84.10
4854;DHT22;3628;6.559;3.386;2026-03-19T20:34:17.811042+00:00;temperature;32.00
4853;pms5003;3628;6.559;3.386;2026-03-19T20:39:38.132756+00:00;P2;12.00
4853;pms5003;3628;6.559;3.386;2026-03-19T20:39:38.132756+00:00;P1;13.00
4853;pms5003;3628;6.559;3.386;2026-03-19T20:39:38.132756+00:00;P0;7.75
4854;DHT22;3628;6.559;3.386;2026-03-19T20:40:06.921828+00:00;humidity;84.50
4854;DHT22;3628;6.559;3.386;2026-03-19T20:40:06.921828+00:00;temperature;32.00
4853;pms5003;3628;6.559;3.386;2026-03-19T20:45:37.398511+00:00;P2;14.00
4853;pms5003;3628;6.559;3.386;2026-03-19T20:45:37.398511+00:00;P1;14.75
4853;pms5003;3628;6.559;3.386;2026-03-19T20:45:37.398511+00:00;P0;9.00
4853;pms5003;3628;6.559;3.386;2026-03-19T20:50:43.879803+00:00;P2;12.00
4853;pms5003;3628;6.559;3.386;2026-03-19T20:50:43.879803+00:00;P1;14.00
4853;pms5003;3628;6.559;3.386;2026-03-19T20:50:43.879803+00:00;P0;9.00
4853;pms5003;3628;6.559;3.386;2026-03-19T20:56:31.562980+00:00;P2;16.00
4853;pms5003;3628;6.559;3.386;2026-03-19T20:56:31.562980+00:00;P1;16.00
4853;pms5003;3628;6.559;3.386;2026-03-19T20:56:31.562980+00:00;P0;10.40
4854;DHT22;3628;6.559;3.386;2026-03-19T21:02:26.918639+00:00;humidity;84.40
4854;DHT22;3628;6.559;3.386;2026-03-19T21:02:26.918639+00:00;temperature;32.00
4853;pms5003;3628;6.559;3.386;2026-03-19T21:07:02.293309+00:00;P2;11.25
4853;pms5003;3628;6.559;3.386;2026-03-19T21:07:02.293309+00:00;P1;17.00
4853;pms5003;3628;6.559;3.386;2026-03-19T21:07:02.293309+00:00;P0;8.25
4853;pms5003;3628;6.559;3.386;2026-03-19T21:12:39.566402+00:00;P2;13.50
4853;pms5003;3628;6.559;3.386;2026-03-19T21:12:39.566402+00:00;P1;13.50
4853;pms5003;3628;6.559;3.386;2026-03-19T21:12:39.566402+00:00;P0;8.00
4854;DHT22;3628;6.559;3.386;2026-03-19T21:12:42.437096+00:00;humidity;84.50
4854;DHT22;3628;6.559;3.386;2026-03-19T21:12:42.437096+00:00;temperature;31.90
4853;pms5003;3628;6.559;3.386;2026-03-19T21:23:24.201299+00:00;P2;10.00
4853;pms5003;3628;6.559;3.386;2026-03-19T21:23:24.201299+00:00;P1;10.00
4853;pms5003;3628;6.559;3.386;2026-03-19T21:23:24.201299+00:00;P0;7.00
4854;DHT22;3628;6.559;3.386;2026-03-19T21:23:53.155845+00:00;humidity;84.80
4854;DHT22;3628;6.559;3.386;2026-03-19T21:23:53.155845+00:00;temperature;31.90
4853;pms5003;3628;6.559;3.386;2026-03-19T21:29:07.469824+00:00;P2;11.00
4853;pms5003;3628;6.559;3.386;2026-03-19T21:29:07.469824+00:00;P1;14.00
4853;pms5003;3628;6.559;3.386;2026-03-19T21:29:07.469824+00:00;P0;8.00
4854;DHT22;3628;6.559;3.386;2026-03-19T21:29:24.801917+00:00;humidity;84.50
4854;DHT22;3628;6.559;3.386;2026-03-19T21:29:24.801917+00:00;temperature;32.00
4853;pms5003;3628;6.559;3.386;2026-03-19T21:34:42.007666+00:00;P2;11.20
4853;pms5003;3628;6.559;3.386;2026-03-19T21:34:42.007666+00:00;P1;13.80
4853;pms5003;3628;6.559;3.386;2026-03-19T21:34:42.007666+00:00;P0;8.60
4854;DHT22;3628;6.559;3.386;2026-03-19T21:51:57.999328+00:00;humidity;84.40
4854;DHT22;3628;6.559;3.386;2026-03-19T21:51:57.999328+00:00;temperature;31.90
4853;pms5003;3628;6.559;3.386;2026-03-19T21:56:12.366116+00:00;P2;11.00
4853;pms5003;3628;6.559;3.386;2026-03-19T21:56:12.366116+00:00;P1;11.00
4853;pms5003;3628;6.559;3.386;2026-03-19T21:56:12.366116+00:00;P0;8.00
4854;DHT22;3628;6.559;3.386;2026-03-19T21:56:29.957978+00:00;humidity;84.50
4854;DHT22;3628;6.559;3.386;2026-03-19T21:56:29.957978+00:00;temperature;31.90
4854;DHT22;3628;6.559;3.386;2026-03-19T22:01:56.507675+00:00;humidity;85.40
4854;DHT22;3628;6.559;3.386;2026-03-19T22:01:56.507675+00:00;temperature;31.80
4853;pms5003;3628;6.559;3.386;2026-03-19T22:07:13.958809+00:00;P2;14.50
4853;pms5003;3628;6.559;3.386;2026-03-19T22:07:13.958809+00:00;P1;15.50
4853;pms5003;3628;6.559;3.386;2026-03-19T22:07:13.958809+00:00;P0;8.50
4854;DHT22;3628;6.559;3.386;2026-03-19T22:07:31.192461+00:00;humidity;85.80
4854;DHT22;3628;6.559;3.386;2026-03-19T22:07:31.192461+00:00;temperature;31.70
4853;pms5003;3628;6.559;3.386;2026-03-19T22:18:01.395204+00:00;P2;12.00
4853;pms5003;3628;6.559;3.386;2026-03-19T22:18:01.395204+00:00;P1;13.00
4853;pms5003;3628;6.559;3.386;2026-03-19T22:18:01.395204+00:00;P0;8.50
4854;DHT22;3628;6.559;3.386;2026-03-19T22:18:18.740638+00:00;humidity;85.90
4854;DHT22;3628;6.559;3.386;2026-03-19T22:18:18.740638+00:00;temperature;31.80
4853;pms5003;3628;6.559;3.386;2026-03-20T05:53:10.981023+00:00;P2;24.40
4853;pms5003;3628;6.559;3.386;2026-03-20T05:53:10.981023+00:00;P1;37.20
4853;pms5003;3628;6.559;3.386;2026-03-20T05:53:10.981023+00:00;P0;15.60
4854;DHT22;3628;6.559;3.386;2026-03-20T05:53:28.325041+00:00;humidity;97.90
4854;DHT22;3628;6.559;3.386;2026-03-20T05:53:28.325041+00:00;temperature;30.80
4853;pms5003;3628;6.559;3.386;2026-03-20T05:58:45.531654+00:00;P2;75.00
4853;pms5003;3628;6.559;3.386;2026-03-20T05:58:45.531654+00:00;P1;84.75
4853;pms5003;3628;6.559;3.386;2026-03-20T05:58:45.531654+00:00;P0;47.25
4854;DHT22;3628;6.559;3.386;2026-03-20T05:59:02.872839+00:00;humidity;96.60
4854;DHT22;3628;6.559;3.386;2026-03-20T05:59:02.872839+00:00;temperature;31.00
4854;DHT22;3628;6.559;3.386;2026-03-20T10:52:41.648668+00:00;humidity;58.00
4854;DHT22;3628;6.559;3.386;2026-03-20T10:52:41.648668+00:00;temperature;39.90
4853;pms5003;3628;6.559;3.386;2026-03-20T10:57:58.808563+00:00;P2;17.20
4853;pms5003;3628;6.559;3.386;2026-03-20T10:57:58.808563+00:00;P1;18.80
4853;pms5003;3628;6.559;3.386;2026-03-20T10:57:58.808563+00:00;P0;11.20
4853;pms5003;3628;6.559;3.386;2026-03-20T11:03:22.568158+00:00;P2;18.50
4853;pms5003;3628;6.559;3.386;2026-03-20T11:03:22.568158+00:00;P1;22.00
4853;pms5003;3628;6.559;3.386;2026-03-20T11:03:22.568158+00:00;P0;12.75
4853;pms5003;3628;6.559;3.386;2026-03-20T11:09:29.666930+00:00;P2;18.00
4853;pms5003;3628;6.559;3.386;2026-03-20T11:09:29.666930+00:00;P1;21.50
4853;pms5003;3628;6.559;3.386;2026-03-20T11:09:29.666930+00:00;P0;12.00
4854;DHT22;3628;6.559;3.386;2026-03-20T11:09:47.050325+00:00;humidity;61.00
4854;DHT22;3628;6.559;3.386;2026-03-20T11:09:47.050325+00:00;temperature;37.90
4853;pms5003;3628;6.559;3.386;2026-03-20T11:27:51.994784+00:00;P2;16.50
4853;pms5003;3628;6.559;3.386;2026-03-20T11:27:51.994784+00:00;P1;18.50
4853;pms5003;3628;6.559;3.386;2026-03-20T11:27:51.994784+00:00;P0;11.00
4854;DHT22;3628;6.559;3.386;2026-03-20T11:28:09.336586+00:00;humidity;64.10
4854;DHT22;3628;6.559;3.386;2026-03-20T11:28:09.336586+00:00;temperature;37.00
4853;pms5003;3628;6.559;3.386;2026-03-20T11:33:26.748013+00:00;P2;13.00
4853;pms5003;3628;6.559;3.386;2026-03-20T11:33:26.748013+00:00;P1;25.50
4853;pms5003;3628;6.559;3.386;2026-03-20T11:33:26.748013+00:00;P0;11.00
4854;DHT22;3628;6.559;3.386;2026-03-20T11:33:43.886051+00:00;humidity;63.30
4854;DHT22;3628;6.559;3.386;2026-03-20T11:33:43.886051+00:00;temperature;37.30
4853;pms5003;3628;6.559;3.386;2026-03-20T11:39:03.991868+00:00;P2;17.00
4853;pms5003;3628;6.559;3.386;2026-03-20T11:39:03.991868+00:00;P1;19.00
4853;pms5003;3628;6.559;3.386;2026-03-20T11:39:03.991868+00:00;P0;11.00
4854;DHT22;3628;6.559;3.386;2026-03-20T11:39:21.373277+00:00;humidity;59.90
4854;DHT22;3628;6.559;3.386;2026-03-20T11:39:21.373277+00:00;temperature;38.90
4853;pms5003;3628;6.559;3.386;2026-03-20T11:50:16.067967+00:00;P2;14.75
4853;pms5003;3628;6.559;3.386;2026-03-20T11:50:16.067967+00:00;P1;16.75
4853;pms5003;3628;6.559;3.386;2026-03-20T11:50:16.067967+00:00;P0;12.25
4853;pms5003;3628;6.559;3.386;2026-03-20T12:02:13.319329+00:00;P2;17.00
4853;pms5003;3628;6.559;3.386;2026-03-20T12:02:13.319329+00:00;P1;21.25
4853;pms5003;3628;6.559;3.386;2026-03-20T12:02:13.319329+00:00;P0;11.75
4854;DHT22;3628;6.559;3.386;2026-03-20T12:02:30.533017+00:00;humidity;58.80
4854;DHT22;3628;6.559;3.386;2026-03-20T12:02:30.533017+00:00;temperature;39.40
4854;DHT22;3628;6.559;3.386;2026-03-20T12:18:26.131407+00:00;humidity;63.10
4854;DHT22;3628;6.559;3.386;2026-03-20T12:18:26.131407+00:00;temperature;37.60
4853;pms5003;3628;6.559;3.386;2026-03-20T12:25:21.618722+00:00;P2;21.25
4853;pms5003;3628;6.559;3.386;2026-03-20T12:25:21.618722+00:00;P1;25.75
4853;pms5003;3628;6.559;3.386;2026-03-20T12:25:21.618722+00:00;P0;13.25
4854;DHT22;3628;6.559;3.386;2026-03-20T12:25:38.967007+00:00;humidity;62.20
4854;DHT22;3628;6.559;3.386;2026-03-20T12:25:38.967007+00:00;temperature;37.90
4853;pms5003;3628;6.559;3.386;2026-03-20T12:30:56.184828+00:00;P2;17.00
4853;pms5003;3628;6.559;3.386;2026-03-20T12:30:56.184828+00:00;P1;25.20
4853;pms5003;3628;6.559;3.386;2026-03-20T12:30:56.184828+00:00;P0;12.00
4854;DHT22;3628;6.559;3.386;2026-03-20T12:36:37.719328+00:00;humidity;59.50
4854;DHT22;3628;6.559;3.386;2026-03-20T12:36:37.719328+00:00;temperature;39.50
4853;pms5003;3628;6.559;3.386;2026-03-20T12:41:55.244014+00:00;P2;18.80
4853;pms5003;3628;6.559;3.386;2026-03-20T12:41:55.244014+00:00;P1;18.80
4853;pms5003;3628;6.559;3.386;2026-03-20T12:41:55.244014+00:00;P0;13.40
4854;DHT22;3628;6.559;3.386;2026-03-20T12:42:12.501665+00:00;humidity;58.70
4854;DHT22;3628;6.559;3.386;2026-03-20T12:42:12.501665+00:00;temperature;39.70
4853;pms5003;3628;6.559;3.386;2026-03-20T12:47:29.674137+00:00;P2;17.00
4853;pms5003;3628;6.559;3.386;2026-03-20T12:47:29.674137+00:00;P1;19.50
4853;pms5003;3628;6.559;3.386;2026-03-20T12:47:29.674137+00:00;P0;11.00
4854;DHT22;3628;6.559;3.386;2026-03-20T12:47:47.203921+00:00;humidity;59.30
4854;DHT22;3628;6.559;3.386;2026-03-20T12:47:47.203921+00:00;temperature;39.50
4854;DHT22;3628;6.559;3.386;2026-03-20T12:53:11.390877+00:00;humidity;55.10
4854;DHT22;3628;6.559;3.386;2026-03-20T12:53:11.390877+00:00;temperature;41.30
4853;pms5003;3628;6.559;3.386;2026-03-20T12:58:28.514840+00:00;P2;15.25
4853;pms5003;3628;6.559;3.386;2026-03-20T12:58:28.514840+00:00;P1;26.75
4853;pms5003;3628;6.559;3.386;2026-03-20T12:58:28.514840+00:00;P0;9.25
4854;DHT22;3628;6.559;3.386;2026-03-20T12:58:45.956078+00:00;humidity;56.90
4854;DHT22;3628;6.559;3.386;2026-03-20T12:58:45.956078+00:00;temperature;40.60
4854;DHT22;3628;6.559;3.386;2026-03-20T13:04:09.955473+00:00;humidity;55.30
4854;DHT22;3628;6.559;3.386;2026-03-20T13:04:09.955473+00:00;temperature;41.30
4853;pms5003;3628;6.559;3.386;2026-03-20T13:09:27.201856+00:00;P2;16.40
4853;pms5003;3628;6.559;3.386;2026-03-20T13:09:27.201856+00:00;P1;23.80
4853;pms5003;3628;6.559;3.386;2026-03-20T13:09:27.201856+00:00;P0;11.00
4854;DHT22;3628;6.559;3.386;2026-03-20T13:09:44.673101+00:00;humidity;54.20
4854;DHT22;3628;6.559;3.386;2026-03-20T13:09:44.673101+00:00;temperature;41.70
4854;DHT22;3628;6.559;3.386;2026-03-20T13:26:03.876912+00:00;humidity;55.40
4854;DHT22;3628;6.559;3.386;2026-03-20T13:26:03.876912+00:00;temperature;40.70
4853;pms5003;3628;6.559;3.386;2026-03-20T13:31:21.082378+00:00;P2;15.25
4853;pms5003;3628;6.559;3.386;2026-03-20T13:31:21.082378+00:00;P1;17.25
4853;pms5003;3628;6.559;3.386;2026-03-20T13:31:21.082378+00:00;P0;10.75
4854;DHT22;3628;6.559;3.386;2026-03-20T13:31:38.466278+00:00;humidity;56.70
4854;DHT22;3628;6.559;3.386;2026-03-20T13:31:38.466278+00:00;temperature;40.50
4853;pms5003;3628;6.559;3.386;2026-03-20T13:36:55.725932+00:00;P2;16.00
4853;pms5003;3628;6.559;3.386;2026-03-20T13:36:55.725932+00:00;P1;22.75
4853;pms5003;3628;6.559;3.386;2026-03-20T13:36:55.725932+00:00;P0;11.75
4853;pms5003;3628;6.559;3.386;2026-03-20T13:42:30.275947+00:00;P2;17.00
4853;pms5003;3628;6.559;3.386;2026-03-20T13:42:30.275947+00:00;P1;20.00
4853;pms5003;3628;6.559;3.386;2026-03-20T13:42:30.275947+00:00;P0;12.00
4854;DHT22;3628;6.559;3.386;2026-03-20T13:42:47.716629+00:00;humidity;55.00
4854;DHT22;3628;6.559;3.386;2026-03-20T13:42:47.716629+00:00;temperature;41.30
4853;pms5003;3628;6.559;3.386;2026-03-20T13:58:42.177000+00:00;P2;15.00
4853;pms5003;3628;6.559;3.386;2026-03-20T13:58:42.177000+00:00;P1;18.00
4853;pms5003;3628;6.559;3.386;2026-03-20T13:58:42.177000+00:00;P0;11.00
4854;DHT22;3628;6.559;3.386;2026-03-20T13:58:59.502475+00:00;humidity;56.70
4854;DHT22;3628;6.559;3.386;2026-03-20T13:58:59.502475+00:00;temperature;40.30
4853;pms5003;3628;6.559;3.386;2026-03-20T14:31:46.462104+00:00;P2;13.00
4853;pms5003;3628;6.559;3.386;2026-03-20T14:31:46.462104+00:00;P1;15.00
4853;pms5003;3628;6.559;3.386;2026-03-20T14:31:46.462104+00:00;P0;10.00
4854;DHT22;3628;6.559;3.386;2026-03-20T14:32:03.795573+00:00;humidity;58.10
4854;DHT22;3628;6.559;3.386;2026-03-20T14:32:03.795573+00:00;temperature;40.40
4854;DHT22;3628;6.559;3.386;2026-03-20T14:37:38.272551+00:00;humidity;58.70
4854;DHT22;3628;6.559;3.386;2026-03-20T14:37:38.272551+00:00;temperature;39.80
4854;DHT22;3628;6.559;3.386;2026-03-20T14:43:01.886709+00:00;humidity;56.60
4854;DHT22;3628;6.559;3.386;2026-03-20T14:43:01.886709+00:00;temperature;40.80
4853;pms5003;3628;6.559;3.386;2026-03-20T14:48:19.051801+00:00;P2;20.00
4853;pms5003;3628;6.559;3.386;2026-03-20T14:48:19.051801+00:00;P1;20.00
4853;pms5003;3628;6.559;3.386;2026-03-20T14:48:19.051801+00:00;P0;14.00
4854;DHT22;3628;6.559;3.386;2026-03-20T14:48:36.432061+00:00;humidity;59.70
4854;DHT22;3628;6.559;3.386;2026-03-20T14:48:36.432061+00:00;temperature;39.50
4853;pms5003;3628;6.559;3.386;2026-03-20T14:53:53.610271+00:00;P2;16.25
4853;pms5003;3628;6.559;3.386;2026-03-20T14:53:53.610271+00:00;P1;20.25
4853;pms5003;3628;6.559;3.386;2026-03-20T14:53:53.610271+00:00;P0;10.50
4854;DHT22;3628;6.559;3.386;2026-03-20T14:54:11.233645+00:00;humidity;61.20
4854;DHT22;3628;6.559;3.386;2026-03-20T14:54:11.233645+00:00;temperature;38.40
4854;DHT22;3628;6.559;3.386;2026-03-20T14:59:45.716414+00:00;humidity;62.50
4854;DHT22;3628;6.559;3.386;2026-03-20T14:59:45.716414+00:00;temperature;37.60
4854;DHT22;3628;6.559;3.386;2026-03-20T15:05:09.918515+00:00;humidity;64.10
4854;DHT22;3628;6.559;3.386;2026-03-20T15:05:09.918515+00:00;temperature;37.00
4854;DHT22;3628;6.559;3.386;2026-03-20T15:10:34.018955+00:00;humidity;63.00
4854;DHT22;3628;6.559;3.386;2026-03-20T15:10:34.018955+00:00;temperature;37.10
4853;pms5003;3628;6.559;3.386;2026-03-20T15:15:51.116890+00:00;P2;20.00
4853;pms5003;3628;6.559;3.386;2026-03-20T15:15:51.116890+00:00;P1;20.00
4853;pms5003;3628;6.559;3.386;2026-03-20T15:15:51.116890+00:00;P0;15.00
4854;DHT22;3628;6.559;3.386;2026-03-20T15:16:08.449903+00:00;humidity;64.30
4854;DHT22;3628;6.559;3.386;2026-03-20T15:16:08.449903+00:00;temperature;36.90
4854;DHT22;3628;6.559;3.386;2026-03-20T15:21:42.941273+00:00;humidity;64.00
4854;DHT22;3628;6.559;3.386;2026-03-20T15:21:42.941273+00:00;temperature;37.00
4853;pms5003;3628;6.559;3.386;2026-03-20T15:27:00.114394+00:00;P2;20.00
4853;pms5003;3628;6.559;3.386;2026-03-20T15:27:00.114394+00:00;P1;20.50
4853;pms5003;3628;6.559;3.386;2026-03-20T15:27:00.114394+00:00;P0;12.00
4854;DHT22;3628;6.559;3.386;2026-03-20T15:27:17.814869+00:00;humidity;64.80
4854;DHT22;3628;6.559;3.386;2026-03-20T15:27:17.814869+00:00;temperature;36.70
4853;pms5003;3628;6.559;3.386;2026-03-20T15:32:34.856552+00:00;P2;18.25
4853;pms5003;3628;6.559;3.386;2026-03-20T15:32:34.856552+00:00;P1;19.25
4853;pms5003;3628;6.559;3.386;2026-03-20T15:32:34.856552+00:00;P0;13.50
4854;DHT22;3628;6.559;3.386;2026-03-20T15:38:16.147575+00:00;humidity;66.70
4854;DHT22;3628;6.559;3.386;2026-03-20T15:38:16.147575+00:00;temperature;36.40
4853;pms5003;3628;6.559;3.386;2026-03-20T15:43:33.331799+00:00;P2;19.60
4853;pms5003;3628;6.559;3.386;2026-03-20T15:43:33.331799+00:00;P1;19.60
4853;pms5003;3628;6.559;3.386;2026-03-20T15:43:33.331799+00:00;P0;14.40
4854;DHT22;3628;6.559;3.386;2026-03-20T15:43:50.740704+00:00;humidity;67.70
4854;DHT22;3628;6.559;3.386;2026-03-20T15:43:50.740704+00:00;temperature;36.30
4853;pms5003;3628;6.559;3.386;2026-03-20T15:49:07.942349+00:00;P2;24.50
4853;pms5003;3628;6.559;3.386;2026-03-20T15:49:07.942349+00:00;P1;36.50
4853;pms5003;3628;6.559;3.386;2026-03-20T15:49:07.942349+00:00;P0;18.00
4854;DHT22;3628;6.559;3.386;2026-03-20T15:49:25.325336+00:00;humidity;66.40
4854;DHT22;3628;6.559;3.386;2026-03-20T15:49:25.325336+00:00;temperature;36.20
4853;pms5003;3628;6.559;3.386;2026-03-20T15:54:42.501895+00:00;P2;16.00
4853;pms5003;3628;6.559;3.386;2026-03-20T15:54:42.501895+00:00;P1;17.00
4853;pms5003;3628;6.559;3.386;2026-03-20T15:54:42.501895+00:00;P0;12.50
4854;DHT22;3628;6.559;3.386;2026-03-20T15:54:59.872633+00:00;humidity;67.30
4854;DHT22;3628;6.559;3.386;2026-03-20T15:54:59.872633+00:00;temperature;36.10
4853;pms5003;3628;6.559;3.386;2026-03-20T16:00:17.161666+00:00;P2;17.00
4853;pms5003;3628;6.559;3.386;2026-03-20T16:00:17.161666+00:00;P1;19.25
4853;pms5003;3628;6.559;3.386;2026-03-20T16:00:17.161666+00:00;P0;11.50
4854;DHT22;3628;6.559;3.386;2026-03-20T16:00:34.551469+00:00;humidity;69.10
4854;DHT22;3628;6.559;3.386;2026-03-20T16:00:34.551469+00:00;temperature;35.70
4853;pms5003;3628;6.559;3.386;2026-03-20T16:11:15.413855+00:00;P2;17.00
4853;pms5003;3628;6.559;3.386;2026-03-20T16:11:15.413855+00:00;P1;30.50
4853;pms5003;3628;6.559;3.386;2026-03-20T16:11:15.413855+00:00;P0;11.50
4854;DHT22;3628;6.559;3.386;2026-03-20T16:11:32.799757+00:00;humidity;68.50
4854;DHT22;3628;6.559;3.386;2026-03-20T16:11:32.799757+00:00;temperature;35.50
4853;pms5003;3628;6.559;3.386;2026-03-20T16:32:51.994407+00:00;P2;18.75
4853;pms5003;3628;6.559;3.386;2026-03-20T16:32:51.994407+00:00;P1;30.75
4853;pms5003;3628;6.559;3.386;2026-03-20T16:32:51.994407+00:00;P0;11.75
4853;pms5003;3628;6.559;3.386;2026-03-20T16:38:26.531241+00:00;P2;15.60
4853;pms5003;3628;6.559;3.386;2026-03-20T16:38:26.531241+00:00;P1;20.20
4853;pms5003;3628;6.559;3.386;2026-03-20T16:38:26.531241+00:00;P0;11.00
4854;DHT22;3628;6.559;3.386;2026-03-20T16:38:43.870263+00:00;humidity;71.10
4854;DHT22;3628;6.559;3.386;2026-03-20T16:38:43.870263+00:00;temperature;34.90
4853;pms5003;3628;6.559;3.386;2026-03-20T16:44:01.106923+00:00;P2;17.50
4853;pms5003;3628;6.559;3.386;2026-03-20T16:44:01.106923+00:00;P1;29.00
4853;pms5003;3628;6.559;3.386;2026-03-20T16:44:01.106923+00:00;P0;12.50
4854;DHT22;3628;6.559;3.386;2026-03-20T16:44:18.456643+00:00;humidity;70.60
4854;DHT22;3628;6.559;3.386;2026-03-20T16:44:18.456643+00:00;temperature;34.80
4853;pms5003;3628;6.559;3.386;2026-03-20T16:49:35.626926+00:00;P2;14.50
4853;pms5003;3628;6.559;3.386;2026-03-20T16:49:35.626926+00:00;P1;19.50
4853;pms5003;3628;6.559;3.386;2026-03-20T16:49:35.626926+00:00;P0;10.00
4854;DHT22;3628;6.559;3.386;2026-03-20T16:49:53.054144+00:00;humidity;72.40
4854;DHT22;3628;6.559;3.386;2026-03-20T16:49:53.054144+00:00;temperature;34.50
4853;pms5003;3628;6.559;3.386;2026-03-20T16:55:10.248629+00:00;P2;16.50
4853;pms5003;3628;6.559;3.386;2026-03-20T16:55:10.248629+00:00;P1;17.50
4853;pms5003;3628;6.559;3.386;2026-03-20T16:55:10.248629+00:00;P0;11.00
4854;DHT22;3628;6.559;3.386;2026-03-20T16:55:30.497718+00:00;humidity;73.10
4854;DHT22;3628;6.559;3.386;2026-03-20T16:55:30.497718+00:00;temperature;34.50
4853;pms5003;3628;6.559;3.386;2026-03-20T17:06:22.221145+00:00;P2;27.00
4853;pms5003;3628;6.559;3.386;2026-03-20T17:06:22.221145+00:00;P1;32.00
4853;pms5003;3628;6.559;3.386;2026-03-20T17:06:22.221145+00:00;P0;17.00
4853;pms5003;3628;6.559;3.386;2026-03-20T17:11:56.843887+00:00;P2;19.60
4853;pms5003;3628;6.559;3.386;2026-03-20T17:11:56.843887+00:00;P1;22.60
4853;pms5003;3628;6.559;3.386;2026-03-20T17:11:56.843887+00:00;P0;12.00
4853;pms5003;3628;6.559;3.386;2026-03-20T17:12:14.250191+00:00;humidity;74.30
4853;pms5003;3628;6.559;3.386;2026-03-20T17:12:14.250191+00:00;temperature;34.10
4853;pms5003;3628;6.559;3.386;2026-03-20T17:17:31.562847+00:00;P2;14.00
4853;pms5003;3628;6.559;3.386;2026-03-20T17:17:31.562847+00:00;P1;16.00
4853;pms5003;3628;6.559;3.386;2026-03-20T17:17:31.562847+00:00;P0;9.60
4854;DHT22;3628;6.559;3.386;2026-03-20T17:17:49.009792+00:00;humidity;74.80
4854;DHT22;3628;6.559;3.386;2026-03-20T17:17:49.009792+00:00;temperature;34.20
4853;pms5003;3628;6.559;3.386;2026-03-20T17:23:06.102612+00:00;P2;19.00
4853;pms5003;3628;6.559;3.386;2026-03-20T17:23:06.102612+00:00;P1;21.50
4853;pms5003;3628;6.559;3.386;2026-03-20T17:23:06.102612+00:00;P0;14.00
4854;DHT22;3628;6.559;3.386;2026-03-20T17:23:23.446851+00:00;humidity;75.40
4854;DHT22;3628;6.559;3.386;2026-03-20T17:23:23.446851+00:00;temperature;33.90
4853;pms5003;3628;6.559;3.386;2026-03-20T17:28:40.670918+00:00;P2;23.00
4853;pms5003;3628;6.559;3.386;2026-03-20T17:28:40.670918+00:00;P1;28.00
4853;pms5003;3628;6.559;3.386;2026-03-20T17:28:40.670918+00:00;P0;15.00
4853;pms5003;3628;6.559;3.386;2026-03-20T17:34:07.251087+00:00;P2;28.00
4853;pms5003;3628;6.559;3.386;2026-03-20T17:34:07.251087+00:00;P1;38.40
4853;pms5003;3628;6.559;3.386;2026-03-20T17:34:07.251087+00:00;P0;16.60
4854;DHT22;3628;6.559;3.386;2026-03-20T17:39:48.535654+00:00;humidity;76.20
4854;DHT22;3628;6.559;3.386;2026-03-20T17:39:48.535654+00:00;temperature;33.70
4853;pms5003;3628;6.559;3.386;2026-03-20T17:45:05.728417+00:00;P2;29.50
4853;pms5003;3628;6.559;3.386;2026-03-20T17:45:05.728417+00:00;P1;38.75
4853;pms5003;3628;6.559;3.386;2026-03-20T17:45:05.728417+00:00;P0;17.50
4853;pms5003;3628;6.559;3.386;2026-03-20T17:50:29.846690+00:00;P2;22.00
4853;pms5003;3628;6.559;3.386;2026-03-20T17:50:29.846690+00:00;P1;22.00
4853;pms5003;3628;6.559;3.386;2026-03-20T17:50:29.846690+00:00;P0;12.50
4853;pms5003;3628;6.559;3.386;2026-03-20T17:55:54.035476+00:00;P2;23.25
4853;pms5003;3628;6.559;3.386;2026-03-20T17:55:54.035476+00:00;P1;29.25
4853;pms5003;3628;6.559;3.386;2026-03-20T17:55:54.035476+00:00;P0;15.75
4854;DHT22;3628;6.559;3.386;2026-03-20T17:56:11.496858+00:00;humidity;78.90
4854;DHT22;3628;6.559;3.386;2026-03-20T17:56:11.496858+00:00;temperature;33.30
4853;pms5003;3628;6.559;3.386;2026-03-20T18:06:42.282333+00:00;P2;17.00
4853;pms5003;3628;6.559;3.386;2026-03-20T18:06:42.282333+00:00;P1;23.00
4853;pms5003;3628;6.559;3.386;2026-03-20T18:06:42.282333+00:00;P0;10.25
4854;DHT22;3628;6.559;3.386;2026-03-20T18:06:59.631489+00:00;humidity;78.50
4854;DHT22;3628;6.559;3.386;2026-03-20T18:06:59.631489+00:00;temperature;33.10
4854;DHT22;3628;6.559;3.386;2026-03-20T18:12:23.339473+00:00;humidity;78.80
4854;DHT22;3628;6.559;3.386;2026-03-20T18:12:23.339473+00:00;temperature;33.10
4853;pms5003;3628;6.559;3.386;2026-03-20T18:17:40.543812+00:00;P2;17.00
4853;pms5003;3628;6.559;3.386;2026-03-20T18:17:40.543812+00:00;P1;19.20
4853;pms5003;3628;6.559;3.386;2026-03-20T18:17:40.543812+00:00;P0;10.00
4854;DHT22;3628;6.559;3.386;2026-03-20T18:17:57.881809+00:00;humidity;80.20
4854;DHT22;3628;6.559;3.386;2026-03-20T18:17:57.881809+00:00;temperature;32.90
4853;pms5003;3628;6.559;3.386;2026-03-20T18:23:15.113478+00:00;P2;13.00
4853;pms5003;3628;6.559;3.386;2026-03-20T18:23:15.113478+00:00;P1;16.00
4853;pms5003;3628;6.559;3.386;2026-03-20T18:23:15.113478+00:00;P0;10.00
4853;pms5003;3628;6.559;3.386;2026-03-20T18:28:49.673228+00:00;P2;15.00
4853;pms5003;3628;6.559;3.386;2026-03-20T18:28:49.673228+00:00;P1;18.00
4853;pms5003;3628;6.559;3.386;2026-03-20T18:28:49.673228+00:00;P0;9.00
4854;DHT22;3628;6.559;3.386;2026-03-20T18:29:07.051523+00:00;humidity;80.80
4854;DHT22;3628;6.559;3.386;2026-03-20T18:29:07.051523+00:00;temperature;32.90
4853;pms5003;3628;6.559;3.386;2026-03-20T18:34:24.221737+00:00;P2;16.00
4853;pms5003;3628;6.559;3.386;2026-03-20T18:34:24.221737+00:00;P1;21.00
4853;pms5003;3628;6.559;3.386;2026-03-20T18:34:24.221737+00:00;P0;10.50
4854;DHT22;3628;6.559;3.386;2026-03-20T18:34:41.566555+00:00;humidity;80.70
4854;DHT22;3628;6.559;3.386;2026-03-20T18:34:41.566555+00:00;temperature;32.70
4853;pms5003;3628;6.559;3.386;2026-03-20T18:39:58.749925+00:00;P2;16.50
4853;pms5003;3628;6.559;3.386;2026-03-20T18:39:58.749925+00:00;P1;18.00
4853;pms5003;3628;6.559;3.386;2026-03-20T18:39:58.749925+00:00;P0;10.00
4854;DHT22;3628;6.559;3.386;2026-03-20T18:40:16.117555+00:00;humidity;81.20
4854;DHT22;3628;6.559;3.386;2026-03-20T18:40:16.117555+00:00;temperature;32.70
4853;pms5003;3628;6.559;3.386;2026-03-20T18:45:33.292845+00:00;P2;19.75
4853;pms5003;3628;6.559;3.386;2026-03-20T18:45:33.292845+00:00;P1;20.50
4853;pms5003;3628;6.559;3.386;2026-03-20T18:45:33.292845+00:00;P0;12.75
4853;pms5003;3628;6.559;3.386;2026-03-20T18:50:57.157802+00:00;P2;16.80
4853;pms5003;3628;6.559;3.386;2026-03-20T18:50:57.157802+00:00;P1;19.00
4853;pms5003;3628;6.559;3.386;2026-03-20T18:50:57.157802+00:00;P0;10.40
4854;DHT22;3628;6.559;3.386;2026-03-20T18:51:14.570847+00:00;humidity;82.20
4854;DHT22;3628;6.559;3.386;2026-03-20T18:51:14.570847+00:00;temperature;32.60
4854;DHT22;3628;6.559;3.386;2026-03-20T18:56:38.613984+00:00;humidity;83.20
4854;DHT22;3628;6.559;3.386;2026-03-20T18:56:38.613984+00:00;temperature;32.50
4853;pms5003;3628;6.559;3.386;2026-03-20T19:01:56.187327+00:00;P2;19.00
4853;pms5003;3628;6.559;3.386;2026-03-20T19:01:56.187327+00:00;P1;27.75
4853;pms5003;3628;6.559;3.386;2026-03-20T19:01:56.187327+00:00;P0;12.25
4854;DHT22;3628;6.559;3.386;2026-03-20T19:02:13.419318+00:00;humidity;83.90
4854;DHT22;3628;6.559;3.386;2026-03-20T19:02:13.419318+00:00;temperature;32.50
4853;pms5003;3628;6.559;3.386;2026-03-20T19:07:36.529877+00:00;P2;19.00
4853;pms5003;3628;6.559;3.386;2026-03-20T19:07:36.529877+00:00;P1;20.00
4853;pms5003;3628;6.559;3.386;2026-03-20T19:07:36.529877+00:00;P0;12.50
4853;pms5003;3628;6.559;3.386;2026-03-20T19:13:03.554971+00:00;P2;21.75
4853;pms5003;3628;6.559;3.386;2026-03-20T19:13:03.554971+00:00;P1;41.00
4853;pms5003;3628;6.559;3.386;2026-03-20T19:13:03.554971+00:00;P0;14.00
4853;pms5003;3628;6.559;3.386;2026-03-20T19:13:26.533893+00:00;humidity;83.40
4853;pms5003;3628;6.559;3.386;2026-03-20T19:13:26.533893+00:00;temperature;32.50
4854;DHT22;3628;6.559;3.386;2026-03-20T19:20:56.214784+00:00;humidity;84.00
4854;DHT22;3628;6.559;3.386;2026-03-20T19:20:56.214784+00:00;temperature;32.40
4853;pms5003;3628;6.559;3.386;2026-03-20T19:31:47.411892+00:00;P2;22.50
4853;pms5003;3628;6.559;3.386;2026-03-20T19:31:47.411892+00:00;P1;24.00
4853;pms5003;3628;6.559;3.386;2026-03-20T19:31:47.411892+00:00;P0;16.00
4854;DHT22;3628;6.559;3.386;2026-03-20T19:37:39.487886+00:00;humidity;84.10
4854;DHT22;3628;6.559;3.386;2026-03-20T19:37:39.487886+00:00;temperature;32.40
4854;DHT22;3628;6.559;3.386;2026-03-20T19:43:03.366328+00:00;humidity;84.40
4854;DHT22;3628;6.559;3.386;2026-03-20T19:43:03.366328+00:00;temperature;32.40
4854;DHT22;3628;6.559;3.386;2026-03-20T19:48:37.934620+00:00;humidity;83.80
4854;DHT22;3628;6.559;3.386;2026-03-20T19:48:37.934620+00:00;temperature;32.50
4853;pms5003;3628;6.559;3.386;2026-03-20T19:53:55.119054+00:00;P2;24.00
4853;pms5003;3628;6.559;3.386;2026-03-20T19:53:55.119054+00:00;P1;33.75
4853;pms5003;3628;6.559;3.386;2026-03-20T19:53:55.119054+00:00;P0;14.25
4854;DHT22;3628;6.559;3.386;2026-03-20T19:54:12.490634+00:00;humidity;84.10
4854;DHT22;3628;6.559;3.386;2026-03-20T19:54:12.490634+00:00;temperature;32.30
4853;pms5003;3628;6.559;3.386;2026-03-20T19:59:29.675958+00:00;P2;23.75
4853;pms5003;3628;6.559;3.386;2026-03-20T19:59:29.675958+00:00;P1;27.75
4853;pms5003;3628;6.559;3.386;2026-03-20T19:59:29.675958+00:00;P0;16.50
4854;DHT22;3628;6.559;3.386;2026-03-20T19:59:47.029755+00:00;humidity;84.20
4854;DHT22;3628;6.559;3.386;2026-03-20T19:59:47.029755+00:00;temperature;32.30
4853;pms5003;3628;6.559;3.386;2026-03-20T20:05:04.254704+00:00;P2;23.00
4853;pms5003;3628;6.559;3.386;2026-03-20T20:05:04.254704+00:00;P1;27.00
4853;pms5003;3628;6.559;3.386;2026-03-20T20:05:04.254704+00:00;P0;16.40
4853;pms5003;3628;6.559;3.386;2026-03-20T20:16:03.091596+00:00;P2;30.00
4853;pms5003;3628;6.559;3.386;2026-03-20T20:16:03.091596+00:00;P1;37.50
4853;pms5003;3628;6.559;3.386;2026-03-20T20:16:03.091596+00:00;P0;20.00
4854;DHT22;3628;6.559;3.386;2026-03-20T20:16:20.480716+00:00;humidity;85.00
4854;DHT22;3628;6.559;3.386;2026-03-20T20:16:20.480716+00:00;temperature;32.30
4853;pms5003;3628;6.559;3.386;2026-03-20T20:21:37.647686+00:00;P2;26.75
4853;pms5003;3628;6.559;3.386;2026-03-20T20:21:37.647686+00:00;P1;33.25
4853;pms5003;3628;6.559;3.386;2026-03-20T20:21:37.647686+00:00;P0;16.75
4854;DHT22;3628;6.559;3.386;2026-03-20T20:21:55.002096+00:00;humidity;85.50
4854;DHT22;3628;6.559;3.386;2026-03-20T20:21:55.002096+00:00;temperature;32.20
4853;pms5003;3628;6.559;3.386;2026-03-20T20:27:12.175593+00:00;P2;19.00
4853;pms5003;3628;6.559;3.386;2026-03-20T20:27:12.175593+00:00;P1;31.50
4853;pms5003;3628;6.559;3.386;2026-03-20T20:27:12.175593+00:00;P0;11.75
4854;DHT22;3628;6.559;3.386;2026-03-20T20:27:29.561853+00:00;humidity;85.70
4854;DHT22;3628;6.559;3.386;2026-03-20T20:27:29.561853+00:00;temperature;32.20
4853;pms5003;3628;6.559;3.386;2026-03-20T20:32:46.747389+00:00;P2;20.50
4853;pms5003;3628;6.559;3.386;2026-03-20T20:32:46.747389+00:00;P1;20.50
4853;pms5003;3628;6.559;3.386;2026-03-20T20:32:46.747389+00:00;P0;12.50
4854;DHT22;3628;6.559;3.386;2026-03-20T20:33:04.092915+00:00;humidity;86.20
4854;DHT22;3628;6.559;3.386;2026-03-20T20:33:04.092915+00:00;temperature;32.20
4853;pms5003;3628;6.559;3.386;2026-03-20T20:38:21.260095+00:00;P2;15.00
4853;pms5003;3628;6.559;3.386;2026-03-20T20:38:21.260095+00:00;P1;19.00
4853;pms5003;3628;6.559;3.386;2026-03-20T20:38:21.260095+00:00;P0;11.00
4854;DHT22;3628;6.559;3.386;2026-03-20T20:38:38.735991+00:00;humidity;86.20
4854;DHT22;3628;6.559;3.386;2026-03-20T20:38:38.735991+00:00;temperature;32.20
4853;pms5003;3628;6.559;3.386;2026-03-20T20:43:55.915209+00:00;P2;17.00
4853;pms5003;3628;6.559;3.386;2026-03-20T20:43:55.915209+00:00;P1;17.00
4853;pms5003;3628;6.559;3.386;2026-03-20T20:43:55.915209+00:00;P0;10.00
4854;DHT22;3628;6.559;3.386;2026-03-20T20:44:13.372549+00:00;humidity;85.60
4854;DHT22;3628;6.559;3.386;2026-03-20T20:44:13.372549+00:00;temperature;32.20
4853;pms5003;3628;6.559;3.386;2026-03-20T20:49:30.507734+00:00;P2;17.00
4853;pms5003;3628;6.559;3.386;2026-03-20T20:49:30.507734+00:00;P1;31.40
4853;pms5003;3628;6.559;3.386;2026-03-20T20:49:30.507734+00:00;P0;13.00
4853;pms5003;3628;6.559;3.386;2026-03-20T20:54:54.308145+00:00;P2;15.75
4853;pms5003;3628;6.559;3.386;2026-03-20T20:54:54.308145+00:00;P1;17.00
4853;pms5003;3628;6.559;3.386;2026-03-20T20:54:54.308145+00:00;P0;12.00
4854;DHT22;3628;6.559;3.386;2026-03-20T20:55:11.870259+00:00;humidity;86.20
4854;DHT22;3628;6.559;3.386;2026-03-20T20:55:11.870259+00:00;temperature;32.20
4854;DHT22;3628;6.559;3.386;2026-03-20T21:00:46.592215+00:00;humidity;86.10
4854;DHT22;3628;6.559;3.386;2026-03-20T21:00:46.592215+00:00;temperature;32.20
4853;pms5003;3628;6.559;3.386;2026-03-20T21:06:03.825926+00:00;P2;13.50
4853;pms5003;3628;6.559;3.386;2026-03-20T21:06:03.825926+00:00;P1;21.50
4853;pms5003;3628;6.559;3.386;2026-03-20T21:06:03.825926+00:00;P0;9.00
4854;DHT22;3628;6.559;3.386;2026-03-20T21:06:21.154497+00:00;humidity;86.70
4854;DHT22;3628;6.559;3.386;2026-03-20T21:06:21.154497+00:00;temperature;32.00
4853;pms5003;3628;6.559;3.386;2026-03-20T21:11:38.351705+00:00;P2;13.50
4853;pms5003;3628;6.559;3.386;2026-03-20T21:11:38.351705+00:00;P1;26.00
4853;pms5003;3628;6.559;3.386;2026-03-20T21:11:38.351705+00:00;P0;8.75
4854;DHT22;3628;6.559;3.386;2026-03-20T21:11:55.830918+00:00;humidity;86.60
4854;DHT22;3628;6.559;3.386;2026-03-20T21:11:55.830918+00:00;temperature;32.10
4853;pms5003;3628;6.559;3.386;2026-03-20T21:17:12.961922+00:00;P2;17.25
4853;pms5003;3628;6.559;3.386;2026-03-20T21:17:12.961922+00:00;P1;17.25
4853;pms5003;3628;6.559;3.386;2026-03-20T21:17:12.961922+00:00;P0;11.25
4854;DHT22;3628;6.559;3.386;2026-03-20T21:17:30.306124+00:00;humidity;86.50
4854;DHT22;3628;6.559;3.386;2026-03-20T21:17:30.306124+00:00;temperature;32.00
4853;pms5003;3628;6.559;3.386;2026-03-20T21:22:47.582420+00:00;P2;19.25
4853;pms5003;3628;6.559;3.386;2026-03-20T21:22:47.582420+00:00;P1;22.75
4853;pms5003;3628;6.559;3.386;2026-03-20T21:22:47.582420+00:00;P0;12.00
4854;DHT22;3628;6.559;3.386;2026-03-20T21:23:05.007433+00:00;humidity;86.40
4854;DHT22;3628;6.559;3.386;2026-03-20T21:23:05.007433+00:00;temperature;31.90
4853;pms5003;3628;6.559;3.386;2026-03-20T21:28:22.349333+00:00;P2;27.75
4853;pms5003;3628;6.559;3.386;2026-03-20T21:28:22.349333+00:00;P1;39.75
4853;pms5003;3628;6.559;3.386;2026-03-20T21:28:22.349333+00:00;P0;16.50
4854;DHT22;3628;6.559;3.386;2026-03-20T21:28:39.914156+00:00;humidity;86.40
4854;DHT22;3628;6.559;3.386;2026-03-20T21:28:39.914156+00:00;temperature;32.00
4853;pms5003;3628;6.559;3.386;2026-03-20T21:33:57.175543+00:00;P2;30.00
4853;pms5003;3628;6.559;3.386;2026-03-20T21:33:57.175543+00:00;P1;35.20
4853;pms5003;3628;6.559;3.386;2026-03-20T21:33:57.175543+00:00;P0;20.00
4854;DHT22;3628;6.559;3.386;2026-03-20T21:34:14.595345+00:00;humidity;87.20
4854;DHT22;3628;6.559;3.386;2026-03-20T21:34:14.595345+00:00;temperature;32.00
4853;pms5003;3628;6.559;3.386;2026-03-20T21:39:32.038028+00:00;P2;25.00
4853;pms5003;3628;6.559;3.386;2026-03-20T21:39:32.038028+00:00;P1;35.50
4853;pms5003;3628;6.559;3.386;2026-03-20T21:39:32.038028+00:00;P0;16.25
4854;DHT22;3628;6.559;3.386;2026-03-20T21:39:49.636381+00:00;humidity;87.90
4854;DHT22;3628;6.559;3.386;2026-03-20T21:39:49.636381+00:00;temperature;31.90
4853;pms5003;3628;6.559;3.386;2026-03-20T21:45:06.912412+00:00;P2;27.50
4853;pms5003;3628;6.559;3.386;2026-03-20T21:45:06.912412+00:00;P1;44.50
4853;pms5003;3628;6.559;3.386;2026-03-20T21:45:06.912412+00:00;P0;19.50
4854;DHT22;3628;6.559;3.386;2026-03-20T21:45:24.223984+00:00;humidity;86.80
4854;DHT22;3628;6.559;3.386;2026-03-20T21:45:24.223984+00:00;temperature;31.90
4853;pms5003;3628;6.559;3.386;2026-03-20T21:56:08.268234+00:00;P2;23.80
4853;pms5003;3628;6.559;3.386;2026-03-20T21:56:08.268234+00:00;P1;30.80
4853;pms5003;3628;6.559;3.386;2026-03-20T21:56:08.268234+00:00;P0;16.80
4853;pms5003;3628;6.559;3.386;2026-03-20T22:01:32.831352+00:00;P2;26.50
4853;pms5003;3628;6.559;3.386;2026-03-20T22:01:32.831352+00:00;P1;34.50
4853;pms5003;3628;6.559;3.386;2026-03-20T22:01:32.831352+00:00;P0;17.50
4854;DHT22;3628;6.559;3.386;2026-03-20T22:01:50.450489+00:00;humidity;85.90
4854;DHT22;3628;6.559;3.386;2026-03-20T22:01:50.450489+00:00;temperature;32.00
4853;pms5003;3628;6.559;3.386;2026-03-20T22:07:07.490307+00:00;P2;19.00
4853;pms5003;3628;6.559;3.386;2026-03-20T22:07:07.490307+00:00;P1;20.50
4853;pms5003;3628;6.559;3.386;2026-03-20T22:07:07.490307+00:00;P0;12.50
4854;DHT22;3628;6.559;3.386;2026-03-20T22:07:24.857692+00:00;humidity;86.60
4854;DHT22;3628;6.559;3.386;2026-03-20T22:07:24.857692+00:00;temperature;31.90
4854;DHT22;3628;6.559;3.386;2026-03-20T22:12:48.999338+00:00;humidity;87.30
4854;DHT22;3628;6.559;3.386;2026-03-20T22:12:48.999338+00:00;temperature;31.80
4853;pms5003;3628;6.559;3.386;2026-03-20T22:18:06.009129+00:00;P2;20.67
4853;pms5003;3628;6.559;3.386;2026-03-20T22:18:06.009129+00:00;P1;22.67
4853;pms5003;3628;6.559;3.386;2026-03-20T22:18:06.009129+00:00;P0;13.67
4854;DHT22;3628;6.559;3.386;2026-03-20T22:18:23.387208+00:00;humidity;87.80
4854;DHT22;3628;6.559;3.386;2026-03-20T22:18:23.387208+00:00;temperature;31.80
4854;DHT22;3628;6.559;3.386;2026-03-20T22:23:50.023817+00:00;humidity;88.30
4854;DHT22;3628;6.559;3.386;2026-03-20T22:23:50.023817+00:00;temperature;31.80
4853;pms5003;3628;6.559;3.386;2026-03-20T22:29:07.200931+00:00;P2;15.00
4853;pms5003;3628;6.559;3.386;2026-03-20T22:29:07.200931+00:00;P1;16.00
4853;pms5003;3628;6.559;3.386;2026-03-20T22:29:07.200931+00:00;P0;9.80
4854;DHT22;3628;6.559;3.386;2026-03-20T22:29:24.593870+00:00;humidity;88.50
4854;DHT22;3628;6.559;3.386;2026-03-20T22:29:24.593870+00:00;temperature;31.70
4853;pms5003;3628;6.559;3.386;2026-03-20T22:34:41.901584+00:00;P2;21.20
4853;pms5003;3628;6.559;3.386;2026-03-20T22:34:41.901584+00:00;P1;22.20
4853;pms5003;3628;6.559;3.386;2026-03-20T22:34:41.901584+00:00;P0;16.20
4854;DHT22;3628;6.559;3.386;2026-03-20T22:40:13.335341+00:00;humidity;88.70
4854;DHT22;3628;6.559;3.386;2026-03-20T22:40:13.335341+00:00;temperature;31.70
4853;pms5003;3628;6.559;3.386;2026-03-20T22:45:30.504156+00:00;P2;18.00
4853;pms5003;3628;6.559;3.386;2026-03-20T22:45:30.504156+00:00;P1;18.00
4853;pms5003;3628;6.559;3.386;2026-03-20T22:45:30.504156+00:00;P0;13.00
4853;pms5003;3628;6.559;3.386;2026-03-20T22:50:54.221096+00:00;P2;22.25
4853;pms5003;3628;6.559;3.386;2026-03-20T22:50:54.221096+00:00;P1;25.00
4853;pms5003;3628;6.559;3.386;2026-03-20T22:50:54.221096+00:00;P0;16.00
4854;DHT22;3628;6.559;3.386;2026-03-20T22:56:35.753227+00:00;humidity;88.70
4854;DHT22;3628;6.559;3.386;2026-03-20T22:56:35.753227+00:00;temperature;31.70
4853;pms5003;3628;6.559;3.386;2026-03-20T23:01:52.965869+00:00;P2;18.75
4853;pms5003;3628;6.559;3.386;2026-03-20T23:01:52.965869+00:00;P1;29.00
4853;pms5003;3628;6.559;3.386;2026-03-20T23:01:52.965869+00:00;P0;12.00
4854;DHT22;3628;6.559;3.386;2026-03-20T23:02:10.295806+00:00;humidity;88.40
4854;DHT22;3628;6.559;3.386;2026-03-20T23:02:10.295806+00:00;temperature;31.70
4854;DHT22;3628;6.559;3.386;2026-03-21T05:48:45.359821+00:00;humidity;100.00
4854;DHT22;3628;6.559;3.386;2026-03-21T05:48:45.359821+00:00;temperature;30.50
4853;pms5003;3628;6.559;3.386;2026-03-21T05:54:02.480419+00:00;P2;32.00
4853;pms5003;3628;6.559;3.386;2026-03-21T05:54:02.480419+00:00;P1;36.33
4853;pms5003;3628;6.559;3.386;2026-03-21T05:54:02.480419+00:00;P0;20.33
4854;DHT22;3628;6.559;3.386;2026-03-21T05:54:19.858381+00:00;humidity;100.00
4854;DHT22;3628;6.559;3.386;2026-03-21T05:54:19.858381+00:00;temperature;31.20
4853;pms5003;3628;6.559;3.386;2026-03-21T05:59:37.052107+00:00;P2;26.75
4853;pms5003;3628;6.559;3.386;2026-03-21T05:59:37.052107+00:00;P1;26.75
4853;pms5003;3628;6.559;3.386;2026-03-21T05:59:37.052107+00:00;P0;19.75
4854;DHT22;3628;6.559;3.386;2026-03-21T05:59:54.398839+00:00;humidity;100.00
4854;DHT22;3628;6.559;3.386;2026-03-21T05:59:54.398839+00:00;temperature;31.30
4853;pms5003;3628;6.559;3.386;2026-03-21T09:53:15.021923+00:00;P2;29.60
4853;pms5003;3628;6.559;3.386;2026-03-21T09:53:15.021923+00:00;P1;36.60
4853;pms5003;3628;6.559;3.386;2026-03-21T09:53:15.021923+00:00;P0;21.60
4853;pms5003;3628;6.559;3.386;2026-03-21T10:10:36.314182+00:00;P2;32.00
4853;pms5003;3628;6.559;3.386;2026-03-21T10:10:36.314182+00:00;P1;45.25
4853;pms5003;3628;6.559;3.386;2026-03-21T10:10:36.314182+00:00;P0;23.00
4854;DHT22;3628;6.559;3.386;2026-03-21T10:11:02.316007+00:00;humidity;65.10
4854;DHT22;3628;6.559;3.386;2026-03-21T10:11:02.316007+00:00;temperature;37.90
4853;pms5003;3628;6.559;3.386;2026-03-21T10:43:36.261921+00:00;P2;18.75
4853;pms5003;3628;6.559;3.386;2026-03-21T10:43:36.261921+00:00;P1;18.75
4853;pms5003;3628;6.559;3.386;2026-03-21T10:43:36.261921+00:00;P0;12.75
4854;DHT22;3628;6.559;3.386;2026-03-21T10:54:20.153339+00:00;humidity;62.40
4854;DHT22;3628;6.559;3.386;2026-03-21T10:54:20.153339+00:00;temperature;39.50
4853;pms5003;3628;6.559;3.386;2026-03-21T10:59:37.658262+00:00;P2;31.00
4853;pms5003;3628;6.559;3.386;2026-03-21T10:59:37.658262+00:00;P1;41.67
4853;pms5003;3628;6.559;3.386;2026-03-21T10:59:37.658262+00:00;P0;22.00
4854;DHT22;3628;6.559;3.386;2026-03-21T10:59:54.933502+00:00;humidity;62.30
4854;DHT22;3628;6.559;3.386;2026-03-21T10:59:54.933502+00:00;temperature;39.50
4853;pms5003;3628;6.559;3.386;2026-03-21T11:05:20.226938+00:00;P2;19.00
4853;pms5003;3628;6.559;3.386;2026-03-21T11:05:20.226938+00:00;P1;23.00
4853;pms5003;3628;6.559;3.386;2026-03-21T11:05:20.226938+00:00;P0;13.50
4853;pms5003;3628;6.559;3.386;2026-03-21T11:10:41.849720+00:00;P2;21.75
4853;pms5003;3628;6.559;3.386;2026-03-21T11:10:41.849720+00:00;P1;22.00
4853;pms5003;3628;6.559;3.386;2026-03-21T11:10:41.849720+00:00;P0;14.75
4854;DHT22;3628;6.559;3.386;2026-03-21T11:11:02.153178+00:00;humidity;59.40
4854;DHT22;3628;6.559;3.386;2026-03-21T11:11:02.153178+00:00;temperature;40.50
4853;pms5003;3628;6.559;3.386;2026-03-21T12:14:29.159746+00:00;P2;23.80
4853;pms5003;3628;6.559;3.386;2026-03-21T12:14:29.159746+00:00;P1;40.60
4853;pms5003;3628;6.559;3.386;2026-03-21T12:14:29.159746+00:00;P0;16.00
4854;DHT22;3628;6.559;3.386;2026-03-21T12:14:46.569653+00:00;humidity;69.90
4854;DHT22;3628;6.559;3.386;2026-03-21T12:14:46.569653+00:00;temperature;35.50
4854;DHT22;3628;6.559;3.386;2026-03-21T12:25:56.917652+00:00;humidity;70.10
4854;DHT22;3628;6.559;3.386;2026-03-21T12:25:56.917652+00:00;temperature;35.70
4853;pms5003;3628;6.559;3.386;2026-03-21T12:31:14.173944+00:00;P2;29.25
4853;pms5003;3628;6.559;3.386;2026-03-21T12:31:14.173944+00:00;P1;43.75
4853;pms5003;3628;6.559;3.386;2026-03-21T12:31:14.173944+00:00;P0;20.00
4854;DHT22;3628;6.559;3.386;2026-03-21T12:31:31.537668+00:00;humidity;69.10
4854;DHT22;3628;6.559;3.386;2026-03-21T12:31:31.537668+00:00;temperature;36.00
4854;DHT22;3628;6.559;3.386;2026-03-21T12:42:11.828294+00:00;humidity;60.00
4854;DHT22;3628;6.559;3.386;2026-03-21T12:42:11.828294+00:00;temperature;39.60
4854;DHT22;3628;6.559;3.386;2026-03-21T12:52:49.459754+00:00;humidity;57.90
4854;DHT22;3628;6.559;3.386;2026-03-21T12:52:49.459754+00:00;temperature;40.90
4854;DHT22;3628;6.559;3.386;2026-03-21T12:58:13.430300+00:00;humidity;56.20
4854;DHT22;3628;6.559;3.386;2026-03-21T12:58:13.430300+00:00;temperature;41.60
4853;pms5003;3628;6.559;3.386;2026-03-21T13:03:30.536733+00:00;P2;19.20
4853;pms5003;3628;6.559;3.386;2026-03-21T13:03:30.536733+00:00;P1;21.00
4853;pms5003;3628;6.559;3.386;2026-03-21T13:03:30.536733+00:00;P0;15.40
4853;pms5003;3628;6.559;3.386;2026-03-21T13:09:05.244441+00:00;P2;31.00
4853;pms5003;3628;6.559;3.386;2026-03-21T13:09:05.244441+00:00;P1;43.50
4853;pms5003;3628;6.559;3.386;2026-03-21T13:09:05.244441+00:00;P0;21.50
4854;DHT22;3628;6.559;3.386;2026-03-21T13:09:22.650226+00:00;humidity;55.60
4854;DHT22;3628;6.559;3.386;2026-03-21T13:09:22.650226+00:00;temperature;41.70
4853;pms5003;3628;6.559;3.386;2026-03-21T13:14:40.001692+00:00;P2;29.00
4853;pms5003;3628;6.559;3.386;2026-03-21T13:14:40.001692+00:00;P1;37.00
4853;pms5003;3628;6.559;3.386;2026-03-21T13:14:40.001692+00:00;P0;20.00
4854;DHT22;3628;6.559;3.386;2026-03-21T13:14:57.225698+00:00;humidity;57.50
4854;DHT22;3628;6.559;3.386;2026-03-21T13:14:57.225698+00:00;temperature;40.30
4853;pms5003;3628;6.559;3.386;2026-03-21T13:20:15.720102+00:00;P2;31.75
4853;pms5003;3628;6.559;3.386;2026-03-21T13:20:15.720102+00:00;P1;47.50
4853;pms5003;3628;6.559;3.386;2026-03-21T13:20:15.720102+00:00;P0;21.50
4854;DHT22;3628;6.559;3.386;2026-03-21T13:26:06.347637+00:00;humidity;57.20
4854;DHT22;3628;6.559;3.386;2026-03-21T13:26:06.347637+00:00;temperature;40.50
4854;DHT22;3628;6.559;3.386;2026-03-21T13:31:30.382462+00:00;humidity;56.60
4854;DHT22;3628;6.559;3.386;2026-03-21T13:31:30.382462+00:00;temperature;40.50
4853;pms5003;3628;6.559;3.386;2026-03-21T13:36:47.691468+00:00;P2;35.00
4853;pms5003;3628;6.559;3.386;2026-03-21T13:36:47.691468+00:00;P1;47.33
4853;pms5003;3628;6.559;3.386;2026-03-21T13:36:47.691468+00:00;P0;25.33
4854;DHT22;3628;6.559;3.386;2026-03-21T13:37:05.093547+00:00;humidity;59.30
4854;DHT22;3628;6.559;3.386;2026-03-21T13:37:05.093547+00:00;temperature;39.40
4854;DHT22;3628;6.559;3.386;2026-03-21T13:47:42.440269+00:00;humidity;61.50
4854;DHT22;3628;6.559;3.386;2026-03-21T13:47:42.440269+00:00;temperature;38.80
4853;pms5003;3628;6.559;3.386;2026-03-21T13:52:59.621482+00:00;P2;22.00
4853;pms5003;3628;6.559;3.386;2026-03-21T13:52:59.621482+00:00;P1;22.50
4853;pms5003;3628;6.559;3.386;2026-03-21T13:52:59.621482+00:00;P0;17.00
4854;DHT22;3628;6.559;3.386;2026-03-21T13:53:16.974328+00:00;humidity;64.30
4854;DHT22;3628;6.559;3.386;2026-03-21T13:53:16.974328+00:00;temperature;37.90
4853;pms5003;3628;6.559;3.386;2026-03-21T14:09:00.706422+00:00;P2;23.80
4853;pms5003;3628;6.559;3.386;2026-03-21T14:09:00.706422+00:00;P1;30.60
4853;pms5003;3628;6.559;3.386;2026-03-21T14:09:00.706422+00:00;P0;15.00
4853;pms5003;3628;6.559;3.386;2026-03-21T14:14:24.975443+00:00;P2;22.50
4853;pms5003;3628;6.559;3.386;2026-03-21T14:14:24.975443+00:00;P1;26.25
4853;pms5003;3628;6.559;3.386;2026-03-21T14:14:24.975443+00:00;P0;16.50
4854;DHT22;3628;6.559;3.386;2026-03-21T14:14:42.300974+00:00;humidity;60.40
4854;DHT22;3628;6.559;3.386;2026-03-21T14:14:42.300974+00:00;temperature;39.40
4853;pms5003;3628;6.559;3.386;2026-03-21T14:19:59.483574+00:00;P2;41.75
4853;pms5003;3628;6.559;3.386;2026-03-21T14:19:59.483574+00:00;P1;56.50
4853;pms5003;3628;6.559;3.386;2026-03-21T14:19:59.483574+00:00;P0;28.75
4854;DHT22;3628;6.559;3.386;2026-03-21T14:20:16.834052+00:00;humidity;60.10
4854;DHT22;3628;6.559;3.386;2026-03-21T14:20:16.834052+00:00;temperature;39.80
4853;pms5003;3628;6.559;3.386;2026-03-21T14:25:41.120401+00:00;humidity;61.10
4853;pms5003;3628;6.559;3.386;2026-03-21T14:25:41.120401+00:00;temperature;39.50
4853;pms5003;3628;6.559;3.386;2026-03-21T14:36:22.178433+00:00;P2;22.33
4853;pms5003;3628;6.559;3.386;2026-03-21T14:36:22.178433+00:00;P1;22.67
4853;pms5003;3628;6.559;3.386;2026-03-21T14:36:22.178433+00:00;P0;16.67
4854;DHT22;3628;6.559;3.386;2026-03-21T14:36:39.606312+00:00;humidity;59.70
4854;DHT22;3628;6.559;3.386;2026-03-21T14:36:39.606312+00:00;temperature;39.80
4853;pms5003;3628;6.559;3.386;2026-03-21T14:41:56.784339+00:00;P2;19.25
4853;pms5003;3628;6.559;3.386;2026-03-21T14:41:56.784339+00:00;P1;19.50
4853;pms5003;3628;6.559;3.386;2026-03-21T14:41:56.784339+00:00;P0;15.00
4853;pms5003;3628;6.559;3.386;2026-03-21T14:47:21.394631+00:00;P2;31.25
4853;pms5003;3628;6.559;3.386;2026-03-21T14:47:21.394631+00:00;P1;40.75
4853;pms5003;3628;6.559;3.386;2026-03-21T14:47:21.394631+00:00;P0;22.25
4854;DHT22;3628;6.559;3.386;2026-03-21T14:47:38.742068+00:00;humidity;61.60
4854;DHT22;3628;6.559;3.386;2026-03-21T14:47:38.742068+00:00;temperature;39.00
4853;pms5003;3628;6.559;3.386;2026-03-21T14:52:56.358055+00:00;P2;23.33
4853;pms5003;3628;6.559;3.386;2026-03-21T14:52:56.358055+00:00;P1;33.33
4853;pms5003;3628;6.559;3.386;2026-03-21T14:52:56.358055+00:00;P0;16.00
4854;DHT22;3628;6.559;3.386;2026-03-21T14:58:26.870770+00:00;humidity;65.00
4854;DHT22;3628;6.559;3.386;2026-03-21T14:58:26.870770+00:00;temperature;37.40
4854;DHT22;3628;6.559;3.386;2026-03-21T15:09:14.342045+00:00;humidity;64.50
4854;DHT22;3628;6.559;3.386;2026-03-21T15:09:14.342045+00:00;temperature;37.20
4854;DHT22;3628;6.559;3.386;2026-03-21T15:14:52.042151+00:00;humidity;65.00
4854;DHT22;3628;6.559;3.386;2026-03-21T15:14:52.042151+00:00;temperature;37.00
4854;DHT22;3628;6.559;3.386;2026-03-21T15:25:50.706326+00:00;humidity;65.30
4854;DHT22;3628;6.559;3.386;2026-03-21T15:25:50.706326+00:00;temperature;36.90
4853;pms5003;3628;6.559;3.386;2026-03-21T15:41:37.597197+00:00;P2;21.67
4853;pms5003;3628;6.559;3.386;2026-03-21T15:41:37.597197+00:00;P1;34.33
4853;pms5003;3628;6.559;3.386;2026-03-21T15:41:37.597197+00:00;P0;15.00
4854;DHT22;3628;6.559;3.386;2026-03-21T15:41:54.956745+00:00;humidity;67.10
4854;DHT22;3628;6.559;3.386;2026-03-21T15:41:54.956745+00:00;temperature;36.80
4854;DHT22;3628;6.559;3.386;2026-03-21T15:47:18.634499+00:00;humidity;66.90
4854;DHT22;3628;6.559;3.386;2026-03-21T15:47:18.634499+00:00;temperature;37.10
4854;DHT22;3628;6.559;3.386;2026-03-21T15:52:42.356090+00:00;humidity;66.60
4854;DHT22;3628;6.559;3.386;2026-03-21T15:52:42.356090+00:00;temperature;37.10
4854;DHT22;3628;6.559;3.386;2026-03-21T15:58:06.370185+00:00;humidity;66.50
4854;DHT22;3628;6.559;3.386;2026-03-21T15:58:06.370185+00:00;temperature;36.50
4854;DHT22;3628;6.559;3.386;2026-03-21T16:03:30.577303+00:00;humidity;67.00
4854;DHT22;3628;6.559;3.386;2026-03-21T16:03:30.577303+00:00;temperature;36.40
4853;pms5003;3628;6.559;3.386;2026-03-21T16:08:47.723084+00:00;P2;26.00
4853;pms5003;3628;6.559;3.386;2026-03-21T16:08:47.723084+00:00;P1;27.50
4853;pms5003;3628;6.559;3.386;2026-03-21T16:08:47.723084+00:00;P0;18.25
4853;pms5003;3628;6.559;3.386;2026-03-21T16:14:11.676951+00:00;P2;22.00
4853;pms5003;3628;6.559;3.386;2026-03-21T16:14:11.676951+00:00;P1;24.00
4853;pms5003;3628;6.559;3.386;2026-03-21T16:14:11.676951+00:00;P0;14.00
4853;pms5003;3628;6.559;3.386;2026-03-21T16:19:47.480986+00:00;P2;23.00
4853;pms5003;3628;6.559;3.386;2026-03-21T16:19:47.480986+00:00;P1;24.25
4853;pms5003;3628;6.559;3.386;2026-03-21T16:19:47.480986+00:00;P0;15.50
4854;DHT22;3628;6.559;3.386;2026-03-21T16:20:04.853092+00:00;humidity;72.20
4854;DHT22;3628;6.559;3.386;2026-03-21T16:20:04.853092+00:00;temperature;35.10
4854;DHT22;3628;6.559;3.386;2026-03-21T16:25:29.136676+00:00;humidity;72.60
4854;DHT22;3628;6.559;3.386;2026-03-21T16:25:29.136676+00:00;temperature;35.00
4853;pms5003;3628;6.559;3.386;2026-03-21T16:30:46.318200+00:00;P2;20.40
4853;pms5003;3628;6.559;3.386;2026-03-21T16:30:46.318200+00:00;P1;31.40
4853;pms5003;3628;6.559;3.386;2026-03-21T16:30:46.318200+00:00;P0;14.40
4853;pms5003;3628;6.559;3.386;2026-03-21T16:36:20.863402+00:00;P2;25.50
4853;pms5003;3628;6.559;3.386;2026-03-21T16:36:20.863402+00:00;P1;38.00
4853;pms5003;3628;6.559;3.386;2026-03-21T16:36:20.863402+00:00;P0;18.75
4853;pms5003;3628;6.559;3.386;2026-03-21T16:47:08.455096+00:00;P2;16.80
4853;pms5003;3628;6.559;3.386;2026-03-21T16:47:08.455096+00:00;P1;20.80
4853;pms5003;3628;6.559;3.386;2026-03-21T16:47:08.455096+00:00;P0;11.00
4854;DHT22;3628;6.559;3.386;2026-03-21T16:52:42.143051+00:00;humidity;75.30
4854;DHT22;3628;6.559;3.386;2026-03-21T16:52:42.143051+00:00;temperature;34.30
4853;pms5003;3628;6.559;3.386;2026-03-21T16:57:59.369732+00:00;P2;23.50
4853;pms5003;3628;6.559;3.386;2026-03-21T16:57:59.369732+00:00;P1;28.50
4853;pms5003;3628;6.559;3.386;2026-03-21T16:57:59.369732+00:00;P0;16.50
4853;pms5003;3628;6.559;3.386;2026-03-21T17:03:23.597800+00:00;P2;22.80
4853;pms5003;3628;6.559;3.386;2026-03-21T17:03:23.597800+00:00;P1;31.80
4853;pms5003;3628;6.559;3.386;2026-03-21T17:03:23.597800+00:00;P0;16.40
4854;DHT22;3628;6.559;3.386;2026-03-21T17:03:40.981712+00:00;humidity;77.50
4854;DHT22;3628;6.559;3.386;2026-03-21T17:03:40.981712+00:00;temperature;34.00
4853;pms5003;3628;6.559;3.386;2026-03-21T17:08:58.272643+00:00;P2;20.00
4853;pms5003;3628;6.559;3.386;2026-03-21T17:08:58.272643+00:00;P1;21.40
4853;pms5003;3628;6.559;3.386;2026-03-21T17:08:58.272643+00:00;P0;12.00
4854;DHT22;3628;6.559;3.386;2026-03-21T17:09:15.722852+00:00;humidity;77.90
4854;DHT22;3628;6.559;3.386;2026-03-21T17:09:15.722852+00:00;temperature;33.90
4853;pms5003;3628;6.559;3.386;2026-03-21T17:14:32.822706+00:00;P2;20.00
4853;pms5003;3628;6.559;3.386;2026-03-21T17:14:32.822706+00:00;P1;20.75
4853;pms5003;3628;6.559;3.386;2026-03-21T17:14:32.822706+00:00;P0;13.50
4854;DHT22;3628;6.559;3.386;2026-03-21T17:14:50.156281+00:00;humidity;77.90
4854;DHT22;3628;6.559;3.386;2026-03-21T17:14:50.156281+00:00;temperature;33.70
4853;pms5003;3628;6.559;3.386;2026-03-21T17:20:07.334175+00:00;P2;19.25
4853;pms5003;3628;6.559;3.386;2026-03-21T17:20:07.334175+00:00;P1;23.50
4853;pms5003;3628;6.559;3.386;2026-03-21T17:20:07.334175+00:00;P0;13.00
4854;DHT22;3628;6.559;3.386;2026-03-21T17:20:24.707583+00:00;humidity;79.30
4854;DHT22;3628;6.559;3.386;2026-03-21T17:20:24.707583+00:00;temperature;33.50
4853;pms5003;3628;6.559;3.386;2026-03-21T17:32:22.912145+00:00;P2;23.20
4853;pms5003;3628;6.559;3.386;2026-03-21T17:32:22.912145+00:00;P1;29.60
4853;pms5003;3628;6.559;3.386;2026-03-21T17:32:22.912145+00:00;P0;13.80
4854;DHT22;3628;6.559;3.386;2026-03-21T17:32:40.465850+00:00;humidity;77.70
4854;DHT22;3628;6.559;3.386;2026-03-21T17:32:40.465850+00:00;temperature;33.70
4853;pms5003;3628;6.559;3.386;2026-03-21T17:37:57.413118+00:00;P2;17.67
4853;pms5003;3628;6.559;3.386;2026-03-21T17:37:57.413118+00:00;P1;27.33
4853;pms5003;3628;6.559;3.386;2026-03-21T17:37:57.413118+00:00;P0;13.00
4853;pms5003;3628;6.559;3.386;2026-03-21T17:43:21.322671+00:00;P2;16.50
4853;pms5003;3628;6.559;3.386;2026-03-21T17:43:21.322671+00:00;P1;27.00
4853;pms5003;3628;6.559;3.386;2026-03-21T17:43:21.322671+00:00;P0;12.50
4854;DHT22;3628;6.559;3.386;2026-03-21T17:43:38.905193+00:00;humidity;75.70
4854;DHT22;3628;6.559;3.386;2026-03-21T17:43:38.905193+00:00;temperature;33.50
4853;pms5003;3628;6.559;3.386;2026-03-21T17:48:55.939983+00:00;P2;19.25
4853;pms5003;3628;6.559;3.386;2026-03-21T17:48:55.939983+00:00;P1;20.50
4853;pms5003;3628;6.559;3.386;2026-03-21T17:48:55.939983+00:00;P0;14.00
4854;DHT22;3628;6.559;3.386;2026-03-21T17:49:13.276079+00:00;humidity;76.20
4854;DHT22;3628;6.559;3.386;2026-03-21T17:49:13.276079+00:00;temperature;33.30
4853;pms5003;3628;6.559;3.386;2026-03-21T17:54:30.683933+00:00;P2;15.75
4853;pms5003;3628;6.559;3.386;2026-03-21T17:54:30.683933+00:00;P1;29.50
4853;pms5003;3628;6.559;3.386;2026-03-21T17:54:30.683933+00:00;P0;11.50
4854;DHT22;3628;6.559;3.386;2026-03-21T17:54:47.962288+00:00;humidity;77.30
4854;DHT22;3628;6.559;3.386;2026-03-21T17:54:47.962288+00:00;temperature;33.10
4853;pms5003;3628;6.559;3.386;2026-03-21T18:00:05.493190+00:00;P2;19.00
4853;pms5003;3628;6.559;3.386;2026-03-21T18:00:05.493190+00:00;P1;19.00
4853;pms5003;3628;6.559;3.386;2026-03-21T18:00:05.493190+00:00;P0;14.00
4854;DHT22;3628;6.559;3.386;2026-03-21T18:00:22.692709+00:00;humidity;78.30
4854;DHT22;3628;6.559;3.386;2026-03-21T18:00:22.692709+00:00;temperature;33.00
4853;pms5003;3628;6.559;3.386;2026-03-21T18:05:39.930152+00:00;P2;23.00
4853;pms5003;3628;6.559;3.386;2026-03-21T18:05:39.930152+00:00;P1;32.00
4853;pms5003;3628;6.559;3.386;2026-03-21T18:05:39.930152+00:00;P0;15.00
4854;DHT22;3628;6.559;3.386;2026-03-21T18:05:57.252304+00:00;humidity;77.50
4854;DHT22;3628;6.559;3.386;2026-03-21T18:05:57.252304+00:00;temperature;33.20
4853;pms5003;3628;6.559;3.386;2026-03-21T18:13:40.623272+00:00;P2;23.40
4853;pms5003;3628;6.559;3.386;2026-03-21T18:13:40.623272+00:00;P1;37.20
4853;pms5003;3628;6.559;3.386;2026-03-21T18:13:40.623272+00:00;P0;15.00
4854;DHT22;3628;6.559;3.386;2026-03-21T18:13:57.976169+00:00;humidity;78.40
4854;DHT22;3628;6.559;3.386;2026-03-21T18:13:57.976169+00:00;temperature;33.20
4853;pms5003;3628;6.559;3.386;2026-03-21T18:19:15.675824+00:00;P2;21.00
4853;pms5003;3628;6.559;3.386;2026-03-21T18:19:15.675824+00:00;P1;23.00
4853;pms5003;3628;6.559;3.386;2026-03-21T18:19:15.675824+00:00;P0;14.00
4854;DHT22;3628;6.559;3.386;2026-03-21T18:19:32.742270+00:00;humidity;79.20
4854;DHT22;3628;6.559;3.386;2026-03-21T18:19:32.742270+00:00;temperature;33.10
4853;pms5003;3628;6.559;3.386;2026-03-21T18:35:27.206470+00:00;P2;24.80
4853;pms5003;3628;6.559;3.386;2026-03-21T18:35:27.206470+00:00;P1;25.00
4853;pms5003;3628;6.559;3.386;2026-03-21T18:35:27.206470+00:00;P0;17.00
4854;DHT22;3628;6.559;3.386;2026-03-21T18:35:44.673905+00:00;humidity;78.90
4854;DHT22;3628;6.559;3.386;2026-03-21T18:35:44.673905+00:00;temperature;32.90
4853;pms5003;3628;6.559;3.386;2026-03-21T18:42:01.834414+00:00;P2;22.00
4853;pms5003;3628;6.559;3.386;2026-03-21T18:42:01.834414+00:00;P1;26.00
4853;pms5003;3628;6.559;3.386;2026-03-21T18:42:01.834414+00:00;P0;15.00
4853;pms5003;3628;6.559;3.386;2026-03-21T18:46:34.566992+00:00;P2;21.75
4853;pms5003;3628;6.559;3.386;2026-03-21T18:46:34.566992+00:00;P1;34.25
4853;pms5003;3628;6.559;3.386;2026-03-21T18:46:34.566992+00:00;P0;15.00
4854;DHT22;3628;6.559;3.386;2026-03-21T18:46:44.206720+00:00;humidity;79.90
4854;DHT22;3628;6.559;3.386;2026-03-21T18:46:44.206720+00:00;temperature;32.80
4853;pms5003;3628;6.559;3.386;2026-03-21T18:52:01.307264+00:00;P2;19.60
4853;pms5003;3628;6.559;3.386;2026-03-21T18:52:01.307264+00:00;P1;22.00
4853;pms5003;3628;6.559;3.386;2026-03-21T18:52:01.307264+00:00;P0;13.60
4854;DHT22;3628;6.559;3.386;2026-03-21T18:52:18.531958+00:00;humidity;80.30
4854;DHT22;3628;6.559;3.386;2026-03-21T18:52:18.531958+00:00;temperature;32.50
4854;DHT22;3628;6.559;3.386;2026-03-21T18:57:42.642541+00:00;humidity;80.00
4854;DHT22;3628;6.559;3.386;2026-03-21T18:57:42.642541+00:00;temperature;32.60
4853;pms5003;3628;6.559;3.386;2026-03-21T19:02:59.860338+00:00;P2;19.00
4853;pms5003;3628;6.559;3.386;2026-03-21T19:02:59.860338+00:00;P1;19.60
4853;pms5003;3628;6.559;3.386;2026-03-21T19:02:59.860338+00:00;P0;13.00
4854;DHT22;3628;6.559;3.386;2026-03-21T19:03:17.275201+00:00;humidity;80.40
4854;DHT22;3628;6.559;3.386;2026-03-21T19:03:17.275201+00:00;temperature;32.50
4853;pms5003;3628;6.559;3.386;2026-03-21T19:08:34.556211+00:00;P2;21.50
4853;pms5003;3628;6.559;3.386;2026-03-21T19:08:34.556211+00:00;P1;25.50
4853;pms5003;3628;6.559;3.386;2026-03-21T19:08:34.556211+00:00;P0;15.00
4854;DHT22;3628;6.559;3.386;2026-03-21T19:08:51.889102+00:00;humidity;80.90
4854;DHT22;3628;6.559;3.386;2026-03-21T19:08:51.889102+00:00;temperature;32.60
4853;pms5003;3628;6.559;3.386;2026-03-21T19:14:09.068491+00:00;P2;20.00
4853;pms5003;3628;6.559;3.386;2026-03-21T19:14:09.068491+00:00;P1;23.00
4853;pms5003;3628;6.559;3.386;2026-03-21T19:14:09.068491+00:00;P0;14.00
4853;pms5003;3628;6.559;3.386;2026-03-21T19:19:32.957943+00:00;P2;24.20
4853;pms5003;3628;6.559;3.386;2026-03-21T19:19:32.957943+00:00;P1;33.00
4853;pms5003;3628;6.559;3.386;2026-03-21T19:19:32.957943+00:00;P0;15.80
4854;DHT22;3628;6.559;3.386;2026-03-21T19:19:50.607925+00:00;humidity;81.30
4854;DHT22;3628;6.559;3.386;2026-03-21T19:19:50.607925+00:00;temperature;32.70
4853;pms5003;3628;6.559;3.386;2026-03-21T19:25:07.636495+00:00;P2;20.50
4853;pms5003;3628;6.559;3.386;2026-03-21T19:25:07.636495+00:00;P1;22.75
4853;pms5003;3628;6.559;3.386;2026-03-21T19:25:07.636495+00:00;P0;14.00
4854;DHT22;3628;6.559;3.386;2026-03-21T19:25:25.002136+00:00;humidity;82.70
4854;DHT22;3628;6.559;3.386;2026-03-21T19:25:25.002136+00:00;temperature;32.50
4853;pms5003;3628;6.559;3.386;2026-03-21T19:30:42.275179+00:00;P2;19.60
4853;pms5003;3628;6.559;3.386;2026-03-21T19:30:42.275179+00:00;P1;20.60
4853;pms5003;3628;6.559;3.386;2026-03-21T19:30:42.275179+00:00;P0;13.40
4854;DHT22;3628;6.559;3.386;2026-03-21T19:31:02.601829+00:00;humidity;82.50
4854;DHT22;3628;6.559;3.386;2026-03-21T19:31:02.601829+00:00;temperature;32.60
4854;DHT22;3628;6.559;3.386;2026-03-21T19:36:26.533172+00:00;humidity;83.10
4854;DHT22;3628;6.559;3.386;2026-03-21T19:36:26.533172+00:00;temperature;32.50
4854;DHT22;3628;6.559;3.386;2026-03-21T19:42:00.710900+00:00;humidity;82.80
4854;DHT22;3628;6.559;3.386;2026-03-21T19:42:00.710900+00:00;temperature;32.50
4854;DHT22;3628;6.559;3.386;2026-03-21T19:47:24.686521+00:00;humidity;82.70
4854;DHT22;3628;6.559;3.386;2026-03-21T19:47:24.686521+00:00;temperature;32.50
4853;pms5003;3628;6.559;3.386;2026-03-21T19:52:42.111910+00:00;P2;18.80
4853;pms5003;3628;6.559;3.386;2026-03-21T19:52:42.111910+00:00;P1;18.80
4853;pms5003;3628;6.559;3.386;2026-03-21T19:52:42.111910+00:00;P0;13.60
4854;DHT22;3628;6.559;3.386;2026-03-21T19:52:59.352549+00:00;humidity;82.90
4854;DHT22;3628;6.559;3.386;2026-03-21T19:52:59.352549+00:00;temperature;32.50
4853;pms5003;3628;6.559;3.386;2026-03-21T19:58:16.515390+00:00;P2;15.00
4853;pms5003;3628;6.559;3.386;2026-03-21T19:58:16.515390+00:00;P1;16.67
4853;pms5003;3628;6.559;3.386;2026-03-21T19:58:16.515390+00:00;P0;10.00
4853;pms5003;3628;6.559;3.386;2026-03-21T20:03:40.234464+00:00;P2;15.60
4853;pms5003;3628;6.559;3.386;2026-03-21T20:03:40.234464+00:00;P1;17.00
4853;pms5003;3628;6.559;3.386;2026-03-21T20:03:40.234464+00:00;P0;12.00
4854;DHT22;3628;6.559;3.386;2026-03-21T20:03:57.596519+00:00;humidity;83.00
4854;DHT22;3628;6.559;3.386;2026-03-21T20:03:57.596519+00:00;temperature;32.30
4854;DHT22;3628;6.559;3.386;2026-03-21T20:09:22.279649+00:00;humidity;83.10
4854;DHT22;3628;6.559;3.386;2026-03-21T20:09:22.279649+00:00;temperature;32.50
4854;DHT22;3628;6.559;3.386;2026-03-21T20:20:10.120954+00:00;humidity;83.40
4854;DHT22;3628;6.559;3.386;2026-03-21T20:20:10.120954+00:00;temperature;32.30
4853;pms5003;3628;6.559;3.386;2026-03-21T20:25:27.328113+00:00;P2;16.50
4853;pms5003;3628;6.559;3.386;2026-03-21T20:25:27.328113+00:00;P1;18.00
4853;pms5003;3628;6.559;3.386;2026-03-21T20:25:27.328113+00:00;P0;11.00
4854;DHT22;3628;6.559;3.386;2026-03-21T20:25:44.689019+00:00;humidity;83.50
4854;DHT22;3628;6.559;3.386;2026-03-21T20:25:44.689019+00:00;temperature;32.30
4854;DHT22;3628;6.559;3.386;2026-03-21T20:31:09.003806+00:00;humidity;83.60
4854;DHT22;3628;6.559;3.386;2026-03-21T20:31:09.003806+00:00;temperature;32.20
4854;DHT22;3628;6.559;3.386;2026-03-21T20:36:33.198870+00:00;humidity;83.40
4854;DHT22;3628;6.559;3.386;2026-03-21T20:36:33.198870+00:00;temperature;32.20
4854;DHT22;3628;6.559;3.386;2026-03-21T20:42:07.742918+00:00;humidity;83.60
4854;DHT22;3628;6.559;3.386;2026-03-21T20:42:07.742918+00:00;temperature;32.20
4853;pms5003;3628;6.559;3.386;2026-03-21T20:47:25.001319+00:00;P2;27.00
4853;pms5003;3628;6.559;3.386;2026-03-21T20:47:25.001319+00:00;P1;40.75
4853;pms5003;3628;6.559;3.386;2026-03-21T20:47:25.001319+00:00;P0;20.00
4854;DHT22;3628;6.559;3.386;2026-03-21T20:47:42.393835+00:00;humidity;82.80
4854;DHT22;3628;6.559;3.386;2026-03-21T20:47:42.393835+00:00;temperature;32.20
4853;pms5003;3628;6.559;3.386;2026-03-21T20:52:59.725281+00:00;P2;20.00
4853;pms5003;3628;6.559;3.386;2026-03-21T20:52:59.725281+00:00;P1;23.00
4853;pms5003;3628;6.559;3.386;2026-03-21T20:52:59.725281+00:00;P0;13.00
4854;DHT22;3628;6.559;3.386;2026-03-21T20:53:17.086094+00:00;humidity;82.10
4854;DHT22;3628;6.559;3.386;2026-03-21T20:53:17.086094+00:00;temperature;32.20
4853;pms5003;3628;6.559;3.386;2026-03-21T20:58:34.416699+00:00;P2;35.25
4853;pms5003;3628;6.559;3.386;2026-03-21T20:58:34.416699+00:00;P1;47.50
4853;pms5003;3628;6.559;3.386;2026-03-21T20:58:34.416699+00:00;P0;23.25
4854;DHT22;3628;6.559;3.386;2026-03-21T20:58:51.695747+00:00;humidity;81.50
4854;DHT22;3628;6.559;3.386;2026-03-21T20:58:51.695747+00:00;temperature;32.20
4853;pms5003;3628;6.559;3.386;2026-03-21T21:04:08.893483+00:00;P2;37.40
4853;pms5003;3628;6.559;3.386;2026-03-21T21:04:08.893483+00:00;P1;48.60
4853;pms5003;3628;6.559;3.386;2026-03-21T21:04:08.893483+00:00;P0;23.00
4854;DHT22;3628;6.559;3.386;2026-03-21T21:04:26.254454+00:00;humidity;81.70
4854;DHT22;3628;6.559;3.386;2026-03-21T21:04:26.254454+00:00;temperature;32.20
4853;pms5003;3628;6.559;3.386;2026-03-21T21:09:43.533959+00:00;P2;41.25
4853;pms5003;3628;6.559;3.386;2026-03-21T21:09:43.533959+00:00;P1;59.25
4853;pms5003;3628;6.559;3.386;2026-03-21T21:09:43.533959+00:00;P0;28.00
4853;pms5003;3628;6.559;3.386;2026-03-21T21:31:13.472317+00:00;P2;21.25
4853;pms5003;3628;6.559;3.386;2026-03-21T21:31:13.472317+00:00;P1;25.00
4853;pms5003;3628;6.559;3.386;2026-03-21T21:31:13.472317+00:00;P0;15.00
4854;DHT22;3628;6.559;3.386;2026-03-21T21:31:31.084685+00:00;humidity;83.00
4854;DHT22;3628;6.559;3.386;2026-03-21T21:31:31.084685+00:00;temperature;32.20
4853;pms5003;3628;6.559;3.386;2026-03-21T21:36:48.146052+00:00;P2;17.50
4853;pms5003;3628;6.559;3.386;2026-03-21T21:36:48.146052+00:00;P1;18.00
4853;pms5003;3628;6.559;3.386;2026-03-21T21:36:48.146052+00:00;P0;13.00
4853;pms5003;3628;6.559;3.386;2026-03-22T05:59:31.263326+00:00;P2;25.33
4853;pms5003;3628;6.559;3.386;2026-03-22T05:59:31.263326+00:00;P1;30.33
4853;pms5003;3628;6.559;3.386;2026-03-22T05:59:31.263326+00:00;P0;18.00
4853;pms5003;3628;6.559;3.386;2026-03-22T06:05:05.969376+00:00;P2;26.75
4853;pms5003;3628;6.559;3.386;2026-03-22T06:05:05.969376+00:00;P1;30.50
4853;pms5003;3628;6.559;3.386;2026-03-22T06:05:05.969376+00:00;P0;19.00
4853;pms5003;3628;6.559;3.386;2026-03-22T11:13:25.268070+00:00;P2;19.00
4853;pms5003;3628;6.559;3.386;2026-03-22T11:13:25.268070+00:00;P1;23.25
4853;pms5003;3628;6.559;3.386;2026-03-22T11:13:25.268070+00:00;P0;14.00
4854;DHT22;3628;6.559;3.386;2026-03-22T11:13:42.602484+00:00;humidity;63.00
4854;DHT22;3628;6.559;3.386;2026-03-22T11:13:42.602484+00:00;temperature;38.70
4853;pms5003;3628;6.559;3.386;2026-03-22T11:18:59.808874+00:00;P2;19.40
4853;pms5003;3628;6.559;3.386;2026-03-22T11:18:59.808874+00:00;P1;21.00
4853;pms5003;3628;6.559;3.386;2026-03-22T11:18:59.808874+00:00;P0;13.00
4854;DHT22;3628;6.559;3.386;2026-03-22T11:24:30.817229+00:00;humidity;63.90
4854;DHT22;3628;6.559;3.386;2026-03-22T11:24:30.817229+00:00;temperature;38.40
4853;pms5003;3628;6.559;3.386;2026-03-22T11:29:48.001331+00:00;P2;24.20
4853;pms5003;3628;6.559;3.386;2026-03-22T11:29:48.001331+00:00;P1;32.20
4853;pms5003;3628;6.559;3.386;2026-03-22T11:29:48.001331+00:00;P0;16.40
4854;DHT22;3628;6.559;3.386;2026-03-22T11:30:05.478520+00:00;humidity;62.30
4854;DHT22;3628;6.559;3.386;2026-03-22T11:30:05.478520+00:00;temperature;39.50
4854;DHT22;3628;6.559;3.386;2026-03-22T11:38:16.183840+00:00;humidity;61.40
4854;DHT22;3628;6.559;3.386;2026-03-22T11:38:16.183840+00:00;temperature;39.60
4853;pms5003;3628;6.559;3.386;2026-03-22T12:44:50.437364+00:00;P2;23.00
4853;pms5003;3628;6.559;3.386;2026-03-22T12:44:50.437364+00:00;P1;23.00
4853;pms5003;3628;6.559;3.386;2026-03-22T12:44:50.437364+00:00;P0;16.00
4854;DHT22;3628;6.559;3.386;2026-03-22T12:50:20.842770+00:00;humidity;74.40
4854;DHT22;3628;6.559;3.386;2026-03-22T12:50:20.842770+00:00;temperature;34.30
4853;pms5003;3628;6.559;3.386;2026-03-22T13:02:01.868437+00:00;P2;28.50
4853;pms5003;3628;6.559;3.386;2026-03-22T13:02:01.868437+00:00;P1;42.50
4853;pms5003;3628;6.559;3.386;2026-03-22T13:02:01.868437+00:00;P0;18.00
4854;DHT22;3628;6.559;3.386;2026-03-22T13:02:19.292450+00:00;humidity;76.70
4854;DHT22;3628;6.559;3.386;2026-03-22T13:02:19.292450+00:00;temperature;33.90
4854;DHT22;3628;6.559;3.386;2026-03-22T13:07:43.044412+00:00;humidity;76.90
4854;DHT22;3628;6.559;3.386;2026-03-22T13:07:43.044412+00:00;temperature;33.90
4853;pms5003;3628;6.559;3.386;2026-03-22T13:13:00.293028+00:00;P2;30.00
4853;pms5003;3628;6.559;3.386;2026-03-22T13:13:00.293028+00:00;P1;44.50
4853;pms5003;3628;6.559;3.386;2026-03-22T13:13:00.293028+00:00;P0;20.00
4854;DHT22;3628;6.559;3.386;2026-03-22T13:13:17.814025+00:00;humidity;77.40
4854;DHT22;3628;6.559;3.386;2026-03-22T13:13:17.814025+00:00;temperature;33.90
4853;pms5003;3628;6.559;3.386;2026-03-22T13:29:12.468415+00:00;P2;26.00
4853;pms5003;3628;6.559;3.386;2026-03-22T13:29:12.468415+00:00;P1;27.25
4853;pms5003;3628;6.559;3.386;2026-03-22T13:29:12.468415+00:00;P0;16.25
4854;DHT22;3628;6.559;3.386;2026-03-22T13:29:29.943127+00:00;humidity;81.60
4854;DHT22;3628;6.559;3.386;2026-03-22T13:29:29.943127+00:00;temperature;33.40
4853;pms5003;3628;6.559;3.386;2026-03-22T13:34:47.098165+00:00;P2;17.00
4853;pms5003;3628;6.559;3.386;2026-03-22T13:34:47.098165+00:00;P1;19.25
4853;pms5003;3628;6.559;3.386;2026-03-22T13:34:47.098165+00:00;P0;12.75
4854;DHT22;3628;6.559;3.386;2026-03-22T13:35:04.453412+00:00;humidity;81.30
4854;DHT22;3628;6.559;3.386;2026-03-22T13:35:04.453412+00:00;temperature;33.40
4853;pms5003;3628;6.559;3.386;2026-03-22T13:40:24.621372+00:00;P2;31.80
4853;pms5003;3628;6.559;3.386;2026-03-22T13:40:24.621372+00:00;P1;35.40
4853;pms5003;3628;6.559;3.386;2026-03-22T13:40:24.621372+00:00;P0;22.00
4854;DHT22;3628;6.559;3.386;2026-03-22T13:46:08.886790+00:00;humidity;79.00
4854;DHT22;3628;6.559;3.386;2026-03-22T13:46:08.886790+00:00;temperature;33.30
4853;pms5003;3628;6.559;3.386;2026-03-22T13:51:26.062739+00:00;P2;19.80
4853;pms5003;3628;6.559;3.386;2026-03-22T13:51:26.062739+00:00;P1;22.00
4853;pms5003;3628;6.559;3.386;2026-03-22T13:51:26.062739+00:00;P0;13.80
4854;DHT22;3628;6.559;3.386;2026-03-22T13:51:43.405569+00:00;humidity;79.00
4854;DHT22;3628;6.559;3.386;2026-03-22T13:51:43.405569+00:00;temperature;33.30
4853;pms5003;3628;6.559;3.386;2026-03-22T17:54:14.994637+00:00;P2;22.00
4853;pms5003;3628;6.559;3.386;2026-03-22T17:54:14.994637+00:00;P1;28.00
4853;pms5003;3628;6.559;3.386;2026-03-22T17:54:14.994637+00:00;P0;16.00
4854;DHT22;3628;6.559;3.386;2026-03-22T17:54:35.734016+00:00;humidity;98.20
4854;DHT22;3628;6.559;3.386;2026-03-22T17:54:35.734016+00:00;temperature;30.00
4853;pms5003;3628;6.559;3.386;2026-03-22T17:59:50.094081+00:00;P2;20.25
4853;pms5003;3628;6.559;3.386;2026-03-22T17:59:50.094081+00:00;P1;22.75
4853;pms5003;3628;6.559;3.386;2026-03-22T17:59:50.094081+00:00;P0;13.50
4853;pms5003;3628;6.559;3.386;2026-03-22T18:35:10.892735+00:00;P2;27.50
4853;pms5003;3628;6.559;3.386;2026-03-22T18:35:10.892735+00:00;P1;43.75
4853;pms5003;3628;6.559;3.386;2026-03-22T18:35:10.892735+00:00;P0;17.00
4854;DHT22;3628;6.559;3.386;2026-03-22T18:35:28.368808+00:00;humidity;84.00
4854;DHT22;3628;6.559;3.386;2026-03-22T18:35:28.368808+00:00;temperature;32.00
4853;pms5003;3628;6.559;3.386;2026-03-22T18:40:45.612887+00:00;P2;26.80
4853;pms5003;3628;6.559;3.386;2026-03-22T18:40:45.612887+00:00;P1;29.80
4853;pms5003;3628;6.559;3.386;2026-03-22T18:40:45.612887+00:00;P0;19.00
4854;DHT22;3628;6.559;3.386;2026-03-22T18:41:03.135756+00:00;humidity;84.50
4854;DHT22;3628;6.559;3.386;2026-03-22T18:41:03.135756+00:00;temperature;32.00
4854;DHT22;3628;6.559;3.386;2026-03-22T18:46:27.155939+00:00;humidity;84.;0
4854;DHT22;3628;6.559;3.386;2026-03-22T18:46:27.155939+00:00;temperature;31.80
4854;DHT22;3628;6.559;3.386;2026-03-23T05:43:46.733159+00:00;humidity;100.00
4854;DHT22;3628;6.559;3.386;2026-03-23T05:43:46.733159+00:00;temperature;27.50
4853;pms5003;3628;6.559;3.386;2026-03-23T05:52:47.132449+00:00;P2;34.20
4853;pms5003;3628;6.559;3.386;2026-03-23T05:52:47.132449+00:00;P1;47.20
4853;pms5003;3628;6.559;3.386;2026-03-23T05:52:47.132449+00:00;P0;22.20
4854;DHT22;3628;6.559;3.386;2026-03-23T05:58:18.064516+00:00;humidity;100.00
4854;DHT22;3628;6.559;3.386;2026-03-23T05:58:18.064516+00:00;temperature;30.00
4854;DHT22;3628;6.559;3.386;2026-03-23T06:04:55.668653+00:00;humidity;100.00
4854;DHT22;3628;6.559;3.386;2026-03-23T06:04:55.668653+00:00;temperature;30.10
4853;pms5003;3628;6.559;3.386;2026-03-23T06:10:12.845694+00:00;P2;32.67
4853;pms5003;3628;6.559;3.386;2026-03-23T06:10:12.845694+00:00;P1;47.33
4853;pms5003;3628;6.559;3.386;2026-03-23T06:10:12.845694+00:00;P0;22.67
4854;DHT22;3628;6.559;3.386;2026-03-23T06:10:30.314691+00:00;humidity;100.00
4854;DHT22;3628;6.559;3.386;2026-03-23T06:10:30.314691+00:00;temperature;30.20
4853;pms5003;3628;6.559;3.386;2026-03-23T06:15:47.320220+00:00;P2;33.75
4853;pms5003;3628;6.559;3.386;2026-03-23T06:15:47.320220+00:00;P1;40.75
4853;pms5003;3628;6.559;3.386;2026-03-23T06:15:47.320220+00:00;P0;23.75
4854;DHT22;3628;6.559;3.386;2026-03-23T06:16:04.674639+00:00;humidity;100.00
4854;DHT22;3628;6.559;3.386;2026-03-23T06:16:04.674639+00:00;temperature;30.20
4853;pms5003;3628;6.559;3.386;2026-03-23T10:52:54.298436+00:00;P2;16.20
4853;pms5003;3628;6.559;3.386;2026-03-23T10:52:54.298436+00:00;P1;18.20
4853;pms5003;3628;6.559;3.386;2026-03-23T10:52:54.298436+00:00;P0;11.20
4854;DHT22;3628;6.559;3.386;2026-03-23T10:53:23.608892+00:00;humidity;70.70
4854;DHT22;3628;6.559;3.386;2026-03-23T10:53:23.608892+00:00;temperature;35.50
4853;pms5003;3628;6.559;3.386;2026-03-23T10:58:35.148702+00:00;P2;14.25
4853;pms5003;3628;6.559;3.386;2026-03-23T10:58:35.148702+00:00;P1;26.00
4853;pms5003;3628;6.559;3.386;2026-03-23T10:58:35.148702+00:00;P0;10.25
4854;DHT22;3628;6.559;3.386;2026-03-23T10:58:58.489905+00:00;humidity;64.30
4854;DHT22;3628;6.559;3.386;2026-03-23T10:58:58.489905+00:00;temperature;37.50
4853;pms5003;3628;6.559;3.386;2026-03-23T11:04:15.254621+00:00;P2;13.40
4853;pms5003;3628;6.559;3.386;2026-03-23T11:04:15.254621+00:00;P1;15.40
4853;pms5003;3628;6.559;3.386;2026-03-23T11:04:15.254621+00:00;P0;10.40
4854;DHT22;3628;6.559;3.386;2026-03-23T11:04:32.610045+00:00;humidity;63.40
4854;DHT22;3628;6.559;3.386;2026-03-23T11:04:32.610045+00:00;temperature;38.10
4853;pms5003;3628;6.559;3.386;2026-03-23T11:09:49.803362+00:00;P2;14.25
4853;pms5003;3628;6.559;3.386;2026-03-23T11:09:49.803362+00:00;P1;16.25
4853;pms5003;3628;6.559;3.386;2026-03-23T11:09:49.803362+00:00;P0;10.75
4854;DHT22;3628;6.559;3.386;2026-03-23T11:10:07.175321+00:00;humidity;63.40
4854;DHT22;3628;6.559;3.386;2026-03-23T11:10:07.175321+00:00;temperature;37.80
4853;pms5003;3628;6.559;3.386;2026-03-23T11:15:24.442642+00:00;P2;13.40
4853;pms5003;3628;6.559;3.386;2026-03-23T11:15:24.442642+00:00;P1;16.00
4853;pms5003;3628;6.559;3.386;2026-03-23T11:15:24.442642+00:00;P0;9.60
4854;DHT22;3628;6.559;3.386;2026-03-23T11:15:41.818116+00:00;humidity;62.10
4854;DHT22;3628;6.559;3.386;2026-03-23T11:15:41.818116+00:00;temperature;38.50
4853;pms5003;3628;6.559;3.386;2026-03-23T11:26:33.517973+00:00;P2;14.75
4853;pms5003;3628;6.559;3.386;2026-03-23T11:26:33.517973+00:00;P1;17.25
4853;pms5003;3628;6.559;3.386;2026-03-23T11:26:33.517973+00:00;P0;10.25
4854;DHT22;3628;6.559;3.386;2026-03-23T11:26:50.918823+00:00;humidity;60.10
4854;DHT22;3628;6.559;3.386;2026-03-23T11:26:50.918823+00:00;temperature;39.40
4854;DHT22;3628;6.559;3.386;2026-03-23T11:32:14.789166+00:00;humidity;59.50
4854;DHT22;3628;6.559;3.386;2026-03-23T11:32:14.789166+00:00;temperature;39.20
4854;DHT22;3628;6.559;3.386;2026-03-23T11:37:38.764286+00:00;humidity;61.30
4854;DHT22;3628;6.559;3.386;2026-03-23T11:37:38.764286+00:00;temperature;39.00
4853;pms5003;3628;6.559;3.386;2026-03-23T11:48:32.860983+00:00;P2;17.60
4853;pms5003;3628;6.559;3.386;2026-03-23T11:48:32.860983+00:00;P1;17.60
4853;pms5003;3628;6.559;3.386;2026-03-23T11:48:32.860983+00:00;P0;12.00
4854;DHT22;3628;6.559;3.386;2026-03-23T11:48:50.307762+00:00;humidity;62.10
4854;DHT22;3628;6.559;3.386;2026-03-23T11:48:50.307762+00:00;temperature;38.10
4853;pms5003;3628;6.559;3.386;2026-03-23T11:54:07.561944+00:00;P2;19.00
4853;pms5003;3628;6.559;3.386;2026-03-23T11:54:07.561944+00:00;P1;30.00
4853;pms5003;3628;6.559;3.386;2026-03-23T11:54:07.561944+00:00;P0;13.00
4854;DHT22;3628;6.559;3.386;2026-03-23T11:54:24.922150+00:00;humidity;60.90
4854;DHT22;3628;6.559;3.386;2026-03-23T11:54:24.922150+00:00;temperature;38.90
4853;pms5003;3628;6.559;3.386;2026-03-23T11:59:44.974371+00:00;P2;21.60
4853;pms5003;3628;6.559;3.386;2026-03-23T11:59:44.974371+00:00;P1;24.60
4853;pms5003;3628;6.559;3.386;2026-03-23T11:59:44.974371+00:00;P0;14.60
4854;DHT22;3628;6.559;3.386;2026-03-23T12:00:02.555650+00:00;humidity;59.50
4854;DHT22;3628;6.559;3.386;2026-03-23T12:00:02.555650+00:00;temperature;39.80
4853;pms5003;3628;6.559;3.386;2026-03-23T12:05:19.542807+00:00;P2;17.00
4853;pms5003;3628;6.559;3.386;2026-03-23T12:05:19.542807+00:00;P1;28.20
4853;pms5003;3628;6.559;3.386;2026-03-23T12:05:19.542807+00:00;P0;10.80
4854;DHT22;3628;6.559;3.386;2026-03-23T12:11:49.909849+00:00;humidity;61.20
4854;DHT22;3628;6.559;3.386;2026-03-23T12:11:49.909849+00:00;temperature;38.60
4853;pms5003;3628;6.559;3.386;2026-03-23T12:16:18.604188+00:00;P2;15.25
4853;pms5003;3628;6.559;3.386;2026-03-23T12:16:18.604188+00:00;P1;18.25
4853;pms5003;3628;6.559;3.386;2026-03-23T12:16:18.604188+00:00;P0;11.00
4853;pms5003;3628;6.559;3.386;2026-03-23T12:21:42.574606+00:00;P2;17.75
4853;pms5003;3628;6.559;3.386;2026-03-23T12:21:42.574606+00:00;P1;29.75
4853;pms5003;3628;6.559;3.386;2026-03-23T12:21:42.574606+00:00;P0;13.25
4854;DHT22;3628;6.559;3.386;2026-03-23T12:21:59.981748+00:00;humidity;60.80
4854;DHT22;3628;6.559;3.386;2026-03-23T12:21:59.981748+00:00;temperature;38.80
4853;pms5003;3628;6.559;3.386;2026-03-23T12:27:17.185347+00:00;P2;16.75
4853;pms5003;3628;6.559;3.386;2026-03-23T12:27:17.185347+00:00;P1;16.75
4853;pms5003;3628;6.559;3.386;2026-03-23T12:27:17.185347+00:00;P0;12.00
4854;DHT22;3628;6.559;3.386;2026-03-23T12:33:01.683330+00:00;humidity;59.80
4854;DHT22;3628;6.559;3.386;2026-03-23T12:33:01.683330+00:00;temperature;39.80
4853;pms5003;3628;6.559;3.386;2026-03-23T12:38:18.899167+00:00;P2;12.00
4853;pms5003;3628;6.559;3.386;2026-03-23T12:38:18.899167+00:00;P1;14.00
4853;pms5003;3628;6.559;3.386;2026-03-23T12:38:18.899167+00:00;P0;8.00
4854;DHT22;3628;6.559;3.386;2026-03-23T12:43:52.638872+00:00;humidity;60.30
4854;DHT22;3628;6.559;3.386;2026-03-23T12:43:52.638872+00:00;temperature;39.50
4854;DHT22;3628;6.559;3.386;2026-03-23T12:49:51.908288+00:00;humidity;59.50
4854;DHT22;3628;6.559;3.386;2026-03-23T12:49:51.908288+00:00;temperature;39.40
4853;pms5003;3628;6.559;3.386;2026-03-23T12:54:34.094799+00:00;P2;24.25
4853;pms5003;3628;6.559;3.386;2026-03-23T12:54:34.094799+00:00;P1;26.25
4853;pms5003;3628;6.559;3.386;2026-03-23T12:54:34.094799+00:00;P0;18.00
4854;DHT22;3628;6.559;3.386;2026-03-23T13:00:18.404309+00:00;humidity;61.30
4854;DHT22;3628;6.559;3.386;2026-03-23T13:00:18.404309+00:00;temperature;39.20
4854;DHT22;3628;6.559;3.386;2026-03-23T13:05:53.048065+00:00;humidity;63.20
4854;DHT22;3628;6.559;3.386;2026-03-23T13:05:53.048065+00:00;temperature;38.20
4853;pms5003;3628;6.559;3.386;2026-03-23T13:11:10.377297+00:00;P2;20.00
4853;pms5003;3628;6.559;3.386;2026-03-23T13:11:10.377297+00:00;P1;21.60
4853;pms5003;3628;6.559;3.386;2026-03-23T13:11:10.377297+00:00;P0;13.40
4854;DHT22;3628;6.559;3.386;2026-03-23T13:11:28.358498+00:00;humidity;64.50
4854;DHT22;3628;6.559;3.386;2026-03-23T13:11:28.358498+00:00;temperature;38.00
4853;pms5003;3628;6.559;3.386;2026-03-23T13:16:45.381800+00:00;P2;16.25
4853;pms5003;3628;6.559;3.386;2026-03-23T13:16:45.381800+00:00;P1;30.75
4853;pms5003;3628;6.559;3.386;2026-03-23T13:16:45.381800+00:00;P0;12.00
4854;DHT22;3628;6.559;3.386;2026-03-23T13:22:28.383454+00:00;humidity;66.00
4854;DHT22;3628;6.559;3.386;2026-03-23T13:22:28.383454+00:00;temperature;37.50
4853;pms5003;3628;6.559;3.386;2026-03-23T13:27:48.498844+00:00;P2;18.00
4853;pms5003;3628;6.559;3.386;2026-03-23T13:27:48.498844+00:00;P1;18.00
4853;pms5003;3628;6.559;3.386;2026-03-23T13:27:48.498844+00:00;P0;12.00
4853;pms5003;3628;6.559;3.386;2026-03-23T13:38:50.080013+00:00;P2;16.75
4853;pms5003;3628;6.559;3.386;2026-03-23T13:38:50.080013+00:00;P1;23.25
4853;pms5003;3628;6.559;3.386;2026-03-23T13:38:50.080013+00:00;P0;11.00
4853;pms5003;3628;6.559;3.386;2026-03-23T13:44:14.590715+00:00;P2;19.00
4853;pms5003;3628;6.559;3.386;2026-03-23T13:44:14.590715+00:00;P1;25.50
4853;pms5003;3628;6.559;3.386;2026-03-23T13:44:14.590715+00:00;P0;11.25
4853;pms5003;3628;6.559;3.386;2026-03-23T13:49:38.468623+00:00;P2;14.67
4853;pms5003;3628;6.559;3.386;2026-03-23T13:49:38.468623+00:00;P1;14.47
4853;pms5003;3628;6.559;3.386;2026-03-23T13:49:38.468623+00:00;P0;11.33
4854;DHT22;3628;6.559;3.386;2026-03-23T13:49:55.878320+00:00;humidity;68.50
4854;DHT22;3628;6.559;3.386;2026-03-23T13:49:55.878320+00:00;temperature;36.30
4854;DHT22;3628;6.559;3.386;2026-03-23T13:55:30.555663+00:00;humidity;68.40
4854;DHT22;3628;6.559;3.386;2026-03-23T13:55:30.555663+00:00;temperature;35.90
4854;DHT22;3628;6.559;3.386;2026-03-23T14:01:10.581679+00:00;humidity;69.30
4854;DHT22;3628;6.559;3.386;2026-03-23T14:01:10.581679+00:00;temperature;35.80
4853;pms5003;3628;6.559;3.386;2026-03-23T14:06:11.482191+00:00;P2;21.00
4853;pms5003;3628;6.559;3.386;2026-03-23T14:06:11.482191+00:00;P1;31.60
4853;pms5003;3628;6.559;3.386;2026-03-23T14:06:11.482191+00:00;P0;15.60
4853;pms5003;3628;6.559;3.386;2026-03-23T14:11:35.268816+00:00;P2;16.33
4853;pms5003;3628;6.559;3.386;2026-03-23T14:11:35.268816+00:00;P1;18.33
4853;pms5003;3628;6.559;3.386;2026-03-23T14:11:35.268816+00:00;P0;11.33
4854;DHT22;3628;6.559;3.386;2026-03-23T14:11:52.609900+00:00;humidity;69.80
4854;DHT22;3628;6.559;3.386;2026-03-23T14:11:52.609900+00:00;temperature;35.90
4854;DHT22;3628;6.559;3.386;2026-03-23T14:17:16.306856+00:00;humidity;69.90
4854;DHT22;3628;6.559;3.386;2026-03-23T14:17:16.306856+00:00;temperature;36.00
4853;pms5003;3628;6.559;3.386;2026-03-23T14:23:06.002596+00:00;P2;17.00
4853;pms5003;3628;6.559;3.386;2026-03-23T14:23:06.002596+00:00;P1;29.75
4853;pms5003;3628;6.559;3.386;2026-03-23T14:23:06.002596+00:00;P0;13.00
4854;DHT22;3628;6.559;3.386;2026-03-23T14:28:04.196284+00:00;humidity;69.60
4854;DHT22;3628;6.559;3.386;2026-03-23T14:28:04.196284+00:00;temperature;36.20
4853;pms5003;3628;6.559;3.386;2026-03-23T14:33:21.544379+00:00;P2;14.00
4853;pms5003;3628;6.559;3.386;2026-03-23T14:33:21.544379+00:00;P1;24.00
4853;pms5003;3628;6.559;3.386;2026-03-23T14:33:21.544379+00:00;P0;11.00
4854;DHT22;3628;6.559;3.386;2026-03-23T14:33:41.789847+00:00;humidity;69.20
4854;DHT22;3628;6.559;3.386;2026-03-23T14:33:41.789847+00:00;temperature;36.30
4853;pms5003;3628;6.559;3.386;2026-03-23T14:38:59.059103+00:00;P2;20.80
4853;pms5003;3628;6.559;3.386;2026-03-23T14:38:59.059103+00:00;P1;34.60
4853;pms5003;3628;6.559;3.386;2026-03-23T14:38:59.059103+00:00;P0;12.60
4854;DHT22;3628;6.559;3.386;2026-03-23T14:39:16.418586+00:00;humidity;68.40
4854;DHT22;3628;6.559;3.386;2026-03-23T14:39:16.418586+00:00;temperature;36.40
4853;pms5003;3628;6.559;3.386;2026-03-23T14:44:33.609536+00:00;P2;15.00
4853;pms5003;3628;6.559;3.386;2026-03-23T14:44:33.609536+00:00;P1;15.00
4853;pms5003;3628;6.559;3.386;2026-03-23T14:44:33.609536+00:00;P0;10.00
4854;DHT22;3628;6.559;3.386;2026-03-23T14:44:50.949602+00:00;humidity;68.40
4854;DHT22;3628;6.559;3.386;2026-03-23T14:44:50.949602+00:00;temperature;36.70
4853;pms5003;3628;6.559;3.386;2026-03-23T14:55:32.357272+00:00;P2;17.00
4853;pms5003;3628;6.559;3.386;2026-03-23T14:55:32.357272+00:00;P1;26.00
4853;pms5003;3628;6.559;3.386;2026-03-23T14:55:32.357272+00:00;P0;12.00
4854;DHT22;3628;6.559;3.386;2026-03-23T14:55:49.715126+00:00;humidity;68.30
4854;DHT22;3628;6.559;3.386;2026-03-23T14:55:49.715126+00:00;temperature;36.40
4853;pms5003;3628;6.559;3.386;2026-03-23T15:06:19.811243+00:00;P2;19.00
4853;pms5003;3628;6.559;3.386;2026-03-23T15:06:19.811243+00:00;P1;23.60
4853;pms5003;3628;6.559;3.386;2026-03-23T15:06:19.811243+00:00;P0;14.00
4853;pms5003;3628;6.559;3.386;2026-03-23T15:11:54.601284+00:00;P2;15.50
4853;pms5003;3628;6.559;3.386;2026-03-23T15:11:54.601284+00:00;P1;19.00
4853;pms5003;3628;6.559;3.386;2026-03-23T15:11:54.601284+00:00;P0;11.00
4854;DHT22;3628;6.559;3.386;2026-03-23T15:12:12.044035+00:00;humidity;69.10
4854;DHT22;3628;6.559;3.386;2026-03-23T15:12:12.044035+00:00;temperature;36.20
4853;pms5003;3628;6.559;3.386;2026-03-23T15:17:29.200554+00:00;P2;20.75
4853;pms5003;3628;6.559;3.386;2026-03-23T15:17:29.200554+00:00;P1;29.25
4853;pms5003;3628;6.559;3.386;2026-03-23T15:17:29.200554+00:00;P0;13.75
4853;pms5003;3628;6.559;3.386;2026-03-23T15:22:53.296334+00:00;P2;19.60
4853;pms5003;3628;6.559;3.386;2026-03-23T15:22:53.296334+00:00;P1;24.00
4853;pms5003;3628;6.559;3.386;2026-03-23T15:22:53.296334+00:00;P0;14.00
4854;DHT22;3628;6.559;3.386;2026-03-23T15:23:10.676261+00:00;humidity;70.50
4854;DHT22;3628;6.559;3.386;2026-03-23T15:23:10.676261+00:00;temperature;35.90
4853;pms5003;3628;6.559;3.386;2026-03-23T15:28:27.964773+00:00;P2;15.75
4853;pms5003;3628;6.559;3.386;2026-03-23T15:28:27.964773+00:00;P1;17.00
4853;pms5003;3628;6.559;3.386;2026-03-23T15:28:27.964773+00:00;P0;10.50
4854;DHT22;3628;6.559;3.386;2026-03-23T15:28:45.343294+00:00;humidity;70.80
4854;DHT22;3628;6.559;3.386;2026-03-23T15:28:45.343294+00:00;temperature;35.80
4853;pms5003;3628;6.559;3.386;2026-03-23T15:34:32.168490+00:00;P2;15.00
4853;pms5003;3628;6.559;3.386;2026-03-23T15:34:32.168490+00:00;P1;15.00
4853;pms5003;3628;6.559;3.386;2026-03-23T15:34:32.168490+00:00;P0;10.00
4853;pms5003;3628;6.559;3.386;2026-03-23T15:39:26.743949+00:00;P2;16.25
4853;pms5003;3628;6.559;3.386;2026-03-23T15:39:26.743949+00:00;P1;20.00
4853;pms5003;3628;6.559;3.386;2026-03-23T15:39:26.743949+00:00;P0;11.50
4854;DHT22;3628;6.559;3.386;2026-03-23T15:45:08.038311+00:00;humidity;71.70
4854;DHT22;3628;6.559;3.386;2026-03-23T15:45:08.038311+00:00;temperature;35.00
4853;pms5003;3628;6.559;3.386;2026-03-23T15:50:25.217837+00:00;P2;10.00
4853;pms5003;3628;6.559;3.386;2026-03-23T15:50:25.217837+00:00;P1;29.75
4853;pms5003;3628;6.559;3.386;2026-03-23T15:50:25.217837+00:00;P0;10.00
4854;DHT22;3628;6.559;3.386;2026-03-23T15:55:55.512842+00:00;humidity;71.90
4854;DHT22;3628;6.559;3.386;2026-03-23T15:55:55.512842+00:00;temperature;35.00
4853;pms5003;3628;6.559;3.386;2026-03-23T16:06:36.544089+00:00;P2;18.00
4853;pms5003;3628;6.559;3.386;2026-03-23T16:06:36.544089+00:00;P1;21.00
4853;pms5003;3628;6.559;3.386;2026-03-23T16:06:36.544089+00:00;P0;12.50
4854;DHT22;3628;6.559;3.386;2026-03-23T16:06:53.897474+00:00;humidity;73.20
4854;DHT22;3628;6.559;3.386;2026-03-23T16:06:53.897474+00:00;temperature;34.60
4854;DHT22;3628;6.559;3.386;2026-03-23T16:12:17.663936+00:00;humidity;73.80
4854;DHT22;3628;6.559;3.386;2026-03-23T16:12:17.663936+00:00;temperature;34.50
4853;pms5003;3628;6.559;3.386;2026-03-23T16:17:34.827164+00:00;P2;17.33
4853;pms5003;3628;6.559;3.386;2026-03-23T16:17:34.827164+00:00;P1;17.67
4853;pms5003;3628;6.559;3.386;2026-03-23T16:17:34.827164+00:00;P0;12.33
4854;DHT22;3628;6.559;3.386;2026-03-23T16:17:52.206118+00:00;humidity;74.10
4854;DHT22;3628;6.559;3.386;2026-03-23T16:17:52.206118+00:00;temperature;34.30
4854;DHT22;3628;6.559;3.386;2026-03-23T16:23:16.075583+00:00;humidity;73.80
4854;DHT22;3628;6.559;3.386;2026-03-23T16:23:16.075583+00:00;temperature;34.50
4854;DHT22;3628;6.559;3.386;2026-03-23T16:33:53.405443+00:00;humidity;73.40
4854;DHT22;3628;6.559;3.386;2026-03-23T16:33:53.405443+00:00;temperature;34.30
4853;pms5003;3628;6.559;3.386;2026-03-23T16:39:13.695271+00:00;P2;17.00
4853;pms5003;3628;6.559;3.386;2026-03-23T16:39:13.695271+00:00;P1;18.00
4853;pms5003;3628;6.559;3.386;2026-03-23T16:39:13.695271+00:00;P0;11.00
4853;pms5003;3628;6.559;3.386;2026-03-23T16:44:37.239076+00:00;P2;19.80
4853;pms5003;3628;6.559;3.386;2026-03-23T16:44:37.239076+00:00;P1;23.60
4853;pms5003;3628;6.559;3.386;2026-03-23T16:44:37.239076+00:00;P0;11.00
4854;DHT22;3628;6.559;3.386;2026-03-23T16:50:08.228452+00:00;humidity;72.90
4854;DHT22;3628;6.559;3.386;2026-03-23T16:50:08.228452+00:00;temperature;34.00
4854;DHT22;3628;6.559;3.386;2026-03-23T16:55:32.540125+00:00;humidity;74.10
4854;DHT22;3628;6.559;3.386;2026-03-23T16:55:32.540125+00:00;temperature;33.80
4853;pms5003;3628;6.559;3.386;2026-03-23T17:00:49.712805+00:00;P2;23.25
4853;pms5003;3628;6.559;3.386;2026-03-23T17:00:49.712805+00:00;P1;32.00
4853;pms5003;3628;6.559;3.386;2026-03-23T17:00:49.712805+00:00;P0;13.75
4854;DHT22;3628;6.559;3.386;2026-03-23T17:01:07.042600+00:00;humidity;74.40
4854;DHT22;3628;6.559;3.386;2026-03-23T17:01:07.042600+00:00;temperature;33.80
4853;pms5003;3628;6.559;3.386;2026-03-23T17:06:24.238879+00:00;P2;16.50
4853;pms5003;3628;6.559;3.386;2026-03-23T17:06:24.238879+00:00;P1;27.25
4853;pms5003;3628;6.559;3.386;2026-03-23T17:06:24.238879+00:00;P0;11.50
4853;pms5003;3628;6.559;3.386;2026-03-23T17:11:58.798778+00:00;P2;21.75
4853;pms5003;3628;6.559;3.386;2026-03-23T17:11:58.798778+00:00;P1;27.25
4853;pms5003;3628;6.559;3.386;2026-03-23T17:11:58.798778+00:00;P0;12.50
4854;DHT22;3628;6.559;3.386;2026-03-23T17:12:16.181161+00:00;humidity;73.70
4854;DHT22;3628;6.559;3.386;2026-03-23T17:12:16.181161+00:00;temperature;33.70
4853;pms5003;3628;6.559;3.386;2026-03-23T17:17:33.402042+00:00;P2;16.80
4853;pms5003;3628;6.559;3.386;2026-03-23T17:17:33.402042+00:00;P1;18.20
4853;pms5003;3628;6.559;3.386;2026-03-23T17:17:33.402042+00:00;P0;12.00
4854;DHT22;3628;6.559;3.386;2026-03-23T17:17:50.815841+00:00;humidity;74.70
4854;DHT22;3628;6.559;3.386;2026-03-23T17:17:50.815841+00:00;temperature;33.50
4853;pms5003;3628;6.559;3.386;2026-03-23T17:23:08.024367+00:00;P2;16.00
4853;pms5003;3628;6.559;3.386;2026-03-23T17:23:08.024367+00:00;P1;17.25
4853;pms5003;3628;6.559;3.386;2026-03-23T17:23:08.024367+00:00;P0;10.25
4854;DHT22;3628;6.559;3.386;2026-03-23T17:23:25.480222+00:00;humidity;74.80
4854;DHT22;3628;6.559;3.386;2026-03-23T17:23:25.480222+00:00;temperature;33.40
4853;pms5003;3628;6.559;3.386;2026-03-23T17:28:42.655539+00:00;P2;16.00
4853;pms5003;3628;6.559;3.386;2026-03-23T17:28:42.655539+00:00;P1;29.00
4853;pms5003;3628;6.559;3.386;2026-03-23T17:28:42.655539+00:00;P0;11.00
4854;DHT22;3628;6.559;3.386;2026-03-23T17:29:00.057822+00:00;humidity;73.70
4854;DHT22;3628;6.559;3.386;2026-03-23T17:29:00.057822+00:00;temperature;33.10
4853;pms5003;3628;6.559;3.386;2026-03-23T17:34:17.183494+00:00;P2;22.50
4853;pms5003;3628;6.559;3.386;2026-03-23T17:34:17.183494+00:00;P1;27.00
4853;pms5003;3628;6.559;3.386;2026-03-23T17:34:17.183494+00:00;P0;16.00
4854;DHT22;3628;6.559;3.386;2026-03-23T17:34:34.525410+00:00;humidity;74.10
4854;DHT22;3628;6.559;3.386;2026-03-23T17:34:34.525410+00:00;temperature;33.20
4853;pms5003;3628;6.559;3.386;2026-03-23T17:39:51.716319+00:00;P2;18.25
4853;pms5003;3628;6.559;3.386;2026-03-23T17:39:51.716319+00:00;P1;23.75
4853;pms5003;3628;6.559;3.386;2026-03-23T17:39:51.716319+00:00;P0;11.50
4854;DHT22;3628;6.559;3.386;2026-03-23T17:40:09.062991+00:00;humidity;75.10
4854;DHT22;3628;6.559;3.386;2026-03-23T17:40:09.062991+00:00;temperature;33.00
4853;pms5003;3628;6.559;3.386;2026-03-23T17:45:26.238352+00:00;P2;16.00
4853;pms5003;3628;6.559;3.386;2026-03-23T17:45:26.238352+00:00;P1;18.80
4853;pms5003;3628;6.559;3.386;2026-03-23T17:45:26.238352+00:00;P0;10.60
4853;pms5003;3628;6.559;3.386;2026-03-23T17:51:18.351037+00:00;P2;16.80
4853;pms5003;3628;6.559;3.386;2026-03-23T17:51:18.351037+00:00;P1;16.80
4853;pms5003;3628;6.559;3.386;2026-03-23T17:51:18.351037+00:00;P0;11.80
4854;DHT22;3628;6.559;3.386;2026-03-23T17:51:35.675603+00:00;humidity;76.30
4854;DHT22;3628;6.559;3.386;2026-03-23T17:51:35.675603+00:00;temperature;32.70
4853;pms5003;3628;6.559;3.386;2026-03-23T17:56:52.998699+00:00;P2;20.00
4853;pms5003;3628;6.559;3.386;2026-03-23T17:56:52.998699+00:00;P1;34.00
4853;pms5003;3628;6.559;3.386;2026-03-23T17:56:52.998699+00:00;P0;11.75
4854;DHT22;3628;6.559;3.386;2026-03-23T18:02:34.530054+00:00;humidity;78.40
4854;DHT22;3628;6.559;3.386;2026-03-23T18:02:34.530054+00:00;temperature;32.50
4853;pms5003;3628;6.559;3.386;2026-03-23T18:07:51.706731+00:00;P2;17.50
4853;pms5003;3628;6.559;3.386;2026-03-23T18:07:51.706731+00:00;P1;29.00
4853;pms5003;3628;6.559;3.386;2026-03-23T18:07:51.706731+00:00;P0;12.00
4854;DHT22;3628;6.559;3.386;2026-03-23T18:08:09.168701+00:00;humidity;79.30
4854;DHT22;3628;6.559;3.386;2026-03-23T18:08:09.168701+00:00;temperature;32.50
4853;pms5003;3628;6.559;3.386;2026-03-23T18:13:30.785639+00:00;P2;15.00
4853;pms5003;3628;6.559;3.386;2026-03-23T18:13:30.785639+00:00;P1;17.00
4853;pms5003;3628;6.559;3.386;2026-03-23T18:13:30.785639+00:00;P0;11.00
4854;DHT22;3628;6.559;3.386;2026-03-23T18:19:07.588676+00:00;humidity;81.70
4854;DHT22;3628;6.559;3.386;2026-03-23T18:19:07.588676+00:00;temperature;32.30
4853;pms5003;3628;6.559;3.386;2026-03-23T18:46:00.847483+00:00;P2;23.25
4853;pms5003;3628;6.559;3.386;2026-03-23T18:46:00.847483+00:00;P1;27.25
4853;pms5003;3628;6.559;3.386;2026-03-23T18:46:00.847483+00:00;P0;16.00
4854;DHT22;3628;6.559;3.386;2026-03-23T18:46:18.154805+00:00;humidity;87.00
4854;DHT22;3628;6.559;3.386;2026-03-23T18:46:18.154805+00:00;temperature;32.00
4853;pms5003;3628;6.559;3.386;2026-03-23T18:51:35.311333+00:00;P2;26.00
4853;pms5003;3628;6.559;3.386;2026-03-23T18:51:35.311333+00:00;P1;28.25
4853;pms5003;3628;6.559;3.386;2026-03-23T18:51:35.311333+00:00;P0;17.00
4853;pms5003;3628;6.559;3.386;2026-03-23T18:56:59.533512+00:00;P2;19.75
4853;pms5003;3628;6.559;3.386;2026-03-23T18:56:59.533512+00:00;P1;24.00
4853;pms5003;3628;6.559;3.386;2026-03-23T18:56:59.533512+00:00;P0;14.00
4854;DHT22;3628;6.559;3.386;2026-03-23T18:57:16.994737+00:00;humidity;88.10
4854;DHT22;3628;6.559;3.386;2026-03-23T18:57:16.994737+00:00;temperature;32.10
4853;pms5003;3628;6.559;3.386;2026-03-23T19:08:45.139445+00:00;P2;19.80
4853;pms5003;3628;6.559;3.386;2026-03-23T19:08:45.139445+00:00;P1;22.00
4853;pms5003;3628;6.559;3.386;2026-03-23T19:08:45.139445+00:00;P0;13.00
4854;DHT22;3628;6.559;3.386;2026-03-23T19:13:18.668407+00:00;humidity;88.60
4854;DHT22;3628;6.559;3.386;2026-03-23T19:13:18.668407+00:00;temperature;32.00
4853;pms5003;3628;6.559;3.386;2026-03-23T19:18:35.865197+00:00;P2;20.00
4853;pms5003;3628;6.559;3.386;2026-03-23T19:18:35.865197+00:00;P1;31.50
4853;pms5003;3628;6.559;3.386;2026-03-23T19:18:35.865197+00:00;P0;14.00
4854;DHT22;3628;6.559;3.386;2026-03-23T19:18:53.199463+00:00;humidity;88.90
4854;DHT22;3628;6.559;3.386;2026-03-23T19:18:53.199463+00:00;temperature;32.00
4853;pms5003;3628;6.559;3.386;2026-03-23T19:24:10.607948+00:00;P2;20.00
4853;pms5003;3628;6.559;3.386;2026-03-23T19:24:10.607948+00:00;P1;28.50
4853;pms5003;3628;6.559;3.386;2026-03-23T19:24:10.607948+00:00;P0;13.75
4854;DHT22;3628;6.559;3.386;2026-03-23T19:24:27.810816+00:00;humidity;88.00
4854;DHT22;3628;6.559;3.386;2026-03-23T19:24:27.810816+00:00;temperature;32.10
4853;pms5003;3628;6.559;3.386;2026-03-23T19:29:45.099030+00:00;P2;21.50
4853;pms5003;3628;6.559;3.386;2026-03-23T19:29:45.099030+00:00;P1;27.50
4853;pms5003;3628;6.559;3.386;2026-03-23T19:29:45.099030+00:00;P0;14.50
4853;pms5003;3628;6.559;3.386;2026-03-23T19:35:39.531596+00:00;P2;24.00
4853;pms5003;3628;6.559;3.386;2026-03-23T19:35:39.531596+00:00;P1;41.00
4853;pms5003;3628;6.559;3.386;2026-03-23T19:35:39.531596+00:00;P0;15.00
4854;DHT22;3628;6.559;3.386;2026-03-23T19:40:42.279489+00:00;humidity;90.10
4854;DHT22;3628;6.559;3.386;2026-03-23T19:40:42.279489+00:00;temperature;32.00
4853;pms5003;3628;6.559;3.386;2026-03-23T19:45:59.474959+00:00;P2;27.25
4853;pms5003;3628;6.559;3.386;2026-03-23T19:45:59.474959+00:00;P1;41.00
4853;pms5003;3628;6.559;3.386;2026-03-23T19:45:59.474959+00:00;P0;20.00
4854;DHT22;3628;6.559;3.386;2026-03-23T19:46:16.871162+00:00;humidity;90.80
4854;DHT22;3628;6.559;3.386;2026-03-23T19:46:16.871162+00:00;temperature;31.90
4853;pms5003;3628;6.559;3.386;2026-03-23T19:51:34.054663+00:00;P2;19.50
4853;pms5003;3628;6.559;3.386;2026-03-23T19:51:34.054663+00:00;P1;22.00
4853;pms5003;3628;6.559;3.386;2026-03-23T19:51:34.054663+00:00;P0;14.00
4853;pms5003;3628;6.559;3.386;2026-03-23T19:57:34.028337+00:00;P2;25.00
4853;pms5003;3628;6.559;3.386;2026-03-23T19:57:34.028337+00:00;P1;33.25
4853;pms5003;3628;6.559;3.386;2026-03-23T19:57:34.028337+00:00;P0;15.00
4854;DHT22;3628;6.559;3.386;2026-03-23T20:02:31.623299+00:00;humidity;90.20
4854;DHT22;3628;6.559;3.386;2026-03-23T20:02:31.623299+00:00;temperature;32.00
4853;pms5003;3628;6.559;3.386;2026-03-23T20:07:48.785006+00:00;P2;23.25
4853;pms5003;3628;6.559;3.386;2026-03-23T20:07:48.785006+00:00;P1;36.00
4853;pms5003;3628;6.559;3.386;2026-03-23T20:07:48.785006+00:00;P0;16.00
4854;DHT22;3628;6.559;3.386;2026-03-23T20:08:06.138824+00:00;humidity;90.20
4854;DHT22;3628;6.559;3.386;2026-03-23T20:08:06.138824+00:00;temperature;32.00
4854;DHT22;3628;6.559;3.386;2026-03-23T20:13:30.332504+00:00;humidity;90.90
4854;DHT22;3628;6.559;3.386;2026-03-23T20:13:30.332504+00:00;temperature;31.90
4853;pms5003;3628;6.559;3.386;2026-03-23T20:18:47.366005+00:00;P2;20.25
4853;pms5003;3628;6.559;3.386;2026-03-23T20:18:47.366005+00:00;P1;23.50
4853;pms5003;3628;6.559;3.386;2026-03-23T20:18:47.366005+00:00;P0;15.25
4854;DHT22;3628;6.559;3.386;2026-03-23T20:19:04.772495+00:00;humidity;91.00
4854;DHT22;3628;6.559;3.386;2026-03-23T20:19:04.772495+00:00;temperature;32.00
4853;pms5003;3628;6.559;3.386;2026-03-23T20:24:21.963253+00:00;P2;21.33
4853;pms5003;3628;6.559;3.386;2026-03-23T20:24:21.963253+00:00;P1;26.33
4853;pms5003;3628;6.559;3.386;2026-03-23T20:24:21.963253+00:00;P0;14.00
4854;DHT22;3628;6.559;3.386;2026-03-23T20:24:39.332749+00:00;humidity;91.00
4854;DHT22;3628;6.559;3.386;2026-03-23T20:24:39.332749+00:00;temperature;32.00
4853;pms5003;3628;6.559;3.386;2026-03-23T20:35:10.280111+00:00;P2;19.25
4853;pms5003;3628;6.559;3.386;2026-03-23T20:35:10.280111+00:00;P1;20.25
4853;pms5003;3628;6.559;3.386;2026-03-23T20:35:10.280111+00:00;P0;14.00
4854;DHT22;3628;6.559;3.386;2026-03-23T20:35:27.503660+00:00;humidity;90.70
4854;DHT22;3628;6.559;3.386;2026-03-23T20:35:27.503660+00:00;temperature;32.00
4854;DHT22;3628;6.559;3.386;2026-03-23T20:41:02.438855+00:00;humidity;91.20
4854;DHT22;3628;6.559;3.386;2026-03-23T20:41:02.438855+00:00;temperature;31.90
4853;pms5003;3628;6.559;3.386;2026-03-23T20:51:35.656785+00:00;P2;19.50
4853;pms5003;3628;6.559;3.386;2026-03-23T20:51:35.656785+00:00;P1;26.50
4853;pms5003;3628;6.559;3.386;2026-03-23T20:51:35.656785+00:00;P0;15.00
4853;pms5003;3628;6.559;3.386;2026-03-23T20:58:31.631418+00:00;P2;17.60
4853;pms5003;3628;6.559;3.386;2026-03-23T20:58:31.631418+00:00;P1;17.60
4853;pms5003;3628;6.559;3.386;2026-03-23T20:58:31.631418+00:00;P0;14.00
4853;pms5003;3628;6.559;3.386;2026-03-23T21:02:26.933085+00:00;P2;20.25
4853;pms5003;3628;6.559;3.386;2026-03-23T21:02:26.933085+00:00;P1;23.50
4853;pms5003;3628;6.559;3.386;2026-03-23T21:02:26.933085+00:00;P0;14.25
4853;pms5003;3628;6.559;3.386;2026-03-23T21:08:39.725835+00:00;P2;17.00
4853;pms5003;3628;6.559;3.386;2026-03-23T21:08:39.725835+00:00;P1;29.75
4853;pms5003;3628;6.559;3.386;2026-03-23T21:08:39.725835+00:00;P0;12.00
4854;DHT22;3628;6.559;3.386;2026-03-23T21:13:46.753960+00:00;humidity;91.00
4854;DHT22;3628;6.559;3.386;2026-03-23T21:13:46.753960+00:00;temperature;31.80
4853;pms5003;3628;6.559;3.386;2026-03-23T21:24:06.891415+00:00;P2;19.75
4853;pms5003;3628;6.559;3.386;2026-03-23T21:24:06.891415+00:00;P1;26.00
4853;pms5003;3628;6.559;3.386;2026-03-23T21:24:06.891415+00:00;P0;14.00
4854;DHT22;3628;6.559;3.386;2026-03-23T21:24:24.352182+00:00;humidity;91.20
4854;DHT22;3628;6.559;3.386;2026-03-23T21:24:24.352182+00:00;temperature;31.80
4853;pms5003;3628;6.559;3.386;2026-03-23T21:29:41.455561+00:00;P2;20.00
4853;pms5003;3628;6.559;3.386;2026-03-23T21:29:41.455561+00:00;P1;32.67
4853;pms5003;3628;6.559;3.386;2026-03-23T21:29:41.455561+00:00;P0;12.33
4854;DHT22;3628;6.559;3.386;2026-03-23T21:29:58.802480+00:00;humidity;90.80
4854;DHT22;3628;6.559;3.386;2026-03-23T21:29:58.802480+00:00;temperature;31.90
4854;DHT22;3628;6.559;3.386;2026-03-23T21:35:22.655681+00:00;humidity;91.30
4854;DHT22;3628;6.559;3.386;2026-03-23T21:35:22.655681+00:00;temperature;31.80
4854;DHT22;3628;6.559;3.386;2026-03-23T21:40:46.514410+00:00;humidity;91.60
4854;DHT22;3628;6.559;3.386;2026-03-23T21:40:46.514410+00:00;temperature;31.70
4853;pms5003;3628;6.559;3.386;2026-03-23T21:46:03.877103+00:00;P2;21.20
4853;pms5003;3628;6.559;3.386;2026-03-23T21:46:03.877103+00:00;P1;22.20
4853;pms5003;3628;6.559;3.386;2026-03-23T21:46:03.877103+00:00;P0;14.20
4854;DHT22;3628;6.559;3.386;2026-03-23T21:46:21.195493+00:00;humidity;91.60
4854;DHT22;3628;6.559;3.386;2026-03-23T21:46:21.195493+00:00;temperature;31.80
4853;pms5003;3628;6.559;3.386;2026-03-23T21:51:38.380304+00:00;P2;16.00
4853;pms5003;3628;6.559;3.386;2026-03-23T21:51:38.380304+00:00;P1;19.00
4853;pms5003;3628;6.559;3.386;2026-03-23T21:51:38.380304+00:00;P0;12.50
4854;DHT22;3628;6.559;3.386;2026-03-23T21:51:55.733539+00:00;humidity;91.40
4854;DHT22;3628;6.559;3.386;2026-03-23T21:51:55.733539+00:00;temperature;31.80
4853;pms5003;3628;6.559;3.386;2026-03-23T21:57:52.802543+00:00;P2;20.00
4853;pms5003;3628;6.559;3.386;2026-03-23T21:57:52.802543+00:00;P1;21.60
4853;pms5003;3628;6.559;3.386;2026-03-23T21:57:52.802543+00:00;P0;14.00
4854;DHT22;3628;6.559;3.386;2026-03-23T22:02:43.646001+00:00;humidity;91.30
4854;DHT22;3628;6.559;3.386;2026-03-23T22:02:43.646001+00:00;temperature;31.80
4853;pms5003;3628;6.559;3.386;2026-03-24T05:50:29.799812+00:00;P2;25.00
4853;pms5003;3628;6.559;3.386;2026-03-24T05:50:29.799812+00:00;P1;35.40
4853;pms5003;3628;6.559;3.386;2026-03-24T05:50:29.799812+00:00;P0;18.00
4854;DHT22;3628;6.559;3.386;2026-03-24T05:50:47.135935+00:00;humidity;100.00
4854;DHT22;3628;6.559;3.386;2026-03-24T05:50:47.135935+00:00;temperature;30.30
4853;pms5003;3628;6.559;3.386;2026-03-24T05:56:04.338746+00:00;P2;32.50
4853;pms5003;3628;6.559;3.386;2026-03-24T05:56:04.338746+00:00;P1;42.00
4853;pms5003;3628;6.559;3.386;2026-03-24T05:56:04.338746+00:00;P0;20.50
4854;DHT22;3628;6.559;3.386;2026-03-24T05:56:21.695224+00:00;humidity;100.00
4854;DHT22;3628;6.559;3.386;2026-03-24T05:56:21.695224+00:00;temperature;31.00
4854;DHT22;3628;6.559;3.386;2026-03-24T10:01:56.903797+00:00;humidity;81.10
4854;DHT22;3628;6.559;3.386;2026-03-24T10:01:56.903797+00:00;temperature;33.80
4854;DHT22;3628;6.559;3.386;2026-03-24T10:07:23.947245+00:00;humidity;74.60
4854;DHT22;3628;6.559;3.386;2026-03-24T10:07:23.947245+00:00;temperature;35.80
4854;DHT22;3628;6.559;3.386;2026-03-24T10:12:50.739450+00:00;humidity;71.50
4854;DHT22;3628;6.559;3.386;2026-03-24T10:12:50.739450+00:00;temperature;36.90
4853;pms5003;3628;6.559;3.386;2026-03-24T10:18:07.927902+00:00;P2;15.00
4853;pms5003;3628;6.559;3.386;2026-03-24T10:18:07.927902+00:00;P1;18.00
4853;pms5003;3628;6.559;3.386;2026-03-24T10:18:07.927902+00:00;P0;9.00
4853;pms5003;3628;6.559;3.386;2026-03-24T10:23:31.976589+00:00;P2;18.25
4853;pms5003;3628;6.559;3.386;2026-03-24T10:23:31.976589+00:00;P1;19.25
4853;pms5003;3628;6.559;3.386;2026-03-24T10:23:31.976589+00:00;P0;10.75
4854;DHT22;3628;6.559;3.386;2026-03-24T10:23:49.333483+00:00;humidity;68.20
4854;DHT22;3628;6.559;3.386;2026-03-24T10:23:49.333483+00:00;temperature;37.50
4853;pms5003;3628;6.559;3.386;2026-03-24T10:29:06.524912+00:00;P2;18.00
4853;pms5003;3628;6.559;3.386;2026-03-24T10:29:06.524912+00:00;P1;20.50
4853;pms5003;3628;6.559;3.386;2026-03-24T10:29:06.524912+00:00;P0;13.00
4853;pms5003;3628;6.559;3.386;2026-03-24T10:34:41.153804+00:00;P2;15.00
4853;pms5003;3628;6.559;3.386;2026-03-24T10:34:41.153804+00:00;P1;19.00
4853;pms5003;3628;6.559;3.386;2026-03-24T10:34:41.153804+00:00;P0;10.00
4853;pms5003;3628;6.559;3.386;2026-03-24T10:40:05.418492+00:00;P2;21.40
4853;pms5003;3628;6.559;3.386;2026-03-24T10:40:05.418492+00:00;P1;23.40
4853;pms5003;3628;6.559;3.386;2026-03-24T10:40:05.418492+00:00;P0;15.40
4854;DHT22;3628;6.559;3.386;2026-03-24T10:40:22.776768+00:00;humidity;61.80
4854;DHT22;3628;6.559;3.386;2026-03-24T10:40:22.776768+00:00;temperature;38.90
4853;pms5003;3628;6.559;3.386;2026-03-24T10:45:39.941087+00:00;P2;13.00
4853;pms5003;3628;6.559;3.386;2026-03-24T10:45:39.941087+00:00;P1;15.00
4853;pms5003;3628;6.559;3.386;2026-03-24T10:45:39.941087+00:00;P0;9.00
4854;DHT22;3628;6.559;3.386;2026-03-24T10:45:57.325672+00:00;humidity;63.40
4854;DHT22;3628;6.559;3.386;2026-03-24T10:45:57.325672+00:00;temperature;38.40
4854;DHT22;3628;6.559;3.386;2026-03-24T10:56:45.236062+00:00;humidity;64.10
4854;DHT22;3628;6.559;3.386;2026-03-24T10:56:45.236062+00:00;temperature;38.50
4853;pms5003;3628;6.559;3.386;2026-03-24T11:02:02.428693+00:00;P2;26.60
4853;pms5003;3628;6.559;3.386;2026-03-24T11:02:02.428693+00:00;P1;30.00
4853;pms5003;3628;6.559;3.386;2026-03-24T11:02:02.428693+00:00;P0;20.00
4854;DHT22;3628;6.559;3.386;2026-03-24T11:02:19.895944+00:00;humidity;65.10
4854;DHT22;3628;6.559;3.386;2026-03-24T11:02:19.895944+00:00;temperature;38.00
4853;pms5003;3628;6.559;3.386;2026-03-24T11:12:50.131898+00:00;P2;16.75
4853;pms5003;3628;6.559;3.386;2026-03-24T11:12:50.131898+00:00;P1;23.75
4853;pms5003;3628;6.559;3.386;2026-03-24T11:12:50.131898+00:00;P0;12.00
4853;pms5003;3628;6.559;3.386;2026-03-24T11:18:24.660892+00:00;P2;24.50
4853;pms5003;3628;6.559;3.386;2026-03-24T11:18:24.660892+00:00;P1;39.75
4853;pms5003;3628;6.559;3.386;2026-03-24T11:18:24.660892+00:00;P0;16.50
4854;DHT22;3628;6.559;3.386;2026-03-24T11:18:42.030233+00:00;humidity;64.90
4854;DHT22;3628;6.559;3.386;2026-03-24T11:18:42.030233+00:00;temperature;37.00
4853;pms5003;3628;6.559;3.386;2026-03-24T11:23:59.203902+00:00;P2;22.60
4853;pms5003;3628;6.559;3.386;2026-03-24T11:23:59.203902+00:00;P1;27.80
4853;pms5003;3628;6.559;3.386;2026-03-24T11:23:59.203902+00:00;P0;15.60
4854;DHT22;3628;6.559;3.386;2026-03-24T11:24:16.563619+00:00;humidity;66.10
4854;DHT22;3628;6.559;3.386;2026-03-24T11:24:16.563619+00:00;temperature;36.50
4853;pms5003;3628;6.559;3.386;2026-03-24T11:29:33.797841+00:00;P2;17.50
4853;pms5003;3628;6.559;3.386;2026-03-24T11:29:33.797841+00:00;P1;29.25
4853;pms5003;3628;6.559;3.386;2026-03-24T11:29:33.797841+00:00;P0;11.75
4853;pms5003;3628;6.559;3.386;2026-03-24T11:35:08.279768+00:00;P2;20.00
4853;pms5003;3628;6.559;3.386;2026-03-24T11:35:08.279768+00:00;P1;20.00
4853;pms5003;3628;6.559;3.386;2026-03-24T11:35:08.279768+00:00;P0;11.20
4854;DHT22;3628;6.559;3.386;2026-03-24T11:35:25.719822+00:00;humidity;63.10
4854;DHT22;3628;6.559;3.386;2026-03-24T11:35:25.719822+00:00;temperature;37.50
4854;DHT22;3628;6.559;3.386;2026-03-24T11:46:14.941942+00:00;humidity;62.90
4854;DHT22;3628;6.559;3.386;2026-03-24T11:46:14.941942+00:00;temperature;37.50
4853;pms5003;3628;6.559;3.386;2026-03-24T11:51:32.180485+00:00;P2;17.75
4853;pms5003;3628;6.559;3.386;2026-03-24T11:51:32.180485+00:00;P1;18.75
4853;pms5003;3628;6.559;3.386;2026-03-24T11:51:32.180485+00:00;P0;12.00
4854;DHT22;3628;6.559;3.386;2026-03-24T11:51:49.552615+00:00;humidity;63.40
4854;DHT22;3628;6.559;3.386;2026-03-24T11:51:49.552615+00:00;temperature;37.50
4853;pms5003;3628;6.559;3.386;2026-03-24T11:57:06.753725+00:00;P2;17.80
4853;pms5003;3628;6.559;3.386;2026-03-24T11:57:06.753725+00:00;P1;21.80
4853;pms5003;3628;6.559;3.386;2026-03-24T11:57:06.753725+00:00;P0;11.80
4854;DHT22;3628;6.559;3.386;2026-03-24T11:57:24.128811+00:00;humidity;62.40
4854;DHT22;3628;6.559;3.386;2026-03-24T11:57:24.128811+00:00;temperature;37.80
4853;pms5003;3628;6.559;3.386;2026-03-24T12:02:41.418598+00:00;P2;19.00
4853;pms5003;3628;6.559;3.386;2026-03-24T12:02:41.418598+00:00;P1;22.50
4853;pms5003;3628;6.559;3.386;2026-03-24T12:02:41.418598+00:00;P0;13.00
4854;DHT22;3628;6.559;3.386;2026-03-24T12:02:58.781159+00:00;humidity;62.80
4854;DHT22;3628;6.559;3.386;2026-03-24T12:02:58.781159+00:00;temperature;37.80
4853;pms5003;3628;6.559;3.386;2026-03-24T12:08:15.995093+00:00;P2;18.00
4853;pms5003;3628;6.559;3.386;2026-03-24T12:08:15.995093+00:00;P1;18.25
4853;pms5003;3628;6.559;3.386;2026-03-24T12:08:15.995093+00:00;P0;12.00
4853;pms5003;3628;6.559;3.386;2026-03-24T12:19:18.041129+00:00;P2;20.75
4853;pms5003;3628;6.559;3.386;2026-03-24T12:19:18.041129+00:00;P1;31.75
4853;pms5003;3628;6.559;3.386;2026-03-24T12:19:18.041129+00:00;P0;13.75
4854;DHT22;3628;6.559;3.386;2026-03-24T12:24:50.631323+00:00;humidity;62.50
4854;DHT22;3628;6.559;3.386;2026-03-24T12:24:50.631323+00:00;temperature;38.00
4854;DHT22;3628;6.559;3.386;2026-03-24T12:30:14.591169+00:00;humidity;62.40
4854;DHT22;3628;6.559;3.386;2026-03-24T12:30:14.591169+00:00;temperature;37.80
4854;DHT22;3628;6.559;3.386;2026-03-24T12:35:38.303972+00:00;humidity;61.20
4854;DHT22;3628;6.559;3.386;2026-03-24T12:35:38.303972+00:00;temperature;38.00
4853;pms5003;3628;6.559;3.386;2026-03-24T12:40:55.719232+00:00;P2;22.20
4853;pms5003;3628;6.559;3.386;2026-03-24T12:40:55.719232+00:00;P1;29.20
4853;pms5003;3628;6.559;3.386;2026-03-24T12:40:55.719232+00:00;P0;14.20
4854;DHT22;3628;6.559;3.386;2026-03-24T12:41:12.982484+00:00;humidity;61.20
4854;DHT22;3628;6.559;3.386;2026-03-24T12:41:12.982484+00:00;temperature;38.00
4853;pms5003;3628;6.559;3.386;2026-03-24T12:57:28.868482+00:00;P2;18.00
4853;pms5003;3628;6.559;3.386;2026-03-24T12:57:28.868482+00:00;P1;18.00
4853;pms5003;3628;6.559;3.386;2026-03-24T12:57:28.868482+00:00;P0;12.00
4854;DHT22;3628;6.559;3.386;2026-03-24T12:57:46.194820+00:00;humidity;62.50
4854;DHT22;3628;6.559;3.386;2026-03-24T12:57:46.194820+00:00;temperature;36.90
4853;pms5003;3628;6.559;3.386;2026-03-24T13:08:39.421199+00:00;P2;13.00
4853;pms5003;3628;6.559;3.386;2026-03-24T13:08:39.421199+00:00;P1;19.00
4853;pms5003;3628;6.559;3.386;2026-03-24T13:08:39.421199+00:00;P0;11.00
4854;DHT22;3628;6.559;3.386;2026-03-24T13:08:56.759181+00:00;humidity;61.40
4854;DHT22;3628;6.559;3.386;2026-03-24T13:08:56.759181+00:00;temperature;37.20
4853;pms5003;3628;6.559;3.386;2026-03-24T13:14:13.988180+00:00;P2;21.00
4853;pms5003;3628;6.559;3.386;2026-03-24T13:14:13.988180+00:00;P1;28.00
4853;pms5003;3628;6.559;3.386;2026-03-24T13:14:13.988180+00:00;P0;15.00
4854;DHT22;3628;6.559;3.386;2026-03-24T13:14:31.361438+00:00;humidity;60.20
4854;DHT22;3628;6.559;3.386;2026-03-24T13:14:31.361438+00:00;temperature;37.60
4854;DHT22;3628;6.559;3.386;2026-03-24T13:19:55.457188+00:00;humidity;62.00
4854;DHT22;3628;6.559;3.386;2026-03-24T13:19:55.457188+00:00;temperature;37.80
4853;pms5003;3628;6.559;3.386;2026-03-24T13:25:12.658682+00:00;P2;14.00
4853;pms5003;3628;6.559;3.386;2026-03-24T13:25:12.658682+00:00;P1;18.00
4853;pms5003;3628;6.559;3.386;2026-03-24T13:25:12.658682+00:00;P0;10.00
4854;DHT22;3628;6.559;3.386;2026-03-24T13:25:30.039355+00:00;humidity;62.00
4854;DHT22;3628;6.559;3.386;2026-03-24T13:25:30.039355+00:00;temperature;37.90
4854;DHT22;3628;6.559;3.386;2026-03-24T13:30:54.049097+00:00;humidity;62.60
4854;DHT22;3628;6.559;3.386;2026-03-24T13:30:54.049097+00:00;temperature;37.20
4854;DHT22;3628;6.559;3.386;2026-03-24T13:36:18.087014+00:00;humidity;63.50
4854;DHT22;3628;6.559;3.386;2026-03-24T13:36:18.087014+00:00;temperature;36.90
4853;pms5003;3628;6.559;3.386;2026-03-24T13:41:35.264191+00:00;P2;19.00
4853;pms5003;3628;6.559;3.386;2026-03-24T13:41:35.264191+00:00;P1;24.50
4853;pms5003;3628;6.559;3.386;2026-03-24T13:41:35.264191+00:00;P0;11.50
4853;pms5003;3628;6.559;3.386;2026-03-24T13:47:09.959270+00:00;P2;17.75
4853;pms5003;3628;6.559;3.386;2026-03-24T13:47:09.959270+00:00;P1;26.00
4853;pms5003;3628;6.559;3.386;2026-03-24T13:47:09.959270+00:00;P0;10.25
4854;DHT22;3628;6.559;3.386;2026-03-24T13:47:27.427441+00:00;humidity;60.10
4854;DHT22;3628;6.559;3.386;2026-03-24T13:47:27.427441+00:00;temperature;38.60
4853;pms5003;3628;6.559;3.386;2026-03-24T13:52:44.683215+00:00;P2;18.50
4853;pms5003;3628;6.559;3.386;2026-03-24T13:52:44.683215+00:00;P1;21.00
4853;pms5003;3628;6.559;3.386;2026-03-24T13:52:44.683215+00:00;P0;13.25
4853;pms5003;3628;6.559;3.386;2026-03-24T14:03:35.780049+00:00;P2;18.25
4853;pms5003;3628;6.559;3.386;2026-03-24T14:03:35.780049+00:00;P1;25.50
4853;pms5003;3628;6.559;3.386;2026-03-24T14:03:35.780049+00:00;P0;11.25
4853;pms5003;3628;6.559;3.386;2026-03-24T14:14:12.767242+00:00;P2;15.25
4853;pms5003;3628;6.559;3.386;2026-03-24T14:14:12.767242+00:00;P1;19.50
4853;pms5003;3628;6.559;3.386;2026-03-24T14:14:12.767242+00:00;P0;11.00
4854;DHT22;3628;6.559;3.386;2026-03-24T14:14:30.105590+00:00;humidity;65.40
4854;DHT22;3628;6.559;3.386;2026-03-24T14:14:30.105590+00:00;temperature;36.80
4854;DHT22;3628;6.559;3.386;2026-03-24T14:20:04.812869+00:00;humidity;65.20
4854;DHT22;3628;6.559;3.386;2026-03-24T14:20:04.812869+00:00;temperature;36.80
4854;DHT22;3628;6.559;3.386;2026-03-24T14:31:03.525483+00:00;humidity;64.60
4854;DHT22;3628;6.559;3.386;2026-03-24T14:31:03.525483+00:00;temperature;36.50
4854;DHT22;3628;6.559;3.386;2026-03-24T14:36:30.384426+00:00;humidity;64.30
4854;DHT22;3628;6.559;3.386;2026-03-24T14:36:30.384426+00:00;temperature;36.50
4853;pms5003;3628;6.559;3.386;2026-03-24T14:41:47.613512+00:00;P2;16.33
4853;pms5003;3628;6.559;3.386;2026-03-24T14:41:47.613512+00:00;P1;25.33
4853;pms5003;3628;6.559;3.386;2026-03-24T14:41:47.613512+00:00;P0;11.33
4853;pms5003;3628;6.559;3.386;2026-03-24T14:47:13.537542+00:00;P2;14.00
4853;pms5003;3628;6.559;3.386;2026-03-24T14:47:13.537542+00:00;P1;19.00
4853;pms5003;3628;6.559;3.386;2026-03-24T14:47:13.537542+00:00;P0;10.00
4854;DHT22;3628;6.559;3.386;2026-03-24T14:47:28.786345+00:00;humidity;65.20
4854;DHT22;3628;6.559;3.386;2026-03-24T14:47:28.786345+00:00;temperature;35.80
4853;pms5003;3628;6.559;3.386;2026-03-24T14:52:45.969702+00:00;P2;15.50
4853;pms5003;3628;6.559;3.386;2026-03-24T14:52:45.969702+00:00;P1;18.50
4853;pms5003;3628;6.559;3.386;2026-03-24T14:52:45.969702+00:00;P0;11700
4854;DHT22;3628;6.559;3.386;2026-03-24T14:53:03.450386+00:00;humidity;66.50
4854;DHT22;3628;6.559;3.386;2026-03-24T14:53:03.450386+00:00;temperature;35.60
4853;pms5003;3628;6.559;3.386;2026-03-24T15:03:33.752382+00:00;P2;11.40
4853;pms5003;3628;6.559;3.386;2026-03-24T15:03:33.752382+00:00;P1;12.00
4853;pms5003;3628;6.559;3.386;2026-03-24T15:03:33.752382+00:00;P0;9.00
4854;DHT22;3628;6.559;3.386;2026-03-24T15:03:51.123819+00:00;humidity;65.30
4854;DHT22;3628;6.559;3.386;2026-03-24T15:03:51.123819+00:00;temperature;35.90
4853;pms5003;3628;6.559;3.386;2026-03-24T15:09:08.397939+00:00;P2;14.80
4853;pms5003;3628;6.559;3.386;2026-03-24T15:09:08.397939+00:00;P1;16.80
4853;pms5003;3628;6.559;3.386;2026-03-24T15:09:08.397939+00:00;P0;10.00
4854;DHT22;3628;6.559;3.386;2026-03-24T15:09:25.737091+00:00;humidity;68.80
4854;DHT22;3628;6.559;3.386;2026-03-24T15:09:25.737091+00:00;temperature;35.40
4853;pms5003;3628;6.559;3.386;2026-03-24T15:14:42.921034+00:00;P2;14.00
4853;pms5003;3628;6.559;3.386;2026-03-24T15:14:42.921034+00:00;P1;17.00
4853;pms5003;3628;6.559;3.386;2026-03-24T15:14:42.921034+00:00;P0;9.00
4854;DHT22;3628;6.559;3.386;2026-03-24T15:15:00.324525+00:00;humidity;69.00
4854;DHT22;3628;6.559;3.386;2026-03-24T15:15:00.324525+00:00;temperature;35.10
4853;pms5003;3628;6.559;3.386;2026-03-24T15:20:17.570405+00:00;P2;14.00
4853;pms5003;3628;6.559;3.386;2026-03-24T15:20:17.570405+00:00;P1;15.50
4853;pms5003;3628;6.559;3.386;2026-03-24T15:20:17.570405+00:00;P0;10.00
4854;DHT22;3628;6.559;3.386;2026-03-24T15:20:34.848909+00:00;humidity;70.20
4854;DHT22;3628;6.559;3.386;2026-03-24T15:20:34.848909+00:00;temperature;34.90
4854;DHT22;3628;6.559;3.386;2026-03-24T15:26:09.713176+00:00;humidity;72.20
4854;DHT22;3628;6.559;3.386;2026-03-24T15:26:09.713176+00:00;temperature;34.50
4854;DHT22;3628;6.559;3.386;2026-03-24T15:31:33.792060+00:00;humidity;72.90
4854;DHT22;3628;6.559;3.386;2026-03-24T15:31:33.792060+00:00;temperature;34.50
4853;pms5003;3628;6.559;3.386;2026-03-24T15:36:50.989560+00:00;P2;14.50
4853;pms5003;3628;6.559;3.386;2026-03-24T15:36:50.989560+00:00;P1;18.00
4853;pms5003;3628;6.559;3.386;2026-03-24T15:36:50.989560+00:00;P0;9.50
4854;DHT22;3628;6.559;3.386;2026-03-24T15:37:08.390446+00:00;humidity;72.00
4854;DHT22;3628;6.559;3.386;2026-03-24T15:37:08.390446+00:00;temperature;34.70
4853;pms5003;3628;6.559;3.386;2026-03-24T15:42:25.638135+00:00;P2;95.67
4853;pms5003;3628;6.559;3.386;2026-03-24T15:42:25.638135+00:00;P1;106.67
4853;pms5003;3628;6.559;3.386;2026-03-24T15:42:25.638135+00:00;P0;66.67
4853;pms5003;3628;6.559;3.386;2026-03-24T15:47:49.584017+00:00;P2;15.20
4853;pms5003;3628;6.559;3.386;2026-03-24T15:47:49.584017+00:00;P1;24.20
4853;pms5003;3628;6.559;3.386;2026-03-24T15:47:49.584017+00:00;P0;10.40
4854;DHT22;3628;6.559;3.386;2026-03-24T15:48:07.008217+00:00;humidity;71.20
4854;DHT22;3628;6.559;3.386;2026-03-24T15:48:07.008217+00:00;temperature;35.00
4853;pms5003;3628;6.559;3.386;2026-03-24T15:58:37.130466+00:00;P2;85.50
4853;pms5003;3628;6.559;3.386;2026-03-24T15:58:37.130466+00:00;P1;98.00
4853;pms5003;3628;6.559;3.386;2026-03-24T15:58:37.130466+00:00;P0;60.25
4854;DHT22;3628;6.559;3.386;2026-03-24T15:58:54.631331+00:00;humidity;70.60
4854;DHT22;3628;6.559;3.386;2026-03-24T15:58:54.631331+00:00;temperature;34.70
4853;pms5003;3628;6.559;3.386;2026-03-24T16:04:11.889016+00:00;P2;16.00
4853;pms5003;3628;6.559;3.386;2026-03-24T16:04:11.889016+00:00;P1;28.33
4853;pms5003;3628;6.559;3.386;2026-03-24T16:04:11.889016+00:00;P0;10.67
4854;DHT22;3628;6.559;3.386;2026-03-24T16:04:29.377608+00:00;humidity;71.00
4854;DHT22;3628;6.559;3.386;2026-03-24T16:04:29.377608+00:00;temperature;34.60
4853;pms5003;3628;6.559;3.386;2026-03-24T16:09:46.688074+00:00;P2;15.00
4853;pms5003;3628;6.559;3.386;2026-03-24T16:09:46.688074+00:00;P1;16.00
4853;pms5003;3628;6.559;3.386;2026-03-24T16:09:46.688074+00:00;P0;10.00
4854;DHT22;3628;6.559;3.386;2026-03-24T16:10:04.381472+00:00;humidity;72.30
4854;DHT22;3628;6.559;3.386;2026-03-24T16:10:04.381472+00:00;temperature;34.30
4853;pms5003;3628;6.559;3.386;2026-03-24T16:20:45.665607+00:00;P2;16.00
4853;pms5003;3628;6.559;3.386;2026-03-24T16:20:45.665607+00:00;P1;21.75
4853;pms5003;3628;6.559;3.386;2026-03-24T16:20:45.665607+00:00;P0;10.50
4853;pms5003;3628;6.559;3.386;2026-03-24T16:26:15.154693+00:00;P2;10.80
4853;pms5003;3628;6.559;3.386;2026-03-24T16:26:15.154693+00:00;P1;20.20
4853;pms5003;3628;6.559;3.386;2026-03-24T16:26:15.154693+00:00;P0;7.20
4854;DHT22;3628;6.559;3.386;2026-03-24T16:26:32.531650+00:00;humidity;74.20
4854;DHT22;3628;6.559;3.386;2026-03-24T16:26:32.531650+00:00;temperature;34.20
4854;DHT22;3628;6.559;3.386;2026-03-24T16:31:56.283757+00:00;humidity;74.60
4854;DHT22;3628;6.559;3.386;2026-03-24T16:31:56.283757+00:00;temperature;34.10
4853;pms5003;3628;6.559;3.386;2026-03-24T16:37:13.846642+00:00;P2;17.75
4853;pms5003;3628;6.559;3.386;2026-03-24T16:37:13.846642+00:00;P1;24.75
4853;pms5003;3628;6.559;3.386;2026-03-24T16:37:13.846642+00:00;P0;11.75
4854;DHT22;3628;6.559;3.386;2026-03-24T16:48:08.761669+00:00;humidity;75.30
4854;DHT22;3628;6.559;3.386;2026-03-24T16:48:08.761669+00:00;temperature;34.00
4853;pms5003;3628;6.559;3.386;2026-03-24T16:53:25.951936+00:00;P2;17.33
4853;pms5003;3628;6.559;3.386;2026-03-24T16:53:25.951936+00:00;P1;17.33
4853;pms5003;3628;6.559;3.386;2026-03-24T16:53:25.951936+00:00;P0;12.33
4853;pms5003;3628;6.559;3.386;2026-03-24T16:59:00.725549+00:00;P2;18.75
4853;pms5003;3628;6.559;3.386;2026-03-24T16:59:00.725549+00:00;P1;23.00
4853;pms5003;3628;6.559;3.386;2026-03-24T16:59:00.725549+00:00;P0;12.75
4854;DHT22;3628;6.559;3.386;2026-03-24T16:59:18.195915+00:00;humidity;73.70
4854;DHT22;3628;6.559;3.386;2026-03-24T16:59:18.195915+00:00;temperature;34.00
4853;pms5003;3628;6.559;3.386;2026-03-24T17:04:35.380384+00:00;P2;15.00
4853;pms5003;3628;6.559;3.386;2026-03-24T17:04:35.380384+00:00;P1;27.67
4853;pms5003;3628;6.559;3.386;2026-03-24T17:04:35.380384+00:00;P0;10.00
4854;DHT22;3628;6.559;3.386;2026-03-24T17:04:53.185694+00:00;humidity;74.10
4854;DHT22;3628;6.559;3.386;2026-03-24T17:04:53.185694+00:00;temperature;34.10
4853;pms5003;3628;6.559;3.386;2026-03-24T17:10:10.076674+00:00;P2;13.00
4853;pms5003;3628;6.559;3.386;2026-03-24T17:10:10.076674+00:00;P1;16.25
4853;pms5003;3628;6.559;3.386;2026-03-24T17:10:10.076674+00:00;P0;9.50
4853;pms5003;3628;6.559;3.386;2026-03-24T17:15:33.775842+00:00;P2;12.80
4853;pms5003;3628;6.559;3.386;2026-03-24T17:15:33.775842+00:00;P1;15.20
4853;pms5003;3628;6.559;3.386;2026-03-24T17:15:33.775842+00:00;P0;9.20
4853;pms5003;3628;6.559;3.386;2026-03-24T17:20:57.687766+00:00;P2;36.50
4853;pms5003;3628;6.559;3.386;2026-03-24T17:20:57.687766+00:00;P1;53.25
4853;pms5003;3628;6.559;3.386;2026-03-24T17:20:57.687766+00:00;P0;23.75
4854;DHT22;3628;6.559;3.386;2026-03-24T17:21:15.071352+00:00;humidity;76.00
4854;DHT22;3628;6.559;3.386;2026-03-24T17:21:15.071352+00:00;temperature;33.70
4853;pms5003;3628;6.559;3.386;2026-03-24T17:26:32.279655+00:00;P2;15.00
4853;pms5003;3628;6.559;3.386;2026-03-24T17:26:32.279655+00:00;P1;24.00
4853;pms5003;3628;6.559;3.386;2026-03-24T17:26:32.279655+00:00;P0;10.00
4853;pms5003;3628;6.559;3.386;2026-03-24T17:31:56.195682+00:00;P2;19.50
4853;pms5003;3628;6.559;3.386;2026-03-24T17:31:56.195682+00:00;P1;20.00
4853;pms5003;3628;6.559;3.386;2026-03-24T17:31:56.195682+00:00;P0;13.50
4854;DHT22;3628;6.559;3.386;2026-03-24T17:32:13.646527+00:00;humidity;76.40
4854;DHT22;3628;6.559;3.386;2026-03-24T17:32:13.646527+00:00;temperature;33.40
4853;pms5003;3628;6.559;3.386;2026-03-24T17:37:30.711929+00:00;P2;23.40
4853;pms5003;3628;6.559;3.386;2026-03-24T17:37:30.711929+00:00;P1;29.40
4853;pms5003;3628;6.559;3.386;2026-03-24T17:37:30.711929+00:00;P0;16.00
4854;DHT22;3628;6.559;3.386;2026-03-24T17:37:48.058419+00:00;humidity;78.10
4854;DHT22;3628;6.559;3.386;2026-03-24T17:37:48.058419+00:00;temperature;33.10
4853;pms5003;3628;6.559;3.386;2026-03-24T17:43:05.225595+00:00;P2;18.00
4853;pms5003;3628;6.559;3.386;2026-03-24T17:43:05.225595+00:00;P1;20.75
4853;pms5003;3628;6.559;3.386;2026-03-24T17:43:05.225595+00:00;P0;12.50
4854;DHT22;3628;6.559;3.386;2026-03-24T17:43:22.563046+00:00;humidity;75.50
4854;DHT22;3628;6.559;3.386;2026-03-24T17:43:22.563046+00:00;temperature;33.10
4854;DHT22;3628;6.559;3.386;2026-03-24T17:48:48.387118+00:00;humidity;77.50
4854;DHT22;3628;6.559;3.386;2026-03-24T17:48:48.387118+00:00;temperature;32.80
4853;pms5003;3628;6.559;3.386;2026-03-24T17:54:05.565148+00:00;P2;11.60
4853;pms5003;3628;6.559;3.386;2026-03-24T17:54:05.565148+00:00;P1;14.00
4853;pms5003;3628;6.559;3.386;2026-03-24T17:54:05.565148+00:00;P0;8.00
4853;pms5003;3628;6.559;3.386;2026-03-24T17:59:29.475372+00:00;P2;13.50
4853;pms5003;3628;6.559;3.386;2026-03-24T17:59:29.475372+00:00;P1;15.00
4853;pms5003;3628;6.559;3.386;2026-03-24T17:59:29.475372+00:00;P0;10.00
4854;DHT22;3628;6.559;3.386;2026-03-24T18:05:24.437685+00:00;humidity;79.20
4854;DHT22;3628;6.559;3.386;2026-03-24T18:05:24.437685+00:00;temperature;32.50
4854;DHT22;3628;6.559;3.386;2026-03-24T18:10:58.937926+00:00;humidity;79.60
4854;DHT22;3628;6.559;3.386;2026-03-24T18:10:58.937926+00:00;temperature;32.40
4854;DHT22;3628;6.559;3.386;2026-03-24T18:53:45.622990+00:00;humidity;82.10
4854;DHT22;3628;6.559;3.386;2026-03-24T18:53:45.622990+00:00;temperature;32.00
4854;DHT22;3628;6.559;3.386;2026-03-24T18:59:09.954393+00:00;humidity;81.80
4854;DHT22;3628;6.559;3.386;2026-03-24T18:59:09.954393+00:00;temperature;32.10
4853;pms5003;3628;6.559;3.386;2026-03-24T19:04:30.459762+00:00;P2;29.50
4853;pms5003;3628;6.559;3.386;2026-03-24T19:04:30.459762+00:00;P1;34.50
4853;pms5003;3628;6.559;3.386;2026-03-24T19:04:30.459762+00:00;P0;20.50
4854;DHT22;3628;6.559;3.386;2026-03-24T19:04:50.798971+00:00;humidity;82.80
4854;DHT22;3628;6.559;3.386;2026-03-24T19:04:50.798971+00:00;temperature;32.10
4853;pms5003;3628;6.559;3.386;2026-03-24T19:15:41.631767+00:00;P2;20.00
4853;pms5003;3628;6.559;3.386;2026-03-24T19:15:41.631767+00:00;P1;21.00
4853;pms5003;3628;6.559;3.386;2026-03-24T19:15:41.631767+00:00;P0;14.00
4853;pms5003;3628;6.559;3.386;2026-03-24T19:37:59.217204+00:00;P2;20.00
4853;pms5003;3628;6.559;3.386;2026-03-24T19:37:59.217204+00:00;P1;24.50
4853;pms5003;3628;6.559;3.386;2026-03-24T19:37:59.217204+00:00;P0;13.00
4854;DHT22;3628;6.559;3.386;2026-03-24T19:38:27.400813+00:00;humidity;83.70
4854;DHT22;3628;6.559;3.386;2026-03-24T19:38:27.400813+00:00;temperature;31.70
4853;pms5003;3628;6.559;3.386;2026-03-24T20:32:01.321539+00:00;P2;25.60
4853;pms5003;3628;6.559;3.386;2026-03-24T20:32:01.321539+00:00;P1;40.40
4853;pms5003;3628;6.559;3.386;2026-03-24T20:32:01.321539+00:00;P0;17.40
4854;DHT22;3628;6.559;3.386;2026-03-24T20:32:24.864312+00:00;humidity;80.30
4854;DHT22;3628;6.559;3.386;2026-03-24T20:32:24.864312+00:00;temperature;31.60
4853;pms5003;3628;6.559;3.386;2026-03-24T20:43:13.335410+00:00;P2;23.50
4853;pms5003;3628;6.559;3.386;2026-03-24T20:43:13.335410+00:00;P1;25.00
4853;pms5003;3628;6.559;3.386;2026-03-24T20:43:13.335410+00:00;P0;17.25
4854;DHT22;3628;6.559;3.386;2026-03-24T20:43:30.827667+00:00;humidity;81.10
4854;DHT22;3628;6.559;3.386;2026-03-24T20:43:30.827667+00:00;temperature;31.60
4854;DHT22;3628;6.559;3.386;2026-03-24T20:49:05.350091+00:00;humidity;81.40
4854;DHT22;3628;6.559;3.386;2026-03-24T20:49:05.350091+00:00;temperature;31.70
4854;DHT22;3628;6.559;3.386;2026-03-24T20:54:31.924741+00:00;humidity;82.10
4854;DHT22;3628;6.559;3.386;2026-03-24T20:54:31.924741+00:00;temperature;31.50
4853;pms5003;3628;6.559;3.386;2026-03-24T20:59:49.109746+00:00;P2;18.00
4853;pms5003;3628;6.559;3.386;2026-03-24T20:59:49.109746+00:00;P1;22.00
4853;pms5003;3628;6.559;3.386;2026-03-24T20:59:49.109746+00:00;P0;13.00
4854;DHT22;3628;6.559;3.386;2026-03-24T21:00:06.454347+00:00;humidity;82.00
4854;DHT22;3628;6.559;3.386;2026-03-24T21:00:06.454347+00:00;temperature;31.60
4853;pms5003;3628;6.559;3.386;2026-03-24T21:05:23.635329+00:00;P2;25.60
4853;pms5003;3628;6.559;3.386;2026-03-24T21:05:23.635329+00:00;P1;39.00
4853;pms5003;3628;6.559;3.386;2026-03-24T21:05:23.635329+00:00;P0;17.20
4853;pms5003;3628;6.559;3.386;2026-03-24T21:10:58.217121+00:00;P2;26.20
4853;pms5003;3628;6.559;3.386;2026-03-24T21:10:58.217121+00:00;P1;43.00
4853;pms5003;3628;6.559;3.386;2026-03-24T21:10:58.217121+00:00;P0;17.80
4854;DHT22;3628;6.559;3.386;2026-03-24T21:11:15.544425+00:00;humidity;82.30
4854;DHT22;3628;6.559;3.386;2026-03-24T21:11:15.544425+00:00;temperature;31.60
4854;DHT22;3628;6.559;3.386;2026-03-24T21:16:39.732864+00:00;humidity;82.80
4854;DHT22;3628;6.559;3.386;2026-03-24T21:16:39.732864+00:00;temperature;31.50
4854;DHT22;3628;6.559;3.386;2026-03-24T21:22:14.770656+00:00;humidity;82.60
4854;DHT22;3628;6.559;3.386;2026-03-24T21:22:14.770656+00:00;temperature;31.60
4853;pms5003;3628;6.559;3.386;2026-03-24T21:27:31.809410+00:00;P2;18.00
4853;pms5003;3628;6.559;3.386;2026-03-24T21:27:31.809410+00:00;P1;20.00
4853;pms5003;3628;6.559;3.386;2026-03-24T21:27:31.809410+00:00;P0;11.50
4854;DHT22;3628;6.559;3.386;2026-03-24T21:27:49.467387+00:00;humidity;83.00
4854;DHT22;3628;6.559;3.386;2026-03-24T21:27:49.467387+00:00;temperature;31.60
4853;pms5003;3628;6.559;3.386;2026-03-24T21:33:06.510733+00:00;P2;15.60
4853;pms5003;3628;6.559;3.386;2026-03-24T21:33:06.510733+00:00;P1;20.20
4853;pms5003;3628;6.559;3.386;2026-03-24T21:33:06.510733+00:00;P0;12.00
4854;DHT22;3628;6.559;3.386;2026-03-24T21:33:24.239347+00:00;humidity;83.40
4854;DHT22;3628;6.559;3.386;2026-03-24T21:33:24.239347+00:00;temperature;31.50
4853;pms5003;3628;6.559;3.386;2026-03-24T21:38:41.343447+00:00;P2;13.00
4853;pms5003;3628;6.559;3.386;2026-03-24T21:38:41.343447+00:00;P1;15.00
4853;pms5003;3628;6.559;3.386;2026-03-24T21:38:41.343447+00:00;P0;9.00
4854;DHT22;3628;6.559;3.386;2026-03-24T21:38:58.790244+00:00;humidity;83.90
4854;DHT22;3628;6.559;3.386;2026-03-24T21:38:58.790244+00:00;temperature;31.40
4853;pms5003;3628;6.559;3.386;2026-03-24T21:44:15.901176+00:00;P2;17.60
4853;pms5003;3628;6.559;3.386;2026-03-24T21:44:15.901176+00:00;P1;17.60
4853;pms5003;3628;6.559;3.386;2026-03-24T21:44:15.901176+00:00;P0;11.60
4854;DHT22;3628;6.559;3.386;2026-03-24T21:44:33.243975+00:00;humidity;84.00
4854;DHT22;3628;6.559;3.386;2026-03-24T21:44:33.243975+00:00;temperature;31.60
4853;pms5003;3628;6.559;3.386;2026-03-24T21:49:50.450634+00:00;P2;17.33
4853;pms5003;3628;6.559;3.386;2026-03-24T21:49:50.450634+00:00;P1;20.67
4853;pms5003;3628;6.559;3.386;2026-03-24T21:49:50.450634+00:00;P0;11.00
4854;DHT22;3628;6.559;3.386;2026-03-24T21:50:07.915749+00:00;humidity;84.70
4854;DHT22;3628;6.559;3.386;2026-03-24T21:50:07.915749+00:00;temperature;31.50
4853;pms5003;3628;6.559;3.386;2026-03-24T21:55:25.114684+00:00;P2;26.00
4853;pms5003;3628;6.559;3.386;2026-03-24T21:55:25.114684+00:00;P1;28.00
4853;pms5003;3628;6.559;3.386;2026-03-24T21:55:25.114684+00:00;P0;18.00
4854;DHT22;3628;6.559;3.386;2026-03-24T21:55:42.493101+00:00;humidity;85.10
4854;DHT22;3628;6.559;3.386;2026-03-24T21:55:42.493101+00:00;temperature;31.50
4853;pms5003;3628;6.559;3.386;2026-03-24T22:06:23.909609+00:00;P2;13.50
4853;pms5003;3628;6.559;3.386;2026-03-24T22:06:23.909609+00:00;P1;21.00
4853;pms5003;3628;6.559;3.386;2026-03-24T22:06:23.909609+00:00;P0;8.50
4854;DHT22;3628;6.559;3.386;2026-03-24T22:06:41.314526+00:00;humidity;86.70
4854;DHT22;3628;6.559;3.386;2026-03-24T22:06:41.314526+00:00;temperature;31.30
4853;pms5003;3628;6.559;3.386;2026-03-24T22:11:58.483782+00:00;P2;17.00
4853;pms5003;3628;6.559;3.386;2026-03-24T22:11:58.483782+00:00;P1;30.25
4853;pms5003;3628;6.559;3.386;2026-03-24T22:11:58.483782+00:00;P0;11.00
4854;DHT22;3628;6.559;3.386;2026-03-24T22:12:15.831662+00:00;humidity;87.30
4854;DHT22;3628;6.559;3.386;2026-03-24T22:12:15.831662+00:00;temperature;31.20
4853;pms5003;3628;6.559;3.386;2026-03-24T22:17:33.019423+00:00;P2;26.00
4853;pms5003;3628;6.559;3.386;2026-03-24T22:17:33.019423+00:00;P1;34.50
4853;pms5003;3628;6.559;3.386;2026-03-24T22:17:33.019423+00:00;P0;19.00
4854;DHT22;3628;6.559;3.386;2026-03-24T22:17:50.457443+00:00;humidity;87.00
4854;DHT22;3628;6.559;3.386;2026-03-24T22:17:50.457443+00:00;temperature;31.30
4853;pms5003;3628;6.559;3.386;2026-03-24T22:23:07.628605+00:00;P2;19.33
4853;pms5003;3628;6.559;3.386;2026-03-24T22:23:07.628605+00:00;P1;31.00
4853;pms5003;3628;6.559;3.386;2026-03-24T22:23:07.628605+00:00;P0;12.67
4854;DHT22;3628;6.559;3.386;2026-03-24T22:23:25.011746+00:00;humidity;87.30
4854;DHT22;3628;6.559;3.386;2026-03-24T22:23:25.011746+00:00;temperature;31.30
4853;pms5003;3628;6.559;3.386;2026-03-24T22:28:42.202806+00:00;P2;15.00
4853;pms5003;3628;6.559;3.386;2026-03-24T22:28:42.202806+00:00;P1;16.25
4853;pms5003;3628;6.559;3.386;2026-03-24T22:28:42.202806+00:00;P0;11.00
4853;pms5003;3628;6.559;3.386;2026-03-24T22:34:06.434687+00:00;P2;20.50
4853;pms5003;3628;6.559;3.386;2026-03-24T22:34:06.434687+00:00;P1;24.50
4853;pms5003;3628;6.559;3.386;2026-03-24T22:34:06.434687+00:00;P0;13.50
4854;DHT22;3628;6.559;3.386;2026-03-24T22:34:23.649493+00:00;humidity;87.70
4854;DHT22;3628;6.559;3.386;2026-03-24T22:34:23.649493+00:00;temperature;31.10
4853;pms5003;3628;6.559;3.386;2026-03-24T22:39:40.819091+00:00;P2;16.00
4853;pms5003;3628;6.559;3.386;2026-03-24T22:39:40.819091+00:00;P1;32.50
4853;pms5003;3628;6.559;3.386;2026-03-24T22:39:40.819091+00:00;P0;11.00
4854;DHT22;3628;6.559;3.386;2026-03-24T22:39:58.161683+00:00;humidity;87.10
4854;DHT22;3628;6.559;3.386;2026-03-24T22:39:58.161683+00:00;temperature;31.30
4853;pms5003;3628;6.559;3.386;2026-03-24T22:45:15.342153+00:00;P2;22.00
4853;pms5003;3628;6.559;3.386;2026-03-24T22:45:15.342153+00:00;P1;33.50
4853;pms5003;3628;6.559;3.386;2026-03-24T22:45:15.342153+00:00;P0;15.00
4854;DHT22;3628;6.559;3.386;2026-03-24T22:45:32.746271+00:00;humidity;87.70
4854;DHT22;3628;6.559;3.386;2026-03-24T22:45:32.746271+00:00;temperature;31.20
4853;pms5003;3628;6.559;3.386;2026-03-24T22:50:49.931457+00:00;P2;20.60
4853;pms5003;3628;6.559;3.386;2026-03-24T22:50:49.931457+00:00;P1;22.80
4853;pms5003;3628;6.559;3.386;2026-03-24T22:50:49.931457+00:00;P0;12.60
4854;DHT22;3628;6.559;3.386;2026-03-24T22:56:20.545540+00:00;humidity;88.00
4854;DHT22;3628;6.559;3.386;2026-03-24T22:56:20.545540+00:00;temperature;31.20
4853;pms5003;3628;6.559;3.386;2026-03-24T23:01:37.791696+00:00;P2;37.25
4853;pms5003;3628;6.559;3.386;2026-03-24T23:01:37.791696+00:00;P1;50.50
4853;pms5003;3628;6.559;3.386;2026-03-24T23:01:37.791696+00:00;P0;23.75
4854;DHT22;3628;6.559;3.386;2026-03-24T23:01:55.233590+00:00;humidity;87.80
4854;DHT22;3628;6.559;3.386;2026-03-24T23:01:55.233590+00:00;temperature;31.20
4854;DHT22;3628;6.559;3.386;2026-03-24T23:07:29.715655+00:00;humidity;88.60
4854;DHT22;3628;6.559;3.386;2026-03-24T23:07:29.715655+00:00;temperature;31.10
4854;DHT22;3628;6.559;3.386;2026-03-24T23:40:01.210042+00:00;humidity;86.80
4854;DHT22;3628;6.559;3.386;2026-03-24T23:40:01.210042+00:00;temperature;31.00
4853;pms5003;3628;6.559;3.386;2026-03-24T23:45:18.409516+00:00;P2;20.00
4853;pms5003;3628;6.559;3.386;2026-03-24T23:45:18.409516+00:00;P1;23.00
4853;pms5003;3628;6.559;3.386;2026-03-24T23:45:18.409516+00:00;P0;15.67
4854;DHT22;3628;6.559;3.386;2026-03-24T23:45:35.743298+00:00;humidity;86.30
4854;DHT22;3628;6.559;3.386;2026-03-24T23:45:35.743298+00:00;temperature;31.00
4853;pms5003;3628;6.559;3.386;2026-03-25T05:45:54.898809+00:00;P2;38.75
4853;pms5003;3628;6.559;3.386;2026-03-25T05:45:54.898809+00:00;P1;48.00
4853;pms5003;3628;6.559;3.386;2026-03-25T05:45:54.898809+00:00;P0;25.00
4853;pms5003;3628;6.559;3.386;2026-03-25T05:51:34.153789+00:00;P2;48.00
4853;pms5003;3628;6.559;3.386;2026-03-25T05:51:34.153789+00:00;P1;67.00
4853;pms5003;3628;6.559;3.386;2026-03-25T05:51:34.153789+00:00;P0;30.00
4854;DHT22;3628;6.559;3.386;2026-03-25T05:51:38.427521+00:00;humidity;99.80
4854;DHT22;3628;6.559;3.386;2026-03-25T05:51:38.427521+00:00;temperature;30.60
4854;DHT22;3628;6.559;3.386;2026-03-25T05:57:13.422422+00:00;humidity;98.60
4854;DHT22;3628;6.559;3.386;2026-03-25T05:57:13.422422+00:00;temperature;30.40
4853;pms5003;3628;6.559;3.386;2026-03-25T09:30:08.717533+00:00;P2;14.40
4853;pms5003;3628;6.559;3.386;2026-03-25T09:30:08.717533+00:00;P1;17.40
4853;pms5003;3628;6.559;3.386;2026-03-25T09:30:08.717533+00:00;P0;10.40
4854;DHT22;3628;6.559;3.386;2026-03-25T09:30:26.089130+00:00;humidity;69.10
4854;DHT22;3628;6.559;3.386;2026-03-25T09:30:26.089130+00:00;temperature;35.00
4853;pms5003;3628;6.559;3.386;2026-03-25T09:35:45.227560+00:00;P2;13.20
4853;pms5003;3628;6.559;3.386;2026-03-25T09:35:45.227560+00:00;P1;16.80
4853;pms5003;3628;6.559;3.386;2026-03-25T09:35:45.227560+00:00;P0;9.00
4854;DHT22;3628;6.559;3.386;2026-03-25T09:36:04.076109+00:00;humidity;65.00
4854;DHT22;3628;6.559;3.386;2026-03-25T09:36:04.076109+00:00;temperature;37.30
4853;pms5003;3628;6.559;3.386;2026-03-25T09:46:45.126913+00:00;P2;12.00
4853;pms5003;3628;6.559;3.386;2026-03-25T09:46:45.126913+00:00;P1;13.75
4853;pms5003;3628;6.559;3.386;2026-03-25T09:46:45.126913+00:00;P0;8.75
4854;DHT22;3628;6.559;3.386;2026-03-25T09:52:15.933629+00:00;humidity;60.20
4854;DHT22;3628;6.559;3.386;2026-03-25T09:52:15.933629+00:00;temperature;38.10
4853;pms5003;3628;6.559;3.386;2026-03-25T10:02:46.565436+00:00;P2;11.50
4853;pms5003;3628;6.559;3.386;2026-03-25T10:02:46.565436+00:00;P1;17.50
4853;pms5003;3628;6.559;3.386;2026-03-25T10:02:46.565436+00:00;P0;8.25
4853;pms5003;3628;6.559;3.386;2026-03-25T10:08:10.458343+00:00;P2;15.00
4853;pms5003;3628;6.559;3.386;2026-03-25T10:08:10.458343+00:00;P1;16.50
4853;pms5003;3628;6.559;3.386;2026-03-25T10:08:10.458343+00:00;P0;9.50
4853;pms5003;3628;6.559;3.386;2026-03-25T10:13:34.243880+00:00;P2;9.00
4853;pms5003;3628;6.559;3.386;2026-03-25T10:13:34.243880+00:00;P1;10.50
4853;pms5003;3628;6.559;3.386;2026-03-25T10:13:34.243880+00:00;P0;7.25
4854;DHT22;3628;6.559;3.386;2026-03-25T10:13:51.579623+00:00;humidity;58.70
4854;DHT22;3628;6.559;3.386;2026-03-25T10:13:51.579623+00:00;temperature;38.80
4854;DHT22;3628;6.559;3.386;2026-03-25T10:19:15.351285+00:00;humidity;59.30
4854;DHT22;3628;6.559;3.386;2026-03-25T10:19:15.351285+00:00;temperature;38.90
4854;DHT22;3628;6.559;3.386;2026-03-25T10:29:52.864012+00:00;humidity;62.50
4854;DHT22;3628;6.559;3.386;2026-03-25T10:29:52.864012+00:00;temperature;37.40
4854;DHT22;3628;6.559;3.386;2026-03-25T10:35:19.499519+00:00;humidity;63.40
4854;DHT22;3628;6.559;3.386;2026-03-25T10:35:19.499519+00:00;temperature;37.00
4854;DHT22;3628;6.559;3.386;2026-03-25T10:40:46.471493+00:00;humidity;61.90
4854;DHT22;3628;6.559;3.386;2026-03-25T10:40:46.471493+00:00;temperature;37.70
4853;pms5003;3628;6.559;3.386;2026-03-25T10:51:17.569339+00:00;P2;14.00
4853;pms5003;3628;6.559;3.386;2026-03-25T10:51:17.569339+00:00;P1;26.75
4853;pms5003;3628;6.559;3.386;2026-03-25T10:51:17.569339+00:00;P0;8.75
4853;pms5003;3628;6.559;3.386;2026-03-25T10:57:09.923099+00:00;P2;17.60
4853;pms5003;3628;6.559;3.386;2026-03-25T10:57:09.923099+00:00;P1;17.60
4853;pms5003;3628;6.559;3.386;2026-03-25T10:57:09.923099+00:00;P0;11.60
4853;pms5003;3628;6.559;3.386;2026-03-25T11:02:11.615649+00:00;P2;15.40
4853;pms5003;3628;6.559;3.386;2026-03-25T11:02:11.615649+00:00;P1;18.00
4853;pms5003;3628;6.559;3.386;2026-03-25T11:02:11.615649+00:00;P0;10.40
4853;pms5003;3628;6.559;3.386;2026-03-25T11:07:38.778698+00:00;P2;13.60
4853;pms5003;3628;6.559;3.386;2026-03-25T11:07:38.778698+00:00;P1;15.00
4853;pms5003;3628;6.559;3.386;2026-03-25T11:07:38.778698+00:00;P0;10.00
4854;DHT22;3628;6.559;3.386;2026-03-25T11:07:58.786164+00:00;humidity;60.20
4854;DHT22;3628;6.559;3.386;2026-03-25T11:07:58.786164+00:00;temperature;38.60
4853;pms5003;3628;6.559;3.386;2026-03-25T11:13:15.994701+00:00;P2;14.50
4853;pms5003;3628;6.559;3.386;2026-03-25T11:13:15.994701+00:00;P1;14.50
4853;pms5003;3628;6.559;3.386;2026-03-25T11:13:15.994701+00:00;P0;10.00
4854;DHT22;3628;6.559;3.386;2026-03-25T11:24:37.923384+00:00;humidity;64.00
4854;DHT22;3628;6.559;3.386;2026-03-25T11:24:37.923384+00:00;temperature;37.70
4854;DHT22;3628;6.559;3.386;2026-03-25T11:30:17.650656+00:00;humidity;64.60
4854;DHT22;3628;6.559;3.386;2026-03-25T11:30:17.650656+00:00;temperature;36.90
4853;pms5003;3628;6.559;3.386;2026-03-25T11:35:46.779265+00:00;P2;12.00
4853;pms5003;3628;6.559;3.386;2026-03-25T11:35:46.779265+00:00;P1;12.00
4853;pms5003;3628;6.559;3.386;2026-03-25T11:35:46.779265+00:00;P0;7.80
4854;DHT22;3628;6.559;3.386;2026-03-25T11:35:49.911584+00:00;humidity;60.90
4854;DHT22;3628;6.559;3.386;2026-03-25T11:35:49.911584+00:00;temperature;37.40
4854;DHT22;3628;6.559;3.386;2026-03-25T11:41:15.173884+00:00;humidity;59.70
4854;DHT22;3628;6.559;3.386;2026-03-25T11:41:15.173884+00:00;temperature;37.80
4854;DHT22;3628;6.559;3.386;2026-03-25T11:52:03.418046+00:00;humidity;61.70
4854;DHT22;3628;6.559;3.386;2026-03-25T11:52:03.418046+00:00;temperature;37.10
4854;DHT22;3628;6.559;3.386;2026-03-25T12:45:39.220078+00:00;humidity;59.80
4854;DHT22;3628;6.559;3.386;2026-03-25T12:45:39.220078+00:00;temperature;37.80
4853;pms5003;3628;6.559;3.386;2026-03-25T12:50:56.506049+00:00;P2;1<.00
4853;pms5003;3628;6.559;3.386;2026-03-25T12:50:56.506049+00:00;P1;14.60
4853;pms5003;3628;6.559;3.386;2026-03-25T12:50:56.506049+00:00;P0;10.00
4854;DHT22;3628;6.559;3.386;2026-03-25T12:51:13.886037+00:00;humidity;61.40
4854;DHT22;3628;6.559;3.386;2026-03-25T12:51:13.886037+00:00;temperature;37.80
4853;pms5003;3628;6.559;3.386;2026-03-25T13:07:11.663236+00:00;P2;12.00
4853;pms5003;3628;6.559;3.386;2026-03-25T13:07:11.663236+00:00;P1;15.00
4853;pms5003;3628;6.559;3.386;2026-03-25T13:07:11.663236+00:00;P0;8.00
4854;DHT22;3628;6.559;3.386;2026-03-25T13:12:44.942614+00:00;humidity;60.70
4854;DHT22;3628;6.559;3.386;2026-03-25T13:12:44.942614+00:00;temperature;38.70
4854;DHT22;3628;6.559;3.386;2026-03-25T13:18:09.265817+00:00;humidity;59.30
4854;DHT22;3628;6.559;3.386;2026-03-25T13:18:09.265817+00:00;temperature;39.30
4854;DHT22;3628;6.559;3.386;2026-03-25T13:23:43.831210+00:00;humidity;58.20
4854;DHT22;3628;6.559;3.386;2026-03-25T13:23:43.831210+00:00;temperature;39.30
4853;pms5003;3628;6.559;3.386;2026-03-25T13:29:03.898432+00:00;P2;9.00
4853;pms5003;3628;6.559;3.386;2026-03-25T13:29:03.898432+00:00;P1;12.00
4853;pms5003;3628;6.559;3.386;2026-03-25T13:29:03.898432+00:00;P0;7.00
4854;DHT22;3628;6.559;3.386;2026-03-25T13:29:21.468325+00:00;humidity;59.70
4854;DHT22;3628;6.559;3.386;2026-03-25T13:29:21.468325+00:00;temperature;38.60
4853;pms5003;3628;6.559;3.386;2026-03-25T13:39:51.694652+00:00;P2;9.80
4853;pms5003;3628;6.559;3.386;2026-03-25T13:39:51.694652+00:00;P1;10.80
4853;pms5003;3628;6.559;3.386;2026-03-25T13:39:51.694652+00:00;P0;6.00
4854;DHT22;3628;6.559;3.386;2026-03-25T13:45:21.984857+00:00;humidity;56.20
4854;DHT22;3628;6.559;3.386;2026-03-25T13:45:21.984857+00:00;temperature;39.50
4854;DHT22;3628;6.559;3.386;2026-03-25T13:50:59.470025+00:00;humidity;55.90
4854;DHT22;3628;6.559;3.386;2026-03-25T13:50:59.470025+00:00;temperature;39.90
4854;DHT22;3628;6.559;3.386;2026-03-25T13:56:23.768126+00:00;humidity;57.30
4854;DHT22;3628;6.559;3.386;2026-03-25T13:56:23.768126+00:00;temperature;38.80
4854;DHT22;3628;6.559;3.386;2026-03-25T14:02:01.241481+00:00;humidity;56.40
4854;DHT22;3628;6.559;3.386;2026-03-25T14:02:01.241481+00:00;temperature;39.40
4853;pms5003;3628;6.559;3.386;2026-03-25T14:07:18.508264+00:00;P2;18.50
4853;pms5003;3628;6.559;3.386;2026-03-25T14:07:18.508264+00:00;P1;21.25
4853;pms5003;3628;6.559;3.386;2026-03-25T14:07:18.508264+00:00;P0;11.50
4853;pms5003;3628;6.559;3.386;2026-03-25T14:12:42.173111+00:00;P2;15.00
4853;pms5003;3628;6.559;3.386;2026-03-25T14:12:42.173111+00:00;P1;16.00
4853;pms5003;3628;6.559;3.386;2026-03-25T14:12:42.173111+00:00;P0;9.00
4853;pms5003;3628;6.559;3.386;2026-03-25T14:18:08.995645+00:00;P2;16.20
4853;pms5003;3628;6.559;3.386;2026-03-25T14:18:08.995645+00:00;P1;25.40
4853;pms5003;3628;6.559;3.386;2026-03-25T14:18:08.995645+00:00;P0;12.00
4853;pms5003;3628;6.559;3.386;2026-03-25T14:23:35.826539+00:00;P2;14.60
4853;pms5003;3628;6.559;3.386;2026-03-25T14:23:35.826539+00:00;P1;15.40
4853;pms5003;3628;6.559;3.386;2026-03-25T14:23:35.826539+00:00;P0;9.00
4854;DHT22;3628;6.559;3.386;2026-03-25T14:23:53.141241+00:00;humidity;60.80
4854;DHT22;3628;6.559;3.386;2026-03-25T14:23:53.141241+00:00;temperature;37.80
4853;pms5003;3628;6.559;3.386;2026-03-25T14:29:10.416662+00:00;P2;9.50
4853;pms5003;3628;6.559;3.386;2026-03-25T14:29:10.416662+00:00;P1;14.00
4853;pms5003;3628;6.559;3.386;2026-03-25T14:29:10.416662+00:00;P0;6.50
4854;DHT22;3628;6.559;3.386;2026-03-25T14:29:27.671237+00:00;humidity;59.10
4854;DHT22;3628;6.559;3.386;2026-03-25T14:29:27.671237+00:00;temperature;38.30
4854;DHT22;3628;6.559;3.386;2026-03-25T14:34:51.470487+00:00;humidity;59.40
4854;DHT22;3628;6.559;3.386;2026-03-25T14:34:51.470487+00:00;temperature;37.80
4853;pms5003;3628;6.559;3.386;2026-03-25T14:40:08.700761+00:00;P2;10.00
4853;pms5003;3628;6.559;3.386;2026-03-25T14:40:08.700761+00:00;P1;10.00
4853;pms5003;3628;6.559;3.386;2026-03-25T14:40:08.700761+00:00;P0;7.00
4854;DHT22;3628;6.559;3.386;2026-03-25T14:40:26.009219+00:00;humidity;58.70
4854;DHT22;3628;6.559;3.386;2026-03-25T14:40:26.009219+00:00;temperature;38.20
4854;DHT22;3628;6.559;3.386;2026-03-25T14:46:00.571036+00:00;humidity;61.30
4854;DHT22;3628;6.559;3.386;2026-03-25T14:46:00.571036+00:00;temperature;37.40
4854;DHT22;3628;6.559;3.386;2026-03-25T14:51:34.684138+00:00;humidity;62.70
4854;DHT22;3628;6.559;3.386;2026-03-25T14:51:34.684138+00:00;temperature;36.60
4853;pms5003;3628;6.559;3.386;2026-03-25T15:18:24.387384+00:00;P2;20.00
4853;pms5003;3628;6.559;3.386;2026-03-25T15:18:24.387384+00:00;P1;30.00
4853;pms5003;3628;6.559;3.386;2026-03-25T15:18:24.387384+00:00;P0;13.25
4854;DHT22;3628;6.559;3.386;2026-03-25T15:18:41.775435+00:00;humidity;65.00
4854;DHT22;3628;6.559;3.386;2026-03-25T15:18:41.775435+00:00;temperature;35.90
4853;pms5003;3628;6.559;3.386;2026-03-25T15:23:58.992486+00:00;P2;9.20
4853;pms5003;3628;6.559;3.386;2026-03-25T15:23:58.992486+00:00;P1;14.20
4853;pms5003;3628;6.559;3.386;2026-03-25T15:23:58.992486+00:00;P0;6.00
4853;pms5003;3628;6.559;3.386;2026-03-25T15:29:25.846658+00:00;P2;12.20
4853;pms5003;3628;6.559;3.386;2026-03-25T15:29:25.846658+00:00;P1;13.20
4853;pms5003;3628;6.559;3.386;2026-03-25T15:29:25.846658+00:00;P0;7.80
4854;DHT22;3628;6.559;3.386;2026-03-25T15:35:13.928831+00:00;humidity;66.60
4854;DHT22;3628;6.559;3.386;2026-03-25T15:35:13.928831+00:00;temperature;35.30
4853;pms5003;3628;6.559;3.386;2026-03-25T15:40:24.827143+00:00;P2;10.00
4853;pms5003;3628;6.559;3.386;2026-03-25T15:40:24.827143+00:00;P1;11.00
4853;pms5003;3628;6.559;3.386;2026-03-25T15:40:24.827143+00:00;P0;5.00
4854;DHT22;3628;6.559;3.386;2026-03-25T15:40:42.235651+00:00;humidity;66.80
4854;DHT22;3628;6.559;3.386;2026-03-25T15:40:42.235651+00:00;temperature;35.60
4853;pms5003;3628;6.559;3.386;2026-03-25T15:45:59.402607+00:00;P2;9.00
4853;pms5003;3628;6.559;3.386;2026-03-25T15:45:59.402607+00:00;P1;9.25
4853;pms5003;3628;6.559;3.386;2026-03-25T15:45:59.402607+00:00;P0;6.00
4854;DHT22;3628;6.559;3.386;2026-03-25T15:51:29.706362+00:00;humidity;68.00
4854;DHT22;3628;6.559;3.386;2026-03-25T15:51:29.706362+00:00;temperature;35.00
4853;pms5003;3628;6.559;3.386;2026-03-25T16:02:10.976054+00:00;P2;12.40
4853;pms5003;3628;6.559;3.386;2026-03-25T16:02:10.976054+00:00;P1;12.40
4853;pms5003;3628;6.559;3.386;2026-03-25T16:02:10.976054+00:00;P0;7.40
4853;pms5003;3628;6.559;3.386;2026-03-25T16:07:34.956627+00:00;P2;11.50
4853;pms5003;3628;6.559;3.386;2026-03-25T16:07:34.956627+00:00;P1;11.50
4853;pms5003;3628;6.559;3.386;2026-03-25T16:07:34.956627+00:00;P0;8.00
4854;DHT22;3628;6.559;3.386;2026-03-25T16:07:52.295914+00:00;humidity;67.40
4854;DHT22;3628;6.559;3.386;2026-03-25T16:07:52.295914+00:00;temperature;35.10
4853;pms5003;3628;6.559;3.386;2026-03-25T16:13:09.484173+00:00;P2;10.00
4853;pms5003;3628;6.559;3.386;2026-03-25T16:13:09.484173+00:00;P1;13.00
4853;pms5003;3628;6.559;3.386;2026-03-25T16:13:09.484173+00:00;P0;8.00
4854;DHT22;3628;6.559;3.386;2026-03-25T16:13:26.843999+00:00;humidity;67.60
4854;DHT22;3628;6.559;3.386;2026-03-25T16:13:26.843999+00:00;temperature;35.00
4853;pms5003;3628;6.559;3.386;2026-03-25T16:18:44.047114+00:00;P2;14.00
4853;pms5003;3628;6.559;3.386;2026-03-25T16:18:44.047114+00:00;P1;14.00
4853;pms5003;3628;6.559;3.386;2026-03-25T16:18:44.047114+00:00;P0;9.40
4854;DHT22;3628;6.559;3.386;2026-03-25T16:19:01.415430+00:00;humidity;69.30
4854;DHT22;3628;6.559;3.386;2026-03-25T16:19:01.415430+00:00;temperature;34.60
4853;pms5003;3628;6.559;3.386;2026-03-25T16:24:18.782209+00:00;P2;14.00
4853;pms5003;3628;6.559;3.386;2026-03-25T16:24:18.782209+00:00;P1;17.00
4853;pms5003;3628;6.559;3.386;2026-03-25T16:24:18.782209+00:00;P0;9.00
4853;pms5003;3628;6.559;3.386;2026-03-25T16:29:44.883556+00:00;P2;9.00
4853;pms5003;3628;6.559;3.386;2026-03-25T16:29:44.883556+00:00;P1;12.33
4853;pms5003;3628;6.559;3.386;2026-03-25T16:29:44.883556+00:00;P0;6.00
4854;DHT22;3628;6.559;3.386;2026-03-25T16:35:13.876398+00:00;humidity;71.20
4854;DHT22;3628;6.559;3.386;2026-03-25T16:35:13.876398+00:00;temperature;34.20
4853;pms5003;3628;6.559;3.386;2026-03-25T16:40:31.051296+00:00;P2;13.00
4853;pms5003;3628;6.559;3.386;2026-03-25T16:40:31.051296+00:00;P1;13.00
4853;pms5003;3628;6.559;3.386;2026-03-25T16:40:31.051296+00:00;P0;9.00
4854;DHT22;3628;6.559;3.386;2026-03-25T16:40:48.378170+00:00;humidity;71.50
4854;DHT22;3628;6.559;3.386;2026-03-25T16:40:48.378170+00:00;temperature;34.10
4853;pms5003;3628;6.559;3.386;2026-03-25T16:51:19.677709+00:00;P2;8.50
4853;pms5003;3628;6.559;3.386;2026-03-25T16:51:19.677709+00:00;P1;19.00
4853;pms5003;3628;6.559;3.386;2026-03-25T16:51:19.677709+00:00;P0;6.25
4854;DHT22;3628;6.559;3.386;2026-03-25T16:51:37.029801+00:00;humidity;73.20
4854;DHT22;3628;6.559;3.386;2026-03-25T16:51:37.029801+00:00;temperature;33.80
4853;pms5003;3628;6.559;3.386;2026-03-25T17:02:07.570522+00:00;P2;14.50
4853;pms5003;3628;6.559;3.386;2026-03-25T17:02:07.570522+00:00;P1;22.50
4853;pms5003;3628;6.559;3.386;2026-03-25T17:02:07.570522+00:00;P0;10.00
4854;DHT22;3628;6.559;3.386;2026-03-25T17:02:24.935472+00:00;humidity;73.10
4854;DHT22;3628;6.559;3.386;2026-03-25T17:02:24.935472+00:00;temperature;33.60
4853;pms5003;3628;6.559;3.386;2026-03-25T17:07:46.427252+00:00;P2;16.00
4853;pms5003;3628;6.559;3.386;2026-03-25T17:07:46.427252+00:00;P1;18.75
4853;pms5003;3628;6.559;3.386;2026-03-25T17:07:46.427252+00:00;P0;9.00
4853;pms5003;3628;6.559;3.386;2026-03-25T17:51:32.448704+00:00;P2;17.00
4853;pms5003;3628;6.559;3.386;2026-03-25T17:51:32.448704+00:00;P1;22.00
4853;pms5003;3628;6.559;3.386;2026-03-25T17:51:32.448704+00:00;P0;11.00
4854;DHT22;3628;6.559;3.386;2026-03-25T17:51:49.858263+00:00;humidity;76.50
4854;DHT22;3628;6.559;3.386;2026-03-25T17:51:49.858263+00:00;temperature;32.60
4853;pms5003;3628;6.559;3.386;2026-03-25T17:57:07.063896+00:00;P2;16.50
4853;pms5003;3628;6.559;3.386;2026-03-25T17:57:07.063896+00:00;P1;19.00
4853;pms5003;3628;6.559;3.386;2026-03-25T17:57:07.063896+00:00;P0;10.50
4854;DHT22;3628;6.559;3.386;2026-03-25T17:57:24.405967+00:00;humidity;76.50
4854;DHT22;3628;6.559;3.386;2026-03-25T17:57:24.405967+00:00;temperature;32.80
4853;pms5003;3628;6.559;3.386;2026-03-25T18:02:41.585701+00:00;P2;11.75
4853;pms5003;3628;6.559;3.386;2026-03-25T18:02:41.585701+00:00;P1;14.25
4853;pms5003;3628;6.559;3.386;2026-03-25T18:02:41.585701+00:00;P0;8.00
4854;DHT22;3628;6.559;3.386;2026-03-25T18:02:59.023484+00:00;humidity;76.30
4854;DHT22;3628;6.559;3.386;2026-03-25T18:02:59.023484+00:00;temperature;32.60
4853;pms5003;3628;6.559;3.386;2026-03-25T18:13:29.118626+00:00;P2;17.00
4853;pms5003;3628;6.559;3.386;2026-03-25T18:13:29.118626+00:00;P1;19.00
4853;pms5003;3628;6.559;3.386;2026-03-25T18:13:29.118626+00:00;P0;9.00
4854;DHT22;3628;6.559;3.386;2026-03-25T18:13:46.490007+00:00;humidity;74.10
4854;DHT22;3628;6.559;3.386;2026-03-25T18:13:46.490007+00:00;temperature;32.60
4853;pms5003;3628;6.559;3.386;2026-03-25T18:19:03.702168+00:00;P2;14.67
4853;pms5003;3628;6.559;3.386;2026-03-25T18:19:03.702168+00:00;P1;24.67
4853;pms5003;3628;6.559;3.386;2026-03-25T18:19:03.702168+00:00;P0;9.67
4854;DHT22;3628;6.559;3.386;2026-03-25T18:19:21.055014+00:00;humidity;74.90
4854;DHT22;3628;6.559;3.386;2026-03-25T18:19:21.055014+00:00;temperature;32.30
4853;pms5003;3628;6.559;3.386;2026-03-25T18:30:02.582213+00:00;P2;18.00
4853;pms5003;3628;6.559;3.386;2026-03-25T18:30:02.582213+00:00;P1;23.50
4853;pms5003;3628;6.559;3.386;2026-03-25T18:30:02.582213+00:00;P0;11.00
4854;DHT22;3628;6.559;3.386;2026-03-25T18:30:19.942745+00:00;humidity;78.00
4854;DHT22;3628;6.559;3.386;2026-03-25T18:30:19.942745+00:00;temperature;32.20
4853;pms5003;3628;6.559;3.386;2026-03-25T18:35:37.210664+00:00;P2;15.60
4853;pms5003;3628;6.559;3.386;2026-03-25T18:35:37.210664+00:00;P1;21.80
4853;pms5003;3628;6.559;3.386;2026-03-25T18:35:37.210664+00:00;P0;10.60
4853;pms5003;3628;6.559;3.386;2026-03-25T18:44:02.795089+00:00;P2;18.00
4853;pms5003;3628;6.559;3.386;2026-03-25T18:44:02.795089+00:00;P1;28.50
4853;pms5003;3628;6.559;3.386;2026-03-25T18:44:02.795089+00:00;P0;10.25
4853;pms5003;3628;6.559;3.386;2026-03-25T18:46:35.907677+00:00;P2;14.50
4853;pms5003;3628;6.559;3.386;2026-03-25T18:46:35.907677+00:00;P1;19.50
4853;pms5003;3628;6.559;3.386;2026-03-25T18:46:35.907677+00:00;P0;9.50
4854;DHT22;3628;6.559;3.386;2026-03-25T19:34:33.501876+00:00;humidity;81.40
4854;DHT22;3628;6.559;3.386;2026-03-25T19:34:33.501876+00:00;temperature;31.70
4854;DHT22;3628;6.559;3.386;2026-03-25T19:39:57.608854+00:00;humidity;81.80
4854;DHT22;3628;6.559;3.386;2026-03-25T19:39:57.608854+00:00;temperature;31.80
4853;pms5003;3628;6.559;3.386;2026-03-25T19:45:14.772365+00:00;P2;12.67
4853;pms5003;3628;6.559;3.386;2026-03-25T19:45:14.772365+00:00;P1;24.33
4853;pms5003;3628;6.559;3.386;2026-03-25T19:45:14.772365+00:00;P0;8.00
4854;DHT22;3628;6.559;3.386;2026-03-25T19:45:32.220697+00:00;humidity;82.80
4854;DHT22;3628;6.559;3.386;2026-03-25T19:45:32.220697+00:00;temperature;31.70
4853;pms5003;3628;6.559;3.386;2026-03-25T19:50:49.525269+00:00;P2;15.00
4853;pms5003;3628;6.559;3.386;2026-03-25T19:50:49.525269+00:00;P1;15.00
4853;pms5003;3628;6.559;3.386;2026-03-25T19:50:49.525269+00:00;P0;10.00
4854;DHT22;3628;6.559;3.386;2026-03-25T19:51:06.968707+00:00;humidity;83.00
4854;DHT22;3628;6.559;3.386;2026-03-25T19:51:06.968707+00:00;temperature;31.70
4853;pms5003;3628;6.559;3.386;2026-03-25T19:56:24.301832+00:00;P2;13.20
4853;pms5003;3628;6.559;3.386;2026-03-25T19:56:24.301832+00:00;P1;15.20
4853;pms5003;3628;6.559;3.386;2026-03-25T19:56:24.301832+00:00;P0;8.80
4853;pms5003;3628;6.559;3.386;2026-03-25T19:56:41.827980+00:00;humidity;82.90
4853;pms5003;3628;6.559;3.386;2026-03-25T19:56:41.827980+00:00;temperature;31.80
4853;pms5003;3628;6.559;3.386;2026-03-25T20:01:59.027592+00:00;P2;18.00
4853;pms5003;3628;6.559;3.386;2026-03-25T20:01:59.027592+00:00;P1;18.50
4853;pms5003;3628;6.559;3.386;2026-03-25T20:01:59.027592+00:00;P0;11.50
4854;DHT22;3628;6.559;3.386;2026-03-25T20:02:17.481618+00:00;humidity;82.70
4854;DHT22;3628;6.559;3.386;2026-03-25T20:02:17.481618+00:00;temperature;31.80
4854;DHT22;3628;6.559;3.386;2026-03-25T20:28:58.598284+00:00;humidity;80.70
4854;DHT22;3628;6.559;3.386;2026-03-25T20:28:58.598284+00:00;temperature;31.70
4854;DHT22;3628;6.559;3.386;2026-03-25T20:34:22.655682+00:00;humidity;80.70
4854;DHT22;3628;6.559;3.386;2026-03-25T20:34:22.655682+00:00;temperature;31.80
4853;pms5003;3628;6.559;3.386;2026-03-25T20:40:02.138924+00:00;P2;22.50
4853;pms5003;3628;6.559;3.386;2026-03-25T20:40:02.138924+00:00;P1;29.00
4853;pms5003;3628;6.559;3.386;2026-03-25T20:40:02.138924+00:00;P0;13.00
4853;pms5003;3628;6.559;3.386;2026-03-25T20:45:07.103759+00:00;P2;18.25
4853;pms5003;3628;6.559;3.386;2026-03-25T20:45:07.103759+00:00;P1;30.75
4853;pms5003;3628;6.559;3.386;2026-03-25T20:45:07.103759+00:00;P0;12.25
4854;DHT22;3628;6.559;3.386;2026-03-25T20:50:38.565653+00:00;humidity;81.60
4854;DHT22;3628;6.559;3.386;2026-03-25T20:50:38.565653+00:00;temperature;31.70
4853;pms5003;3628;6.559;3.386;2026-03-25T20:55:55.776415+00:00;P2;19.33
4853;pms5003;3628;6.559;3.386;2026-03-25T20:55:55.776415+00:00;P1;25.00
4853;pms5003;3628;6.559;3.386;2026-03-25T20:55:55.776415+00:00;P0;12.67
4854;DHT22;3628;6.559;3.386;2026-03-25T20:56:13.239480+00:00;humidity;82.30
4854;DHT22;3628;6.559;3.386;2026-03-25T20:56:13.239480+00:00;temperature;31.60
4853;pms5003;3628;6.559;3.386;2026-03-25T21:01:30.486721+00:00;P2;21.00
4853;pms5003;3628;6.559;3.386;2026-03-25T21:01:30.486721+00:00;P1;26.00
4853;pms5003;3628;6.559;3.386;2026-03-25T21:01:30.486721+00:00;P0;13.00
4854;DHT22;3628;6.559;3.386;2026-03-25T21:01:47.898942+00:00;humidity;82.70
4854;DHT22;3628;6.559;3.386;2026-03-25T21:01:47.898942+00:00;temperature;31.50
4853;pms5003;3628;6.559;3.386;2026-03-25T21:07:05.142551+00:00;P2;17.75
4853;pms5003;3628;6.559;3.386;2026-03-25T21:07:05.142551+00:00;P1;20.00
4853;pms5003;3628;6.559;3.386;2026-03-25T21:07:05.142551+00:00;P0;11.75
4854;DHT22;3628;6.559;3.386;2026-03-25T21:07:22.563117+00:00;humidity;82.70
4854;DHT22;3628;6.559;3.386;2026-03-25T21:07:22.563117+00:00;temperature;31.50
4853;pms5003;3628;6.559;3.386;2026-03-25T21:12:39.934588+00:00;P2;16.00
4853;pms5003;3628;6.559;3.386;2026-03-25T21:12:39.934588+00:00;P1;19.50
4853;pms5003;3628;6.559;3.386;2026-03-25T21:12:39.934588+00:00;P0;10.00
4854;DHT22;3628;6.559;3.386;2026-03-25T21:29:56.072968+00:00;humidity;83.50
4854;DHT22;3628;6.559;3.386;2026-03-25T21:29:56.072968+00:00;temperature;31.60
4853;pms5003;3628;6.559;3.386;2026-03-25T21:35:13.354139+00:00;P2;12.80
4853;pms5003;3628;6.559;3.386;2026-03-25T21:35:13.354139+00:00;P1;15.80
4853;pms5003;3628;6.559;3.386;2026-03-25T21:35:13.354139+00:00;P0;8.00
4854;DHT22;3628;6.559;3.386;2026-03-25T21:35:33.585055+00:00;humidity;84.20
4854;DHT22;3628;6.559;3.386;2026-03-25T21:35:33.585055+00:00;temperature;31.50
4853;pms5003;3628;6.559;3.386;2026-03-25T21:40:50.941428+00:00;P2;16.50
4853;pms5003;3628;6.559;3.386;2026-03-25T21:40:50.941428+00:00;P1;19.00
4853;pms5003;3628;6.559;3.386;2026-03-25T21:40:50.941428+00:00;P0;11.00
4854;DHT22;3628;6.559;3.386;2026-03-25T21:46:32.167270+00:00;humidity;84.40
4854;DHT22;3628;6.559;3.386;2026-03-25T21:46:32.167270+00:00;temperature;31.50
4854;DHT22;3628;6.559;3.386;2026-03-25T21:51:56.101048+00:00;humidity;84.50
4854;DHT22;3628;6.559;3.386;2026-03-25T21:51:56.101048+00:00;temperature;31.40
4853;pms5003;3628;6.559;3.386;2026-03-25T21:57:13.293023+00:00;P2;17.00
4853;pms5003;3628;6.559;3.386;2026-03-25T21:57:13.293023+00:00;P1;22.00
4853;pms5003;3628;6.559;3.386;2026-03-25T21:57:13.293023+00:00;P0;9.25
4854;DHT22;3628;6.559;3.386;2026-03-25T21:57:30.719308+00:00;humidity;84.20
4854;DHT22;3628;6.559;3.386;2026-03-25T21:57:30.719308+00:00;temperature;31.50
4853;pms5003;3628;6.559;3.386;2026-03-25T22:03:20.285480+00:00;P2;16.00
4853;pms5003;3628;6.559;3.386;2026-03-25T22:03:20.285480+00:00;P1;17.00
4853;pms5003;3628;6.559;3.386;2026-03-25T22:03:20.285480+00:00;P0;9.80
4853;pms5003;3628;6.559;3.386;2026-03-25T22:08:12.205892+00:00;P2;22.50
4853;pms5003;3628;6.559;3.386;2026-03-25T22:08:12.205892+00:00;P1;27.25
4853;pms5003;3628;6.559;3.386;2026-03-25T22:08:12.205892+00:00;P0;14.75
4854;DHT22;3628;6.559;3.386;2026-03-25T22:08:29.568740+00:00;humidity;84.80
4854;DHT22;3628;6.559;3.386;2026-03-25T22:08:29.568740+00:00;temperature;31.40
4853;pms5003;3628;6.559;3.386;2026-03-25T22:13:46.775396+00:00;P2;29.67
4853;pms5003;3628;6.559;3.386;2026-03-25T22:13:46.775396+00:00;P1;37.33
4853;pms5003;3628;6.559;3.386;2026-03-25T22:13:46.775396+00:00;P0;18.67
4854;DHT22;3628;6.559;3.386;2026-03-25T22:14:04.214904+00:00;humidity;85.10
4854;DHT22;3628;6.559;3.386;2026-03-25T22:14:04.214904+00:00;temperature;31.30
4853;pms5003;3628;6.559;3.386;2026-03-25T22:19:21.398551+00:00;P2;23.00
4853;pms5003;3628;6.559;3.386;2026-03-25T22:19:21.398551+00:00;P1;43.00
4853;pms5003;3628;6.559;3.386;2026-03-25T22:19:21.398551+00:00;P0;15.00
4853;pms5003;3628;6.559;3.386;2026-03-25T22:24:45.205904+00:00;P2;25.60
4853;pms5003;3628;6.559;3.386;2026-03-25T22:24:45.205904+00:00;P1;28.60
4853;pms5003;3628;6.559;3.386;2026-03-25T22:24:45.205904+00:00;P0;16.00
4853;pms5003;3628;6.559;3.386;2026-03-25T22:35:32.897252+00:00;P2;27.00
4853;pms5003;3628;6.559;3.386;2026-03-25T22:35:32.897252+00:00;P1;33.00
4853;pms5003;3628;6.559;3.386;2026-03-25T22:35:32.897252+00:00;P0;16.00
4854;DHT22;3628;6.559;3.386;2026-03-25T22:35:50.270839+00:00;humidity;84.60
4854;DHT22;3628;6.559;3.386;2026-03-25T22:35:50.270839+00:00;temperature;31.40
4853;pms5003;3628;6.559;3.386;2026-03-25T22:41:07.518762+00:00;P2;30.00
4853;pms5003;3628;6.559;3.386;2026-03-25T22:41:07.518762+00:00;P1;42.20
4853;pms5003;3628;6.559;3.386;2026-03-25T22:41:07.518762+00:00;P0;18.40
4854;DHT22;3628;6.559;3.386;2026-03-25T22:41:24.912275+00:00;humidity;84.70
4854;DHT22;3628;6.559;3.386;2026-03-25T22:41:24.912275+00:00;temperature;31.30
4853;pms5003;3628;6.559;3.386;2026-03-25T22:46:42.125084+00:00;P2;28.50
4853;pms5003;3628;6.559;3.386;2026-03-25T22:46:42.125084+00:00;P1;36.50
4853;pms5003;3628;6.559;3.386;2026-03-25T22:46:42.125084+00:00;P0;18.00
4853;pms5003;3628;6.559;3.386;2026-03-25T22:57:20.487385+00:00;P2;18.50
4853;pms5003;3628;6.559;3.386;2026-03-25T22:57:20.487385+00:00;P1;21.00
4853;pms5003;3628;6.559;3.386;2026-03-25T22:57:20.487385+00:00;P0;11.00
4854;DHT22;3628;6.559;3.386;2026-03-25T22:57:37.842770+00:00;humidity;84.10
4854;DHT22;3628;6.559;3.386;2026-03-25T22:57:37.842770+00:00;temperature;31.30
4853;pms5003;3628;6.559;3.386;2026-03-25T23:02:55.101972+00:00;P2;10.00
4853;pms5003;3628;6.559;3.386;2026-03-25T23:02:55.101972+00:00;P1;11.00
4853;pms5003;3628;6.559;3.386;2026-03-25T23:02:55.101972+00:00;P0;7.50
4854;DHT22;3628;6.559;3.386;2026-03-25T23:03:12.487386+00:00;humidity;84.60
4854;DHT22;3628;6.559;3.386;2026-03-25T23:03:12.487386+00:00;temperature;31.10
4853;pms5003;3628;6.559;3.386;2026-03-25T23:08:29.678386+00:00;P2;8.50
4853;pms5003;3628;6.559;3.386;2026-03-25T23:08:29.678386+00:00;P1;8.50
4853;pms5003;3628;6.559;3.386;2026-03-25T23:08:29.678386+00:00;P0;6.00
4854;DHT22;3628;6.559;3.386;2026-03-25T23:08:47.095830+00:00;humidity;84.60
4854;DHT22;3628;6.559;3.386;2026-03-25T23:08:47.095830+00:00;temperature;31.20
4853;pms5003;3628;6.559;3.386;2026-03-25T23:14:04.309413+00:00;P2;10.67
4853;pms5003;3628;6.559;3.386;2026-03-25T23:14:04.309413+00:00;P1;12.00
4853;pms5003;3628;6.559;3.386;2026-03-25T23:14:04.309413+00:00;P0;7.67
4854;DHT22;3628;6.559;3.386;2026-03-25T23:14:21.669192+00:00;humidity;85.70
4854;DHT22;3628;6.559;3.386;2026-03-25T23:14:21.669192+00:00;temperature;31.20
4853;pms5003;3628;6.559;3.386;2026-03-25T23:19:38.905591+00:00;P2;16.67
4853;pms5003;3628;6.559;3.386;2026-03-25T23:19:38.905591+00:00;P1;23.00
4853;pms5003;3628;6.559;3.386;2026-03-25T23:19:38.905591+00:00;P0;11.00
4854;DHT22;3628;6.559;3.386;2026-03-25T23:25:20.494246+00:00;humidity;86.20
4854;DHT22;3628;6.559;3.386;2026-03-25T23:25:20.494246+00:00;temperature;31.00
4853;pms5003;3628;6.559;3.386;2026-03-25T23:30:37.717047+00:00;P2;19.50
4853;pms5003;3628;6.559;3.386;2026-03-25T23:30:37.717047+00:00;P1;22.50
4853;pms5003;3628;6.559;3.386;2026-03-25T23:30:37.717047+00:00;P0;13.50
4854;DHT22;3628;6.559;3.386;2026-03-25T23:30:55.109607+00:00;humidity;86.40
4854;DHT22;3628;6.559;3.386;2026-03-25T23:30:55.109607+00:00;temperature;31.10
4853;pms5003;3628;6.559;3.386;2026-03-25T23:41:36.417310+00:00;P2;11.40
4853;pms5003;3628;6.559;3.386;2026-03-25T23:41:36.417310+00:00;P1;24.00
4853;pms5003;3628;6.559;3.386;2026-03-25T23:41:36.417310+00:00;P0;8.40
4854;DHT22;3628;6.559;3.386;2026-03-25T23:41:53.770866+00:00;humidity;86.90
4854;DHT22;3628;6.559;3.386;2026-03-25T23:41:53.770866+00:00;temperature;31.00
4853;pms5003;3628;6.559;3.386;2026-03-25T23:47:10.960189+00:00;P2;13.00
4853;pms5003;3628;6.559;3.386;2026-03-25T23:47:10.960189+00:00;P1;14.40
4853;pms5003;3628;6.559;3.386;2026-03-25T23:47:10.960189+00:00;P0;8.00
4854;DHT22;3628;6.559;3.386;2026-03-25T23:47:28.345266+00:00;humidity;86.90
4854;DHT22;3628;6.559;3.386;2026-03-25T23:47:28.345266+00:00;temperature;31.00
4853;pms5003;3628;6.559;3.386;2026-03-25T23:58:09.407441+00:00;P2;10.00
4853;pms5003;3628;6.559;3.386;2026-03-25T23:58:09.407441+00:00;P1;14.00
4853;pms5003;3628;6.559;3.386;2026-03-25T23:58:09.407441+00:00;P0;7.50
4854;DHT22;3628;6.559;3.386;2026-03-25T23:58:27.011712+00:00;humidity;86.60
4854;DHT22;3628;6.559;3.386;2026-03-25T23:58:27.011712+00:00;temperature;31.00
4853;pms5003;3628;6.559;3.386;2026-03-26T00:03:44.001714+00:00;P2;12.67
4853;pms5003;3628;6.559;3.386;2026-03-26T00:03:44.001714+00:00;P1;13.00
4853;pms5003;3628;6.559;3.386;2026-03-26T00:03:44.001714+00:00;P0;8.00
4853;pms5003;3628;6.559;3.386;2026-03-26T00:09:07.729080+00:00;P2;11.00
4853;pms5003;3628;6.559;3.386;2026-03-26T00:09:07.729080+00:00;P1;11.60
4853;pms5003;3628;6.559;3.386;2026-03-26T00:09:07.729080+00:00;P0;7.00
4854;DHT22;3628;6.559;3.386;2026-03-26T00:09:25.085842+00:00;humidity;86.60
4854;DHT22;3628;6.559;3.386;2026-03-26T00:09:25.085842+00:00;temperature;30.90
4853;pms5003;3628;6.559;3.386;2026-03-26T00:14:42.486592+00:00;P2;12.25
4853;pms5003;3628;6.559;3.386;2026-03-26T00:14:42.486592+00:00;P1;12.25
4853;pms5003;3628;6.559;3.386;2026-03-26T00:14:42.486592+00:00;P0;7.25
4854;DHT22;3628;6.559;3.386;2026-03-26T00:20:24.240374+00:00;humidity;86.80
4854;DHT22;3628;6.559;3.386;2026-03-26T00:20:24.240374+00:00;temperature;30.90
4853;pms5003;3628;6.559;3.386;2026-03-26T00:25:41.301522+00:00;P2;13.00
4853;pms5003;3628;6.559;3.386;2026-03-26T00:25:41.301522+00:00;P1;15.33
4853;pms5003;3628;6.559;3.386;2026-03-26T00:25:41.301522+00:00;P0;9.00
4854;DHT22;3628;6.559;3.386;2026-03-26T00:25:58.726635+00:00;humidity;87.00
4854;DHT22;3628;6.559;3.386;2026-03-26T00:25:58.726635+00:00;temperature;30.90
4854;DHT22;3628;6.559;3.386;2026-03-26T00:31:22.487941+00:00;humidity;87.40
4854;DHT22;3628;6.559;3.386;2026-03-26T00:31:22.487941+00:00;temperature;30.80
4853;pms5003;3628;6.559;3.386;2026-03-26T00:44:54.700573+00:00;P2;30.00
4853;pms5003;3628;6.559;3.386;2026-03-26T00:44:54.700573+00:00;P1;36.60
4853;pms5003;3628;6.559;3.386;2026-03-26T00:44:54.700573+00:00;P0;20.80
4853;pms5003;3628;6.559;3.386;2026-03-26T00:47:27.859955+00:00;P2;35.33
4853;pms5003;3628;6.559;3.386;2026-03-26T00:47:27.859955+00:00;P1;51.67
4853;pms5003;3628;6.559;3.386;2026-03-26T00:47:27.859955+00:00;P0;21.33
4854;DHT22;3628;6.559;3.386;2026-03-26T00:47:45.284030+00:00;humidity;87.40
4854;DHT22;3628;6.559;3.386;2026-03-26T00:47:45.284030+00:00;temperature;30.80
4854;DHT22;3628;6.559;3.386;2026-03-26T05:48:28.931616+00:00;humidity;100.00
4854;DHT22;3628;6.559;3.386;2026-03-26T05:48:28.931616+00:00;temperature;29.10
4853;pms5003;3628;6.559;3.386;2026-03-26T05:53:46.203867+00:00;P2;43.00
4853;pms5003;3628;6.559;3.386;2026-03-26T05:53:46.203867+00:00;P1;56.00
4853;pms5003;3628;6.559;3.386;2026-03-26T05:53:46.203867+00:00;P0;29.00
4853;pms5003;3628;6.559;3.386;2026-03-26T09:21:44.968671+00:00;P2;13.00
4853;pms5003;3628;6.559;3.386;2026-03-26T09:21:44.968671+00:00;P1;14.75
4853;pms5003;3628;6.559;3.386;2026-03-26T09:21:44.968671+00:00;P0;7.25
4854;DHT22;3628;6.559;3.386;2026-03-26T09:22:02.648140+00:00;humidity;66.60
4854;DHT22;3628;6.559;3.386;2026-03-26T09:22:02.648140+00:00;temperature;35.90
4854;DHT22;3628;6.559;3.386;2026-03-26T10:07:06.043572+00:00;humidity;60.70
4854;DHT22;3628;6.559;3.386;2026-03-26T10:07:06.043572+00:00;temperature;38.10
4854;DHT22;3628;6.559;3.386;2026-03-26T10:22:21.653664+00:00;humidity;60.10
4854;DHT22;3628;6.559;3.386;2026-03-26T10:22:21.653664+00:00;temperature;38.40
4854;DHT22;3628;6.559;3.386;2026-03-26T10:45:13.136912+00:00;humidity;62.70
4854;DHT22;3628;6.559;3.386;2026-03-26T10:45:13.136912+00:00;temperature;37.20
4854;DHT22;3628;6.559;3.386;2026-03-26T10:50:50.526493+00:00;humidity;63.30
4854;DHT22;3628;6.559;3.386;2026-03-26T10:50:50.526493+00:00;temperature;36.90
4853;pms5003;3628;6.559;3.386;2026-03-26T10:56:10.957193+00:00;P2;12.00
4853;pms5003;3628;6.559;3.386;2026-03-26T10:56:10.957193+00:00;P1;13.25
4853;pms5003;3628;6.559;3.386;2026-03-26T10:56:10.957193+00:00;P0;8.25
4854;DHT22;3628;6.559;3.386;2026-03-26T10:56:28.275978+00:00;humidity;62.70
4854;DHT22;3628;6.559;3.386;2026-03-26T10:56:28.275978+00:00;temperature;37.10
4854;DHT22;3628;6.559;3.386;2026-03-26T11:05:29.520326+00:00;humidity;58.10
4854;DHT22;3628;6.559;3.386;2026-03-26T11:05:29.520326+00:00;temperature;38.80
4853;pms5003;3628;6.559;3.386;2026-03-26T11:10:46.544945+00:00;P2;11.80
4853;pms5003;3628;6.559;3.386;2026-03-26T11:10:46.544945+00:00;P1;13.20
4853;pms5003;3628;6.559;3.386;2026-03-26T11:10:46.544945+00:00;P0;7.20
4854;DHT22;3628;6.559;3.386;2026-03-26T11:39:56.896606+00:00;humidity;54.40
4854;DHT22;3628;6.559;3.386;2026-03-26T11:39:56.896606+00:00;temperature;40.50
4853;pms5003;3628;6.559;3.386;2026-03-26T11:45:14.138252+00:00;P2;10.00
4853;pms5003;3628;6.559;3.386;2026-03-26T11:45:14.138252+00:00;P1;17.75
4853;pms5003;3628;6.559;3.386;2026-03-26T11:45:14.138252+00:00;P0;7.00
4854;DHT22;3628;6.559;3.386;2026-03-26T11:45:31.540980+00:00;humidity;55.60
4854;DHT22;3628;6.559;3.386;2026-03-26T11:45:31.540980+00:00;temperature;40.50
4853;pms5003;3628;6.559;3.386;2026-03-26T11:50:48.681447+00:00;P2;11.33
4853;pms5003;3628;6.559;3.386;2026-03-26T11:50:48.681447+00:00;P1;13.33
4853;pms5003;3628;6.559;3.386;2026-03-26T11:50:48.681447+00:00;P0;7.33
4853;pms5003;3628;6.559;3.386;2026-03-26T11:56:12.411260+00:00;P2;11.00
4853;pms5003;3628;6.559;3.386;2026-03-26T11:56:12.411260+00:00;P1;15.80
4853;pms5003;3628;6.559;3.386;2026-03-26T11:56:12.411260+00:00;P0;9.00
4853;pms5003;3628;6.559;3.386;2026-03-26T12:01:36.283061+00:00;P2;13.00
4853;pms5003;3628;6.559;3.386;2026-03-26T12:01:36.283061+00:00;P1;14.00
4853;pms5003;3628;6.559;3.386;2026-03-26T12:01:36.283061+00:00;P0;9.00
4854;DHT22;3628;6.559;3.386;2026-03-26T12:01:53.627640+00:00;humidity;59.20
4854;DHT22;3628;6.559;3.386;2026-03-26T12:01:53.627640+00:00;temperature;38.50
4853;pms5003;3628;6.559;3.386;2026-03-26T12:12:24.562341+00:00;P2;11.33
4853;pms5003;3628;6.559;3.386;2026-03-26T12:12:24.562341+00:00;P1;11.33
4853;pms5003;3628;6.559;3.386;2026-03-26T12:12:24.562341+00:00;P0;8.00
4854;DHT22;3628;6.559;3.386;2026-03-26T12:12:41.886848+00:00;humidity;61.80
4854;DHT22;3628;6.559;3.386;2026-03-26T12:12:41.886848+00:00;temperature;37.50
4854;DHT22;3628;6.559;3.386;2026-03-26T12:18:16.496580+00:00;humidity;59.60
4854;DHT22;3628;6.559;3.386;2026-03-26T12:18:16.496580+00:00;temperature;38.70
4853;pms5003;3628;6.559;3.386;2026-03-26T12:28:57.848829+00:00;P2;8.00
4853;pms5003;3628;6.559;3.386;2026-03-26T12:28:57.848829+00:00;P1;10.75
4853;pms5003;3628;6.559;3.386;2026-03-26T12:28:57.848829+00:00;P0;6.00
4854;DHT22;3628;6.559;3.386;2026-03-26T12:29:15.243175+00:00;humidity;58.30
4854;DHT22;3628;6.559;3.386;2026-03-26T12:29:15.243175+00:00;temperature;38.90
4853;pms5003;3628;6.559;3.386;2026-03-26T12:34:32.402455+00:00;P2;9.25
4853;pms5003;3628;6.559;3.386;2026-03-26T12:34:32.402455+00:00;P1;11.00
4853;pms5003;3628;6.559;3.386;2026-03-26T12:34:32.402455+00:00;P0;6.25
4854;DHT22;3628;6.559;3.386;2026-03-26T12:34:49.870362+00:00;humidity;56.60
4854;DHT22;3628;6.559;3.386;2026-03-26T12:34:49.870362+00:00;temperature;39.80
4853;pms5003;3628;6.559;3.386;2026-03-26T12:40:07.089255+00:00;P2;9.00
4853;pms5003;3628;6.559;3.386;2026-03-26T12:40:07.089255+00:00;P1;12.00
4853;pms5003;3628;6.559;3.386;2026-03-26T12:40:07.089255+00:00;P0;6.50
4854;DHT22;3628;6.559;3.386;2026-03-26T12:40:24.485101+00:00;humidity;56.00
4854;DHT22;3628;6.559;3.386;2026-03-26T12:40:24.485101+00:00;temperature;40.00
4853;pms5003;3628;6.559;3.386;2026-03-26T12:45:41.651994+00:00;P2;11.00
4853;pms5003;3628;6.559;3.386;2026-03-26T12:45:41.651994+00:00;P1;13.0
4853;pms5003;3628;6.559;3.386;2026-03-26T12:45:41.651994+00:00;P0;8.00
4854;DHT22;3628;6.559;3.386;2026-03-26T12:45:59.043601+00:00;humidity;58.30
4854;DHT22;3628;6.559;3.386;2026-03-26T12:45:59.043601+00:00;temperature;39.20
4853;pms5003;3628;6.559;3.386;2026-03-26T12:51:19.123486+00:00;P2;11.00
4853;pms5003;3628;6.559;3.386;2026-03-26T12:51:19.123486+00:00;P1;11.00
4853;pms5003;3628;6.559;3.386;2026-03-26T12:51:19.123486+00:00;P0;8.00
4854;DHT22;3628;6.559;3.386;2026-03-26T12:51:36.481180+00:00;humidity;59.60
4854;DHT22;3628;6.559;3.386;2026-03-26T12:51:36.481180+00:00;temperature;38.30
4854;DHT22;3628;6.559;3.386;2026-03-26T12:57:11.007260+00:00;humidity;59.10
4854;DHT22;3628;6.559;3.386;2026-03-26T12:57:11.007260+00:00;temperature;38.50
4854;DHT22;3628;6.559;3.386;2026-03-26T13:02:34.742440+00:00;humidity;57.50
4854;DHT22;3628;6.559;3.386;2026-03-26T13:02:34.742440+00:00;temperature;39.20
4854;DHT22;3628;6.559;3.386;2026-03-26T13:13:11.725637+00:00;humidity;57.40
4854;DHT22;3628;6.559;3.386;2026-03-26T13:13:11.725637+00:00;temperature;39.10
4853;pms5003;3628;6.559;3.386;2026-03-26T13:18:28.893230+00:00;P2;19.50
4853;pms5003;3628;6.559;3.386;2026-03-26T13:18:28.893230+00:00;P1;22.50
4853;pms5003;3628;6.559;3.386;2026-03-26T13:18:28.893230+00:00;P0;12.75
4854;DHT22;3628;6.559;3.386;2026-03-26T13:23:59.571875+00:00;humidity;57.00
4854;DHT22;3628;6.559;3.386;2026-03-26T13:23:59.571875+00:00;temperature;39.10
4853;pms5003;3628;6.559;3.386;2026-03-26T13:29:16.803455+00:00;P2;20.00
4853;pms5003;3628;6.559;3.386;2026-03-26T13:29:16.803455+00:00;P1;22.00
4853;pms5003;3628;6.559;3.386;2026-03-26T13:29:16.803455+00:00;P0;12.00
4853;pms5003;3628;6.559;3.386;2026-03-26T13:34:40.755069+00:00;P2;20.00
4853;pms5003;3628;6.559;3.386;2026-03-26T13:34:40.755069+00:00;P1;27.50
4853;pms5003;3628;6.559;3.386;2026-03-26T13:34:40.755069+00:00;P0;12.75
4854;DHT22;3628;6.559;3.386;2026-03-26T13:34:58.148650+00:00;humidity;55.80
4854;DHT22;3628;6.559;3.386;2026-03-26T13:34:58.148650+00:00;temperature;40.50
4854;DHT22;3628;6.559;3.386;2026-03-26T13:40:21.872369+00:00;humidity;59.20
4854;DHT22;3628;6.559;3.386;2026-03-26T13:40:21.872369+00:00;temperature;38.30
4853;pms5003;3628;6.559;3.386;2026-03-26T13:45:39.084171+00:00;P2;18.00
4853;pms5003;3628;6.559;3.386;2026-03-26T13:45:39.084171+00:00;P1;18.00
4853;pms5003;3628;6.559;3.386;2026-03-26T13:45:39.084171+00:00;P0;12.00
4854;DHT22;3628;6.559;3.386;2026-03-26T13:51:12.613969+00:00;humidity;57.00
4854;DHT22;3628;6.559;3.386;2026-03-26T13:51:12.613969+00:00;temperature;39.30
4853;pms5003;3628;6.559;3.386;2026-03-26T13:56:29.769337+00:00;P2;11.40
4853;pms5003;3628;6.559;3.386;2026-03-26T13:56:29.769337+00:00;P1;21.00
4853;pms5003;3628;6.559;3.386;2026-03-26T13:56:29.769337+00:00;P0;9.00
4854;DHT22;3628;6.559;3.386;2026-03-26T13:56:47.228138+00:00;humidity;56.70
4854;DHT22;3628;6.559;3.386;2026-03-26T13:56:47.228138+00:00;temperature;38.80
4854;DHT22;3628;6.559;3.386;2026-03-26T14:02:14.226711+00:00;humidity;58.80
4854;DHT22;3628;6.559;3.386;2026-03-26T14:02:14.226711+00:00;temperature;38.50
4853;pms5003;3628;6.559;3.386;2026-03-26T14:12:58.256479+00:00;P2;12.50
4853;pms5003;3628;6.559;3.386;2026-03-26T14:12:58.256479+00:00;P1;12.50
4853;pms5003;3628;6.559;3.386;2026-03-26T14:12:58.256479+00:00;P0;8.00
4854;DHT22;3628;6.559;3.386;2026-03-26T14:24:20.365803+00:00;humidity;59.50
4854;DHT22;3628;6.559;3.386;2026-03-26T14:24:20.365803+00:00;temperature;37.90
4854;DHT22;3628;6.559;3.386;2026-03-26T14:29:44.507090+00:00;humidity;59.60
4854;DHT22;3628;6.559;3.386;2026-03-26T14:29:44.507090+00:00;temperature;38.10
4854;DHT22;3628;6.559;3.386;2026-03-26T14:51:20.814353+00:00;humidity;62.10
4854;DHT22;3628;6.559;3.386;2026-03-26T14:51:20.814353+00:00;temperature;36.90
4854;DHT22;3628;6.559;3.386;2026-03-26T14:56:44.694414+00:00;humidity;64.00
4854;DHT22;3628;6.559;3.386;2026-03-26T14:56:44.694414+00:00;temperature;36.50
4853;pms5003;3628;6.559;3.386;2026-03-26T15:02:01.871734+00:00;P2;16.75
4853;pms5003;3628;6.559;3.386;2026-03-26T15:02:01.871734+00:00;P1;20.50
4853;pms5003;3628;6.559;3.386;2026-03-26T15:02:01.871734+00:00;P0;11.00
4854;DHT22;3628;6.559;3.386;2026-03-26T15:02:19.252641+00:00;humidity;64.60
4854;DHT22;3628;6.559;3.386;2026-03-26T15:02:19.252641+00:00;temperature;36.60
4853;pms5003;3628;6.559;3.386;2026-03-26T15:23:40.051087+00:00;P2;16.75
4853;pms5003;3628;6.559;3.386;2026-03-26T15:23:40.051087+00:00;P1;25.50
4853;pms5003;3628;6.559;3.386;2026-03-26T15:23:40.051087+00:00;P0;10.25
4854;DHT22;3628;6.559;3.386;2026-03-26T15:23:57.431664+00:00;humidity;66.80
4854;DHT22;3628;6.559;3.386;2026-03-26T15:23:57.431664+00:00;temperature;35.60
4854;DHT22;3628;6.559;3.386;2026-03-26T15:29:21.637583+00:00;humidity;66.70
4854;DHT22;3628;6.559;3.386;2026-03-26T15:29:21.637583+00:00;temperature;35.60
4854;DHT22;3628;6.559;3.386;2026-03-26T15:34:56.297160+00:00;humidity;67.20
4854;DHT22;3628;6.559;3.386;2026-03-26T15:34:56.297160+00:00;temperature;35.50
4854;DHT22;3628;6.559;3.386;2026-03-26T15:40:19.993881+00:00;humidity;67.70
4854;DHT22;3628;6.559;3.386;2026-03-26T15:40:19.993881+00:00;temperature;35.30
4853;pms5003;3628;6.559;3.386;2026-03-26T15:45:37.245444+00:00;P2;7.60
4853;pms5003;3628;6.559;3.386;2026-03-26T15:45:37.245444+00:00;P1;9.60
4853;pms5003;3628;6.559;3.386;2026-03-26T15:45:37.245444+00:00;P0;5.60
4854;DHT22;3628;6.559;3.386;2026-03-26T15:45:54.618648+00:00;humidity;67.90
4854;DHT22;3628;6.559;3.386;2026-03-26T15:45:54.618648+00:00;temperature;35.40
4854;DHT22;3628;6.559;3.386;2026-03-26T15:51:18.530992+00:00;humidity;67.90
4854;DHT22;3628;6.559;3.386;2026-03-26T15:51:18.530992+00:00;temperature;35.20
4853;pms5003;3628;6.559;3.386;2026-03-26T15:56:35.684594+00:00;P2;11.40
4853;pms5003;3628;6.559;3.386;2026-03-26T15:56:35.684594+00:00;P1;16.40
4853;pms5003;3628;6.559;3.386;2026-03-26T15:56:35.684594+00:00;P0;7.00
4853;pms5003;3628;6.559;3.386;2026-03-26T16:01:59.439073+00:00;P2;12.00
4853;pms5003;3628;6.559;3.386;2026-03-26T16:01:59.439073+00:00;P1;12.00
4853;pms5003;3628;6.559;3.386;2026-03-26T16:01:59.439073+00:00;P0;7.50
4854;DHT22;3628;6.559;3.386;2026-03-26T16:02:16.772410+00:00;humidity;67.50
4854;DHT22;3628;6.559;3.386;2026-03-26T16:02:16.772410+00:00;temperature;35.20
4853;pms5003;3628;6.559;3.386;2026-03-26T16:07:33.947916+00:00;P2;11.00
4853;pms5003;3628;6.559;3.386;2026-03-26T16:07:33.947916+00:00;P1;17.00
4853;pms5003;3628;6.559;3.386;2026-03-26T16:07:33.947916+00:00;P0;7.00
4854;DHT22;3628;6.559;3.386;2026-03-26T16:07:51.402579+00:00;humidity;66.90
4854;DHT22;3628;6.559;3.386;2026-03-26T16:07:51.402579+00:00;temperature;35.50
4853;pms5003;3628;6.559;3.386;2026-03-26T16:13:08.567557+00:00;P2;36.75
4853;pms5003;3628;6.559;3.386;2026-03-26T16:13:08.567557+00:00;P1;50.25
4853;pms5003;3628;6.559;3.386;2026-03-26T16:13:08.567557+00:00;P0;25.75
4854;DHT22;3628;6.559;3.386;2026-03-26T16:13:25.909914+00:00;humidity;67.40
4854;DHT22;3628;6.559;3.386;2026-03-26T16:13:25.909914+00:00;temperature;35.20
4854;DHT22;3628;6.559;3.386;2026-03-26T16:18:52.592328+00:00;humidity;67.50
4854;DHT22;3628;6.559;3.386;2026-03-26T16:18:52.592328+00:00;temperature;35.40
4854;DHT22;3628;6.559;3.386;2026-03-26T16:24:16.605642+00:00;humidity;68.20
4854;DHT22;3628;6.559;3.386;2026-03-26T16:24:16.605642+00:00;temperature;35.00
4854;DHT22;3628;6.559;3.386;2026-03-26T16:29:40.416949+00:00;humidity;67.80
4854;DHT22;3628;6.559;3.386;2026-03-26T16:29:40.416949+00:00;temperature;34.80
4854;DHT22;3628;6.559;3.386;2026-03-26T16:45:40.786871+00:00;humidity;68.90
4854;DHT22;3628;6.559;3.386;2026-03-26T16:45:40.786871+00:00;temperature;34.50
4854;DHT22;3628;6.559;3.386;2026-03-26T16:51:07.438175+00:00;humidity;68.70
4854;DHT22;3628;6.559;3.386;2026-03-26T16:51:07.438175+00:00;temperature;34.50
4853;pms5003;3628;6.559;3.386;2026-03-26T16:56:24.646600+00:00;P2;13.25
4853;pms5003;3628;6.559;3.386;2026-03-26T16:56:24.646600+00:00;P1;20.50
4853;pms5003;3628;6.559;3.386;2026-03-26T16:56:24.646600+00:00;P0;8.75
4854;DHT22;3628;6.559;3.386;2026-03-26T16:56:42.107760+00:00;humidity;68.10
4854;DHT22;3628;6.559;3.386;2026-03-26T16:56:42.107760+00:00;temperature;34.60
4853;pms5003;3628;6.559;3.386;2026-03-26T17:01:59.288589+00:00;P2;10.40
4853;pms5003;3628;6.559;3.386;2026-03-26T17:01:59.288589+00:00;P1;11.40
4853;pms5003;3628;6.559;3.386;2026-03-26T17:01:59.288589+00:00;P0;7.00
4853;pms5003;3628;6.559;3.386;2026-03-26T17:07:33.837936+00:00;P2;8.00
4853;pms5003;3628;6.559;3.386;2026-03-26T17:07:33.837936+00:00;P1;9.00
4853;pms5003;3628;6.559;3.386;2026-03-26T17:07:33.837936+00:00;P0;5.00
4854;DHT22;3628;6.559;3.386;2026-03-26T17:07:51.171228+00:00;humidity;70.50
4854;DHT22;3628;6.559;3.386;2026-03-26T17:07:51.171228+00:00;temperature;34.10
4853;pms5003;3628;6.559;3.386;2026-03-26T17:13:08.349258+00:00;P2;10.20
4853;pms5003;3628;6.559;3.386;2026-03-26T17:13:08.349258+00:00;P1;10.40
4853;pms5003;3628;6.559;3.386;2026-03-26T17:13:08.349258+00:00;P0;7.00
4854;DHT22;3628;6.559;3.386;2026-03-26T17:13:25.704990+00:00;humidity;70.70
4854;DHT22;3628;6.559;3.386;2026-03-26T17:13:25.704990+00:00;temperature;34.10
4854;DHT22;3628;6.559;3.386;2026-03-26T17:18:49.876929+00:00;humidity;71.60
4854;DHT22;3628;6.559;3.386;2026-03-26T17:18:49.876929+00:00;temperature;33.80
4853;pms5003;3628;6.559;3.386;2026-03-26T17:24:07.044159+00:00;P2;22.75
4853;pms5003;3628;6.559;3.386;2026-03-26T17:24:07.044159+00:00;P1;35.00
4853;pms5003;3628;6.559;3.386;2026-03-26T17:24:07.044159+00:00;P0;17.50
4853;pms5003;3628;6.559;3.386;2026-03-26T17:24:24.391441+00:00;humidity;71.70
4853;pms5003;3628;6.559;3.386;2026-03-26T17:24:24.391441+00:00;temperature;33.80
4853;pms5003;3628;6.559;3.386;2026-03-26T17:29:44.578179+00:00;P2;10.00
4853;pms5003;3628;6.559;3.386;2026-03-26T17:29:44.578179+00:00;P1;14.00
4853;pms5003;3628;6.559;3.386;2026-03-26T17:29:44.578179+00:00;P0;7.00
4853;pms5003;3628;6.559;3.386;2026-03-26T17:35:18.881069+00:00;P2;14.00
4853;pms5003;3628;6.559;3.386;2026-03-26T17:35:18.881069+00:00;P1;16.00
4853;pms5003;3628;6.559;3.386;2026-03-26T17:35:18.881069+00:00;P0;10.00
4853;pms5003;3628;6.559;3.386;2026-03-26T17:40:53.487318+00:00;P2;15.00
4853;pms5003;3628;6.559;3.386;2026-03-26T17:40:53.487318+00:00;P1;15.75
4853;pms5003;3628;6.559;3.386;2026-03-26T17:40:53.487318+00:00;P0;10.00
4854;DHT22;3628;6.559;3.386;2026-03-26T17:41:10.837232+00:00;humidity;73.00
4854;DHT22;3628;6.559;3.386;2026-03-26T17:41:10.837232+00:00;temperature;33.50
4853;pms5003;3628;6.559;3.386;2026-03-26T17:46:28.121214+00:00;P2;12.60
4853;pms5003;3628;6.559;3.386;2026-03-26T17:46:28.121214+00:00;P1;18.20
4853;pms5003;3628;6.559;3.386;2026-03-26T17:46:28.121214+00:00;P0;9.00
4854;DHT22;3628;6.559;3.386;2026-03-26T17:51:59.032932+00:00;humidity;74.20
4854;DHT22;3628;6.559;3.386;2026-03-26T17:51:59.032932+00:00;temperature;33.00
4853;pms5003;3628;6.559;3.386;2026-03-26T17:57:16.240616+00:00;P2;11.00
4853;pms5003;3628;6.559;3.386;2026-03-26T17:57:16.240616+00:00;P1;12.00
4853;pms5003;3628;6.559;3.386;2026-03-26T17:57:16.240616+00:00;P0;6.00
4854;DHT22;3628;6.559;3.386;2026-03-26T17:57:33.587219+00:00;humidity;75.10
4854;DHT22;3628;6.559;3.386;2026-03-26T17:57:33.587219+00:00;temperature;32.90
4853;pms5003;3628;6.559;3.386;2026-03-26T18:08:28.959137+00:00;P2;11.80
4853;pms5003;3628;6.559;3.386;2026-03-26T18:08:28.959137+00:00;P1;12.20
4853;pms5003;3628;6.559;3.386;2026-03-26T18:08:28.959137+00:00;P0;7.80
4853;pms5003;3628;6.559;3.386;2026-03-26T18:13:53.206383+00:00;P2;6.80
4853;pms5003;3628;6.559;3.386;2026-03-26T18:13:53.206383+00:00;P1;8.60
4853;pms5003;3628;6.559;3.386;2026-03-26T18:13:53.206383+00:00;P0;4.20
4854;DHT22;3628;6.559;3.386;2026-03-26T18:14:13.146366+00:00;humidity;76.30
4854;DHT22;3628;6.559;3.386;2026-03-26T18:14:13.146366+00:00;temperature;32.70
4853;pms5003;3628;6.559;3.386;2026-03-26T18:19:30.336847+00:00;P2;11.00
4853;pms5003;3628;6.559;3.386;2026-03-26T18:19:30.336847+00:00;P1;12.00
4853;pms5003;3628;6.559;3.386;2026-03-26T18:19:30.336847+00:00;P0;8.00
4854;DHT22;3628;6.559;3.386;2026-03-26T18:19:47.696949+00:00;humidity;76.70
4854;DHT22;3628;6.559;3.386;2026-03-26T18:19:47.696949+00:00;temperature;32.50
4854;DHT22;3628;6.559;3.386;2026-03-26T18:25:22.222300+00:00;humidity;77.60
4854;DHT22;3628;6.559;3.386;2026-03-26T18:25:22.222300+00:00;temperature;32.50
4853;pms5003;3628;6.559;3.386;2026-03-26T18:36:05.820483+00:00;P2;12.00
4853;pms5003;3628;6.559;3.386;2026-03-26T18:36:05.820483+00:00;P1;13.25
4853;pms5003;3628;6.559;3.386;2026-03-26T18:36:05.820483+00:00;P0;9.00
4854;DHT22;3628;6.559;3.386;2026-03-26T18:36:23.302530+00:00;humidity;78.70
4854;DHT22;3628;6.559;3.386;2026-03-26T18:36:23.302530+00:00;temperature;32.50
4854;DHT22;3628;6.559;3.386;2026-03-26T18:41:57.927785+00:00;humidity;79.10
4854;DHT22;3628;6.559;3.386;2026-03-26T18:41:57.927785+00:00;temperature;32.40
4854;DHT22;3628;6.559;3.386;2026-03-26T18:47:21.713225+00:00;humidity;79.70
4854;DHT22;3628;6.559;3.386;2026-03-26T18:47:21.713225+00:00;temperature;32.20
4853;pms5003;3628;6.559;3.386;2026-03-26T18:52:44.907146+00:00;P2;12.50
4853;pms5003;3628;6.559;3.386;2026-03-26T18:52:44.907146+00:00;P1;14.00
4853;pms5003;3628;6.559;3.386;2026-03-26T18:52:44.907146+00:00;P0;8.75
4854;DHT22;3628;6.559;3.386;2026-03-26T18:53:02.264831+00:00;humidity;79.90
4854;DHT22;3628;6.559;3.386;2026-03-26T18:53:02.264831+00:00;temperature;32.30
4854;DHT22;3628;6.559;3.386;2026-03-26T18:58:25.997143+00:00;humidity;80.60
4854;DHT22;3628;6.559;3.386;2026-03-26T18:58:25.997143+00:00;temperature;32.00
4853;pms5003;3628;6.559;3.386;2026-03-26T19:09:18.352620+00:00;P2;7.00
4853;pms5003;3628;6.559;3.386;2026-03-26T19:09:18.352620+00:00;P1;14.50
4853;pms5003;3628;6.559;3.386;2026-03-26T19:09:18.352620+00:00;P0;5.25
4853;pms5003;3628;6.559;3.386;2026-03-26T19:14:42.269381+00:00;P2;9.80
4853;pms5003;3628;6.559;3.386;2026-03-26T19:14:42.269381+00:00;P1;10.80
4853;pms5003;3628;6.559;3.386;2026-03-26T19:14:42.269381+00:00;P0;6.00
4854;DHT22;3628;6.559;3.386;2026-03-26T19:15:02.852804+00:00;humidity;81.10
4854;DHT22;3628;6.559;3.386;2026-03-26T19:15:02.852804+00:00;temperature;32.00
4854;DHT22;3628;6.559;3.386;2026-03-26T19:20:37.424531+00:00;humidity;81.70
4854;DHT22;3628;6.559;3.386;2026-03-26T19:20:37.424531+00:00;temperature;31.90
4853;pms5003;3628;6.559;3.386;2026-03-26T19:26:03.609100+00:00;P2;8.50
4853;pms5003;3628;6.559;3.386;2026-03-26T19:26:03.609100+00:00;P1;9.50
4853;pms5003;3628;6.559;3.386;2026-03-26T19:26:03.609100+00:00;P0;6.00
4854;DHT22;3628;6.559;3.386;2026-03-26T19:26:20.939485+00:00;humidity;82.00
4854;DHT22;3628;6.559;3.386;2026-03-26T19:26:20.939485+00:00;temperature;32.00
4853;pms5003;3628;6.559;3.386;2026-03-26T19:31:47.084044+00:00;P2;9.00
4853;pms5003;3628;6.559;3.386;2026-03-26T19:31:47.084044+00:00;P1;13.75
4853;pms5003;3628;6.559;3.386;2026-03-26T19:31:47.084044+00:00;P0;6.00
4854;DHT22;3628;6.559;3.386;2026-03-26T19:32:04.594410+00:00;humidity;82.60
4854;DHT22;3628;6.559;3.386;2026-03-26T19:32:04.594410+00:00;temperature;32.00
4854;DHT22;3628;6.559;3.386;2026-03-26T19:43:06.858731+00:00;humidity;82.80
4854;DHT22;3628;6.559;3.386;2026-03-26T19:43:06.858731+00:00;temperature;31.90
4854;DHT22;3628;6.559;3.386;2026-03-26T19:53:46.190283+00:00;humidity;83.60
4854;DHT22;3628;6.559;3.386;2026-03-26T19:53:46.190283+00:00;temperature;31.90
4853;pms5003;3628;6.559;3.386;2026-03-26T19:59:42.224402+00:00;P2;16.25
4853;pms5003;3628;6.559;3.386;2026-03-26T19:59:42.224402+00:00;P1;19.75
4853;pms5003;3628;6.559;3.386;2026-03-26T19:59:42.224402+00:00;P0;12.25
4854;DHT22;3628;6.559;3.386;2026-03-26T20:00:06.282806+00:00;humidity;83.20
4854;DHT22;3628;6.559;3.386;2026-03-26T20:00:06.282806+00:00;temperature;31.90
4853;pms5003;3628;6.559;3.386;2026-03-26T20:05:23.600558+00:00;P2;15.25
4853;pms5003;3628;6.559;3.386;2026-03-26T20:05:23.600558+00:00;P1;22.25
4853;pms5003;3628;6.559;3.386;2026-03-26T20:05:23.600558+00:00;P0;9.25
4854;DHT22;3628;6.559;3.386;2026-03-26T20:05:40.961487+00:00;humidity;83.20
4854;DHT22;3628;6.559;3.386;2026-03-26T20:05:40.961487+00:00;temperature;32.00
4853;pms5003;3628;6.559;3.386;2026-03-26T20:16:41.433865+00:00;P2;18.33
4853;pms5003;3628;6.559;3.386;2026-03-26T20:16:41.433865+00:00;P1;30.33
4853;pms5003;3628;6.559;3.386;2026-03-26T20:16:41.433865+00:00;P0;11.00
4854;DHT22;3628;6.559;3.386;2026-03-26T20:16:56.595360+00:00;humidity;83.40
4854;DHT22;3628;6.559;3.386;2026-03-26T20:16:56.595360+00:00;temperature;31.90
4853;pms5003;3628;6.559;3.386;2026-03-26T20:22:19.737708+00:00;P2;12.00
4853;pms5003;3628;6.559;3.386;2026-03-26T20:22:19.737708+00:00;P1;15.00
4853;pms5003;3628;6.559;3.386;2026-03-26T20:22:19.737708+00:00;P0;9.60
4854;DHT22;3628;6.559;3.386;2026-03-26T20:22:39.733738+00:00;humidity;83.50
4854;DHT22;3628;6.559;3.386;2026-03-26T20:22:39.733738+00:00;temperature;31.90
4853;pms5003;3628;6.559;3.386;2026-03-26T20:38:26.222787+00:00;P2;9.00
4853;pms5003;3628;6.559;3.386;2026-03-26T20:38:26.222787+00:00;P1;11.00
4853;pms5003;3628;6.559;3.386;2026-03-26T20:38:26.222787+00:00;P0;7.00
4853;pms5003;3628;6.559;3.386;2026-03-26T20:44:09.364405+00:00;P2;13.00
4853;pms5003;3628;6.559;3.386;2026-03-26T20:44:09.364405+00:00;P1;13.00
4853;pms5003;3628;6.559;3.386;2026-03-26T20:44:09.364405+00:00;P0;10.25
4854;DHT22;3628;6.559;3.386;2026-03-26T20:49:43.263821+00:00;humidity;84.60
4854;DHT22;3628;6.559;3.386;2026-03-26T20:49:43.263821+00:00;temperature;31.80
4853;pms5003;3628;6.559;3.386;2026-03-26T21:16:50.351755+00:00;P2;17.00
4853;pms5003;3628;6.559;3.386;2026-03-26T21:16:50.351755+00:00;P1;17.00
4853;pms5003;3628;6.559;3.386;2026-03-26T21:16:50.351755+00:00;P0;9.60
4853;pms5003;3628;6.559;3.386;2026-03-26T21:22:27.600558+00:00;P2;18.00
4853;pms5003;3628;6.559;3.386;2026-03-26T21:22:27.600558+00:00;P1;22.00
4853;pms5003;3628;6.559;3.386;2026-03-26T21:22:27.600558+00:00;P0;12.00
4854;DHT22;3628;6.559;3.386;2026-03-26T21:22:50.632246+00:00;humidity;85.10
4854;DHT22;3628;6.559;3.386;2026-03-26T21:22:50.632246+00:00;temperature;31.70
4853;pms5003;3628;6.559;3.386;2026-03-26T21:28:16.818495+00:00;P2;14.00
4853;pms5003;3628;6.559;3.386;2026-03-26T21:28:16.818495+00:00;P1;21.00
4853;pms5003;3628;6.559;3.386;2026-03-26T21:28:16.818495+00:00;P0;11.00
4854;DHT22;3628;6.559;3.386;2026-03-26T21:28:42.672217+00:00;humidity;85.10
4854;DHT22;3628;6.559;3.386;2026-03-26T21:28:42.672217+00:00;temperature;31.80
4853;pms5003;3628;6.559;3.386;2026-03-26T21:34:04.084215+00:00;P2;8.00
4853;pms5003;3628;6.559;3.386;2026-03-26T21:34:04.084215+00:00;P1;10.50
4853;pms5003;3628;6.559;3.386;2026-03-26T21:34:04.084215+00:00;P0;6.00
4853;pms5003;3628;6.559;3.386;2026-03-26T21:39:29.109673+00:00;P2;19.75
4853;pms5003;3628;6.559;3.386;2026-03-26T21:39:29.109673+00:00;P1;28.00
4853;pms5003;3628;6.559;3.386;2026-03-26T21:39:29.109673+00:00;P0;13.00
4853;pms5003;3628;6.559;3.386;2026-03-26T21:45:01.619311+00:00;P2;17.75
4853;pms5003;3628;6.559;3.386;2026-03-26T21:45:01.619311+00:00;P1;17.75
4853;pms5003;3628;6.559;3.386;2026-03-26T21:45:01.619311+00:00;P0;13.00
4853;pms5003;3628;6.559;3.386;2026-03-26T21:50:35.873631+00:00;P2;18.67
4853;pms5003;3628;6.559;3.386;2026-03-26T21:50:35.873631+00:00;P1;19.67
4853;pms5003;3628;6.559;3.386;2026-03-26T21:50:35.873631+00:00;P0;12.00
4854;DHT22;3628;6.559;3.386;2026-03-26T21:56:33.189703+00:00;humidity;84.90
4854;DHT22;3628;6.559;3.386;2026-03-26T21:56:33.189703+00:00;temperature;31.80
4853;pms5003;3628;6.559;3.386;2026-03-26T22:01:56.354526+00:00;P2;15.50
4853;pms5003;3628;6.559;3.386;2026-03-26T22:01:56.354526+00:00;P1;15.50
4853;pms5003;3628;6.559;3.386;2026-03-26T22:01:56.354526+00:00;P0;12.00
4853;pms5003;3628;6.559;3.386;2026-03-26T22:07:28.212451+00:00;P2;17.50
4853;pms5003;3628;6.559;3.386;2026-03-26T22:07:28.212451+00:00;P1;19.25
4853;pms5003;3628;6.559;3.386;2026-03-26T22:07:28.212451+00:00;P0;11.50
4853;pms5003;3628;6.559;3.386;2026-03-26T22:13:05.107609+00:00;P2;16.00
4853;pms5003;3628;6.559;3.386;2026-03-26T22:13:05.107609+00:00;P1;18.00
4853;pms5003;3628;6.559;3.386;2026-03-26T22:13:05.107609+00:00;P0;11.25
4854;DHT22;3628;6.559;3.386;2026-03-26T22:13:22.469010+00:00;humidity;85.50
4854;DHT22;3628;6.559;3.386;2026-03-26T22:13:22.469010+00:00;temperature;31.70
4853;pms5003;3628;6.559;3.386;2026-03-26T22:34:30.140710+00:00;P2;9.40
4853;pms5003;3628;6.559;3.386;2026-03-26T22:34:30.140710+00:00;P1;15.00
4853;pms5003;3628;6.559;3.386;2026-03-26T22:34:30.140710+00:00;P0;7.00
4854;DHT22;3628;6.559;3.386;2026-03-26T22:34:47.521205+00:00;humidity;86.20
4854;DHT22;3628;6.559;3.386;2026-03-26T22:34:47.521205+00:00;temperature;31.60
4853;pms5003;3628;6.559;3.386;2026-03-26T22:40:04.709747+00:00;P2;9.50
4853;pms5003;3628;6.559;3.386;2026-03-26T22:40:04.709747+00:00;P1;11.50
4853;pms5003;3628;6.559;3.386;2026-03-26T22:40:04.709747+00:00;P0;7.00
4854;DHT22;3628;6.559;3.386;2026-03-26T22:40:22.047351+00:00;humidity;86.70
4854;DHT22;3628;6.559;3.386;2026-03-26T22:40:22.047351+00:00;temperature;31.50
4853;pms5003;3628;6.559;3.386;2026-03-26T22:45:39.220804+00:00;P2;11.00
4853;pms5003;3628;6.559;3.386;2026-03-26T22:45:39.220804+00:00;P1;14.75
4853;pms5003;3628;6.559;3.386;2026-03-26T22:45:39.220804+00:00;P0;7.75
4854;DHT22;3628;6.559;3.386;2026-03-26T22:45:56.608473+00:00;humidity;87.10
4854;DHT22;3628;6.559;3.386;2026-03-26T22:45:56.608473+00:00;temperature;31.50
4853;pms5003;3628;6.559;3.386;2026-03-26T22:51:13.934571+00:00;P2;13.00
4853;pms5003;3628;6.559;3.386;2026-03-26T22:51:13.934571+00:00;P1;13.00
4853;pms5003;3628;6.559;3.386;2026-03-26T22:51:13.934571+00:00;P0;10.00
4854;DHT22;3628;6.559;3.386;2026-03-26T22:51:31.257324+00:00;humidity;86.40
4854;DHT22;3628;6.559;3.386;2026-03-26T22:51:31.257324+00:00;temperature;31.50
4853;pms5003;3628;6.559;3.386;2026-03-26T22:56:48.473435+00:00;P2;15.80
4853;pms5003;3628;6.559;3.386;2026-03-26T22:56:48.473435+00:00;P1;31.80
4853;pms5003;3628;6.559;3.386;2026-03-26T22:56:48.473435+00:00;P0;12.00
4854;DHT22;3628;6.559;3.386;2026-03-26T22:57:05.867664+00:00;humidity;86.60
4854;DHT22;3628;6.559;3.386;2026-03-26T22:57:05.867664+00:00;temperature;31.40
4853;pms5003;3628;6.559;3.386;2026-03-26T23:02:23.047995+00:00;P2;10.00
4853;pms5003;3628;6.559;3.386;2026-03-26T23:02:23.047995+00:00;P1;11.00
4853;pms5003;3628;6.559;3.386;2026-03-26T23:02:23.047995+00:00;P0;7.00
4854;DHT22;3628;6.559;3.386;2026-03-26T23:02:40.402965+00:00;humidity;86.70
4854;DHT22;3628;6.559;3.386;2026-03-26T23:02:40.402965+00:00;temperature;31.50
4853;pms5003;3628;6.559;3.386;2026-03-26T23:07:57.597360+00:00;P2;7.25
4853;pms5003;3628;6.559;3.386;2026-03-26T23:07:57.597360+00:00;P1;7.25
4853;pms5003;3628;6.559;3.386;2026-03-26T23:07:57.597360+00:00;P0;4.00
4854;DHT22;3628;6.559;3.386;2026-03-26T23:08:14.956795+00:00;humidity;85.50
4854;DHT22;3628;6.559;3.386;2026-03-26T23:08:14.956795+00:00;temperature;31.40
4853;pms5003;3628;6.559;3.386;2026-03-26T23:13:32.101005+00:00;P2;10.00
4853;pms5003;3628;6.559;3.386;2026-03-26T23:13:32.101005+00:00;P1;11.50
4853;pms5003;3628;6.559;3.386;2026-03-26T23:13:32.101005+00:00;P0;6.00
4854;DHT22;3628;6.559;3.386;2026-03-26T23:13:49.489441+00:00;humidity;85.20
4854;DHT22;3628;6.559;3.386;2026-03-26T23:13:49.489441+00:00;temperature;31.40
4854;DHT22;3628;6.559;3.386;2026-03-26T23:19:13.490988+00:00;humidity;85.50
4854;DHT22;3628;6.559;3.386;2026-03-26T23:19:13.490988+00:00;temperature;31.40
4853;pms5003;3628;6.559;3.386;2026-03-26T23:24:30.553338+00:00;P2;7.25
4853;pms5003;3628;6.559;3.386;2026-03-26T23:24:30.553338+00:00;P1;9.25
4853;pms5003;3628;6.559;3.386;2026-03-26T23:24:30.553338+00:00;P0;5.00
4854;DHT22;3628;6.559;3.386;2026-03-26T23:24:47.929978+00:00;humidity;85.70
4854;DHT22;3628;6.559;3.386;2026-03-26T23:24:47.929978+00:00;temperature;31.40
4853;pms5003;3628;6.559;3.386;2026-03-26T23:30:05.112576+00:00;P2;12.00
4853;pms5003;3628;6.559;3.386;2026-03-26T23:30:05.112576+00:00;P1;13.00
4853;pms5003;3628;6.559;3.386;2026-03-26T23:30:05.112576+00:00;P0;7.00
4853;pms5003;3628;6.559;3.386;2026-03-26T23:35:28.835144+00:00;P2;11.00
4853;pms5003;3628;6.559;3.386;2026-03-26T23:35:28.835144+00:00;P1;13.75
4853;pms5003;3628;6.559;3.386;2026-03-26T23:35:28.835144+00:00;P0;7.25
4854;DHT22;3628;6.559;3.386;2026-03-26T23:35:46.184278+00:00;humidity;86.50
4854;DHT22;3628;6.559;3.386;2026-03-26T23:35:46.184278+00:00;temperature;31.30
4854;DHT22;3628;6.559;3.386;2026-03-26T23:41:20.840432+00:00;humidity;87.10
4854;DHT22;3628;6.559;3.386;2026-03-26T23:41:20.840432+00:00;temperature;31.30
4853;pms5003;3628;6.559;3.386;2026-03-27T05:47:00.234508+00:00;P2;24.00
4853;pms5003;3628;6.559;3.386;2026-03-27T05:47:00.234508+00:00;P1;32.40
4853;pms5003;3628;6.559;3.386;2026-03-27T05:47:00.234508+00:00;P0;17.00
4854;DHT22;3628;6.559;3.386;2026-03-27T05:47:09.520914+00:00;humidity;100.00
4854;DHT22;3628;6.559;3.386;2026-03-27T05:47:09.520914+00:00;temperature;29.80
4853;pms5003;3628;6.559;3.386;2026-03-27T05:52:32.346965+00:00;P2;27.00
4853;pms5003;3628;6.559;3.386;2026-03-27T05:52:32.346965+00:00;P1;30.20
4853;pms5003;3628;6.559;3.386;2026-03-27T05:52:32.346965+00:00;P0;20.00
4854;DHT22;3628;6.559;3.386;2026-03-27T05:52:51.537367+00:00;humidity;100.00
4854;DHT22;3628;6.559;3.386;2026-03-27T05:52:51.537367+00:00;temperature;30.60
4853;pms5003;3628;6.559;3.386;2026-03-27T05:58:08.742347+00:00;P2;24.00
4853;pms5003;3628;6.559;3.386;2026-03-27T05:58:08.742347+00:00;P1;33.50
4853;pms5003;3628;6.559;3.386;2026-03-27T05:58:08.742347+00:00;P0;15.00
4854;DHT22;3628;6.559;3.386;2026-03-27T10:18:17.521930+00:00;humidity;64.30
4854;DHT22;3628;6.559;3.386;2026-03-27T10:18:17.521930+00:00;temperature;37.40
4854;DHT22;3628;6.559;3.386;2026-03-27T10:57:02.808152+00:00;humidity;60.40
4854;DHT22;3628;6.559;3.386;2026-03-27T10:57:02.808152+00:00;temperature;38.40
4853;pms5003;3628;6.559;3.386;2026-03-27T11:18:37.846356+00:00;P2;14.40
4853;pms5003;3628;6.559;3.386;2026-03-27T11:18:37.846356+00:00;P1;17.00
4853;pms5003;3628;6.559;3.386;2026-03-27T11:18:37.846356+00:00;P0;10.40
4853;pms5003;3628;6.559;3.386;2026-03-27T11:24:20.367715+00:00;P2;13.00
4853;pms5003;3628;6.559;3.386;2026-03-27T11:24:20.367715+00:00;P1;15.33
4853;pms5003;3628;6.559;3.386;2026-03-27T11:24:20.367715+00:00;P0;9.00
4853;pms5003;3628;6.559;3.386;2026-03-27T11:30:40.153784+00:00;P2;13.25
4853;pms5003;3628;6.559;3.386;2026-03-27T11:30:40.153784+00:00;P1;13.25
4853;pms5003;3628;6.559;3.386;2026-03-27T11:30:40.153784+00:00;P0;9.25
4853;pms5003;3628;6.559;3.386;2026-03-27T11:46:54.652915+00:00;P2;9.50
4853;pms5003;3628;6.559;3.386;2026-03-27T11:46:54.652915+00:00;P1;11.50
4853;pms5003;3628;6.559;3.386;2026-03-27T11:46:54.652915+00:00;P0;7.25
4854;DHT22;3628;6.559;3.386;2026-03-27T11:47:12.058601+00:00;humidity;61.30
4854;DHT22;3628;6.559;3.386;2026-03-27T11:47:12.058601+00:00;temperature;38.20
4853;pms5003;3628;6.559;3.386;2026-03-27T12:15:22.344375+00:00;P2;16.50
4853;pms5003;3628;6.559;3.386;2026-03-27T12:15:22.344375+00:00;P1;21.00
4853;pms5003;3628;6.559;3.386;2026-03-27T12:15:22.344375+00:00;P0;11.00
4854;DHT22;3628;6.559;3.386;2026-03-27T12:15:39.725906+00:00;humidity;54.30
4854;DHT22;3628;6.559;3.386;2026-03-27T12:15:39.725906+00:00;temperature;41.50
4853;pms5003;3628;6.559;3.386;2026-03-27T12:20:56.958633+00:00;P2;13.60
4853;pms5003;3628;6.559;3.386;2026-03-27T12:20:56.958633+00:00;P1;13.60
4853;pms5003;3628;6.559;3.386;2026-03-27T12:20:56.958633+00:00;P0;9.20
4853;pms5003;3628;6.559;3.386;2026-03-27T12:32:01.281009+00:00;P2;12.00
4853;pms5003;3628;6.559;3.386;2026-03-27T12:32:01.281009+00:00;P1;12.00
4853;pms5003;3628;6.559;3.386;2026-03-27T12:32:01.281009+00:00;P0;7.00
4853;pms5003;3628;6.559;3.386;2026-03-27T12:37:08.745204+00:00;P2;14.00
4853;pms5003;3628;6.559;3.386;2026-03-27T12:37:08.745204+00:00;P1;16.50
4853;pms5003;3628;6.559;3.386;2026-03-27T12:37:08.745204+00:00;P0;11.00
4853;pms5003;3628;6.559;3.386;2026-03-27T12:42:32.633376+00:00;P2;14.00
4853;pms5003;3628;6.559;3.386;2026-03-27T12:42:32.633376+00:00;P1;14.67
4853;pms5003;3628;6.559;3.386;2026-03-27T12:42:32.633376+00:00;P0;9.33
4854;DHT22;3628;6.559;3.386;2026-03-27T12:42:49.995050+00:00;humidity;56.80
4854;DHT22;3628;6.559;3.386;2026-03-27T12:42:49.995050+00:00;temperature;38.70
4854;DHT22;3628;6.559;3.386;2026-03-27T12:48:13.863710+00:00;humidity;58.10
4854;DHT22;3628;6.559;3.386;2026-03-27T12:48:13.863710+00:00;temperature;38.50
4853;pms5003;3628;6.559;3.386;2026-03-27T12:58:55.364870+00:00;P2;14.00
4853;pms5003;3628;6.559;3.386;2026-03-27T12:58:55.364870+00:00;P1;24.00
4853;pms5003;3628;6.559;3.386;2026-03-27T12:58:55.364870+00:00;P0;9.00
4854;DHT22;3628;6.559;3.386;2026-03-27T12:59:12.743062+00:00;humidity;55.80
4854;DHT22;3628;6.559;3.386;2026-03-27T12:59:12.743062+00:00;temperature;40.60
4853;pms5003;3628;6.559;3.386;2026-03-27T13:04:36.632644+00:00;humidity;54.60
4853;pms5003;3628;6.559;3.386;2026-03-27T13:04:36.632644+00:00;temperature;41.00
4854;DHT22;3628;6.559;3.386;2026-03-27T13:10:00.839865+00:00;humidity;52.90
4854;DHT22;3628;6.559;3.386;2026-03-27T13:10:00.839865+00:00;temperature;41.70
4853;pms5003;3628;6.559;3.386;2026-03-27T13:15:18.095246+00:00;P2;25.50
4853;pms5003;3628;6.559;3.386;2026-03-27T13:15:18.095246+00:00;P1;25.50
4853;pms5003;3628;6.559;3.386;2026-03-27T13:15:18.095246+00:00;P0;18.00
4853;pms5003;3628;6.559;3.386;2026-03-27T13:20:42.313392+00:00;P2;16.50
4853;pms5003;3628;6.559;3.386;2026-03-27T13:20:42.313392+00:00;P1;20.50
4853;pms5003;3628;6.559;3.386;2026-03-27T13:20:42.313392+00:00;P0;11.00
4854;DHT22;3628;6.559;3.386;2026-03-27T13:20:59.761712+00:00;humidity;52.70
4854;DHT22;3628;6.559;3.386;2026-03-27T13:20:59.761712+00:00;temperature;42.00
4853;pms5003;3628;6.559;3.386;2026-03-27T13:26:16.932536+00:00;P2;29.00
4853;pms5003;3628;6.559;3.386;2026-03-27T13:26:16.932536+00:00;P1;40.75
4853;pms5003;3628;6.559;3.386;2026-03-27T13:26:16.932536+00:00;P0;18.50
4854;DHT22;3628;6.559;3.386;2026-03-27T13:26:34.299217+00:00;humidity;52.30
4854;DHT22;3628;6.559;3.386;2026-03-27T13:26:34.299217+00:00;temperature;42.10
4853;pms5003;3628;6.559;3.386;2026-03-27T13:31:51.449508+00:00;P2;29.75
4853;pms5003;3628;6.559;3.386;2026-03-27T13:31:51.449508+00:00;P1;37.25
4853;pms5003;3628;6.559;3.386;2026-03-27T13:31:51.449508+00:00;P0;20.50
4854;DHT22;3628;6.559;3.386;2026-03-27T13:32:08.834350+00:00;humidity;53.10
4854;DHT22;3628;6.559;3.386;2026-03-27T13:32:08.834350+00:00;temperature;41.70
4853;pms5003;3628;6.559;3.386;2026-03-27T13:42:39.417679+00:00;P2;13.00
4853;pms5003;3628;6.559;3.386;2026-03-27T13:42:39.417679+00:00;P1;15.00
4853;pms5003;3628;6.559;3.386;2026-03-27T13:42:39.417679+00:00;P0;8.25
4854;DHT22;3628;6.559;3.386;2026-03-27T13:42:56.770124+00:00;humidity;53.70
4854;DHT22;3628;6.559;3.386;2026-03-27T13:42:56.770124+00:00;temperature;41.00
4853;pms5003;3628;6.559;3.386;2026-03-27T13:48:13.965947+00:00;P2;13.00
4853;pms5003;3628;6.559;3.386;2026-03-27T13:48:13.965947+00:00;P1;13.00
4853;pms5003;3628;6.559;3.386;2026-03-27T13:48:13.965947+00:00;P0;9.00
4854;DHT22;3628;6.559;3.386;2026-03-27T13:48:31.387595+00:00;humidity;53.00
4854;DHT22;3628;6.559;3.386;2026-03-27T13:48:31.387595+00:00;temperature;41.00
4854;DHT22;3628;6.559;3.386;2026-03-27T13:59:30.356952+00:00;humidity;54.00
4854;DHT22;3628;6.559;3.386;2026-03-27T13:59:30.356952+00:00;temperature;40.10
4853;pms5003;3628;6.559;3.386;2026-03-27T14:10:01.595341+00:00;P2;15.00
4853;pms5003;3628;6.559;3.386;2026-03-27T14:10:01.595341+00:00;P1;16.00
4853;pms5003;3628;6.559;3.386;2026-03-27T14:10:01.595341+00:00;P0;9.00
4854;DHT22;3628;6.559;3.386;2026-03-27T14:10:21.848542+00:00;humidity;55.20
4854;DHT22;3628;6.559;3.386;2026-03-27T14:10:21.848542+00:00;temperature;39.50
4853;pms5003;3628;6.559;3.386;2026-03-27T14:15:41.208533+00:00;P2;14.00
4853;pms5003;3628;6.559;3.386;2026-03-27T14:15:41.208533+00:00;P1;14.00
4853;pms5003;3628;6.559;3.386;2026-03-27T14:15:41.208533+00:00;P0;10.00
4853;pms5003;3628;6.559;3.386;2026-03-27T14:21:06.132845+00:00;P2;13.00
4853;pms5003;3628;6.559;3.386;2026-03-27T14:21:06.132845+00:00;P1;14.60
4853;pms5003;3628;6.559;3.386;2026-03-27T14:21:06.132845+00:00;P0;7.60
4854;DHT22;3628;6.559;3.386;2026-03-27T14:21:26.285216+00:00;humidity;57.00
4854;DHT22;3628;6.559;3.386;2026-03-27T14:21:26.285216+00:00;temperature;39.00
4853;pms5003;3628;6.559;3.386;2026-03-27T14:26:43.845150+00:00;P2;15.20
4853;pms5003;3628;6.559;3.386;2026-03-27T14:26:43.845150+00:00;P1;16.20
4853;pms5003;3628;6.559;3.386;2026-03-27T14:26:43.845150+00:00;P0;9.80
4854;DHT22;3628;6.559;3.386;2026-03-27T14:27:00.750665+00:00;humidity;56.30
4854;DHT22;3628;6.559;3.386;2026-03-27T14:27:00.750665+00:00;temperature;39.70
4854;DHT22;3628;6.559;3.386;2026-03-27T14:32:57.339025+00:00;humidity;57.20
4854;DHT22;3628;6.559;3.386;2026-03-27T14:32:57.339025+00:00;temperature;39.40
4854;DHT22;3628;6.559;3.386;2026-03-27T14:38:11.503331+00:00;humidity;60.00
4854;DHT22;3628;6.559;3.386;2026-03-27T14:38:11.503331+00:00;temperature;38.30
4854;DHT22;3628;6.559;3.386;2026-03-27T14:43:41.489529+00:00;humidity;61.00
4854;DHT22;3628;6.559;3.386;2026-03-27T14:43:41.489529+00:00;temperature;37.60
4853;pms5003;3628;6.559;3.386;2026-03-27T14:49:01.643010+00:00;P2;18.20
4853;pms5003;3628;6.559;3.386;2026-03-27T14:49:01.643010+00:00;P1;22.00
4853;pms5003;3628;6.559;3.386;2026-03-27T14:49:01.643010+00:00;P0;13.80
4854;DHT22;3628;6.559;3.386;2026-03-27T14:50:11.818678+00:00;humidity;64.10
4854;DHT22;3628;6.559;3.386;2026-03-27T14:50:11.818678+00:00;temperature;36.90
4853;pms5003;3628;6.559;3.386;2026-03-27T14:54:50.811547+00:00;P2;14.00
4853;pms5003;3628;6.559;3.386;2026-03-27T14:54:50.811547+00:00;P1;15.00
4853;pms5003;3628;6.559;3.386;2026-03-27T14:54:50.811547+00:00;P0;10.00
4853;pms5003;3628;6.559;3.386;2026-03-27T15:00:18.000488+00:00;P2;14.00
4853;pms5003;3628;6.559;3.386;2026-03-27T15:00:18.000488+00:00;P1;16.80
4853;pms5003;3628;6.559;3.386;2026-03-27T15:00:18.000488+00:00;P0;9.00
4854;DHT22;3628;6.559;3.386;2026-03-27T15:00:41.539660+00:00;humidity;64.30
4854;DHT22;3628;6.559;3.386;2026-03-27T15:00:41.539660+00:00;temperature;36.40
4854;DHT22;3628;6.559;3.386;2026-03-27T15:06:05.370792+00:00;humidity;64.50
4854;DHT22;3628;6.559;3.386;2026-03-27T15:06:05.370792+00:00;temperature;36.30
4853;pms5003;3628;6.559;3.386;2026-03-27T15:11:28.349694+00:00;P2;9.00
4853;pms5003;3628;6.559;3.386;2026-03-27T15:11:28.349694+00:00;P1;12.75
4853;pms5003;3628;6.559;3.386;2026-03-27T15:11:28.349694+00:00;P0;7.00
4854;DHT22;3628;6.559;3.386;2026-03-27T15:11:43.001667+00:00;humidity;64.60
4854;DHT22;3628;6.559;3.386;2026-03-27T15:11:43.001667+00:00;temperature;36.30
4854;DHT22;3628;6.559;3.386;2026-03-27T15:17:07.133619+00:00;humidity;66.40
4854;DHT22;3628;6.559;3.386;2026-03-27T15:17:07.133619+00:00;temperature;36.10
4853;pms5003;3628;6.559;3.386;2026-03-27T15:22:32.824876+00:00;P2;11.75
4853;pms5003;3628;6.559;3.386;2026-03-27T15:22:32.824876+00:00;P1;11.75
4853;pms5003;3628;6.559;3.386;2026-03-27T15:22:32.824876+00:00;P0;8.25
4854;DHT22;3628;6.559;3.386;2026-03-27T15:22:50.107103+00:00;humidity;66.40
4854;DHT22;3628;6.559;3.386;2026-03-27T15:22:50.107103+00:00;temperature;36.00
4854;DHT22;3628;6.559;3.386;2026-03-27T15:33:37.637720+00:00;humidity;67.50
4854;DHT22;3628;6.559;3.386;2026-03-27T15:33:37.637720+00:00;temperature;35.60
4854;DHT22;3628;6.559;3.386;2026-03-27T16:00:04.699902+00:00;humidity;67.60
4854;DHT22;3628;6.559;3.386;2026-03-27T16:00:04.699902+00:00;temperature;35.40
4854;DHT22;3628;6.559;3.386;2026-03-27T16:16:20.000279+00:00;humidity;68.90
4854;DHT22;3628;6.559;3.386;2026-03-27T16:16:20.000279+00:00;temperature;35.30
4853;pms5003;3628;6.559;3.386;2026-03-27T16:21:37.187064+00:00;P2;11.00
4853;pms5003;3628;6.559;3.386;2026-03-27T16:21:37.187064+00:00;P1;11.00
4853;pms5003;3628;6.559;3.386;2026-03-27T16:21:37.187064+00:00;P0;7.50
4853;pms5003;3628;6.559;3.386;2026-03-27T16:27:01.085160+00:00;P2;10.25
4853;pms5003;3628;6.559;3.386;2026-03-27T16:27:01.085160+00:00;P1;13.25
4853;pms5003;3628;6.559;3.386;2026-03-27T16:27:01.085160+00:00;P0;7.00
4854;DHT22;3628;6.559;3.386;2026-03-27T16:27:18.425201+00:00;humidity;69.70
4854;DHT22;3628;6.559;3.386;2026-03-27T16:27:18.425201+00:00;temperature;34.80
4853;pms5003;3628;6.559;3.386;2026-03-27T16:32:35.644851+00:00;P2;8.00
4853;pms5003;3628;6.559;3.386;2026-03-27T16:32:35.644851+00:00;P1;8.00
4853;pms5003;3628;6.559;3.386;2026-03-27T16:32:35.644851+00:00;P0;6.00
4854;DHT22;3628;6.559;3.386;2026-03-27T16:32:53.008764+00:00;humidity;70.50
4854;DHT22;3628;6.559;3.386;2026-03-27T16:32:53.008764+00:00;temperature;34.80
4853;pms5003;3628;6.559;3.386;2026-03-27T16:48:37.699127+00:00;P2;11.00
4853;pms5003;3628;6.559;3.386;2026-03-27T16:48:37.699127+00:00;P1;15.75
4853;pms5003;3628;6.559;3.386;2026-03-27T16:48:37.699127+00:00;P0;8.00
4854;DHT22;3628;6.559;3.386;2026-03-27T16:48:55.167335+00:00;humidity;72.30
4854;DHT22;3628;6.559;3.386;2026-03-27T16:48:55.167335+00:00;temperature;34.40
4853;pms5003;3628;6.559;3.386;2026-03-27T16:54:12.556481+00:00;P2;12.60
4853;pms5003;3628;6.559;3.386;2026-03-27T16:54:12.556481+00:00;P1;16.20
4853;pms5003;3628;6.559;3.386;2026-03-27T16:54:12.556481+00:00;P0;8.60
4854;DHT22;3628;6.559;3.386;2026-03-27T16:54:29.711337+00:00;humidity;73.20
4854;DHT22;3628;6.559;3.386;2026-03-27T16:54:29.711337+00:00;temperature;34.20
4853;pms5003;3628;6.559;3.386;2026-03-27T16:59:46.933043+00:00;P2;8.00
4853;pms5003;3628;6.559;3.386;2026-03-27T16:59:46.933043+00:00;P1;8.00
4853;pms5003;3628;6.559;3.386;2026-03-27T16:59:46.933043+00:00;P0;6.00
4853;pms5003;3628;6.559;3.386;2026-03-27T17:05:11.026890+00:00;P2;7.75
4853;pms5003;3628;6.559;3.386;2026-03-27T17:05:11.026890+00:00;P1;10.00
4853;pms5003;3628;6.559;3.386;2026-03-27T17:05:11.026890+00:00;P0;5.75
4854;DHT22;3628;6.559;3.386;2026-03-27T17:05:28.383010+00:00;humidity;74.20
4854;DHT22;3628;6.559;3.386;2026-03-27T17:05:28.383010+00:00;temperature;34.20
4853;pms5003;3628;6.559;3.386;2026-03-27T17:10:45.544535+00:00;P2;9.40
4853;pms5003;3628;6.559;3.386;2026-03-27T17:10:45.544535+00:00;P1;13.60
4853;pms5003;3628;6.559;3.386;2026-03-27T17:10:45.544535+00:00;P0;7.00
4854;DHT22;3628;6.559;3.386;2026-03-27T17:11:02.928943+00:00;humidity;74.30
4854;DHT22;3628;6.559;3.386;2026-03-27T17:11:02.928943+00:00;temperature;33.90
4853;pms5003;3628;6.559;3.386;2026-03-27T17:16:20.109134+00:00;P2;9.00
4853;pms5003;3628;6.559;3.386;2026-03-27T17:16:20.109134+00:00;P1;9.33
4853;pms5003;3628;6.559;3.386;2026-03-27T17:16:20.109134+00:00;P0;8.00
4854;DHT22;3628;6.559;3.386;2026-03-27T17:16:37.615716+00:00;humidity;75.30
4854;DHT22;3628;6.559;3.386;2026-03-27T17:16:37.615716+00:00;temperature;33.80
4853;pms5003;3628;6.559;3.386;2026-03-27T17:21:54.778308+00:00;P2;9.00
4853;pms5003;3628;6.559;3.386;2026-03-27T17:21:54.778308+00:00;P1;9.75
4853;pms5003;3628;6.559;3.386;2026-03-27T17:21:54.778308+00:00;P0;5.75
4854;DHT22;3628;6.559;3.386;2026-03-27T17:27:46.778085+00:00;humidity;75.60
4854;DHT22;3628;6.559;3.386;2026-03-27T17:27:46.778085+00:00;temperature;33.60
4854;DHT22;3628;6.559;3.386;2026-03-27T17:33:13.367146+00:00;humidity;76.80
4854;DHT22;3628;6.559;3.386;2026-03-27T17:33:13.367146+00:00;temperature;33.40
4854;DHT22;3628;6.559;3.386;2026-03-27T17:38:37.402438+00:00;humidity;76.90
4854;DHT22;3628;6.559;3.386;2026-03-27T17:38:37.402438+00:00;temperature;33.30
4853;pms5003;3628;6.559;3.386;2026-03-27T17:43:54.600701+00:00;P2;7.00
4853;pms5003;3628;6.559;3.386;2026-03-27T17:43:54.600701+00:00;P1;8.80
4853;pms5003;3628;6.559;3.386;2026-03-27T17:43:54.600701+00:00;P0;5.00
4854;DHT22;3628;6.559;3.386;2026-03-27T17:44:11.976507+00:00;humidity;77.50
4854;DHT22;3628;6.559;3.386;2026-03-27T17:44:11.976507+00:00;temperature;33.10
4853;pms5003;3628;6.559;3.386;2026-03-27T17:49:53.685851+00:00;P2;11.00
4853;pms5003;3628;6.559;3.386;2026-03-27T17:49:53.685851+00:00;P1;11.00
4853;pms5003;3628;6.559;3.386;2026-03-27T17:49:53.685851+00:00;P0;7.75
4853;pms5003;3628;6.559;3.386;2026-03-27T17:54:53.565977+00:00;P2;12.00
4853;pms5003;3628;6.559;3.386;2026-03-27T17:54:53.565977+00:00;P1;13.60
4853;pms5003;3628;6.559;3.386;2026-03-27T17:54:53.565977+00:00;P0;8.60
4853;pms5003;3628;6.559;3.386;2026-03-27T18:00:28.103225+00:00;P2;12.75
4853;pms5003;3628;6.559;3.386;2026-03-27T18:00:28.103225+00:00;P1;14.25
4853;pms5003;3628;6.559;3.386;2026-03-27T18:00:28.103225+00:00;P0;7.25
4854;DHT22;3628;6.559;3.386;2026-03-27T18:00:46.012614+00:00;humidity;78.90
4854;DHT22;3628;6.559;3.386;2026-03-27T18:00:46.012614+00:00;temperature;32.90
4853;pms5003;3628;6.559;3.386;2026-03-27T18:06:02.676000+00:00;P2;10.00
4853;pms5003;3628;6.559;3.386;2026-03-27T18:06:02.676000+00:00;P1;22.75
4853;pms5003;3628;6.559;3.386;2026-03-27T18:06:02.676000+00:00;P0;6.25
4854;DHT22;3628;6.559;3.386;2026-03-27T18:06:20.037469+00:00;humidity;79.50
4854;DHT22;3628;6.559;3.386;2026-03-27T18:06:20.037469+00:00;temperature;32.70
4853;pms5003;3628;6.559;3.386;2026-03-27T18:38:19.451568+00:00;P2;12.00
4853;pms5003;3628;6.559;3.386;2026-03-27T18:38:19.451568+00:00;P1;12.00
4853;pms5003;3628;6.559;3.386;2026-03-27T18:38:19.451568+00:00;P0;8.00
4854;DHT22;3628;6.559;3.386;2026-03-27T18:38:36.899739+00:00;humidity;81.70
4854;DHT22;3628;6.559;3.386;2026-03-27T18:38:36.899739+00:00;temperature;32.50
4854;DHT22;3628;6.559;3.386;2026-03-27T18:50:06.645171+00:00;humidity;82.70
4854;DHT22;3628;6.559;3.386;2026-03-27T18:50:06.645171+00:00;temperature;32.50
4853;pms5003;3628;6.559;3.386;2026-03-27T18:55:23.916084+00:00;P2;15.00
4853;pms5003;3628;6.559;3.386;2026-03-27T18:55:23.916084+00:00;P1;18.00
4853;pms5003;3628;6.559;3.386;2026-03-27T18:55:23.916084+00:00;P0;10.75
4853;pms5003;3628;6.559;3.386;2026-03-27T19:01:01.002405+00:00;P2;10.00
4853;pms5003;3628;6.559;3.386;2026-03-27T19:01:01.002405+00:00;P1;11.00
4853;pms5003;3628;6.559;3.386;2026-03-27T19:01:01.002405+00:00;P0;6.75
4853;pms5003;3628;6.559;3.386;2026-03-27T19:06:24.758320+00:00;P2;11.50
4853;pms5003;3628;6.559;3.386;2026-03-27T19:06:24.758320+00:00;P1;26.00
4853;pms5003;3628;6.559;3.386;2026-03-27T19:06:24.758320+00:00;P0;8.00
4853;pms5003;3628;6.559;3.386;2026-03-27T19:11:48.962103+00:00;P2;10.00
4853;pms5003;3628;6.559;3.386;2026-03-27T19:11:48.962103+00:00;P1;10.00
4853;pms5003;3628;6.559;3.386;2026-03-27T19:11:48.962103+00:00;P0;6.40
4853;pms5003;3628;6.559;3.386;2026-03-27T19:22:42.928921+00:00;P2;11.00
4853;pms5003;3628;6.559;3.386;2026-03-27T19:22:42.928921+00:00;P1;12.80
4853;pms5003;3628;6.559;3.386;2026-03-27T19:22:42.928921+00:00;P0;6.40
4854;DHT22;3628;6.559;3.386;2026-03-27T19:23:00.084604+00:00;humidity;83.30
4854;DHT22;3628;6.559;3.386;2026-03-27T19:23:00.084604+00:00;temperature;32.20
4853;pms5003;3628;6.559;3.386;2026-03-27T19:28:20.103359+00:00;P2;9.00
4853;pms5003;3628;6.559;3.386;2026-03-27T19:28:20.103359+00:00;P1;9.00
4853;pms5003;3628;6.559;3.386;2026-03-27T19:28:20.103359+00:00;P0;7.00
4854;DHT22;3628;6.559;3.386;2026-03-27T19:34:00.844713+00:00;humidity;83.10
4854;DHT22;3628;6.559;3.386;2026-03-27T19:34:00.844713+00:00;temperature;32.30
4854;DHT22;3628;6.559;3.386;2026-03-27T19:39:36.857201+00:00;humidity;83.00
4854;DHT22;3628;6.559;3.386;2026-03-27T19:39:36.857201+00:00;temperature;32.40
4853;pms5003;3628;6.559;3.386;2026-03-27T19:44:45.206917+00:00;P2;18.00
4853;pms5003;3628;6.559;3.386;2026-03-27T19:44:45.206917+00:00;P1;23.00
4853;pms5003;3628;6.559;3.386;2026-03-27T19:44:45.206917+00:00;P0;11.00
4854;DHT22;3628;6.559;3.386;2026-03-27T19:45:05.133411+00:00;humidity;83.70
4854;DHT22;3628;6.559;3.386;2026-03-27T19:45:05.133411+00:00;temperature;32.20
4853;pms5003;3628;6.559;3.386;2026-03-27T19:55:38.393000+00:00;P2;9.00
4853;pms5003;3628;6.559;3.386;2026-03-27T19:55:38.393000+00:00;P1;11.00
4853;pms5003;3628;6.559;3.386;2026-03-27T19:55:38.393000+00:00;P0;5.00
4854;DHT22;3628;6.559;3.386;2026-03-27T19:56:01.362756+00:00;humidity;84.00
4854;DHT22;3628;6.559;3.386;2026-03-27T19:56:01.362756+00:00;temperature;32.10
4853;pms5003;3628;6.559;3.386;2026-03-27T20:01:31.656634+00:00;P2;6.50
4853;pms5003;3628;6.559;3.386;2026-03-27T20:01:31.656634+00:00;P1;7.75
4853;pms5003;3628;6.559;3.386;2026-03-27T20:01:31.656634+00:00;P0;3.50
4854;DHT22;3628;6.559;3.386;2026-03-27T20:01:47.468438+00:00;humidity;84.10
4854;DHT22;3628;6.559;3.386;2026-03-27T20:01:47.468438+00:00;temperature;32.10
4853;pms5003;3628;6.559;3.386;2026-03-27T20:44:15.239406+00:00;P2;14.00
4853;pms5003;3628;6.559;3.386;2026-03-27T20:44:15.239406+00:00;P1;21.00
4853;pms5003;3628;6.559;3.386;2026-03-27T20:44:15.239406+00:00;P0;10.00
4854;DHT22;3628;6.559;3.386;2026-03-27T20:44:27.547402+00:00;humidity;83.90
4854;DHT22;3628;6.559;3.386;2026-03-27T20:44:27.547402+00:00;temperature;32.00
4854;DHT22;3628;6.559;3.386;2026-03-27T20:49:51.066252+00:00;humidity;83.80
4854;DHT22;3628;6.559;3.386;2026-03-27T20:49:51.066252+00:00;temperature;32.10
4853;pms5003;3628;6.559;3.386;2026-03-27T20:55:08.287045+00:00;P2;11.80
4853;pms5003;3628;6.559;3.386;2026-03-27T20:55:08.287045+00:00;P1;14.20
4853;pms5003;3628;6.559;3.386;2026-03-27T20:55:08.287045+00:00;P0;10.00
4854;DHT22;3628;6.559;3.386;2026-03-27T20:55:25.648215+00:00;humidity;83.90
4854;DHT22;3628;6.559;3.386;2026-03-27T20:55:25.648215+00:00;temperature;32.00
4853;pms5003;3628;6.559;3.386;2026-03-27T21:00:45.799543+00:00;P2;14.00
4853;pms5003;3628;6.559;3.386;2026-03-27T21:00:45.799543+00:00;P1;14.00
4853;pms5003;3628;6.559;3.386;2026-03-27T21:00:45.799543+00:00;P0;9.00
4854;DHT22;3628;6.559;3.386;2026-03-27T21:01:05.791022+00:00;humidity;83.90
4854;DHT22;3628;6.559;3.386;2026-03-27T21:01:05.791022+00:00;temperature;32.10
4853;pms5003;3628;6.559;3.386;2026-03-27T21:06:22.971374+00:00;P2;11.00
4853;pms5003;3628;6.559;3.386;2026-03-27T21:06:22.971374+00:00;P1;12.00
4853;pms5003;3628;6.559;3.386;2026-03-27T21:06:22.971374+00:00;P0;8.00
4854;DHT22;3628;6.559;3.386;2026-03-27T21:06:40.371771+00:00;humidity;84.10
4854;DHT22;3628;6.559;3.386;2026-03-27T21:06:40.371771+00:00;temperature;32.00
4853;pms5003;3628;6.559;3.386;2026-03-27T21:11:57.552619+00:00;P2;15.75
4853;pms5003;3628;6.559;3.386;2026-03-27T21:11:57.552619+00:00;P1;31.25
4853;pms5003;3628;6.559;3.386;2026-03-27T21:11:57.552619+00:00;P0;11.00
4854;DHT22;3628;6.559;3.386;2026-03-27T21:12:14.936426+00:00;humidity;84.10
4854;DHT22;3628;6.559;3.386;2026-03-27T21:12:14.936426+00:00;temperature;32.10
4854;DHT22;3628;6.559;3.386;2026-03-27T21:17:39.107314+00:00;humidity;84.80
4854;DHT22;3628;6.559;3.386;2026-03-27T21:17:39.107314+00:00;temperature;32.00
4853;pms5003;3628;6.559;3.386;2026-03-27T21:22:56.284747+00:00;P2;10.20
4853;pms5003;3628;6.559;3.386;2026-03-27T21:22:56.284747+00:00;P1;12.20
4853;pms5003;3628;6.559;3.386;2026-03-27T21:22:56.284747+00:00;P0;7.60
4854;DHT22;3628;6.559;3.386;2026-03-27T21:23:13.661574+00:00;humidity;85.40
4854;DHT22;3628;6.559;3.386;2026-03-27T21:23:13.661574+00:00;temperature;31.90
4853;pms5003;3628;6.559;3.386;2026-03-27T21:28:30.853986+00:00;P2;13.00
4853;pms5003;3628;6.559;3.386;2026-03-27T21:28:30.853986+00:00;P1;14.00
4853;pms5003;3628;6.559;3.386;2026-03-27T21:28:30.853986+00:00;P0;8.00
4854;DHT22;3628;6.559;3.386;2026-03-27T21:28:48.309169+00:00;humidity;85.40
4854;DHT22;3628;6.559;3.386;2026-03-27T21:28:48.309169+00:00;temperature;31.90
4853;pms5003;3628;6.559;3.386;2026-03-27T21:34:05.513070+00:00;P2;10.00
4853;pms5003;3628;6.559;3.386;2026-03-27T21:34:05.513070+00:00;P1;12.00
4853;pms5003;3628;6.559;3.386;2026-03-27T21:34:05.513070+00:00;P0;8.00
4854;DHT22;3628;6.559;3.386;2026-03-27T21:34:22.858487+00:00;humidity;85.70
4854;DHT22;3628;6.559;3.386;2026-03-27T21:34:22.858487+00:00;temperature;31.90
4853;pms5003;3628;6.559;3.386;2026-03-27T21:45:04.363480+00:00;P2;13.50
4853;pms5003;3628;6.559;3.386;2026-03-27T21:45:04.363480+00:00;P1;22.25
4853;pms5003;3628;6.559;3.386;2026-03-27T21:45:04.363480+00:00;P0;10.25
4854;DHT22;3628;6.559;3.386;2026-03-27T21:45:21.747126+00:00;humidity;86.20
4854;DHT22;3628;6.559;3.386;2026-03-27T21:45:21.747126+00:00;temperature;31.80
4853;pms5003;3628;6.559;3.386;2026-03-27T21:50:38.959499+00:00;P2;11.75
4853;pms5003;3628;6.559;3.386;2026-03-27T21:50:38.959499+00:00;P1;14.00
4853;pms5003;3628;6.559;3.386;2026-03-27T21:50:38.959499+00:00;P0;8.00
4854;DHT22;3628;6.559;3.386;2026-03-27T21:50:56.330970+00:00;humidity;86.70
4854;DHT22;3628;6.559;3.386;2026-03-27T21:50:56.330970+00:00;temperature;31.80
4853;pms5003;3628;6.559;3.386;2026-03-27T21:56:13.508687+00:00;P2;12.00
4853;pms5003;3628;6.559;3.386;2026-03-27T21:56:13.508687+00:00;P1;12.50
4853;pms5003;3628;6.559;3.386;2026-03-27T21:56:13.508687+00:00;P0;8.00
4854;DHT22;3628;6.559;3.386;2026-03-27T21:56:30.845429+00:00;humidity;86.10
4854;DHT22;3628;6.559;3.386;2026-03-27T21:56:30.845429+00:00;temperature;31.80
4853;pms5003;3628;6.559;3.386;2026-03-27T22:01:48.440222+00:00;P2;10.00
4853;pms5003;3628;6.559;3.386;2026-03-27T22:01:48.440222+00:00;P1;10.00
4853;pms5003;3628;6.559;3.386;2026-03-27T22:01:48.440222+00:00;P0;6.00
4854;DHT22;3628;6.559;3.386;2026-03-27T22:02:05.538919+00:00;humidity;85.50
4854;DHT22;3628;6.559;3.386;2026-03-27T22:02:05.538919+00:00;temperature;31.90
4853;pms5003;3628;6.559;3.386;2026-03-27T22:07:22.730275+00:00;P2;10.80
4853;pms5003;3628;6.559;3.386;2026-03-27T22:07:22.730275+00:00;P1;12.00
4853;pms5003;3628;6.559;3.386;2026-03-27T22:07:22.730275+00:00;P0;8.00
4854;DHT22;3628;6.559;3.386;2026-03-27T22:07:40.090936+00:00;humidity;85.20
4854;DHT22;3628;6.559;3.386;2026-03-27T22:07:40.090936+00:00;temperature;31.90
4853;pms5003;3628;6.559;3.386;2026-03-27T22:13:34.191216+00:00;P2;14.50
4853;pms5003;3628;6.559;3.386;2026-03-27T22:13:34.191216+00:00;P1;15.00
4853;pms5003;3628;6.559;3.386;2026-03-27T22:13:34.191216+00:00;P0;10.25
4853;pms5003;3628;6.559;3.386;2026-03-27T22:23:38.164318+00:00;P2;26.25
4853;pms5003;3628;6.559;3.386;2026-03-27T22:23:38.164318+00:00;P1;39.50
4853;pms5003;3628;6.559;3.386;2026-03-27T22:23:38.164318+00:00;P0;17.00
4854;DHT22;3628;6.559;3.386;2026-03-27T22:23:55.505813+00:00;humidity;85.10
4854;DHT22;3628;6.559;3.386;2026-03-27T22:23:55.505813+00:00;temperature;31.90
4854;DHT22;3628;6.559;3.386;2026-03-27T22:29:19.448423+00:00;humidity;85.70
4854;DHT22;3628;6.559;3.386;2026-03-27T22:29:19.448423+00:00;temperature;31.80
4853;pms5003;3628;6.559;3.386;2026-03-28T10:22:03.093725+00:00;P2;38.00
4853;pms5003;3628;6.559;3.386;2026-03-28T10:22:03.093725+00:00;P1;51.50
4853;pms5003;3628;6.559;3.386;2026-03-28T10:22:03.093725+00:00;P0;26.00
4853;pms5003;3628;6.559;3.386;2026-03-28T10:27:26.844028+00:00;P2;38.00
4853;pms5003;3628;6.559;3.386;2026-03-28T10:27:26.844028+00:00;P1;46.50
4853;pms5003;3628;6.559;3.386;2026-03-28T10:27:26.844028+00:00;P0;26.00
4853;pms5003;3628;6.559;3.386;2026-03-28T10:32:53.680331+00:00;P2;38.33
4853;pms5003;3628;6.559;3.386;2026-03-28T10:32:53.680331+00:00;P1;51.33
4853;pms5003;3628;6.559;3.386;2026-03-28T10:32:53.680331+00:00;P0;26.33
4854;DHT22;3628;6.559;3.386;2026-03-28T10:33:11.106603+00:00;humidity;69.20
4854;DHT22;3628;6.559;3.386;2026-03-28T10:33:11.106603+00:00;temperature;35.70
4854;DHT22;3628;6.559;3.386;2026-03-28T10:38:45.634262+00:00;humidity;67.20
4854;DHT22;3628;6.559;3.386;2026-03-28T10:38:45.634262+00:00;temperature;36.50
4853;pms5003;3628;6.559;3.386;2026-03-28T10:44:02.814874+00:00;P2;37.00
4853;pms5003;3628;6.559;3.386;2026-03-28T10:44:02.814874+00:00;P1;44.00
4853;pms5003;3628;6.559;3.386;2026-03-28T10:44:02.814874+00:00;P0;25.50
4854;DHT22;3628;6.559;3.386;2026-03-28T10:44:20.150774+00:00;humidity;63.90
4854;DHT22;3628;6.559;3.386;2026-03-28T10:44:20.150774+00:00;temperature;37.00
4853;pms5003;3628;6.559;3.386;2026-03-28T10:54:50.732115+00:00;P2;35.00
4853;pms5003;3628;6.559;3.386;2026-03-28T10:54:50.732115+00:00;P1;50.33
4853;pms5003;3628;6.559;3.386;2026-03-28T10:54:50.732115+00:00;P0;23.67
4854;DHT22;3628;6.559;3.386;2026-03-28T10:55:08.223363+00:00;humidity;60.10
4854;DHT22;3628;6.559;3.386;2026-03-28T10:55:08.223363+00:00;temperature;37.30
4853;pms5003;3628;6.559;3.386;2026-03-28T11:05:38.797272+00:00;P2;32.80
4853;pms5003;3628;6.559;3.386;2026-03-28T11:05:38.797272+00:00;P1;47.00
4853;pms5003;3628;6.559;3.386;2026-03-28T11:05:38.797272+00:00;P0;22.80
4853;pms5003;3628;6.559;3.386;2026-03-28T11:05:59.058380+00:00;humidity;59.70
4853;pms5003;3628;6.559;3.386;2026-03-28T11:05:59.058380+00:00;temperature;37.10
4854;DHT22;3628;6.559;3.386;2026-03-28T11:11:26.022889+00:00;humidity;58.70
4854;DHT22;3628;6.559;3.386;2026-03-28T11:11:26.022889+00:00;temperature;38.10
4853;pms5003;3628;6.559;3.386;2026-03-28T11:16:43.180461+00:00;P2;30.50
4853;pms5003;3628;6.559;3.386;2026-03-28T11:16:43.180461+00:00;P1;34.00
4853;pms5003;3628;6.559;3.386;2026-03-28T11:16:43.180461+00:00;P0;22.00
4854;DHT22;3628;6.559;3.386;2026-03-28T11:17:00.585670+00:00;humidity;55.80
4854;DHT22;3628;6.559;3.386;2026-03-28T11:17:00.585670+00:00;temperature;38.60
4854;DHT22;3628;6.559;3.386;2026-03-28T11:22:35.125944+00:00;humidity;56.40
4854;DHT22;3628;6.559;3.386;2026-03-28T11:22:35.125944+00:00;temperature;38.90
4853;pms5003;3628;6.559;3.386;2026-03-28T11:33:05.739454+00:00;P2;32.75
4853;pms5003;3628;6.559;3.386;2026-03-28T11:33:05.739454+00:00;P1;40.00
4853;pms5003;3628;6.559;3.386;2026-03-28T11:33:05.739454+00:00;P0;23.00
4854;DHT22;3628;6.559;3.386;2026-03-28T11:33:23.116394+00:00;humidity;55.60
4854;DHT22;3628;6.559;3.386;2026-03-28T11:33:23.116394+00:00;temperature;38.60
4853;pms5003;3628;6.559;3.386;2026-03-28T11:38:40.648033+00:00;P2;33.00
4853;pms5003;3628;6.559;3.386;2026-03-28T11:38:40.648033+00:00;P1;41.00
4853;pms5003;3628;6.559;3.386;2026-03-28T11:38:40.648033+00:00;P0;23.00
4854;DHT22;3628;6.559;3.386;2026-03-28T11:38:58.115504+00:00;humidity;57.50
4854;DHT22;3628;6.559;3.386;2026-03-28T11:38:58.115504+00:00;temperature;37.90
4853;pms5003;3628;6.559;3.386;2026-03-28T11:44:15.158085+00:00;P2;36.20
4853;pms5003;3628;6.559;3.386;2026-03-28T11:44:15.158085+00:00;P1;49.20
4853;pms5003;3628;6.559;3.386;2026-03-28T11:44:15.158085+00:00;P0;24.80
4854;DHT22;3628;6.559;3.386;2026-03-28T11:44:32.575529+00:00;humidity;57.30
4854;DHT22;3628;6.559;3.386;2026-03-28T11:44:32.575529+00:00;temperature;37.80
4853;pms5003;3628;6.559;3.386;2026-03-28T11:49:49.785388+00:00;P2;35.25
4853;pms5003;3628;6.559;3.386;2026-03-28T11:49:49.785388+00:00;P1;48.00
4853;pms5003;3628;6.559;3.386;2026-03-28T11:49:49.785388+00:00;P0;25.00
4853;pms5003;3628;6.559;3.386;2026-03-28T12:00:51.095997+00:00;P2;45.75
4853;pms5003;3628;6.559;3.386;2026-03-28T12:00:51.095997+00:00;P1;61.50
4853;pms5003;3628;6.559;3.386;2026-03-28T12:00:51.095997+00:00;P0;31.00
4854;DHT22;3628;6.559;3.386;2026-03-28T12:01:08.505607+00:00;humidity;57.4
4854;DHT22;3628;6.559;3.386;2026-03-28T12:01:08.505607+00:00;temperature;37.80
4853;pms5003;3628;6.559;3.386;2026-03-28T12:09:33.534740+00:00;P2;32.25
4853;pms5003;3628;6.559;3.386;2026-03-28T12:09:33.534740+00:00;P1;46.25
4853;pms5003;3628;6.559;3.386;2026-03-28T12:09:33.534740+00:00;P0;21.50
4854;DHT22;3628;6.559;3.386;2026-03-28T12:15:04.672723+00:00;humidity;58.90
4854;DHT22;3628;6.559;3.386;2026-03-28T12:15:04.672723+00:00;temperature;37.40
4854;DHT22;3628;6.559;3.386;2026-03-28T12:20:28.530399+00:00;humidity;58.30
4854;DHT22;3628;6.559;3.386;2026-03-28T12:20:28.530399+00:00;temperature;37.50
4853;pms5003;3628;6.559;3.386;2026-03-28T12:25:45.757058+00:00;P2;26.00
4853;pms5003;3628;6.559;3.386;2026-03-28T12:25:45.757058+00:00;P1;27.00
4853;pms5003;3628;6.559;3.386;2026-03-28T12:25:45.757058+00:00;P0;19.40
4854;DHT22;3628;6.559;3.386;2026-03-28T12:26:03.083222+00:00;humidity;58.30
4854;DHT22;3628;6.559;3.386;2026-03-28T12:26:03.083222+00:00;temperature;37.60
4854;DHT22;3628;6.559;3.386;2026-03-28T12:31:30.101254+00:00;humidity;57.80
4854;DHT22;3628;6.559;3.386;2026-03-28T12:31:30.101254+00:00;temperature;37.90
4853;pms5003;3628;6.559;3.386;2026-03-28T12:42:11.512536+00:00;P2;20.25
4853;pms5003;3628;6.559;3.386;2026-03-28T12:42:11.512536+00:00;P1;20.25
4853;pms5003;3628;6.559;3.386;2026-03-28T12:42:11.512536+00:00;P0;14.00
4854;DHT22;3628;6.559;3.386;2026-03-28T12:42:28.859028+00:00;humidity;55.10
4854;DHT22;3628;6.559;3.386;2026-03-28T12:42:28.859028+00:00;temperature;39.20
4853;pms5003;3628;6.559;3.386;2026-03-28T12:47:46.049257+00:00;P2;26.00
4853;pms5003;3628;6.559;3.386;2026-03-28T12:47:46.049257+00:00;P1;31.00
4853;pms5003;3628;6.559;3.386;2026-03-28T12:47:46.049257+00:00;P0;18.60
4854;DHT22;3628;6.559;3.386;2026-03-28T12:48:03.412726+00:00;humidity;53.30
4854;DHT22;3628;6.559;3.386;2026-03-28T12:48:03.412726+00:00;temperature;40.20
4853;pms5003;3628;6.559;3.386;2026-03-28T12:53:20.617267+00:00;P2;21.00
4853;pms5003;3628;6.559;3.386;2026-03-28T12:53:20.617267+00:00;P1;31.00
4853;pms5003;3628;6.559;3.386;2026-03-28T12:53:20.617267+00:00;P0;15.50
4853;pms5003;3628;6.559;3.386;2026-03-28T12:58:55.153419+00:00;P2;24.00
4853;pms5003;3628;6.559;3.386;2026-03-28T12:58:55.153419+00:00;P1;34.33
4853;pms5003;3628;6.559;3.386;2026-03-28T12:58:55.153419+00:00;P0;19.67
4854;DHT22;3628;6.559;3.386;2026-03-28T12:59:12.513841+00:00;humidity;54.30
4854;DHT22;3628;6.559;3.386;2026-03-28T12:59:12.513841+00:00;temperature;39.60
4854;DHT22;3628;6.559;3.386;2026-03-28T13:04:36.739759+00:00;humidity;52.90
4854;DHT22;3628;6.559;3.386;2026-03-28T13:04:36.739759+00:00;temperature;40.50
4854;DHT22;3628;6.559;3.386;2026-03-28T13:10:00.658640+00:00;humidity;52.50
4854;DHT22;3628;6.559;3.386;2026-03-28T13:10:00.658640+00:00;temperature;40.30
4854;DHT22;3628;6.559;3.386;2026-03-28T13:15:27.725851+00:00;humidity;52.20
4854;DHT22;3628;6.559;3.386;2026-03-28T13:15:27.725851+00:00;temperature;40.80
4853;pms5003;3628;6.559;3.386;2026-03-28T13:20:44.905300+00:00;P2;28.33
4853;pms5003;3628;6.559;3.386;2026-03-28T13:20:44.905300+00:00;P1;39.67
4853;pms5003;3628;6.559;3.386;2026-03-28T13:20:44.905300+00:00;P0;20.00
4854;DHT22;3628;6.559;3.386;2026-03-28T13:21:05.148830+00:00;humidity;54.00
4854;DHT22;3628;6.559;3.386;2026-03-28T13:21:05.148830+00:00;temperature;39.80
4853;pms5003;3628;6.559;3.386;2026-03-28T13:31:57.021627+00:00;P2;31.00
4853;pms5003;3628;6.559;3.386;2026-03-28T13:31:57.021627+00:00;P1;34.50
4853;pms5003;3628;6.559;3.386;2026-03-28T13:31:57.021627+00:00;P0;20.00
4854;DHT22;3628;6.559;3.386;2026-03-28T13:32:14.246991+00:00;humidity;53.70
4854;DHT22;3628;6.559;3.386;2026-03-28T13:32:14.246991+00:00;temperature;40.10
4853;pms5003;3628;6.559;3.386;2026-03-28T13:37:31.427662+00:00;P2;24.00
4853;pms5003;3628;6.559;3.386;2026-03-28T13:37:31.427662+00:00;P1;31.00
4853;pms5003;3628;6.559;3.386;2026-03-28T13:37:31.427662+00:00;P0;17.75
4854;DHT22;3628;6.559;3.386;2026-03-28T13:43:02.174503+00:00;humidity;56.00
4854;DHT22;3628;6.559;3.386;2026-03-28T13:43:02.174503+00:00;temperature;38.70
4854;DHT22;3628;6.559;3.386;2026-03-28T13:48:26.282338+00:00;humidity;56.10
4854;DHT22;3628;6.559;3.386;2026-03-28T13:48:26.282338+00:00;temperature;39.00
4854;DHT22;3628;6.559;3.386;2026-03-28T13:53:50.431429+00:00;humidity;54.70
4854;DHT22;3628;6.559;3.386;2026-03-28T13:53:50.431429+00:00;temperature;39.50
4853;pms5003;3628;6.559;3.386;2026-03-28T13:59:07.604901+00:00;P2;39.00
4853;pms5003;3628;6.559;3.386;2026-03-28T13:59:07.604901+00:00;P1;56.00
4853;pms5003;3628;6.559;3.386;2026-03-28T13:59:07.604901+00:00;P0;28.00
4854;DHT22;3628;6.559;3.386;2026-03-28T13:59:24.964480+00:00;humidity;55.00
4854;DHT22;3628;6.559;3.386;2026-03-28T13:59:24.964480+00:00;temperature;39.70
4854;DHT22;3628;6.559;3.386;2026-03-28T14:15:18.274675+00:00;humidity;58.50
4854;DHT22;3628;6.559;3.386;2026-03-28T14:15:18.274675+00:00;temperature;37.70
4853;pms5003;3628;6.559;3.386;2026-03-28T14:20:35.437014+00:00;P2;31.75
4853;pms5003;3628;6.559;3.386;2026-03-28T14:20:35.437014+00:00;P1;39.00
4853;pms5003;3628;6.559;3.386;2026-03-28T14:20:35.437014+00:00;P0;22.50
4854;DHT22;3628;6.559;3.386;2026-03-28T14:20:52.777193+00:00;humidity;58.30
4854;DHT22;3628;6.559;3.386;2026-03-28T14:20:52.777193+00:00;temperature;37.70
4853;pms5003;3628;6.559;3.386;2026-03-28T14:26:10.001786+00:00;P2;31.50
4853;pms5003;3628;6.559;3.386;2026-03-28T14:26:10.001786+00:00;P1;42.75
4853;pms5003;3628;6.559;3.386;2026-03-28T14:26:10.001786+00:00;P0;21.75
4854;DHT22;3628;6.559;3.386;2026-03-28T14:26:27.341359+00:00;humidity;58.00
4854;DHT22;3628;6.559;3.386;2026-03-28T14:26:27.341359+00:00;temperature;37.80
4854;DHT22;3628;6.559;3.386;2026-03-28T14:32:01.858569+00:00;humidity;58.00
4854;DHT22;3628;6.559;3.386;2026-03-28T14:32:01.858569+00:00;temperature;37.70
4853;pms5003;3628;6.559;3.386;2026-03-28T14:37:19.159184+00:00;P2;26.60
4853;pms5003;3628;6.559;3.386;2026-03-28T14:37:19.159184+00:00;P1;37.60
4853;pms5003;3628;6.559;3.386;2026-03-28T14:37:19.159184+00:00;P0;20.00
4854;DHT22;3628;6.559;3.386;2026-03-28T14:37:36.508381+00:00;humidity;59.20
4854;DHT22;3628;6.559;3.386;2026-03-28T14:37:36.508381+00:00;temperature;37.20
4854;DHT22;3628;6.559;3.386;2026-03-28T14:43:00.568759+00:00;humidity;59.60
4854;DHT22;3628;6.559;3.386;2026-03-28T14:43:00.568759+00:00;temperature;37.20
4853;pms5003;3628;6.559;3.386;2026-03-28T14:48:17.751863+00:00;P2;28.00
4853;pms5003;3628;6.559;3.386;2026-03-28T14:48:17.751863+00:00;P1;32.75
4853;pms5003;3628;6.559;3.386;2026-03-28T14:48:17.751863+00:00;P0;20.00
4854;DHT22;3628;6.559;3.386;2026-03-28T14:48:35.148119+00:00;humidity;60.00
4854;DHT22;3628;6.559;3.386;2026-03-28T14:48:35.148119+00:00;temperature;37.10
4853;pms5003;3628;6.559;3.386;2026-03-28T14:53:52.360884+00:00;P2;28.25
4853;pms5003;3628;6.559;3.386;2026-03-28T14:53:52.360884+00:00;P1;31.00
4853;pms5003;3628;6.559;3.386;2026-03-28T14:53:52.360884+00:00;P0;19.00
4854;DHT22;3628;6.559;3.386;2026-03-28T14:54:09.699883+00:00;humidity;60.70
4854;DHT22;3628;6.559;3.386;2026-03-28T14:54:09.699883+00:00;temperature;37.00
4853;pms5003;3628;6.559;3.386;2026-03-28T14:59:26.894113+00:00;P2;26.00
4853;pms5003;3628;6.559;3.386;2026-03-28T14:59:26.894113+00:00;P1;28.50
4853;pms5003;3628;6.559;3.386;2026-03-28T14:59:26.894113+00:00;P0;19.00
4854;DHT22;3628;6.559;3.386;2026-03-28T14:59:44.228643+00:00;humidity;60.60
4854;DHT22;3628;6.559;3.386;2026-03-28T14:59:44.228643+00:00;temperature;37.10
4853;pms5003;3628;6.559;3.386;2026-03-28T15:05:01.421672+00:00;P2;23.60
4853;pms5003;3628;6.559;3.386;2026-03-28T15:05:01.421672+00:00;P1;27.20
4853;pms5003;3628;6.559;3.386;2026-03-28T15:05:01.421672+00:00;P0;17.00
4854;DHT22;3628;6.559;3.386;2026-03-28T15:05:24.672575+00:00;humidity;60.70
4854;DHT22;3628;6.559;3.386;2026-03-28T15:05:24.672575+00:00;temperature;37.10
4853;pms5003;3628;6.559;3.386;2026-03-28T15:10:41.933993+00:00;P2;19.25
4853;pms5003;3628;6.559;3.386;2026-03-28T15:10:41.933993+00:00;P1;24.00
4853;pms5003;3628;6.559;3.386;2026-03-28T15:10:41.933993+00:00;P0;14.25
4853;pms5003;3628;6.559;3.386;2026-03-28T15:16:05.647504+00:00;P2;14.00
4853;pms5003;3628;6.559;3.386;2026-03-28T15:16:05.647504+00:00;P1;14.50
4853;pms5003;3628;6.559;3.386;2026-03-28T15:16:05.647504+00:00;P0;9.00
4854;DHT22;3628;6.559;3.386;2026-03-28T15:16:23.006277+00:00;humidity;62.90
4854;DHT22;3628;6.559;3.386;2026-03-28T15:16:23.006277+00:00;temperature;36.20
4854;DHT22;3628;6.559;3.386;2026-03-28T15:27:00.846841+00:00;humidity;61.70
4854;DHT22;3628;6.559;3.386;2026-03-28T15:27:00.846841+00:00;temperature;36.20
4853;pms5003;3628;6.559;3.386;2026-03-28T15:32:17.956398+00:00;P2;16.00
4853;pms5003;3628;6.559;3.386;2026-03-28T15:32:17.956398+00:00;P1;17.50
4853;pms5003;3628;6.559;3.386;2026-03-28T15:32:17.956398+00:00;P0;11.00
4854;DHT22;3628;6.559;3.386;2026-03-28T15:32:35.326394+00:00;humidity;62.30
4854;DHT22;3628;6.559;3.386;2026-03-28T15:32:35.326394+00:00;temperature;36.10
4854;DHT22;3628;6.559;3.386;2026-03-28T15:43:33.893882+00:00;humidity;63.80
4854;DHT22;3628;6.559;3.386;2026-03-28T15:43:33.893882+00:00;temperature;35.60
4853;pms5003;3628;6.559;3.386;2026-03-28T15:48:51.236020+00:00;P2;20.00
4853;pms5003;3628;6.559;3.386;2026-03-28T15:48:51.236020+00:00;P1;29.00
4853;pms5003;3628;6.559;3.386;2026-03-28T15:48:51.236020+00:00;P0;13.00
4854;DHT22;3628;6.559;3.386;2026-03-28T15:49:08.485508+00:00;humidity;63.90
4854;DHT22;3628;6.559;3.386;2026-03-28T15:49:08.485508+00:00;temperature;36.00
4853;pms5003;3628;6.559;3.386;2026-03-28T15:54:25.734659+00:00;P2;18.00
4853;pms5003;3628;6.559;3.386;2026-03-28T15:54:25.734659+00:00;P1;20.50
4853;pms5003;3628;6.559;3.386;2026-03-28T15:54:25.734659+00:00;P0;13.00
4854;DHT22;3628;6.559;3.386;2026-03-28T15:54:43.144998+00:00;humidity;66.30
4854;DHT22;3628;6.559;3.386;2026-03-28T15:54:43.144998+00:00;temperature;35.20
4853;pms5003;3628;6.559;3.386;2026-03-28T16:05:19.075514+00:00;P2;19.00
4853;pms5003;3628;6.559;3.386;2026-03-28T16:05:19.075514+00:00;P1;31.20
4853;pms5003;3628;6.559;3.386;2026-03-28T16:05:19.075514+00:00;P0;11.00
4854;DHT22;3628;6.559;3.386;2026-03-28T16:05:36.429455+00:00;humidity;68.10
4854;DHT22;3628;6.559;3.386;2026-03-28T16:05:36.429455+00:00;temperature;34.70
4854;DHT22;3628;6.559;3.386;2026-03-28T16:16:13.472070+00:00;humidity;69.40
4854;DHT22;3628;6.559;3.386;2026-03-28T16:16:13.472070+00:00;temperature;34.40
4854;DHT22;3628;6.559;3.386;2026-03-28T16:21:37.964853+00:00;humidity;70.10
4854;DHT22;3628;6.559;3.386;2026-03-28T16:21:37.964853+00:00;temperature;34.10
4853;pms5003;3628;6.559;3.386;2026-03-28T16:26:55.174250+00:00;P2;20.00
4853;pms5003;3628;6.559;3.386;2026-03-28T16:26:55.174250+00:00;P1;22.25
4853;pms5003;3628;6.559;3.386;2026-03-28T16:26:55.174250+00:00;P0;14.00
4854;DHT22;3628;6.559;3.386;2026-03-28T16:27:12.406382+00:00;humidity;71.90
4854;DHT22;3628;6.559;3.386;2026-03-28T16:27:12.406382+00:00;temperature;33.90
4854;DHT22;3628;6.559;3.386;2026-03-28T16:32:36.555735+00:00;humidity;72.50
4854;DHT22;3628;6.559;3.386;2026-03-28T16:32:36.555735+00:00;temperature;34.00
4853;pms5003;3628;6.559;3.386;2026-03-28T16:37:53.475783+00:00;P2;16.00
4853;pms5003;3628;6.559;3.386;2026-03-28T16:37:53.475783+00:00;P1;28.25
4853;pms5003;3628;6.559;3.386;2026-03-28T16:37:53.475783+00:00;P0;11.00
4854;DHT22;3628;6.559;3.386;2026-03-28T16:43:24.254986+00:00;humidity;73.10
4854;DHT22;3628;6.559;3.386;2026-03-28T16:43:24.254986+00:00;temperature;33.60
4853;pms5003;3628;6.559;3.386;2026-03-28T16:48:41.434637+00:00;P2;19.50
4853;pms5003;3628;6.559;3.386;2026-03-28T16:48:41.434637+00:00;P1;25.50
4853;pms5003;3628;6.559;3.386;2026-03-28T16:48:41.434637+00:00;P0;11.50
4853;pms5003;3628;6.559;3.386;2026-03-28T16:54:05.502907+00:00;P2;20.50
4853;pms5003;3628;6.559;3.386;2026-03-28T16:54:05.502907+00:00;P1;37.50
4853;pms5003;3628;6.559;3.386;2026-03-28T16:54:05.502907+00:00;P0;13.25
4854;DHT22;3628;6.559;3.386;2026-03-28T16:54:22.926760+00:00;humidity;74.80
4854;DHT22;3628;6.559;3.386;2026-03-28T16:54:22.926760+00:00;temperature;33.30
4853;pms5003;3628;6.559;3.386;2026-03-28T16:59:40.071346+00:00;P2;25.00
4853;pms5003;3628;6.559;3.386;2026-03-28T16:59:40.071346+00:00;P1;29.50
4853;pms5003;3628;6.559;3.386;2026-03-28T16:59:40.071346+00:00;P0;14.00
4853;pms5003;3628;6.559;3.386;2026-03-28T17:05:07.077346+00:00;P2;22.00
4853;pms5003;3628;6.559;3.386;2026-03-28T17:05:07.077346+00:00;P1;25.00
4853;pms5003;3628;6.559;3.386;2026-03-28T17:05:07.077346+00:00;P0;12.00
4854;DHT22;3628;6.559;3.386;2026-03-28T17:05:24.383260+00:00;humidity;75.10
4854;DHT22;3628;6.559;3.386;2026-03-28T17:05:24.383260+00:00;temperature;33.20
4853;pms5003;3628;6.559;3.386;2026-03-28T17:10:41.584153+00:00;P2;17.50
4853;pms5003;3628;6.559;3.386;2026-03-28T17:10:41.584153+00:00;P1;21.00
4853;pms5003;3628;6.559;3.386;2026-03-28T17:10:41.584153+00:00;P0;11.00
4853;pms5003;3628;6.559;3.386;2026-03-28T17:16:05.609682+00:00;P2;14.00
4853;pms5003;3628;6.559;3.386;2026-03-28T17:16:05.609682+00:00;P1;16.00
4853;pms5003;3628;6.559;3.386;2026-03-28T17:16:05.609682+00:00;P0;11.00
4854;DHT22;3628;6.559;3.386;2026-03-28T17:16:23.246218+00:00;humidity;74.20
4854;DHT22;3628;6.559;3.386;2026-03-28T17:16:23.246218+00:00;temperature;33.10
4854;DHT22;3628;6.559;3.386;2026-03-28T17:21:47.409866+00:00;humidity;74.60
4854;DHT22;3628;6.559;3.386;2026-03-28T17:21:47.409866+00:00;temperature;33.10
4853;pms5003;3628;6.559;3.386;2026-03-28T17:27:04.422653+00:00;P2;16.00
4853;pms5003;3628;6.559;3.386;2026-03-28T17:27:04.422653+00:00;P1;16.00
4853;pms5003;3628;6.559;3.386;2026-03-28T17:27:04.422653+00:00;P0;9.00
4854;DHT22;3628;6.559;3.386;2026-03-28T17:27:21.760679+00:00;humidity;73.50
4854;DHT22;3628;6.559;3.386;2026-03-28T17:27:21.760679+00:00;temperature;33.10
4853;pms5003;3628;6.559;3.386;2026-03-28T17:38:08.844859+00:00;P2;16.25
4853;pms5003;3628;6.559;3.386;2026-03-28T17:38:08.844859+00:00;P1;29.25
4853;pms5003;3628;6.559;3.386;2026-03-28T17:38:08.844859+00:00;P0;12.00
4853;pms5003;3628;6.559;3.386;2026-03-28T17:43:32.943025+00:00;P2;13.00
4853;pms5003;3628;6.559;3.386;2026-03-28T17:43:32.943025+00:00;P1;15.50
4853;pms5003;3628;6.559;3.386;2026-03-28T17:43:32.943025+00:00;P0;8.00
4853;pms5003;3628;6.559;3.386;2026-03-28T17:48:56.950407+00:00;P2;12.00
4853;pms5003;3628;6.559;3.386;2026-03-28T17:48:56.950407+00:00;P1;12.00
4853;pms5003;3628;6.559;3.386;2026-03-28T17:48:56.950407+00:00;P0;9.00
4854;DHT22;3628;6.559;3.386;2026-03-28T17:49:14.347537+00:00;humidity;76.70
4854;DHT22;3628;6.559;3.386;2026-03-28T17:49:14.347537+00:00;temperature;32.60
4853;pms5003;3628;6.559;3.386;2026-03-28T17:54:31.561449+00:00;P2;11.25
4853;pms5003;3628;6.559;3.386;2026-03-28T17:54:31.561449+00:00;P1;18.50
4853;pms5003;3628;6.559;3.386;2026-03-28T17:54:31.561449+00:00;P0;7.00
4854;DHT22;3628;6.559;3.386;2026-03-28T17:54:48.913639+00:00;humidity;76.90
4854;DHT22;3628;6.559;3.386;2026-03-28T17:54:48.913639+00:00;temperature;32.60
4853;pms5003;3628;6.559;3.386;2026-03-28T18:00:06.095937+00:00;P2;13.00
4853;pms5003;3628;6.559;3.386;2026-03-28T18:00:06.095937+00:00;P1;14.00
4853;pms5003;3628;6.559;3.386;2026-03-28T18:00:06.095937+00:00;P0;10.25
4854;DHT22;3628;6.559;3.386;2026-03-28T18:00:23.460050+00:00;humidity;77.90
4854;DHT22;3628;6.559;3.386;2026-03-28T18:00:23.460050+00:00;temperature;32.30
4853;pms5003;3628;6.559;3.386;2026-03-28T18:05:40.708893+00:00;P2;14.33
4853;pms5003;3628;6.559;3.386;2026-03-28T18:05:40.708893+00:00;P1;24.00
4853;pms5003;3628;6.559;3.386;2026-03-28T18:05:40.708893+00:00;P0;9.33
4854;DHT22;3628;6.559;3.386;2026-03-28T18:05:58.088909+00:00;humidity;78.30
4854;DHT22;3628;6.559;3.386;2026-03-28T18:05:58.088909+00:00;temperature;32.40
4854;DHT22;3628;6.559;3.386;2026-03-28T18:11:15.395336+00:00;P2;13.50
4854;DHT22;3628;6.559;3.386;2026-03-28T18:11:15.395336+00:00;P1;20.00
4854;DHT22;3628;6.559;3.386;2026-03-28T18:11:15.395336+00:00;P0;10.50
4854;DHT22;3628;6.559;3.386;2026-03-28T18:11:32.800157+00:00;humidity;78.80
4854;DHT22;3628;6.559;3.386;2026-03-28T18:11:32.800157+00:00;temperature;32.30
4854;DHT22;3628;6.559;3.386;2026-03-28T18:16:56.613849+00:00;humidity;79.90
4854;DHT22;3628;6.559;3.386;2026-03-28T18:16:56.613849+00:00;temperature;32.20
4853;pms5003;3628;6.559;3.386;2026-03-28T18:22:16.904513+00:00;P2;16.00
4853;pms5003;3628;6.559;3.386;2026-03-28T18:22:16.904513+00:00;P1;16.00
4853;pms5003;3628;6.559;3.386;2026-03-28T18:22:16.904513+00:00;P0;9.40
4853;pms5003;3628;6.559;3.386;2026-03-28T18:33:22.112045+00:00;P2;15.67
4853;pms5003;3628;6.559;3.386;2026-03-28T18:33:22.112045+00:00;P1;18.67
4853;pms5003;3628;6.559;3.386;2026-03-28T18:33:22.112045+00:00;P0;10.67
4854;DHT22;3628;6.559;3.386;2026-03-28T18:33:45.220238+00:00;humidity;80.30
4854;DHT22;3628;6.559;3.386;2026-03-28T18:33:45.220238+00:00;temperature;32.30
4853;pms5003;3628;6.559;3.386;2026-03-28T19:35:47.105208+00:00;P2;13.60
4853;pms5003;3628;6.559;3.386;2026-03-28T19:35:47.105208+00:00;P1;15.40
4853;pms5003;3628;6.559;3.386;2026-03-28T19:35:47.105208+00:00;P0;10.00
4854;DHT22;3628;6.559;3.386;2026-03-28T19:36:06.952918+00:00;humidity;82.90
4854;DHT22;3628;6.559;3.386;2026-03-28T19:36:06.952918+00:00;temperature;32.20
4853;pms5003;3628;6.559;3.386;2026-03-28T19:41:24.136696+00:00;P2;14.50
4853;pms5003;3628;6.559;3.386;2026-03-28T19:41:24.136696+00:00;P1;17.50
4853;pms5003;3628;6.559;3.386;2026-03-28T19:41:24.136696+00:00;P0;11.00
4854;DHT22;3628;6.559;3.386;2026-03-28T19:41:41.491635+00:00;humidity;83.20
4854;DHT22;3628;6.559;3.386;2026-03-28T19:41:41.491635+00:00;temperature;32.00
4853;pms5003;3628;6.559;3.386;2026-03-28T19:46:58.725703+00:00;P2;14.00
4853;pms5003;3628;6.559;3.386;2026-03-28T19:46:58.725703+00:00;P1;14.33
4853;pms5003;3628;6.559;3.386;2026-03-28T19:46:58.725703+00:00;P0;10.00
4854;DHT22;3628;6.559;3.386;2026-03-28T19:47:16.030866+00:00;humidity;83.30
4854;DHT22;3628;6.559;3.386;2026-03-28T19:47:16.030866+00:00;temperature;32.00
4853;pms5003;3628;6.559;3.386;2026-03-28T19:52:33.214989+00:00;P2;14.40
4853;pms5003;3628;6.559;3.386;2026-03-28T19:52:33.214989+00:00;P1;16.20
4853;pms5003;3628;6.559;3.386;2026-03-28T19:52:33.214989+00:00;P0;11.00
4854;DHT22;3628;6.559;3.386;2026-03-28T19:58:06.469730+00:00;humidity;84.60
4854;DHT22;3628;6.559;3.386;2026-03-28T19:58:06.469730+00:00;temperature;32.00
4853;pms5003;3628;6.559;3.386;2026-03-28T20:03:26.644072+00:00;P2;12.75
4853;pms5003;3628;6.559;3.386;2026-03-28T20:03:26.644072+00:00;P1;14.75
4853;pms5003;3628;6.559;3.386;2026-03-28T20:03:26.644072+00:00;P0;7.75
4853;pms5003;3628;6.559;3.386;2026-03-28T20:08:50.490350+00:00;P2;17.00
4853;pms5003;3628;6.559;3.386;2026-03-28T20:08:50.490350+00:00;P1;19.00
4853;pms5003;3628;6.559;3.386;2026-03-28T20:08:50.490350+00:00;P0;11.67
4854;DHT22;3628;6.559;3.386;2026-03-28T20:09:07.836056+00:00;humidity;84.90
4854;DHT22;3628;6.559;3.386;2026-03-28T20:09:07.836056+00:00;temperature;32.00
4854;DHT22;3628;6.559;3.386;2026-03-28T20:14:42.369870+00:00;humidity;85.20
4854;DHT22;3628;6.559;3.386;2026-03-28T20:14:42.369870+00:00;temperature;32.00
4853;pms5003;3628;6.559;3.386;2026-03-28T20:19:59.546423+00:00;P2;28.20
4853;pms5003;3628;6.559;3.386;2026-03-28T20:19:59.546423+00:00;P1;31.00
4853;pms5003;3628;6.559;3.386;2026-03-28T20:19:59.546423+00:00;P0;21.20
4854;DHT22;3628;6.559;3.386;2026-03-28T20:20:16.925549+00:00;humidity;85.30
4854;DHT22;3628;6.559;3.386;2026-03-28T20:20:16.925549+00:00;temperature;32.10
4854;DHT22;3628;6.559;3.386;2026-03-28T20:25:40.682635+00:00;humidity;85.00
4854;DHT22;3628;6.559;3.386;2026-03-28T20:25:40.682635+00:00;temperature;32.00
4853;pms5003;3628;6.559;3.386;2026-03-28T20:36:10.783658+00:00;P2;13.20
4853;pms5003;3628;6.559;3.386;2026-03-28T20:36:10.783658+00:00;P1;17.20
4853;pms5003;3628;6.559;3.386;2026-03-28T20:36:10.783658+00:00;P0;6.80
4853;pms5003;3628;6.559;3.386;2026-03-28T20:41:37.695743+00:00;P2;13.25
4853;pms5003;3628;6.559;3.386;2026-03-28T20:41:37.695743+00:00;P1;17.00
4853;pms5003;3628;6.559;3.386;2026-03-28T20:41:37.695743+00:00;P0;9.00
4854;DHT22;3628;6.559;3.386;2026-03-28T20:41:55.083197+00:00;humidity;86.80
4854;DHT22;3628;6.559;3.386;2026-03-28T20:41:55.083197+00:00;temperature;31.20
4853;pms5003;3628;6.559;3.386;2026-03-28T20:47:12.252838+00:00;P2;15.40
4853;pms5003;3628;6.559;3.386;2026-03-28T20:47:12.252838+00:00;P1;31.20
4853;pms5003;3628;6.559;3.386;2026-03-28T20:47:12.252838+00:00;P0;8.20
4854;DHT22;3628;6.559;3.386;2026-03-28T20:47:29.737701+00:00;humidity;87.10
4854;DHT22;3628;6.559;3.386;2026-03-28T20:47:29.737701+00:00;temperature;30.80
4853;pms5003;3628;6.559;3.386;2026-03-28T20:52:46.885155+00:00;P2;9.00
4853;pms5003;3628;6.559;3.386;2026-03-28T20:52:46.885155+00:00;P1;12.00
4853;pms5003;3628;6.559;3.386;2026-03-28T20:52:46.885155+00:00;P0;6.00
4854;DHT22;3628;6.559;3.386;2026-03-28T20:53:04.239505+00:00;humidity;88.00
4854;DHT22;3628;6.559;3.386;2026-03-28T20:53:04.239505+00:00;temperature;30.60
4853;pms5003;3628;6.559;3.386;2026-03-28T20:58:21.403188+00:00;P2;8.40
4853;pms5003;3628;6.559;3.386;2026-03-28T20:58:21.403188+00:00;P1;10.00
4853;pms5003;3628;6.559;3.386;2026-03-28T20:58:21.403188+00:00;P0;4.40
4854;DHT22;3628;6.559;3.386;2026-03-28T21:04:02.496523+00:00;humidity;86.80
4854;DHT22;3628;6.559;3.386;2026-03-28T21:04:02.496523+00:00;temperature;30.40
4853;pms5003;3628;6.559;3.386;2026-03-28T21:09:19.672161+00:00;P2;9.00
4853;pms5003;3628;6.559;3.386;2026-03-28T21:09:19.672161+00:00;P1;12.00
4853;pms5003;3628;6.559;3.386;2026-03-28T21:09:19.672161+00:00;P0;5.00
4853;pms5003;3628;6.559;3.386;2026-03-28T21:14:43.705793+00:00;P2;7.00
4853;pms5003;3628;6.559;3.386;2026-03-28T21:14:43.705793+00:00;P1;14.00
4853;pms5003;3628;6.559;3.386;2026-03-28T21:14:43.705793+00:00;P0;4.50
4854;DHT22;3628;6.559;3.386;2026-03-28T21:15:01.061048+00:00;humidity;88.50
4854;DHT22;3628;6.559;3.386;2026-03-28T21:15:01.061048+00:00;temperature;29.90
4854;DHT22;3628;6.559;3.386;2026-03-28T21:20:27.886389+00:00;humidity;89.00
4854;DHT22;3628;6.559;3.386;2026-03-28T21:20:27.886389+00:00;temperature;30.00
4853;pms5003;3628;6.559;3.386;2026-03-28T21:25:45.077060+00:00;P2;9.60
4853;pms5003;3628;6.559;3.386;2026-03-28T21:25:45.077060+00:00;P1;12.00
4853;pms5003;3628;6.559;3.386;2026-03-28T21:25:45.077060+00:00;P0;4.60
4853;pms5003;3628;6.559;3.386;2026-03-28T21:31:19.687094+00:00;P2;8.00
4853;pms5003;3628;6.559;3.386;2026-03-28T21:31:19.687094+00:00;P1;21.00
4853;pms5003;3628;6.559;3.386;2026-03-28T21:31:19.687094+00:00;P0;4.00
4854;DHT22;3628;6.559;3.386;2026-03-28T21:31:37.057652+00:00;humidity;90.70
4854;DHT22;3628;6.559;3.386;2026-03-28T21:31:37.057652+00:00;temperature;29.80
4853;pms5003;3628;6.559;3.386;2026-03-28T21:36:54.228906+00:00;P2;8.50
4853;pms5003;3628;6.559;3.386;2026-03-28T21:36:54.228906+00:00;P1;14.50
4853;pms5003;3628;6.559;3.386;2026-03-28T21:36:54.228906+00:00;P0;4.00
4854;DHT22;3628;6.559;3.386;2026-03-28T21:37:11.577352+00:00;humidity;90.20
4854;DHT22;3628;6.559;3.386;2026-03-28T21:37:11.577352+00:00;temperature;29.80
4853;pms5003;3628;6.559;3.386;2026-03-28T21:42:28.743199+00:00;P2;8.25
4853;pms5003;3628;6.559;3.386;2026-03-28T21:42:28.743199+00:00;P1;14.25
4853;pms5003;3628;6.559;3.386;2026-03-28T21:42:28.743199+00:00;P0;4.00
4853;pms5003;3628;6.559;3.386;2026-03-28T21:48:03.287057+00:00;P2;8.00
4853;pms5003;3628;6.559;3.386;2026-03-28T21:48:03.287057+00:00;P1;20.00
4853;pms5003;3628;6.559;3.386;2026-03-28T21:48:03.287057+00:00;P0;4.00
4853;pms5003;3628;6.559;3.386;2026-03-28T21:53:37.827619+00:00;P2;8.40
4853;pms5003;3628;6.559;3.386;2026-03-28T21:53:37.827619+00:00;P1;9.60
4853;pms5003;3628;6.559;3.386;2026-03-28T21:53:37.827619+00:00;P0;4.00
4854;DHT22;3628;6.559;3.386;2026-03-28T21:53:55.201940+00:00;humidity;90.70
4854;DHT22;3628;6.559;3.386;2026-03-28T21:53:55.201940+00:00;temperature;29.60
4854;DHT22;3628;6.559;3.386;2026-03-28T21:59:19.308646+00:00;humidity;88.70
4854;DHT22;3628;6.559;3.386;2026-03-28T21:59:19.308646+00:00;temperature;28.50
4853;pms5003;3628;6.559;3.386;2026-03-28T22:04:36.487909+00:00;P2;13.80
4853;pms5003;3628;6.559;3.386;2026-03-28T22:04:36.487909+00:00;P1;18.80
4853;pms5003;3628;6.559;3.386;2026-03-28T22:04:36.487909+00:00;P0;6.80
4854;DHT22;3628;6.559;3.386;2026-03-28T22:04:53.846737+00:00;humidity;100.00
4854;DHT22;3628;6.559;3.386;2026-03-28T22:04:53.846737+00:00;temperature;25.40
4854;DHT22;3628;6.559;3.386;2026-03-28T22:10:17.741315+00:00;humidity;100.00
4854;DHT22;3628;6.559;3.386;2026-03-28T22:10:17.741315+00:00;temperature;24.40
4853;pms5003;3628;6.559;3.386;2026-03-28T22:15:34.916103+00:00;P2;8.00
4853;pms5003;3628;6.559;3.386;2026-03-28T22:15:34.916103+00:00;P1;9.25
4853;pms5003;3628;6.559;3.386;2026-03-28T22:15:34.916103+00:00;P0;3.00
4854;DHT22;3628;6.559;3.386;2026-03-28T22:15:52.274046+00:00;humidity;100.00
4854;DHT22;3628;6.559;3.386;2026-03-28T22:15:52.274046+00:00;temperature;24.10
4853;pms5003;3628;6.559;3.386;2026-03-28T22:21:09.446249+00:00;P2;5.00
4853;pms5003;3628;6.559;3.386;2026-03-28T22:21:09.446249+00:00;P1;9.75
4853;pms5003;3628;6.559;3.386;2026-03-28T22:21:09.446249+00:00;P0;3.00
4854;DHT22;3628;6.559;3.386;2026-03-28T22:21:26.812960+00:00;humidity;100.00
4854;DHT22;3628;6.559;3.386;2026-03-28T22:21:26.812960+00:00;temperature;24.20
4853;pms5003;3628;6.559;3.386;2026-03-28T22:26:44.093289+00:00;P2;5.00
4853;pms5003;3628;6.559;3.386;2026-03-28T22:26:44.093289+00:00;P1;7.00
4853;pms5003;3628;6.559;3.386;2026-03-28T22:26:44.093289+00:00;P0;2.00
4853;pms5003;3628;6.559;3.386;2026-03-28T22:37:21.637049+00:00;P2;6.80
4853;pms5003;3628;6.559;3.386;2026-03-28T22:37:21.637049+00:00;P1;11.20
4853;pms5003;3628;6.559;3.386;2026-03-28T22:37:21.637049+00:00;P0;3.80
4854;DHT22;3628;6.559;3.386;2026-03-28T22:37:39.105717+00:00;humidity;100.00
4854;DHT22;3628;6.559;3.386;2026-03-28T22:37:39.105717+00:00;temperature;24.60
4853;pms5003;3628;6.559;3.386;2026-03-28T22:42:56.283127+00:00;P2;2.25
4853;pms5003;3628;6.559;3.386;2026-03-28T22:42:56.283127+00:00;P1;3.75
4853;pms5003;3628;6.559;3.386;2026-03-28T22:42:56.283127+00:00;P0;1.75
4854;DHT22;3628;6.559;3.386;2026-03-28T22:43:13.767792+00:00;humidity;100.00
4854;DHT22;3628;6.559;3.386;2026-03-28T22:43:13.767792+00:00;temperature;24.70
4853;pms5003;3628;6.559;3.386;2026-03-28T22:48:30.981656+00:00;P2;4.20
4853;pms5003;3628;6.559;3.386;2026-03-28T22:48:30.981656+00:00;P1;5.40
4853;pms5003;3628;6.559;3.386;2026-03-28T22:48:30.981656+00:00;P0;1.40
4854;DHT22;3628;6.559;3.386;2026-03-28T22:48:48.387743+00:00;humidity;100.00
4854;DHT22;3628;6.559;3.386;2026-03-28T22:48:48.387743+00:00;temperature;24.90
4853;pms5003;3628;6.559;3.386;2026-03-28T22:54:05.521611+00:00;P2;4.40
4853;pms5003;3628;6.559;3.386;2026-03-28T22:54:05.521611+00:00;P1;6.00
4853;pms5003;3628;6.559;3.386;2026-03-28T22:54:05.521611+00:00;P0;2.80
4854;DHT22;3628;6.559;3.386;2026-03-28T22:54:22.889708+00:00;humidity;100.00
4854;DHT22;3628;6.559;3.386;2026-03-28T22:54:22.889708+00:00;temperature;25.20
4854;DHT22;3628;6.559;3.386;2026-03-28T22:59:46.647023+00:00;humidity;100.00
4854;DHT22;3628;6.559;3.386;2026-03-28T22:59:46.647023+00:00;temperature;25.30
4853;pms5003;3628;6.559;3.386;2026-03-28T23:05:03.832464+00:00;P2;5.00
4853;pms5003;3628;6.559;3.386;2026-03-28T23:05:03.832464+00:00;P1;8.60
4853;pms5003;3628;6.559;3.386;2026-03-28T23:05:03.832464+00:00;P0;3.00
4854;DHT22;3628;6.559;3.386;2026-03-28T23:05:21.317149+00:00;humidity;100.00
4854;DHT22;3628;6.559;3.386;2026-03-28T23:05:21.317149+00:00;temperature;25.20
4853;pms5003;3628;6.559;3.386;2026-03-28T23:10:38.469660+00:00;P2;6.00
4853;pms5003;3628;6.559;3.386;2026-03-28T23:10:38.469660+00:00;P1;7.00
4853;pms5003;3628;6.559;3.386;2026-03-28T23:10:38.469660+00:00;P0;3.00
4854;DHT22;3628;6.559;3.386;2026-03-28T23:10:55.860459+00:00;humidity;100.00
4854;DHT22;3628;6.559;3.386;2026-03-28T23:10:55.860459+00:00;temperature;25.20
4853;pms5003;3628;6.559;3.386;2026-03-29T05:47:50.012604+00:00;P2;23.80
4853;pms5003;3628;6.559;3.386;2026-03-29T05:47:50.012604+00:00;P1;39.00
4853;pms5003;3628;6.559;3.386;2026-03-29T05:47:50.012604+00:00;P0;15.40
4854;DHT22;3628;6.559;3.386;2026-03-29T05:53:31.179892+00:00;humidity;100.00
4854;DHT22;3628;6.559;3.386;2026-03-29T05:53:31.179892+00:00;temperature;25.50
4853;pms5003;3628;6.559;3.386;2026-03-29T10:16:42.862045+00:00;P2;42.60
4853;pms5003;3628;6.559;3.386;2026-03-29T10:16:42.862045+00:00;P1;56.20
4853;pms5003;3628;6.559;3.386;2026-03-29T10:16:42.862045+00:00;P0;28.40
4854;DHT22;3628;6.559;3.386;2026-03-29T10:17:00.387226+00:00;humidity;77.40
4854;DHT22;3628;6.559;3.386;2026-03-29T10:17:00.387226+00:00;temperature;31.90
4853;pms5003;3628;6.559;3.386;2026-03-29T10:22:17.382314+00:00;P2;49.50
4853;pms5003;3628;6.559;3.386;2026-03-29T10:22:17.382314+00:00;P1;64.50
4853;pms5003;3628;6.559;3.386;2026-03-29T10:22:17.382314+00:00;P0;33.00
4853;pms5003;3628;6.559;3.386;2026-03-29T10:27:41.180499+00:00;P2;46.00
4853;pms5003;3628;6.559;3.386;2026-03-29T10:27:41.180499+00:00;P1;65.50
4853;pms5003;3628;6.559;3.386;2026-03-29T10:27:41.180499+00:00;P0;29.50
4854;DHT22;3628;6.559;3.386;2026-03-29T10:27:58.520110+00:00;humidity;69.60
4854;DHT22;3628;6.559;3.386;2026-03-29T10:27:58.520110+00:00;temperature;34.40
4853;pms5003;3628;6.559;3.386;2026-03-29T10:33:15.692909+00:00;P2;39.50
4853;pms5003;3628;6.559;3.386;2026-03-29T10:33:15.692909+00:00;P1;48.50
4853;pms5003;3628;6.559;3.386;2026-03-29T10:33:15.692909+00:00;P0;27.50
4854;DHT22;3628;6.559;3.386;2026-03-29T10:39:00.288481+00:00;humidity;61.70
4854;DHT22;3628;6.559;3.386;2026-03-29T10:39:00.288481+00:00;temperature;36.90
4853;pms5003;3628;6.559;3.386;2026-03-29T10:44:17.340953+00:00;P2;37.50
4853;pms5003;3628;6.559;3.386;2026-03-29T10:44:17.340953+00:00;P1;52.75
4853;pms5003;3628;6.559;3.386;2026-03-29T10:44:17.340953+00:00;P0;25.50
4853;pms5003;3628;6.559;3.386;2026-03-29T10:49:41.119052+00:00;P2;27.75
4853;pms5003;3628;6.559;3.386;2026-03-29T10:49:41.119052+00:00;P1;36.00
4853;pms5003;3628;6.559;3.386;2026-03-29T10:49:41.119052+00:00;P0;17.00
4853;pms5003;3628;6.559;3.386;2026-03-29T10:55:05.240927+00:00;P2;28.25
4853;pms5003;3628;6.559;3.386;2026-03-29T10:55:05.240927+00:00;P1;46.75
4853;pms5003;3628;6.559;3.386;2026-03-29T10:55:05.240927+00:00;P0;18.25
4854;DHT22;3628;6.559;3.386;2026-03-29T10:55:22.581001+00:00;humidity;53.90
4854;DHT22;3628;6.559;3.386;2026-03-29T10:55:22.581001+00:00;temperature;38.50
4854;DHT22;3628;6.559;3.386;2026-03-29T11:00:49.216706+00:00;humidity;54.80
4854;DHT22;3628;6.559;3.386;2026-03-29T11:00:49.216706+00:00;temperature;37.90
4854;DHT22;3628;6.559;3.386;2026-03-29T11:06:12.929040+00:00;humidity;55.00
4854;DHT22;3628;6.559;3.386;2026-03-29T11:06:12.929040+00:00;temperature;38.00
4853;pms5003;3628;6.559;3.386;2026-03-29T11:11:30.141127+00:00;P2;32.00
4853;pms5003;3628;6.559;3.386;2026-03-29T11:11:30.141127+00:00;P1;48.25
4853;pms5003;3628;6.559;3.386;2026-03-29T11:11:30.141127+00:00;P0;22.00
4854;DHT22;3628;6.559;3.386;2026-03-29T11:11:47.477044+00:00;humidity;54.30
4854;DHT22;3628;6.559;3.386;2026-03-29T11:11:47.477044+00:00;temperature;38.50
4854;DHT22;3628;6.559;3.386;2026-03-29T11:17:11.202514+00:00;humidity;52.80
4854;DHT22;3628;6.559;3.386;2026-03-29T11:17:11.202514+00:00;temperature;40.10
4853;pms5003;3628;6.559;3.386;2026-03-29T11:22:55.047776+00:00;P2;36.67
4853;pms5003;3628;6.559;3.386;2026-03-29T11:22:55.047776+00:00;P1;46.67
4853;pms5003;3628;6.559;3.386;2026-03-29T11:22:55.047776+00:00;P0;25.00
4853;pms5003;3628;6.559;3.386;2026-03-29T11:33:06.118849+00:00;P2;25.00
4853;pms5003;3628;6.559;3.386;2026-03-29T11:33:06.118849+00:00;P1;35.40
4853;pms5003;3628;6.559;3.386;2026-03-29T11:33:06.118849+00:00;P0;17.00
4853;pms5003;3628;6.559;3.386;2026-03-29T11:38:29.861597+00:00;P2;23.00
4853;pms5003;3628;6.559;3.386;2026-03-29T11:38:29.861597+00:00;P1;37.25
4853;pms5003;3628;6.559;3.386;2026-03-29T11:38:29.861597+00:00;P0;15.50
4854;DHT22;3628;6.559;3.386;2026-03-29T11:44:14.199118+00:00;humidity;48.70
4854;DHT22;3628;6.559;3.386;2026-03-29T11:44:14.199118+00:00;temperature;41.30
4853;pms5003;3628;6.559;3.386;2026-03-29T11:49:31.371997+00:00;P2;21.20
4853;pms5003;3628;6.559;3.386;2026-03-29T11:49:31.371997+00:00;P1;24.60
4853;pms5003;3628;6.559;3.386;2026-03-29T11:49:31.371997+00:00;P0;14.00
4853;pms5003;3628;6.559;3.386;2026-03-29T11:54:55.143853+00:00;P2;14.00
4853;pms5003;3628;6.559;3.386;2026-03-29T11:54:55.143853+00:00;P1;17.40
4853;pms5003;3628;6.559;3.386;2026-03-29T11:54:55.143853+00:00;P0;9.00
4854;DHT22;3628;6.559;3.386;2026-03-29T11:55:12.557529+00:00;humidity;47.80
4854;DHT22;3628;6.559;3.386;2026-03-29T11:55:12.557529+00:00;temperature;41.10
4853;pms5003;3628;6.559;3.386;2026-03-29T12:00:29.889908+00:00;P2;18.00
4853;pms5003;3628;6.559;3.386;2026-03-29T12:00:29.889908+00:00;P1;25.00
4853;pms5003;3628;6.559;3.386;2026-03-29T12:00:29.889908+00:00;P0;12.00
4854;DHT22;3628;6.559;3.386;2026-03-29T12:00:47.267031+00:00;humidity;46.50
4854;DHT22;3628;6.559;3.386;2026-03-29T12:00:47.267031+00:00;temperature;40.90
4854;DHT22;3628;6.559;3.386;2026-03-29T12:06:11.092466+00:00;humidity;46.80
4854;DHT22;3628;6.559;3.386;2026-03-29T12:06:11.092466+00:00;temperature;41.00
4853;pms5003;3628;6.559;3.386;2026-03-29T12:11:28.282817+00:00;P2;24.33
4853;pms5003;3628;6.559;3.386;2026-03-29T12:11:28.282817+00:00;P1;36.00
4853;pms5003;3628;6.559;3.386;2026-03-29T12:11:28.282817+00:00;P0;16.00
4854;DHT22;3628;6.559;3.386;2026-03-29T12:11:45.726245+00:00;humidity;48.80
4854;DHT22;3628;6.559;3.386;2026-03-29T12:11:45.726245+00:00;temperature;40.40
4854;DHT22;3628;6.559;3.386;2026-03-29T12:22:51.202058+00:00;humidity;49.10
4854;DHT22;3628;6.559;3.386;2026-03-29T12:22:51.202058+00:00;temperature;39.90
4853;pms5003;3628;6.559;3.386;2026-03-29T12:28:04.262598+00:00;P2;21.00
4853;pms5003;3628;6.559;3.386;2026-03-29T12:28:04.262598+00:00;P1;32.20
4853;pms5003;3628;6.559;3.386;2026-03-29T12:28:04.262598+00:00;P0;14.60
4854;DHT22;3628;6.559;3.386;2026-03-29T12:33:47.940237+00:00;humidity;49.20
4854;DHT22;3628;6.559;3.386;2026-03-29T12:33:47.940237+00:00;temperature;39.90
4853;pms5003;3628;6.559;3.386;2026-03-29T12:39:05.175286+00:00;P2;20.40
4853;pms5003;3628;6.559;3.386;2026-03-29T12:39:05.175286+00:00;P1;26.80
4853;pms5003;3628;6.559;3.386;2026-03-29T12:39:05.175286+00:00;P0;14.40
4854;DHT22;3628;6.559;3.386;2026-03-29T12:39:22.569294+00:00;humidity;48.40
4854;DHT22;3628;6.559;3.386;2026-03-29T12:39:22.569294+00:00;temperature;39.90
4853;pms5003;3628;6.559;3.386;2026-03-29T12:44:39.777962+00:00;P2;23.00
4853;pms5003;3628;6.559;3.386;2026-03-29T12:44:39.777962+00:00;P1;30.60
4853;pms5003;3628;6.559;3.386;2026-03-29T12:44:39.777962+00:00;P0;15.60
4854;DHT22;3628;6.559;3.386;2026-03-29T12:44:57.104305+00:00;humidity;47.30
4854;DHT22;3628;6.559;3.386;2026-03-29T12:44:57.104305+00:00;temperature;41.10
4854;DHT22;3628;6.559;3.386;2026-03-29T12:50:21.306221+00:00;humidity;45.80
4854;DHT22;3628;6.559;3.386;2026-03-29T12:50:21.306221+00:00;temperature;42.50
4853;pms5003;3628;6.559;3.386;2026-03-29T12:55:38.466755+00:00;P2;18.20
4853;pms5003;3628;6.559;3.386;2026-03-29T12:55:38.466755+00:00;P1;29.20
4853;pms5003;3628;6.559;3.386;2026-03-29T12:55:38.466755+00:00;P0;13.00
4854;DHT22;3628;6.559;3.386;2026-03-29T12:55:55.937576+00:00;humidity;44.70
4854;DHT22;3628;6.559;3.386;2026-03-29T12:55:55.937576+00:00;temperature;43.10
4854;DHT22;3628;6.559;3.386;2026-03-29T13:01:19.740165+00:00;humidity;45.40
4854;DHT22;3628;6.559;3.386;2026-03-29T13:01:19.740165+00:00;temperature;43.40
4854;DHT22;3628;6.559;3.386;2026-03-29T13:06:43.579736+00:00;humidity;46.20
4854;DHT22;3628;6.559;3.386;2026-03-29T13:06:43.579736+00:00;temperature;42.20
4854;DHT22;3628;6.559;3.386;2026-03-29T13:12:07.808757+00:00;humidity;47.20
4854;DHT22;3628;6.559;3.386;2026-03-29T13:12:07.808757+00:00;temperature;41.70
4853;pms5003;3628;6.559;3.386;2026-03-29T13:17:24.996471+00:00;P2;35.75
4853;pms5003;3628;6.559;3.386;2026-03-29T13:17:24.996471+00:00;P1;51.50
4853;pms5003;3628;6.559;3.386;2026-03-29T13:17:24.996471+00:00;P0;24.25
4854;DHT22;3628;6.559;3.386;2026-03-29T13:17:42.340991+00:00;humidity;49.80
4854;DHT22;3628;6.559;3.386;2026-03-29T13:17:42.340991+00:00;temperature;40.30
4853;pms5003;3628;6.559;3.386;2026-03-29T13:22:59.550362+00:00;P2;32.00
4853;pms5003;3628;6.559;3.386;2026-03-29T13:22:59.550362+00:00;P1;48.50
4853;pms5003;3628;6.559;3.386;2026-03-29T13:22:59.550362+00:00;P0;22.00
4854;DHT22;3628;6.559;3.386;2026-03-29T13:23:16.908326+00:00;humidity;50.80
4854;DHT22;3628;6.559;3.386;2026-03-29T13:23:16.908326+00:00;temperature;39.80
4854;DHT22;3628;6.559;3.386;2026-03-29T13:28:51.513963+00:00;humidity;54.10
4854;DHT22;3628;6.559;3.386;2026-03-29T13:28:51.513963+00:00;temperature;37.70
4853;pms5003;3628;6.559;3.386;2026-03-29T13:34:38.335224+00:00;P2;33.80
4853;pms5003;3628;6.559;3.386;2026-03-29T13:34:38.335224+00:00;P1;50.00
4853;pms5003;3628;6.559;3.386;2026-03-29T13:34:38.335224+00:00;P0;23.00
4854;DHT22;3628;6.559;3.386;2026-03-29T13:45:15.324221+00:00;humidity;56.90
4854;DHT22;3628;6.559;3.386;2026-03-29T13:45:15.324221+00:00;temperature;36.40
4853;pms5003;3628;6.559;3.386;2026-03-29T13:50:32.605224+00:00;P2;35.00
4853;pms5003;3628;6.559;3.386;2026-03-29T13:50:32.605224+00:00;P1;46.50
4853;pms5003;3628;6.559;3.386;2026-03-29T13:50:32.605224+00:00;P0;23.50
4854;DHT22;3628;6.559;3.386;2026-03-29T13:50:49.993035+00:00;humidity;57.50
4854;DHT22;3628;6.559;3.386;2026-03-29T13:50:49.993035+00:00;temperature;36.30
4853;pms5003;3628;6.559;3.386;2026-03-29T13:56:07.351314+00:00;P2;36.33
4853;pms5003;3628;6.559;3.386;2026-03-29T13:56:07.351314+00:00;P1;51.67
4853;pms5003;3628;6.559;3.386;2026-03-29T13:56:07.351314+00:00;P0;24.67
4854;DHT22;3628;6.559;3.386;2026-03-29T13:56:24.476554+00:00;humidity;59.30
4854;DHT22;3628;6.559;3.386;2026-03-29T13:56:24.476554+00:00;temperature;35.70
4853;pms5003;3628;6.559;3.386;2026-03-29T14:07:05.898421+00:00;P2;35.00
4853;pms5003;3628;6.559;3.386;2026-03-29T14:07:05.898421+00:00;P1;46.50
4853;pms5003;3628;6.559;3.386;2026-03-29T14:07:05.898421+00:00;P0;24.00
4854;DHT22;3628;6.559;3.386;2026-03-29T14:07:23.383067+00:00;humidity;62.60
4854;DHT22;3628;6.559;3.386;2026-03-29T14:07:23.383067+00:00;temperature;34.80
4854;DHT22;3628;6.559;3.386;2026-03-29T14:12:47.120431+00:00;humidity;62.10
4854;DHT22;3628;6.559;3.386;2026-03-29T14:12:47.120431+00:00;temperature;35.40
4853;pms5003;3628;6.559;3.386;2026-03-29T14:18:04.290765+00:00;P2;36.00
4853;pms5003;3628;6.559;3.386;2026-03-29T14:18:04.290765+00:00;P1;50.80
4853;pms5003;3628;6.559;3.386;2026-03-29T14:18:04.290765+00:00;P0;25.80
4853;pms5003;3628;6.559;3.386;2026-03-29T14:23:28.068220+00:00;P2;41.00
4853;pms5003;3628;6.559;3.386;2026-03-29T14:23:28.068220+00:00;P1;57.25
4853;pms5003;3628;6.559;3.386;2026-03-29T14:23:28.068220+00:00;P0;26.75
4854;DHT22;3628;6.559;3.386;2026-03-29T14:28:58.688172+00:00;humidity;62.90
4854;DHT22;3628;6.559;3.386;2026-03-29T14:28:58.688172+00:00;temperature;35.20
4853;pms5003;3628;6.559;3.386;2026-03-29T14:39:32.208198+00:00;P2;30.00
4853;pms5003;3628;6.559;3.386;2026-03-29T14:39:32.208198+00:00;P1;33.50
4853;pms5003;3628;6.559;3.386;2026-03-29T14:39:32.208198+00:00;P0;20.75
4854;DHT22;3628;6.559;3.386;2026-03-29T14:39:49.548242+00:00;humidity;63.50
4854;DHT22;3628;6.559;3.386;2026-03-29T14:39:49.548242+00:00;temperature;35.30
4853;pms5003;3628;6.559;3.386;2026-03-29T14:45:06.781166+00:00;P2;27.00
4853;pms5003;3628;6.559;3.386;2026-03-29T14:45:06.781166+00:00;P1;33.75
4853;pms5003;3628;6.559;3.386;2026-03-29T14:45:06.781166+00:00;P0;18.75
4854;DHT22;3628;6.559;3.386;2026-03-29T14:45:24.121804+00:00;humidity;63.20
4854;DHT22;3628;6.559;3.386;2026-03-29T14:45:24.121804+00:00;temperature;35.40
4854;DHT22;3628;6.559;3.386;2026-03-29T14:56:01.392267+00:00;humidity;63.70
4854;DHT22;3628;6.559;3.386;2026-03-29T14:56:01.392267+00:00;temperature;35.00
4853;pms5003;3628;6.559;3.386;2026-03-29T15:01:18.566373+00:00;P2;31.50
4853;pms5003;3628;6.559;3.386;2026-03-29T15:01:18.566373+00:00;P1;36.50
4853;pms5003;3628;6.559;3.386;2026-03-29T15:01:18.566373+00:00;P0;20.00
4854;DHT22;3628;6.559;3.386;2026-03-29T15:01:35.927675+00:00;humidity;64.80
4854;DHT22;3628;6.559;3.386;2026-03-29T15:01:35.927675+00:00;temperature;34.70
4853;pms5003;3628;6.559;3.386;2026-03-29T15:06:53.087844+00:00;P2;31.80
4853;pms5003;3628;6.559;3.386;2026-03-29T15:06:53.087844+00:00;P1;45.00
4853;pms5003;3628;6.559;3.386;2026-03-29T15:06:53.087844+00:00;P0;21.60
4854;DHT22;3628;6.559;3.386;2026-03-29T15:07:10.523437+00:00;humidity;65.20
4854;DHT22;3628;6.559;3.386;2026-03-29T15:07:10.523437+00:00;temperature;34.90
4853;pms5003;3628;6.559;3.386;2026-03-29T15:12:27.629120+00:00;P2;26.00
4853;pms5003;3628;6.559;3.386;2026-03-29T15:12:27.629120+00:00;P1;44.50
4853;pms5003;3628;6.559;3.386;2026-03-29T15:12:27.629120+00:00;P0;17.50
4854;DHT22;3628;6.559;3.386;2026-03-29T15:12:44.998391+00:00;humidity;66.30
4854;DHT22;3628;6.559;3.386;2026-03-29T15:12:44.998391+00:00;temperature;34.70
4853;pms5003;3628;6.559;3.386;2026-03-29T15:18:02.394162+00:00;P2;24.00
4853;pms5003;3628;6.559;3.386;2026-03-29T15:18:02.394162+00:00;P1;28.50
4853;pms5003;3628;6.559;3.386;2026-03-29T15:18:02.394162+00:00;P0;17.75
4853;pms5003;3628;6.559;3.386;2026-03-29T15:23:39.859760+00:00;P2;19.50
4853;pms5003;3628;6.559;3.386;2026-03-29T15:23:39.859760+00:00;P1;21.00
4853;pms5003;3628;6.559;3.386;2026-03-29T15:23:39.859760+00:00;P0;13.00
4854;DHT22;3628;6.559;3.386;2026-03-29T15:23:57.236928+00:00;humidity;65.70
4854;DHT22;3628;6.559;3.386;2026-03-29T15:23:57.236928+00:00;temperature;34.80
4853;pms5003;3628;6.559;3.386;2026-03-29T15:29:14.403299+00:00;P2;21.50
4853;pms5003;3628;6.559;3.386;2026-03-29T15:29:14.403299+00:00;P1;25.50
4853;pms5003;3628;6.559;3.386;2026-03-29T15:29:14.403299+00:00;P0;13.75
4853;pms5003;3628;6.559;3.386;2026-03-29T15:34:41.224623+00:00;P2;19.00
4853;pms5003;3628;6.559;3.386;2026-03-29T15:34:41.224623+00:00;P1;24.00
4853;pms5003;3628;6.559;3.386;2026-03-29T15:34:41.224623+00:00;P0;13.60
4854;DHT22;3628;6.559;3.386;2026-03-29T15:34:58.576250+00:00;humidity;65.30
4854;DHT22;3628;6.559;3.386;2026-03-29T15:34:58.576250+00:00;temperature;34.70
4853;pms5003;3628;6.559;3.386;2026-03-29T15:40:35.708249+00:00;P2;23.25
4853;pms5003;3628;6.559;3.386;2026-03-29T15:40:35.708249+00:00;P1;31.25
4853;pms5003;3628;6.559;3.386;2026-03-29T15:40:35.708249+00:00;P0;16.50
4854;DHT22;3628;6.559;3.386;2026-03-29T15:47:03.975056+00:00;humidity;66.20
4854;DHT22;3628;6.559;3.386;2026-03-29T15:47:03.975056+00:00;temperature;34.70
4853;pms5003;3628;6.559;3.386;2026-03-29T15:51:04.109934+00:00;P2;21.00
4853;pms5003;3628;6.559;3.386;2026-03-29T15:51:04.109934+00:00;P1;24.50
4853;pms5003;3628;6.559;3.386;2026-03-29T15:51:04.109934+00:00;P0;16.00
4854;DHT22;3628;6.559;3.386;2026-03-29T15:51:21.458657+00:00;humidity;65.90
4854;DHT22;3628;6.559;3.386;2026-03-29T15:51:21.458657+00:00;temperature;34.90
4853;pms5003;3628;6.559;3.386;2026-03-29T15:56:38.752878+00:00;P2;23.00
4853;pms5003;3628;6.559;3.386;2026-03-29T15:56:38.752878+00:00;P1;25.80
4853;pms5003;3628;6.559;3.386;2026-03-29T15:56:38.752878+00:00;P0;16.60
4854;DHT22;3628;6.559;3.386;2026-03-29T15:56:56.144956+00:00;humidity;66.10
4854;DHT22;3628;6.559;3.386;2026-03-29T15:56:56.144956+00:00;temperature;34.80
4853;pms5003;3628;6.559;3.386;2026-03-29T16:02:13.338622+00:00;P2;23.20
4853;pms5003;3628;6.559;3.386;2026-03-29T16:02:13.338622+00:00;P1;29.60
4853;pms5003;3628;6.559;3.386;2026-03-29T16:02:13.338622+00:00;P0;15.80
4854;DHT22;3628;6.559;3.386;2026-03-29T16:07:54.629581+00:00;humidity;66.40
4854;DHT22;3628;6.559;3.386;2026-03-29T16:07:54.629581+00:00;temperature;34.60
4853;pms5003;3628;6.559;3.386;2026-03-29T16:13:11.798146+00:00;P2;20.00
4853;pms5003;3628;6.559;3.386;2026-03-29T16:13:11.798146+00:00;P1;22.50
4853;pms5003;3628;6.559;3.386;2026-03-29T16:13:11.798146+00:00;P0;14.00
4854;DHT22;3628;6.559;3.386;2026-03-29T16:13:29.125005+00:00;humidity;67.00
4854;DHT22;3628;6.559;3.386;2026-03-29T16:13:29.125005+00:00;temperature;34.50
4853;pms5003;3628;6.559;3.386;2026-03-29T16:19:03.887563+00:00;P2;22.00
4853;pms5003;3628;6.559;3.386;2026-03-29T16:19:03.887563+00:00;P1;30.25
4853;pms5003;3628;6.559;3.386;2026-03-29T16:19:03.887563+00:00;P0;15.50
4854;DHT22;3628;6.559;3.386;2026-03-29T16:24:17.449783+00:00;humidity;67.00
4854;DHT22;3628;6.559;3.386;2026-03-29T16:24:17.449783+00:00;temperature;34.50
4854;DHT22;3628;6.559;3.386;2026-03-29T16:29:44.398203+00:00;humidity;67.30
4854;DHT22;3628;6.559;3.386;2026-03-29T16:29:44.398203+00:00;temperature;34.40
4853;pms5003;3628;6.559;3.386;2026-03-29T16:35:01.564524+00:00;P2;20.75
4853;pms5003;3628;6.559;3.386;2026-03-29T16:35:01.564524+00:00;P1;24.75
4853;pms5003;3628;6.559;3.386;2026-03-29T16:35:01.564524+00:00;P0;14.00
4854;DHT22;3628;6.559;3.386;2026-03-29T16:35:18.969507+00:00;humidity;66.90
4854;DHT22;3628;6.559;3.386;2026-03-29T16:35:18.969507+00:00;temperature;34.40
4853;pms5003;3628;6.559;3.386;2026-03-29T16:40:36.167317+00:00;P2;15.00
4853;pms5003;3628;6.559;3.386;2026-03-29T16:40:36.167317+00:00;P1;18.50
4853;pms5003;3628;6.559;3.386;2026-03-29T16:40:36.167317+00:00;P0;9.00
4853;pms5003;3628;6.559;3.386;2026-03-29T16:46:00.406133+00:00;P2;20.33
4853;pms5003;3628;6.559;3.386;2026-03-29T16:46:00.406133+00:00;P1;24.00
4853;pms5003;3628;6.559;3.386;2026-03-29T16:46:00.406133+00:00;P0;13.00
4854;DHT22;3628;6.559;3.386;2026-03-29T16:46:17.749600+00:00;humidity;66.70
4854;DHT22;3628;6.559;3.386;2026-03-29T16:46:17.749600+00:00;temperature;34.10
4854;DHT22;3628;6.559;3.386;2026-03-29T16:51:41.597460+00:00;humidity;66.80
4854;DHT22;3628;6.559;3.386;2026-03-29T16:51:41.597460+00:00;temperature;34.10
4853;pms5003;3628;6.559;3.386;2026-03-29T16:57:34.912964+00:00;P2;13.00
4853;pms5003;3628;6.559;3.386;2026-03-29T16:57:34.912964+00:00;P1;13.00
4853;pms5003;3628;6.559;3.386;2026-03-29T16:57:34.912964+00:00;P0;8.50
4854;DHT22;3628;6.559;3.386;2026-03-29T17:02:40.380820+00:00;humidity;63.90
4854;DHT22;3628;6.559;3.386;2026-03-29T17:02:40.380820+00:00;temperature;34.00
4854;DHT22;3628;6.559;3.386;2026-03-29T17:08:04.355188+00:00;humidity;64.30
4854;DHT22;3628;6.559;3.386;2026-03-29T17:08:04.355188+00:00;temperature;34.10
4854;DHT22;3628;6.559;3.386;2026-03-29T17:13:38.213256+00:00;humidity;63.40
4854;DHT22;3628;6.559;3.386;2026-03-29T17:13:38.213256+00:00;temperature;33.90
4853;pms5003;3628;6.559;3.386;2026-03-29T17:18:48.198749+00:00;P2;17.60
4853;pms5003;3628;6.559;3.386;2026-03-29T17:18:48.198749+00:00;P1;24.80
4853;pms5003;3628;6.559;3.386;2026-03-29T17:18:48.198749+00:00;P0;11.00
4854;DHT22;3628;6.559;3.386;2026-03-29T17:19:05.610156+00:00;humidity;63.70
4854;DHT22;3628;6.559;3.386;2026-03-29T17:19:05.610156+00:00;temperature;33.90
4853;pms5003;3628;6.559;3.386;2026-03-29T17:24:22.829030+00:00;P2;17.25
4853;pms5003;3628;6.559;3.386;2026-03-29T17:24:22.829030+00:00;P1;28.25
4853;pms5003;3628;6.559;3.386;2026-03-29T17:24:22.829030+00:00;P0;11.25
4853;pms5003;3628;6.559;3.386;2026-03-29T17:29:49.533716+00:00;P2;20.00
4853;pms5003;3628;6.559;3.386;2026-03-29T17:29:49.533716+00:00;P1;21.00
4853;pms5003;3628;6.559;3.386;2026-03-29T17:29:49.533716+00:00;P0;14.00
4853;pms5003;3628;6.559;3.386;2026-03-29T17:35:13.426429+00:00;P2;26.00
4853;pms5003;3628;6.559;3.386;2026-03-29T17:35:13.426429+00:00;P1;40.00
4853;pms5003;3628;6.559;3.386;2026-03-29T17:35:13.426429+00:00;P0;17.33
4853;pms5003;3628;6.559;3.386;2026-03-29T17:40:37.463764+00:00;P2;30.00
4853;pms5003;3628;6.559;3.386;2026-03-29T17:40:37.463764+00:00;P1;44.75
4853;pms5003;3628;6.559;3.386;2026-03-29T17:40:37.463764+00:00;P0;19.00
4854;DHT22;3628;6.559;3.386;2026-03-29T17:46:07.969195+00:00;humidity;66.60
4854;DHT22;3628;6.559;3.386;2026-03-29T17:46:07.969195+00:00;temperature;33.30
4853;pms5003;3628;6.559;3.386;2026-03-29T17:51:25.089588+00:00;P2;22.50
4853;pms5003;3628;6.559;3.386;2026-03-29T17:51:25.089588+00:00;P1;25.50
4853;pms5003;3628;6.559;3.386;2026-03-29T17:51:25.089588+00:00;P0;17.00
4854;DHT22;3628;6.559;3.386;2026-03-29T17:57:06.702387+00:00;humidity;67.80
4854;DHT22;3628;6.559;3.386;2026-03-29T17:57:06.702387+00:00;temperature;32.90
4854;DHT22;3628;6.559;3.386;2026-03-29T18:02:41.378618+00:00;humidity;68.60
4854;DHT22;3628;6.559;3.386;2026-03-29T18:02:41.378618+00:00;temperature;32.80
4853;pms5003;3628;6.559;3.386;2026-03-29T18:07:58.507753+00:00;P2;25.00
4853;pms5003;3628;6.559;3.386;2026-03-29T18:07:58.507753+00:00;P1;28.00
4853;pms5003;3628;6.559;3.386;2026-03-29T18:07:58.507753+00:00;P0;16.00
4853;pms5003;3628;6.559;3.386;2026-03-29T18:13:22.238158+00:00;P2;26.25
4853;pms5003;3628;6.559;3.386;2026-03-29T18:13:22.238158+00:00;P1;37.75
4853;pms5003;3628;6.559;3.386;2026-03-29T18:13:22.238158+00:00;P0;16.00
4854;DHT22;3628;6.559;3.386;2026-03-29T18:13:39.668289+00:00;humidity;70.70
4854;DHT22;3628;6.559;3.386;2026-03-29T18:13:39.668289+00:00;temperature;32.50
4853;pms5003;3628;6.559;3.386;2026-03-29T18:19:05.817424+00:00;P2;24.00
4853;pms5003;3628;6.559;3.386;2026-03-29T18:19:05.817424+00:00;P1;30.00
4853;pms5003;3628;6.559;3.386;2026-03-29T18:19:05.817424+00:00;P0;18.50
4854;DHT22;3628;6.559;3.386;2026-03-29T18:35:51.324680+00:00;humidity;72.90
4854;DHT22;3628;6.559;3.386;2026-03-29T18:35:51.324680+00:00;temperature;32.20
4853;pms5003;3628;6.559;3.386;2026-03-29T18:41:08.507961+00:00;P2;47.00
4853;pms5003;3628;6.559;3.386;2026-03-29T18:41:08.507961+00:00;P1;65.25
4853;pms5003;3628;6.559;3.386;2026-03-29T18:41:08.507961+00:00;P0;29.00
4854;DHT22;3628;6.559;3.386;2026-03-29T18:41:31.758840+00:00;humidity;73.40
4854;DHT22;3628;6.559;3.386;2026-03-29T18:41:31.758840+00:00;temperature;32.00
4853;pms5003;3628;6.559;3.386;2026-03-29T18:47:04.256149+00:00;P2;36.50
4853;pms5003;3628;6.559;3.386;2026-03-29T18:47:04.256149+00:00;P1;48.75
4853;pms5003;3628;6.559;3.386;2026-03-29T18:47:04.256149+00:00;P0;22.50
4854;DHT22;3628;6.559;3.386;2026-03-29T18:52:25.335884+00:00;humidity;74.10
4854;DHT22;3628;6.559;3.386;2026-03-29T18:52:25.335884+00:00;temperature;31.70
4853;pms5003;3628;6.559;3.386;2026-03-29T19:03:37.196110+00:00;P2;31.40
4853;pms5003;3628;6.559;3.386;2026-03-29T19:03:37.196110+00:00;P1;37.40
4853;pms5003;3628;6.559;3.386;2026-03-29T19:03:37.196110+00:00;P0;21.40
4854;DHT22;3628;6.559;3.386;2026-03-29T19:56:34.056270+00:00;humidity;78.70
4854;DHT22;3628;6.559;3.386;2026-03-29T19:56:34.056270+00:00;temperature;31.30
4853;pms5003;3628;6.559;3.386;2026-03-29T20:01:51.243930+00:00;P2;39.75
4853;pms5003;3628;6.559;3.386;2026-03-29T20:01:51.243930+00:00;P1;54.75
4853;pms5003;3628;6.559;3.386;2026-03-29T20:01:51.243930+00:00;P0;26.75
4854;DHT22;3628;6.559;3.386;2026-03-29T20:07:21.829111+00:00;humidity;79.10
4854;DHT22;3628;6.559;3.386;2026-03-29T20:07:21.829111+00:00;temperature;31.20
4853;pms5003;3628;6.559;3.386;2026-03-29T20:12:39.105386+00:00;P2;40.00
4853;pms5003;3628;6.559;3.386;2026-03-29T20:12:39.105386+00:00;P1;47.75
4853;pms5003;3628;6.559;3.386;2026-03-29T20:12:39.105386+00:00;P0;26.00
4854;DHT22;3628;6.559;3.386;2026-03-29T20:12:56.457387+00:00;humidity;79.60
4854;DHT22;3628;6.559;3.386;2026-03-29T20:12:56.457387+00:00;temperature;31.10
4853;pms5003;3628;6.559;3.386;2026-03-29T20:18:13.665198+00:00;P2;40.75
4853;pms5003;3628;6.559;3.386;2026-03-29T20:18:13.665198+00:00;P1;57.75
4853;pms5003;3628;6.559;3.386;2026-03-29T20:18:13.665198+00:00;P0;27.00
4854;DHT22;3628;6.559;3.386;2026-03-29T20:18:31.011512+00:00;humidity;79.80
4854;DHT22;3628;6.559;3.386;2026-03-29T20:18:31.011512+00:00;temperature;31.20
4854;DHT22;3628;6.559;3.386;2026-03-29T20:24:05.635208+00:00;humidity;80.00
4854;DHT22;3628;6.559;3.386;2026-03-29T20:24:05.635208+00:00;temperature;31.20
4853;pms5003;3628;6.559;3.386;2026-03-29T20:29:22.743391+00:00;P2;35.40
4853;pms5003;3628;6.559;3.386;2026-03-29T20:29:22.743391+00:00;P1;48.00
4853;pms5003;3628;6.559;3.386;2026-03-29T20:29:22.743391+00:00;P0;25.00
4854;DHT22;3628;6.559;3.386;2026-03-29T20:30:36.058707+00:00;humidity;80.90
4854;DHT22;3628;6.559;3.386;2026-03-29T20:30:36.058707+00:00;temperature;31.00
4853;pms5003;3628;6.559;3.386;2026-03-29T20:35:05.902345+00:00;P2;32.00
4853;pms5003;3628;6.559;3.386;2026-03-29T20:35:05.902345+00:00;P1;37.67
4853;pms5003;3628;6.559;3.386;2026-03-29T20:35:05.902345+00:00;P0;22.00
4854;DHT22;3628;6.559;3.386;2026-03-29T20:52:04.322983+00:00;humidity;83.20
4854;DHT22;3628;6.559;3.386;2026-03-29T20:52:04.322983+00:00;temperature;30.90
4853;pms5003;3628;6.559;3.386;2026-03-29T20:56:46.879386+00:00;P2;34.50
4853;pms5003;3628;6.559;3.386;2026-03-29T20:56:46.879386+00:00;P1;46.00
4853;pms5003;3628;6.559;3.386;2026-03-29T20:56:46.879386+00:00;P0;23.00
4853;pms5003;3628;6.559;3.386;2026-03-29T21:02:29.987631+00:00;P2;33.00
4853;pms5003;3628;6.559;3.386;2026-03-29T21:02:29.987631+00:00;P1;46.75
4853;pms5003;3628;6.559;3.386;2026-03-29T21:02:29.987631+00:00;P0;22.00
4854;DHT22;3628;6.559;3.386;2026-03-29T21:02:49.946379+00:00;humidity;83.70
4854;DHT22;3628;6.559;3.386;2026-03-29T21:02:49.946379+00:00;temperature;30.80
4853;pms5003;3628;6.559;3.386;2026-03-29T21:08:54.257047+00:00;P2;36.00
4853;pms5003;3628;6.559;3.386;2026-03-29T21:08:54.257047+00:00;P1;40.80
4853;pms5003;3628;6.559;3.386;2026-03-29T21:08:54.257047+00:00;P0;24.00
4853;pms5003;3628;6.559;3.386;2026-03-29T21:13:36.946497+00:00;P2;38.00
4853;pms5003;3628;6.559;3.386;2026-03-29T21:13:36.946497+00:00;P1;49.50
4853;pms5003;3628;6.559;3.386;2026-03-29T21:13:36.946497+00:00;P0;26.00
4854;DHT22;3628;6.559;3.386;2026-03-29T21:13:54.337773+00:00;humidity;84.10
4854;DHT22;3628;6.559;3.386;2026-03-29T21:13:54.337773+00:00;temperature;30.80
4854;DHT22;3628;6.559;3.386;2026-03-29T21:30:16.945677+00:00;humidity;84.50
4854;DHT22;3628;6.559;3.386;2026-03-29T21:30:16.945677+00:00;temperature;30.70
4853;pms5003;3628;6.559;3.386;2026-03-29T21:35:31.626528+00:00;P2;43.75
4853;pms5003;3628;6.559;3.386;2026-03-29T21:35:31.626528+00:00;P1;57.25
4853;pms5003;3628;6.559;3.386;2026-03-29T21:35:31.626528+00:00;P0;27.00
4853;pms5003;3628;6.559;3.386;2026-03-29T21:40:58.823752+00:00;P2;42.00
4853;pms5003;3628;6.559;3.386;2026-03-29T21:40:58.823752+00:00;P1;53.00
4853;pms5003;3628;6.559;3.386;2026-03-29T21:40:58.823752+00:00;P0;26.50
4854;DHT22;3628;6.559;3.386;2026-03-29T21:41:16.194963+00:00;humidity;84.00
4854;DHT22;3628;6.559;3.386;2026-03-29T21:41:16.194963+00:00;temperature;31.00
4853;pms5003;3628;6.559;3.386;2026-03-29T21:47:09.564437+00:00;P2;37.00
4853;pms5003;3628;6.559;3.386;2026-03-29T21:47:09.564437+00:00;P1;49.00
4853;pms5003;3628;6.559;3.386;2026-03-29T21:47:09.564437+00:00;P0;25.50
4854;DHT22;3628;6.559;3.386;2026-03-29T21:52:04.349997+00:00;humidity;83.50
4854;DHT22;3628;6.559;3.386;2026-03-29T21:52:04.349997+00:00;temperature;31.00
4854;DHT22;3628;6.559;3.386;2026-03-29T22:02:45.494996+00:00;humidity;84.10
4854;DHT22;3628;6.559;3.386;2026-03-29T22:02:45.494996+00:00;temperature;30.80
4853;pms5003;3628;6.559;3.386;2026-03-29T22:08:02.763823+00:00;P2;37.00
4853;pms5003;3628;6.559;3.386;2026-03-29T22:08:02.763823+00:00;P1;46.50
4853;pms5003;3628;6.559;3.386;2026-03-29T22:08:02.763823+00:00;P0;25.00
4854;DHT22;3628;6.559;3.386;2026-03-29T22:08:20.114233+00:00;humidity;84.60
4854;DHT22;3628;6.559;3.386;2026-03-29T22:08:20.114233+00:00;temperature;30.70
4853;pms5003;3628;6.559;3.386;2026-03-29T22:13:37.346268+00:00;P2;35.00
4853;pms5003;3628;6.559;3.386;2026-03-29T22:13:37.346268+00:00;P1;49.00
4853;pms5003;3628;6.559;3.386;2026-03-29T22:13:37.346268+00:00;P0;23.67
4853;pms5003;3628;6.559;3.386;2026-03-29T22:19:01.606965+00:00;P2;35.50
4853;pms5003;3628;6.559;3.386;2026-03-29T22:19:01.606965+00:00;P1;49.00
4853;pms5003;3628;6.559;3.386;2026-03-29T22:19:01.606965+00:00;P0;24.00
4853;pms5003;3628;6.559;3.386;2026-03-29T22:24:25.505164+00:00;P2;39.00
4853;pms5003;3628;6.559;3.386;2026-03-29T22:24:25.505164+00:00;P1;59.40
4853;pms5003;3628;6.559;3.386;2026-03-29T22:24:25.505164+00:00;P0;23.60
4854;DHT22;3628;6.559;3.386;2026-03-29T22:24:42.907379+00:00;humidity;85.30
4854;DHT22;3628;6.559;3.386;2026-03-29T22:24:42.907379+00:00;temperature;30.60
4853;pms5003;3628;6.559;3.386;2026-03-29T22:30:00.169301+00:00;P2;42.00
4853;pms5003;3628;6.559;3.386;2026-03-29T22:30:00.169301+00:00;P1;61.00
4853;pms5003;3628;6.559;3.386;2026-03-29T22:30:00.169301+00:00;P0;27.50
4854;DHT22;3628;6.559;3.386;2026-03-29T22:30:17.556350+00:00;humidity;85.40
4854;DHT22;3628;6.559;3.386;2026-03-29T22:30:17.556350+00:00;temperature;30.60
4853;pms5003;3628;6.559;3.386;2026-03-29T22:36:02.098219+00:00;P2;42.00
4853;pms5003;3628;6.559;3.386;2026-03-29T22:36:02.098219+00:00;P1;62.33
4853;pms5003;3628;6.559;3.386;2026-03-29T22:36:02.098219+00:00;P0;27.00
4853;pms5003;3628;6.559;3.386;2026-03-29T22:40:59.037591+00:00;P2;40.75
4853;pms5003;3628;6.559;3.386;2026-03-29T22:40:59.037591+00:00;P1;57.00
4853;pms5003;3628;6.559;3.386;2026-03-29T22:40:59.037591+00:00;P0;27.00
4854;DHT22;3628;6.559;3.386;2026-03-29T22:41:16.374954+00:00;humidity;85.70
4854;DHT22;3628;6.559;3.386;2026-03-29T22:41:16.374954+00:00;temperature;30.60
4853;pms5003;3628;6.559;3.386;2026-03-29T22:46:33.549570+00:00;P2;35.75
4853;pms5003;3628;6.559;3.386;2026-03-29T22:46:33.549570+00:00;P1;52.00
4853;pms5003;3628;6.559;3.386;2026-03-29T22:46:33.549570+00:00;P0;22.00
4853;pms5003;3628;6.559;3.386;2026-03-29T22:52:08.099745+00:00;P2;36.00
4853;pms5003;3628;6.559;3.386;2026-03-29T22:52:08.099745+00:00;P1;51.25
4853;pms5003;3628;6.559;3.386;2026-03-29T22:52:08.099745+00:00;P0;23.00
4853;pms5003;3628;6.559;3.386;2026-03-30T05:44:39.997118+00:00;P2;30.00
4853;pms5003;3628;6.559;3.386;2026-03-30T05:44:39.997118+00:00;P1;32.75
4853;pms5003;3628;6.559;3.386;2026-03-30T05:44:39.997118+00:00;P0;20.75
4853;pms5003;3628;6.559;3.386;2026-03-30T09:10:27.653150+00:00;P2;4.00
4853;pms5003;3628;6.559;3.386;2026-03-30T09:10:27.653150+00:00;P1;5.00
4853;pms5003;3628;6.559;3.386;2026-03-30T09:10:27.653150+00:00;P0;2.00
4854;DHT22;3628;6.559;3.386;2026-03-30T09:10:45.000561+00:00;humidity;63.00
4854;DHT22;3628;6.559;3.386;2026-03-30T09:10:45.000561+00:00;temperature;35.90
4853;pms5003;3628;6.559;3.386;2026-03-30T09:16:02.180232+00:00;P2;5.00
4853;pms5003;3628;6.559;3.386;2026-03-30T09:16:02.180232+00:00;P1;5.00
4853;pms5003;3628;6.559;3.386;2026-03-30T09:16:02.180232+00:00;P0;2.00
4854;DHT22;3628;6.559;3.386;2026-03-30T09:16:19.509904+00:00;humidity;58.20
4854;DHT22;3628;6.559;3.386;2026-03-30T09:16:19.509904+00:00;temperature;37.30
4854;DHT22;3628;6.559;3.386;2026-03-30T09:21:54.066152+00:00;humidity;56.90
4854;DHT22;3628;6.559;3.386;2026-03-30T09:21:54.066152+00:00;temperature;37.90
4853;pms5003;3628;6.559;3.386;2026-03-30T09:27:11.251739+00:00;P2;1.40
4853;pms5003;3628;6.559;3.386;2026-03-30T09:27:11.251739+00:00;P1;2.40
4853;pms5003;3628;6.559;3.386;2026-03-30T09:27:11.251739+00:00;P0;0.00
4853;pms5003;3628;6.559;3.386;2026-03-30T09:32:35.455152+00:00;P2;5.00
4853;pms5003;3628;6.559;3.386;2026-03-30T09:32:35.455152+00:00;P1;6.50
4853;pms5003;3628;6.559;3.386;2026-03-30T09:32:35.455152+00:00;P0;3.00
4854;DHT22;3628;6.559;3.386;2026-03-30T09:32:52.802208+00:00;humidity;52.40
4854;DHT22;3628;6.559;3.386;2026-03-30T09:32:52.802208+00:00;temperature;37.90
4853;pms5003;3628;6.559;3.386;2026-03-30T09:38:09.973361+00:00;P2;6.00
4853;pms5003;3628;6.559;3.386;2026-03-30T09:38:09.973361+00:00;P1;7.50
4853;pms5003;3628;6.559;3.386;2026-03-30T09:38:09.973361+00:00;P0;4.00
4854;DHT22;3628;6.559;3.386;2026-03-30T09:38:30.195744+00:00;humidity;51.20
4854;DHT22;3628;6.559;3.386;2026-03-30T09:38:30.195744+00:00;temperature;39.10
4854;DHT22;3628;6.559;3.386;2026-03-30T09:43:54.073655+00:00;humidity;50.80
4854;DHT22;3628;6.559;3.386;2026-03-30T09:43:54.073655+00:00;temperature;39.50
4853;pms5003;3628;6.559;3.386;2026-03-30T09:49:11.232624+00:00;P2;5.00
4853;pms5003;3628;6.559;3.386;2026-03-30T09:49:11.232624+00:00;P1;5.00
4853;pms5003;3628;6.559;3.386;2026-03-30T09:49:11.232624+00:00;P0;3.00
4854;DHT22;3628;6.559;3.386;2026-03-30T09:49:28.566879+00:00;humidity;50.40
4854;DHT22;3628;6.559;3.386;2026-03-30T09:49:28.566879+00:00;temperature;39.70
4853;pms5003;3628;6.559;3.386;2026-03-30T09:54:45.918037+00:00;P2;5.00
4853;pms5003;3628;6.559;3.386;2026-03-30T09:54:45.918037+00:00;P1;6.67
4853;pms5003;3628;6.559;3.386;2026-03-30T09:54:45.918037+00:00;P0;4.00
4854;DHT22;3628;6.559;3.386;2026-03-30T09:55:03.307490+00:00;humidity;50.80
4854;DHT22;3628;6.559;3.386;2026-03-30T09:55:03.307490+00:00;temperature;39.40
4854;DHT22;3628;6.559;3.386;2026-03-30T10:00:37.689790+00:00;humidity;52.10
4854;DHT22;3628;6.559;3.386;2026-03-30T10:00:37.689790+00:00;temperature;38.90
4853;pms5003;3628;6.559;3.386;2026-03-30T10:05:54.856267+00:00;P2;6.00
4853;pms5003;3628;6.559;3.386;2026-03-30T10:05:54.856267+00:00;P1;8.00
4853;pms5003;3628;6.559;3.386;2026-03-30T10:05:54.856267+00:00;P0;4.00
4854;DHT22;3628;6.559;3.386;2026-03-30T10:06:12.281367+00:00;humidity;51.00
4854;DHT22;3628;6.559;3.386;2026-03-30T10:06:12.281367+00:00;temperature;38.80
4853;pms5003;3628;6.559;3.386;2026-03-30T10:11:29.467181+00:00;P2;6.50
4853;pms5003;3628;6.559;3.386;2026-03-30T10:11:29.467181+00:00;P1;9.50
4853;pms5003;3628;6.559;3.386;2026-03-30T10:11:29.467181+00:00;P0;5.00
4853;pms5003;3628;6.559;3.386;2026-03-30T10:16:53.201008+00:00;P2;5.00
4853;pms5003;3628;6.559;3.386;2026-03-30T10:16:53.201008+00:00;P1;5.00
4853;pms5003;3628;6.559;3.386;2026-03-30T10:16:53.201008+00:00;P0;3.50
4854;DHT22;3628;6.559;3.386;2026-03-30T10:17:10.571274+00:00;humidity;51.60
4854;DHT22;3628;6.559;3.386;2026-03-30T10:17:10.571274+00:00;temperature;39.00
4853;pms5003;3628;6.559;3.386;2026-03-30T10:22:27.720949+00:00;P2;4.60
4853;pms5003;3628;6.559;3.386;2026-03-30T10:22:27.720949+00:00;P1;4.60
4853;pms5003;3628;6.559;3.386;2026-03-30T10:22:27.720949+00:00;P0;3.40
4854;DHT22;3628;6.559;3.386;2026-03-30T10:22:45.057024+00:00;humidity;52.80
4854;DHT22;3628;6.559;3.386;2026-03-30T10:22:45.057024+00:00;temperature;38.80
4854;DHT22;3628;6.559;3.386;2026-03-30T10:28:11.851132+00:00;humidity;51.30
4854;DHT22;3628;6.559;3.386;2026-03-30T10:28:11.851132+00:00;temperature;39.00
4853;pms5003;3628;6.559;3.386;2026-03-30T10:33:28.994445+00:00;P2;3.00
4853;pms5003;3628;6.559;3.386;2026-03-30T10:33:28.994445+00:00;P1;6.00
4853;pms5003;3628;6.559;3.386;2026-03-30T10:33:28.994445+00:00;P0;2.80
4854;DHT22;3628;6.559;3.386;2026-03-30T10:33:46.373507+00:00;humidity;51.40
4854;DHT22;3628;6.559;3.386;2026-03-30T10:33:46.373507+00:00;temperature;39.90
4853;pms5003;3628;6.559;3.386;2026-03-30T10:39:03.538843+00:00;P2;2.00
4853;pms5003;3628;6.559;3.386;2026-03-30T10:39:03.538843+00:00;P1;3.33
4853;pms5003;3628;6.559;3.386;2026-03-30T10:39:03.538843+00:00;P0;1.00
4854;DHT22;3628;6.559;3.386;2026-03-30T10:39:20.870791+00:00;humidity;51.60
4854;DHT22;3628;6.559;3.386;2026-03-30T10:39:20.870791+00:00;temperature;39.10
4854;DHT22;3628;6.559;3.386;2026-03-30T10:44:47.591453+00:00;humidity;50.30
4854;DHT22;3628;6.559;3.386;2026-03-30T10:44:47.591453+00:00;temperature;39.40
4854;DHT22;3628;6.559;3.386;2026-03-30T10:51:52.229096+00:00;humidity;50.50
4854;DHT22;3628;6.559;3.386;2026-03-30T10:51:52.229096+00:00;temperature;39.50
4853;pms5003;3628;6.559;3.386;2026-03-30T10:57:09.492391+00:00;P2;5.00
4853;pms5003;3628;6.559;3.386;2026-03-30T10:57:09.492391+00:00;P1;5.00
4853;pms5003;3628;6.559;3.386;2026-03-30T10:57:09.492391+00:00;P0;4.00
4854;DHT22;3628;6.559;3.386;2026-03-30T10:57:26.934339+00:00;humidity;50.40
4854;DHT22;3628;6.559;3.386;2026-03-30T10:57:26.934339+00:00;temperature;39.10
4853;pms5003;3628;6.559;3.386;2026-03-30T11:02:44.235234+00:00;P2;2.25
4853;pms5003;3628;6.559;3.386;2026-03-30T11:02:44.235234+00:00;P1;2.25
4853;pms5003;3628;6.559;3.386;2026-03-30T11:02:44.235234+00:00;P0;1.00
4854;DHT22;3628;6.559;3.386;2026-03-30T11:03:01.683266+00:00;humidity;49.90
4854;DHT22;3628;6.559;3.386;2026-03-30T11:03:01.683266+00:00;temperature;40.00
4853;pms5003;3628;6.559;3.386;2026-03-30T11:08:21.839300+00:00;P2;5.00
4853;pms5003;3628;6.559;3.386;2026-03-30T11:08:21.839300+00:00;P1;5.25
4853;pms5003;3628;6.559;3.386;2026-03-30T11:08:21.839300+00:00;P0;3.00
4854;DHT22;3628;6.559;3.386;2026-03-30T11:08:39.191578+00:00;humidity;49.50
4854;DHT22;3628;6.559;3.386;2026-03-30T11:08:39.191578+00:00;temperature;40.00
4854;DHT22;3628;6.559;3.386;2026-03-30T11:19:52.466224+00:00;humidity;50.70
4854;DHT22;3628;6.559;3.386;2026-03-30T11:19:52.466224+00:00;temperature;39.50
4853;pms5003;3628;6.559;3.386;2026-03-30T11:25:12.470403+00:00;P2;6.00
4853;pms5003;3628;6.559;3.386;2026-03-30T11:25:12.470403+00:00;P1;6.00
4853;pms5003;3628;6.559;3.386;2026-03-30T11:25:12.470403+00:00;P0;4.00
4854;DHT22;3628;6.559;3.386;2026-03-30T11:30:59.893389+00:00;humidity;50.40
4854;DHT22;3628;6.559;3.386;2026-03-30T11:30:59.893389+00:00;temperature;39.90
4854;DHT22;3628;6.559;3.386;2026-03-30T11:47:01.305089+00:00;humidity;52.30
4854;DHT22;3628;6.559;3.386;2026-03-30T11:47:01.305089+00:00;temperature;39.30
4853;pms5003;3628;6.559;3.386;2026-03-30T11:52:21.415701+00:00;P2;5.00
4853;pms5003;3628;6.559;3.386;2026-03-30T11:52:21.415701+00:00;P1;5.00
4853;pms5003;3628;6.559;3.386;2026-03-30T11:52:21.415701+00:00;P0;3.00
4854;DHT22;3628;6.559;3.386;2026-03-30T11:52:44.323291+00:00;humidity;49.90
4854;DHT22;3628;6.559;3.386;2026-03-30T11:52:44.323291+00:00;temperature;39.90
4854;DHT22;3628;6.559;3.386;2026-03-30T11:58:12.144867+00:00;humidity;50.10
4854;DHT22;3628;6.559;3.386;2026-03-30T11:58:12.144867+00:00;temperature;39.90
4853;pms5003;3628;6.559;3.386;2026-03-30T12:14:05.562257+00:00;P2;6.00
4853;pms5003;3628;6.559;3.386;2026-03-30T12:14:05.562257+00:00;P1;7.00
4853;pms5003;3628;6.559;3.386;2026-03-30T12:14:05.562257+00:00;P0;5.00
4853;pms5003;3628;6.559;3.386;2026-03-30T12:19:45.678098+00:00;P2;7.50
4853;pms5003;3628;6.559;3.386;2026-03-30T12:19:45.678098+00:00;P1;7.50
4853;pms5003;3628;6.559;3.386;2026-03-30T12:19:45.678098+00:00;P0;5.00
4854;DHT22;3628;6.559;3.386;2026-03-30T12:20:03.143084+00:00;humidity;50.40
4854;DHT22;3628;6.559;3.386;2026-03-30T12:20:03.143084+00:00;temperature;39.70
4854;DHT22;3628;6.559;3.386;2026-03-30T12:25:27.295269+00:00;humidity;50.80
4854;DHT22;3628;6.559;3.386;2026-03-30T12:25:27.295269+00:00;temperature;40.10
4854;DHT22;3628;6.559;3.386;2026-03-30T12:30:51.252393+00:00;humidity;50.40
4854;DHT22;3628;6.559;3.386;2026-03-30T12:30:51.252393+00:00;temperature;40.60
4853;pms5003;3628;6.559;3.386;2026-03-30T12:36:15.663212+00:00;P2;6.00
4853;pms5003;3628;6.559;3.386;2026-03-30T12:36:15.663212+00:00;P1;6.00
4853;pms5003;3628;6.559;3.386;2026-03-30T12:36:15.663212+00:00;P0;3.75
4854;DHT22;3628;6.559;3.386;2026-03-30T12:36:33.230221+00:00;humidity;50.60
4854;DHT22;3628;6.559;3.386;2026-03-30T12:36:33.230221+00:00;temperature;40.40
4853;pms5003;3628;6.559;3.386;2026-03-30T12:41:50.346485+00:00;P2;7.00
4853;pms5003;3628;6.559;3.386;2026-03-30T12:41:50.346485+00:00;P1;7.00
4853;pms5003;3628;6.559;3.386;2026-03-30T12:41:50.346485+00:00;P0;5.00
4854;DHT22;3628;6.559;3.386;2026-03-30T12:42:07.693740+00:00;humidity;51.40
4854;DHT22;3628;6.559;3.386;2026-03-30T12:42:07.693740+00:00;temperature;40.20
4853;pms5003;3628;6.559;3.386;2026-03-30T12:47:24.948316+00:00;P2;5.00
4853;pms5003;3628;6.559;3.386;2026-03-30T12:47:24.948316+00:00;P1;6.00
4853;pms5003;3628;6.559;3.386;2026-03-30T12:47:24.948316+00:00;P0;4.00
4854;DHT22;3628;6.559;3.386;2026-03-30T12:47:42.281481+00:00;humidity;50.70
4854;DHT22;3628;6.559;3.386;2026-03-30T12:47:42.281481+00:00;temperature;40.40
4853;pms5003;3628;6.559;3.386;2026-03-30T12:58:12.816555+00:00;P2;5.40
4853;pms5003;3628;6.559;3.386;2026-03-30T12:58:12.816555+00:00;P1;5.40
4853;pms5003;3628;6.559;3.386;2026-03-30T12:58:12.816555+00:00;P0;3.60
4854;DHT22;3628;6.559;3.386;2026-03-30T12:58:30.179153+00:00;humidity;52.10
4854;DHT22;3628;6.559;3.386;2026-03-30T12:58:30.179153+00:00;temperature;39.60
4853;pms5003;3628;6.559;3.386;2026-03-30T13:09:10.950508+00:00;P2;4.00
4853;pms5003;3628;6.559;3.386;2026-03-30T13:09:10.950508+00:00;P1;4.00
4853;pms5003;3628;6.559;3.386;2026-03-30T13:09:10.950508+00:00;P0;2.40
4853;pms5003;3628;6.559;3.386;2026-03-30T13:14:37.905521+00:00;P2;5.33
4853;pms5003;3628;6.559;3.386;2026-03-30T13:14:37.905521+00:00;P1;5.33
4853;pms5003;3628;6.559;3.386;2026-03-30T13:14:37.905521+00:00;P0;4.00
4854;DHT22;3628;6.559;3.386;2026-03-30T13:15:03.773148+00:00;humidity;53.00
4854;DHT22;3628;6.559;3.386;2026-03-30T13:15:03.773148+00:00;temperature;39.50
4853;pms5003;3628;6.559;3.386;2026-03-30T13:20:21.028641+00:00;P2;4.00
4853;pms5003;3628;6.559;3.386;2026-03-30T13:20:21.028641+00:00;P1;4.00
4853;pms5003;3628;6.559;3.386;2026-03-30T13:20:21.028641+00:00;P0;2.80
4853;pms5003;3628;6.559;3.386;2026-03-30T13:25:50.905369+00:00;P2;4.50
4853;pms5003;3628;6.559;3.386;2026-03-30T13:25:50.905369+00:00;P1;5.00
4853;pms5003;3628;6.559;3.386;2026-03-30T13:25:50.905369+00:00;P0;3.00
4854;DHT22;3628;6.559;3.386;2026-03-30T13:26:08.259276+00:00;humidity;50.70
4854;DHT22;3628;6.559;3.386;2026-03-30T13:26:08.259276+00:00;temperature;40.10
4854;DHT22;3628;6.559;3.386;2026-03-30T13:36:56.198569+00:00;humidity;53.20
4854;DHT22;3628;6.559;3.386;2026-03-30T13:36:56.198569+00:00;temperature;39.50
4854;DHT22;3628;6.559;3.386;2026-03-30T13:42:20.424888+00:00;humidity;52.40
4854;DHT22;3628;6.559;3.386;2026-03-30T13:42:20.424888+00:00;temperature;39.50
4853;pms5003;3628;6.559;3.386;2026-03-30T13:47:37.662520+00:00;P2;4.00
4853;pms5003;3628;6.559;3.386;2026-03-30T13:47:37.662520+00:00;P1;5.33
4853;pms5003;3628;6.559;3.386;2026-03-30T13:47:37.662520+00:00;P0;2.00
4854;DHT22;3628;6.559;3.386;2026-03-30T13:47:55.009077+00:00;humidity;52.90
4854;DHT22;3628;6.559;3.386;2026-03-30T13:47:55.009077+00:00;temperature;39.50
4853;pms5003;3628;6.559;3.386;2026-03-30T13:53:12.179290+00:00;P2;4.50
4853;pms5003;3628;6.559;3.386;2026-03-30T13:53:12.179290+00:00;P1;4.50
4853;pms5003;3628;6.559;3.386;2026-03-30T13:53:12.179290+00:00;P0;4.00
4854;DHT22;3628;6.559;3.386;2026-03-30T13:53:29.526733+00:00;humidity;53.00
4854;DHT22;3628;6.559;3.386;2026-03-30T13:53:29.526733+00:00;temperature;39.60
4853;pms5003;3628;6.559;3.386;2026-03-30T13:58:46.709534+00:00;P2;5.50
4853;pms5003;3628;6.559;3.386;2026-03-30T13:58:46.709534+00:00;P1;7.50
4853;pms5003;3628;6.559;3.386;2026-03-30T13:58:46.709534+00:00;P0;4.00
4854;DHT22;3628;6.559;3.386;2026-03-30T13:59:04.228013+00:00;humidity;52.30
4854;DHT22;3628;6.559;3.386;2026-03-30T13:59:04.228013+00:00;temperature;39.50
4853;pms5003;3628;6.559;3.386;2026-03-30T14:09:35.151406+00:00;P2;8.00
4853;pms5003;3628;6.559;3.386;2026-03-30T14:09:35.151406+00:00;P1;9.60
4853;pms5003;3628;6.559;3.386;2026-03-30T14:09:35.151406+00:00;P0;5.00
4853;pms5003;3628;6.559;3.386;2026-03-30T14:15:09.743626+00:00;P2;4.75
4853;pms5003;3628;6.559;3.386;2026-03-30T14:15:09.743626+00:00;P1;4.75
4853;pms5003;3628;6.559;3.386;2026-03-30T14:15:09.743626+00:00;P0;3.00
4854;DHT22;3628;6.559;3.386;2026-03-30T14:15:30.007097+00:00;humidity;56.40
4854;DHT22;3628;6.559;3.386;2026-03-30T14:15:30.007097+00:00;temperature;37.50
4853;pms5003;3628;6.559;3.386;2026-03-30T14:31:45.724056+00:00;P2;6.00
4853;pms5003;3628;6.559;3.386;2026-03-30T14:31:45.724056+00:00;P1;8.00
4853;pms5003;3628;6.559;3.386;2026-03-30T14:31:45.724056+00:00;P0;4.00
4853;pms5003;3628;6.559;3.386;2026-03-30T14:37:11.083420+00:00;P2;5.75
4853;pms5003;3628;6.559;3.386;2026-03-30T14:37:11.083420+00:00;P1;5.75
4853;pms5003;3628;6.559;3.386;2026-03-30T14:37:11.083420+00:00;P0;4.00
4854;DHT22;3628;6.559;3.386;2026-03-30T14:37:28.465693+00:00;humidity;59.20
4854;DHT22;3628;6.559;3.386;2026-03-30T14:37:28.465693+00:00;temperature;36.80
4853;pms5003;3628;6.559;3.386;2026-03-30T14:42:45.658142+00:00;P2;4.40
4853;pms5003;3628;6.559;3.386;2026-03-30T14:42:45.658142+00:00;P1;6.40
4853;pms5003;3628;6.559;3.386;2026-03-30T14:42:45.658142+00:00;P0;3.00
4854;DHT22;3628;6.559;3.386;2026-03-30T14:43:03.062302+00:00;humidity;60.20
4854;DHT22;3628;6.559;3.386;2026-03-30T14:43:03.062302+00:00;temperature;36.40
4853;pms5003;3628;6.559;3.386;2026-03-30T14:48:20.312534+00:00;P2;4.00
4853;pms5003;3628;6.559;3.386;2026-03-30T14:48:20.312534+00:00;P1;4.00
4853;pms5003;3628;6.559;3.386;2026-03-30T14:48:20.312534+00:00;P0;2.00
4853;pms5003;3628;6.559;3.386;2026-03-30T14:53:44.564789+00:00;P2;4.50
4853;pms5003;3628;6.559;3.386;2026-03-30T14:53:44.564789+00:00;P1;4.50
4853;pms5003;3628;6.559;3.386;2026-03-30T14:53:44.564789+00:00;P0;2.75
4854;DHT22;3628;6.559;3.386;2026-03-30T14:54:01.928423+00:00;humidity;61.80
4854;DHT22;3628;6.559;3.386;2026-03-30T14:54:01.928423+00:00;temperature;35.90
4854;DHT22;3628;6.559;3.386;2026-03-30T14:59:36.466105+00:00;humidity;61.40
4854;DHT22;3628;6.559;3.386;2026-03-30T14:59:36.466105+00:00;temperature;35.60
4853;pms5003;3628;6.559;3.386;2026-03-30T15:04:53.639263+00:00;P2;3.50
4853;pms5003;3628;6.559;3.386;2026-03-30T15:04:53.639263+00:00;P1;3.50
4853;pms5003;3628;6.559;3.386;2026-03-30T15:04:53.639263+00:00;P0;2.50
4854;DHT22;3628;6.559;3.386;2026-03-30T15:05:10.979569+00:00;humidity;63.00
4854;DHT22;3628;6.559;3.386;2026-03-30T15:05:10.979569+00:00;temperature;35.50
4853;pms5003;3628;6.559;3.386;2026-03-30T15:10:28.289784+00:00;P2;4.20
4853;pms5003;3628;6.559;3.386;2026-03-30T15:10:28.289784+00:00;P1;4.20
4853;pms5003;3628;6.559;3.386;2026-03-30T15:10:28.289784+00:00;P0;2.60
4854;DHT22;3628;6.559;3.386;2026-03-30T15:10:45.642520+00:00;humidity;62.20
4854;DHT22;3628;6.559;3.386;2026-03-30T15:10:45.642520+00:00;temperature;35.60
4854;DHT22;3628;6.559;3.386;2026-03-30T15:16:10.092873+00:00;humidity;62.80
4854;DHT22;3628;6.559;3.386;2026-03-30T15:16:10.092873+00:00;temperature;35.70
4853;pms5003;3628;6.559;3.386;2026-03-30T15:21:27.321449+00:00;P2;10.50
4853;pms5003;3628;6.559;3.386;2026-03-30T15:21:27.321449+00:00;P1;17.50
4853;pms5003;3628;6.559;3.386;2026-03-30T15:21:27.321449+00:00;P0;7.50
4854;DHT22;3628;6.559;3.386;2026-03-30T15:21:44.673480+00:00;humidity;63.90
4854;DHT22;3628;6.559;3.386;2026-03-30T15:21:44.673480+00:00;temperature;35.60
4853;pms5003;3628;6.559;3.386;2026-03-30T15:32:15.174996+00:00;P2;9.67
4853;pms5003;3628;6.559;3.386;2026-03-30T15:32:15.174996+00:00;P1;9.67
4853;pms5003;3628;6.559;3.386;2026-03-30T15:32:15.174996+00:00;P0;6.67
4854;DHT22;3628;6.559;3.386;2026-03-30T15:32:32.568593+00:00;humidity;63.70
4854;DHT22;3628;6.559;3.386;2026-03-30T15:32:32.568593+00:00;temperature;35.50
4853;pms5003;3628;6.559;3.386;2026-03-30T15:37:49.776337+00:00;P2;6.75
4853;pms5003;3628;6.559;3.386;2026-03-30T15:37:49.776337+00:00;P1;8.00
4853;pms5003;3628;6.559;3.386;2026-03-30T15:37:49.776337+00:00;P0;4.00
4853;pms5003;3628;6.559;3.386;2026-03-30T15:43:24.580368+00:00;P2;5.60
4853;pms5003;3628;6.559;3.386;2026-03-30T15:43:24.580368+00:00;P1;8.60
4853;pms5003;3628;6.559;3.386;2026-03-30T15:43:24.580368+00:00;P0;4.00
4854;DHT22;3628;6.559;3.386;2026-03-30T15:43:41.916627+00:00;humidity;64.90
4854;DHT22;3628;6.559;3.386;2026-03-30T15:43:41.916627+00:00;temperature;35.10
4853;pms5003;3628;6.559;3.386;2026-03-30T15:48:59.112873+00:00;P2;10.40
4853;pms5003;3628;6.559;3.386;2026-03-30T15:48:59.112873+00:00;P1;12.80
4853;pms5003;3628;6.559;3.386;2026-03-30T15:48:59.112873+00:00;P0;8.00
4854;DHT22;3628;6.559;3.386;2026-03-30T15:49:16.513344+00:00;humidity;65.00
4854;DHT22;3628;6.559;3.386;2026-03-30T15:49:16.513344+00:00;temperature;35.30
4853;pms5003;3628;6.559;3.386;2026-03-30T15:54:33.720980+00:00;P2;8.00
4853;pms5003;3628;6.559;3.386;2026-03-30T15:54:33.720980+00:00;P1;9.25
4853;pms5003;3628;6.559;3.386;2026-03-30T15:54:33.720980+00:00;P0;6.00
4854;DHT22;3628;6.559;3.386;2026-03-30T15:54:51.104224+00:00;humidity;64.60
4854;DHT22;3628;6.559;3.386;2026-03-30T15:54:51.104224+00:00;temperature;35.40
4853;pms5003;3628;6.559;3.386;2026-03-30T16:00:08.297228+00:00;P2;5.00
4853;pms5003;3628;6.559;3.386;2026-03-30T16:00:08.297228+00:00;P1;5.00
4853;pms5003;3628;6.559;3.386;2026-03-30T16:00:08.297228+00:00;P0;3.00
4854;DHT22;3628;6.559;3.386;2026-03-30T16:00:25.669465+00:00;humidity;65.00
4854;DHT22;3628;6.559;3.386;2026-03-30T16:00:25.669465+00:00;temperature;35.20
4854;DHT22;3628;6.559;3.386;2026-03-30T16:05:49.396807+00:00;humidity;64.60
4854;DHT22;3628;6.559;3.386;2026-03-30T16:05:49.396807+00:00;temperature;35.10
4853;pms5003;3628;6.559;3.386;2026-03-30T16:11:06.605416+00:00;P2;5.00
4853;pms5003;3628;6.559;3.386;2026-03-30T16:11:06.605416+00:00;P1;7.00
4853;pms5003;3628;6.559;3.386;2026-03-30T16:11:06.605416+00:00;P0;3.25
4854;DHT22;3628;6.559;3.386;2026-03-30T16:11:24.078749+00:00;humidity;64.90
4854;DHT22;3628;6.559;3.386;2026-03-30T16:11:24.078749+00:00;temperature;35.00
4853;pms5003;3628;6.559;3.386;2026-03-30T16:21:54.194415+00:00;P2;6.60
4853;pms5003;3628;6.559;3.386;2026-03-30T16:21:54.194415+00:00;P1;9.20
4853;pms5003;3628;6.559;3.386;2026-03-30T16:21:54.194415+00:00;P0;4.00
4853;pms5003;3628;6.559;3.386;2026-03-30T16:27:28.778026+00:00;P2;7.75
4853;pms5003;3628;6.559;3.386;2026-03-30T16:27:28.778026+00:00;P1;8.75
4853;pms5003;3628;6.559;3.386;2026-03-30T16:27:28.778026+00:00;P0;5.00
4854;DHT22;3628;6.559;3.386;2026-03-30T16:27:46.228716+00:00;humidity;65.90
4854;DHT22;3628;6.559;3.386;2026-03-30T16:27:46.228716+00:00;temperature;34.60
4853;pms5003;3628;6.559;3.386;2026-03-30T16:49:15.436676+00:00;P2;10.00
4853;pms5003;3628;6.559;3.386;2026-03-30T16:49:15.436676+00:00;P1;10.00
4853;pms5003;3628;6.559;3.386;2026-03-30T16:49:15.436676+00:00;P0;6.00
4853;pms5003;3628;6.559;3.386;2026-03-30T16:59:55.548505+00:00;P2;5.00
4853;pms5003;3628;6.559;3.386;2026-03-30T16:59:55.548505+00:00;P1;6.00
4853;pms5003;3628;6.559;3.386;2026-03-30T16:59:55.548505+00:00;P0;2.33
4853;pms5003;3628;6.559;3.386;2026-03-30T17:05:22.663737+00:00;P2;8.25
4853;pms5003;3628;6.559;3.386;2026-03-30T17:05:22.663737+00:00;P1;10.50
4853;pms5003;3628;6.559;3.386;2026-03-30T17:05:22.663737+00:00;P0;5.25
4854;DHT22;3628;6.559;3.386;2026-03-30T17:05:40.082334+00:00;humidity;67.00
4854;DHT22;3628;6.559;3.386;2026-03-30T17:05:40.082334+00:00;temperature;33.70
4853;pms5003;3628;6.559;3.386;2026-03-30T17:10:57.387771+00:00;P2;11.20
4853;pms5003;3628;6.559;3.386;2026-03-30T17:10:57.387771+00:00;P1;12.00
4853;pms5003;3628;6.559;3.386;2026-03-30T17:10:57.387771+00:00;P0;7.20
4854;DHT22;3628;6.559;3.386;2026-03-30T17:11:14.782581+00:00;humidity;67.00
4854;DHT22;3628;6.559;3.386;2026-03-30T17:11:14.782581+00:00;temperature;33.70
4853;pms5003;3628;6.559;3.386;2026-03-30T17:16:31.921454+00:00;P2;8.00
4853;pms5003;3628;6.559;3.386;2026-03-30T17:16:31.921454+00:00;P1;10.00
4853;pms5003;3628;6.559;3.386;2026-03-30T17:16:31.921454+00:00;P0;5.00
4854;DHT22;3628;6.559;3.386;2026-03-30T17:16:49.263442+00:00;humidity;68.20
4854;DHT22;3628;6.559;3.386;2026-03-30T17:16:49.263442+00:00;temperature;33.40
4854;DHT22;3628;6.559;3.386;2026-03-30T17:22:16.322699+00:00;humidity;68.70
4854;DHT22;3628;6.559;3.386;2026-03-30T17:22:16.322699+00:00;temperature;33.30
4853;pms5003;3628;6.559;3.386;2026-03-30T17:27:33.526965+00:00;P2;8.00
4853;pms5003;3628;6.559;3.386;2026-03-30T17:27:33.526965+00:00;P1;8.00
4853;pms5003;3628;6.559;3.386;2026-03-30T17:27:33.526965+00:00;P0;5.00
4854;DHT22;3628;6.559;3.386;2026-03-30T17:27:50.907531+00:00;humidity;70.80
4854;DHT22;3628;6.559;3.386;2026-03-30T17:27:50.907531+00:00;temperature;33.30
4853;pms5003;3628;6.559;3.386;2026-03-30T17:33:08.103369+00:00;P2;8.25
4853;pms5003;3628;6.559;3.386;2026-03-30T17:33:08.103369+00:00;P1;14.50
4853;pms5003;3628;6.559;3.386;2026-03-30T17:33:08.103369+00:00;P0;5.50
4854;DHT22;3628;6.559;3.386;2026-03-30T17:38:38.544706+00:00;humidity;72.20
4854;DHT22;3628;6.559;3.386;2026-03-30T17:38:38.544706+00:00;temperature;32.80
4854;DHT22;3628;6.559;3.386;2026-03-30T17:44:02.386016+00:00;humidity;73.00
4854;DHT22;3628;6.559;3.386;2026-03-30T17:44:02.386016+00:00;temperature;32.70
4853;pms5003;3628;6.559;3.386;2026-03-30T17:49:19.585811+00:00;P2;14.50
4853;pms5003;3628;6.559;3.386;2026-03-30T17:49:19.585811+00:00;P1;18.25
4853;pms5003;3628;6.559;3.386;2026-03-30T17:49:19.585811+00:00;P0;8.50
4853;pms5003;3628;6.559;3.386;2026-03-30T17:54:43.341559+00:00;P2;9.00
4853;pms5003;3628;6.559;3.386;2026-03-30T17:54:43.341559+00:00;P1;20.25
4853;pms5003;3628;6.559;3.386;2026-03-30T17:54:43.341559+00:00;P0;6.00
4854;DHT22;3628;6.559;3.386;2026-03-30T17:55:00.701460+00:00;humidity;74.80
4854;DHT22;3628;6.559;3.386;2026-03-30T17:55:00.701460+00:00;temperature;32.60
4853;pms5003;3628;6.559;3.386;2026-03-30T18:00:17.909416+00:00;P2;10.00
4853;pms5003;3628;6.559;3.386;2026-03-30T18:00:17.909416+00:00;P1;10.00
4853;pms5003;3628;6.559;3.386;2026-03-30T18:00:17.909416+00:00;P0;6.25
4853;pms5003;3628;6.559;3.386;2026-03-30T18:11:08.153869+00:00;P2;7.00
4853;pms5003;3628;6.559;3.386;2026-03-30T18:11:08.153869+00:00;P1;9.60
4853;pms5003;3628;6.559;3.386;2026-03-30T18:11:08.153869+00:00;P0;4.20
4854;DHT22;3628;6.559;3.386;2026-03-30T18:11:25.545325+00:00;humidity;75.80
4854;DHT22;3628;6.559;3.386;2026-03-30T18:11:25.545325+00:00;temperature;32.20
4853;pms5003;3628;6.559;3.386;2026-03-30T18:16:42.774516+00:00;P2;11.50
4853;pms5003;3628;6.559;3.386;2026-03-30T18:16:42.774516+00:00;P1;14.50
4853;pms5003;3628;6.559;3.386;2026-03-30T18:16:42.774516+00:00;P0;7.00
4854;DHT22;3628;6.559;3.386;2026-03-30T18:17:00.163161+00:00;humidity;77.10
4854;DHT22;3628;6.559;3.386;2026-03-30T18:17:00.163161+00:00;temperature;32.10
4854;DHT22;3628;6.559;3.386;2026-03-30T18:22:23.879741+00:00;humidity;77.70
4854;DHT22;3628;6.559;3.386;2026-03-30T18:22:23.879741+00:00;temperature;32.00
4853;pms5003;3628;6.559;3.386;2026-03-30T18:27:41.055536+00:00;P2;7.00
4853;pms5003;3628;6.559;3.386;2026-03-30T18:27:41.055536+00:00;P1;8.20
4853;pms5003;3628;6.559;3.386;2026-03-30T18:27:41.055536+00:00;P0;4.20
4854;DHT22;3628;6.559;3.386;2026-03-30T18:27:58.399568+00:00;humidity;78.10
4854;DHT22;3628;6.559;3.386;2026-03-30T18:27:58.399568+00:00;temperature;32.00
4853;pms5003;3628;6.559;3.386;2026-03-30T18:38:39.763738+00:00;P2;7.75
4853;pms5003;3628;6.559;3.386;2026-03-30T18:38:39.763738+00:00;P1;8.75
4853;pms5003;3628;6.559;3.386;2026-03-30T18:38:39.763738+00:00;P0;4.00
4854;DHT22;3628;6.559;3.386;2026-03-30T18:38:57.102477+00:00;humidity;78.20
4854;DHT22;3628;6.559;3.386;2026-03-30T18:38:57.102477+00:00;temperature;31.90
4854;DHT22;3628;6.559;3.386;2026-03-30T18:44:31.648527+00:00;humidity;78.40
4854;DHT22;3628;6.559;3.386;2026-03-30T18:44:31.648527+00:00;temperature;31.80
4854;DHT22;3628;6.559;3.386;2026-03-30T18:50:12.051557+00:00;humidity;78.90
4854;DHT22;3628;6.559;3.386;2026-03-30T18:50:12.051557+00:00;temperature;31.80
4854;DHT22;3628;6.559;3.386;2026-03-30T18:55:55.238773+00:00;humidity;79.00
4854;DHT22;3628;6.559;3.386;2026-03-30T18:55:55.238773+00:00;temperature;31.80
4853;pms5003;3628;6.559;3.386;2026-03-30T19:06:39.638312+00:00;P2;12.75
4853;pms5003;3628;6.559;3.386;2026-03-30T19:06:39.638312+00:00;P1;13.50
4853;pms5003;3628;6.559;3.386;2026-03-30T19:06:39.638312+00:00;P0;7.25
4854;DHT22;3628;6.559;3.386;2026-03-30T19:06:57.096967+00:00;humidity;79.50
4854;DHT22;3628;6.559;3.386;2026-03-30T19:06:57.096967+00:00;temperature;31.80
4853;pms5003;3628;6.559;3.386;2026-03-30T19:12:14.358492+00:00;P2;31.00
4853;pms5003;3628;6.559;3.386;2026-03-30T19:12:14.358492+00:00;P1;48.40
4853;pms5003;3628;6.559;3.386;2026-03-30T19:12:14.358492+00:00;P0;20.00
4853;pms5003;3628;6.559;3.386;2026-03-30T19:17:38.246804+00:00;P2;15.40
4853;pms5003;3628;6.559;3.386;2026-03-30T19:17:38.246804+00:00;P1;17.80
4853;pms5003;3628;6.559;3.386;2026-03-30T19:17:38.246804+00:00;P0;11.00
4854;DHT22;3628;6.559;3.386;2026-03-30T19:17:55.586406+00:00;humidity;80.20
4854;DHT22;3628;6.559;3.386;2026-03-30T19:17:55.586406+00:00;temperature;31.60
4853;pms5003;3628;6.559;3.386;2026-03-30T19:23:12.793564+00:00;P2;20.00
4853;pms5003;3628;6.559;3.386;2026-03-30T19:23:12.793564+00:00;P1;36.00
4853;pms5003;3628;6.559;3.386;2026-03-30T19:23:12.793564+00:00;P0;13.50
4853;pms5003;3628;6.559;3.386;2026-03-30T19:28:52.790657+00:00;P2;20.00
4853;pms5003;3628;6.559;3.386;2026-03-30T19:28:52.790657+00:00;P1;28.00
4853;pms5003;3628;6.559;3.386;2026-03-30T19:28:52.790657+00:00;P0;13.00
4854;DHT22;3628;6.559;3.386;2026-03-30T19:29:10.145361+00:00;humidity;80.30
4854;DHT22;3628;6.559;3.386;2026-03-30T19:29:10.145361+00:00;temperature;31.60
4854;DHT22;3628;6.559;3.386;2026-03-30T19:34:50.228730+00:00;humidity;80.90
4854;DHT22;3628;6.559;3.386;2026-03-30T19:34:50.228730+00:00;temperature;31.70
4853;pms5003;3628;6.559;3.386;2026-03-30T20:02:04.902519+00:00;P2;2.80
4853;pms5003;3628;6.559;3.386;2026-03-30T20:02:04.902519+00:00;P1;2.80
4853;pms5003;3628;6.559;3.386;2026-03-30T20:02:04.902519+00:00;P0;1.00
4854;DHT22;3628;6.559;3.386;2026-03-30T20:02:27.922681+00:00;humidity;81.70
4854;DHT22;3628;6.559;3.386;2026-03-30T20:02:27.922681+00:00;temperature;31.60
4854;DHT22;3628;6.559;3.386;2026-03-30T20:29:39.896224+00:00;humidity;81.60
4854;DHT22;3628;6.559;3.386;2026-03-30T20:29:39.896224+00:00;temperature;31.50
4854;DHT22;3628;6.559;3.386;2026-03-30T20:35:20.084261+00:00;humidity;82.40
4854;DHT22;3628;6.559;3.386;2026-03-30T20:35:20.084261+00:00;temperature;31.40
4854;DHT22;3628;6.559;3.386;2026-03-30T21:34:49.363806+00:00;humidity;85.30
4854;DHT22;3628;6.559;3.386;2026-03-30T21:34:49.363806+00:00;temperature;31.20
4853;pms5003;3628;6.559;3.386;2026-03-30T21:40:09.675820+00:00;P2;5.60
4853;pms5003;3628;6.559;3.386;2026-03-30T21:40:09.675820+00:00;P1;6.80
4853;pms5003;3628;6.559;3.386;2026-03-30T21:40:09.675820+00:00;P0;3.80
4853;pms5003;3628;6.559;3.386;2026-03-30T21:45:53.620212+00:00;P2;6.00
4853;pms5003;3628;6.559;3.386;2026-03-30T21:45:53.620212+00:00;P1;6.00
4853;pms5003;3628;6.559;3.386;2026-03-30T21:45:53.620212+00:00;P0;4.00
4853;pms5003;3628;6.559;3.386;2026-03-30T21:56:54.232812+00:00;P2;7.00
4853;pms5003;3628;6.559;3.386;2026-03-30T21:56:54.232812+00:00;P1;7.00
4853;pms5003;3628;6.559;3.386;2026-03-30T21:56:54.232812+00:00;P0;5.00
4854;DHT22;3628;6.559;3.386;2026-03-30T21:57:11.529989+00:00;humidity;85.60
4854;DHT22;3628;6.559;3.386;2026-03-30T21:57:11.529989+00:00;temperature;31.30
4853;pms5003;3628;6.559;3.386;2026-03-30T22:07:53.099626+00:00;P2;8.00
4853;pms5003;3628;6.559;3.386;2026-03-30T22:07:53.099626+00:00;P1;9.25
4853;pms5003;3628;6.559;3.386;2026-03-30T22:07:53.099626+00:00;P0;6.00
4853;pms5003;3628;6.559;3.386;2026-03-30T22:13:27.712526+00:00;P2;10.60
4853;pms5003;3628;6.559;3.386;2026-03-30T22:13:27.712526+00:00;P1;11.40
4853;pms5003;3628;6.559;3.386;2026-03-30T22:13:27.712526+00:00;P0;6.00
4854;DHT22;3628;6.559;3.386;2026-03-30T22:13:45.092980+00:00;humidity;86.20
4854;DHT22;3628;6.559;3.386;2026-03-30T22:13:45.092980+00:00;temperature;31.20
4853;pms5003;3628;6.559;3.386;2026-03-30T22:19:02.280085+00:00;P2;9.00
4853;pms5003;3628;6.559;3.386;2026-03-30T22:19:02.280085+00:00;P1;9.50
4853;pms5003;3628;6.559;3.386;2026-03-30T22:19:02.280085+00:00;P0;7.00
4854;DHT22;3628;6.559;3.386;2026-03-30T22:19:19.635315+00:00;humidity;86.60
4854;DHT22;3628;6.559;3.386;2026-03-30T22:19:19.635315+00:00;temperature;31.20
4853;pms5003;3628;6.559;3.386;2026-03-30T22:24:36.821388+00:00;P2;17.60
4853;pms5003;3628;6.559;3.386;2026-03-30T22:24:36.821388+00:00;P1;18.00
4853;pms5003;3628;6.559;3.386;2026-03-30T22:24:36.821388+00:00;P0;10.60
4854;DHT22;3628;6.559;3.386;2026-03-30T22:24:54.460614+00:00;humidity;86.30
4854;DHT22;3628;6.559;3.386;2026-03-30T22:24:54.460614+00:00;temperature;31.20
4854;DHT22;3628;6.559;3.386;2026-03-30T22:30:28.921348+00:00;humidity;86.70
4854;DHT22;3628;6.559;3.386;2026-03-30T22:30:28.921348+00:00;temperature;31.20
4853;pms5003;3628;6.559;3.386;2026-03-30T22:35:46.228026+00:00;P2;16.25
4853;pms5003;3628;6.559;3.386;2026-03-30T22:35:46.228026+00:00;P1;17.25
4853;pms5003;3628;6.559;3.386;2026-03-30T22:35:46.228026+00:00;P0;10.25
4854;DHT22;3628;6.559;3.386;2026-03-30T22:36:03.619931+00:00;humidity;87.10
4854;DHT22;3628;6.559;3.386;2026-03-30T22:36:03.619931+00:00;temperature;31.10
4853;pms5003;3628;6.559;3.386;2026-03-30T22:41:20.877051+00:00;P2;9.40
4853;pms5003;3628;6.559;3.386;2026-03-30T22:41:20.877051+00:00;P1;9.40
4853;pms5003;3628;6.559;3.386;2026-03-30T22:41:20.877051+00:00;P0;6.00
4854;DHT22;3628;6.559;3.386;2026-03-30T22:41:38.268675+00:00;humidity;86.90
4854;DHT22;3628;6.559;3.386;2026-03-30T22:41:38.268675+00:00;temperature;31.10
4853;pms5003;3628;6.559;3.386;2026-03-30T22:46:55.467053+00:00;P2;9.00
4853;pms5003;3628;6.559;3.386;2026-03-30T22:46:55.467053+00:00;P1;9.00
4853;pms5003;3628;6.559;3.386;2026-03-30T22:46:55.467053+00:00;P0;5.00
4854;DHT22;3628;6.559;3.386;2026-03-30T22:47:12.860631+00:00;humidity;87.80
4854;DHT22;3628;6.559;3.386;2026-03-30T22:47:12.860631+00:00;temperature;31.00
4853;pms5003;3628;6.559;3.386;2026-03-30T22:52:30.045426+00:00;P2;10.80
4853;pms5003;3628;6.559;3.386;2026-03-30T22:52:30.045426+00:00;P1;10.80
4853;pms5003;3628;6.559;3.386;2026-03-30T22:52:30.045426+00:00;P0;6.00
4854;DHT22;3628;6.559;3.386;2026-03-30T22:52:47.464172+00:00;humidity;88.00
4854;DHT22;3628;6.559;3.386;2026-03-30T22:52:47.464172+00:00;temperature;31.00
4853;pms5003;3628;6.559;3.386;2026-03-30T22:58:04.661557+00:00;P2;9.00
4853;pms5003;3628;6.559;3.386;2026-03-30T22:58:04.661557+00:00;P1;9.00
4853;pms5003;3628;6.559;3.386;2026-03-30T22:58:04.661557+00:00;P0;6.20
4854;DHT22;3628;6.559;3.386;2026-03-30T22:58:22.046392+00:00;humidity;88.40
4854;DHT22;3628;6.559;3.386;2026-03-30T22:58:22.046392+00:00;temperature;31.00
4853;pms5003;3628;6.559;3.386;2026-03-30T23:03:39.219377+00:00;P2;7.00
4853;pms5003;3628;6.559;3.386;2026-03-30T23:03:39.219377+00:00;P1;7.00
4853;pms5003;3628;6.559;3.386;2026-03-30T23:03:39.219377+00:00;P0;5.00
4854;DHT22;3628;6.559;3.386;2026-03-30T23:03:56.711974+00:00;humidity;88.90
4854;DHT22;3628;6.559;3.386;2026-03-30T23:03:56.711974+00:00;temperature;30.90
4853;pms5003;3628;6.559;3.386;2026-03-30T23:09:13.891361+00:00;P2;6.50
4853;pms5003;3628;6.559;3.386;2026-03-30T23:09:13.891361+00:00;P1;6.50
4853;pms5003;3628;6.559;3.386;2026-03-30T23:09:13.891361+00:00;P0;5.00
4854;DHT22;3628;6.559;3.386;2026-03-30T23:09:31.234195+00:00;humidity;89.00
4854;DHT22;3628;6.559;3.386;2026-03-30T23:09:31.234195+00:00;temperature;30.90
4854;DHT22;3628;6.559;3.386;2026-03-30T23:15:00.119340+00:00;P2;9.00
4854;DHT22;3628;6.559;3.386;2026-03-30T23:15:00.119340+00:00;P1;17.00
4854;DHT22;3628;6.559;3.386;2026-03-30T23:15:00.119340+00:00;P0;5.00
4853;pms5003;3628;6.559;3.386;2026-03-30T23:20:34.641603+00:00;P2;9.00
4853;pms5003;3628;6.559;3.386;2026-03-30T23:20:34.641603+00:00;P1;9.00
4853;pms5003;3628;6.559;3.386;2026-03-30T23:20:34.641603+00:00;P0;6.00
4854;DHT22;3628;6.559;3.386;2026-03-30T23:20:52.061184+00:00;humidity;89.10
4854;DHT22;3628;6.559;3.386;2026-03-30T23:20:52.061184+00:00;temperature;30.90
4853;pms5003;3628;6.559;3.386;2026-03-30T23:26:09.230101+00:00;P2;8.50
4853;pms5003;3628;6.559;3.386;2026-03-30T23:26:09.230101+00:00;P1;9.50
4853;pms5003;3628;6.559;3.386;2026-03-30T23:26:09.230101+00:00;P0;6.00
4854;DHT22;3628;6.559;3.386;2026-03-30T23:26:26.605453+00:00;humidity;89.60
4854;DHT22;3628;6.559;3.386;2026-03-30T23:26:26.605453+00:00;temperature;30.80
4853;pms5003;3628;6.559;3.386;2026-03-30T23:31:43.787382+00:00;P2;11.75
4853;pms5003;3628;6.559;3.386;2026-03-30T23:31:43.787382+00:00;P1;14.50
4853;pms5003;3628;6.559;3.386;2026-03-30T23:31:43.787382+00:00;P0;7.50
4854;DHT22;3628;6.559;3.386;2026-03-30T23:32:01.251886+00:00;humidity;89.40
4854;DHT22;3628;6.559;3.386;2026-03-30T23:32:01.251886+00:00;temperature;30.80
4853;pms5003;3628;6.559;3.386;2026-03-30T23:37:18.431856+00:00;P2;9.00
4853;pms5003;3628;6.559;3.386;2026-03-30T23:37:18.431856+00:00;P1;14.50
4853;pms5003;3628;6.559;3.386;2026-03-30T23:37:18.431856+00:00;P0;6.00
4854;DHT22;3628;6.559;3.386;2026-03-30T23:37:35.805845+00:00;humidity;89.80
4854;DHT22;3628;6.559;3.386;2026-03-30T23:37:35.805845+00:00;temperature;30.80
4854;DHT22;3628;6.559;3.386;2026-03-30T23:43:10.322896+00:00;humidity;90.20
4854;DHT22;3628;6.559;3.386;2026-03-30T23:43:10.322896+00:00;temperature;30.70
4854;DHT22;3628;6.559;3.386;2026-03-30T23:48:45.067663+00:00;humidity;90.10
4854;DHT22;3628;6.559;3.386;2026-03-30T23:48:45.067663+00:00;temperature;30.70
4853;pms5003;3628;6.559;3.386;2026-03-31T00:04:45.716305+00:00;P2;11.00
4853;pms5003;3628;6.559;3.386;2026-03-31T00:04:45.716305+00:00;P1;12.50
4853;pms5003;3628;6.559;3.386;2026-03-31T00:04:45.716305+00:00;P0;8.00
4854;DHT22;3628;6.559;3.386;2026-03-31T00:05:03.056045+00:00;humidity;89.80
4854;DHT22;3628;6.559;3.386;2026-03-31T00:05:03.056045+00:00;temperature;30.80
4853;pms5003;3628;6.559;3.386;2026-03-31T00:10:20.182498+00:00;P2;12.00
4853;pms5003;3628;6.559;3.386;2026-03-31T00:10:20.182498+00:00;P1;13.00
4853;pms5003;3628;6.559;3.386;2026-03-31T00:10:20.182498+00:00;P0;8.00
4854;DHT22;3628;6.559;3.386;2026-03-31T00:10:37.617771+00:00;humidity;90.50
4854;DHT22;3628;6.559;3.386;2026-03-31T00:10:37.617771+00:00;temperature;30.70
4853;pms5003;3628;6.559;3.386;2026-03-31T00:15:54.904091+00:00;P2;10.00
4853;pms5003;3628;6.559;3.386;2026-03-31T00:15:54.904091+00:00;P1;10.00
4853;pms5003;3628;6.559;3.386;2026-03-31T00:15:54.904091+00:00;P0;7.00
4853;pms5003;3628;6.559;3.386;2026-03-31T00:26:32.316510+00:00;P2;6.40
4853;pms5003;3628;6.559;3.386;2026-03-31T00:26:32.316510+00:00;P1;7.40
4853;pms5003;3628;6.559;3.386;2026-03-31T00:26:32.316510+00:00;P0;4.00
4854;DHT22;3628;6.559;3.386;2026-03-31T00:26:49.726091+00:00;humidity;90.20
4854;DHT22;3628;6.559;3.386;2026-03-31T00:26:49.726091+00:00;temperature;30.70
4853;pms5003;3628;6.559;3.386;2026-03-31T00:32:06.936560+00:00;P2;9.00
4853;pms5003;3628;6.559;3.386;2026-03-31T00:32:06.936560+00:00;P1;9.00
4853;pms5003;3628;6.559;3.386;2026-03-31T00:32:06.936560+00:00;P0;6.00
4854;DHT22;3628;6.559;3.386;2026-03-31T00:32:24.233600+00:00;humidity;90.10
4854;DHT22;3628;6.559;3.386;2026-03-31T00:32:24.233600+00:00;temperature;30.60
4853;pms5003;3628;6.559;3.386;2026-03-31T00:37:41.456465+00:00;P2;9.00
4853;pms5003;3628;6.559;3.386;2026-03-31T00:37:41.456465+00:00;P1;12.50
4853;pms5003;3628;6.559;3.386;2026-03-31T00:37:41.456465+00:00;P0;7.00
4854;DHT22;3628;6.559;3.386;2026-03-31T00:37:58.835243+00:00;humidity;89.80
4854;DHT22;3628;6.559;3.386;2026-03-31T00:37:58.835243+00:00;temperature;30.70
4853;pms5003;3628;6.559;3.386;2026-03-31T00:48:42.683054+00:00;P2;10.67
4853;pms5003;3628;6.559;3.386;2026-03-31T00:48:42.683054+00:00;P1;12.67
4853;pms5003;3628;6.559;3.386;2026-03-31T00:48:42.683054+00:00;P0;5.67
4853;pms5003;3628;6.559;3.386;2026-03-31T01:04:35.385594+00:00;P2;31.80
4853;pms5003;3628;6.559;3.386;2026-03-31T01:04:35.385594+00:00;P1;49.40
4853;pms5003;3628;6.559;3.386;2026-03-31T01:04:35.385594+00:00;P0;22.80
4854;DHT22;3628;6.559;3.386;2026-03-31T01:04:52.756321+00:00;humidity;91.50
4854;DHT22;3628;6.559;3.386;2026-03-31T01:04:52.756321+00:00;temperature;30.50
4853;pms5003;3628;6.559;3.386;2026-03-31T01:10:09.934569+00:00;P2;33.00
4853;pms5003;3628;6.559;3.386;2026-03-31T01:10:09.934569+00:00;P1;49.00
4853;pms5003;3628;6.559;3.386;2026-03-31T01:10:09.934569+00:00;P0;20.25
4853;pms5003;3628;6.559;3.386;2026-03-31T01:15:44.633757+00:00;P2;38.00
4853;pms5003;3628;6.559;3.386;2026-03-31T01:15:44.633757+00:00;P1;55.75
4853;pms5003;3628;6.559;3.386;2026-03-31T01:15:44.633757+00:00;P0;24.00
4854;DHT22;3628;6.559;3.386;2026-03-31T01:16:01.973047+00:00;humidity;91.40
4854;DHT22;3628;6.559;3.386;2026-03-31T01:16:01.973047+00:00;temperature;30.50
4853;pms5003;3628;6.559;3.386;2026-03-31T05:46:54.716346+00:00;P2;29.00
4853;pms5003;3628;6.559;3.386;2026-03-31T05:46:54.716346+00:00;P1;32.00
4853;pms5003;3628;6.559;3.386;2026-03-31T05:46:54.716346+00:00;P0;20.00
4854;DHT22;3628;6.559;3.386;2026-03-31T05:47:12.090854+00:00;humidity;100.00
4854;DHT22;3628;6.559;3.386;2026-03-31T05:47:12.090854+00:00;temperature;29.30
4854;DHT22;3628;6.559;3.386;2026-03-31T05:52:35.835667+00:00;humidity;100.00
4854;DHT22;3628;6.559;3.386;2026-03-31T05:52:35.835667+00:00;temperature;30.30
4954;pms5003;3629;6.428;3.435;2026-03-31T08:37:51+00:00;P2;7
4954;pms5003;3629;6.428;3.435;2026-03-31T08:37:51+00:00;P1;7
4954;pms5003;3629;6.428;3.435;2026-03-31T08:37:51+00:00;P0;5
4955;DHT22;3629;6.428;3.435;2026-03-31T08:37:53+00:00;humidity;100
4955;DHT22;3629;6.428;3.435;2026-03-31T08:37:53+00:00;temperature;150
4954;pms5003;3629;6.428;3.435;2026-03-31T08:43:27+00:00;P2;5
4954;pms5003;3629;6.428;3.435;2026-03-31T08:43:27+00:00;P1;6
4954;pms5003;3629;6.428;3.435;2026-03-31T08:43:27+00:00;P0;4
4955;DHT22;3629;6.428;3.435;2026-03-31T08:43:29+00:00;humidity;71.9
4955;DHT22;3629;6.428;3.435;2026-03-31T08:43:29+00:00;temperature;33.3
4954;pms5003;3629;6.428;3.435;2026-03-31T08:49:04+00:00;P2;6
4954;pms5003;3629;6.428;3.435;2026-03-31T08:49:04+00:00;P1;6
4954;pms5003;3629;6.428;3.435;2026-03-31T08:49:04+00:00;P0;4
4955;DHT22;3629;6.428;3.435;2026-03-31T08:49:06+00:00;humidity;71.2
4955;DHT22;3629;6.428;3.435;2026-03-31T08:49:06+00:00;temperature;33.1
4954;pms5003;3629;6.428;3.435;2026-03-31T08:54:41+00:00;P2;4
4954;pms5003;3629;6.428;3.435;2026-03-31T08:54:41+00:00;P1;4
4954;pms5003;3629;6.428;3.435;2026-03-31T08:54:41+00:00;P0;3
4955;DHT22;3629;6.428;3.435;2026-03-31T08:54:43+00:00;humidity;70.9
4955;DHT22;3629;6.428;3.435;2026-03-31T08:54:43+00:00;temperature;33.4
4954;pms5003;3629;6.428;3.435;2026-03-31T09:00:18+00:00;P2;32
4954;pms5003;3629;6.428;3.435;2026-03-31T09:00:18+00:00;P1;36
4954;pms5003;3629;6.428;3.435;2026-03-31T09:00:18+00:00;P0;21
4955;DHT22;3629;6.428;3.435;2026-03-31T09:00:20+00:00;humidity;69.8
4955;DHT22;3629;6.428;3.435;2026-03-31T09:00:20+00:00;temperature;33.9
4954;pms5003;3629;6.428;3.435;2026-03-31T09:05:54+00:00;P2;34
4954;pms5003;3629;6.428;3.435;2026-03-31T09:05:54+00:00;P1;39
4954;pms5003;3629;6.428;3.435;2026-03-31T09:05:54+00:00;P0;22
4955;DHT22;3629;6.428;3.435;2026-03-31T09:05:56+00:00;humidity;71.9
4955;DHT22;3629;6.428;3.435;2026-03-31T09:05:56+00:00;temperature;34
4853;pms5003;3628;6.559;3.386;2026-03-31T09:27:47.423496+00:00;P2;30.00
4853;pms5003;3628;6.559;3.386;2026-03-31T09:27:47.423496+00:00;P1;34.00
4853;pms5003;3628;6.559;3.386;2026-03-31T09:27:47.423496+00:00;P0;20.00
4853;pms5003;3628;6.559;3.386;2026-03-31T09:33:11.498987+00:00;P2;30.00
4853;pms5003;3628;6.559;3.386;2026-03-31T09:33:11.498987+00:00;P1;31.50
4853;pms5003;3628;6.559;3.386;2026-03-31T09:33:11.498987+00:00;P0;21.50
4854;DHT22;3628;6.559;3.386;2026-03-31T09:33:28.856615+00:00;humidity;73.60
4854;DHT22;3628;6.559;3.386;2026-03-31T09:33:28.856615+00:00;temperature;35.60
4853;pms5003;3628;6.559;3.386;2026-03-31T09:38:46.161477+00:00;P2;32.00
4853;pms5003;3628;6.559;3.386;2026-03-31T09:38:46.161477+00:00;P1;41.00
4853;pms5003;3628;6.559;3.386;2026-03-31T09:38:46.161477+00:00;P0;23.00
4854;DHT22;3628;6.559;3.386;2026-03-31T09:39:03.564890+00:00;humidity;70.50
4854;DHT22;3628;6.559;3.386;2026-03-31T09:39:03.564890+00:00;temperature;36.50
4853;pms5003;3628;6.559;3.386;2026-03-31T09:44:20.800865+00:00;P2;32.00
4853;pms5003;3628;6.559;3.386;2026-03-31T09:44:20.800865+00:00;P1;42.75
4853;pms5003;3628;6.559;3.386;2026-03-31T09:44:20.800865+00:00;P0;21.75
4854;DHT22;3628;6.559;3.386;2026-03-31T09:44:38.101304+00:00;humidity;69.50
4854;DHT22;3628;6.559;3.386;2026-03-31T09:44:38.101304+00:00;temperature;36.70
4853;pms5003;3628;6.559;3.386;2026-03-31T09:49:55.204308+00:00;P2;26.25
4853;pms5003;3628;6.559;3.386;2026-03-31T09:49:55.204308+00:00;P1;41.75
4853;pms5003;3628;6.559;3.386;2026-03-31T09:49:55.204308+00:00;P0;19.50
4854;DHT22;3628;6.559;3.386;2026-03-31T09:50:12.674902+00:00;humidity;67.20
4854;DHT22;3628;6.559;3.386;2026-03-31T09:50:12.674902+00:00;temperature;37.10
4853;pms5003;3628;6.559;3.386;2026-03-31T09:55:29.922337+00:00;P2;24.80
4853;pms5003;3628;6.559;3.386;2026-03-31T09:55:29.922337+00:00;P1;24.80
4853;pms5003;3628;6.559;3.386;2026-03-31T09:55:29.922337+00:00;P0;18.00
4853;pms5003;3628;6.559;3.386;2026-03-31T10:01:04.448380+00:00;P2;30.40
4853;pms5003;3628;6.559;3.386;2026-03-31T10:01:04.448380+00:00;P1;33.40
4853;pms5003;3628;6.559;3.386;2026-03-31T10:01:04.448380+00:00;P0;21.00
4853;pms5003;3628;6.559;3.386;2026-03-31T10:11:26.654018+00:00;P2;42.75
4853;pms5003;3628;6.559;3.386;2026-03-31T10:11:26.654018+00:00;P1;60.25
4853;pms5003;3628;6.559;3.386;2026-03-31T10:11:26.654018+00:00;P0;27.25
4854;DHT22;3628;6.559;3.386;2026-03-31T10:11:48.700519+00:00;humidity;68.50
4854;DHT22;3628;6.559;3.386;2026-03-31T10:11:48.700519+00:00;temperature;36.60
4853;pms5003;3628;6.559;3.386;2026-03-31T10:24:26.696107+00:00;P2;44.60
4853;pms5003;3628;6.559;3.386;2026-03-31T10:24:26.696107+00:00;P1;61.60
4853;pms5003;3628;6.559;3.386;2026-03-31T10:24:26.696107+00:00;P0;28.00
4854;DHT22;3628;6.559;3.386;2026-03-31T10:24:44.105826+00:00;humidity;74.80
4854;DHT22;3628;6.559;3.386;2026-03-31T10:24:44.105826+00:00;temperature;34.80
4854;DHT22;3628;6.559;3.386;2026-03-31T10:33:04.414245+00:00;humidity;74.70
4854;DHT22;3628;6.559;3.386;2026-03-31T10:33:04.414245+00:00;temperature;34.90
4854;DHT22;3628;6.559;3.386;2026-03-31T10:39:18.230851+00:00;humidity;75.80
4854;DHT22;3628;6.559;3.386;2026-03-31T10:39:18.230851+00:00;temperature;34.70
4853;pms5003;3628;6.559;3.386;2026-03-31T10:44:44.494206+00:00;P2;9.00
4853;pms5003;3628;6.559;3.386;2026-03-31T10:44:44.494206+00:00;P1;10.50
4853;pms5003;3628;6.559;3.386;2026-03-31T10:44:44.494206+00:00;P0;6.00
4854;DHT22;3628;6.559;3.386;2026-03-31T10:45:01.892702+00:00;humidity;73.10
4854;DHT22;3628;6.559;3.386;2026-03-31T10:45:01.892702+00:00;temperature;32.60
4853;pms5003;3628;6.559;3.386;2026-03-31T10:56:08.151720+00:00;P2;18.80
4853;pms5003;3628;6.559;3.386;2026-03-31T10:56:08.151720+00:00;P1;31.80
4853;pms5003;3628;6.559;3.386;2026-03-31T10:56:08.151720+00:00;P0;11.40
4853;pms5003;3628;6.559;3.386;2026-03-31T11:01:45.051497+00:00;P2;17.00
4853;pms5003;3628;6.559;3.386;2026-03-31T11:01:45.051497+00:00;P1;20.00
4853;pms5003;3628;6.559;3.386;2026-03-31T11:01:45.051497+00:00;P0;12.00
4854;DHT22;3628;6.559;3.386;2026-03-31T11:01:50.668888+00:00;humidity;100.00
4854;DHT22;3628;6.559;3.386;2026-03-31T11:01:50.668888+00:00;temperature;27.80
4853;pms5003;3628;6.559;3.386;2026-03-31T11:12:30.319436+00:00;P2;12.50
4853;pms5003;3628;6.559;3.386;2026-03-31T11:12:30.319436+00:00;P1;18.00
4853;pms5003;3628;6.559;3.386;2026-03-31T11:12:30.319436+00:00;P0;7.00
4854;DHT22;3628;6.559;3.386;2026-03-31T11:12:55.368552+00:00;humidity;100.00
4854;DHT22;3628;6.559;3.386;2026-03-31T11:12:55.368552+00:00;temperature;25.90
4853;pms5003;3628;6.559;3.386;2026-03-31T11:18:10.480804+00:00;P2;14.00
4853;pms5003;3628;6.559;3.386;2026-03-31T11:18:10.480804+00:00;P1;19.75
4853;pms5003;3628;6.559;3.386;2026-03-31T11:18:10.480804+00:00;P0;9.00
4854;DHT22;3628;6.559;3.386;2026-03-31T11:23:51.508318+00:00;humidity;100.00
4854;DHT22;3628;6.559;3.386;2026-03-31T11:23:51.508318+00:00;temperature;26.10
4853;pms5003;3628;6.559;3.386;2026-03-31T11:29:11.616317+00:00;P2;15.00
4853;pms5003;3628;6.559;3.386;2026-03-31T11:29:11.616317+00:00;P1;18.00
4853;pms5003;3628;6.559;3.386;2026-03-31T11:29:11.616317+00:00;P0;10.00
4853;pms5003;3628;6.559;3.386;2026-03-31T11:40:12.976096+00:00;P2;14.50
4853;pms5003;3628;6.559;3.386;2026-03-31T11:40:12.976096+00:00;P1;15.50
4853;pms5003;3628;6.559;3.386;2026-03-31T11:40:12.976096+00:00;P0;8.00
4854;DHT22;3628;6.559;3.386;2026-03-31T11:40:30.511472+00:00;humidity;100.00
4854;DHT22;3628;6.559;3.386;2026-03-31T11:40:30.511472+00:00;temperature;26.30
4853;pms5003;3628;6.559;3.386;2026-03-31T11:45:47.720187+00:00;P2;15.00
4853;pms5003;3628;6.559;3.386;2026-03-31T11:45:47.720187+00:00;P1;25.00
4853;pms5003;3628;6.559;3.386;2026-03-31T11:45:47.720187+00:00;P0;9.00
4854;DHT22;3628;6.559;3.386;2026-03-31T11:46:05.033317+00:00;humidity;100.00
4854;DHT22;3628;6.559;3.386;2026-03-31T11:46:05.033317+00:00;temperature;26.10
4854;DHT22;3628;6.559;3.386;2026-03-31T11:51:43.043878+00:00;humidity;100.00
4854;DHT22;3628;6.559;3.386;2026-03-31T11:51:43.043878+00:00;temperature;25.90
4853;pms5003;3628;6.559;3.386;2026-03-31T11:57:00.329518+00:00;P2;12.80
4853;pms5003;3628;6.559;3.386;2026-03-31T11:57:00.329518+00:00;P1;15.00
4853;pms5003;3628;6.559;3.386;2026-03-31T11:57:00.329518+00:00;P0;7.00
4854;DHT22;3628;6.559;3.386;2026-03-31T18:12:19.541157+00:00;humidity;78.00
4854;DHT22;3628;6.559;3.386;2026-03-31T18:12:19.541157+00:00;temperature;31.30
4853;pms5003;3628;6.559;3.386;2026-03-31T18:17:27.927383+00:00;P2;15.00
4853;pms5003;3628;6.559;3.386;2026-03-31T18:17:27.927383+00:00;P1;21.00
4853;pms5003;3628;6.559;3.386;2026-03-31T18:17:27.927383+00:00;P0;12.00
4853;pms5003;3628;6.559;3.386;2026-03-31T18:23:11.165646+00:00;P2;24.60
