sensor_id;sensor_type;location;lat;lon;timestamp;value_type;value
4856;DHT22;3629;6.428;3.435;2025-10-01T05:44:19.670204+00:00;humidity;100.00
4856;DHT22;3629;6.428;3.435;2025-10-01T05:44:19.670204+00:00;temperature;22.10
4855;pms5003;3629;6.428;3.435;2025-10-01T05:46:59.614385+00:00;P2;5.00
4855;pms5003;3629;6.428;3.435;2025-10-01T05:46:59.614385+00:00;P1;5.00
4855;pms5003;3629;6.428;3.435;2025-10-01T05:46:59.614385+00:00;P0;4.00
4856;DHT22;3629;6.428;3.435;2025-10-01T05:47:09.853377+00:00;humidity;100.00
4856;DHT22;3629;6.428;3.435;2025-10-01T05:47:09.853377+00:00;temperature;22.40
4855;pms5003;3629;6.428;3.435;2025-10-01T05:49:49.927837+00:00;P2;3.67
4855;pms5003;3629;6.428;3.435;2025-10-01T05:49:49.927837+00:00;P1;4.00
4855;pms5003;3629;6.428;3.435;2025-10-01T05:49:49.927837+00:00;P0;2.67
4856;DHT22;3629;6.428;3.435;2025-10-01T05:50:00.143123+00:00;humidity;100.00
4856;DHT22;3629;6.428;3.435;2025-10-01T05:50:00.143123+00:00;temperature;22.50
4855;pms5003;3629;6.428;3.435;2025-10-01T05:52:39.972934+00:00;P2;4.00
4855;pms5003;3629;6.428;3.435;2025-10-01T05:52:39.972934+00:00;P1;5.00
4855;pms5003;3629;6.428;3.435;2025-10-01T05:52:39.972934+00:00;P0;3.00
4856;DHT22;3629;6.428;3.435;2025-10-01T05:52:50.209237+00:00;humidity;100.00
4856;DHT22;3629;6.428;3.435;2025-10-01T05:52:50.209237+00:00;temperature;22.60
4855;pms5003;3629;6.428;3.435;2025-10-01T05:55:30.063900+00:00;P2;5.33
4855;pms5003;3629;6.428;3.435;2025-10-01T05:55:30.063900+00:00;P1;5.67
4855;pms5003;3629;6.428;3.435;2025-10-01T05:55:30.063900+00:00;P0;3.33
4856;DHT22;3629;6.428;3.435;2025-10-01T05:55:40.312286+00:00;humidity;100.00
4856;DHT22;3629;6.428;3.435;2025-10-01T05:55:40.312286+00:00;temperature;22.70
4855;pms5003;3629;6.428;3.435;2025-10-01T05:58:20.171069+00:00;P2;5.00
4855;pms5003;3629;6.428;3.435;2025-10-01T05:58:20.171069+00:00;P1;6.00
4855;pms5003;3629;6.428;3.435;2025-10-01T05:58:20.171069+00:00;P0;4.00
4856;DHT22;3629;6.428;3.435;2025-10-01T05:58:30.434588+00:00;humidity;100.00
4856;DHT22;3629;6.428;3.435;2025-10-01T05:58:30.434588+00:00;temperature;22.70
4855;pms5003;3629;6.428;3.435;2025-10-01T06:01:10.372727+00:00;P2;5.00
4855;pms5003;3629;6.428;3.435;2025-10-01T06:01:10.372727+00:00;P1;5.50
4855;pms5003;3629;6.428;3.435;2025-10-01T06:01:10.372727+00:00;P0;4.00
4856;DHT22;3629;6.428;3.435;2025-10-01T06:01:20.673194+00:00;humidity;100.00
4856;DHT22;3629;6.428;3.435;2025-10-01T06:01:20.673194+00:00;temperature;22.80
4855;pms5003;3629;6.428;3.435;2025-10-01T06:04:00.551067+00:00;P2;6.33
4855;pms5003;3629;6.428;3.435;2025-10-01T06:04:00.551067+00:00;P1;7.00
4855;pms5003;3629;6.428;3.435;2025-10-01T06:04:00.551067+00:00;P0;4.33
4856;DHT22;3629;6.428;3.435;2025-10-01T06:04:10.750346+00:00;humidity;100.00
4856;DHT22;3629;6.428;3.435;2025-10-01T06:04:10.750346+00:00;temperature;23.00
4855;pms5003;3629;6.428;3.435;2025-10-01T06:06:50.598870+00:00;P2;5.00
4855;pms5003;3629;6.428;3.435;2025-10-01T06:06:50.598870+00:00;P1;5.00
4855;pms5003;3629;6.428;3.435;2025-10-01T06:06:50.598870+00:00;P0;4.00
4856;DHT22;3629;6.428;3.435;2025-10-01T06:07:00.831413+00:00;humidity;100.00
4856;DHT22;3629;6.428;3.435;2025-10-01T06:07:00.831413+00:00;temperature;23.00
4855;pms5003;3629;6.428;3.435;2025-10-01T06:09:40.673745+00:00;P2;6.00
4855;pms5003;3629;6.428;3.435;2025-10-01T06:09:40.673745+00:00;P1;6.50
4855;pms5003;3629;6.428;3.435;2025-10-01T06:09:40.673745+00:00;P0;4.75
4856;DHT22;3629;6.428;3.435;2025-10-01T06:09:50.936011+00:00;humidity;100.00
4856;DHT22;3629;6.428;3.435;2025-10-01T06:09:50.936011+00:00;temperature;23.10
4855;pms5003;3629;6.428;3.435;2025-10-01T06:12:30.913660+00:00;P2;5.00
4855;pms5003;3629;6.428;3.435;2025-10-01T06:12:30.913660+00:00;P1;5.00
4855;pms5003;3629;6.428;3.435;2025-10-01T06:12:30.913660+00:00;P0;4.00
4856;DHT22;3629;6.428;3.435;2025-10-01T06:12:41.133546+00:00;humidity;100.00
4856;DHT22;3629;6.428;3.435;2025-10-01T06:12:41.133546+00:00;temperature;23.20
4855;pms5003;3629;6.428;3.435;2025-10-01T06:15:20.953426+00:00;P2;5.00
4855;pms5003;3629;6.428;3.435;2025-10-01T06:15:20.953426+00:00;P1;7.00
4855;pms5003;3629;6.428;3.435;2025-10-01T06:15:20.953426+00:00;P0;3.50
4856;DHT22;3629;6.428;3.435;2025-10-01T06:15:31.193548+00:00;humidity;100.00
4856;DHT22;3629;6.428;3.435;2025-10-01T06:15:31.193548+00:00;temperature;23.10
4855;pms5003;3629;6.428;3.435;2025-10-01T06:18:11.015205+00:00;P2;6.00
4855;pms5003;3629;6.428;3.435;2025-10-01T06:18:11.015205+00:00;P1;6.00
4855;pms5003;3629;6.428;3.435;2025-10-01T06:18:11.015205+00:00;P0;5.00
4856;DHT22;3629;6.428;3.435;2025-10-01T06:18:21.253083+00:00;humidity;100.00
4856;DHT22;3629;6.428;3.435;2025-10-01T06:18:21.253083+00:00;temperature;23.20
4855;pms5003;3629;6.428;3.435;2025-10-01T06:21:01.115245+00:00;P2;6.25
4855;pms5003;3629;6.428;3.435;2025-10-01T06:21:01.115245+00:00;P1;6.25
4855;pms5003;3629;6.428;3.435;2025-10-01T06:21:01.115245+00:00;P0;5.00
4856;DHT22;3629;6.428;3.435;2025-10-01T06:21:11.358725+00:00;humidity;100.00
4856;DHT22;3629;6.428;3.435;2025-10-01T06:21:11.358725+00:00;temperature;23.20
4855;pms5003;3629;6.428;3.435;2025-10-01T06:23:51.211472+00:00;P2;7.00
4855;pms5003;3629;6.428;3.435;2025-10-01T06:23:51.211472+00:00;P1;7.00
4855;pms5003;3629;6.428;3.435;2025-10-01T06:23:51.211472+00:00;P0;4.00
4856;DHT22;3629;6.428;3.435;2025-10-01T06:24:01.452561+00:00;humidity;100.00
4856;DHT22;3629;6.428;3.435;2025-10-01T06:24:01.452561+00:00;temperature;23.20
4855;pms5003;3629;6.428;3.435;2025-10-01T06:26:41.333819+00:00;P2;6.00
4855;pms5003;3629;6.428;3.435;2025-10-01T06:26:41.333819+00:00;P1;6.00
4855;pms5003;3629;6.428;3.435;2025-10-01T06:26:41.333819+00:00;P0;5.00
4856;DHT22;3629;6.428;3.435;2025-10-01T06:26:51.595453+00:00;humidity;100.00
4856;DHT22;3629;6.428;3.435;2025-10-01T06:26:51.595453+00:00;temperature;23.20
4855;pms5003;3629;6.428;3.435;2025-10-01T06:29:31.435655+00:00;P2;7.00
4855;pms5003;3629;6.428;3.435;2025-10-01T06:29:31.435655+00:00;P1;7.00
4855;pms5003;3629;6.428;3.435;2025-10-01T06:29:31.435655+00:00;P0;5.00
4856;DHT22;3629;6.428;3.435;2025-10-01T06:29:41.671519+00:00;humidity;100.00
4856;DHT22;3629;6.428;3.435;2025-10-01T06:29:41.671519+00:00;temperature;23.30
4855;pms5003;3629;6.428;3.435;2025-10-01T17:27:52.801702+00:00;P2;6.40
4855;pms5003;3629;6.428;3.435;2025-10-01T17:27:52.801702+00:00;P1;8.00
4855;pms5003;3629;6.428;3.435;2025-10-01T17:27:52.801702+00:00;P0;5.00
4856;DHT22;3629;6.428;3.435;2025-10-01T17:28:02.819589+00:00;humidity;100.00
4856;DHT22;3629;6.428;3.435;2025-10-01T17:28:02.819589+00:00;temperature;27.70
4855;pms5003;3629;6.428;3.435;2025-10-01T17:30:45.921423+00:00;P2;5.75
4855;pms5003;3629;6.428;3.435;2025-10-01T17:30:45.921423+00:00;P1;5.75
4855;pms5003;3629;6.428;3.435;2025-10-01T17:30:45.921423+00:00;P0;4.00
4856;DHT22;3629;6.428;3.435;2025-10-01T17:30:56.501117+00:00;humidity;100.00
4856;DHT22;3629;6.428;3.435;2025-10-01T17:30:56.501117+00:00;temperature;27.60
4856;DHT22;3629;6.428;3.435;2025-10-03T05:28:47.670320+00:00;humidity;100.00
4856;DHT22;3629;6.428;3.435;2025-10-03T05:28:47.670320+00:00;temperature;26.70
4855;pms5003;3629;6.428;3.435;2025-10-03T05:31:28.071740+00:00;P2;4.00
4855;pms5003;3629;6.428;3.435;2025-10-03T05:31:28.071740+00:00;P1;4.00
4855;pms5003;3629;6.428;3.435;2025-10-03T05:31:28.071740+00:00;P0;3.00
4856;DHT22;3629;6.428;3.435;2025-10-03T05:31:38.240128+00:00;humidity;100.00
4856;DHT22;3629;6.428;3.435;2025-10-03T05:31:38.240128+00:00;temperature;27.10
4855;pms5003;3629;6.428;3.435;2025-10-03T05:34:18.266037+00:00;P2;4.75
4855;pms5003;3629;6.428;3.435;2025-10-03T05:34:18.266037+00:00;P1;5.00
4855;pms5003;3629;6.428;3.435;2025-10-03T05:34:18.266037+00:00;P0;3.00
4856;DHT22;3629;6.428;3.435;2025-10-03T05:34:28.382611+00:00;humidity;100.00
4856;DHT22;3629;6.428;3.435;2025-10-03T05:34:28.382611+00:00;temperature;27.60
4855;pms5003;3629;6.428;3.435;2025-10-03T05:37:08.215403+00:00;P2;6.00
4855;pms5003;3629;6.428;3.435;2025-10-03T05:37:08.215403+00:00;P1;6.00
4855;pms5003;3629;6.428;3.435;2025-10-03T05:37:08.215403+00:00;P0;4.67
4856;DHT22;3629;6.428;3.435;2025-10-03T05:37:18.419284+00:00;humidity;100.00
4856;DHT22;3629;6.428;3.435;2025-10-03T05:37:18.419284+00:00;temperature;27.90
4855;pms5003;3629;6.428;3.435;2025-10-03T05:39:58.321147+00:00;P2;6.25
4855;pms5003;3629;6.428;3.435;2025-10-03T05:39:58.321147+00:00;P1;6.25
4855;pms5003;3629;6.428;3.435;2025-10-03T05:39:58.321147+00:00;P0;4.25
4856;DHT22;3629;6.428;3.435;2025-10-03T05:40:08.524297+00:00;humidity;100.00
4856;DHT22;3629;6.428;3.435;2025-10-03T05:40:08.524297+00:00;temperature;28.20
4855;pms5003;3629;6.428;3.435;2025-10-03T05:42:48.337886+00:00;P2;4.00
4855;pms5003;3629;6.428;3.435;2025-10-03T05:42:48.337886+00:00;P1;5.00
4855;pms5003;3629;6.428;3.435;2025-10-03T05:42:48.337886+00:00;P0;3.00
4856;DHT22;3629;6.428;3.435;2025-10-03T05:42:58.518112+00:00;humidity;100.00
4856;DHT22;3629;6.428;3.435;2025-10-03T05:42:58.518112+00:00;temperature;28.40
4855;pms5003;3629;6.428;3.435;2025-10-03T05:45:38.305410+00:00;P2;7.00
4855;pms5003;3629;6.428;3.435;2025-10-03T05:45:38.305410+00:00;P1;7.00
4855;pms5003;3629;6.428;3.435;2025-10-03T05:45:38.305410+00:00;P0;4.00
4856;DHT22;3629;6.428;3.435;2025-10-03T05:45:48.505901+00:00;humidity;100.00
4856;DHT22;3629;6.428;3.435;2025-10-03T05:45:48.505901+00:00;temperature;28.50
4855;pms5003;3629;6.428;3.435;2025-10-03T05:48:28.300192+00:00;P2;5.00
4855;pms5003;3629;6.428;3.435;2025-10-03T05:48:28.300192+00:00;P1;5.00
4855;pms5003;3629;6.428;3.435;2025-10-03T05:48:28.300192+00:00;P0;3.00
4856;DHT22;3629;6.428;3.435;2025-10-03T05:48:38.498483+00:00;humidity;100.00
4856;DHT22;3629;6.428;3.435;2025-10-03T05:48:38.498483+00:00;temperature;28.70
4855;pms5003;3629;6.428;3.435;2025-10-03T05:51:18.304848+00:00;P2;6.00
4855;pms5003;3629;6.428;3.435;2025-10-03T05:51:18.304848+00:00;P1;6.33
4855;pms5003;3629;6.428;3.435;2025-10-03T05:51:18.304848+00:00;P0;4.00
4856;DHT22;3629;6.428;3.435;2025-10-03T05:51:28.497484+00:00;humidity;100.00
4856;DHT22;3629;6.428;3.435;2025-10-03T05:51:28.497484+00:00;temperature;28.70
4855;pms5003;3629;6.428;3.435;2025-10-03T05:54:08.357588+00:00;P2;6.00
4855;pms5003;3629;6.428;3.435;2025-10-03T05:54:08.357588+00:00;P1;6.00
4855;pms5003;3629;6.428;3.435;2025-10-03T05:54:08.357588+00:00;P0;4.00
4856;DHT22;3629;6.428;3.435;2025-10-03T05:54:18.539878+00:00;humidity;100.00
4856;DHT22;3629;6.428;3.435;2025-10-03T05:54:18.539878+00:00;temperature;28.80
4855;pms5003;3629;6.428;3.435;2025-10-03T05:56:58.441506+00:00;P2;6.00
4855;pms5003;3629;6.428;3.435;2025-10-03T05:56:58.441506+00:00;P1;7.00
4855;pms5003;3629;6.428;3.435;2025-10-03T05:56:58.441506+00:00;P0;4.00
4856;DHT22;3629;6.428;3.435;2025-10-03T05:57:08.642133+00:00;humidity;100.00
4856;DHT22;3629;6.428;3.435;2025-10-03T05:57:08.642133+00:00;temperature;28.80
4855;pms5003;3629;6.428;3.435;2025-10-03T05:59:49.843722+00:00;P2;6.00
4855;pms5003;3629;6.428;3.435;2025-10-03T05:59:49.843722+00:00;P1;6.00
4855;pms5003;3629;6.428;3.435;2025-10-03T05:59:49.843722+00:00;P0;4.00
4856;DHT22;3629;6.428;3.435;2025-10-03T06:00:00.006103+00:00;humidity;100.00
4856;DHT22;3629;6.428;3.435;2025-10-03T06:00:00.006103+00:00;temperature;28.80
4855;pms5003;3629;6.428;3.435;2025-10-03T06:02:39.844653+00:00;P2;4.67
4855;pms5003;3629;6.428;3.435;2025-10-03T06:02:39.844653+00:00;P1;5.00
4855;pms5003;3629;6.428;3.435;2025-10-03T06:02:39.844653+00:00;P0;2.67
4856;DHT22;3629;6.428;3.435;2025-10-03T06:02:50.048673+00:00;humidity;100.00
4856;DHT22;3629;6.428;3.435;2025-10-03T06:02:50.048673+00:00;temperature;28.90
4855;pms5003;3629;6.428;3.435;2025-10-03T06:05:29.884176+00:00;P2;5.00
4855;pms5003;3629;6.428;3.435;2025-10-03T06:05:29.884176+00:00;P1;5.00
4855;pms5003;3629;6.428;3.435;2025-10-03T06:05:29.884176+00:00;P0;3.00
4856;DHT22;3629;6.428;3.435;2025-10-03T06:05:40.048035+00:00;humidity;100.00
4856;DHT22;3629;6.428;3.435;2025-10-03T06:05:40.048035+00:00;temperature;28.90
4855;pms5003;3629;6.428;3.435;2025-10-03T06:08:19.857828+00:00;P2;5.00
4855;pms5003;3629;6.428;3.435;2025-10-03T06:08:19.857828+00:00;P1;5.75
4855;pms5003;3629;6.428;3.435;2025-10-03T06:08:19.857828+00:00;P0;3.75
4856;DHT22;3629;6.428;3.435;2025-10-03T06:08:30.071946+00:00;humidity;100.00
4856;DHT22;3629;6.428;3.435;2025-10-03T06:08:30.071946+00:00;temperature;28.90
4855;pms5003;3629;6.428;3.435;2025-10-03T06:11:09.872852+00:00;P2;6.00
4855;pms5003;3629;6.428;3.435;2025-10-03T06:11:09.872852+00:00;P1;6.50
4855;pms5003;3629;6.428;3.435;2025-10-03T06:11:09.872852+00:00;P0;4.00
4856;DHT22;3629;6.428;3.435;2025-10-03T06:11:20.059369+00:00;humidity;100.00
4856;DHT22;3629;6.428;3.435;2025-10-03T06:11:20.059369+00:00;temperature;28.90
4855;pms5003;3629;6.428;3.435;2025-10-03T06:13:59.840231+00:00;P2;7.00
4855;pms5003;3629;6.428;3.435;2025-10-03T06:13:59.840231+00:00;P1;7.00
4855;pms5003;3629;6.428;3.435;2025-10-03T06:13:59.840231+00:00;P0;4.33
4856;DHT22;3629;6.428;3.435;2025-10-03T06:14:10.042610+00:00;humidity;100.00
4856;DHT22;3629;6.428;3.435;2025-10-03T06:14:10.042610+00:00;temperature;29.00
4855;pms5003;3629;6.428;3.435;2025-10-03T06:16:49.838459+00:00;P2;6.75
4855;pms5003;3629;6.428;3.435;2025-10-03T06:16:49.838459+00:00;P1;7.00
4855;pms5003;3629;6.428;3.435;2025-10-03T06:16:49.838459+00:00;P0;4.50
4856;DHT22;3629;6.428;3.435;2025-10-03T06:17:00.064252+00:00;humidity;100.00
4856;DHT22;3629;6.428;3.435;2025-10-03T06:17:00.064252+00:00;temperature;29.10
4855;pms5003;3629;6.428;3.435;2025-10-04T05:28:54.715097+00:00;P2;6.00
4855;pms5003;3629;6.428;3.435;2025-10-04T05:28:54.715097+00:00;P1;6.00
4855;pms5003;3629;6.428;3.435;2025-10-04T05:28:54.715097+00:00;P0;4.00
4856;DHT22;3629;6.428;3.435;2025-10-04T05:29:04.796587+00:00;humidity;100.00
4856;DHT22;3629;6.428;3.435;2025-10-04T05:29:04.796587+00:00;temperature;26.60
4855;pms5003;3629;6.428;3.435;2025-10-04T05:31:45.186440+00:00;P2;5.00
4855;pms5003;3629;6.428;3.435;2025-10-04T05:31:45.186440+00:00;P1;5.00
4855;pms5003;3629;6.428;3.435;2025-10-04T05:31:45.186440+00:00;P0;3.00
4856;DHT22;3629;6.428;3.435;2025-10-05T05:31:52.212598+00:00;humidity;100.00
4856;DHT22;3629;6.428;3.435;2025-10-05T05:31:52.212598+00:00;temperature;26.70
4855;pms5003;3629;6.428;3.435;2025-10-05T05:34:32.510016+00:00;P2;6.00
4855;pms5003;3629;6.428;3.435;2025-10-05T05:34:32.510016+00:00;P1;6.00
4855;pms5003;3629;6.428;3.435;2025-10-05T05:34:32.510016+00:00;P0;3.00
4856;DHT22;3629;6.428;3.435;2025-10-05T05:34:42.750707+00:00;humidity;100.00
4856;DHT22;3629;6.428;3.435;2025-10-05T05:34:42.750707+00:00;temperature;27.10
4855;pms5003;3629;6.428;3.435;2025-10-05T05:37:22.689081+00:00;P2;6.00
4855;pms5003;3629;6.428;3.435;2025-10-05T05:37:22.689081+00:00;P1;7.00
4855;pms5003;3629;6.428;3.435;2025-10-05T05:37:22.689081+00:00;P0;3.67
4856;DHT22;3629;6.428;3.435;2025-10-05T05:37:32.969081+00:00;humidity;100.00
4856;DHT22;3629;6.428;3.435;2025-10-05T05:37:32.969081+00:00;temperature;27.50
4855;pms5003;3629;6.428;3.435;2025-10-05T05:40:12.929793+00:00;P2;3.33
4855;pms5003;3629;6.428;3.435;2025-10-05T05:40:12.929793+00:00;P1;4.33
4855;pms5003;3629;6.428;3.435;2025-10-05T05:40:12.929793+00:00;P0;2.00
4856;DHT22;3629;6.428;3.435;2025-10-05T05:40:23.290220+00:00;humidity;100.00
4856;DHT22;3629;6.428;3.435;2025-10-05T05:40:23.290220+00:00;temperature;27.80
4855;pms5003;3629;6.428;3.435;2025-10-05T05:43:03.204027+00:00;P2;2.00
4855;pms5003;3629;6.428;3.435;2025-10-05T05:43:03.204027+00:00;P1;2.00
4855;pms5003;3629;6.428;3.435;2025-10-05T05:43:03.204027+00:00;P0;2.00
4856;DHT22;3629;6.428;3.435;2025-10-05T05:43:13.487817+00:00;humidity;100.00
4856;DHT22;3629;6.428;3.435;2025-10-05T05:43:13.487817+00:00;temperature;28.00
4855;pms5003;3629;6.428;3.435;2025-10-05T05:45:53.567485+00:00;P2;4.33
4855;pms5003;3629;6.428;3.435;2025-10-05T05:45:53.567485+00:00;P1;5.33
4855;pms5003;3629;6.428;3.435;2025-10-05T05:45:53.567485+00:00;P0;2.33
4856;DHT22;3629;6.428;3.435;2025-10-05T05:46:04.864197+00:00;humidity;100.00
4856;DHT22;3629;6.428;3.435;2025-10-05T05:46:04.864197+00:00;temperature;28.10
4855;pms5003;3629;6.428;3.435;2025-10-05T05:48:44.788956+00:00;P2;3.00
4855;pms5003;3629;6.428;3.435;2025-10-05T05:48:44.788956+00:00;P1;3.33
4855;pms5003;3629;6.428;3.435;2025-10-05T05:48:44.788956+00:00;P0;2.00
4856;DHT22;3629;6.428;3.435;2025-10-05T05:48:55.073586+00:00;humidity;100.00
4856;DHT22;3629;6.428;3.435;2025-10-05T05:48:55.073586+00:00;temperature;28.20
4855;pms5003;3629;6.428;3.435;2025-10-05T05:51:34.993414+00:00;P2;2.67
4855;pms5003;3629;6.428;3.435;2025-10-05T05:51:34.993414+00:00;P1;2.67
4855;pms5003;3629;6.428;3.435;2025-10-05T05:51:34.993414+00:00;P0;2.67
4856;DHT22;3629;6.428;3.435;2025-10-05T05:51:45.294423+00:00;humidity;100.00
4856;DHT22;3629;6.428;3.435;2025-10-05T05:51:45.294423+00:00;temperature;28.30
4855;pms5003;3629;6.428;3.435;2025-10-05T05:54:25.230957+00:00;P2;4.00
4855;pms5003;3629;6.428;3.435;2025-10-05T05:54:25.230957+00:00;P1;4.00
4855;pms5003;3629;6.428;3.435;2025-10-05T05:54:25.230957+00:00;P0;3.00
4856;DHT22;3629;6.428;3.435;2025-10-05T05:54:35.510212+00:00;humidity;100.00
4856;DHT22;3629;6.428;3.435;2025-10-05T05:54:35.510212+00:00;temperature;28.40
4855;pms5003;3629;6.428;3.435;2025-10-05T05:57:15.421583+00:00;P2;4.00
4855;pms5003;3629;6.428;3.435;2025-10-05T05:57:15.421583+00:00;P1;4.00
4855;pms5003;3629;6.428;3.435;2025-10-05T05:57:15.421583+00:00;P0;2.00
4856;DHT22;3629;6.428;3.435;2025-10-05T05:57:25.709709+00:00;humidity;100.00
4856;DHT22;3629;6.428;3.435;2025-10-05T05:57:25.709709+00:00;temperature;28.50
4855;pms5003;3629;6.428;3.435;2025-10-05T06:00:05.684240+00:00;P2;4.00
4855;pms5003;3629;6.428;3.435;2025-10-05T06:00:05.684240+00:00;P1;5.33
4855;pms5003;3629;6.428;3.435;2025-10-05T06:00:05.684240+00:00;P0;3.00
4856;DHT22;3629;6.428;3.435;2025-10-05T06:00:15.952854+00:00;humidity;100.00
4856;DHT22;3629;6.428;3.435;2025-10-05T06:00:15.952854+00:00;temperature;28.50
4855;pms5003;3629;6.428;3.435;2025-10-05T06:02:55.895059+00:00;P2;3.00
4855;pms5003;3629;6.428;3.435;2025-10-05T06:02:55.895059+00:00;P1;3.00
4855;pms5003;3629;6.428;3.435;2025-10-05T06:02:55.895059+00:00;P0;3.00
4856;DHT22;3629;6.428;3.435;2025-10-05T06:03:06.171003+00:00;humidity;100.00
4856;DHT22;3629;6.428;3.435;2025-10-05T06:03:06.171003+00:00;temperature;28.50
4855;pms5003;3629;6.428;3.435;2025-10-05T06:05:46.095123+00:00;P2;2.00
4855;pms5003;3629;6.428;3.435;2025-10-05T06:05:46.095123+00:00;P1;2.00
4855;pms5003;3629;6.428;3.435;2025-10-05T06:05:46.095123+00:00;P0;2.00
4856;DHT22;3629;6.428;3.435;2025-10-05T06:05:56.388220+00:00;humidity;100.00
4856;DHT22;3629;6.428;3.435;2025-10-05T06:05:56.388220+00:00;temperature;28.60
4855;pms5003;3629;6.428;3.435;2025-10-05T06:08:36.454078+00:00;P2;3.00
4855;pms5003;3629;6.428;3.435;2025-10-05T06:08:36.454078+00:00;P1;3.00
4855;pms5003;3629;6.428;3.435;2025-10-05T06:08:36.454078+00:00;P0;2.00
4856;DHT22;3629;6.428;3.435;2025-10-05T06:08:46.730353+00:00;humidity;100.00
4856;DHT22;3629;6.428;3.435;2025-10-05T06:08:46.730353+00:00;temperature;28.60
4855;pms5003;3629;6.428;3.435;2025-10-05T06:11:26.667425+00:00;P2;4.00
4855;pms5003;3629;6.428;3.435;2025-10-05T06:11:26.667425+00:00;P1;4.00
4855;pms5003;3629;6.428;3.435;2025-10-05T06:11:26.667425+00:00;P0;3.00
4856;DHT22;3629;6.428;3.435;2025-10-05T06:11:36.925085+00:00;humidity;100.00
4856;DHT22;3629;6.428;3.435;2025-10-05T06:11:36.925085+00:00;temperature;28.70
4855;pms5003;3629;6.428;3.435;2025-10-05T06:14:16.852841+00:00;P2;4.00
4855;pms5003;3629;6.428;3.435;2025-10-05T06:14:16.852841+00:00;P1;4.00
4855;pms5003;3629;6.428;3.435;2025-10-05T06:14:16.852841+00:00;P0;2.00
4856;DHT22;3629;6.428;3.435;2025-10-05T06:14:27.110247+00:00;humidity;100.00
4856;DHT22;3629;6.428;3.435;2025-10-05T06:14:27.110247+00:00;temperature;28.70
4855;pms5003;3629;6.428;3.435;2025-10-05T06:17:07.036840+00:00;P2;2.50
4855;pms5003;3629;6.428;3.435;2025-10-05T06:17:07.036840+00:00;P1;2.50
4855;pms5003;3629;6.428;3.435;2025-10-05T06:17:07.036840+00:00;P0;1.50
4856;DHT22;3629;6.428;3.435;2025-10-05T06:17:17.312850+00:00;humidity;100.00
4856;DHT22;3629;6.428;3.435;2025-10-05T06:17:17.312850+00:00;temperature;28.70
4855;pms5003;3629;6.428;3.435;2025-10-05T06:19:57.230163+00:00;P2;5.00
4855;pms5003;3629;6.428;3.435;2025-10-05T06:19:57.230163+00:00;P1;7.00
4855;pms5003;3629;6.428;3.435;2025-10-05T06:19:57.230163+00:00;P0;3.00
4856;DHT22;3629;6.428;3.435;2025-10-05T06:20:07.509895+00:00;humidity;100.00
4856;DHT22;3629;6.428;3.435;2025-10-05T06:20:07.509895+00:00;temperature;28.70
4855;pms5003;3629;6.428;3.435;2025-10-06T05:32:14.401191+00:00;P2;44.80
4855;pms5003;3629;6.428;3.435;2025-10-06T05:32:14.401191+00:00;P1;56.80
4855;pms5003;3629;6.428;3.435;2025-10-06T05:32:14.401191+00:00;P0;27.00
4856;DHT22;3629;6.428;3.435;2025-10-06T05:32:24.789327+00:00;humidity;100.00
4856;DHT22;3629;6.428;3.435;2025-10-06T05:32:24.789327+00:00;temperature;24.30
4856;DHT22;3629;6.428;3.435;2025-10-07T05:31:59.494443+00:00;humidity;100.00
4856;DHT22;3629;6.428;3.435;2025-10-07T05:31:59.494443+00:00;temperature;26.60
4855;pms5003;3629;6.428;3.435;2025-10-07T05:34:39.843229+00:00;P2;9.00
4855;pms5003;3629;6.428;3.435;2025-10-07T05:34:39.843229+00:00;P1;9.75
4855;pms5003;3629;6.428;3.435;2025-10-07T05:34:39.843229+00:00;P0;4.00
4856;DHT22;3629;6.428;3.435;2025-10-07T05:34:49.994846+00:00;humidity;100.00
4856;DHT22;3629;6.428;3.435;2025-10-07T05:34:49.994846+00:00;temperature;27.00
4855;pms5003;3629;6.428;3.435;2025-10-07T05:37:29.938845+00:00;P2;5.00
4855;pms5003;3629;6.428;3.435;2025-10-07T05:37:29.938845+00:00;P1;5.50
4855;pms5003;3629;6.428;3.435;2025-10-07T05:37:29.938845+00:00;P0;4.00
4856;DHT22;3629;6.428;3.435;2025-10-07T05:37:40.041375+00:00;humidity;100.00
4856;DHT22;3629;6.428;3.435;2025-10-07T05:37:40.041375+00:00;temperature;27.50
4855;pms5003;3629;6.428;3.435;2025-10-07T05:40:19.715513+00:00;P2;3.50
4855;pms5003;3629;6.428;3.435;2025-10-07T05:40:19.715513+00:00;P1;3.50
4855;pms5003;3629;6.428;3.435;2025-10-07T05:40:19.715513+00:00;P0;2.00
4856;DHT22;3629;6.428;3.435;2025-10-07T05:40:30.879259+00:00;humidity;100.00
4856;DHT22;3629;6.428;3.435;2025-10-07T05:40:30.879259+00:00;temperature;27.90
4855;pms5003;3629;6.428;3.435;2025-10-07T05:43:10.578670+00:00;P2;5.00
4855;pms5003;3629;6.428;3.435;2025-10-07T05:43:10.578670+00:00;P1;6.00
4855;pms5003;3629;6.428;3.435;2025-10-07T05:43:10.578670+00:00;P0;3.00
4856;DHT22;3629;6.428;3.435;2025-10-07T05:43:20.736417+00:00;humidity;100.00
4856;DHT22;3629;6.428;3.435;2025-10-07T05:43:20.736417+00:00;temperature;28.10
4855;pms5003;3629;6.428;3.435;2025-10-07T05:46:00.459724+00:00;P2;3.00
4855;pms5003;3629;6.428;3.435;2025-10-07T05:46:00.459724+00:00;P1;3.00
4855;pms5003;3629;6.428;3.435;2025-10-07T05:46:00.459724+00:00;P0;2.00
4856;DHT22;3629;6.428;3.435;2025-10-07T05:46:10.658644+00:00;humidity;100.00
4856;DHT22;3629;6.428;3.435;2025-10-07T05:46:10.658644+00:00;temperature;28.30
4855;pms5003;3629;6.428;3.435;2025-10-07T05:48:50.350382+00:00;P2;5.00
4855;pms5003;3629;6.428;3.435;2025-10-07T05:48:50.350382+00:00;P1;5.00
4855;pms5003;3629;6.428;3.435;2025-10-07T05:48:50.350382+00:00;P0;3.00
4856;DHT22;3629;6.428;3.435;2025-10-07T05:49:00.562740+00:00;humidity;100.00
4856;DHT22;3629;6.428;3.435;2025-10-07T05:49:00.562740+00:00;temperature;28.40
4855;pms5003;3629;6.428;3.435;2025-10-07T05:51:40.337097+00:00;P2;4.50
4855;pms5003;3629;6.428;3.435;2025-10-07T05:51:40.337097+00:00;P1;4.50
4855;pms5003;3629;6.428;3.435;2025-10-07T05:51:40.337097+00:00;P0;2.50
4856;DHT22;3629;6.428;3.435;2025-10-07T05:51:50.496527+00:00;humidity;100.00
4856;DHT22;3629;6.428;3.435;2025-10-07T05:51:50.496527+00:00;temperature;28.50
4855;pms5003;3629;6.428;3.435;2025-10-07T05:54:30.278707+00:00;P2;5.00
4855;pms5003;3629;6.428;3.435;2025-10-07T05:54:30.278707+00:00;P1;5.00
4855;pms5003;3629;6.428;3.435;2025-10-07T05:54:30.278707+00:00;P0;4.00
4856;DHT22;3629;6.428;3.435;2025-10-07T05:54:40.416591+00:00;humidity;100.00
4856;DHT22;3629;6.428;3.435;2025-10-07T05:54:40.416591+00:00;temperature;28.70
4855;pms5003;3629;6.428;3.435;2025-10-07T05:57:20.142292+00:00;P2;3.00
4855;pms5003;3629;6.428;3.435;2025-10-07T05:57:20.142292+00:00;P1;4.00
4855;pms5003;3629;6.428;3.435;2025-10-07T05:57:20.142292+00:00;P0;1.00
4856;DHT22;3629;6.428;3.435;2025-10-07T05:57:30.292561+00:00;humidity;100.00
4856;DHT22;3629;6.428;3.435;2025-10-07T05:57:30.292561+00:00;temperature;28.70
4855;pms5003;3629;6.428;3.435;2025-10-07T06:00:10.024349+00:00;P2;4.00
4855;pms5003;3629;6.428;3.435;2025-10-07T06:00:10.024349+00:00;P1;4.00
4855;pms5003;3629;6.428;3.435;2025-10-07T06:00:10.024349+00:00;P0;3.00
4856;DHT22;3629;6.428;3.435;2025-10-07T06:00:20.277290+00:00;humidity;100.00
4856;DHT22;3629;6.428;3.435;2025-10-07T06:00:20.277290+00:00;temperature;28.70
4855;pms5003;3629;6.428;3.435;2025-10-07T06:02:59.934301+00:00;P2;4.00
4855;pms5003;3629;6.428;3.435;2025-10-07T06:02:59.934301+00:00;P1;5.00
4855;pms5003;3629;6.428;3.435;2025-10-07T06:02:59.934301+00:00;P0;3.00
4856;DHT22;3629;6.428;3.435;2025-10-07T06:03:10.120038+00:00;humidity;100.00
4856;DHT22;3629;6.428;3.435;2025-10-07T06:03:10.120038+00:00;temperature;28.70
4855;pms5003;3629;6.428;3.435;2025-10-07T06:05:49.792998+00:00;P2;3.00
4855;pms5003;3629;6.428;3.435;2025-10-07T06:05:49.792998+00:00;P1;3.00
4855;pms5003;3629;6.428;3.435;2025-10-07T06:05:49.792998+00:00;P0;2.00
4856;DHT22;3629;6.428;3.435;2025-10-07T06:05:59.963147+00:00;humidity;100.00
4856;DHT22;3629;6.428;3.435;2025-10-07T06:05:59.963147+00:00;temperature;28.80
4855;pms5003;3629;6.428;3.435;2025-10-07T06:08:40.000650+00:00;P2;3.00
4855;pms5003;3629;6.428;3.435;2025-10-07T06:08:40.000650+00:00;P1;4.00
4855;pms5003;3629;6.428;3.435;2025-10-07T06:08:40.000650+00:00;P0;2.00
4856;DHT22;3629;6.428;3.435;2025-10-07T06:08:50.160165+00:00;humidity;100.00
4856;DHT22;3629;6.428;3.435;2025-10-07T06:08:50.160165+00:00;temperature;28.70
4855;pms5003;3629;6.428;3.435;2025-10-07T06:11:29.872254+00:00;P2;4.00
4855;pms5003;3629;6.428;3.435;2025-10-07T06:11:29.872254+00:00;P1;4.00
4855;pms5003;3629;6.428;3.435;2025-10-07T06:11:29.872254+00:00;P0;3.00
4856;DHT22;3629;6.428;3.435;2025-10-07T06:11:40.042923+00:00;humidity;100.00
4856;DHT22;3629;6.428;3.435;2025-10-07T06:11:40.042923+00:00;temperature;28.80
4855;pms5003;3629;6.428;3.435;2025-10-07T06:14:19.759147+00:00;P2;4.00
4855;pms5003;3629;6.428;3.435;2025-10-07T06:14:19.759147+00:00;P1;5.00
4855;pms5003;3629;6.428;3.435;2025-10-07T06:14:19.759147+00:00;P0;3.00
4856;DHT22;3629;6.428;3.435;2025-10-07T06:14:29.956499+00:00;humidity;100.00
4856;DHT22;3629;6.428;3.435;2025-10-07T06:14:29.956499+00:00;temperature;28.80
4855;pms5003;3629;6.428;3.435;2025-10-07T06:17:09.797979+00:00;P2;3.00
4855;pms5003;3629;6.428;3.435;2025-10-07T06:17:09.797979+00:00;P1;4.00
4855;pms5003;3629;6.428;3.435;2025-10-07T06:17:09.797979+00:00;P0;2.00
4856;DHT22;3629;6.428;3.435;2025-10-07T06:17:19.939735+00:00;humidity;100.00
4856;DHT22;3629;6.428;3.435;2025-10-07T06:17:19.939735+00:00;temperature;28.80
4855;pms5003;3629;6.428;3.435;2025-10-07T06:19:59.618454+00:00;P2;6.00
4855;pms5003;3629;6.428;3.435;2025-10-07T06:19:59.618454+00:00;P1;6.00
4855;pms5003;3629;6.428;3.435;2025-10-07T06:19:59.618454+00:00;P0;3.00
4856;DHT22;3629;6.428;3.435;2025-10-07T06:20:09.863183+00:00;humidity;100.00
4856;DHT22;3629;6.428;3.435;2025-10-07T06:20:09.863183+00:00;temperature;28.80
4855;pms5003;3629;6.428;3.435;2025-10-07T17:31:11.231898+00:00;P2;38.00
4855;pms5003;3629;6.428;3.435;2025-10-07T17:31:11.231898+00:00;P1;45.20
4855;pms5003;3629;6.428;3.435;2025-10-07T17:31:11.231898+00:00;P0;23.00
4856;DHT22;3629;6.428;3.435;2025-10-07T17:31:21.321648+00:00;humidity;100.00
4856;DHT22;3629;6.428;3.435;2025-10-07T17:31:21.321648+00:00;temperature;26.30
4856;DHT22;3629;6.428;3.435;2025-10-09T05:29:46.568364+00:00;humidity;100.00
4856;DHT22;3629;6.428;3.435;2025-10-09T05:29:46.568364+00:00;temperature;24.70
4855;pms5003;3629;6.428;3.435;2025-10-09T05:32:26.594611+00:00;P2;48.25
4855;pms5003;3629;6.428;3.435;2025-10-09T05:32:26.594611+00:00;P1;60.00
4855;pms5003;3629;6.428;3.435;2025-10-09T05:32:26.594611+00:00;P0;32.00
4856;DHT22;3629;6.428;3.435;2025-10-09T05:32:36.777029+00:00;humidity;100.00
4856;DHT22;3629;6.428;3.435;2025-10-09T05:32:36.777029+00:00;temperature;25.20
4855;pms5003;3629;6.428;3.435;2025-10-09T05:35:16.899144+00:00;P2;52.00
4855;pms5003;3629;6.428;3.435;2025-10-09T05:35:16.899144+00:00;P1;63.00
4855;pms5003;3629;6.428;3.435;2025-10-09T05:35:16.899144+00:00;P0;35.00
4856;DHT22;3629;6.428;3.435;2025-10-09T05:35:27.050243+00:00;humidity;100.00
4856;DHT22;3629;6.428;3.435;2025-10-09T05:35:27.050243+00:00;temperature;25.70
4855;pms5003;3629;6.428;3.435;2025-10-09T05:38:06.879029+00:00;P2;51.00
4855;pms5003;3629;6.428;3.435;2025-10-09T05:38:06.879029+00:00;P1;63.50
4855;pms5003;3629;6.428;3.435;2025-10-09T05:38:06.879029+00:00;P0;34.00
4856;DHT22;3629;6.428;3.435;2025-10-09T05:38:17.079507+00:00;humidity;100.00
4856;DHT22;3629;6.428;3.435;2025-10-09T05:38:17.079507+00:00;temperature;26.00
4855;pms5003;3629;6.428;3.435;2025-10-09T05:40:56.900131+00:00;P2;48.50
4855;pms5003;3629;6.428;3.435;2025-10-09T05:40:56.900131+00:00;P1;61.50
4855;pms5003;3629;6.428;3.435;2025-10-09T05:40:56.900131+00:00;P0;32.50
4856;DHT22;3629;6.428;3.435;2025-10-09T05:41:07.079326+00:00;humidity;100.00
4856;DHT22;3629;6.428;3.435;2025-10-09T05:41:07.079326+00:00;temperature;26.30
4855;pms5003;3629;6.428;3.435;2025-10-09T05:43:46.881120+00:00;P2;49.50
4855;pms5003;3629;6.428;3.435;2025-10-09T05:43:46.881120+00:00;P1;60.50
4855;pms5003;3629;6.428;3.435;2025-10-09T05:43:46.881120+00:00;P0;32.25
4856;DHT22;3629;6.428;3.435;2025-10-09T05:43:59.268775+00:00;humidity;100.00
4856;DHT22;3629;6.428;3.435;2025-10-09T05:43:59.268775+00:00;temperature;26.50
4855;pms5003;3629;6.428;3.435;2025-10-09T05:46:39.097968+00:00;P2;50.67
4855;pms5003;3629;6.428;3.435;2025-10-09T05:46:39.097968+00:00;P1;62.00
4855;pms5003;3629;6.428;3.435;2025-10-09T05:46:39.097968+00:00;P0;34.00
4856;DHT22;3629;6.428;3.435;2025-10-09T05:46:49.277320+00:00;humidity;100.00
4856;DHT22;3629;6.428;3.435;2025-10-09T05:46:49.277320+00:00;temperature;26.70
4855;pms5003;3629;6.428;3.435;2025-10-09T05:49:29.861394+00:00;P2;51.00
4855;pms5003;3629;6.428;3.435;2025-10-09T05:49:29.861394+00:00;P1;62.00
4855;pms5003;3629;6.428;3.435;2025-10-09T05:49:29.861394+00:00;P0;34.00
4856;DHT22;3629;6.428;3.435;2025-10-09T05:49:40.039856+00:00;humidity;100.00
4856;DHT22;3629;6.428;3.435;2025-10-09T05:49:40.039856+00:00;temperature;26.80
4855;pms5003;3629;6.428;3.435;2025-10-09T05:52:19.881695+00:00;P2;51.00
4855;pms5003;3629;6.428;3.435;2025-10-09T05:52:19.881695+00:00;P1;62.00
4855;pms5003;3629;6.428;3.435;2025-10-09T05:52:19.881695+00:00;P0;33.00
4856;DHT22;3629;6.428;3.435;2025-10-09T05:52:30.103082+00:00;humidity;100.00
4856;DHT22;3629;6.428;3.435;2025-10-09T05:52:30.103082+00:00;temperature;26.90
4855;pms5003;3629;6.428;3.435;2025-10-09T05:55:09.883579+00:00;P2;48.00
4855;pms5003;3629;6.428;3.435;2025-10-09T05:55:09.883579+00:00;P1;57.50
4855;pms5003;3629;6.428;3.435;2025-10-09T05:55:09.883579+00:00;P0;32.00
4856;DHT22;3629;6.428;3.435;2025-10-09T05:55:20.200804+00:00;humidity;100.00
4856;DHT22;3629;6.428;3.435;2025-10-09T05:55:20.200804+00:00;temperature;27.00
4855;pms5003;3629;6.428;3.435;2025-10-09T05:58:00.088484+00:00;P2;46.00
4855;pms5003;3629;6.428;3.435;2025-10-09T05:58:00.088484+00:00;P1;56.00
4855;pms5003;3629;6.428;3.435;2025-10-09T05:58:00.088484+00:00;P0;32.00
4856;DHT22;3629;6.428;3.435;2025-10-09T05:58:10.279446+00:00;humidity;100.00
4856;DHT22;3629;6.428;3.435;2025-10-09T05:58:10.279446+00:00;temperature;27.10
4855;pms5003;3629;6.428;3.435;2025-10-09T06:00:50.161450+00:00;P2;44.50
4855;pms5003;3629;6.428;3.435;2025-10-09T06:00:50.161450+00:00;P1;53.50
4855;pms5003;3629;6.428;3.435;2025-10-09T06:00:50.161450+00:00;P0;30.50
4856;DHT22;3629;6.428;3.435;2025-10-09T06:01:00.427310+00:00;humidity;100.00
4856;DHT22;3629;6.428;3.435;2025-10-09T06:01:00.427310+00:00;temperature;27.20
4855;pms5003;3629;6.428;3.435;2025-10-09T06:03:40.504620+00:00;P2;43.00
4855;pms5003;3629;6.428;3.435;2025-10-09T06:03:40.504620+00:00;P1;53.67
4855;pms5003;3629;6.428;3.435;2025-10-09T06:03:40.504620+00:00;P0;28.00
4856;DHT22;3629;6.428;3.435;2025-10-09T06:03:50.689942+00:00;humidity;100.00
4856;DHT22;3629;6.428;3.435;2025-10-09T06:03:50.689942+00:00;temperature;27.10
4855;pms5003;3629;6.428;3.435;2025-10-09T06:06:30.525052+00:00;P2;40.00
4855;pms5003;3629;6.428;3.435;2025-10-09T06:06:30.525052+00:00;P1;47.00
4855;pms5003;3629;6.428;3.435;2025-10-09T06:06:30.525052+00:00;P0;27.00
4856;DHT22;3629;6.428;3.435;2025-10-09T06:06:40.697161+00:00;humidity;100.00
4856;DHT22;3629;6.428;3.435;2025-10-09T06:06:40.697161+00:00;temperature;27.10
4855;pms5003;3629;6.428;3.435;2025-10-09T06:09:20.581585+00:00;P2;45.50
4855;pms5003;3629;6.428;3.435;2025-10-09T06:09:20.581585+00:00;P1;56.50
4855;pms5003;3629;6.428;3.435;2025-10-09T06:09:20.581585+00:00;P0;28.25
4856;DHT22;3629;6.428;3.435;2025-10-09T06:09:30.783536+00:00;humidity;100.00
4856;DHT22;3629;6.428;3.435;2025-10-09T06:09:30.783536+00:00;temperature;27.20
4855;pms5003;3629;6.428;3.435;2025-10-09T06:12:10.616401+00:00;P2;42.00
4855;pms5003;3629;6.428;3.435;2025-10-09T06:12:10.616401+00:00;P1;49.33
4855;pms5003;3629;6.428;3.435;2025-10-09T06:12:10.616401+00:00;P0;28.00
4856;DHT22;3629;6.428;3.435;2025-10-09T06:12:20.884734+00:00;humidity;100.00
4856;DHT22;3629;6.428;3.435;2025-10-09T06:12:20.884734+00:00;temperature;27.20
4855;pms5003;3629;6.428;3.435;2025-10-09T06:15:00.702781+00:00;P2;42.00
4855;pms5003;3629;6.428;3.435;2025-10-09T06:15:00.702781+00:00;P1;50.25
4855;pms5003;3629;6.428;3.435;2025-10-09T06:15:00.702781+00:00;P0;28.00
4856;DHT22;3629;6.428;3.435;2025-10-09T06:15:10.901255+00:00;humidity;100.00
4856;DHT22;3629;6.428;3.435;2025-10-09T06:15:10.901255+00:00;temperature;27.20
4855;pms5003;3629;6.428;3.435;2025-10-09T06:17:50.722116+00:00;P2;41.00
4855;pms5003;3629;6.428;3.435;2025-10-09T06:17:50.722116+00:00;P1;49.00
4855;pms5003;3629;6.428;3.435;2025-10-09T06:17:50.722116+00:00;P0;27.00
4853;pms5003;3628;6.559;3.386;2025-10-09T14:09:50.933458+00:00;P2;13.00
4853;pms5003;3628;6.559;3.386;2025-10-09T14:09:50.933458+00:00;P1;13.00
4853;pms5003;3628;6.559;3.386;2025-10-09T14:09:50.933458+00:00;P0;9.00
4854;DHT22;3628;6.559;3.386;2025-10-09T14:10:08.349822+00:00;humidity;65.50
4854;DHT22;3628;6.559;3.386;2025-10-09T14:10:08.349822+00:00;temperature;35.60
4853;pms5003;3628;6.559;3.386;2025-10-09T14:20:39.376059+00:00;P2;15.00
4853;pms5003;3628;6.559;3.386;2025-10-09T14:20:39.376059+00:00;P1;16.00
4853;pms5003;3628;6.559;3.386;2025-10-09T14:20:39.376059+00:00;P0;12.00
4854;DHT22;3628;6.559;3.386;2025-10-09T14:20:56.704488+00:00;humidity;60.70
4854;DHT22;3628;6.559;3.386;2025-10-09T14:20:56.704488+00:00;temperature;37.60
4853;pms5003;3628;6.559;3.386;2025-10-09T14:26:14.097330+00:00;P2;14.00
4853;pms5003;3628;6.559;3.386;2025-10-09T14:26:14.097330+00:00;P1;14.00
4853;pms5003;3628;6.559;3.386;2025-10-09T14:26:14.097330+00:00;P0;10.00
4854;DHT22;3628;6.559;3.386;2025-10-09T14:26:31.443258+00:00;humidity;60.10
4854;DHT22;3628;6.559;3.386;2025-10-09T14:26:31.443258+00:00;temperature;37.60
4853;pms5003;3628;6.559;3.386;2025-10-09T14:31:48.704930+00:00;P2;15.20
4853;pms5003;3628;6.559;3.386;2025-10-09T14:31:48.704930+00:00;P1;20.20
4853;pms5003;3628;6.559;3.386;2025-10-09T14:31:48.704930+00:00;P0;11.60
4854;DHT22;3628;6.559;3.386;2025-10-09T14:32:06.067355+00:00;humidity;60.10
4854;DHT22;3628;6.559;3.386;2025-10-09T14:32:06.067355+00:00;temperature;37.50
4853;pms5003;3628;6.559;3.386;2025-10-09T14:37:23.384647+00:00;P2;16.00
4853;pms5003;3628;6.559;3.386;2025-10-09T14:37:23.384647+00:00;P1;28.67
4853;pms5003;3628;6.559;3.386;2025-10-09T14:37:23.384647+00:00;P0;10.33
4854;DHT22;3628;6.559;3.386;2025-10-09T14:37:41.024907+00:00;humidity;60.00
4854;DHT22;3628;6.559;3.386;2025-10-09T14:37:41.024907+00:00;temperature;37.50
4853;pms5003;3628;6.559;3.386;2025-10-09T14:42:58.176690+00:00;P2;16.00
4853;pms5003;3628;6.559;3.386;2025-10-09T14:42:58.176690+00:00;P1;18.25
4853;pms5003;3628;6.559;3.386;2025-10-09T14:42:58.176690+00:00;P0;10.00
4854;DHT22;3628;6.559;3.386;2025-10-09T14:43:15.500643+00:00;humidity;60.80
4854;DHT22;3628;6.559;3.386;2025-10-09T14:43:15.500643+00:00;temperature;37.20
4853;pms5003;3628;6.559;3.386;2025-10-09T14:48:32.687515+00:00;P2;12.40
4853;pms5003;3628;6.559;3.386;2025-10-09T14:48:32.687515+00:00;P1;14.20
4853;pms5003;3628;6.559;3.386;2025-10-09T14:48:32.687515+00:00;P0;8.00
4854;DHT22;3628;6.559;3.386;2025-10-09T14:48:50.066898+00:00;humidity;63.10
4854;DHT22;3628;6.559;3.386;2025-10-09T14:48:50.066898+00:00;temperature;36.10
4853;pms5003;3628;6.559;3.386;2025-10-09T14:54:07.319201+00:00;P2;11.20
4853;pms5003;3628;6.559;3.386;2025-10-09T14:54:07.319201+00:00;P1;23.20
4853;pms5003;3628;6.559;3.386;2025-10-09T14:54:07.319201+00:00;P0;7.80
4854;DHT22;3628;6.559;3.386;2025-10-09T14:54:24.624433+00:00;humidity;63.60
4854;DHT22;3628;6.559;3.386;2025-10-09T14:54:24.624433+00:00;temperature;35.80
4854;DHT22;3628;6.559;3.386;2025-10-09T15:05:01.361554+00:00;humidity;66.20
4854;DHT22;3628;6.559;3.386;2025-10-09T15:05:01.361554+00:00;temperature;34.50
4853;pms5003;3628;6.559;3.386;2025-10-09T15:10:18.562859+00:00;P2;11.25
4853;pms5003;3628;6.559;3.386;2025-10-09T15:10:18.562859+00:00;P1;11.25
4853;pms5003;3628;6.559;3.386;2025-10-09T15:10:18.562859+00:00;P0;9.00
4854;DHT22;3628;6.559;3.386;2025-10-09T15:10:36.118327+00:00;humidity;66.50
4854;DHT22;3628;6.559;3.386;2025-10-09T15:10:36.118327+00:00;temperature;34.60
4853;pms5003;3628;6.559;3.386;2025-10-09T15:15:53.506301+00:00;P2;8.00
4853;pms5003;3628;6.559;3.386;2025-10-09T15:15:53.506301+00:00;P1;8.00
4853;pms5003;3628;6.559;3.386;2025-10-09T15:15:53.506301+00:00;P0;7.00
4854;DHT22;3628;6.559;3.386;2025-10-09T15:16:10.901693+00:00;humidity;66.60
4854;DHT22;3628;6.559;3.386;2025-10-09T15:16:10.901693+00:00;temperature;34.90
4853;pms5003;3628;6.559;3.386;2025-10-09T15:21:28.138053+00:00;P2;10.00
4853;pms5003;3628;6.559;3.386;2025-10-09T15:21:28.138053+00:00;P1;10.00
4853;pms5003;3628;6.559;3.386;2025-10-09T15:21:28.138053+00:00;P0;7.00
4854;DHT22;3628;6.559;3.386;2025-10-09T15:27:01.787092+00:00;humidity;68.50
4854;DHT22;3628;6.559;3.386;2025-10-09T15:27:01.787092+00:00;temperature;33.80
4853;pms5003;3628;6.559;3.386;2025-10-09T15:32:18.812966+00:00;P2;15.25
4853;pms5003;3628;6.559;3.386;2025-10-09T15:32:18.812966+00:00;P1;15.25
4853;pms5003;3628;6.559;3.386;2025-10-09T15:32:18.812966+00:00;P0;10.50
4854;DHT22;3628;6.559;3.386;2025-10-09T15:32:36.179313+00:00;humidity;68.70
4854;DHT22;3628;6.559;3.386;2025-10-09T15:32:36.179313+00:00;temperature;33.70
4854;DHT22;3628;6.559;3.386;2025-10-09T15:38:00.421724+00:00;humidity;69.40
4854;DHT22;3628;6.559;3.386;2025-10-09T15:38:00.421724+00:00;temperature;33.60
4853;pms5003;3628;6.559;3.386;2025-10-09T15:43:17.614372+00:00;P2;11.33
4853;pms5003;3628;6.559;3.386;2025-10-09T15:43:17.614372+00:00;P1;11.33
4853;pms5003;3628;6.559;3.386;2025-10-09T15:43:17.614372+00:00;P0;8.00
4854;DHT22;3628;6.559;3.386;2025-10-09T15:43:34.975898+00:00;humidity;69.60
4854;DHT22;3628;6.559;3.386;2025-10-09T15:43:34.975898+00:00;temperature;33.60
4854;DHT22;3628;6.559;3.386;2025-10-09T15:48:59.533680+00:00;humidity;68.40
4854;DHT22;3628;6.559;3.386;2025-10-09T15:48:59.533680+00:00;temperature;34.50
4853;pms5003;3628;6.559;3.386;2025-10-09T15:54:16.612479+00:00;P2;10.50
4853;pms5003;3628;6.559;3.386;2025-10-09T15:54:16.612479+00:00;P1;10.50
4853;pms5003;3628;6.559;3.386;2025-10-09T15:54:16.612479+00:00;P0;8.00
4854;DHT22;3628;6.559;3.386;2025-10-09T15:54:34.090589+00:00;humidity;67.90
4854;DHT22;3628;6.559;3.386;2025-10-09T15:54:34.090589+00:00;temperature;34.50
4853;pms5003;3628;6.559;3.386;2025-10-09T15:59:51.372537+00:00;P2;13.00
4853;pms5003;3628;6.559;3.386;2025-10-09T15:59:51.372537+00:00;P1;22.00
4853;pms5003;3628;6.559;3.386;2025-10-09T15:59:51.372537+00:00;P0;9.00
4854;DHT22;3628;6.559;3.386;2025-10-09T16:00:08.792298+00:00;humidity;69.20
4854;DHT22;3628;6.559;3.386;2025-10-09T16:00:08.792298+00:00;temperature;34.10
4853;pms5003;3628;6.559;3.386;2025-10-09T16:05:25.902759+00:00;P2;11.67
4853;pms5003;3628;6.559;3.386;2025-10-09T16:05:25.902759+00:00;P1;16.00
4853;pms5003;3628;6.559;3.386;2025-10-09T16:05:25.902759+00:00;P0;7.00
4853;pms5003;3628;6.559;3.386;2025-10-09T16:10:49.695575+00:00;P2;14.00
4853;pms5003;3628;6.559;3.386;2025-10-09T16:10:49.695575+00:00;P1;14.00
4853;pms5003;3628;6.559;3.386;2025-10-09T16:10:49.695575+00:00;P0;10.00
4854;DHT22;3628;6.559;3.386;2025-10-09T16:11:07.124541+00:00;humidity;71.10
4854;DHT22;3628;6.559;3.386;2025-10-09T16:11:07.124541+00:00;temperature;33.10
4853;pms5003;3628;6.559;3.386;2025-10-09T16:16:24.365092+00:00;P2;9.75
4853;pms5003;3628;6.559;3.386;2025-10-09T16:16:24.365092+00:00;P1;11.00
4853;pms5003;3628;6.559;3.386;2025-10-09T16:16:24.365092+00:00;P0;6.00
4853;pms5003;3628;6.559;3.386;2025-10-09T16:21:58.984508+00:00;P2;14.20
4853;pms5003;3628;6.559;3.386;2025-10-09T16:21:58.984508+00:00;P1;21.00
4853;pms5003;3628;6.559;3.386;2025-10-09T16:21:58.984508+00:00;P0;10.00
4854;DHT22;3628;6.559;3.386;2025-10-09T16:22:16.628712+00:00;humidity;72.50
4854;DHT22;3628;6.559;3.386;2025-10-09T16:22:16.628712+00:00;temperature;32.60
4853;pms5003;3628;6.559;3.386;2025-10-09T16:27:33.852272+00:00;P2;14.25
4853;pms5003;3628;6.559;3.386;2025-10-09T16:27:33.852272+00:00;P1;20.50
4853;pms5003;3628;6.559;3.386;2025-10-09T16:27:33.852272+00:00;P0;9.75
4854;DHT22;3628;6.559;3.386;2025-10-09T16:27:51.431028+00:00;humidity;73.90
4854;DHT22;3628;6.559;3.386;2025-10-09T16:27:51.431028+00:00;temperature;32.50
4853;pms5003;3628;6.559;3.386;2025-10-09T16:38:43.437725+00:00;P2;16.00
4853;pms5003;3628;6.559;3.386;2025-10-09T16:38:43.437725+00:00;P1;18.00
4853;pms5003;3628;6.559;3.386;2025-10-09T16:38:43.437725+00:00;P0;11.00
4854;DHT22;3628;6.559;3.386;2025-10-09T16:39:00.860692+00:00;humidity;76.30
4854;DHT22;3628;6.559;3.386;2025-10-09T16:39:00.860692+00:00;temperature;31.60
4853;pms5003;3628;6.559;3.386;2025-10-09T16:44:18.222761+00:00;P2;15.00
4853;pms5003;3628;6.559;3.386;2025-10-09T16:44:18.222761+00:00;P1;15.00
4853;pms5003;3628;6.559;3.386;2025-10-09T16:44:18.222761+00:00;P0;10.00
4853;pms5003;3628;6.559;3.386;2025-10-09T16:49:42.164417+00:00;P2;16.25
4853;pms5003;3628;6.559;3.386;2025-10-09T16:49:42.164417+00:00;P1;27.00
4853;pms5003;3628;6.559;3.386;2025-10-09T16:49:42.164417+00:00;P0;11.00
4853;pms5003;3628;6.559;3.386;2025-10-09T16:55:16.919091+00:00;P2;20.00
4853;pms5003;3628;6.559;3.386;2025-10-09T16:55:16.919091+00:00;P1;25.50
4853;pms5003;3628;6.559;3.386;2025-10-09T16:55:16.919091+00:00;P0;12.00
4854;DHT22;3628;6.559;3.386;2025-10-09T16:55:34.374070+00:00;humidity;78.00
4854;DHT22;3628;6.559;3.386;2025-10-09T16:55:34.374070+00:00;temperature;31.50
4854;DHT22;3628;6.559;3.386;2025-10-09T17:00:58.280390+00:00;humidity;78.20
4854;DHT22;3628;6.559;3.386;2025-10-09T17:00:58.280390+00:00;temperature;31.50
4853;pms5003;3628;6.559;3.386;2025-10-09T17:06:15.459918+00:00;P2;24.00
4853;pms5003;3628;6.559;3.386;2025-10-09T17:06:15.459918+00:00;P1;28.00
4853;pms5003;3628;6.559;3.386;2025-10-09T17:06:15.459918+00:00;P0;18.00
4854;DHT22;3628;6.559;3.386;2025-10-09T17:11:46.964922+00:00;humidity;79.60
4854;DHT22;3628;6.559;3.386;2025-10-09T17:11:46.964922+00:00;temperature;31.10
4854;DHT22;3628;6.559;3.386;2025-10-09T17:17:11.535987+00:00;humidity;80.00
4854;DHT22;3628;6.559;3.386;2025-10-09T17:17:11.535987+00:00;temperature;31.00
4854;DHT22;3628;6.559;3.386;2025-10-09T17:27:50.746622+00:00;humidity;81.50
4854;DHT22;3628;6.559;3.386;2025-10-09T17:27:50.746622+00:00;temperature;30.70
4853;pms5003;3628;6.559;3.386;2025-10-09T17:38:31.859106+00:00;P2;23.20
4853;pms5003;3628;6.559;3.386;2025-10-09T17:38:31.859106+00:00;P1;29.00
4853;pms5003;3628;6.559;3.386;2025-10-09T17:38:31.859106+00:00;P0;15.20
4854;DHT22;3628;6.559;3.386;2025-10-09T17:38:49.335761+00:00;humidity;82.40
4854;DHT22;3628;6.559;3.386;2025-10-09T17:38:49.335761+00:00;temperature;30.40
4853;pms5003;3628;6.559;3.386;2025-10-09T17:44:06.396795+00:00;P2;22.00
4853;pms5003;3628;6.559;3.386;2025-10-09T17:44:06.396795+00:00;P1;30.75
4853;pms5003;3628;6.559;3.386;2025-10-09T17:44:06.396795+00:00;P0;14.00
4854;DHT22;3628;6.559;3.386;2025-10-09T17:44:23.656098+00:00;humidity;83.00
4854;DHT22;3628;6.559;3.386;2025-10-09T17:44:23.656098+00:00;temperature;30.30
4853;pms5003;3628;6.559;3.386;2025-10-09T17:49:40.844357+00:00;P2;20.75
4853;pms5003;3628;6.559;3.386;2025-10-09T17:49:40.844357+00:00;P1;31.00
4853;pms5003;3628;6.559;3.386;2025-10-09T17:49:40.844357+00:00;P0;13.00
4854;DHT22;3628;6.559;3.386;2025-10-09T17:49:58.273626+00:00;humidity;83.10
4854;DHT22;3628;6.559;3.386;2025-10-09T17:49:58.273626+00:00;temperature;30.30
4853;pms5003;3628;6.559;3.386;2025-10-09T17:55:15.907684+00:00;P2;18.50
4853;pms5003;3628;6.559;3.386;2025-10-09T17:55:15.907684+00:00;P1;21.00
4853;pms5003;3628;6.559;3.386;2025-10-09T17:55:15.907684+00:00;P0;12.00
4854;DHT22;3628;6.559;3.386;2025-10-09T17:55:33.677967+00:00;humidity;83.40
4854;DHT22;3628;6.559;3.386;2025-10-09T17:55:33.677967+00:00;temperature;30.20
4853;pms5003;3628;6.559;3.386;2025-10-09T18:00:50.617218+00:00;P2;15.20
4853;pms5003;3628;6.559;3.386;2025-10-09T18:00:50.617218+00:00;P1;16.00
4853;pms5003;3628;6.559;3.386;2025-10-09T18:00:50.617218+00:00;P0;11.00
4854;DHT22;3628;6.559;3.386;2025-10-09T18:01:07.893583+00:00;humidity;83.70
4854;DHT22;3628;6.559;3.386;2025-10-09T18:01:07.893583+00:00;temperature;30.20
4853;pms5003;3628;6.559;3.386;2025-10-09T18:06:32.167198+00:00;humidity;83.50
4853;pms5003;3628;6.559;3.386;2025-10-09T18:06:32.167198+00:00;temperature;30.20
4853;pms5003;3628;6.559;3.386;2025-10-09T18:11:49.424456+00:00;P2;10.00
4853;pms5003;3628;6.559;3.386;2025-10-09T18:11:49.424456+00:00;P1;10.00
4853;pms5003;3628;6.559;3.386;2025-10-09T18:11:49.424456+00:00;P0;7.00
4854;DHT22;3628;6.559;3.386;2025-10-09T18:12:06.792257+00:00;humidity;82.40
4854;DHT22;3628;6.559;3.386;2025-10-09T18:12:06.792257+00:00;temperature;30.10
4854;DHT22;3628;6.559;3.386;2025-10-09T18:17:41.915054+00:00;humidity;82.90
4854;DHT22;3628;6.559;3.386;2025-10-09T18:17:41.915054+00:00;temperature;30.00
4853;pms5003;3628;6.559;3.386;2025-10-09T18:22:59.029837+00:00;P2;14.50
4853;pms5003;3628;6.559;3.386;2025-10-09T18:22:59.029837+00:00;P1;17.00
4853;pms5003;3628;6.559;3.386;2025-10-09T18:22:59.029837+00:00;P0;11.00
4854;DHT22;3628;6.559;3.386;2025-10-09T18:23:16.404587+00:00;humidity;83.30
4854;DHT22;3628;6.559;3.386;2025-10-09T18:23:16.404587+00:00;temperature;30.00
4853;pms5003;3628;6.559;3.386;2025-10-09T18:28:33.667844+00:00;P2;8.75
4853;pms5003;3628;6.559;3.386;2025-10-09T18:28:33.667844+00:00;P1;8.75
4853;pms5003;3628;6.559;3.386;2025-10-09T18:28:33.667844+00:00;P0;5.75
4853;pms5003;3628;6.559;3.386;2025-10-09T18:33:57.719607+00:00;P2;14.80
4853;pms5003;3628;6.559;3.386;2025-10-09T18:33:57.719607+00:00;P1;20.80
4853;pms5003;3628;6.559;3.386;2025-10-09T18:33:57.719607+00:00;P0;10.80
4854;DHT22;3628;6.559;3.386;2025-10-09T18:34:15.092408+00:00;humidity;83.70
4854;DHT22;3628;6.559;3.386;2025-10-09T18:34:15.092408+00:00;temperature;29.80
4854;DHT22;3628;6.559;3.386;2025-10-09T18:39:39.046986+00:00;humidity;84.00
4854;DHT22;3628;6.559;3.386;2025-10-09T18:39:39.046986+00:00;temperature;29.80
4853;pms5003;3628;6.559;3.386;2025-10-09T18:44:56.434170+00:00;P2;9.50
4853;pms5003;3628;6.559;3.386;2025-10-09T18:44:56.434170+00:00;P1;11.50
4853;pms5003;3628;6.559;3.386;2025-10-09T18:44:56.434170+00:00;P0;7.00
4854;DHT22;3628;6.559;3.386;2025-10-09T18:45:13.633803+00:00;humidity;84.10
4854;DHT22;3628;6.559;3.386;2025-10-09T18:45:13.633803+00:00;temperature;29.70
4853;pms5003;3628;6.559;3.386;2025-10-09T18:50:30.879066+00:00;P2;9.00
4853;pms5003;3628;6.559;3.386;2025-10-09T18:50:30.879066+00:00;P1;9.00
4853;pms5003;3628;6.559;3.386;2025-10-09T18:50:30.879066+00:00;P0;6.50
4854;DHT22;3628;6.559;3.386;2025-10-09T18:50:48.185547+00:00;humidity;84.30
4854;DHT22;3628;6.559;3.386;2025-10-09T18:50:48.185547+00:00;temperature;29.70
4853;pms5003;3628;6.559;3.386;2025-10-09T18:56:05.738753+00:00;P2;10.00
4853;pms5003;3628;6.559;3.386;2025-10-09T18:56:05.738753+00:00;P1;10.50
4853;pms5003;3628;6.559;3.386;2025-10-09T18:56:05.738753+00:00;P0;6.00
4854;DHT22;3628;6.559;3.386;2025-10-09T18:56:23.496492+00:00;humidity;84.50
4854;DHT22;3628;6.559;3.386;2025-10-09T18:56:23.496492+00:00;temperature;29.60
4853;pms5003;3628;6.559;3.386;2025-10-09T19:01:40.781240+00:00;P2;13.50
4853;pms5003;3628;6.559;3.386;2025-10-09T19:01:40.781240+00:00;P1;15.00
4853;pms5003;3628;6.559;3.386;2025-10-09T19:01:40.781240+00:00;P0;9.00
4854;DHT22;3628;6.559;3.386;2025-10-09T19:01:58.410780+00:00;humidity;84.70
4854;DHT22;3628;6.559;3.386;2025-10-09T19:01:58.410780+00:00;temperature;29.60
4853;pms5003;3628;6.559;3.386;2025-10-09T19:07:16.202129+00:00;P2;13.80
4853;pms5003;3628;6.559;3.386;2025-10-09T19:07:16.202129+00:00;P1;18.00
4853;pms5003;3628;6.559;3.386;2025-10-09T19:07:16.202129+00:00;P0;9.00
4854;DHT22;3628;6.559;3.386;2025-10-09T19:07:33.686012+00:00;humidity;84.90
4854;DHT22;3628;6.559;3.386;2025-10-09T19:07:33.686012+00:00;temperature;29.70
4853;pms5003;3628;6.559;3.386;2025-10-09T19:12:50.640367+00:00;P2;12.00
4853;pms5003;3628;6.559;3.386;2025-10-09T19:12:50.640367+00:00;P1;21.00
4853;pms5003;3628;6.559;3.386;2025-10-09T19:12:50.640367+00:00;P0;8.00
4853;pms5003;3628;6.559;3.386;2025-10-09T19:18:14.419697+00:00;P2;17.00
4853;pms5003;3628;6.559;3.386;2025-10-09T19:18:14.419697+00:00;P1;19.00
4853;pms5003;3628;6.559;3.386;2025-10-09T19:18:14.419697+00:00;P0;11.00
4854;DHT22;3628;6.559;3.386;2025-10-09T19:18:31.783866+00:00;humidity;85.90
4854;DHT22;3628;6.559;3.386;2025-10-09T19:18:31.783866+00:00;temperature;29.60
4853;pms5003;3628;6.559;3.386;2025-10-09T19:23:49.224693+00:00;P2;18.25
4853;pms5003;3628;6.559;3.386;2025-10-09T19:23:49.224693+00:00;P1;28.00
4853;pms5003;3628;6.559;3.386;2025-10-09T19:23:49.224693+00:00;P0;13.00
4854;DHT22;3628;6.559;3.386;2025-10-09T19:24:06.888292+00:00;humidity;86.60
4854;DHT22;3628;6.559;3.386;2025-10-09T19:24:06.888292+00:00;temperature;29.60
4853;pms5003;3628;6.559;3.386;2025-10-09T19:29:24.351785+00:00;P2;19.20
4853;pms5003;3628;6.559;3.386;2025-10-09T19:29:24.351785+00:00;P1;23.40
4853;pms5003;3628;6.559;3.386;2025-10-09T19:29:24.351785+00:00;P0;13.40
4854;DHT22;3628;6.559;3.386;2025-10-09T19:29:41.950414+00:00;humidity;87.30
4854;DHT22;3628;6.559;3.386;2025-10-09T19:29:41.950414+00:00;temperature;29.40
4853;pms5003;3628;6.559;3.386;2025-10-09T19:34:59.555689+00:00;P2;20.60
4853;pms5003;3628;6.559;3.386;2025-10-09T19:34:59.555689+00:00;P1;23.20
4853;pms5003;3628;6.559;3.386;2025-10-09T19:34:59.555689+00:00;P0;14.00
4853;pms5003;3628;6.559;3.386;2025-10-09T19:40:23.945606+00:00;P2;18.00
4853;pms5003;3628;6.559;3.386;2025-10-09T19:40:23.945606+00:00;P1;19.00
4853;pms5003;3628;6.559;3.386;2025-10-09T19:40:23.945606+00:00;P0;13.00
4854;DHT22;3628;6.559;3.386;2025-10-09T19:40:41.473662+00:00;humidity;86.20
4854;DHT22;3628;6.559;3.386;2025-10-09T19:40:41.473662+00:00;temperature;29.70
4853;pms5003;3628;6.559;3.386;2025-10-09T19:45:58.948508+00:00;P2;16.50
4853;pms5003;3628;6.559;3.386;2025-10-09T19:45:58.948508+00:00;P1;20.75
4853;pms5003;3628;6.559;3.386;2025-10-09T19:45:58.948508+00:00;P0;11.00
4854;DHT22;3628;6.559;3.386;2025-10-09T19:46:16.363542+00:00;humidity;86.40
4854;DHT22;3628;6.559;3.386;2025-10-09T19:46:16.363542+00:00;temperature;29.50
4853;pms5003;3628;6.559;3.386;2025-10-09T19:51:33.811420+00:00;P2;17.50
4853;pms5003;3628;6.559;3.386;2025-10-09T19:51:33.811420+00:00;P1;19.00
4853;pms5003;3628;6.559;3.386;2025-10-09T19:51:33.811420+00:00;P0;10.00
4854;DHT22;3628;6.559;3.386;2025-10-09T19:51:51.553719+00:00;humidity;86.50
4854;DHT22;3628;6.559;3.386;2025-10-09T19:51:51.553719+00:00;temperature;29.40
4853;pms5003;3628;6.559;3.386;2025-10-09T20:02:22.647995+00:00;P2;19.00
4853;pms5003;3628;6.559;3.386;2025-10-09T20:02:22.647995+00:00;P1;19.00
4853;pms5003;3628;6.559;3.386;2025-10-09T20:02:22.647995+00:00;P0;12.40
4854;DHT22;3628;6.559;3.386;2025-10-09T20:02:39.834798+00:00;humidity;86.90
4854;DHT22;3628;6.559;3.386;2025-10-09T20:02:39.834798+00:00;temperature;29.20
4853;pms5003;3628;6.559;3.386;2025-10-09T20:07:57.149894+00:00;P2;19.33
4853;pms5003;3628;6.559;3.386;2025-10-09T20:07:57.149894+00:00;P1;23.33
4853;pms5003;3628;6.559;3.386;2025-10-09T20:07:57.149894+00:00;P0;12.00
4854;DHT22;3628;6.559;3.386;2025-10-09T20:08:14.742846+00:00;humidity;87.00
4854;DHT22;3628;6.559;3.386;2025-10-09T20:08:14.742846+00:00;temperature;29.20
4853;pms5003;3628;6.559;3.386;2025-10-09T20:13:32.443859+00:00;P2;17.00
4853;pms5003;3628;6.559;3.386;2025-10-09T20:13:32.443859+00:00;P1;18.00
4853;pms5003;3628;6.559;3.386;2025-10-09T20:13:32.443859+00:00;P0;12.00
4854;DHT22;3628;6.559;3.386;2025-10-09T20:13:49.642773+00:00;humidity;87.70
4854;DHT22;3628;6.559;3.386;2025-10-09T20:13:49.642773+00:00;temperature;29.10
4853;pms5003;3628;6.559;3.386;2025-10-09T20:19:07.223644+00:00;P2;17.00
4853;pms5003;3628;6.559;3.386;2025-10-09T20:19:07.223644+00:00;P1;19.40
4853;pms5003;3628;6.559;3.386;2025-10-09T20:19:07.223644+00:00;P0;11.00
4854;DHT22;3628;6.559;3.386;2025-10-09T20:19:24.624123+00:00;humidity;87.50
4854;DHT22;3628;6.559;3.386;2025-10-09T20:19:24.624123+00:00;temperature;29.20
4853;pms5003;3628;6.559;3.386;2025-10-09T20:24:43.400554+00:00;P2;14.00
4853;pms5003;3628;6.559;3.386;2025-10-09T20:24:43.400554+00:00;P1;16.00
4853;pms5003;3628;6.559;3.386;2025-10-09T20:24:43.400554+00:00;P0;9.00
4854;DHT22;3628;6.559;3.386;2025-10-09T20:25:00.474724+00:00;humidity;87.80
4854;DHT22;3628;6.559;3.386;2025-10-09T20:25:00.474724+00:00;temperature;29.10
4853;pms5003;3628;6.559;3.386;2025-10-09T20:46:01.023824+00:00;P2;12.00
4853;pms5003;3628;6.559;3.386;2025-10-09T20:46:01.023824+00:00;P1;13.00
4853;pms5003;3628;6.559;3.386;2025-10-09T20:46:01.023824+00:00;P0;8.00
4854;DHT22;3628;6.559;3.386;2025-10-09T20:46:18.437895+00:00;humidity;88.40
4854;DHT22;3628;6.559;3.386;2025-10-09T20:46:18.437895+00:00;temperature;29.00
4853;pms5003;3628;6.559;3.386;2025-10-09T20:51:35.685892+00:00;P2;14.00
4853;pms5003;3628;6.559;3.386;2025-10-09T20:51:35.685892+00:00;P1;22.33
4853;pms5003;3628;6.559;3.386;2025-10-09T20:51:35.685892+00:00;P0;10.00
4854;DHT22;3628;6.559;3.386;2025-10-09T20:51:53.137022+00:00;humidity;88.30
4854;DHT22;3628;6.559;3.386;2025-10-09T20:51:53.137022+00:00;temperature;29.00
4853;pms5003;3628;6.559;3.386;2025-10-09T20:57:10.406173+00:00;P2;12.50
4853;pms5003;3628;6.559;3.386;2025-10-09T20:57:10.406173+00:00;P1;17.00
4853;pms5003;3628;6.559;3.386;2025-10-09T20:57:10.406173+00:00;P0;7.50
4854;DHT22;3628;6.559;3.386;2025-10-09T20:57:27.725664+00:00;humidity;88.50
4854;DHT22;3628;6.559;3.386;2025-10-09T20:57:27.725664+00:00;temperature;28.90
4853;pms5003;3628;6.559;3.386;2025-10-09T21:02:44.853318+00:00;P2;12.25
4853;pms5003;3628;6.559;3.386;2025-10-09T21:02:44.853318+00:00;P1;14.25
4853;pms5003;3628;6.559;3.386;2025-10-09T21:02:44.853318+00:00;P0;9.00
4854;DHT22;3628;6.559;3.386;2025-10-09T21:03:02.317466+00:00;humidity;88.20
4854;DHT22;3628;6.559;3.386;2025-10-09T21:03:02.317466+00:00;temperature;28.90
4853;pms5003;3628;6.559;3.386;2025-10-09T21:08:19.753545+00:00;P2;10.00
4853;pms5003;3628;6.559;3.386;2025-10-09T21:08:19.753545+00:00;P1;11.00
4853;pms5003;3628;6.559;3.386;2025-10-09T21:08:19.753545+00:00;P0;6.40
4854;DHT22;3628;6.559;3.386;2025-10-09T21:08:36.906685+00:00;humidity;88.30
4854;DHT22;3628;6.559;3.386;2025-10-09T21:08:36.906685+00:00;temperature;28.90
4854;DHT22;3628;6.559;3.386;2025-10-09T21:14:00.624540+00:00;humidity;88.30
4854;DHT22;3628;6.559;3.386;2025-10-09T21:14:00.624540+00:00;temperature;28.80
4853;pms5003;3628;6.559;3.386;2025-10-09T21:19:17.821693+00:00;P2;11.50
4853;pms5003;3628;6.559;3.386;2025-10-09T21:19:17.821693+00:00;P1;11.50
4853;pms5003;3628;6.559;3.386;2025-10-09T21:19:17.821693+00:00;P0;7.50
4854;DHT22;3628;6.559;3.386;2025-10-09T21:19:35.672098+00:00;humidity;88.60
4854;DHT22;3628;6.559;3.386;2025-10-09T21:19:35.672098+00:00;temperature;28.80
4853;pms5003;3628;6.559;3.386;2025-10-09T21:24:52.345169+00:00;P2;15.60
4853;pms5003;3628;6.559;3.386;2025-10-09T21:24:52.345169+00:00;P1;16.60
4853;pms5003;3628;6.559;3.386;2025-10-09T21:24:52.345169+00:00;P0;10.60
4853;pms5003;3628;6.559;3.386;2025-10-09T21:30:16.345175+00:00;P2;14.00
4853;pms5003;3628;6.559;3.386;2025-10-09T21:30:16.345175+00:00;P1;15.50
4853;pms5003;3628;6.559;3.386;2025-10-09T21:30:16.345175+00:00;P0;9.50
4854;DHT22;3628;6.559;3.386;2025-10-09T21:30:33.937107+00:00;humidity;88.50
4854;DHT22;3628;6.559;3.386;2025-10-09T21:30:33.937107+00:00;temperature;28.90
4854;DHT22;3628;6.559;3.386;2025-10-09T21:35:57.942700+00:00;humidity;89.00
4854;DHT22;3628;6.559;3.386;2025-10-09T21:35:57.942700+00:00;temperature;28.80
4853;pms5003;3628;6.559;3.386;2025-10-09T21:41:16.945586+00:00;P2;14.00
4853;pms5003;3628;6.559;3.386;2025-10-09T21:41:16.945586+00:00;P1;15.80
4853;pms5003;3628;6.559;3.386;2025-10-09T21:41:16.945586+00:00;P0;9.80
4853;pms5003;3628;6.559;3.386;2025-10-09T21:46:43.043558+00:00;P2;11.00
4853;pms5003;3628;6.559;3.386;2025-10-09T21:46:43.043558+00:00;P1;14.00
4853;pms5003;3628;6.559;3.386;2025-10-09T21:46:43.043558+00:00;P0;6.25
4854;DHT22;3628;6.559;3.386;2025-10-09T21:47:00.331768+00:00;humidity;89.40
4854;DHT22;3628;6.559;3.386;2025-10-09T21:47:00.331768+00:00;temperature;28.80
4853;pms5003;3628;6.559;3.386;2025-10-09T21:52:17.648787+00:00;P2;10.00
4853;pms5003;3628;6.559;3.386;2025-10-09T21:52:17.648787+00:00;P1;15.50
4853;pms5003;3628;6.559;3.386;2025-10-09T21:52:17.648787+00:00;P0;6.50
4854;DHT22;3628;6.559;3.386;2025-10-09T21:52:35.233765+00:00;humidity;89.60
4854;DHT22;3628;6.559;3.386;2025-10-09T21:52:35.233765+00:00;temperature;28.80
4853;pms5003;3628;6.559;3.386;2025-10-09T21:57:52.503839+00:00;P2;13.00
4853;pms5003;3628;6.559;3.386;2025-10-09T21:57:52.503839+00:00;P1;18.33
4853;pms5003;3628;6.559;3.386;2025-10-09T21:57:52.503839+00:00;P0;8.00
4854;DHT22;3628;6.559;3.386;2025-10-09T21:58:09.840780+00:00;humidity;89.90
4854;DHT22;3628;6.559;3.386;2025-10-09T21:58:09.840780+00:00;temperature;28.70
4853;pms5003;3628;6.559;3.386;2025-10-09T22:03:27.018014+00:00;P2;12.00
4853;pms5003;3628;6.559;3.386;2025-10-09T22:03:27.018014+00:00;P1;13.67
4853;pms5003;3628;6.559;3.386;2025-10-09T22:03:27.018014+00:00;P0;7.67
4853;pms5003;3628;6.559;3.386;2025-10-09T22:09:01.595735+00:00;P2;12.67
4853;pms5003;3628;6.559;3.386;2025-10-09T22:09:01.595735+00:00;P1;14.00
4853;pms5003;3628;6.559;3.386;2025-10-09T22:09:01.595735+00:00;P0;8.00
4854;DHT22;3628;6.559;3.386;2025-10-09T22:09:19.289439+00:00;humidity;90.30
4854;DHT22;3628;6.559;3.386;2025-10-09T22:09:19.289439+00:00;temperature;28.70
4853;pms5003;3628;6.559;3.386;2025-10-09T22:14:36.415213+00:00;P2;11.20
4853;pms5003;3628;6.559;3.386;2025-10-09T22:14:36.415213+00:00;P1;12.20
4853;pms5003;3628;6.559;3.386;2025-10-09T22:14:36.415213+00:00;P0;6.60
4853;pms5003;3628;6.559;3.386;2025-10-09T22:20:00.125996+00:00;P2;14.00
4853;pms5003;3628;6.559;3.386;2025-10-09T22:20:00.125996+00:00;P1;24.40
4853;pms5003;3628;6.559;3.386;2025-10-09T22:20:00.125996+00:00;P0;8.40
4854;DHT22;3628;6.559;3.386;2025-10-09T22:20:17.585525+00:00;humidity;90.30
4854;DHT22;3628;6.559;3.386;2025-10-09T22:20:17.585525+00:00;temperature;28.60
4853;pms5003;3628;6.559;3.386;2025-10-09T22:25:34.778765+00:00;P2;9.75
4853;pms5003;3628;6.559;3.386;2025-10-09T22:25:34.778765+00:00;P1;12.75
4853;pms5003;3628;6.559;3.386;2025-10-09T22:25:34.778765+00:00;P0;7.50
4854;DHT22;3628;6.559;3.386;2025-10-09T22:25:52.241491+00:00;humidity;90.10
4854;DHT22;3628;6.559;3.386;2025-10-09T22:25:52.241491+00:00;temperature;28.70
4853;pms5003;3628;6.559;3.386;2025-10-09T22:31:09.402932+00:00;P2;13.00
4853;pms5003;3628;6.559;3.386;2025-10-09T22:31:09.402932+00:00;P1;13.00
4853;pms5003;3628;6.559;3.386;2025-10-09T22:31:09.402932+00:00;P0;9.00
4854;DHT22;3628;6.559;3.386;2025-10-09T22:31:26.919410+00:00;humidity;90.00
4854;DHT22;3628;6.559;3.386;2025-10-09T22:31:26.919410+00:00;temperature;28.70
4853;pms5003;3628;6.559;3.386;2025-10-09T22:36:44.373371+00:00;P2;14.00
4853;pms5003;3628;6.559;3.386;2025-10-09T22:36:44.373371+00:00;P1;15.00
4853;pms5003;3628;6.559;3.386;2025-10-09T22:36:44.373371+00:00;P0;11.00
4854;DHT22;3628;6.559;3.386;2025-10-09T22:37:02.014973+00:00;humidity;90.30
4854;DHT22;3628;6.559;3.386;2025-10-09T22:37:02.014973+00:00;temperature;28.60
4853;pms5003;3628;6.559;3.386;2025-10-09T22:42:19.464848+00:00;P2;16.00
4853;pms5003;3628;6.559;3.386;2025-10-09T22:42:19.464848+00:00;P1;18.50
4853;pms5003;3628;6.559;3.386;2025-10-09T22:42:19.464848+00:00;P0;10.25
4854;DHT22;3628;6.559;3.386;2025-10-09T22:42:36.665832+00:00;humidity;89.90
4854;DHT22;3628;6.559;3.386;2025-10-09T22:42:36.665832+00:00;temperature;28.70
4853;pms5003;3628;6.559;3.386;2025-10-09T22:47:53.912594+00:00;P2;11.00
4853;pms5003;3628;6.559;3.386;2025-10-09T22:47:53.912594+00:00;P1;12.75
4853;pms5003;3628;6.559;3.386;2025-10-09T22:47:53.912594+00:00;P0;8.00
4854;DHT22;3628;6.559;3.386;2025-10-09T22:53:35.027490+00:00;humidity;90.20
4854;DHT22;3628;6.559;3.386;2025-10-09T22:53:35.027490+00:00;temperature;28.60
4853;pms5003;3628;6.559;3.386;2025-10-09T22:58:52.224654+00:00;P2;15.20
4853;pms5003;3628;6.559;3.386;2025-10-09T22:58:52.224654+00:00;P1;23.00
4853;pms5003;3628;6.559;3.386;2025-10-09T22:58:52.224654+00:00;P0;8.80
4854;DHT22;3628;6.559;3.386;2025-10-09T22:59:09.661306+00:00;humidity;89.80
4854;DHT22;3628;6.559;3.386;2025-10-09T22:59:09.661306+00:00;temperature;28.70
4853;pms5003;3628;6.559;3.386;2025-10-09T23:04:26.856436+00:00;P2;15.00
4853;pms5003;3628;6.559;3.386;2025-10-09T23:04:26.856436+00:00;P1;15.00
4853;pms5003;3628;6.559;3.386;2025-10-09T23:04:26.856436+00:00;P0;9.00
4854;DHT22;3628;6.559;3.386;2025-10-09T23:04:44.351340+00:00;humidity;89.90
4854;DHT22;3628;6.559;3.386;2025-10-09T23:04:44.351340+00:00;temperature;28.60
4853;pms5003;3628;6.559;3.386;2025-10-09T23:10:01.612613+00:00;P2;16.00
4853;pms5003;3628;6.559;3.386;2025-10-09T23:10:01.612613+00:00;P1;20.50
4853;pms5003;3628;6.559;3.386;2025-10-09T23:10:01.612613+00:00;P0;10.50
4854;DHT22;3628;6.559;3.386;2025-10-09T23:10:19.053602+00:00;humidity;90.10
4854;DHT22;3628;6.559;3.386;2025-10-09T23:10:19.053602+00:00;temperature;28.60
4853;pms5003;3628;6.559;3.386;2025-10-09T23:15:36.235052+00:00;P2;42.75
4853;pms5003;3628;6.559;3.386;2025-10-09T23:15:36.235052+00:00;P1;57.75
4853;pms5003;3628;6.559;3.386;2025-10-09T23:15:36.235052+00:00;P0;28.00
4854;DHT22;3628;6.559;3.386;2025-10-09T23:15:53.731838+00:00;humidity;90.00
4854;DHT22;3628;6.559;3.386;2025-10-09T23:15:53.731838+00:00;temperature;28.70
4853;pms5003;3628;6.559;3.386;2025-10-09T23:21:10.949107+00:00;P2;67.50
4853;pms5003;3628;6.559;3.386;2025-10-09T23:21:10.949107+00:00;P1;78.25
4853;pms5003;3628;6.559;3.386;2025-10-09T23:21:10.949107+00:00;P0;42.75
4854;DHT22;3628;6.559;3.386;2025-10-09T23:21:28.393621+00:00;humidity;89.90
4854;DHT22;3628;6.559;3.386;2025-10-09T23:21:28.393621+00:00;temperature;28.70
4853;pms5003;3628;6.559;3.386;2025-10-09T23:31:58.709519+00:00;P2;69.00
4853;pms5003;3628;6.559;3.386;2025-10-09T23:31:58.709519+00:00;P1;80.67
4853;pms5003;3628;6.559;3.386;2025-10-09T23:31:58.709519+00:00;P0;44.00
4854;DHT22;3628;6.559;3.386;2025-10-09T23:32:16.031241+00:00;humidity;89.70
4854;DHT22;3628;6.559;3.386;2025-10-09T23:32:16.031241+00:00;temperature;28.70
4853;pms5003;3628;6.559;3.386;2025-10-09T23:37:33.452731+00:00;P2;61.25
4853;pms5003;3628;6.559;3.386;2025-10-09T23:37:33.452731+00:00;P1;73.00
4853;pms5003;3628;6.559;3.386;2025-10-09T23:37:33.452731+00:00;P0;39.00
4854;DHT22;3628;6.559;3.386;2025-10-09T23:37:50.818052+00:00;humidity;90.50
4854;DHT22;3628;6.559;3.386;2025-10-09T23:37:50.818052+00:00;temperature;28.50
4854;DHT22;3628;6.559;3.386;2025-10-09T23:43:15.035842+00:00;humidity;90.00
4854;DHT22;3628;6.559;3.386;2025-10-09T23:43:15.035842+00:00;temperature;28.70
4854;DHT22;3628;6.559;3.386;2025-10-09T23:48:52.410279+00:00;humidity;90.00
4854;DHT22;3628;6.559;3.386;2025-10-09T23:48:52.410279+00:00;temperature;28.60
4853;pms5003;3628;6.559;3.386;2025-10-09T23:54:09.858803+00:00;P2;41.75
4853;pms5003;3628;6.559;3.386;2025-10-09T23:54:09.858803+00:00;P1;53.50
4853;pms5003;3628;6.559;3.386;2025-10-09T23:54:09.858803+00:00;P0;27.50
4854;DHT22;3628;6.559;3.386;2025-10-09T23:54:27.185375+00:00;humidity;90.20
4854;DHT22;3628;6.559;3.386;2025-10-09T23:54:27.185375+00:00;temperature;28.50
4853;pms5003;3628;6.559;3.386;2025-10-09T23:59:44.491563+00:00;P2;48.80
4853;pms5003;3628;6.559;3.386;2025-10-09T23:59:44.491563+00:00;P1;65.00
4853;pms5003;3628;6.559;3.386;2025-10-09T23:59:44.491563+00:00;P0;31.00
4854;DHT22;3628;6.559;3.386;2025-10-10T00:00:02.031035+00:00;humidity;90.20
4854;DHT22;3628;6.559;3.386;2025-10-10T00:00:02.031035+00:00;temperature;28.50
4853;pms5003;3628;6.559;3.386;2025-10-10T00:05:19.105948+00:00;P2;53.25
4853;pms5003;3628;6.559;3.386;2025-10-10T00:05:19.105948+00:00;P1;70.25
4853;pms5003;3628;6.559;3.386;2025-10-10T00:05:19.105948+00:00;P0;34.00
4854;DHT22;3628;6.559;3.386;2025-10-10T00:05:36.515966+00:00;humidity;90.00
4854;DHT22;3628;6.559;3.386;2025-10-10T00:05:36.515966+00:00;temperature;28.60
4853;pms5003;3628;6.559;3.386;2025-10-10T00:10:53.677865+00:00;P2;35.50
4853;pms5003;3628;6.559;3.386;2025-10-10T00:10:53.677865+00:00;P1;42.50
4853;pms5003;3628;6.559;3.386;2025-10-10T00:10:53.677865+00:00;P0;23.50
4854;DHT22;3628;6.559;3.386;2025-10-10T00:11:11.046961+00:00;humidity;89.90
4854;DHT22;3628;6.559;3.386;2025-10-10T00:11:11.046961+00:00;temperature;28.60
4854;DHT22;3628;6.559;3.386;2025-10-10T00:16:35.084839+00:00;humidity;89.90
4854;DHT22;3628;6.559;3.386;2025-10-10T00:16:35.084839+00:00;temperature;28.60
4853;pms5003;3628;6.559;3.386;2025-10-10T00:21:52.511875+00:00;P2;32.00
4853;pms5003;3628;6.559;3.386;2025-10-10T00:21:52.511875+00:00;P1;40.00
4853;pms5003;3628;6.559;3.386;2025-10-10T00:21:52.511875+00:00;P0;21.00
4854;DHT22;3628;6.559;3.386;2025-10-10T00:22:09.871752+00:00;humidity;89.80
4854;DHT22;3628;6.559;3.386;2025-10-10T00:22:09.871752+00:00;temperature;28.60
4853;pms5003;3628;6.559;3.386;2025-10-10T00:27:27.375891+00:00;P2;28.50
4853;pms5003;3628;6.559;3.386;2025-10-10T00:27:27.375891+00:00;P1;31.00
4853;pms5003;3628;6.559;3.386;2025-10-10T00:27:27.375891+00:00;P0;17.00
4853;pms5003;3628;6.559;3.386;2025-10-10T00:32:51.123652+00:00;P2;32.00
4853;pms5003;3628;6.559;3.386;2025-10-10T00:32:51.123652+00:00;P1;37.00
4853;pms5003;3628;6.559;3.386;2025-10-10T00:32:51.123652+00:00;P0;20.00
4854;DHT22;3628;6.559;3.386;2025-10-10T00:33:08.463172+00:00;humidity;89.50
4854;DHT22;3628;6.559;3.386;2025-10-10T00:33:08.463172+00:00;temperature;28.70
4853;pms5003;3628;6.559;3.386;2025-10-10T00:38:25.683592+00:00;P2;19.75
4853;pms5003;3628;6.559;3.386;2025-10-10T00:38:25.683592+00:00;P1;19.75
4853;pms5003;3628;6.559;3.386;2025-10-10T00:38:25.683592+00:00;P0;12.25
4854;DHT22;3628;6.559;3.386;2025-10-10T00:38:43.131915+00:00;humidity;90.00
4854;DHT22;3628;6.559;3.386;2025-10-10T00:38:43.131915+00:00;temperature;28.50
4853;pms5003;3628;6.559;3.386;2025-10-10T00:44:00.354801+00:00;P2;21.00
4853;pms5003;3628;6.559;3.386;2025-10-10T00:44:00.354801+00:00;P1;27.25
4853;pms5003;3628;6.559;3.386;2025-10-10T00:44:00.354801+00:00;P0;14.00
4854;DHT22;3628;6.559;3.386;2025-10-10T00:44:17.645303+00:00;humidity;90.20
4854;DHT22;3628;6.559;3.386;2025-10-10T00:44:17.645303+00:00;temperature;28.50
4853;pms5003;3628;6.559;3.386;2025-10-10T00:49:34.937384+00:00;P2;23.00
4853;pms5003;3628;6.559;3.386;2025-10-10T00:49:34.937384+00:00;P1;32.60
4853;pms5003;3628;6.559;3.386;2025-10-10T00:49:34.937384+00:00;P0;15.40
4854;DHT22;3628;6.559;3.386;2025-10-10T00:49:52.365426+00:00;humidity;90.30
4854;DHT22;3628;6.559;3.386;2025-10-10T00:49:52.365426+00:00;temperature;28.50
4853;pms5003;3628;6.559;3.386;2025-10-10T00:55:10.843901+00:00;P2;16.67
4853;pms5003;3628;6.559;3.386;2025-10-10T00:55:10.843901+00:00;P1;18.67
4853;pms5003;3628;6.559;3.386;2025-10-10T00:55:10.843901+00:00;P0;12.00
4854;DHT22;3628;6.559;3.386;2025-10-10T00:55:28.433115+00:00;humidity;90.10
4854;DHT22;3628;6.559;3.386;2025-10-10T00:55:28.433115+00:00;temperature;28.50
4853;pms5003;3628;6.559;3.386;2025-10-10T01:00:44.264846+00:00;P2;17.00
4853;pms5003;3628;6.559;3.386;2025-10-10T01:00:44.264846+00:00;P1;18.00
4853;pms5003;3628;6.559;3.386;2025-10-10T01:00:44.264846+00:00;P0;11.00
4854;DHT22;3628;6.559;3.386;2025-10-10T01:01:01.723371+00:00;humidity;90.10
4854;DHT22;3628;6.559;3.386;2025-10-10T01:01:01.723371+00:00;temperature;28.40
4854;DHT22;3628;6.559;3.386;2025-10-10T01:06:25.773916+00:00;humidity;89.90
4854;DHT22;3628;6.559;3.386;2025-10-10T01:06:25.773916+00:00;temperature;28.50
4853;pms5003;3628;6.559;3.386;2025-10-10T01:11:42.961332+00:00;P2;19.80
4853;pms5003;3628;6.559;3.386;2025-10-10T01:11:42.961332+00:00;P1;21.00
4853;pms5003;3628;6.559;3.386;2025-10-10T01:11:42.961332+00:00;P0;11.00
4854;DHT22;3628;6.559;3.386;2025-10-10T01:12:00.570994+00:00;humidity;89.90
4854;DHT22;3628;6.559;3.386;2025-10-10T01:12:00.570994+00:00;temperature;28.40
4854;DHT22;3628;6.559;3.386;2025-10-10T01:17:24.229477+00:00;humidity;89.80
4854;DHT22;3628;6.559;3.386;2025-10-10T01:17:24.229477+00:00;temperature;28.50
4853;pms5003;3628;6.559;3.386;2025-10-10T01:22:41.346084+00:00;P2;17.40
4853;pms5003;3628;6.559;3.386;2025-10-10T01:22:41.346084+00:00;P1;17.40
4853;pms5003;3628;6.559;3.386;2025-10-10T01:22:41.346084+00:00;P0;12.00
4854;DHT22;3628;6.559;3.386;2025-10-10T01:28:22.608355+00:00;humidity;90.30
4854;DHT22;3628;6.559;3.386;2025-10-10T01:28:22.608355+00:00;temperature;28.40
4853;pms5003;3628;6.559;3.386;2025-10-10T01:33:39.840552+00:00;P2;32.00
4853;pms5003;3628;6.559;3.386;2025-10-10T01:33:39.840552+00:00;P1;48.75
4853;pms5003;3628;6.559;3.386;2025-10-10T01:33:39.840552+00:00;P0;21.00
4853;pms5003;3628;6.559;3.386;2025-10-10T01:39:04.039601+00:00;P2;33.00
4853;pms5003;3628;6.559;3.386;2025-10-10T01:39:04.039601+00:00;P1;43.00
4853;pms5003;3628;6.559;3.386;2025-10-10T01:39:04.039601+00:00;P0;20.00
4854;DHT22;3628;6.559;3.386;2025-10-10T01:39:21.331567+00:00;humidity;90.40
4854;DHT22;3628;6.559;3.386;2025-10-10T01:39:21.331567+00:00;temperature;28.40
4853;pms5003;3628;6.559;3.386;2025-10-10T01:44:38.490462+00:00;P2;32.00
4853;pms5003;3628;6.559;3.386;2025-10-10T01:44:38.490462+00:00;P1;44.00
4853;pms5003;3628;6.559;3.386;2025-10-10T01:44:38.490462+00:00;P0;20.75
4854;DHT22;3628;6.559;3.386;2025-10-10T01:44:55.886981+00:00;humidity;90.20
4854;DHT22;3628;6.559;3.386;2025-10-10T01:44:55.886981+00:00;temperature;28.40
4853;pms5003;3628;6.559;3.386;2025-10-10T01:50:13.125213+00:00;P2;22.00
4853;pms5003;3628;6.559;3.386;2025-10-10T01:50:13.125213+00:00;P1;24.67
4853;pms5003;3628;6.559;3.386;2025-10-10T01:50:13.125213+00:00;P0;13.33
4854;DHT22;3628;6.559;3.386;2025-10-10T01:50:30.595714+00:00;humidity;90.00
4854;DHT22;3628;6.559;3.386;2025-10-10T01:50:30.595714+00:00;temperature;28.50
4853;pms5003;3628;6.559;3.386;2025-10-10T01:55:47.717867+00:00;P2;17.00
4853;pms5003;3628;6.559;3.386;2025-10-10T01:55:47.717867+00:00;P1;17.00
4853;pms5003;3628;6.559;3.386;2025-10-10T01:55:47.717867+00:00;P0;10.00
4854;DHT22;3628;6.559;3.386;2025-10-10T01:56:05.315068+00:00;humidity;89.90
4854;DHT22;3628;6.559;3.386;2025-10-10T01:56:05.315068+00:00;temperature;28.60
4853;pms5003;3628;6.559;3.386;2025-10-10T02:05:19.828831+00:00;P2;12.40
4853;pms5003;3628;6.559;3.386;2025-10-10T02:05:19.828831+00:00;P1;14.00
4853;pms5003;3628;6.559;3.386;2025-10-10T02:05:19.828831+00:00;P0;7.00
4854;DHT22;3628;6.559;3.386;2025-10-10T02:10:50.732764+00:00;humidity;89.60
4854;DHT22;3628;6.559;3.386;2025-10-10T02:10:50.732764+00:00;temperature;28.60
4853;pms5003;3628;6.559;3.386;2025-10-10T02:16:08.131000+00:00;P2;15.50
4853;pms5003;3628;6.559;3.386;2025-10-10T02:16:08.131000+00:00;P1;21.75
4853;pms5003;3628;6.559;3.386;2025-10-10T02:16:08.131000+00:00;P0;9.50
4854;DHT22;3628;6.559;3.386;2025-10-10T02:16:25.456370+00:00;humidity;89.40
4854;DHT22;3628;6.559;3.386;2025-10-10T02:16:25.456370+00:00;temperature;28.70
4853;pms5003;3628;6.559;3.386;2025-10-10T02:21:42.654787+00:00;P2;11.33
4853;pms5003;3628;6.559;3.386;2025-10-10T02:21:42.654787+00:00;P1;12.33
4853;pms5003;3628;6.559;3.386;2025-10-10T02:21:42.654787+00:00;P0;7.33
4854;DHT22;3628;6.559;3.386;2025-10-10T02:22:00.085462+00:00;humidity;90.00
4854;DHT22;3628;6.559;3.386;2025-10-10T02:22:00.085462+00:00;temperature;28.50
4854;DHT22;3628;6.559;3.386;2025-10-10T02:27:23.906436+00:00;humidity;89.30
4854;DHT22;3628;6.559;3.386;2025-10-10T02:27:23.906436+00:00;temperature;28.70
4853;pms5003;3628;6.559;3.386;2025-10-10T02:32:41.117986+00:00;P2;15.25
4853;pms5003;3628;6.559;3.386;2025-10-10T02:32:41.117986+00:00;P1;18.25
4853;pms5003;3628;6.559;3.386;2025-10-10T02:32:41.117986+00:00;P0;10.00
4854;DHT22;3628;6.559;3.386;2025-10-10T02:32:58.444846+00:00;humidity;89.20
4854;DHT22;3628;6.559;3.386;2025-10-10T02:32:58.444846+00:00;temperature;28.70
4853;pms5003;3628;6.559;3.386;2025-10-10T02:38:15.596544+00:00;P2;13.00
4853;pms5003;3628;6.559;3.386;2025-10-10T02:38:15.596544+00:00;P1;16.00
4853;pms5003;3628;6.559;3.386;2025-10-10T02:38:15.596544+00:00;P0;9.60
4853;pms5003;3628;6.559;3.386;2025-10-10T02:43:42.587284+00:00;P2;18.40
4853;pms5003;3628;6.559;3.386;2025-10-10T02:43:42.587284+00:00;P1;19.40
4853;pms5003;3628;6.559;3.386;2025-10-10T02:43:42.587284+00:00;P0;10.60
4854;DHT22;3628;6.559;3.386;2025-10-10T02:43:59.984575+00:00;humidity;89.60
4854;DHT22;3628;6.559;3.386;2025-10-10T02:43:59.984575+00:00;temperature;28.50
4853;pms5003;3628;6.559;3.386;2025-10-10T02:49:17.142645+00:00;P2;15.50
4853;pms5003;3628;6.559;3.386;2025-10-10T02:49:17.142645+00:00;P1;19.50
4853;pms5003;3628;6.559;3.386;2025-10-10T02:49:17.142645+00:00;P0;9.50
4854;DHT22;3628;6.559;3.386;2025-10-10T02:49:34.689255+00:00;humidity;89.80
4854;DHT22;3628;6.559;3.386;2025-10-10T02:49:34.689255+00:00;temperature;28.50
4853;pms5003;3628;6.559;3.386;2025-10-10T02:54:51.851885+00:00;P2;19.25
4853;pms5003;3628;6.559;3.386;2025-10-10T02:54:51.851885+00:00;P1;26.75
4853;pms5003;3628;6.559;3.386;2025-10-10T02:54:51.851885+00:00;P0;12.00
4854;DHT22;3628;6.559;3.386;2025-10-10T02:55:09.226418+00:00;humidity;90.00
4854;DHT22;3628;6.559;3.386;2025-10-10T02:55:09.226418+00:00;temperature;28.50
4853;pms5003;3628;6.559;3.386;2025-10-10T03:00:26.405460+00:00;P2;21.50
4853;pms5003;3628;6.559;3.386;2025-10-10T03:00:26.405460+00:00;P1;28.75
4853;pms5003;3628;6.559;3.386;2025-10-10T03:00:26.405460+00:00;P0;14.50
4854;DHT22;3628;6.559;3.386;2025-10-10T03:00:43.696488+00:00;humidity;90.40
4854;DHT22;3628;6.559;3.386;2025-10-10T03:00:43.696488+00:00;temperature;28.30
4853;pms5003;3628;6.559;3.386;2025-10-10T03:06:00.871116+00:00;P2;24.50
4853;pms5003;3628;6.559;3.386;2025-10-10T03:06:00.871116+00:00;P1;24.50
4853;pms5003;3628;6.559;3.386;2025-10-10T03:06:00.871116+00:00;P0;17.25
4854;DHT22;3628;6.559;3.386;2025-10-10T03:06:18.231286+00:00;humidity;90.10
4854;DHT22;3628;6.559;3.386;2025-10-10T03:06:18.231286+00:00;temperature;28.40
4854;DHT22;3628;6.559;3.386;2025-10-10T03:16:55.414212+00:00;humidity;89.80
4854;DHT22;3628;6.559;3.386;2025-10-10T03:16:55.414212+00:00;temperature;28.50
4853;pms5003;3628;6.559;3.386;2025-10-10T03:22:12.668821+00:00;P2;24.50
4853;pms5003;3628;6.559;3.386;2025-10-10T03:22:12.668821+00:00;P1;32.50
4853;pms5003;3628;6.559;3.386;2025-10-10T03:22:12.668821+00:00;P0;15.00
4854;DHT22;3628;6.559;3.386;2025-10-10T03:22:29.939745+00:00;humidity;90.20
4854;DHT22;3628;6.559;3.386;2025-10-10T03:22:29.939745+00:00;temperature;28.40
4853;pms5003;3628;6.559;3.386;2025-10-10T03:33:00.367827+00:00;P2;29.25
4853;pms5003;3628;6.559;3.386;2025-10-10T03:33:00.367827+00:00;P1;36.75
4853;pms5003;3628;6.559;3.386;2025-10-10T03:33:00.367827+00:00;P0;17.25
4854;DHT22;3628;6.559;3.386;2025-10-10T03:33:17.667369+00:00;humidity;90.30
4854;DHT22;3628;6.559;3.386;2025-10-10T03:33:17.667369+00:00;temperature;28.30
4853;pms5003;3628;6.559;3.386;2025-10-10T03:38:34.875490+00:00;P2;26.25
4853;pms5003;3628;6.559;3.386;2025-10-10T03:38:34.875490+00:00;P1;28.25
4853;pms5003;3628;6.559;3.386;2025-10-10T03:38:34.875490+00:00;P0;15.50
4853;pms5003;3628;6.559;3.386;2025-10-10T03:43:58.635726+00:00;P2;23.75
4853;pms5003;3628;6.559;3.386;2025-10-10T03:43:58.635726+00:00;P1;28.00
4853;pms5003;3628;6.559;3.386;2025-10-10T03:43:58.635726+00:00;P0;15.25
4854;DHT22;3628;6.559;3.386;2025-10-10T03:44:16.028296+00:00;humidity;90.40
4854;DHT22;3628;6.559;3.386;2025-10-10T03:44:16.028296+00:00;temperature;28.40
4854;DHT22;3628;6.559;3.386;2025-10-10T03:49:42.681877+00:00;humidity;90.50
4854;DHT22;3628;6.559;3.386;2025-10-10T03:49:42.681877+00:00;temperature;28.30
4853;pms5003;3628;6.559;3.386;2025-10-10T03:54:59.839699+00:00;P2;19.80
4853;pms5003;3628;6.559;3.386;2025-10-10T03:54:59.839699+00:00;P1;29.00
4853;pms5003;3628;6.559;3.386;2025-10-10T03:54:59.839699+00:00;P0;12.40
4854;DHT22;3628;6.559;3.386;2025-10-10T03:55:17.262855+00:00;humidity;90.60
4854;DHT22;3628;6.559;3.386;2025-10-10T03:55:17.262855+00:00;temperature;28.30
4853;pms5003;3628;6.559;3.386;2025-10-10T04:00:34.434905+00:00;P2;15.25
4853;pms5003;3628;6.559;3.386;2025-10-10T04:00:34.434905+00:00;P1;15.25
4853;pms5003;3628;6.559;3.386;2025-10-10T04:00:34.434905+00:00;P0;10.00
4854;DHT22;3628;6.559;3.386;2025-10-10T04:00:51.796140+00:00;humidity;90.80
4854;DHT22;3628;6.559;3.386;2025-10-10T04:00:51.796140+00:00;temperature;28.20
4853;pms5003;3628;6.559;3.386;2025-10-10T04:06:09.149148+00:00;P2;19.00
4853;pms5003;3628;6.559;3.386;2025-10-10T04:06:09.149148+00:00;P1;19.25
4853;pms5003;3628;6.559;3.386;2025-10-10T04:06:09.149148+00:00;P0;12.00
4854;DHT22;3628;6.559;3.386;2025-10-10T04:06:29.417279+00:00;humidity;91.00
4854;DHT22;3628;6.559;3.386;2025-10-10T04:06:29.417279+00:00;temperature;28.20
4853;pms5003;3628;6.559;3.386;2025-10-10T04:11:46.613108+00:00;P2;20.80
4853;pms5003;3628;6.559;3.386;2025-10-10T04:11:46.613108+00:00;P1;21.60
4853;pms5003;3628;6.559;3.386;2025-10-10T04:11:46.613108+00:00;P0;13.00
4854;DHT22;3628;6.559;3.386;2025-10-10T04:12:04.128516+00:00;humidity;90.90
4854;DHT22;3628;6.559;3.386;2025-10-10T04:12:04.128516+00:00;temperature;28.20
4854;DHT22;3628;6.559;3.386;2025-10-10T04:17:27.786641+00:00;humidity;91.00
4854;DHT22;3628;6.559;3.386;2025-10-10T04:17:27.786641+00:00;temperature;28.20
4853;pms5003;3628;6.559;3.386;2025-10-10T04:22:45.046745+00:00;P2;20.00
4853;pms5003;3628;6.559;3.386;2025-10-10T04:22:45.046745+00:00;P1;24.67
4853;pms5003;3628;6.559;3.386;2025-10-10T04:22:45.046745+00:00;P0;13.67
4854;DHT22;3628;6.559;3.386;2025-10-10T04:23:02.385262+00:00;humidity;90.80
4854;DHT22;3628;6.559;3.386;2025-10-10T04:23:02.385262+00:00;temperature;28.20
4853;pms5003;3628;6.559;3.386;2025-10-10T04:28:19.608051+00:00;P2;22.33
4853;pms5003;3628;6.559;3.386;2025-10-10T04:28:19.608051+00:00;P1;25.33
4853;pms5003;3628;6.559;3.386;2025-10-10T04:28:19.608051+00:00;P0;16.00
4854;DHT22;3628;6.559;3.386;2025-10-10T04:28:36.953371+00:00;humidity;91.20
4854;DHT22;3628;6.559;3.386;2025-10-10T04:28:36.953371+00:00;temperature;28.20
4853;pms5003;3628;6.559;3.386;2025-10-10T04:33:54.245420+00:00;P2;24.00
4853;pms5003;3628;6.559;3.386;2025-10-10T04:33:54.245420+00:00;P1;24.00
4853;pms5003;3628;6.559;3.386;2025-10-10T04:33:54.245420+00:00;P0;15.75
4854;DHT22;3628;6.559;3.386;2025-10-10T04:34:11.551043+00:00;humidity;91.60
4854;DHT22;3628;6.559;3.386;2025-10-10T04:34:11.551043+00:00;temperature;28.10
4853;pms5003;3628;6.559;3.386;2025-10-10T04:39:28.803463+00:00;P2;17.50
4853;pms5003;3628;6.559;3.386;2025-10-10T04:39:28.803463+00:00;P1;19.00
4853;pms5003;3628;6.559;3.386;2025-10-10T04:39:28.803463+00:00;P0;13.00
4854;DHT22;3628;6.559;3.386;2025-10-10T04:39:46.185850+00:00;humidity;91.40
4854;DHT22;3628;6.559;3.386;2025-10-10T04:39:46.185850+00:00;temperature;28.10
4853;pms5003;3628;6.559;3.386;2025-10-10T04:45:03.447701+00:00;P2;24.50
4853;pms5003;3628;6.559;3.386;2025-10-10T04:45:03.447701+00:00;P1;30.75
4853;pms5003;3628;6.559;3.386;2025-10-10T04:45:03.447701+00:00;P0;15.25
4854;DHT22;3628;6.559;3.386;2025-10-10T04:45:20.772002+00:00;humidity;91.30
4854;DHT22;3628;6.559;3.386;2025-10-10T04:45:20.772002+00:00;temperature;28.10
4853;pms5003;3628;6.559;3.386;2025-10-10T04:50:37.963421+00:00;P2;25.80
4853;pms5003;3628;6.559;3.386;2025-10-10T04:50:37.963421+00:00;P1;33.40
4853;pms5003;3628;6.559;3.386;2025-10-10T04:50:37.963421+00:00;P0;16.80
4854;DHT22;3628;6.559;3.386;2025-10-10T04:50:55.333579+00:00;humidity;91.20
4854;DHT22;3628;6.559;3.386;2025-10-10T04:50:55.333579+00:00;temperature;28.20
4853;pms5003;3628;6.559;3.386;2025-10-10T04:56:12.741651+00:00;P2;27.00
4853;pms5003;3628;6.559;3.386;2025-10-10T04:56:12.741651+00:00;P1;31.25
4853;pms5003;3628;6.559;3.386;2025-10-10T04:56:12.741651+00:00;P0;16.50
4854;DHT22;3628;6.559;3.386;2025-10-10T05:01:43.689832+00:00;humidity;91.70
4854;DHT22;3628;6.559;3.386;2025-10-10T05:01:43.689832+00:00;temperature;28.00
4853;pms5003;3628;6.559;3.386;2025-10-10T05:07:00.951479+00:00;P2;27.50
4853;pms5003;3628;6.559;3.386;2025-10-10T05:07:00.951479+00:00;P1;31.00
4853;pms5003;3628;6.559;3.386;2025-10-10T05:07:00.951479+00:00;P0;16.25
4854;DHT22;3628;6.559;3.386;2025-10-10T05:07:18.276287+00:00;humidity;91.70
4854;DHT22;3628;6.559;3.386;2025-10-10T05:07:18.276287+00:00;temperature;28.10
4853;pms5003;3628;6.559;3.386;2025-10-10T05:12:35.452987+00:00;P2;27.00
4853;pms5003;3628;6.559;3.386;2025-10-10T05:12:35.452987+00:00;P1;32.75
4853;pms5003;3628;6.559;3.386;2025-10-10T05:12:35.452987+00:00;P0;17.50
4854;DHT22;3628;6.559;3.386;2025-10-10T05:12:53.036776+00:00;humidity;91.80
4854;DHT22;3628;6.559;3.386;2025-10-10T05:12:53.036776+00:00;temperature;28.10
4854;DHT22;3628;6.559;3.386;2025-10-10T05:18:16.931024+00:00;humidity;91.50
4854;DHT22;3628;6.559;3.386;2025-10-10T05:18:16.931024+00:00;temperature;28.10
4853;pms5003;3628;6.559;3.386;2025-10-10T05:23:34.053346+00:00;P2;28.67
4853;pms5003;3628;6.559;3.386;2025-10-10T05:23:34.053346+00:00;P1;34.33
4853;pms5003;3628;6.559;3.386;2025-10-10T05:23:34.053346+00:00;P0;19.00
4854;DHT22;3628;6.559;3.386;2025-10-10T05:23:51.581472+00:00;humidity;91.40
4854;DHT22;3628;6.559;3.386;2025-10-10T05:23:51.581472+00:00;temperature;28.20
4853;pms5003;3628;6.559;3.386;2025-10-10T05:34:43.368743+00:00;P2;37.33
4853;pms5003;3628;6.559;3.386;2025-10-10T05:34:43.368743+00:00;P1;47.33
4853;pms5003;3628;6.559;3.386;2025-10-10T05:34:43.368743+00:00;P0;24.00
4854;DHT22;3628;6.559;3.386;2025-10-10T05:35:00.724258+00:00;humidity;90.90
4854;DHT22;3628;6.559;3.386;2025-10-10T05:35:00.724258+00:00;temperature;28.30
4853;pms5003;3628;6.559;3.386;2025-10-10T05:40:17.889951+00:00;P2;33.00
4853;pms5003;3628;6.559;3.386;2025-10-10T05:40:17.889951+00:00;P1;45.00
4853;pms5003;3628;6.559;3.386;2025-10-10T05:40:17.889951+00:00;P0;21.00
4853;pms5003;3628;6.559;3.386;2025-10-10T05:45:41.646734+00:00;P2;37.50
4853;pms5003;3628;6.559;3.386;2025-10-10T05:45:41.646734+00:00;P1;47.50
4853;pms5003;3628;6.559;3.386;2025-10-10T05:45:41.646734+00:00;P0;23.75
4854;DHT22;3628;6.559;3.386;2025-10-10T05:45:59.432735+00:00;humidity;90.50
4854;DHT22;3628;6.559;3.386;2025-10-10T05:45:59.432735+00:00;temperature;28.40
4853;pms5003;3628;6.559;3.386;2025-10-10T05:51:16.508397+00:00;P2;37.67
4853;pms5003;3628;6.559;3.386;2025-10-10T05:51:16.508397+00:00;P1;49.00
4853;pms5003;3628;6.559;3.386;2025-10-10T05:51:16.508397+00:00;P0;24.00
4854;DHT22;3628;6.559;3.386;2025-10-10T05:51:33.850862+00:00;humidity;90.50
4854;DHT22;3628;6.559;3.386;2025-10-10T05:51:33.850862+00:00;temperature;28.40
4854;DHT22;3628;6.559;3.386;2025-10-10T05:56:57.538290+00:00;humidity;90.10
4854;DHT22;3628;6.559;3.386;2025-10-10T05:56:57.538290+00:00;temperature;28.50
4854;DHT22;3628;6.559;3.386;2025-10-10T06:02:21.782488+00:00;humidity;90.30
4854;DHT22;3628;6.559;3.386;2025-10-10T06:02:21.782488+00:00;temperature;28.50
4853;pms5003;3628;6.559;3.386;2025-10-10T06:07:38.956028+00:00;P2;35.75
4853;pms5003;3628;6.559;3.386;2025-10-10T06:07:38.956028+00:00;P1;45.75
4853;pms5003;3628;6.559;3.386;2025-10-10T06:07:38.956028+00:00;P0;23.00
4854;DHT22;3628;6.559;3.386;2025-10-10T06:07:56.293764+00:00;humidity;90.40
4854;DHT22;3628;6.559;3.386;2025-10-10T06:07:56.293764+00:00;temperature;28.50
4853;pms5003;3628;6.559;3.386;2025-10-10T06:13:13.484084+00:00;P2;40.75
4853;pms5003;3628;6.559;3.386;2025-10-10T06:13:13.484084+00:00;P1;51.00
4853;pms5003;3628;6.559;3.386;2025-10-10T06:13:13.484084+00:00;P0;27.00
4854;DHT22;3628;6.559;3.386;2025-10-10T06:13:30.821778+00:00;humidity;90.20
4854;DHT22;3628;6.559;3.386;2025-10-10T06:13:30.821778+00:00;temperature;28.50
4954;pms5003;3629;6.428;3.435;2025-10-10T06:16:09+00:00;P2;34
4954;pms5003;3629;6.428;3.435;2025-10-10T06:16:09+00:00;P1;39
4954;pms5003;3629;6.428;3.435;2025-10-10T06:16:09+00:00;P0;19
4955;DHT22;3629;6.428;3.435;2025-10-10T06:16:11+00:00;humidity;87.7
4955;DHT22;3629;6.428;3.435;2025-10-10T06:16:11+00:00;temperature;26.4
4853;pms5003;3628;6.559;3.386;2025-10-10T06:18:48.003841+00:00;P2;37.00
4853;pms5003;3628;6.559;3.386;2025-10-10T06:18:48.003841+00:00;P1;47.80
4853;pms5003;3628;6.559;3.386;2025-10-10T06:18:48.003841+00:00;P0;24.20
4954;pms5003;3629;6.428;3.435;2025-10-10T06:21:46+00:00;P2;19
4954;pms5003;3629;6.428;3.435;2025-10-10T06:21:46+00:00;P1;21
4954;pms5003;3629;6.428;3.435;2025-10-10T06:21:46+00:00;P0;12
4955;DHT22;3629;6.428;3.435;2025-10-10T06:21:48+00:00;humidity;83.8
4955;DHT22;3629;6.428;3.435;2025-10-10T06:21:48+00:00;temperature;26.9
4853;pms5003;3628;6.559;3.386;2025-10-10T06:24:12.327487+00:00;P2;33.00
4853;pms5003;3628;6.559;3.386;2025-10-10T06:24:12.327487+00:00;P1;45.60
4853;pms5003;3628;6.559;3.386;2025-10-10T06:24:12.327487+00:00;P0;22.00
4854;DHT22;3628;6.559;3.386;2025-10-10T06:24:29.539436+00:00;humidity;89.60
4854;DHT22;3628;6.559;3.386;2025-10-10T06:24:29.539436+00:00;temperature;28.80
4954;pms5003;3629;6.428;3.435;2025-10-10T06:27:23+00:00;P2;29
4954;pms5003;3629;6.428;3.435;2025-10-10T06:27:23+00:00;P1;31
4954;pms5003;3629;6.428;3.435;2025-10-10T06:27:23+00:00;P0;19
4853;pms5003;3628;6.559;3.386;2025-10-10T06:29:46.775497+00:00;P2;29.00
4853;pms5003;3628;6.559;3.386;2025-10-10T06:29:46.775497+00:00;P1;38.75
4853;pms5003;3628;6.559;3.386;2025-10-10T06:29:46.775497+00:00;P0;19.00
4954;pms5003;3629;6.428;3.435;2025-10-10T06:33:00+00:00;P2;23
4954;pms5003;3629;6.428;3.435;2025-10-10T06:33:00+00:00;P1;24
4954;pms5003;3629;6.428;3.435;2025-10-10T06:33:00+00:00;P0;16
4955;DHT22;3629;6.428;3.435;2025-10-10T06:33:02+00:00;humidity;83.2
4955;DHT22;3629;6.428;3.435;2025-10-10T06:33:02+00:00;temperature;28
4853;pms5003;3628;6.559;3.386;2025-10-10T06:35:10.535873+00:00;P2;35.00
4853;pms5003;3628;6.559;3.386;2025-10-10T06:35:10.535873+00:00;P1;45.00
4853;pms5003;3628;6.559;3.386;2025-10-10T06:35:10.535873+00:00;P0;23.00
4954;pms5003;3629;6.428;3.435;2025-10-10T06:38:36+00:00;P2;19
4954;pms5003;3629;6.428;3.435;2025-10-10T06:38:36+00:00;P1;19
4954;pms5003;3629;6.428;3.435;2025-10-10T06:38:36+00:00;P0;13
4955;DHT22;3629;6.428;3.435;2025-10-10T06:38:38+00:00;humidity;81.6
4955;DHT22;3629;6.428;3.435;2025-10-10T06:38:38+00:00;temperature;28.4
4854;DHT22;3628;6.559;3.386;2025-10-10T06:40:51.982448+00:00;humidity;88.70
4854;DHT22;3628;6.559;3.386;2025-10-10T06:40:51.982448+00:00;temperature;29.10
4954;pms5003;3629;6.428;3.435;2025-10-10T06:44:13+00:00;P2;15
4954;pms5003;3629;6.428;3.435;2025-10-10T06:44:13+00:00;P1;15
4954;pms5003;3629;6.428;3.435;2025-10-10T06:44:13+00:00;P0;11
4955;DHT22;3629;6.428;3.435;2025-10-10T06:44:15+00:00;humidity;81
4955;DHT22;3629;6.428;3.435;2025-10-10T06:44:15+00:00;temperature;28.8
4853;pms5003;3628;6.559;3.386;2025-10-10T06:46:09.227137+00:00;P2;33.00
4853;pms5003;3628;6.559;3.386;2025-10-10T06:46:09.227137+00:00;P1;45.67
4853;pms5003;3628;6.559;3.386;2025-10-10T06:46:09.227137+00:00;P0;22.00
4854;DHT22;3628;6.559;3.386;2025-10-10T06:46:26.741961+00:00;humidity;88.60
4854;DHT22;3628;6.559;3.386;2025-10-10T06:46:26.741961+00:00;temperature;29.10
4954;pms5003;3629;6.428;3.435;2025-10-10T06:50:55+00:00;P2;20
4954;pms5003;3629;6.428;3.435;2025-10-10T06:50:55+00:00;P1;21
4954;pms5003;3629;6.428;3.435;2025-10-10T06:50:55+00:00;P0;14
4955;DHT22;3629;6.428;3.435;2025-10-10T06:50:57+00:00;humidity;80.6
4955;DHT22;3629;6.428;3.435;2025-10-10T06:50:57+00:00;temperature;29.1
4853;pms5003;3628;6.559;3.386;2025-10-10T06:51:43.858492+00:00;P2;38.75
4853;pms5003;3628;6.559;3.386;2025-10-10T06:51:43.858492+00:00;P1;53.50
4853;pms5003;3628;6.559;3.386;2025-10-10T06:51:43.858492+00:00;P0;26.00
4954;pms5003;3629;6.428;3.435;2025-10-10T06:56:32+00:00;P2;38
4954;pms5003;3629;6.428;3.435;2025-10-10T06:56:32+00:00;P1;44
4954;pms5003;3629;6.428;3.435;2025-10-10T06:56:32+00:00;P0;27
4955;DHT22;3629;6.428;3.435;2025-10-10T06:56:34+00:00;humidity;80.3
4955;DHT22;3629;6.428;3.435;2025-10-10T06:56:34+00:00;temperature;29.5
4853;pms5003;3628;6.559;3.386;2025-10-10T06:57:07.776302+00:00;P2;32.00
4853;pms5003;3628;6.559;3.386;2025-10-10T06:57:07.776302+00:00;P1;47.75
4853;pms5003;3628;6.559;3.386;2025-10-10T06:57:07.776302+00:00;P0;20.50
4854;DHT22;3628;6.559;3.386;2025-10-10T06:57:25.142246+00:00;humidity;88.10
4854;DHT22;3628;6.559;3.386;2025-10-10T06:57:25.142246+00:00;temperature;29.20
4954;pms5003;3629;6.428;3.435;2025-10-10T07:02:09+00:00;P2;52
4954;pms5003;3629;6.428;3.435;2025-10-10T07:02:09+00:00;P1;66
4954;pms5003;3629;6.428;3.435;2025-10-10T07:02:09+00:00;P0;37
4955;DHT22;3629;6.428;3.435;2025-10-10T07:02:11+00:00;humidity;79.5
4955;DHT22;3629;6.428;3.435;2025-10-10T07:02:11+00:00;temperature;30
4853;pms5003;3628;6.559;3.386;2025-10-10T07:02:42.336989+00:00;P2;30.20
4853;pms5003;3628;6.559;3.386;2025-10-10T07:02:42.336989+00:00;P1;33.00
4853;pms5003;3628;6.559;3.386;2025-10-10T07:02:42.336989+00:00;P0;21.00
4854;DHT22;3628;6.559;3.386;2025-10-10T07:02:59.691150+00:00;humidity;87.70
4854;DHT22;3628;6.559;3.386;2025-10-10T07:02:59.691150+00:00;temperature;29.40
4954;pms5003;3629;6.428;3.435;2025-10-10T07:07:45+00:00;P2;36
4954;pms5003;3629;6.428;3.435;2025-10-10T07:07:45+00:00;P1;42
4954;pms5003;3629;6.428;3.435;2025-10-10T07:07:45+00:00;P0;26
4955;DHT22;3629;6.428;3.435;2025-10-10T07:07:47+00:00;humidity;78.5
4955;DHT22;3629;6.428;3.435;2025-10-10T07:07:47+00:00;temperature;30.5
4853;pms5003;3628;6.559;3.386;2025-10-10T07:08:16.930625+00:00;P2;29.25
4853;pms5003;3628;6.559;3.386;2025-10-10T07:08:16.930625+00:00;P1;41.25
4853;pms5003;3628;6.559;3.386;2025-10-10T07:08:16.930625+00:00;P0;19.75
4954;pms5003;3629;6.428;3.435;2025-10-10T07:13:22+00:00;P2;29
4954;pms5003;3629;6.428;3.435;2025-10-10T07:13:22+00:00;P1;32
4954;pms5003;3629;6.428;3.435;2025-10-10T07:13:22+00:00;P0;21
4955;DHT22;3629;6.428;3.435;2025-10-10T07:13:24+00:00;humidity;77.5
4955;DHT22;3629;6.428;3.435;2025-10-10T07:13:24+00:00;temperature;30.9
4853;pms5003;3628;6.559;3.386;2025-10-10T07:13:41.306363+00:00;P2;29.80
4853;pms5003;3628;6.559;3.386;2025-10-10T07:13:41.306363+00:00;P1;38.40
4853;pms5003;3628;6.559;3.386;2025-10-10T07:13:41.306363+00:00;P0;17.20
4854;DHT22;3628;6.559;3.386;2025-10-10T07:13:58.472707+00:00;humidity;87.70
4854;DHT22;3628;6.559;3.386;2025-10-10T07:13:58.472707+00:00;temperature;29.40
4954;pms5003;3629;6.428;3.435;2025-10-10T07:18:58+00:00;P2;40
4954;pms5003;3629;6.428;3.435;2025-10-10T07:18:58+00:00;P1;48
4954;pms5003;3629;6.428;3.435;2025-10-10T07:18:58+00:00;P0;25
4955;DHT22;3629;6.428;3.435;2025-10-10T07:19:00+00:00;humidity;76.8
4955;DHT22;3629;6.428;3.435;2025-10-10T07:19:00+00:00;temperature;31.3
4853;pms5003;3628;6.559;3.386;2025-10-10T07:19:15.652752+00:00;P2;31.50
4853;pms5003;3628;6.559;3.386;2025-10-10T07:19:15.652752+00:00;P1;35.25
4853;pms5003;3628;6.559;3.386;2025-10-10T07:19:15.652752+00:00;P0;21.50
4854;DHT22;3628;6.559;3.386;2025-10-10T07:19:33.019692+00:00;humidity;86.80
4854;DHT22;3628;6.559;3.386;2025-10-10T07:19:33.019692+00:00;temperature;29.60
4853;pms5003;3628;6.559;3.386;2025-10-10T07:24:50.353041+00:00;P2;32.00
4853;pms5003;3628;6.559;3.386;2025-10-10T07:24:50.353041+00:00;P1;39.75
4853;pms5003;3628;6.559;3.386;2025-10-10T07:24:50.353041+00:00;P0;20.00
4853;pms5003;3628;6.559;3.386;2025-10-10T07:30:14.046331+00:00;P2;27.60
4853;pms5003;3628;6.559;3.386;2025-10-10T07:30:14.046331+00:00;P1;30.80
4853;pms5003;3628;6.559;3.386;2025-10-10T07:30:14.046331+00:00;P0;17.60
4853;pms5003;3628;6.559;3.386;2025-10-10T07:40:51.842234+00:00;P2;28.00
4853;pms5003;3628;6.559;3.386;2025-10-10T07:40:51.842234+00:00;P1;32.00
4853;pms5003;3628;6.559;3.386;2025-10-10T07:40:51.842234+00:00;P0;18.00
4854;DHT22;3628;6.559;3.386;2025-10-10T07:41:09.281689+00:00;humidity;87.90
4854;DHT22;3628;6.559;3.386;2025-10-10T07:41:09.281689+00:00;temperature;29.30
4854;DHT22;3628;6.559;3.386;2025-10-10T07:46:43.967642+00:00;humidity;87.30
4854;DHT22;3628;6.559;3.386;2025-10-10T07:46:43.967642+00:00;temperature;29.50
4854;DHT22;3628;6.559;3.386;2025-10-10T07:52:18.490684+00:00;humidity;87.40
4854;DHT22;3628;6.559;3.386;2025-10-10T07:52:18.490684+00:00;temperature;29.50
4954;pms5003;3629;6.428;3.435;2025-10-10T08:00:33+00:00;P2;5
4954;pms5003;3629;6.428;3.435;2025-10-10T08:00:33+00:00;P1;6
4954;pms5003;3629;6.428;3.435;2025-10-10T08:00:33+00:00;P0;4
4955;DHT22;3629;6.428;3.435;2025-10-10T08:00:35+00:00;humidity;86.3
4955;DHT22;3629;6.428;3.435;2025-10-10T08:00:35+00:00;temperature;27.6
4854;DHT22;3628;6.559;3.386;2025-10-10T08:02:56.178582+00:00;humidity;87.60
4854;DHT22;3628;6.559;3.386;2025-10-10T08:02:56.178582+00:00;temperature;29.40
4954;pms5003;3629;6.428;3.435;2025-10-10T08:06:10+00:00;P2;4
4954;pms5003;3629;6.428;3.435;2025-10-10T08:06:10+00:00;P1;5
4954;pms5003;3629;6.428;3.435;2025-10-10T08:06:10+00:00;P0;3
4955;DHT22;3629;6.428;3.435;2025-10-10T08:06:12+00:00;humidity;82.3
4955;DHT22;3629;6.428;3.435;2025-10-10T08:06:12+00:00;temperature;27.2
4854;DHT22;3628;6.559;3.386;2025-10-10T08:08:22.769191+00:00;humidity;87.00
4854;DHT22;3628;6.559;3.386;2025-10-10T08:08:22.769191+00:00;temperature;29.50
4954;pms5003;3629;6.428;3.435;2025-10-10T08:11:46+00:00;P2;7
4954;pms5003;3629;6.428;3.435;2025-10-10T08:11:46+00:00;P1;7
4954;pms5003;3629;6.428;3.435;2025-10-10T08:11:46+00:00;P0;4
4955;DHT22;3629;6.428;3.435;2025-10-10T08:11:48+00:00;humidity;83.3
4955;DHT22;3629;6.428;3.435;2025-10-10T08:11:48+00:00;temperature;27
4853;pms5003;3628;6.559;3.386;2025-10-10T08:13:39.978488+00:00;P2;29.00
4853;pms5003;3628;6.559;3.386;2025-10-10T08:13:39.978488+00:00;P1;36.25
4853;pms5003;3628;6.559;3.386;2025-10-10T08:13:39.978488+00:00;P0;19.00
4854;DHT22;3628;6.559;3.386;2025-10-10T08:13:57.788758+00:00;humidity;86.90
4854;DHT22;3628;6.559;3.386;2025-10-10T08:13:57.788758+00:00;temperature;29.50
4954;pms5003;3629;6.428;3.435;2025-10-10T08:17:23+00:00;P2;3
4954;pms5003;3629;6.428;3.435;2025-10-10T08:17:23+00:00;P1;6
4954;pms5003;3629;6.428;3.435;2025-10-10T08:17:23+00:00;P0;1
4955;DHT22;3629;6.428;3.435;2025-10-10T08:17:25+00:00;humidity;84.3
4955;DHT22;3629;6.428;3.435;2025-10-10T08:17:25+00:00;temperature;26.7
4854;DHT22;3628;6.559;3.386;2025-10-10T08:19:32.572624+00:00;humidity;86.50
4854;DHT22;3628;6.559;3.386;2025-10-10T08:19:32.572624+00:00;temperature;29.60
4954;pms5003;3629;6.428;3.435;2025-10-10T08:23:00+00:00;P2;3
4954;pms5003;3629;6.428;3.435;2025-10-10T08:23:00+00:00;P1;3
4954;pms5003;3629;6.428;3.435;2025-10-10T08:23:00+00:00;P0;1
4955;DHT22;3629;6.428;3.435;2025-10-10T08:23:02+00:00;humidity;85.4
4955;DHT22;3629;6.428;3.435;2025-10-10T08:23:02+00:00;temperature;26.7
4853;pms5003;3628;6.559;3.386;2025-10-10T08:24:49.852192+00:00;P2;24.00
4853;pms5003;3628;6.559;3.386;2025-10-10T08:24:49.852192+00:00;P1;25.25
4853;pms5003;3628;6.559;3.386;2025-10-10T08:24:49.852192+00:00;P0;16.25
4854;DHT22;3628;6.559;3.386;2025-10-10T08:25:07.219264+00:00;humidity;85.50
4854;DHT22;3628;6.559;3.386;2025-10-10T08:25:07.219264+00:00;temperature;30.00
4954;pms5003;3629;6.428;3.435;2025-10-10T08:28:36+00:00;P2;2
4954;pms5003;3629;6.428;3.435;2025-10-10T08:28:36+00:00;P1;2
4954;pms5003;3629;6.428;3.435;2025-10-10T08:28:36+00:00;P0;1
4955;DHT22;3629;6.428;3.435;2025-10-10T08:28:38+00:00;humidity;86.4
4955;DHT22;3629;6.428;3.435;2025-10-10T08:28:38+00:00;temperature;26.4
4853;pms5003;3628;6.559;3.386;2025-10-10T08:30:24.530930+00:00;P2;21.75
4853;pms5003;3628;6.559;3.386;2025-10-10T08:30:24.530930+00:00;P1;23.75
4853;pms5003;3628;6.559;3.386;2025-10-10T08:30:24.530930+00:00;P0;15.75
4854;DHT22;3628;6.559;3.386;2025-10-10T08:30:41.866904+00:00;humidity;85.00
4854;DHT22;3628;6.559;3.386;2025-10-10T08:30:41.866904+00:00;temperature;29.90
4954;pms5003;3629;6.428;3.435;2025-10-10T08:34:48+00:00;P2;7
4954;pms5003;3629;6.428;3.435;2025-10-10T08:34:48+00:00;P1;7
4954;pms5003;3629;6.428;3.435;2025-10-10T08:34:48+00:00;P0;3
4955;DHT22;3629;6.428;3.435;2025-10-10T08:34:50+00:00;humidity;87.9
4955;DHT22;3629;6.428;3.435;2025-10-10T08:34:50+00:00;temperature;26.3
4954;pms5003;3629;6.428;3.435;2025-10-10T08:40:25+00:00;P2;4
4954;pms5003;3629;6.428;3.435;2025-10-10T08:40:25+00:00;P1;7
4954;pms5003;3629;6.428;3.435;2025-10-10T08:40:25+00:00;P0;2
4955;DHT22;3629;6.428;3.435;2025-10-10T08:40:27+00:00;humidity;89.2
4955;DHT22;3629;6.428;3.435;2025-10-10T08:40:27+00:00;temperature;26.2
4853;pms5003;3628;6.559;3.386;2025-10-10T08:41:22.906853+00:00;P2;26.60
4853;pms5003;3628;6.559;3.386;2025-10-10T08:41:22.906853+00:00;P1;27.60
4853;pms5003;3628;6.559;3.386;2025-10-10T08:41:22.906853+00:00;P0;17.00
4854;DHT22;3628;6.559;3.386;2025-10-10T08:41:40.263033+00:00;humidity;85.90
4854;DHT22;3628;6.559;3.386;2025-10-10T08:41:40.263033+00:00;temperature;29.60
4954;pms5003;3629;6.428;3.435;2025-10-10T08:46:02+00:00;P2;8
4954;pms5003;3629;6.428;3.435;2025-10-10T08:46:02+00:00;P1;9
4954;pms5003;3629;6.428;3.435;2025-10-10T08:46:02+00:00;P0;3
4955;DHT22;3629;6.428;3.435;2025-10-10T08:46:04+00:00;humidity;88.6
4955;DHT22;3629;6.428;3.435;2025-10-10T08:46:04+00:00;temperature;26.4
4853;pms5003;3628;6.559;3.386;2025-10-10T08:46:57.444066+00:00;P2;24.80
4853;pms5003;3628;6.559;3.386;2025-10-10T08:46:57.444066+00:00;P1;36.80
4853;pms5003;3628;6.559;3.386;2025-10-10T08:46:57.444066+00:00;P0;16.00
4854;DHT22;3628;6.559;3.386;2025-10-10T08:47:14.984878+00:00;humidity;85.50
4854;DHT22;3628;6.559;3.386;2025-10-10T08:47:14.984878+00:00;temperature;29.80
4954;pms5003;3629;6.428;3.435;2025-10-10T08:51:39+00:00;P2;11
4954;pms5003;3629;6.428;3.435;2025-10-10T08:51:39+00:00;P1;12
4954;pms5003;3629;6.428;3.435;2025-10-10T08:51:39+00:00;P0;7
4955;DHT22;3629;6.428;3.435;2025-10-10T08:51:41+00:00;humidity;88.2
4955;DHT22;3629;6.428;3.435;2025-10-10T08:51:41+00:00;temperature;26.6
4853;pms5003;3628;6.559;3.386;2025-10-10T08:52:32.667487+00:00;P2;24.00
4853;pms5003;3628;6.559;3.386;2025-10-10T08:52:32.667487+00:00;P1;27.00
4853;pms5003;3628;6.559;3.386;2025-10-10T08:52:32.667487+00:00;P0;15.00
4854;DHT22;3628;6.559;3.386;2025-10-10T08:52:49.662653+00:00;humidity;85.30
4854;DHT22;3628;6.559;3.386;2025-10-10T08:52:49.662653+00:00;temperature;29.90
4954;pms5003;3629;6.428;3.435;2025-10-10T08:57:16+00:00;P2;15
4954;pms5003;3629;6.428;3.435;2025-10-10T08:57:16+00:00;P1;17
4954;pms5003;3629;6.428;3.435;2025-10-10T08:57:16+00:00;P0;5
4955;DHT22;3629;6.428;3.435;2025-10-10T08:57:18+00:00;humidity;88.3
4955;DHT22;3629;6.428;3.435;2025-10-10T08:57:18+00:00;temperature;26.6
4853;pms5003;3628;6.559;3.386;2025-10-10T08:58:06.845022+00:00;P2;22.00
4853;pms5003;3628;6.559;3.386;2025-10-10T08:58:06.845022+00:00;P1;23.00
4853;pms5003;3628;6.559;3.386;2025-10-10T08:58:06.845022+00:00;P0;14.00
4854;DHT22;3628;6.559;3.386;2025-10-10T08:58:24.305502+00:00;humidity;85.50
4854;DHT22;3628;6.559;3.386;2025-10-10T08:58:24.305502+00:00;temperature;29.70
4954;pms5003;3629;6.428;3.435;2025-10-10T09:02:52+00:00;P2;9
4954;pms5003;3629;6.428;3.435;2025-10-10T09:02:52+00:00;P1;10
4954;pms5003;3629;6.428;3.435;2025-10-10T09:02:52+00:00;P0;5
4955;DHT22;3629;6.428;3.435;2025-10-10T09:02:54+00:00;humidity;87.6
4955;DHT22;3629;6.428;3.435;2025-10-10T09:02:54+00:00;temperature;26.8
4853;pms5003;3628;6.559;3.386;2025-10-10T09:03:41.497086+00:00;P2;24.33
4853;pms5003;3628;6.559;3.386;2025-10-10T09:03:41.497086+00:00;P1;26.67
4853;pms5003;3628;6.559;3.386;2025-10-10T09:03:41.497086+00:00;P0;16.00
4854;DHT22;3628;6.559;3.386;2025-10-10T09:03:58.898584+00:00;humidity;85.90
4854;DHT22;3628;6.559;3.386;2025-10-10T09:03:58.898584+00:00;temperature;29.60
4853;pms5003;3628;6.559;3.386;2025-10-10T09:09:16.161424+00:00;P2;37.50
4853;pms5003;3628;6.559;3.386;2025-10-10T09:09:16.161424+00:00;P1;51.50
4853;pms5003;3628;6.559;3.386;2025-10-10T09:09:16.161424+00:00;P0;24.00
4954;pms5003;3629;6.428;3.435;2025-10-10T09:10:20+00:00;P2;10
4954;pms5003;3629;6.428;3.435;2025-10-10T09:10:20+00:00;P1;12
4954;pms5003;3629;6.428;3.435;2025-10-10T09:10:20+00:00;P0;5
4955;DHT22;3629;6.428;3.435;2025-10-10T09:10:23+00:00;humidity;87.1
4955;DHT22;3629;6.428;3.435;2025-10-10T09:10:23+00:00;temperature;27
4853;pms5003;3628;6.559;3.386;2025-10-10T09:14:39.969134+00:00;P2;38.00
4853;pms5003;3628;6.559;3.386;2025-10-10T09:14:39.969134+00:00;P1;52.50
4853;pms5003;3628;6.559;3.386;2025-10-10T09:14:39.969134+00:00;P0;25.50
4854;DHT22;3628;6.559;3.386;2025-10-10T09:14:57.479898+00:00;humidity;82.00
4854;DHT22;3628;6.559;3.386;2025-10-10T09:14:57.479898+00:00;temperature;29.30
4954;pms5003;3629;6.428;3.435;2025-10-10T09:15:58+00:00;P2;6
4954;pms5003;3629;6.428;3.435;2025-10-10T09:15:58+00:00;P1;9
4954;pms5003;3629;6.428;3.435;2025-10-10T09:15:58+00:00;P0;2
4955;DHT22;3629;6.428;3.435;2025-10-10T09:16:00+00:00;humidity;87.2
4955;DHT22;3629;6.428;3.435;2025-10-10T09:16:00+00:00;temperature;26.9
4853;pms5003;3628;6.559;3.386;2025-10-10T09:20:14.907479+00:00;P2;41.00
4853;pms5003;3628;6.559;3.386;2025-10-10T09:20:14.907479+00:00;P1;56.80
4853;pms5003;3628;6.559;3.386;2025-10-10T09:20:14.907479+00:00;P0;28.00
4854;DHT22;3628;6.559;3.386;2025-10-10T09:20:32.390310+00:00;humidity;83.10
4854;DHT22;3628;6.559;3.386;2025-10-10T09:20:32.390310+00:00;temperature;28.70
4954;pms5003;3629;6.428;3.435;2025-10-10T09:21:34+00:00;P2;7
4954;pms5003;3629;6.428;3.435;2025-10-10T09:21:34+00:00;P1;8
4954;pms5003;3629;6.428;3.435;2025-10-10T09:21:34+00:00;P0;4
4955;DHT22;3629;6.428;3.435;2025-10-10T09:21:36+00:00;humidity;87.5
4955;DHT22;3629;6.428;3.435;2025-10-10T09:21:36+00:00;temperature;26.8
4853;pms5003;3628;6.559;3.386;2025-10-10T09:25:49.607953+00:00;P2;37.00
4853;pms5003;3628;6.559;3.386;2025-10-10T09:25:49.607953+00:00;P1;47.00
4853;pms5003;3628;6.559;3.386;2025-10-10T09:25:49.607953+00:00;P0;24.00
4854;DHT22;3628;6.559;3.386;2025-10-10T09:26:06.945932+00:00;humidity;83.30
4854;DHT22;3628;6.559;3.386;2025-10-10T09:26:06.945932+00:00;temperature;28.50
4954;pms5003;3629;6.428;3.435;2025-10-10T09:27:11+00:00;P2;4
4954;pms5003;3629;6.428;3.435;2025-10-10T09:27:11+00:00;P1;4
4954;pms5003;3629;6.428;3.435;2025-10-10T09:27:11+00:00;P0;1
4955;DHT22;3629;6.428;3.435;2025-10-10T09:27:13+00:00;humidity;87.5
4955;DHT22;3629;6.428;3.435;2025-10-10T09:27:13+00:00;temperature;26.7
4854;DHT22;3628;6.559;3.386;2025-10-10T09:31:31.051956+00:00;humidity;83.90
4854;DHT22;3628;6.559;3.386;2025-10-10T09:31:31.051956+00:00;temperature;28.40
4954;pms5003;3629;6.428;3.435;2025-10-10T09:32:48+00:00;P2;7
4954;pms5003;3629;6.428;3.435;2025-10-10T09:32:48+00:00;P1;7
4954;pms5003;3629;6.428;3.435;2025-10-10T09:32:48+00:00;P0;3
4955;DHT22;3629;6.428;3.435;2025-10-10T09:32:50+00:00;humidity;86.4
4955;DHT22;3629;6.428;3.435;2025-10-10T09:32:50+00:00;temperature;27
4853;pms5003;3628;6.559;3.386;2025-10-10T09:36:48.124190+00:00;P2;43.25
4853;pms5003;3628;6.559;3.386;2025-10-10T09:36:48.124190+00:00;P1;62.00
4853;pms5003;3628;6.559;3.386;2025-10-10T09:36:48.124190+00:00;P0;30.00
4954;pms5003;3629;6.428;3.435;2025-10-10T09:38:24+00:00;P2;7
4954;pms5003;3629;6.428;3.435;2025-10-10T09:38:24+00:00;P1;9
4954;pms5003;3629;6.428;3.435;2025-10-10T09:38:24+00:00;P0;4
4955;DHT22;3629;6.428;3.435;2025-10-10T09:38:26+00:00;humidity;86.8
4955;DHT22;3629;6.428;3.435;2025-10-10T09:38:26+00:00;temperature;27
4854;DHT22;3628;6.559;3.386;2025-10-10T09:42:29.492515+00:00;humidity;84.40
4854;DHT22;3628;6.559;3.386;2025-10-10T09:42:29.492515+00:00;temperature;28.70
4853;pms5003;3628;6.559;3.386;2025-10-10T09:47:46.674001+00:00;P2;41.67
4853;pms5003;3628;6.559;3.386;2025-10-10T09:47:46.674001+00:00;P1;55.33
4853;pms5003;3628;6.559;3.386;2025-10-10T09:47:46.674001+00:00;P0;27.00
4854;DHT22;3628;6.559;3.386;2025-10-10T09:48:04.184323+00:00;humidity;83.40
4854;DHT22;3628;6.559;3.386;2025-10-10T09:48:04.184323+00:00;temperature;28.90
4853;pms5003;3628;6.559;3.386;2025-10-10T09:53:21.421658+00:00;P2;39.00
4853;pms5003;3628;6.559;3.386;2025-10-10T09:53:21.421658+00:00;P1;54.75
4853;pms5003;3628;6.559;3.386;2025-10-10T09:53:21.421658+00:00;P0;26.50
4854;DHT22;3628;6.559;3.386;2025-10-10T09:53:38.760585+00:00;humidity;82.50
4854;DHT22;3628;6.559;3.386;2025-10-10T09:53:38.760585+00:00;temperature;29.00
4853;pms5003;3628;6.559;3.386;2025-10-10T09:58:56.043656+00:00;P2;32.00
4853;pms5003;3628;6.559;3.386;2025-10-10T09:58:56.043656+00:00;P1;40.50
4853;pms5003;3628;6.559;3.386;2025-10-10T09:58:56.043656+00:00;P0;21.50
4853;pms5003;3628;6.559;3.386;2025-10-10T10:04:31.373433+00:00;P2;47.75
4853;pms5003;3628;6.559;3.386;2025-10-10T10:04:31.373433+00:00;P1;63.50
4853;pms5003;3628;6.559;3.386;2025-10-10T10:04:31.373433+00:00;P0;32.00
4854;DHT22;3628;6.559;3.386;2025-10-10T10:04:48.140721+00:00;humidity;81.30
4854;DHT22;3628;6.559;3.386;2025-10-10T10:04:48.140721+00:00;temperature;28.90
4853;pms5003;3628;6.559;3.386;2025-10-10T10:15:29.326357+00:00;P2;38.00
4853;pms5003;3628;6.559;3.386;2025-10-10T10:15:29.326357+00:00;P1;52.40
4853;pms5003;3628;6.559;3.386;2025-10-10T10:15:29.326357+00:00;P0;26.00
4854;DHT22;3628;6.559;3.386;2025-10-10T10:15:46.783694+00:00;humidity;79.80
4854;DHT22;3628;6.559;3.386;2025-10-10T10:15:46.783694+00:00;temperature;29.40
4853;pms5003;3628;6.559;3.386;2025-10-10T10:21:03.933915+00:00;P2;41.50
4853;pms5003;3628;6.559;3.386;2025-10-10T10:21:03.933915+00:00;P1;55.00
4853;pms5003;3628;6.559;3.386;2025-10-10T10:21:03.933915+00:00;P0;28.50
4854;DHT22;3628;6.559;3.386;2025-10-10T10:21:21.285863+00:00;humidity;78.80
4854;DHT22;3628;6.559;3.386;2025-10-10T10:21:21.285863+00:00;temperature;29.70
4853;pms5003;3628;6.559;3.386;2025-10-10T10:26:38.533866+00:00;P2;42.00
4853;pms5003;3628;6.559;3.386;2025-10-10T10:26:38.533866+00:00;P1;57.75
4853;pms5003;3628;6.559;3.386;2025-10-10T10:26:38.533866+00:00;P0;28.00
4854;DHT22;3628;6.559;3.386;2025-10-10T10:26:56.025367+00:00;humidity;78.00
4854;DHT22;3628;6.559;3.386;2025-10-10T10:26:56.025367+00:00;temperature;30.00
4853;pms5003;3628;6.559;3.386;2025-10-10T10:32:13.225021+00:00;P2;36.25
4853;pms5003;3628;6.559;3.386;2025-10-10T10:32:13.225021+00:00;P1;52.00
4853;pms5003;3628;6.559;3.386;2025-10-10T10:32:13.225021+00:00;P0;23.00
4853;pms5003;3628;6.559;3.386;2025-10-10T10:37:37.103207+00:00;P2;35.00
4853;pms5003;3628;6.559;3.386;2025-10-10T10:37:37.103207+00:00;P1;49.60
4853;pms5003;3628;6.559;3.386;2025-10-10T10:37:37.103207+00:00;P0;23.60
4854;DHT22;3628;6.559;3.386;2025-10-10T10:37:54.671003+00:00;humidity;76.10
4854;DHT22;3628;6.559;3.386;2025-10-10T10:37:54.671003+00:00;temperature;31.10
4853;pms5003;3628;6.559;3.386;2025-10-10T10:43:11.850153+00:00;P2;35.25
4853;pms5003;3628;6.559;3.386;2025-10-10T10:43:11.850153+00:00;P1;48.00
4853;pms5003;3628;6.559;3.386;2025-10-10T10:43:11.850153+00:00;P0;22.25
4854;DHT22;3628;6.559;3.386;2025-10-10T10:48:42.305263+00:00;humidity;72.70
4854;DHT22;3628;6.559;3.386;2025-10-10T10:48:42.305263+00:00;temperature;32.40
4854;DHT22;3628;6.559;3.386;2025-10-10T10:54:17.119167+00:00;humidity;72.70
4854;DHT22;3628;6.559;3.386;2025-10-10T10:54:17.119167+00:00;temperature;32.30
4853;pms5003;3628;6.559;3.386;2025-10-10T10:59:34.158559+00:00;P2;28.00
4853;pms5003;3628;6.559;3.386;2025-10-10T10:59:34.158559+00:00;P1;43.25
4853;pms5003;3628;6.559;3.386;2025-10-10T10:59:34.158559+00:00;P0;19.50
4854;DHT22;3628;6.559;3.386;2025-10-10T10:59:51.551661+00:00;humidity;72.80
4854;DHT22;3628;6.559;3.386;2025-10-10T10:59:51.551661+00:00;temperature;32.40
4853;pms5003;3628;6.559;3.386;2025-10-10T11:05:08.816480+00:00;P2;37.25
4853;pms5003;3628;6.559;3.386;2025-10-10T11:05:08.816480+00:00;P1;45.25
4853;pms5003;3628;6.559;3.386;2025-10-10T11:05:08.816480+00:00;P0;23.75
4854;DHT22;3628;6.559;3.386;2025-10-10T11:05:26.135401+00:00;humidity;71.90
4854;DHT22;3628;6.559;3.386;2025-10-10T11:05:26.135401+00:00;temperature;33.10
4854;DHT22;3628;6.559;3.386;2025-10-10T11:11:00.900658+00:00;humidity;71.00
4854;DHT22;3628;6.559;3.386;2025-10-10T11:11:00.900658+00:00;temperature;33.10
4853;pms5003;3628;6.559;3.386;2025-10-10T11:26:47.867751+00:00;P2;16.00
4853;pms5003;3628;6.559;3.386;2025-10-10T11:26:47.867751+00:00;P1;20.50
4853;pms5003;3628;6.559;3.386;2025-10-10T11:26:47.867751+00:00;P0;10.00
4854;DHT22;3628;6.559;3.386;2025-10-10T11:27:05.216507+00:00;humidity;69.90
4854;DHT22;3628;6.559;3.386;2025-10-10T11:27:05.216507+00:00;temperature;33.70
4853;pms5003;3628;6.559;3.386;2025-10-10T11:32:22.485053+00:00;P2;23.50
4853;pms5003;3628;6.559;3.386;2025-10-10T11:32:22.485053+00:00;P1;34.50
4853;pms5003;3628;6.559;3.386;2025-10-10T11:32:22.485053+00:00;P0;14.75
4854;DHT22;3628;6.559;3.386;2025-10-10T11:32:39.919991+00:00;humidity;67.80
4854;DHT22;3628;6.559;3.386;2025-10-10T11:32:39.919991+00:00;temperature;35.00
4854;DHT22;3628;6.559;3.386;2025-10-10T11:38:06.456057+00:00;humidity;66.80
4854;DHT22;3628;6.559;3.386;2025-10-10T11:38:06.456057+00:00;temperature;35.10
4853;pms5003;3628;6.559;3.386;2025-10-10T11:43:23.694738+00:00;P2;12.00
4853;pms5003;3628;6.559;3.386;2025-10-10T11:43:23.694738+00:00;P1;18.75
4853;pms5003;3628;6.559;3.386;2025-10-10T11:43:23.694738+00:00;P0;7.00
4854;DHT22;3628;6.559;3.386;2025-10-10T11:43:41.078534+00:00;humidity;66.10
4854;DHT22;3628;6.559;3.386;2025-10-10T11:43:41.078534+00:00;temperature;35.20
4853;pms5003;3628;6.559;3.386;2025-10-10T11:48:58.310866+00:00;P2;13.50
4853;pms5003;3628;6.559;3.386;2025-10-10T11:48:58.310866+00:00;P1;13.50
4853;pms5003;3628;6.559;3.386;2025-10-10T11:48:58.310866+00:00;P0;9.50
4854;DHT22;3628;6.559;3.386;2025-10-10T11:49:15.666214+00:00;humidity;64.60
4854;DHT22;3628;6.559;3.386;2025-10-10T11:49:15.666214+00:00;temperature;35.90
4853;pms5003;3628;6.559;3.386;2025-10-10T11:54:32.867601+00:00;P2;11.00
4853;pms5003;3628;6.559;3.386;2025-10-10T11:54:32.867601+00:00;P1;11.00
4853;pms5003;3628;6.559;3.386;2025-10-10T11:54:32.867601+00:00;P0;6.25
4853;pms5003;3628;6.559;3.386;2025-10-10T11:59:56.676031+00:00;P2;17.00
4853;pms5003;3628;6.559;3.386;2025-10-10T11:59:56.676031+00:00;P1;20.00
4853;pms5003;3628;6.559;3.386;2025-10-10T11:59:56.676031+00:00;P0;10.00
4854;DHT22;3628;6.559;3.386;2025-10-10T12:00:14.129648+00:00;humidity;64.10
4854;DHT22;3628;6.559;3.386;2025-10-10T12:00:14.129648+00:00;temperature;35.90
4853;pms5003;3628;6.559;3.386;2025-10-10T12:05:31.505470+00:00;P2;17.67
4853;pms5003;3628;6.559;3.386;2025-10-10T12:05:31.505470+00:00;P1;28.33
4853;pms5003;3628;6.559;3.386;2025-10-10T12:05:31.505470+00:00;P0;13.33
4854;DHT22;3628;6.559;3.386;2025-10-10T12:05:48.980059+00:00;humidity;63.00
4854;DHT22;3628;6.559;3.386;2025-10-10T12:05:48.980059+00:00;temperature;36.50
4853;pms5003;3628;6.559;3.386;2025-10-10T12:11:06.202883+00:00;P2;14.50
4853;pms5003;3628;6.559;3.386;2025-10-10T12:11:06.202883+00:00;P1;28.25
4853;pms5003;3628;6.559;3.386;2025-10-10T12:11:06.202883+00:00;P0;8.50
4854;DHT22;3628;6.559;3.386;2025-10-10T12:11:23.497807+00:00;humidity;62.80
4854;DHT22;3628;6.559;3.386;2025-10-10T12:11:23.497807+00:00;temperature;36.40
4853;pms5003;3628;6.559;3.386;2025-10-10T12:16:40.777159+00:00;P2;11.00
4853;pms5003;3628;6.559;3.386;2025-10-10T12:16:40.777159+00:00;P1;11.00
4853;pms5003;3628;6.559;3.386;2025-10-10T12:16:40.777159+00:00;P0;8.00
4853;pms5003;3628;6.559;3.386;2025-10-10T12:22:04.615720+00:00;P2;12.00
4853;pms5003;3628;6.559;3.386;2025-10-10T12:22:04.615720+00:00;P1;22.25
4853;pms5003;3628;6.559;3.386;2025-10-10T12:22:04.615720+00:00;P0;9.25
4854;DHT22;3628;6.559;3.386;2025-10-10T12:22:24.855509+00:00;humidity;60.40
4854;DHT22;3628;6.559;3.386;2025-10-10T12:22:24.855509+00:00;temperature;37.70
4853;pms5003;3628;6.559;3.386;2025-10-10T12:27:42.107248+00:00;P2;15.00
4853;pms5003;3628;6.559;3.386;2025-10-10T12:27:42.107248+00:00;P1;22.00
4853;pms5003;3628;6.559;3.386;2025-10-10T12:27:42.107248+00:00;P0;9.00
4853;pms5003;3628;6.559;3.386;2025-10-10T12:43:54.196204+00:00;P2;14.00
4853;pms5003;3628;6.559;3.386;2025-10-10T12:43:54.196204+00:00;P1;15.80
4853;pms5003;3628;6.559;3.386;2025-10-10T12:43:54.196204+00:00;P0;10.00
4853;pms5003;3628;6.559;3.386;2025-10-10T12:54:31.740843+00:00;P2;14.00
4853;pms5003;3628;6.559;3.386;2025-10-10T12:54:31.740843+00:00;P1;14.50
4853;pms5003;3628;6.559;3.386;2025-10-10T12:54:31.740843+00:00;P0;9.00
4854;DHT22;3628;6.559;3.386;2025-10-10T12:54:49.093191+00:00;humidity;61.50
4854;DHT22;3628;6.559;3.386;2025-10-10T12:54:49.093191+00:00;temperature;37.10
4853;pms5003;3628;6.559;3.386;2025-10-10T13:00:06.436560+00:00;P2;10.33
4853;pms5003;3628;6.559;3.386;2025-10-10T13:00:06.436560+00:00;P1;10.33
4853;pms5003;3628;6.559;3.386;2025-10-10T13:00:06.436560+00:00;P0;7.33
4854;DHT22;3628;6.559;3.386;2025-10-10T13:00:23.738502+00:00;humidity;59.40
4854;DHT22;3628;6.559;3.386;2025-10-10T13:00:23.738502+00:00;temperature;38.10
4854;DHT22;3628;6.559;3.386;2025-10-10T13:21:29.463031+00:00;humidity;58.70
4854;DHT22;3628;6.559;3.386;2025-10-10T13:21:29.463031+00:00;temperature;38.30
4854;DHT22;3628;6.559;3.386;2025-10-10T13:26:53.265407+00:00;humidity;61.90
4854;DHT22;3628;6.559;3.386;2025-10-10T13:26:53.265407+00:00;temperature;36.70
4853;pms5003;3628;6.559;3.386;2025-10-10T13:32:10.852034+00:00;P2;13.00
4853;pms5003;3628;6.559;3.386;2025-10-10T13:32:10.852034+00:00;P1;25.00
4853;pms5003;3628;6.559;3.386;2025-10-10T13:32:10.852034+00:00;P0;10.00
4853;pms5003;3628;6.559;3.386;2025-10-10T13:37:34.816331+00:00;P2;14.40
4853;pms5003;3628;6.559;3.386;2025-10-10T13:37:34.816331+00:00;P1;19.00
4853;pms5003;3628;6.559;3.386;2025-10-10T13:37:34.816331+00:00;P0;9.40
4854;DHT22;3628;6.559;3.386;2025-10-10T13:37:52.200176+00:00;humidity;63.70
4854;DHT22;3628;6.559;3.386;2025-10-10T13:37:52.200176+00:00;temperature;35.80
4853;pms5003;3628;6.559;3.386;2025-10-10T13:43:09.377072+00:00;P2;14.60
4853;pms5003;3628;6.559;3.386;2025-10-10T13:43:09.377072+00:00;P1;20.20
4853;pms5003;3628;6.559;3.386;2025-10-10T13:43:09.377072+00:00;P0;10.00
4854;DHT22;3628;6.559;3.386;2025-10-10T13:43:26.841486+00:00;humidity;61.50
4854;DHT22;3628;6.559;3.386;2025-10-10T13:43:26.841486+00:00;temperature;37.40
4853;pms5003;3628;6.559;3.386;2025-10-10T13:48:44.060735+00:00;P2;18.50
4853;pms5003;3628;6.559;3.386;2025-10-10T13:48:44.060735+00:00;P1;18.50
4853;pms5003;3628;6.559;3.386;2025-10-10T13:48:44.060735+00:00;P0;13.50
4854;DHT22;3628;6.559;3.386;2025-10-10T13:49:01.542255+00:00;humidity;58.80
4854;DHT22;3628;6.559;3.386;2025-10-10T13:49:01.542255+00:00;temperature;38.20
4853;pms5003;3628;6.559;3.386;2025-10-10T13:54:18.760400+00:00;P2;14.80
4853;pms5003;3628;6.559;3.386;2025-10-10T13:54:18.760400+00:00;P1;19.40
4853;pms5003;3628;6.559;3.386;2025-10-10T13:54:18.760400+00:00;P0;10.60
4854;DHT22;3628;6.559;3.386;2025-10-10T13:54:36.222851+00:00;humidity;57.90
4854;DHT22;3628;6.559;3.386;2025-10-10T13:54:36.222851+00:00;temperature;39.30
4854;DHT22;3628;6.559;3.386;2025-10-10T14:00:00.313731+00:00;humidity;59.30
4854;DHT22;3628;6.559;3.386;2025-10-10T14:00:00.313731+00:00;temperature;38.00
4853;pms5003;3628;6.559;3.386;2025-10-10T14:27:57.027997+00:00;P2;11.00
4853;pms5003;3628;6.559;3.386;2025-10-10T14:27:57.027997+00:00;P1;12.00
4853;pms5003;3628;6.559;3.386;2025-10-10T14:27:57.027997+00:00;P0;8.00
4854;DHT22;3628;6.559;3.386;2025-10-10T14:28:14.518012+00:00;humidity;63.10
4854;DHT22;3628;6.559;3.386;2025-10-10T14:28:14.518012+00:00;temperature;36.70
4853;pms5003;3628;6.559;3.386;2025-10-10T14:44:00.202088+00:00;P2;12.00
4853;pms5003;3628;6.559;3.386;2025-10-10T14:44:00.202088+00:00;P1;12.40
4853;pms5003;3628;6.559;3.386;2025-10-10T14:44:00.202088+00:00;P0;8.00
4854;DHT22;3628;6.559;3.386;2025-10-10T14:44:17.488626+00:00;humidity;60.00
4854;DHT22;3628;6.559;3.386;2025-10-10T14:44:17.488626+00:00;temperature;37.40
4853;pms5003;3628;6.559;3.386;2025-10-10T14:49:34.713644+00:00;P2;12.00
4853;pms5003;3628;6.559;3.386;2025-10-10T14:49:34.713644+00:00;P1;14.00
4853;pms5003;3628;6.559;3.386;2025-10-10T14:49:34.713644+00:00;P0;9.00
4854;DHT22;3628;6.559;3.386;2025-10-10T14:49:52.152966+00:00;humidity;59.80
4854;DHT22;3628;6.559;3.386;2025-10-10T14:49:52.152966+00:00;temperature;37.40
4854;DHT22;3628;6.559;3.386;2025-10-10T14:55:15.760368+00:00;humidity;61.70
4854;DHT22;3628;6.559;3.386;2025-10-10T14:55:15.760368+00:00;temperature;36.30
4853;pms5003;3628;6.559;3.386;2025-10-10T15:00:33.216868+00:00;P2;12.33
4853;pms5003;3628;6.559;3.386;2025-10-10T15:00:33.216868+00:00;P1;12.33
4853;pms5003;3628;6.559;3.386;2025-10-10T15:00:33.216868+00:00;P0;9.33
4854;DHT22;3628;6.559;3.386;2025-10-10T15:00:50.506651+00:00;humidity;64.40
4854;DHT22;3628;6.559;3.386;2025-10-10T15:00:50.506651+00:00;temperature;35.10
4853;pms5003;3628;6.559;3.386;2025-10-10T15:06:07.686037+00:00;P2;10.00
4853;pms5003;3628;6.559;3.386;2025-10-10T15:06:07.686037+00:00;P1;10.00
4853;pms5003;3628;6.559;3.386;2025-10-10T15:06:07.686037+00:00;P0;7.00
4854;DHT22;3628;6.559;3.386;2025-10-10T15:06:25.011879+00:00;humidity;65.90
4854;DHT22;3628;6.559;3.386;2025-10-10T15:06:25.011879+00:00;temperature;34.50
4853;pms5003;3628;6.559;3.386;2025-10-10T15:11:42.215179+00:00;P2;12.50
4853;pms5003;3628;6.559;3.386;2025-10-10T15:11:42.215179+00:00;P1;13.75
4853;pms5003;3628;6.559;3.386;2025-10-10T15:11:42.215179+00:00;P0;8.75
4854;DHT22;3628;6.559;3.386;2025-10-10T15:11:59.581159+00:00;humidity;65.70
4854;DHT22;3628;6.559;3.386;2025-10-10T15:11:59.581159+00:00;temperature;34.50
4854;DHT22;3628;6.559;3.386;2025-10-10T15:22:39.656956+00:00;humidity;66.60
4854;DHT22;3628;6.559;3.386;2025-10-10T15:22:39.656956+00:00;temperature;34.30
4853;pms5003;3628;6.559;3.386;2025-10-10T15:27:56.869569+00:00;P2;23.00
4853;pms5003;3628;6.559;3.386;2025-10-10T15:27:56.869569+00:00;P1;28.00
4853;pms5003;3628;6.559;3.386;2025-10-10T15:27:56.869569+00:00;P0;15.00
4853;pms5003;3628;6.559;3.386;2025-10-10T15:33:31.490268+00:00;P2;21.60
4853;pms5003;3628;6.559;3.386;2025-10-10T15:33:31.490268+00:00;P1;22.60
4853;pms5003;3628;6.559;3.386;2025-10-10T15:33:31.490268+00:00;P0;13.00
4854;DHT22;3628;6.559;3.386;2025-10-10T15:33:49.032626+00:00;humidity;69.30
4854;DHT22;3628;6.559;3.386;2025-10-10T15:33:49.032626+00:00;temperature;33.40
4853;pms5003;3628;6.559;3.386;2025-10-10T15:39:06.209992+00:00;P2;17.00
4853;pms5003;3628;6.559;3.386;2025-10-10T15:39:06.209992+00:00;P1;20.00
4853;pms5003;3628;6.559;3.386;2025-10-10T15:39:06.209992+00:00;P0;11.00
4854;DHT22;3628;6.559;3.386;2025-10-10T15:39:23.554294+00:00;humidity;70.10
4854;DHT22;3628;6.559;3.386;2025-10-10T15:39:23.554294+00:00;temperature;33.20
4853;pms5003;3628;6.559;3.386;2025-10-10T15:44:49.529384+00:00;P2;11.25
4853;pms5003;3628;6.559;3.386;2025-10-10T15:44:49.529384+00:00;P1;19.75
4853;pms5003;3628;6.559;3.386;2025-10-10T15:44:49.529384+00:00;P0;7.00
4854;DHT22;3628;6.559;3.386;2025-10-10T15:44:58.054937+00:00;humidity;70.90
4854;DHT22;3628;6.559;3.386;2025-10-10T15:44:58.054937+00:00;temperature;33.10
4853;pms5003;3628;6.559;3.386;2025-10-10T15:50:15.252125+00:00;P2;13.00
4853;pms5003;3628;6.559;3.386;2025-10-10T15:50:15.252125+00:00;P1;15.25
4853;pms5003;3628;6.559;3.386;2025-10-10T15:50:15.252125+00:00;P0;8.50
4854;DHT22;3628;6.559;3.386;2025-10-10T15:50:32.579583+00:00;humidity;70.40
4854;DHT22;3628;6.559;3.386;2025-10-10T15:50:32.579583+00:00;temperature;31.80
4853;pms5003;3628;6.559;3.386;2025-10-10T16:01:08.976509+00:00;P2;19.20
4853;pms5003;3628;6.559;3.386;2025-10-10T16:01:08.976509+00:00;P1;30.80
4853;pms5003;3628;6.559;3.386;2025-10-10T16:01:08.976509+00:00;P0;14.00
4854;DHT22;3628;6.559;3.386;2025-10-10T16:01:26.299024+00:00;humidity;77.20
4854;DHT22;3628;6.559;3.386;2025-10-10T16:01:26.299024+00:00;temperature;30.40
4853;pms5003;3628;6.559;3.386;2025-10-10T16:06:43.642723+00:00;P2;22.00
4853;pms5003;3628;6.559;3.386;2025-10-10T16:06:43.642723+00:00;P1;28.75
4853;pms5003;3628;6.559;3.386;2025-10-10T16:06:43.642723+00:00;P0;14.50
4854;DHT22;3628;6.559;3.386;2025-10-10T16:07:00.958252+00:00;humidity;80.00
4854;DHT22;3628;6.559;3.386;2025-10-10T16:07:00.958252+00:00;temperature;30.10
4853;pms5003;3628;6.559;3.386;2025-10-10T16:12:18.227746+00:00;P2;16.00
4853;pms5003;3628;6.559;3.386;2025-10-10T16:12:18.227746+00:00;P1;17.75
4853;pms5003;3628;6.559;3.386;2025-10-10T16:12:18.227746+00:00;P0;12.00
4854;DHT22;3628;6.559;3.386;2025-10-10T16:12:35.725142+00:00;humidity;79.50
4854;DHT22;3628;6.559;3.386;2025-10-10T16:12:35.725142+00:00;temperature;30.40
4853;pms5003;3628;6.559;3.386;2025-10-10T16:17:52.853374+00:00;P2;19.50
4853;pms5003;3628;6.559;3.386;2025-10-10T16:17:52.853374+00:00;P1;21.50
4853;pms5003;3628;6.559;3.386;2025-10-10T16:17:52.853374+00:00;P0;12.50
4854;DHT22;3628;6.559;3.386;2025-10-10T16:18:10.256132+00:00;humidity;80.70
4854;DHT22;3628;6.559;3.386;2025-10-10T16:18:10.256132+00:00;temperature;30.10
4853;pms5003;3628;6.559;3.386;2025-10-10T16:23:27.433766+00:00;P2;25.40
4853;pms5003;3628;6.559;3.386;2025-10-10T16:23:27.433766+00:00;P1;30.00
4853;pms5003;3628;6.559;3.386;2025-10-10T16:23:27.433766+00:00;P0;17.40
4854;DHT22;3628;6.559;3.386;2025-10-10T16:23:44.785506+00:00;humidity;81.10
4854;DHT22;3628;6.559;3.386;2025-10-10T16:23:44.785506+00:00;temperature;30.30
4853;pms5003;3628;6.559;3.386;2025-10-10T16:29:01.992632+00:00;P2;18.00
4853;pms5003;3628;6.559;3.386;2025-10-10T16:29:01.992632+00:00;P1;19.00
4853;pms5003;3628;6.559;3.386;2025-10-10T16:29:01.992632+00:00;P0;12.60
4854;DHT22;3628;6.559;3.386;2025-10-10T16:39:51.237657+00:00;humidity;79.30
4854;DHT22;3628;6.559;3.386;2025-10-10T16:39:51.237657+00:00;temperature;30.10
4853;pms5003;3628;6.559;3.386;2025-10-10T16:45:08.378517+00:00;P2;32.00
4853;pms5003;3628;6.559;3.386;2025-10-10T16:45:08.378517+00:00;P1;40.80
4853;pms5003;3628;6.559;3.386;2025-10-10T16:45:08.378517+00:00;P0;22.00
4854;DHT22;3628;6.559;3.386;2025-10-10T16:45:25.956583+00:00;humidity;80.20
4854;DHT22;3628;6.559;3.386;2025-10-10T16:45:25.956583+00:00;temperature;29.80
4853;pms5003;3628;6.559;3.386;2025-10-10T16:50:43.136565+00:00;P2;21.00
4853;pms5003;3628;6.559;3.386;2025-10-10T16:50:43.136565+00:00;P1;21.50
4853;pms5003;3628;6.559;3.386;2025-10-10T16:50:43.136565+00:00;P0;14.50
4854;DHT22;3628;6.559;3.386;2025-10-10T16:51:00.613563+00:00;humidity;80.50
4854;DHT22;3628;6.559;3.386;2025-10-10T16:51:00.613563+00:00;temperature;30.00
4853;pms5003;3628;6.559;3.386;2025-10-10T16:56:17.814354+00:00;P2;24.00
4853;pms5003;3628;6.559;3.386;2025-10-10T16:56:17.814354+00:00;P1;36.25
4853;pms5003;3628;6.559;3.386;2025-10-10T16:56:17.814354+00:00;P0;16.00
4854;DHT22;3628;6.559;3.386;2025-10-10T16:56:35.228889+00:00;humidity;80.30
4854;DHT22;3628;6.559;3.386;2025-10-10T16:56:35.228889+00:00;temperature;30.00
4854;DHT22;3628;6.559;3.386;2025-10-10T17:02:09.782741+00:00;humidity;81.50
4854;DHT22;3628;6.559;3.386;2025-10-10T17:02:09.782741+00:00;temperature;29.90
4853;pms5003;3628;6.559;3.386;2025-10-10T17:07:27.085683+00:00;P2;25.00
4853;pms5003;3628;6.559;3.386;2025-10-10T17:07:27.085683+00:00;P1;25.20
4853;pms5003;3628;6.559;3.386;2025-10-10T17:07:27.085683+00:00;P0;17.00
4854;DHT22;3628;6.559;3.386;2025-10-10T17:07:44.439916+00:00;humidity;80.70
4854;DHT22;3628;6.559;3.386;2025-10-10T17:07:44.439916+00:00;temperature;29.90
4853;pms5003;3628;6.559;3.386;2025-10-10T17:13:01.659025+00:00;P2;24.00
4853;pms5003;3628;6.559;3.386;2025-10-10T17:13:01.659025+00:00;P1;26.00
4853;pms5003;3628;6.559;3.386;2025-10-10T17:13:01.659025+00:00;P0;16.00
4854;DHT22;3628;6.559;3.386;2025-10-10T17:13:19.176794+00:00;humidity;80.30
4854;DHT22;3628;6.559;3.386;2025-10-10T17:13:19.176794+00:00;temperature;29.90
4853;pms5003;3628;6.559;3.386;2025-10-10T17:18:36.402593+00:00;P2;25.67
4853;pms5003;3628;6.559;3.386;2025-10-10T17:18:36.402593+00:00;P1;31.00
4853;pms5003;3628;6.559;3.386;2025-10-10T17:18:36.402593+00:00;P0;16.33
4853;pms5003;3628;6.559;3.386;2025-10-10T17:24:00.208563+00:00;P2;30.50
4853;pms5003;3628;6.559;3.386;2025-10-10T17:24:00.208563+00:00;P1;34.00
4853;pms5003;3628;6.559;3.386;2025-10-10T17:24:00.208563+00:00;P0;20.75
4854;DHT22;3628;6.559;3.386;2025-10-10T17:24:17.553176+00:00;humidity;84.70
4854;DHT22;3628;6.559;3.386;2025-10-10T17:24:17.553176+00:00;temperature;29.10
4853;pms5003;3628;6.559;3.386;2025-10-10T17:29:34.738383+00:00;P2;34.00
4853;pms5003;3628;6.559;3.386;2025-10-10T17:29:34.738383+00:00;P1;44.50
4853;pms5003;3628;6.559;3.386;2025-10-10T17:29:34.738383+00:00;P0;22.00
4854;DHT22;3628;6.559;3.386;2025-10-10T17:29:52.131998+00:00;humidity;87.00
4854;DHT22;3628;6.559;3.386;2025-10-10T17:29:52.131998+00:00;temperature;28.80
4853;pms5003;3628;6.559;3.386;2025-10-10T17:35:09.539814+00:00;P2;32.50
4853;pms5003;3628;6.559;3.386;2025-10-10T17:35:09.539814+00:00;P1;36.50
4853;pms5003;3628;6.559;3.386;2025-10-10T17:35:09.539814+00:00;P0;22.00
4854;DHT22;3628;6.559;3.386;2025-10-10T17:35:26.942497+00:00;humidity;88.30
4854;DHT22;3628;6.559;3.386;2025-10-10T17:35:26.942497+00:00;temperature;28.60
4853;pms5003;3628;6.559;3.386;2025-10-10T17:40:44.114868+00:00;P2;31.00
4853;pms5003;3628;6.559;3.386;2025-10-10T17:40:44.114868+00:00;P1;42.25
4853;pms5003;3628;6.559;3.386;2025-10-10T17:40:44.114868+00:00;P0;21.00
4853;pms5003;3628;6.559;3.386;2025-10-10T17:46:08.355331+00:00;P2;30.00
4853;pms5003;3628;6.559;3.386;2025-10-10T17:46:08.355331+00:00;P1;34.50
4853;pms5003;3628;6.559;3.386;2025-10-10T17:46:08.355331+00:00;P0;20.00
4854;DHT22;3628;6.559;3.386;2025-10-10T17:46:25.630693+00:00;humidity;90.50
4854;DHT22;3628;6.559;3.386;2025-10-10T17:46:25.630693+00:00;temperature;28.60
4853;pms5003;3628;6.559;3.386;2025-10-10T18:18:42.405925+00:00;P2;30.67
4853;pms5003;3628;6.559;3.386;2025-10-10T18:18:42.405925+00:00;P1;40.33
4853;pms5003;3628;6.559;3.386;2025-10-10T18:18:42.405925+00:00;P0;19.67
4854;DHT22;3628;6.559;3.386;2025-10-10T18:18:59.370948+00:00;humidity;90.40
4854;DHT22;3628;6.559;3.386;2025-10-10T18:18:59.370948+00:00;temperature;28.40
4854;DHT22;3628;6.559;3.386;2025-10-10T18:24:34.040344+00:00;humidity;89.40
4854;DHT22;3628;6.559;3.386;2025-10-10T18:24:34.040344+00:00;temperature;28.60
4853;pms5003;3628;6.559;3.386;2025-10-10T18:29:51.271114+00:00;P2;43.80
4853;pms5003;3628;6.559;3.386;2025-10-10T18:29:51.271114+00:00;P1;58.00
4853;pms5003;3628;6.559;3.386;2025-10-10T18:29:51.271114+00:00;P0;29.60
4854;DHT22;3628;6.559;3.386;2025-10-10T18:35:32.665893+00:00;humidity;89.20
4854;DHT22;3628;6.559;3.386;2025-10-10T18:35:32.665893+00:00;temperature;28.70
4854;DHT22;3628;6.559;3.386;2025-10-10T18:51:25.629536+00:00;humidity;92.70
4854;DHT22;3628;6.559;3.386;2025-10-10T18:51:25.629536+00:00;temperature;27.70
4853;pms5003;3628;6.559;3.386;2025-10-10T18:56:42.625551+00:00;P2;19.25
4853;pms5003;3628;6.559;3.386;2025-10-10T18:56:42.625551+00:00;P1;19.25
4853;pms5003;3628;6.559;3.386;2025-10-10T18:56:42.625551+00:00;P0;12.00
4854;DHT22;3628;6.559;3.386;2025-10-10T18:57:00.115891+00:00;humidity;93.20
4854;DHT22;3628;6.559;3.386;2025-10-10T18:57:00.115891+00:00;temperature;27.40
4853;pms5003;3628;6.559;3.386;2025-10-10T19:02:17.502512+00:00;P2;14.50
4853;pms5003;3628;6.559;3.386;2025-10-10T19:02:17.502512+00:00;P1;17.00
4853;pms5003;3628;6.559;3.386;2025-10-10T19:02:17.502512+00:00;P0;10.00
4854;DHT22;3628;6.559;3.386;2025-10-10T19:02:34.819354+00:00;humidity;93.20
4854;DHT22;3628;6.559;3.386;2025-10-10T19:02:34.819354+00:00;temperature;26.90
4853;pms5003;3628;6.559;3.386;2025-10-10T19:13:05.585445+00:00;P2;20.80
4853;pms5003;3628;6.559;3.386;2025-10-10T19:13:05.585445+00:00;P1;27.60
4853;pms5003;3628;6.559;3.386;2025-10-10T19:13:05.585445+00:00;P0;15.00
4854;DHT22;3628;6.559;3.386;2025-10-10T19:13:23.182781+00:00;humidity;93.00
4854;DHT22;3628;6.559;3.386;2025-10-10T19:13:23.182781+00:00;temperature;26.90
4853;pms5003;3628;6.559;3.386;2025-10-10T19:18:40.406032+00:00;P2;24.00
4853;pms5003;3628;6.559;3.386;2025-10-10T19:18:40.406032+00:00;P1;25.00
4853;pms5003;3628;6.559;3.386;2025-10-10T19:18:40.406032+00:00;P0;16.40
4854;DHT22;3628;6.559;3.386;2025-10-10T19:24:11.414808+00:00;humidity;92.80
4854;DHT22;3628;6.559;3.386;2025-10-10T19:24:11.414808+00:00;temperature;27.20
4853;pms5003;3628;6.559;3.386;2025-10-10T19:29:28.608376+00:00;P2;28.00
4853;pms5003;3628;6.559;3.386;2025-10-10T19:29:28.608376+00:00;P1;28.00
4853;pms5003;3628;6.559;3.386;2025-10-10T19:29:28.608376+00:00;P0;20.00
4853;pms5003;3628;6.559;3.386;2025-10-10T19:34:55.750155+00:00;P2;20.50
4853;pms5003;3628;6.559;3.386;2025-10-10T19:34:55.750155+00:00;P1;22.00
4853;pms5003;3628;6.559;3.386;2025-10-10T19:34:55.750155+00:00;P0;14.00
4854;DHT22;3628;6.559;3.386;2025-10-10T19:40:26.070411+00:00;humidity;92.70
4854;DHT22;3628;6.559;3.386;2025-10-10T19:40:26.070411+00:00;temperature;27.00
4853;pms5003;3628;6.559;3.386;2025-10-10T19:45:43.327529+00:00;P2;19.60
4853;pms5003;3628;6.559;3.386;2025-10-10T19:45:43.327529+00:00;P1;25.80
4853;pms5003;3628;6.559;3.386;2025-10-10T19:45:43.327529+00:00;P0;13.20
4854;DHT22;3628;6.559;3.386;2025-10-10T19:46:01.015836+00:00;humidity;93.20
4854;DHT22;3628;6.559;3.386;2025-10-10T19:46:01.015836+00:00;temperature;27.00
4853;pms5003;3628;6.559;3.386;2025-10-10T19:51:18.186226+00:00;P2;21.80
4853;pms5003;3628;6.559;3.386;2025-10-10T19:51:18.186226+00:00;P1;23.80
4853;pms5003;3628;6.559;3.386;2025-10-10T19:51:18.186226+00:00;P0;14.40
4854;DHT22;3628;6.559;3.386;2025-10-10T19:51:35.640058+00:00;humidity;92.30
4854;DHT22;3628;6.559;3.386;2025-10-10T19:51:35.640058+00:00;temperature;27.00
4853;pms5003;3628;6.559;3.386;2025-10-10T19:56:52.909789+00:00;P2;22.25
4853;pms5003;3628;6.559;3.386;2025-10-10T19:56:52.909789+00:00;P1;27.50
4853;pms5003;3628;6.559;3.386;2025-10-10T19:56:52.909789+00:00;P0;15.25
4853;pms5003;3628;6.559;3.386;2025-10-10T20:02:19.556230+00:00;P2;20.50
4853;pms5003;3628;6.559;3.386;2025-10-10T20:02:19.556230+00:00;P1;30.00
4853;pms5003;3628;6.559;3.386;2025-10-10T20:02:19.556230+00:00;P0;15.00
4854;DHT22;3628;6.559;3.386;2025-10-10T20:02:36.891419+00:00;humidity;91.20
4854;DHT22;3628;6.559;3.386;2025-10-10T20:02:36.891419+00:00;temperature;27.10
4853;pms5003;3628;6.559;3.386;2025-10-10T20:07:54.111553+00:00;P2;22.25
4853;pms5003;3628;6.559;3.386;2025-10-10T20:07:54.111553+00:00;P1;29.75
4853;pms5003;3628;6.559;3.386;2025-10-10T20:07:54.111553+00:00;P0;15.00
4854;DHT22;3628;6.559;3.386;2025-10-10T20:08:11.624233+00:00;humidity;91.00
4854;DHT22;3628;6.559;3.386;2025-10-10T20:08:11.624233+00:00;temperature;27.00
4853;pms5003;3628;6.559;3.386;2025-10-10T20:13:28.922568+00:00;P2;24.00
4853;pms5003;3628;6.559;3.386;2025-10-10T20:13:28.922568+00:00;P1;35.00
4853;pms5003;3628;6.559;3.386;2025-10-10T20:13:28.922568+00:00;P0;14.75
4854;DHT22;3628;6.559;3.386;2025-10-10T20:13:46.400405+00:00;humidity;90.80
4854;DHT22;3628;6.559;3.386;2025-10-10T20:13:46.400405+00:00;temperature;27.30
4853;pms5003;3628;6.559;3.386;2025-10-10T20:19:03.779704+00:00;P2;19.60
4853;pms5003;3628;6.559;3.386;2025-10-10T20:19:03.779704+00:00;P1;19.60
4853;pms5003;3628;6.559;3.386;2025-10-10T20:19:03.779704+00:00;P0;13.00
4854;DHT22;3628;6.559;3.386;2025-10-10T20:19:21.020610+00:00;humidity;90.60
4854;DHT22;3628;6.559;3.386;2025-10-10T20:19:21.020610+00:00;temperature;27.20
4853;pms5003;3628;6.559;3.386;2025-10-10T20:24:38.200047+00:00;P2;19.00
4853;pms5003;3628;6.559;3.386;2025-10-10T20:24:38.200047+00:00;P1;20.00
4853;pms5003;3628;6.559;3.386;2025-10-10T20:24:38.200047+00:00;P0;13.00
4854;DHT22;3628;6.559;3.386;2025-10-10T20:24:55.564315+00:00;humidity;91.10
4854;DHT22;3628;6.559;3.386;2025-10-10T20:24:55.564315+00:00;temperature;26.80
4853;pms5003;3628;6.559;3.386;2025-10-10T20:30:12.763432+00:00;P2;21.00
4853;pms5003;3628;6.559;3.386;2025-10-10T20:30:12.763432+00:00;P1;21.00
4853;pms5003;3628;6.559;3.386;2025-10-10T20:30:12.763432+00:00;P0;15.20
4854;DHT22;3628;6.559;3.386;2025-10-10T20:30:30.104186+00:00;humidity;91.30
4854;DHT22;3628;6.559;3.386;2025-10-10T20:30:30.104186+00:00;temperature;26.70
4853;pms5003;3628;6.559;3.386;2025-10-10T20:35:47.687733+00:00;P2;23.00
4853;pms5003;3628;6.559;3.386;2025-10-10T20:35:47.687733+00:00;P1;28.00
4853;pms5003;3628;6.559;3.386;2025-10-10T20:35:47.687733+00:00;P0;14.25
4854;DHT22;3628;6.559;3.386;2025-10-10T20:36:04.930349+00:00;humidity;91.10
4854;DHT22;3628;6.559;3.386;2025-10-10T20:36:04.930349+00:00;temperature;26.60
4853;pms5003;3628;6.559;3.386;2025-10-10T20:41:22.307085+00:00;P2;20.25
4853;pms5003;3628;6.559;3.386;2025-10-10T20:41:22.307085+00:00;P1;21.75
4853;pms5003;3628;6.559;3.386;2025-10-10T20:41:22.307085+00:00;P0;13.25
4854;DHT22;3628;6.559;3.386;2025-10-10T20:41:39.743923+00:00;humidity;91.10
4854;DHT22;3628;6.559;3.386;2025-10-10T20:41:39.743923+00:00;temperature;26.70
4853;pms5003;3628;6.559;3.386;2025-10-10T20:46:56.930462+00:00;P2;24.00
4853;pms5003;3628;6.559;3.386;2025-10-10T20:46:56.930462+00:00;P1;27.33
4853;pms5003;3628;6.559;3.386;2025-10-10T20:46:56.930462+00:00;P0;16.33
4854;DHT22;3628;6.559;3.386;2025-10-10T20:47:14.316295+00:00;humidity;91.20
4854;DHT22;3628;6.559;3.386;2025-10-10T20:47:14.316295+00:00;temperature;26.80
4853;pms5003;3628;6.559;3.386;2025-10-10T20:52:31.498630+00:00;P2;22.00
4853;pms5003;3628;6.559;3.386;2025-10-10T20:52:31.498630+00:00;P1;22.00
4853;pms5003;3628;6.559;3.386;2025-10-10T20:52:31.498630+00:00;P0;14.00
4854;DHT22;3628;6.559;3.386;2025-10-10T20:52:49.030117+00:00;humidity;90.70
4854;DHT22;3628;6.559;3.386;2025-10-10T20:52:49.030117+00:00;temperature;27.00
4853;pms5003;3628;6.559;3.386;2025-10-10T20:58:06.068357+00:00;P2;23.50
4853;pms5003;3628;6.559;3.386;2025-10-10T20:58:06.068357+00:00;P1;28.00
4853;pms5003;3628;6.559;3.386;2025-10-10T20:58:06.068357+00:00;P0;16.00
4853;pms5003;3628;6.559;3.386;2025-10-10T21:03:30.077629+00:00;P2;21.00
4853;pms5003;3628;6.559;3.386;2025-10-10T21:03:30.077629+00:00;P1;22.50
4853;pms5003;3628;6.559;3.386;2025-10-10T21:03:30.077629+00:00;P0;15.25
4854;DHT22;3628;6.559;3.386;2025-10-10T21:03:47.404227+00:00;humidity;90.70
4854;DHT22;3628;6.559;3.386;2025-10-10T21:03:47.404227+00:00;temperature;26.90
4853;pms5003;3628;6.559;3.386;2025-10-10T21:09:04.497386+00:00;P2;18.00
4853;pms5003;3628;6.559;3.386;2025-10-10T21:09:04.497386+00:00;P1;18.00
4853;pms5003;3628;6.559;3.386;2025-10-10T21:09:04.497386+00:00;P0;12.50
4853;pms5003;3628;6.559;3.386;2025-10-10T21:14:28.647525+00:00;P2;17.00
4853;pms5003;3628;6.559;3.386;2025-10-10T21:14:28.647525+00:00;P1;19.00
4853;pms5003;3628;6.559;3.386;2025-10-10T21:14:28.647525+00:00;P0;13.00
4854;DHT22;3628;6.559;3.386;2025-10-10T21:14:45.984673+00:00;humidity;90.90
4854;DHT22;3628;6.559;3.386;2025-10-10T21:14:45.984673+00:00;temperature;26.80
4853;pms5003;3628;6.559;3.386;2025-10-10T21:20:03.425408+00:00;P2;25.40
4853;pms5003;3628;6.559;3.386;2025-10-10T21:20:03.425408+00:00;P1;28.60
4853;pms5003;3628;6.559;3.386;2025-10-10T21:20:03.425408+00:00;P0;16.80
4854;DHT22;3628;6.559;3.386;2025-10-10T21:20:20.910256+00:00;humidity;91.40
4854;DHT22;3628;6.559;3.386;2025-10-10T21:20:20.910256+00:00;temperature;26.70
4854;DHT22;3628;6.559;3.386;2025-10-10T21:25:44.888169+00:00;humidity;91.90
4854;DHT22;3628;6.559;3.386;2025-10-10T21:25:44.888169+00:00;temperature;26.80
4854;DHT22;3628;6.559;3.386;2025-10-10T21:31:08.955478+00:00;humidity;92.00
4854;DHT22;3628;6.559;3.386;2025-10-10T21:31:08.955478+00:00;temperature;26.80
4853;pms5003;3628;6.559;3.386;2025-10-10T21:36:25.871321+00:00;P2;24.00
4853;pms5003;3628;6.559;3.386;2025-10-10T21:36:25.871321+00:00;P1;29.00
4853;pms5003;3628;6.559;3.386;2025-10-10T21:36:25.871321+00:00;P0;16.00
4854;DHT22;3628;6.559;3.386;2025-10-10T21:36:43.241108+00:00;humidity;91.80
4854;DHT22;3628;6.559;3.386;2025-10-10T21:36:43.241108+00:00;temperature;26.80
4854;DHT22;3628;6.559;3.386;2025-10-10T21:42:07.430629+00:00;humidity;91.60
4854;DHT22;3628;6.559;3.386;2025-10-10T21:42:07.430629+00:00;temperature;27.00
4854;DHT22;3628;6.559;3.386;2025-10-10T21:52:45.149151+00:00;humidity;93.00
4854;DHT22;3628;6.559;3.386;2025-10-10T21:52:45.149151+00:00;temperature;26.70
4853;pms5003;3628;6.559;3.386;2025-10-10T21:58:02.530809+00:00;P2;39.50
4853;pms5003;3628;6.559;3.386;2025-10-10T21:58:02.530809+00:00;P1;51.50
4853;pms5003;3628;6.559;3.386;2025-10-10T21:58:02.530809+00:00;P0;24.00
4854;DHT22;3628;6.559;3.386;2025-10-10T21:58:19.974571+00:00;humidity;94.80
4854;DHT22;3628;6.559;3.386;2025-10-10T21:58:19.974571+00:00;temperature;26.60
4854;DHT22;3628;6.559;3.386;2025-10-10T22:03:43.852848+00:00;humidity;95.80
4854;DHT22;3628;6.559;3.386;2025-10-10T22:03:43.852848+00:00;temperature;26.30
4854;DHT22;3628;6.559;3.386;2025-10-10T22:09:18.510623+00:00;humidity;96.20
4854;DHT22;3628;6.559;3.386;2025-10-10T22:09:18.510623+00:00;temperature;26.30
4853;pms5003;3628;6.559;3.386;2025-10-10T22:14:35.838755+00:00;P2;40.25
4853;pms5003;3628;6.559;3.386;2025-10-10T22:14:35.838755+00:00;P1;55.25
4853;pms5003;3628;6.559;3.386;2025-10-10T22:14:35.838755+00:00;P0;25.50
4854;DHT22;3628;6.559;3.386;2025-10-10T22:14:53.326607+00:00;humidity;97.70
4854;DHT22;3628;6.559;3.386;2025-10-10T22:14:53.326607+00:00;temperature;26.00
4853;pms5003;3628;6.559;3.386;2025-10-10T22:20:10.550350+00:00;P2;42.20
4853;pms5003;3628;6.559;3.386;2025-10-10T22:20:10.550350+00:00;P1;56.80
4853;pms5003;3628;6.559;3.386;2025-10-10T22:20:10.550350+00:00;P0;24.60
4854;DHT22;3628;6.559;3.386;2025-10-10T22:20:28.187135+00:00;humidity;98.00
4854;DHT22;3628;6.559;3.386;2025-10-10T22:20:28.187135+00:00;temperature;26.20
4853;pms5003;3628;6.559;3.386;2025-10-10T22:25:45.421601+00:00;P2;44.00
4853;pms5003;3628;6.559;3.386;2025-10-10T22:25:45.421601+00:00;P1;54.80
4853;pms5003;3628;6.559;3.386;2025-10-10T22:25:45.421601+00:00;P0;28.00
4854;DHT22;3628;6.559;3.386;2025-10-10T22:26:02.918412+00:00;humidity;98.80
4854;DHT22;3628;6.559;3.386;2025-10-10T22:26:02.918412+00:00;temperature;26.00
4853;pms5003;3628;6.559;3.386;2025-10-10T22:31:20.269701+00:00;P2;46.00
4853;pms5003;3628;6.559;3.386;2025-10-10T22:31:20.269701+00:00;P1;62.25
4853;pms5003;3628;6.559;3.386;2025-10-10T22:31:20.269701+00:00;P0;28.50
4854;DHT22;3628;6.559;3.386;2025-10-10T22:31:37.707794+00:00;humidity;98.60
4854;DHT22;3628;6.559;3.386;2025-10-10T22:31:37.707794+00:00;temperature;26.30
4853;pms5003;3628;6.559;3.386;2025-10-10T22:36:55.023292+00:00;P2;46.00
4853;pms5003;3628;6.559;3.386;2025-10-10T22:36:55.023292+00:00;P1;59.20
4853;pms5003;3628;6.559;3.386;2025-10-10T22:36:55.023292+00:00;P0;29.20
4854;DHT22;3628;6.559;3.386;2025-10-10T22:37:12.430668+00:00;humidity;98.40
4854;DHT22;3628;6.559;3.386;2025-10-10T22:37:12.430668+00:00;temperature;26.20
4853;pms5003;3628;6.559;3.386;2025-10-10T22:42:29.821518+00:00;P2;44.80
4853;pms5003;3628;6.559;3.386;2025-10-10T22:42:29.821518+00:00;P1;61.20
4853;pms5003;3628;6.559;3.386;2025-10-10T22:42:29.821518+00:00;P0;28.00
4854;DHT22;3628;6.559;3.386;2025-10-10T22:42:47.194680+00:00;humidity;97.40
4854;DHT22;3628;6.559;3.386;2025-10-10T22:42:47.194680+00:00;temperature;26.40
4853;pms5003;3628;6.559;3.386;2025-10-10T22:48:04.426185+00:00;P2;43.00
4853;pms5003;3628;6.559;3.386;2025-10-10T22:48:04.426185+00:00;P1;59.00
4853;pms5003;3628;6.559;3.386;2025-10-10T22:48:04.426185+00:00;P0;27.00
4854;DHT22;3628;6.559;3.386;2025-10-10T22:48:21.992717+00:00;humidity;97.30
4854;DHT22;3628;6.559;3.386;2025-10-10T22:48:21.992717+00:00;temperature;26.50
4854;DHT22;3628;6.559;3.386;2025-10-10T22:53:46.066953+00:00;humidity;97.30
4854;DHT22;3628;6.559;3.386;2025-10-10T22:53:46.066953+00:00;temperature;26.50
4854;DHT22;3628;6.559;3.386;2025-10-10T22:59:10.201960+00:00;humidity;97.80
4854;DHT22;3628;6.559;3.386;2025-10-10T22:59:10.201960+00:00;temperature;26.30
4853;pms5003;3628;6.559;3.386;2025-10-10T23:10:05.138942+00:00;P2;40.00
4853;pms5003;3628;6.559;3.386;2025-10-10T23:10:05.138942+00:00;P1;54.75
4853;pms5003;3628;6.559;3.386;2025-10-10T23:10:05.138942+00:00;P0;24.75
4854;DHT22;3628;6.559;3.386;2025-10-10T23:10:22.624293+00:00;humidity;99.60
4854;DHT22;3628;6.559;3.386;2025-10-10T23:10:22.624293+00:00;temperature;26.20
4853;pms5003;3628;6.559;3.386;2025-10-10T23:15:39.782250+00:00;P2;40.33
4853;pms5003;3628;6.559;3.386;2025-10-10T23:15:39.782250+00:00;P1;55.00
4853;pms5003;3628;6.559;3.386;2025-10-10T23:15:39.782250+00:00;P0;25.33
4854;DHT22;3628;6.559;3.386;2025-10-10T23:15:57.276425+00:00;humidity;99.90
4854;DHT22;3628;6.559;3.386;2025-10-10T23:15:57.276425+00:00;temperature;26.20
4853;pms5003;3628;6.559;3.386;2025-10-10T23:21:14.736870+00:00;P2;38.75
4853;pms5003;3628;6.559;3.386;2025-10-10T23:21:14.736870+00:00;P1;52.75
4853;pms5003;3628;6.559;3.386;2025-10-10T23:21:14.736870+00:00;P0;24.75
4853;pms5003;3628;6.559;3.386;2025-10-10T23:26:38.466205+00:00;P2;38.50
4853;pms5003;3628;6.559;3.386;2025-10-10T23:26:38.466205+00:00;P1;55.00
4853;pms5003;3628;6.559;3.386;2025-10-10T23:26:38.466205+00:00;P0;24.00
4854;DHT22;3628;6.559;3.386;2025-10-10T23:26:55.982642+00:00;humidity;100.00
4854;DHT22;3628;6.559;3.386;2025-10-10T23:26:55.982642+00:00;temperature;26.10
4854;DHT22;3628;6.559;3.386;2025-10-10T23:32:20.207609+00:00;humidity;100.00
4854;DHT22;3628;6.559;3.386;2025-10-10T23:32:20.207609+00:00;temperature;26.10
4853;pms5003;3628;6.559;3.386;2025-10-10T23:37:37.436570+00:00;P2;37.25
4853;pms5003;3628;6.559;3.386;2025-10-10T23:37:37.436570+00:00;P1;47.00
4853;pms5003;3628;6.559;3.386;2025-10-10T23:37:37.436570+00:00;P0;24.00
4853;pms5003;3628;6.559;3.386;2025-10-10T23:43:01.364881+00:00;P2;36.00
4853;pms5003;3628;6.559;3.386;2025-10-10T23:43:01.364881+00:00;P1;50.67
4853;pms5003;3628;6.559;3.386;2025-10-10T23:43:01.364881+00:00;P0;22.00
4854;DHT22;3628;6.559;3.386;2025-10-10T23:43:18.704785+00:00;humidity;99.20
4854;DHT22;3628;6.559;3.386;2025-10-10T23:43:18.704785+00:00;temperature;26.40
4853;pms5003;3628;6.559;3.386;2025-10-10T23:48:35.922768+00:00;P2;37.50
4853;pms5003;3628;6.559;3.386;2025-10-10T23:48:35.922768+00:00;P1;49.50
4853;pms5003;3628;6.559;3.386;2025-10-10T23:48:35.922768+00:00;P0;23.00
4854;DHT22;3628;6.559;3.386;2025-10-10T23:48:53.269997+00:00;humidity;99.30
4854;DHT22;3628;6.559;3.386;2025-10-10T23:48:53.269997+00:00;temperature;26.50
4854;DHT22;3628;6.559;3.386;2025-10-10T23:54:16.991058+00:00;humidity;98.80
4854;DHT22;3628;6.559;3.386;2025-10-10T23:54:16.991058+00:00;temperature;26.50
4853;pms5003;3628;6.559;3.386;2025-10-10T23:59:34.164087+00:00;P2;37.40
4853;pms5003;3628;6.559;3.386;2025-10-10T23:59:34.164087+00:00;P1;45.40
4853;pms5003;3628;6.559;3.386;2025-10-10T23:59:34.164087+00:00;P0;23.00
4853;pms5003;3628;6.559;3.386;2025-10-11T00:05:08.797766+00:00;P2;34.00
4853;pms5003;3628;6.559;3.386;2025-10-11T00:05:08.797766+00:00;P1;46.75
4853;pms5003;3628;6.559;3.386;2025-10-11T00:05:08.797766+00:00;P0;21.50
4854;DHT22;3628;6.559;3.386;2025-10-11T00:05:26.151441+00:00;humidity;98.90
4854;DHT22;3628;6.559;3.386;2025-10-11T00:05:26.151441+00:00;temperature;26.50
4853;pms5003;3628;6.559;3.386;2025-10-11T00:10:43.438127+00:00;P2;38.00
4853;pms5003;3628;6.559;3.386;2025-10-11T00:10:43.438127+00:00;P1;52.50
4853;pms5003;3628;6.559;3.386;2025-10-11T00:10:43.438127+00:00;P0;23.00
4854;DHT22;3628;6.559;3.386;2025-10-11T00:11:00.798505+00:00;humidity;98.60
4854;DHT22;3628;6.559;3.386;2025-10-11T00:11:00.798505+00:00;temperature;26.50
4853;pms5003;3628;6.559;3.386;2025-10-11T00:16:18.066907+00:00;P2;33.75
4853;pms5003;3628;6.559;3.386;2025-10-11T00:16:18.066907+00:00;P1;37.75
4853;pms5003;3628;6.559;3.386;2025-10-11T00:16:18.066907+00:00;P0;21.00
4854;DHT22;3628;6.559;3.386;2025-10-11T00:16:35.450212+00:00;humidity;98.90
4854;DHT22;3628;6.559;3.386;2025-10-11T00:16:35.450212+00:00;temperature;26.50
4853;pms5003;3628;6.559;3.386;2025-10-11T00:21:52.687695+00:00;P2;35.75
4853;pms5003;3628;6.559;3.386;2025-10-11T00:21:52.687695+00:00;P1;46.50
4853;pms5003;3628;6.559;3.386;2025-10-11T00:21:52.687695+00:00;P0;22.50
4853;pms5003;3628;6.559;3.386;2025-10-11T00:27:19.413587+00:00;P2;35.00
4853;pms5003;3628;6.559;3.386;2025-10-11T00:27:19.413587+00:00;P1;45.50
4853;pms5003;3628;6.559;3.386;2025-10-11T00:27:19.413587+00:00;P0;22.00
4853;pms5003;3628;6.559;3.386;2025-10-11T00:32:46.217572+00:00;P2;33.75
4853;pms5003;3628;6.559;3.386;2025-10-11T00:32:46.217572+00:00;P1;45.00
4853;pms5003;3628;6.559;3.386;2025-10-11T00:32:46.217572+00:00;P0;20.25
4854;DHT22;3628;6.559;3.386;2025-10-11T00:33:03.593801+00:00;humidity;98.90
4854;DHT22;3628;6.559;3.386;2025-10-11T00:33:03.593801+00:00;temperature;26.50
4853;pms5003;3628;6.559;3.386;2025-10-11T00:38:20.874573+00:00;P2;32.50
4853;pms5003;3628;6.559;3.386;2025-10-11T00:38:20.874573+00:00;P1;43.50
4853;pms5003;3628;6.559;3.386;2025-10-11T00:38:20.874573+00:00;P0;21.50
4854;DHT22;3628;6.559;3.386;2025-10-11T00:38:38.231987+00:00;humidity;99.20
4854;DHT22;3628;6.559;3.386;2025-10-11T00:38:38.231987+00:00;temperature;26.40
4853;pms5003;3628;6.559;3.386;2025-10-11T00:49:30.179171+00:00;P2;28.25
4853;pms5003;3628;6.559;3.386;2025-10-11T00:49:30.179171+00:00;P1;31.75
4853;pms5003;3628;6.559;3.386;2025-10-11T00:49:30.179171+00:00;P0;19.25
4853;pms5003;3628;6.559;3.386;2025-10-11T00:55:04.712156+00:00;P2;25.67
4853;pms5003;3628;6.559;3.386;2025-10-11T00:55:04.712156+00:00;P1;30.00
4853;pms5003;3628;6.559;3.386;2025-10-11T00:55:04.712156+00:00;P0;15.67
4854;DHT22;3628;6.559;3.386;2025-10-11T00:55:22.112421+00:00;humidity;99.20
4854;DHT22;3628;6.559;3.386;2025-10-11T00:55:22.112421+00:00;temperature;26.60
4854;DHT22;3628;6.559;3.386;2025-10-11T01:00:45.793561+00:00;humidity;98.90
4854;DHT22;3628;6.559;3.386;2025-10-11T01:00:45.793561+00:00;temperature;26.50
4854;DHT22;3628;6.559;3.386;2025-10-11T01:06:09.530164+00:00;humidity;99.30
4854;DHT22;3628;6.559;3.386;2025-10-11T01:06:09.530164+00:00;temperature;26.40
4854;DHT22;3628;6.559;3.386;2025-10-11T01:16:46.885305+00:00;humidity;99.20
4854;DHT22;3628;6.559;3.386;2025-10-11T01:16:46.885305+00:00;temperature;26.60
4853;pms5003;3628;6.559;3.386;2025-10-11T01:22:04.166316+00:00;P2;30.00
4853;pms5003;3628;6.559;3.386;2025-10-11T01:22:04.166316+00:00;P1;32.20
4853;pms5003;3628;6.559;3.386;2025-10-11T01:22:04.166316+00:00;P0;18.00
4854;DHT22;3628;6.559;3.386;2025-10-11T01:22:21.544963+00:00;humidity;99.60
4854;DHT22;3628;6.559;3.386;2025-10-11T01:22:21.544963+00:00;temperature;26.50
4854;DHT22;3628;6.559;3.386;2025-10-11T01:27:45.242936+00:00;humidity;99.50
4854;DHT22;3628;6.559;3.386;2025-10-11T01:27:45.242936+00:00;temperature;26.50
4853;pms5003;3628;6.559;3.386;2025-10-11T01:33:02.476401+00:00;P2;31.25
4853;pms5003;3628;6.559;3.386;2025-10-11T01:33:02.476401+00:00;P1;38.25
4853;pms5003;3628;6.559;3.386;2025-10-11T01:33:02.476401+00:00;P0;18.00
4854;DHT22;3628;6.559;3.386;2025-10-11T01:33:19.872630+00:00;humidity;100.00
4854;DHT22;3628;6.559;3.386;2025-10-11T01:33:19.872630+00:00;temperature;26.30
4854;DHT22;3628;6.559;3.386;2025-10-11T01:38:43.492586+00:00;humidity;100.00
4854;DHT22;3628;6.559;3.386;2025-10-11T01:38:43.492586+00:00;temperature;26.30
4853;pms5003;3628;6.559;3.386;2025-10-11T01:44:00.616127+00:00;P2;36.00
4853;pms5003;3628;6.559;3.386;2025-10-11T01:44:00.616127+00:00;P1;45.67
4853;pms5003;3628;6.559;3.386;2025-10-11T01:44:00.616127+00:00;P0;22.00
4854;DHT22;3628;6.559;3.386;2025-10-11T01:44:18.039337+00:00;humidity;100.00
4854;DHT22;3628;6.559;3.386;2025-10-11T01:44:18.039337+00:00;temperature;26.20
4853;pms5003;3628;6.559;3.386;2025-10-11T01:54:48.145592+00:00;P2;35.00
4853;pms5003;3628;6.559;3.386;2025-10-11T01:54:48.145592+00:00;P1;45.60
4853;pms5003;3628;6.559;3.386;2025-10-11T01:54:48.145592+00:00;P0;21.40
4853;pms5003;3628;6.559;3.386;2025-10-11T02:00:22.711328+00:00;P2;29.75
4853;pms5003;3628;6.559;3.386;2025-10-11T02:00:22.711328+00:00;P1;40.50
4853;pms5003;3628;6.559;3.386;2025-10-11T02:00:22.711328+00:00;P0;20.00
4854;DHT22;3628;6.559;3.386;2025-10-11T02:00:40.091976+00:00;humidity;100.00
4854;DHT22;3628;6.559;3.386;2025-10-11T02:00:40.091976+00:00;temperature;26.30
4853;pms5003;3628;6.559;3.386;2025-10-11T02:06:44.957752+00:00;P2;33.20
4853;pms5003;3628;6.559;3.386;2025-10-11T02:06:44.957752+00:00;P1;42.40
4853;pms5003;3628;6.559;3.386;2025-10-11T02:06:44.957752+00:00;P0;19.20
4854;DHT22;3628;6.559;3.386;2025-10-11T02:07:02.307206+00:00;humidity;98.80
4854;DHT22;3628;6.559;3.386;2025-10-11T02:07:02.307206+00:00;temperature;26.30
4854;DHT22;3628;6.559;3.386;2025-10-11T02:12:26.579609+00:00;humidity;99.10
4854;DHT22;3628;6.559;3.386;2025-10-11T02:12:26.579609+00:00;temperature;26.20
4854;DHT22;3628;6.559;3.386;2025-10-11T02:17:50.573946+00:00;humidity;99.00
4854;DHT22;3628;6.559;3.386;2025-10-11T02:17:50.573946+00:00;temperature;26.20
4854;DHT22;3628;6.559;3.386;2025-10-11T02:23:24.692856+00:00;humidity;98.70
4854;DHT22;3628;6.559;3.386;2025-10-11T02:23:24.692856+00:00;temperature;26.20
4853;pms5003;3628;6.559;3.386;2025-10-11T02:28:41.884639+00:00;P2;39.00
4853;pms5003;3628;6.559;3.386;2025-10-11T02:28:41.884639+00:00;P1;56.00
4853;pms5003;3628;6.559;3.386;2025-10-11T02:28:41.884639+00:00;P0;22.00
4854;DHT22;3628;6.559;3.386;2025-10-11T02:28:59.247013+00:00;humidity;99.00
4854;DHT22;3628;6.559;3.386;2025-10-11T02:28:59.247013+00:00;temperature;26.10
4854;DHT22;3628;6.559;3.386;2025-10-11T02:34:22.893315+00:00;humidity;98.80
4854;DHT22;3628;6.559;3.386;2025-10-11T02:34:22.893315+00:00;temperature;26.10
4853;pms5003;3628;6.559;3.386;2025-10-11T02:39:40.126482+00:00;P2;42.00
4853;pms5003;3628;6.559;3.386;2025-10-11T02:39:40.126482+00:00;P1;58.25
4853;pms5003;3628;6.559;3.386;2025-10-11T02:39:40.126482+00:00;P0;26.00
4853;pms5003;3628;6.559;3.386;2025-10-11T02:45:04.143871+00:00;P2;44.00
4853;pms5003;3628;6.559;3.386;2025-10-11T02:45:04.143871+00:00;P1;57.75
4853;pms5003;3628;6.559;3.386;2025-10-11T02:45:04.143871+00:00;P0;26.50
4854;DHT22;3628;6.559;3.386;2025-10-11T02:45:21.534284+00:00;humidity;98.50
4854;DHT22;3628;6.559;3.386;2025-10-11T02:45:21.534284+00:00;temperature;26.10
4853;pms5003;3628;6.559;3.386;2025-10-11T02:50:38.851289+00:00;P2;45.00
4853;pms5003;3628;6.559;3.386;2025-10-11T02:50:38.851289+00:00;P1;60.00
4853;pms5003;3628;6.559;3.386;2025-10-11T02:50:38.851289+00:00;P0;26.50
4854;DHT22;3628;6.559;3.386;2025-10-11T02:50:56.056127+00:00;humidity;98.20
4854;DHT22;3628;6.559;3.386;2025-10-11T02:50:56.056127+00:00;temperature;26.20
4854;DHT22;3628;6.559;3.386;2025-10-11T02:56:20.084849+00:00;humidity;98.20
4854;DHT22;3628;6.559;3.386;2025-10-11T02:56:20.084849+00:00;temperature;26.20
4853;pms5003;3628;6.559;3.386;2025-10-11T03:01:37.305776+00:00;P2;54.00
4853;pms5003;3628;6.559;3.386;2025-10-11T03:01:37.305776+00:00;P1;74.00
4853;pms5003;3628;6.559;3.386;2025-10-11T03:01:37.305776+00:00;P0;31.40
4854;DHT22;3628;6.559;3.386;2025-10-11T03:01:54.646005+00:00;humidity;98.20
4854;DHT22;3628;6.559;3.386;2025-10-11T03:01:54.646005+00:00;temperature;26.20
4853;pms5003;3628;6.559;3.386;2025-10-11T03:07:11.836642+00:00;P2;57.25
4853;pms5003;3628;6.559;3.386;2025-10-11T03:07:11.836642+00:00;P1;75.00
4853;pms5003;3628;6.559;3.386;2025-10-11T03:07:11.836642+00:00;P0;33.25
4854;DHT22;3628;6.559;3.386;2025-10-11T03:07:29.259991+00:00;humidity;97.50
4854;DHT22;3628;6.559;3.386;2025-10-11T03:07:29.259991+00:00;temperature;26.20
4853;pms5003;3628;6.559;3.386;2025-10-11T03:12:46.384657+00:00;P2;57.25
4853;pms5003;3628;6.559;3.386;2025-10-11T03:12:46.384657+00:00;P1;77.50
4853;pms5003;3628;6.559;3.386;2025-10-11T03:12:46.384657+00:00;P0;33.50
4853;pms5003;3628;6.559;3.386;2025-10-11T03:23:23.258788+00:00;P2;57.25
4853;pms5003;3628;6.559;3.386;2025-10-11T03:23:23.258788+00:00;P1;72.00
4853;pms5003;3628;6.559;3.386;2025-10-11T03:23:23.258788+00:00;P0;34.00
4854;DHT22;3628;6.559;3.386;2025-10-11T03:23:40.689589+00:00;humidity;97.60
4854;DHT22;3628;6.559;3.386;2025-10-11T03:23:40.689589+00:00;temperature;26.30
4854;DHT22;3628;6.559;3.386;2025-10-11T03:29:04.482387+00:00;humidity;98.00
4854;DHT22;3628;6.559;3.386;2025-10-11T03:29:04.482387+00:00;temperature;26.30
4854;DHT22;3628;6.559;3.386;2025-10-11T03:34:38.999933+00:00;humidity;97.30
4854;DHT22;3628;6.559;3.386;2025-10-11T03:34:38.999933+00:00;temperature;26.40
4853;pms5003;3628;6.559;3.386;2025-10-11T03:39:56.146283+00:00;P2;55.33
4853;pms5003;3628;6.559;3.386;2025-10-11T03:39:56.146283+00:00;P1;77.00
4853;pms5003;3628;6.559;3.386;2025-10-11T03:39:56.146283+00:00;P0;32.00
4854;DHT22;3628;6.559;3.386;2025-10-11T03:45:37.448093+00:00;humidity;96.90
4854;DHT22;3628;6.559;3.386;2025-10-11T03:45:37.448093+00:00;temperature;26.50
4853;pms5003;3628;6.559;3.386;2025-10-11T03:50:54.665662+00:00;P2;52.80
4853;pms5003;3628;6.559;3.386;2025-10-11T03:50:54.665662+00:00;P1;72.80
4853;pms5003;3628;6.559;3.386;2025-10-11T03:50:54.665662+00:00;P0;32.60
4854;DHT22;3628;6.559;3.386;2025-10-11T03:51:12.070665+00:00;humidity;96.80
4854;DHT22;3628;6.559;3.386;2025-10-11T03:51:12.070665+00:00;temperature;26.40
4853;pms5003;3628;6.559;3.386;2025-10-11T03:56:29.357027+00:00;P2;50.80
4853;pms5003;3628;6.559;3.386;2025-10-11T03:56:29.357027+00:00;P1;68.60
4853;pms5003;3628;6.559;3.386;2025-10-11T03:56:29.357027+00:00;P0;31.00
4854;DHT22;3628;6.559;3.386;2025-10-11T03:56:46.708140+00:00;humidity;96.90
4854;DHT22;3628;6.559;3.386;2025-10-11T03:56:46.708140+00:00;temperature;26.30
4853;pms5003;3628;6.559;3.386;2025-10-11T04:02:04.032219+00:00;P2;48.75
4853;pms5003;3628;6.559;3.386;2025-10-11T04:02:04.032219+00:00;P1;66.50
4853;pms5003;3628;6.559;3.386;2025-10-11T04:02:04.032219+00:00;P0;28.00
4854;DHT22;3628;6.559;3.386;2025-10-11T04:02:21.287300+00:00;humidity;96.90
4854;DHT22;3628;6.559;3.386;2025-10-11T04:02:21.287300+00:00;temperature;26.60
4853;pms5003;3628;6.559;3.386;2025-10-11T04:07:38.499777+00:00;P2;50.00
4853;pms5003;3628;6.559;3.386;2025-10-11T04:07:38.499777+00:00;P1;70.00
4853;pms5003;3628;6.559;3.386;2025-10-11T04:07:38.499777+00:00;P0;29.00
4854;DHT22;3628;6.559;3.386;2025-10-11T04:07:55.890987+00:00;humidity;96.50
4854;DHT22;3628;6.559;3.386;2025-10-11T04:07:55.890987+00:00;temperature;26.60
4853;pms5003;3628;6.559;3.386;2025-10-11T04:13:13.087273+00:00;P2;50.25
4853;pms5003;3628;6.559;3.386;2025-10-11T04:13:13.087273+00:00;P1;69.25
4853;pms5003;3628;6.559;3.386;2025-10-11T04:13:13.087273+00:00;P0;28.50
4853;pms5003;3628;6.559;3.386;2025-10-11T04:18:36.941420+00:00;P2;50.50
4853;pms5003;3628;6.559;3.386;2025-10-11T04:18:36.941420+00:00;P1;73.00
4853;pms5003;3628;6.559;3.386;2025-10-11T04:18:36.941420+00:00;P0;30.00
4854;DHT22;3628;6.559;3.386;2025-10-11T04:18:54.345818+00:00;humidity;96.50
4854;DHT22;3628;6.559;3.386;2025-10-11T04:18:54.345818+00:00;temperature;26.50
4853;pms5003;3628;6.559;3.386;2025-10-11T04:24:11.573206+00:00;P2;50.50
4853;pms5003;3628;6.559;3.386;2025-10-11T04:24:11.573206+00:00;P1;73.25
4853;pms5003;3628;6.559;3.386;2025-10-11T04:24:11.573206+00:00;P0;30.00
4853;pms5003;3628;6.559;3.386;2025-10-11T04:29:38.372863+00:00;P2;49.40
4853;pms5003;3628;6.559;3.386;2025-10-11T04:29:38.372863+00:00;P1;67.00
4853;pms5003;3628;6.559;3.386;2025-10-11T04:29:38.372863+00:00;P0;29.80
4854;DHT22;3628;6.559;3.386;2025-10-11T04:29:55.831885+00:00;humidity;96.30
4854;DHT22;3628;6.559;3.386;2025-10-11T04:29:55.831885+00:00;temperature;26.50
4853;pms5003;3628;6.559;3.386;2025-10-11T04:35:13.011650+00:00;P2;52.50
4853;pms5003;3628;6.559;3.386;2025-10-11T04:35:13.011650+00:00;P1;74.50
4853;pms5003;3628;6.559;3.386;2025-10-11T04:35:13.011650+00:00;P0;31.00
4854;DHT22;3628;6.559;3.386;2025-10-11T04:35:30.383494+00:00;humidity;95.90
4854;DHT22;3628;6.559;3.386;2025-10-11T04:35:30.383494+00:00;temperature;26.50
4853;pms5003;3628;6.559;3.386;2025-10-11T04:40:47.574018+00:00;P2;48.25
4853;pms5003;3628;6.559;3.386;2025-10-11T04:40:47.574018+00:00;P1;69.25
4853;pms5003;3628;6.559;3.386;2025-10-11T04:40:47.574018+00:00;P0;28.75
4854;DHT22;3628;6.559;3.386;2025-10-11T04:46:18.014215+00:00;humidity;95.60
4854;DHT22;3628;6.559;3.386;2025-10-11T04:46:18.014215+00:00;temperature;26.60
4853;pms5003;3628;6.559;3.386;2025-10-11T04:51:35.218141+00:00;P2;52.00
4853;pms5003;3628;6.559;3.386;2025-10-11T04:51:35.218141+00:00;P1;72.80
4853;pms5003;3628;6.559;3.386;2025-10-11T04:51:35.218141+00:00;P0;32.00
4853;pms5003;3628;6.559;3.386;2025-10-11T04:57:09.783942+00:00;P2;50.25
4853;pms5003;3628;6.559;3.386;2025-10-11T04:57:09.783942+00:00;P1;68.50
4853;pms5003;3628;6.559;3.386;2025-10-11T04:57:09.783942+00:00;P0;30.00
4853;pms5003;3628;6.559;3.386;2025-10-11T05:02:44.332147+00:00;P2;47.50
4853;pms5003;3628;6.559;3.386;2025-10-11T05:02:44.332147+00:00;P1;63.25
4853;pms5003;3628;6.559;3.386;2025-10-11T05:02:44.332147+00:00;P0;29.50
4854;DHT22;3628;6.559;3.386;2025-10-11T05:03:01.702533+00:00;humidity;95.30
4854;DHT22;3628;6.559;3.386;2025-10-11T05:03:01.702533+00:00;temperature;26.40
4853;pms5003;3628;6.559;3.386;2025-10-11T05:08:18.866217+00:00;P2;45.75
4853;pms5003;3628;6.559;3.386;2025-10-11T05:08:18.866217+00:00;P1;65.25
4853;pms5003;3628;6.559;3.386;2025-10-11T05:08:18.866217+00:00;P0;27.75
4853;pms5003;3628;6.559;3.386;2025-10-11T05:13:42.612252+00:00;P2;42.00
4853;pms5003;3628;6.559;3.386;2025-10-11T05:13:42.612252+00:00;P1;58.80
4853;pms5003;3628;6.559;3.386;2025-10-11T05:13:42.612252+00:00;P0;26.80
4854;DHT22;3628;6.559;3.386;2025-10-11T05:13:59.935166+00:00;humidity;95.60
4854;DHT22;3628;6.559;3.386;2025-10-11T05:13:59.935166+00:00;temperature;26.40
4853;pms5003;3628;6.559;3.386;2025-10-11T05:19:17.147042+00:00;P2;40.67
4853;pms5003;3628;6.559;3.386;2025-10-11T05:19:17.147042+00:00;P1;54.00
4853;pms5003;3628;6.559;3.386;2025-10-11T05:19:17.147042+00:00;P0;25.33
4854;DHT22;3628;6.559;3.386;2025-10-11T05:19:34.457403+00:00;humidity;95.80
4854;DHT22;3628;6.559;3.386;2025-10-11T05:19:34.457403+00:00;temperature;26.30
4853;pms5003;3628;6.559;3.386;2025-10-11T05:24:51.645593+00:00;P2;38.00
4853;pms5003;3628;6.559;3.386;2025-10-11T05:24:51.645593+00:00;P1;51.00
4853;pms5003;3628;6.559;3.386;2025-10-11T05:24:51.645593+00:00;P0;22.00
4853;pms5003;3628;6.559;3.386;2025-10-11T05:30:18.454375+00:00;P2;39.67
4853;pms5003;3628;6.559;3.386;2025-10-11T05:30:18.454375+00:00;P1;46.00
4853;pms5003;3628;6.559;3.386;2025-10-11T05:30:18.454375+00:00;P0;25.67
4854;DHT22;3628;6.559;3.386;2025-10-11T05:30:35.916856+00:00;humidity;95.20
4854;DHT22;3628;6.559;3.386;2025-10-11T05:30:35.916856+00:00;temperature;26.40
4853;pms5003;3628;6.559;3.386;2025-10-11T05:35:53.091017+00:00;P2;37.75
4853;pms5003;3628;6.559;3.386;2025-10-11T05:35:53.091017+00:00;P1;51.75
4853;pms5003;3628;6.559;3.386;2025-10-11T05:35:53.091017+00:00;P0;22.75
4854;DHT22;3628;6.559;3.386;2025-10-11T05:36:10.473552+00:00;humidity;95.20
4854;DHT22;3628;6.559;3.386;2025-10-11T05:36:10.473552+00:00;temperature;26.30
4853;pms5003;3628;6.559;3.386;2025-10-11T05:41:27.626926+00:00;P2;36.00
4853;pms5003;3628;6.559;3.386;2025-10-11T05:41:27.626926+00:00;P1;50.40
4853;pms5003;3628;6.559;3.386;2025-10-11T05:41:27.626926+00:00;P0;22.80
4854;DHT22;3628;6.559;3.386;2025-10-11T05:41:44.987095+00:00;humidity;95.50
4854;DHT22;3628;6.559;3.386;2025-10-11T05:41:44.987095+00:00;temperature;26.30
4854;DHT22;3628;6.559;3.386;2025-10-11T05:52:43.575633+00:00;humidity;94.80
4854;DHT22;3628;6.559;3.386;2025-10-11T05:52:43.575633+00:00;temperature;26.30
4853;pms5003;3628;6.559;3.386;2025-10-11T05:58:00.985473+00:00;P2;39.67
4853;pms5003;3628;6.559;3.386;2025-10-11T05:58:00.985473+00:00;P1;53.67
4853;pms5003;3628;6.559;3.386;2025-10-11T05:58:00.985473+00:00;P0;24.67
4854;DHT22;3628;6.559;3.386;2025-10-11T05:58:18.352620+00:00;humidity;95.20
4854;DHT22;3628;6.559;3.386;2025-10-11T05:58:18.352620+00:00;temperature;26.40
4853;pms5003;3628;6.559;3.386;2025-10-11T06:03:35.538824+00:00;P2;42.25
4853;pms5003;3628;6.559;3.386;2025-10-11T06:03:35.538824+00:00;P1;57.00
4853;pms5003;3628;6.559;3.386;2025-10-11T06:03:35.538824+00:00;P0;26.75
4853;pms5003;3628;6.559;3.386;2025-10-11T06:08:59.350555+00:00;P2;41.25
4853;pms5003;3628;6.559;3.386;2025-10-11T06:08:59.350555+00:00;P1;49.25
4853;pms5003;3628;6.559;3.386;2025-10-11T06:08:59.350555+00:00;P0;27.25
4854;DHT22;3628;6.559;3.386;2025-10-11T06:09:16.694191+00:00;humidity;93.90
4854;DHT22;3628;6.559;3.386;2025-10-11T06:09:16.694191+00:00;temperature;26.50
4853;pms5003;3628;6.559;3.386;2025-10-11T06:14:34.026933+00:00;P2;44.25
4853;pms5003;3628;6.559;3.386;2025-10-11T06:14:34.026933+00:00;P1;58.50
4853;pms5003;3628;6.559;3.386;2025-10-11T06:14:34.026933+00:00;P0;28.00
4854;DHT22;3628;6.559;3.386;2025-10-11T06:14:51.354101+00:00;humidity;93.70
4854;DHT22;3628;6.559;3.386;2025-10-11T06:14:51.354101+00:00;temperature;26.50
4853;pms5003;3628;6.559;3.386;2025-10-11T06:20:08.538354+00:00;P2;43.00
4853;pms5003;3628;6.559;3.386;2025-10-11T06:20:08.538354+00:00;P1;58.00
4853;pms5003;3628;6.559;3.386;2025-10-11T06:20:08.538354+00:00;P0;28.00
4854;DHT22;3628;6.559;3.386;2025-10-11T06:20:25.887677+00:00;humidity;93.20
4854;DHT22;3628;6.559;3.386;2025-10-11T06:20:25.887677+00:00;temperature;26.80
4853;pms5003;3628;6.559;3.386;2025-10-11T06:25:43.132316+00:00;P2;44.50
4853;pms5003;3628;6.559;3.386;2025-10-11T06:25:43.132316+00:00;P1;61.25
4853;pms5003;3628;6.559;3.386;2025-10-11T06:25:43.132316+00:00;P0;29.00
4854;DHT22;3628;6.559;3.386;2025-10-11T06:26:00.493938+00:00;humidity;92.70
4854;DHT22;3628;6.559;3.386;2025-10-11T06:26:00.493938+00:00;temperature;26.90
4853;pms5003;3628;6.559;3.386;2025-10-11T06:31:17.741900+00:00;P2;43.75
4853;pms5003;3628;6.559;3.386;2025-10-11T06:31:17.741900+00:00;P1;59.50
4853;pms5003;3628;6.559;3.386;2025-10-11T06:31:17.741900+00:00;P0;27.75
4854;DHT22;3628;6.559;3.386;2025-10-11T06:31:35.073636+00:00;humidity;92.90
4854;DHT22;3628;6.559;3.386;2025-10-11T06:31:35.073636+00:00;temperature;27.00
4853;pms5003;3628;6.559;3.386;2025-10-11T06:36:52.217680+00:00;P2;42.33
4853;pms5003;3628;6.559;3.386;2025-10-11T06:36:52.217680+00:00;P1;53.67
4853;pms5003;3628;6.559;3.386;2025-10-11T06:36:52.217680+00:00;P0;27.00
4854;DHT22;3628;6.559;3.386;2025-10-11T06:37:09.620553+00:00;humidity;92.10
4854;DHT22;3628;6.559;3.386;2025-10-11T06:37:09.620553+00:00;temperature;27.10
4853;pms5003;3628;6.559;3.386;2025-10-11T06:42:26.836717+00:00;P2;43.00
4853;pms5003;3628;6.559;3.386;2025-10-11T06:42:26.836717+00:00;P1;53.00
4853;pms5003;3628;6.559;3.386;2025-10-11T06:42:26.836717+00:00;P0;28.00
4854;DHT22;3628;6.559;3.386;2025-10-11T06:42:44.292638+00:00;humidity;92.00
4854;DHT22;3628;6.559;3.386;2025-10-11T06:42:44.292638+00:00;temperature;27.20
4854;DHT22;3628;6.559;3.386;2025-10-11T06:48:08.203830+00:00;humidity;91.80
4854;DHT22;3628;6.559;3.386;2025-10-11T06:48:08.203830+00:00;temperature;27.10
4853;pms5003;3628;6.559;3.386;2025-10-11T06:53:25.380521+00:00;P2;44.00
4853;pms5003;3628;6.559;3.386;2025-10-11T06:53:25.380521+00:00;P1;57.00
4853;pms5003;3628;6.559;3.386;2025-10-11T06:53:25.380521+00:00;P0;29.50
4854;DHT22;3628;6.559;3.386;2025-10-11T06:53:42.736470+00:00;humidity;91.70
4854;DHT22;3628;6.559;3.386;2025-10-11T06:53:42.736470+00:00;temperature;27.10
4853;pms5003;3628;6.559;3.386;2025-10-11T06:58:59.967531+00:00;P2;44.67
4853;pms5003;3628;6.559;3.386;2025-10-11T06:58:59.967531+00:00;P1;60.67
4853;pms5003;3628;6.559;3.386;2025-10-11T06:58:59.967531+00:00;P0;29.33
4854;DHT22;3628;6.559;3.386;2025-10-11T06:59:17.506782+00:00;humidity;91.40
4854;DHT22;3628;6.559;3.386;2025-10-11T06:59:17.506782+00:00;temperature;27.10
4853;pms5003;3628;6.559;3.386;2025-10-11T07:04:34.818609+00:00;P2;43.25
4853;pms5003;3628;6.559;3.386;2025-10-11T07:04:34.818609+00:00;P1;60.50
4853;pms5003;3628;6.559;3.386;2025-10-11T07:04:34.818609+00:00;P0;28.00
4854;DHT22;3628;6.559;3.386;2025-10-11T07:04:52.189334+00:00;humidity;91.30
4854;DHT22;3628;6.559;3.386;2025-10-11T07:04:52.189334+00:00;temperature;27.10
4853;pms5003;3628;6.559;3.386;2025-10-11T07:10:09.427057+00:00;P2;45.40
4853;pms5003;3628;6.559;3.386;2025-10-11T07:10:09.427057+00:00;P1;62.20
4853;pms5003;3628;6.559;3.386;2025-10-11T07:10:09.427057+00:00;P0;29.20
4854;DHT22;3628;6.559;3.386;2025-10-11T07:10:26.765954+00:00;humidity;90.90
4854;DHT22;3628;6.559;3.386;2025-10-11T07:10:26.765954+00:00;temperature;27.30
4854;DHT22;3628;6.559;3.386;2025-10-11T07:15:51.253900+00:00;humidity;90.10
4854;DHT22;3628;6.559;3.386;2025-10-11T07:15:51.253900+00:00;temperature;27.50
4854;DHT22;3628;6.559;3.386;2025-10-11T07:21:15.358894+00:00;humidity;89.40
4854;DHT22;3628;6.559;3.386;2025-10-11T07:21:15.358894+00:00;temperature;27.90
4853;pms5003;3628;6.559;3.386;2025-10-11T07:26:32.578750+00:00;P2;48.00
4853;pms5003;3628;6.559;3.386;2025-10-11T07:26:32.578750+00:00;P1;61.75
4853;pms5003;3628;6.559;3.386;2025-10-11T07:26:32.578750+00:00;P0;31.75
4854;DHT22;3628;6.559;3.386;2025-10-11T07:26:49.929637+00:00;humidity;88.50
4854;DHT22;3628;6.559;3.386;2025-10-11T07:26:49.929637+00:00;temperature;28.30
4853;pms5003;3628;6.559;3.386;2025-10-11T07:32:07.129662+00:00;P2;49.60
4853;pms5003;3628;6.559;3.386;2025-10-11T07:32:07.129662+00:00;P1;66.80
4853;pms5003;3628;6.559;3.386;2025-10-11T07:32:07.129662+00:00;P0;32.40
4854;DHT22;3628;6.559;3.386;2025-10-11T07:43:01.986097+00:00;humidity;86.20
4854;DHT22;3628;6.559;3.386;2025-10-11T07:43:01.986097+00:00;temperature;28.90
4853;pms5003;3628;6.559;3.386;2025-10-11T07:48:19.217393+00:00;P2;62.80
4853;pms5003;3628;6.559;3.386;2025-10-11T07:48:19.217393+00:00;P1;76.00
4853;pms5003;3628;6.559;3.386;2025-10-11T07:48:19.217393+00:00;P0;43.40
4854;DHT22;3628;6.559;3.386;2025-10-11T07:48:36.581561+00:00;humidity;85.90
4854;DHT22;3628;6.559;3.386;2025-10-11T07:48:36.581561+00:00;temperature;28.70
4853;pms5003;3628;6.559;3.386;2025-10-11T07:53:53.807848+00:00;P2;58.80
4853;pms5003;3628;6.559;3.386;2025-10-11T07:53:53.807848+00:00;P1;70.80
4853;pms5003;3628;6.559;3.386;2025-10-11T07:53:53.807848+00:00;P0;38.40
4854;DHT22;3628;6.559;3.386;2025-10-11T07:54:11.342174+00:00;humidity;86.60
4854;DHT22;3628;6.559;3.386;2025-10-11T07:54:11.342174+00:00;temperature;28.80
4854;DHT22;3628;6.559;3.386;2025-10-11T07:59:45.775104+00:00;humidity;86.50
4854;DHT22;3628;6.559;3.386;2025-10-11T07:59:45.775104+00:00;temperature;28.90
4854;DHT22;3628;6.559;3.386;2025-10-11T08:05:09.584473+00:00;humidity;86.10
4854;DHT22;3628;6.559;3.386;2025-10-11T08:05:09.584473+00:00;temperature;28.90
4853;pms5003;3628;6.559;3.386;2025-10-11T08:10:26.817450+00:00;P2;58.75
4853;pms5003;3628;6.559;3.386;2025-10-11T08:10:26.817450+00:00;P1;74.00
4853;pms5003;3628;6.559;3.386;2025-10-11T08:10:26.817450+00:00;P0;39.00
4854;DHT22;3628;6.559;3.386;2025-10-11T08:10:44.179930+00:00;humidity;85.80
4854;DHT22;3628;6.559;3.386;2025-10-11T08:10:44.179930+00:00;temperature;29.20
4853;pms5003;3628;6.559;3.386;2025-10-11T08:16:01.343526+00:00;P2;67.25
4853;pms5003;3628;6.559;3.386;2025-10-11T08:16:01.343526+00:00;P1;78.25
4853;pms5003;3628;6.559;3.386;2025-10-11T08:16:01.343526+00:00;P0;42.25
4854;DHT22;3628;6.559;3.386;2025-10-11T08:16:18.780058+00:00;humidity;85.60
4854;DHT22;3628;6.559;3.386;2025-10-11T08:16:18.780058+00:00;temperature;29.00
4853;pms5003;3628;6.559;3.386;2025-10-11T08:21:36.013870+00:00;P2;51.00
4853;pms5003;3628;6.559;3.386;2025-10-11T08:21:36.013870+00:00;P1;71.75
4853;pms5003;3628;6.559;3.386;2025-10-11T08:21:36.013870+00:00;P0;34.00
4853;pms5003;3628;6.559;3.386;2025-10-11T08:27:02.656195+00:00;P2;44.33
4853;pms5003;3628;6.559;3.386;2025-10-11T08:27:02.656195+00:00;P1;58.00
4853;pms5003;3628;6.559;3.386;2025-10-11T08:27:02.656195+00:00;P0;29.00
4853;pms5003;3628;6.559;3.386;2025-10-11T08:32:26.484047+00:00;P2;46.50
4853;pms5003;3628;6.559;3.386;2025-10-11T08:32:26.484047+00:00;P1;63.00
4853;pms5003;3628;6.559;3.386;2025-10-11T08:32:26.484047+00:00;P0;30.50
4854;DHT22;3628;6.559;3.386;2025-10-11T08:32:43.865786+00:00;humidity;83.20
4854;DHT22;3628;6.559;3.386;2025-10-11T08:32:43.865786+00:00;temperature;29.80
4853;pms5003;3628;6.559;3.386;2025-10-11T08:38:01.084485+00:00;P2;45.00
4853;pms5003;3628;6.559;3.386;2025-10-11T08:38:01.084485+00:00;P1;62.25
4853;pms5003;3628;6.559;3.386;2025-10-11T08:38:01.084485+00:00;P0;28.50
4854;DHT22;3628;6.559;3.386;2025-10-11T08:38:18.572498+00:00;humidity;82.90
4854;DHT22;3628;6.559;3.386;2025-10-11T08:38:18.572498+00:00;temperature;29.80
4853;pms5003;3628;6.559;3.386;2025-10-11T08:48:59.108535+00:00;P2;48.67
4853;pms5003;3628;6.559;3.386;2025-10-11T08:48:59.108535+00:00;P1;66.67
4853;pms5003;3628;6.559;3.386;2025-10-11T08:48:59.108535+00:00;P0;32.67
4854;DHT22;3628;6.559;3.386;2025-10-11T08:49:16.525765+00:00;humidity;80.50
4854;DHT22;3628;6.559;3.386;2025-10-11T08:49:16.525765+00:00;temperature;30.60
4853;pms5003;3628;6.559;3.386;2025-10-11T08:54:33.756523+00:00;P2;50.80
4853;pms5003;3628;6.559;3.386;2025-10-11T08:54:33.756523+00:00;P1;68.40
4853;pms5003;3628;6.559;3.386;2025-10-11T08:54:33.756523+00:00;P0;34.00
4854;DHT22;3628;6.559;3.386;2025-10-11T08:54:51.080955+00:00;humidity;81.10
4854;DHT22;3628;6.559;3.386;2025-10-11T08:54:51.080955+00:00;temperature;30.50
4854;DHT22;3628;6.559;3.386;2025-10-11T09:00:16.501993+00:00;humidity;79.20
4854;DHT22;3628;6.559;3.386;2025-10-11T09:00:16.501993+00:00;temperature;31.00
4853;pms5003;3628;6.559;3.386;2025-10-11T09:05:33.666194+00:00;P2;50.25
4853;pms5003;3628;6.559;3.386;2025-10-11T09:05:33.666194+00:00;P1;71.50
4853;pms5003;3628;6.559;3.386;2025-10-11T09:05:33.666194+00:00;P0;33.25
4854;DHT22;3628;6.559;3.386;2025-10-11T09:05:51.026618+00:00;humidity;77.00
4854;DHT22;3628;6.559;3.386;2025-10-11T09:05:51.026618+00:00;temperature;31.70
4853;pms5003;3628;6.559;3.386;2025-10-11T09:11:08.439777+00:00;P2;51.00
4853;pms5003;3628;6.559;3.386;2025-10-11T09:11:08.439777+00:00;P1;63.20
4853;pms5003;3628;6.559;3.386;2025-10-11T09:11:08.439777+00:00;P0;33.20
4853;pms5003;3628;6.559;3.386;2025-10-11T09:16:32.586407+00:00;P2;54.33
4853;pms5003;3628;6.559;3.386;2025-10-11T09:16:32.586407+00:00;P1;70.33
4853;pms5003;3628;6.559;3.386;2025-10-11T09:16:32.586407+00:00;P0;34.33
4854;DHT22;3628;6.559;3.386;2025-10-11T09:16:49.947390+00:00;humidity;73.20
4854;DHT22;3628;6.559;3.386;2025-10-11T09:16:49.947390+00:00;temperature;33.20
4853;pms5003;3628;6.559;3.386;2025-10-11T09:22:07.212377+00:00;P2;52.25
4853;pms5003;3628;6.559;3.386;2025-10-11T09:22:07.212377+00:00;P1;70.00
4853;pms5003;3628;6.559;3.386;2025-10-11T09:22:07.212377+00:00;P0;33.00
4854;DHT22;3628;6.559;3.386;2025-10-11T09:22:24.659413+00:00;humidity;73.60
4854;DHT22;3628;6.559;3.386;2025-10-11T09:22:24.659413+00:00;temperature;32.80
4853;pms5003;3628;6.559;3.386;2025-10-11T09:27:41.871898+00:00;P2;51.50
4853;pms5003;3628;6.559;3.386;2025-10-11T09:27:41.871898+00:00;P1;66.75
4853;pms5003;3628;6.559;3.386;2025-10-11T09:27:41.871898+00:00;P0;35.00
4854;DHT22;3628;6.559;3.386;2025-10-11T09:27:59.212391+00:00;humidity;72.10
4854;DHT22;3628;6.559;3.386;2025-10-11T09:27:59.212391+00:00;temperature;33.40
4854;DHT22;3628;6.559;3.386;2025-10-11T09:33:33.739195+00:00;humidity;70.90
4854;DHT22;3628;6.559;3.386;2025-10-11T09:33:33.739195+00:00;temperature;34.00
4853;pms5003;3628;6.559;3.386;2025-10-11T09:44:17.897318+00:00;P2;54.00
4853;pms5003;3628;6.559;3.386;2025-10-11T09:44:17.897318+00:00;P1;71.00
4853;pms5003;3628;6.559;3.386;2025-10-11T09:44:17.897318+00:00;P0;35.00
4854;DHT22;3628;6.559;3.386;2025-10-11T09:44:35.329641+00:00;humidity;69.90
4854;DHT22;3628;6.559;3.386;2025-10-11T09:44:35.329641+00:00;temperature;34.20
4853;pms5003;3628;6.559;3.386;2025-10-11T09:49:52.488313+00:00;P2;55.00
4853;pms5003;3628;6.559;3.386;2025-10-11T09:49:52.488313+00:00;P1;72.00
4853;pms5003;3628;6.559;3.386;2025-10-11T09:49:52.488313+00:00;P0;36.00
4854;DHT22;3628;6.559;3.386;2025-10-11T09:50:10.032729+00:00;humidity;73.10
4854;DHT22;3628;6.559;3.386;2025-10-11T09:50:10.032729+00:00;temperature;33.10
4853;pms5003;3628;6.559;3.386;2025-10-11T09:55:27.247998+00:00;P2;56.50
4853;pms5003;3628;6.559;3.386;2025-10-11T09:55:27.247998+00:00;P1;71.00
4853;pms5003;3628;6.559;3.386;2025-10-11T09:55:27.247998+00:00;P0;35.00
4854;DHT22;3628;6.559;3.386;2025-10-11T09:55:44.615277+00:00;humidity;73.30
4854;DHT22;3628;6.559;3.386;2025-10-11T09:55:44.615277+00:00;temperature;33.00
4853;pms5003;3628;6.559;3.386;2025-10-11T10:01:01.984501+00:00;P2;54.25
4853;pms5003;3628;6.559;3.386;2025-10-11T10:01:01.984501+00:00;P1;71.25
4853;pms5003;3628;6.559;3.386;2025-10-11T10:01:01.984501+00:00;P0;36.25
4854;DHT22;3628;6.559;3.386;2025-10-11T10:01:19.313448+00:00;humidity;75.90
4854;DHT22;3628;6.559;3.386;2025-10-11T10:01:19.313448+00:00;temperature;32.00
4853;pms5003;3628;6.559;3.386;2025-10-11T10:06:36.504779+00:00;P2;53.50
4853;pms5003;3628;6.559;3.386;2025-10-11T10:06:36.504779+00:00;P1;70.50
4853;pms5003;3628;6.559;3.386;2025-10-11T10:06:36.504779+00:00;P0;34.00
4853;pms5003;3628;6.559;3.386;2025-10-11T10:12:00.739168+00:00;P2;55.00
4853;pms5003;3628;6.559;3.386;2025-10-11T10:12:00.739168+00:00;P1;71.67
4853;pms5003;3628;6.559;3.386;2025-10-11T10:12:00.739168+00:00;P0;34.00
4854;DHT22;3628;6.559;3.386;2025-10-11T10:12:18.292979+00:00;humidity;75.40
4854;DHT22;3628;6.559;3.386;2025-10-11T10:12:18.292979+00:00;temperature;32.30
4853;pms5003;3628;6.559;3.386;2025-10-11T10:17:35.494963+00:00;P2;56.00
4853;pms5003;3628;6.559;3.386;2025-10-11T10:17:35.494963+00:00;P1;73.00
4853;pms5003;3628;6.559;3.386;2025-10-11T10:17:35.494963+00:00;P0;35.25
4853;pms5003;3628;6.559;3.386;2025-10-11T10:22:59.659203+00:00;P2;55.00
4853;pms5003;3628;6.559;3.386;2025-10-11T10:22:59.659203+00:00;P1;71.50
4853;pms5003;3628;6.559;3.386;2025-10-11T10:22:59.659203+00:00;P0;35.00
4853;pms5003;3628;6.559;3.386;2025-10-11T10:28:26.108705+00:00;P2;63.25
4853;pms5003;3628;6.559;3.386;2025-10-11T10:28:26.108705+00:00;P1;79.25
4853;pms5003;3628;6.559;3.386;2025-10-11T10:28:26.108705+00:00;P0;38.50
4854;DHT22;3628;6.559;3.386;2025-10-11T10:28:43.582955+00:00;humidity;72.00
4854;DHT22;3628;6.559;3.386;2025-10-11T10:28:43.582955+00:00;temperature;33.70
4853;pms5003;3628;6.559;3.386;2025-10-11T10:34:00.661710+00:00;P2;59.00
4853;pms5003;3628;6.559;3.386;2025-10-11T10:34:00.661710+00:00;P1;74.25
4853;pms5003;3628;6.559;3.386;2025-10-11T10:34:00.661710+00:00;P0;37.00
4854;DHT22;3628;6.559;3.386;2025-10-11T10:34:17.986547+00:00;humidity;71.10
4854;DHT22;3628;6.559;3.386;2025-10-11T10:34:17.986547+00:00;temperature;33.80
4853;pms5003;3628;6.559;3.386;2025-10-11T10:39:35.439922+00:00;P2;55.25
4853;pms5003;3628;6.559;3.386;2025-10-11T10:39:35.439922+00:00;P1;68.25
4853;pms5003;3628;6.559;3.386;2025-10-11T10:39:35.439922+00:00;P0;35.00
4854;DHT22;3628;6.559;3.386;2025-10-11T10:39:52.674492+00:00;humidity;71.10
4854;DHT22;3628;6.559;3.386;2025-10-11T10:39:52.674492+00:00;temperature;33.60
4853;pms5003;3628;6.559;3.386;2025-10-11T10:45:09.939860+00:00;P2;67.75
4853;pms5003;3628;6.559;3.386;2025-10-11T10:45:09.939860+00:00;P1;79.25
4853;pms5003;3628;6.559;3.386;2025-10-11T10:45:09.939860+00:00;P0;42.00
4854;DHT22;3628;6.559;3.386;2025-10-11T10:45:27.178950+00:00;humidity;72.60
4854;DHT22;3628;6.559;3.386;2025-10-11T10:45:27.178950+00:00;temperature;33.70
4854;DHT22;3628;6.559;3.386;2025-10-11T10:56:14.923752+00:00;humidity;72.40
4854;DHT22;3628;6.559;3.386;2025-10-11T10:56:14.923752+00:00;temperature;33.40
4853;pms5003;3628;6.559;3.386;2025-10-11T11:01:32.272390+00:00;P2;65.50
4853;pms5003;3628;6.559;3.386;2025-10-11T11:01:32.272390+00:00;P1;74.00
4853;pms5003;3628;6.559;3.386;2025-10-11T11:01:32.272390+00:00;P0;40.75
4854;DHT22;3628;6.559;3.386;2025-10-11T11:01:49.899692+00:00;humidity;69.70
4854;DHT22;3628;6.559;3.386;2025-10-11T11:01:49.899692+00:00;temperature;34.30
4853;pms5003;3628;6.559;3.386;2025-10-11T11:07:06.941299+00:00;P2;62.00
4853;pms5003;3628;6.559;3.386;2025-10-11T11:07:06.941299+00:00;P1;71.75
4853;pms5003;3628;6.559;3.386;2025-10-11T11:07:06.941299+00:00;P0;37.75
4854;DHT22;3628;6.559;3.386;2025-10-11T11:07:24.436378+00:00;humidity;69.90
4854;DHT22;3628;6.559;3.386;2025-10-11T11:07:24.436378+00:00;temperature;34.30
4853;pms5003;3628;6.559;3.386;2025-10-11T11:18:06.613615+00:00;P2;69.75
4853;pms5003;3628;6.559;3.386;2025-10-11T11:18:06.613615+00:00;P1;81.75
4853;pms5003;3628;6.559;3.386;2025-10-11T11:18:06.613615+00:00;P0;40.00
4854;DHT22;3628;6.559;3.386;2025-10-11T11:18:23.153721+00:00;humidity;69.90
4854;DHT22;3628;6.559;3.386;2025-10-11T11:18:23.153721+00:00;temperature;34.10
4853;pms5003;3628;6.559;3.386;2025-10-11T11:23:40.469005+00:00;P2;64.50
4853;pms5003;3628;6.559;3.386;2025-10-11T11:23:40.469005+00:00;P1;77.00
4853;pms5003;3628;6.559;3.386;2025-10-11T11:23:40.469005+00:00;P0;40.00
4854;DHT22;3628;6.559;3.386;2025-10-11T11:23:58.013492+00:00;humidity;69.20
4854;DHT22;3628;6.559;3.386;2025-10-11T11:23:58.013492+00:00;temperature;34.40
4853;pms5003;3628;6.559;3.386;2025-10-11T11:29:15.244583+00:00;P2;61.00
4853;pms5003;3628;6.559;3.386;2025-10-11T11:29:15.244583+00:00;P1;71.00
4853;pms5003;3628;6.559;3.386;2025-10-11T11:29:15.244583+00:00;P0;37.00
4854;DHT22;3628;6.559;3.386;2025-10-11T11:29:32.673075+00:00;humidity;68.60
4854;DHT22;3628;6.559;3.386;2025-10-11T11:29:32.673075+00:00;temperature;34.80
4853;pms5003;3628;6.559;3.386;2025-10-11T11:34:50.016690+00:00;P2;66.25
4853;pms5003;3628;6.559;3.386;2025-10-11T11:34:50.016690+00:00;P1;77.50
4853;pms5003;3628;6.559;3.386;2025-10-11T11:34:50.016690+00:00;P0;40.00
4854;DHT22;3628;6.559;3.386;2025-10-11T11:35:07.482443+00:00;humidity;70.20
4854;DHT22;3628;6.559;3.386;2025-10-11T11:35:07.482443+00:00;temperature;34.20
4853;pms5003;3628;6.559;3.386;2025-10-11T11:40:24.756116+00:00;P2;71.00
4853;pms5003;3628;6.559;3.386;2025-10-11T11:40:24.756116+00:00;P1;77.00
4853;pms5003;3628;6.559;3.386;2025-10-11T11:40:24.756116+00:00;P0;46.00
4853;pms5003;3628;6.559;3.386;2025-10-11T11:45:59.178973+00:00;P2;72.60
4853;pms5003;3628;6.559;3.386;2025-10-11T11:45:59.178973+00:00;P1;82.60
4853;pms5003;3628;6.559;3.386;2025-10-11T11:45:59.178973+00:00;P0;43.60
4853;pms5003;3628;6.559;3.386;2025-10-11T11:51:23.907264+00:00;P2;71.25
4853;pms5003;3628;6.559;3.386;2025-10-11T11:51:23.907264+00:00;P1;80.00
4853;pms5003;3628;6.559;3.386;2025-10-11T11:51:23.907264+00:00;P0;44.25
4854;DHT22;3628;6.559;3.386;2025-10-11T11:51:41.369842+00:00;humidity;71.20
4854;DHT22;3628;6.559;3.386;2025-10-11T11:51:41.369842+00:00;temperature;33.30
4853;pms5003;3628;6.559;3.386;2025-10-11T11:56:58.463219+00:00;P2;73.40
4853;pms5003;3628;6.559;3.386;2025-10-11T11:56:58.463219+00:00;P1;83.80
4853;pms5003;3628;6.559;3.386;2025-10-11T11:56:58.463219+00:00;P0;46.80
4854;DHT22;3628;6.559;3.386;2025-10-11T11:57:15.867786+00:00;humidity;71.40
4854;DHT22;3628;6.559;3.386;2025-10-11T11:57:15.867786+00:00;temperature;33.50
4854;DHT22;3628;6.559;3.386;2025-10-11T12:02:50.479125+00:00;humidity;71.70
4854;DHT22;3628;6.559;3.386;2025-10-11T12:02:50.479125+00:00;temperature;32.90
4854;DHT22;3628;6.559;3.386;2025-10-11T12:08:14.325563+00:00;humidity;70.00
4854;DHT22;3628;6.559;3.386;2025-10-11T12:08:14.325563+00:00;temperature;33.80
4853;pms5003;3628;6.559;3.386;2025-10-11T12:13:31.357010+00:00;P2;43.75
4853;pms5003;3628;6.559;3.386;2025-10-11T12:13:31.357010+00:00;P1;57.50
4853;pms5003;3628;6.559;3.386;2025-10-11T12:13:31.357010+00:00;P0;28.00
4854;DHT22;3628;6.559;3.386;2025-10-11T12:13:48.914313+00:00;humidity;66.20
4854;DHT22;3628;6.559;3.386;2025-10-11T12:13:48.914313+00:00;temperature;35.40
4853;pms5003;3628;6.559;3.386;2025-10-11T12:19:05.971814+00:00;P2;34.20
4853;pms5003;3628;6.559;3.386;2025-10-11T12:19:05.971814+00:00;P1;47.00
4853;pms5003;3628;6.559;3.386;2025-10-11T12:19:05.971814+00:00;P0;22.40
4854;DHT22;3628;6.559;3.386;2025-10-11T12:19:23.451127+00:00;humidity;64.50
4854;DHT22;3628;6.559;3.386;2025-10-11T12:19:23.451127+00:00;temperature;36.00
4853;pms5003;3628;6.559;3.386;2025-10-11T12:24:40.644335+00:00;P2;22.80
4853;pms5003;3628;6.559;3.386;2025-10-11T12:24:40.644335+00:00;P1;24.80
4853;pms5003;3628;6.559;3.386;2025-10-11T12:24:40.644335+00:00;P0;15.40
4854;DHT22;3628;6.559;3.386;2025-10-11T12:24:58.015383+00:00;humidity;62.10
4854;DHT22;3628;6.559;3.386;2025-10-11T12:24:58.015383+00:00;temperature;36.80
4853;pms5003;3628;6.559;3.386;2025-10-11T12:30:15.181074+00:00;P2;18.00
4853;pms5003;3628;6.559;3.386;2025-10-11T12:30:15.181074+00:00;P1;19.50
4853;pms5003;3628;6.559;3.386;2025-10-11T12:30:15.181074+00:00;P0;12.25
4854;DHT22;3628;6.559;3.386;2025-10-11T12:30:32.575592+00:00;humidity;60.90
4854;DHT22;3628;6.559;3.386;2025-10-11T12:30:32.575592+00:00;temperature;37.00
4854;DHT22;3628;6.559;3.386;2025-10-11T12:36:07.499153+00:00;humidity;61.30
4854;DHT22;3628;6.559;3.386;2025-10-11T12:36:07.499153+00:00;temperature;36.80
4853;pms5003;3628;6.559;3.386;2025-10-11T12:41:24.621614+00:00;P2;8.40
4853;pms5003;3628;6.559;3.386;2025-10-11T12:41:24.621614+00:00;P1;8.40
4853;pms5003;3628;6.559;3.386;2025-10-11T12:41:24.621614+00:00;P0;5.00
4854;DHT22;3628;6.559;3.386;2025-10-11T12:41:41.990238+00:00;humidity;61.30
4854;DHT22;3628;6.559;3.386;2025-10-11T12:41:41.990238+00:00;temperature;36.60
4853;pms5003;3628;6.559;3.386;2025-10-11T12:46:59.338474+00:00;P2;15.00
4853;pms5003;3628;6.559;3.386;2025-10-11T12:46:59.338474+00:00;P1;19.00
4853;pms5003;3628;6.559;3.386;2025-10-11T12:46:59.338474+00:00;P0;11.00
4853;pms5003;3628;6.559;3.386;2025-10-11T12:52:23.382159+00:00;P2;7.25
4853;pms5003;3628;6.559;3.386;2025-10-11T12:52:23.382159+00:00;P1;7.25
4853;pms5003;3628;6.559;3.386;2025-10-11T12:52:23.382159+00:00;P0;4.50
4854;DHT22;3628;6.559;3.386;2025-10-11T12:52:40.703928+00:00;humidity;62.50
4854;DHT22;3628;6.559;3.386;2025-10-11T12:52:40.703928+00:00;temperature;35.20
4853;pms5003;3628;6.559;3.386;2025-10-11T12:57:57.932563+00:00;P2;9.40
4853;pms5003;3628;6.559;3.386;2025-10-11T12:57:57.932563+00:00;P1;9.40
4853;pms5003;3628;6.559;3.386;2025-10-11T12:57:57.932563+00:00;P0;5.00
4853;pms5003;3628;6.559;3.386;2025-10-11T13:03:32.294666+00:00;P2;7.50
4853;pms5003;3628;6.559;3.386;2025-10-11T13:03:32.294666+00:00;P1;10.00
4853;pms5003;3628;6.559;3.386;2025-10-11T13:03:32.294666+00:00;P0;3.50
4854;DHT22;3628;6.559;3.386;2025-10-11T13:03:49.544120+00:00;humidity;60.50
4854;DHT22;3628;6.559;3.386;2025-10-11T13:03:49.544120+00:00;temperature;35.40
4854;DHT22;3628;6.559;3.386;2025-10-11T13:09:13.290531+00:00;humidity;59.20
4854;DHT22;3628;6.559;3.386;2025-10-11T13:09:13.290531+00:00;temperature;36.10
4853;pms5003;3628;6.559;3.386;2025-10-11T13:19:44.355496+00:00;P2;6.00
4853;pms5003;3628;6.559;3.386;2025-10-11T13:19:44.355496+00:00;P1;6.00
4853;pms5003;3628;6.559;3.386;2025-10-11T13:19:44.355496+00:00;P0;4.75
4854;DHT22;3628;6.559;3.386;2025-10-11T13:20:01.817297+00:00;humidity;61.30
4854;DHT22;3628;6.559;3.386;2025-10-11T13:20:01.817297+00:00;temperature;35.50
4853;pms5003;3628;6.559;3.386;2025-10-11T13:25:18.967948+00:00;P2;4.00
4853;pms5003;3628;6.559;3.386;2025-10-11T13:25:18.967948+00:00;P1;4.00
4853;pms5003;3628;6.559;3.386;2025-10-11T13:25:18.967948+00:00;P0;3.00
4853;pms5003;3628;6.559;3.386;2025-10-11T13:30:53.521865+00:00;P2;8.00
4853;pms5003;3628;6.559;3.386;2025-10-11T13:30:53.521865+00:00;P1;9.20
4853;pms5003;3628;6.559;3.386;2025-10-11T13:30:53.521865+00:00;P0;6.00
4854;DHT22;3628;6.559;3.386;2025-10-11T13:31:10.859823+00:00;humidity;59.90
4854;DHT22;3628;6.559;3.386;2025-10-11T13:31:10.859823+00:00;temperature;35.50
4853;pms5003;3628;6.559;3.386;2025-10-11T13:36:28.062870+00:00;P2;9.60
4853;pms5003;3628;6.559;3.386;2025-10-11T13:36:28.062870+00:00;P1;9.60
4853;pms5003;3628;6.559;3.386;2025-10-11T13:36:28.062870+00:00;P0;6.60
4854;DHT22;3628;6.559;3.386;2025-10-11T13:36:45.556731+00:00;humidity;61.30
4854;DHT22;3628;6.559;3.386;2025-10-11T13:36:45.556731+00:00;temperature;35.00
4853;pms5003;3628;6.559;3.386;2025-10-11T13:42:02.732405+00:00;P2;6.25
4853;pms5003;3628;6.559;3.386;2025-10-11T13:42:02.732405+00:00;P1;6.25
4853;pms5003;3628;6.559;3.386;2025-10-11T13:42:02.732405+00:00;P0;5.00
4854;DHT22;3628;6.559;3.386;2025-10-11T13:42:20.271959+00:00;humidity;60.60
4854;DHT22;3628;6.559;3.386;2025-10-11T13:42:20.271959+00:00;temperature;35.70
4853;pms5003;3628;6.559;3.386;2025-10-11T13:47:37.374764+00:00;P2;5.00
4853;pms5003;3628;6.559;3.386;2025-10-11T13:47:37.374764+00:00;P1;6.00
4853;pms5003;3628;6.559;3.386;2025-10-11T13:47:37.374764+00:00;P0;4.00
4853;pms5003;3628;6.559;3.386;2025-10-11T13:53:01.500067+00:00;P2;8.00
4853;pms5003;3628;6.559;3.386;2025-10-11T13:53:01.500067+00:00;P1;9.00
4853;pms5003;3628;6.559;3.386;2025-10-11T13:53:01.500067+00:00;P0;6.00
4854;DHT22;3628;6.559;3.386;2025-10-11T13:53:18.995573+00:00;humidity;56.20
4854;DHT22;3628;6.559;3.386;2025-10-11T13:53:18.995573+00:00;temperature;37.90
4853;pms5003;3628;6.559;3.386;2025-10-11T13:58:36.108223+00:00;P2;8.75
4853;pms5003;3628;6.559;3.386;2025-10-11T13:58:36.108223+00:00;P1;10.25
4853;pms5003;3628;6.559;3.386;2025-10-11T13:58:36.108223+00:00;P0;6.75
4853;pms5003;3628;6.559;3.386;2025-10-11T14:12:41.252325+00:00;P2;7.50
4853;pms5003;3628;6.559;3.386;2025-10-11T14:12:41.252325+00:00;P1;7.50
4853;pms5003;3628;6.559;3.386;2025-10-11T14:12:41.252325+00:00;P0;4.50
4854;DHT22;3628;6.559;3.386;2025-10-11T14:12:58.663570+00:00;humidity;60.70
4854;DHT22;3628;6.559;3.386;2025-10-11T14:12:58.663570+00:00;temperature;35.60
4853;pms5003;3628;6.559;3.386;2025-10-11T14:18:15.954618+00:00;P2;10.00
4853;pms5003;3628;6.559;3.386;2025-10-11T14:18:15.954618+00:00;P1;15.75
4853;pms5003;3628;6.559;3.386;2025-10-11T14:18:15.954618+00:00;P0;7.00
4854;DHT22;3628;6.559;3.386;2025-10-11T14:18:33.259490+00:00;humidity;60.30
4854;DHT22;3628;6.559;3.386;2025-10-11T14:18:33.259490+00:00;temperature;35.90
4853;pms5003;3628;6.559;3.386;2025-10-11T14:29:03.757540+00:00;P2;11.80
4853;pms5003;3628;6.559;3.386;2025-10-11T14:29:03.757540+00:00;P1;15.60
4853;pms5003;3628;6.559;3.386;2025-10-11T14:29:03.757540+00:00;P0;8.20
4854;DHT22;3628;6.559;3.386;2025-10-11T14:29:21.154081+00:00;humidity;62.30
4854;DHT22;3628;6.559;3.386;2025-10-11T14:29:21.154081+00:00;temperature;35.10
4853;pms5003;3628;6.559;3.386;2025-10-11T14:40:05.218862+00:00;P2;9.00
4853;pms5003;3628;6.559;3.386;2025-10-11T14:40:05.218862+00:00;P1;9.00
4853;pms5003;3628;6.559;3.386;2025-10-11T14:40:05.218862+00:00;P0;7.00
4854;DHT22;3628;6.559;3.386;2025-10-11T14:40:22.611027+00:00;humidity;64.00
4854;DHT22;3628;6.559;3.386;2025-10-11T14:40:22.611027+00:00;temperature;34.10
4853;pms5003;3628;6.559;3.386;2025-10-11T14:45:39.773519+00:00;P2;8.20
4853;pms5003;3628;6.559;3.386;2025-10-11T14:45:39.773519+00:00;P1;10.20
4853;pms5003;3628;6.559;3.386;2025-10-11T14:45:39.773519+00:00;P0;5.60
4854;DHT22;3628;6.559;3.386;2025-10-11T14:45:57.112925+00:00;humidity;65.10
4854;DHT22;3628;6.559;3.386;2025-10-11T14:45:57.112925+00:00;temperature;33.60
4853;pms5003;3628;6.559;3.386;2025-10-11T14:51:14.385302+00:00;P2;11.40
4853;pms5003;3628;6.559;3.386;2025-10-11T14:51:14.385302+00:00;P1;13.40
4853;pms5003;3628;6.559;3.386;2025-10-11T14:51:14.385302+00:00;P0;7.40
4854;DHT22;3628;6.559;3.386;2025-10-11T15:02:12.688698+00:00;humidity;67.60
4854;DHT22;3628;6.559;3.386;2025-10-11T15:02:12.688698+00:00;temperature;33.20
4853;pms5003;3628;6.559;3.386;2025-10-11T15:07:29.171547+00:00;P2;9.60
4853;pms5003;3628;6.559;3.386;2025-10-11T15:07:29.171547+00:00;P1;10.60
4853;pms5003;3628;6.559;3.386;2025-10-11T15:07:29.171547+00:00;P0;6.00
4854;DHT22;3628;6.559;3.386;2025-10-11T15:07:46.598271+00:00;humidity;67.20
4854;DHT22;3628;6.559;3.386;2025-10-11T15:07:46.598271+00:00;temperature;33.20
4853;pms5003;3628;6.559;3.386;2025-10-11T15:18:28.227775+00:00;P2;11.25
4853;pms5003;3628;6.559;3.386;2025-10-11T15:18:28.227775+00:00;P1;11.25
4853;pms5003;3628;6.559;3.386;2025-10-11T15:18:28.227775+00:00;P0;8.50
4854;DHT22;3628;6.559;3.386;2025-10-11T15:23:58.595964+00:00;humidity;69.00
4854;DHT22;3628;6.559;3.386;2025-10-11T15:23:58.595964+00:00;temperature;32.80
4853;pms5003;3628;6.559;3.386;2025-10-11T15:29:15.766025+00:00;P2;15.25
4853;pms5003;3628;6.559;3.386;2025-10-11T15:29:15.766025+00:00;P1;15.25
4853;pms5003;3628;6.559;3.386;2025-10-11T15:29:15.766025+00:00;P0;11.00
4854;DHT22;3628;6.559;3.386;2025-10-11T15:29:33.139550+00:00;humidity;70.30
4854;DHT22;3628;6.559;3.386;2025-10-11T15:29:33.139550+00:00;temperature;32.50
4854;DHT22;3628;6.559;3.386;2025-10-11T15:34:57.117869+00:00;humidity;70.80
4854;DHT22;3628;6.559;3.386;2025-10-11T15:34:57.117869+00:00;temperature;32.40
4853;pms5003;3628;6.559;3.386;2025-10-11T15:40:14.248747+00:00;P2;12.60
4853;pms5003;3628;6.559;3.386;2025-10-11T15:40:14.248747+00:00;P1;14.60
4853;pms5003;3628;6.559;3.386;2025-10-11T15:40:14.248747+00:00;P0;9.00
4854;DHT22;3628;6.559;3.386;2025-10-11T15:40:31.611928+00:00;humidity;70.50
4854;DHT22;3628;6.559;3.386;2025-10-11T15:40:31.611928+00:00;temperature;32.30
4854;DHT22;3628;6.559;3.386;2025-10-11T15:51:23.449771+00:00;P2;10.67
4854;DHT22;3628;6.559;3.386;2025-10-11T15:51:23.449771+00:00;P1;10.67
4854;DHT22;3628;6.559;3.386;2025-10-11T15:51:23.449771+00:00;P0;6.67
4854;DHT22;3628;6.559;3.386;2025-10-11T15:51:40.958014+00:00;humidity;72.30
4854;DHT22;3628;6.559;3.386;2025-10-11T15:51:40.958014+00:00;temperature;31.70
4853;pms5003;3628;6.559;3.386;2025-10-11T15:56:58.164233+00:00;P2;14.25
4853;pms5003;3628;6.559;3.386;2025-10-11T15:56:58.164233+00:00;P1;17.25
4853;pms5003;3628;6.559;3.386;2025-10-11T15:56:58.164233+00:00;P0;8.00
4854;DHT22;3628;6.559;3.386;2025-10-11T15:57:15.565924+00:00;humidity;72.70
4854;DHT22;3628;6.559;3.386;2025-10-11T15:57:15.565924+00:00;temperature;31.70
4854;DHT22;3628;6.559;3.386;2025-10-11T16:02:39.854274+00:00;humidity;73.40
4854;DHT22;3628;6.559;3.386;2025-10-11T16:02:39.854274+00:00;temperature;31.60
4853;pms5003;3628;6.559;3.386;2025-10-11T16:07:57.264215+00:00;P2;12.00
4853;pms5003;3628;6.559;3.386;2025-10-11T16:07:57.264215+00:00;P1;13.25
4853;pms5003;3628;6.559;3.386;2025-10-11T16:07:57.264215+00:00;P0;8.00
4854;DHT22;3628;6.559;3.386;2025-10-11T16:08:14.553738+00:00;humidity;73.50
4854;DHT22;3628;6.559;3.386;2025-10-11T16:08:14.553738+00:00;temperature;31.70
4853;pms5003;3628;6.559;3.386;2025-10-11T16:13:31.734752+00:00;P2;13.00
4853;pms5003;3628;6.559;3.386;2025-10-11T16:13:31.734752+00:00;P1;13.00
4853;pms5003;3628;6.559;3.386;2025-10-11T16:13:31.734752+00:00;P0;9.00
4854;DHT22;3628;6.559;3.386;2025-10-11T16:13:49.116066+00:00;humidity;74.40
4854;DHT22;3628;6.559;3.386;2025-10-11T16:13:49.116066+00:00;temperature;31.50
4853;pms5003;3628;6.559;3.386;2025-10-11T16:19:06.457859+00:00;P2;14.00
4853;pms5003;3628;6.559;3.386;2025-10-11T16:19:06.457859+00:00;P1;15.00
4853;pms5003;3628;6.559;3.386;2025-10-11T16:19:06.457859+00:00;P0;8.00
4854;DHT22;3628;6.559;3.386;2025-10-11T16:19:23.816650+00:00;humidity;74.70
4854;DHT22;3628;6.559;3.386;2025-10-11T16:19:23.816650+00:00;temperature;31.50
4853;pms5003;3628;6.559;3.386;2025-10-11T16:29:54.259816+00:00;P2;13.00
4853;pms5003;3628;6.559;3.386;2025-10-11T16:29:54.259816+00:00;P1;13.00
4853;pms5003;3628;6.559;3.386;2025-10-11T16:29:54.259816+00:00;P0;9.50
4854;DHT22;3628;6.559;3.386;2025-10-11T16:30:11.984946+00:00;humidity;75.80
4854;DHT22;3628;6.559;3.386;2025-10-11T16:30:11.984946+00:00;temperature;31.10
4853;pms5003;3628;6.559;3.386;2025-10-11T16:35:29.046465+00:00;P2;17.00
4853;pms5003;3628;6.559;3.386;2025-10-11T16:35:29.046465+00:00;P1;17.00
4853;pms5003;3628;6.559;3.386;2025-10-11T16:35:29.046465+00:00;P0;11.00
4854;DHT22;3628;6.559;3.386;2025-10-11T16:35:46.457412+00:00;humidity;76.10
4854;DHT22;3628;6.559;3.386;2025-10-11T16:35:46.457412+00:00;temperature;31.10
4853;pms5003;3628;6.559;3.386;2025-10-11T16:41:03.709190+00:00;P2;15.50
4853;pms5003;3628;6.559;3.386;2025-10-11T16:41:03.709190+00:00;P1;15.50
4853;pms5003;3628;6.559;3.386;2025-10-11T16:41:03.709190+00:00;P0;11.00
4853;pms5003;3628;6.559;3.386;2025-10-11T16:51:52.142940+00:00;P2;15.50
4853;pms5003;3628;6.559;3.386;2025-10-11T16:51:52.142940+00:00;P1;24.50
4853;pms5003;3628;6.559;3.386;2025-10-11T16:51:52.142940+00:00;P0;11.25
4854;DHT22;3628;6.559;3.386;2025-10-11T16:52:09.562640+00:00;humidity;77.20
4854;DHT22;3628;6.559;3.386;2025-10-11T16:52:09.562640+00:00;temperature;30.80
4854;DHT22;3628;6.559;3.386;2025-10-11T16:57:33.459471+00:00;humidity;78.00
4854;DHT22;3628;6.559;3.386;2025-10-11T16:57:33.459471+00:00;temperature;30.70
4853;pms5003;3628;6.559;3.386;2025-10-11T17:02:50.647022+00:00;P2;14.00
4853;pms5003;3628;6.559;3.386;2025-10-11T17:02:50.647022+00:00;P1;24.00
4853;pms5003;3628;6.559;3.386;2025-10-11T17:02:50.647022+00:00;P0;11.00
4854;DHT22;3628;6.559;3.386;2025-10-11T17:03:07.976281+00:00;humidity;78.10
4854;DHT22;3628;6.559;3.386;2025-10-11T17:03:07.976281+00:00;temperature;30.70
4853;pms5003;3628;6.559;3.386;2025-10-11T17:08:25.174522+00:00;P2;11.50
4853;pms5003;3628;6.559;3.386;2025-10-11T17:08:25.174522+00:00;P1;19.00
4853;pms5003;3628;6.559;3.386;2025-10-11T17:08:25.174522+00:00;P0;8.00
4854;DHT22;3628;6.559;3.386;2025-10-11T17:08:42.975368+00:00;humidity;78.50
4854;DHT22;3628;6.559;3.386;2025-10-11T17:08:42.975368+00:00;temperature;30.50
4853;pms5003;3628;6.559;3.386;2025-10-11T17:14:00.121714+00:00;P2;14.60
4853;pms5003;3628;6.559;3.386;2025-10-11T17:14:00.121714+00:00;P1;14.60
4853;pms5003;3628;6.559;3.386;2025-10-11T17:14:00.121714+00:00;P0;9.00
4854;DHT22;3628;6.559;3.386;2025-10-11T17:14:17.772686+00:00;humidity;78.10
4854;DHT22;3628;6.559;3.386;2025-10-11T17:14:17.772686+00:00;temperature;30.40
4853;pms5003;3628;6.559;3.386;2025-10-11T17:19:35.106776+00:00;P2;17.75
4853;pms5003;3628;6.559;3.386;2025-10-11T17:19:35.106776+00:00;P1;21.75
4853;pms5003;3628;6.559;3.386;2025-10-11T17:19:35.106776+00:00;P0;12.25
4854;DHT22;3628;6.559;3.386;2025-10-11T17:19:52.435660+00:00;humidity;78.30
4854;DHT22;3628;6.559;3.386;2025-10-11T17:19:52.435660+00:00;temperature;30.50
4854;DHT22;3628;6.559;3.386;2025-10-11T17:25:16.348779+00:00;humidity;78.90
4854;DHT22;3628;6.559;3.386;2025-10-11T17:25:16.348779+00:00;temperature;30.30
4853;pms5003;3628;6.559;3.386;2025-10-11T17:30:33.527117+00:00;P2;16.00
4853;pms5003;3628;6.559;3.386;2025-10-11T17:30:33.527117+00:00;P1;19.25
4853;pms5003;3628;6.559;3.386;2025-10-11T17:30:33.527117+00:00;P0;11.00
4854;DHT22;3628;6.559;3.386;2025-10-11T17:30:50.938775+00:00;humidity;79.30
4854;DHT22;3628;6.559;3.386;2025-10-11T17:30:50.938775+00:00;temperature;30.10
4853;pms5003;3628;6.559;3.386;2025-10-11T17:36:08.167351+00:00;P2;17.25
4853;pms5003;3628;6.559;3.386;2025-10-11T17:36:08.167351+00:00;P1;18.25
4853;pms5003;3628;6.559;3.386;2025-10-11T17:36:08.167351+00:00;P0;10.75
4854;DHT22;3628;6.559;3.386;2025-10-11T17:36:25.494082+00:00;humidity;79.80
4854;DHT22;3628;6.559;3.386;2025-10-11T17:36:25.494082+00:00;temperature;30.20
4853;pms5003;3628;6.559;3.386;2025-10-11T17:41:42.830778+00:00;P2;12.75
4853;pms5003;3628;6.559;3.386;2025-10-11T17:41:42.830778+00:00;P1;12.75
4853;pms5003;3628;6.559;3.386;2025-10-11T17:41:42.830778+00:00;P0;9.75
4854;DHT22;3628;6.559;3.386;2025-10-11T17:42:00.243750+00:00;humidity;80.30
4854;DHT22;3628;6.559;3.386;2025-10-11T17:42:00.243750+00:00;temperature;29.90
4853;pms5003;3628;6.559;3.386;2025-10-11T17:52:30.534826+00:00;P2;13.50
4853;pms5003;3628;6.559;3.386;2025-10-11T17:52:30.534826+00:00;P1;15.50
4853;pms5003;3628;6.559;3.386;2025-10-11T17:52:30.534826+00:00;P0;9.50
4854;DHT22;3628;6.559;3.386;2025-10-11T17:52:47.882853+00:00;humidity;80.70
4854;DHT22;3628;6.559;3.386;2025-10-11T17:52:47.882853+00:00;temperature;29.90
4853;pms5003;3628;6.559;3.386;2025-10-11T18:03:29.099738+00:00;P2;18.50
4853;pms5003;3628;6.559;3.386;2025-10-11T18:03:29.099738+00:00;P1;28.00
4853;pms5003;3628;6.559;3.386;2025-10-11T18:03:29.099738+00:00;P0;12.50
4854;DHT22;3628;6.559;3.386;2025-10-11T18:03:46.392453+00:00;humidity;81.30
4854;DHT22;3628;6.559;3.386;2025-10-11T18:03:46.392453+00:00;temperature;29.80
4853;pms5003;3628;6.559;3.386;2025-10-11T18:09:03.757370+00:00;P2;20.50
4853;pms5003;3628;6.559;3.386;2025-10-11T18:09:03.757370+00:00;P1;21.50
4853;pms5003;3628;6.559;3.386;2025-10-11T18:09:03.757370+00:00;P0;12.50
4854;DHT22;3628;6.559;3.386;2025-10-11T18:09:21.072886+00:00;humidity;81.60
4854;DHT22;3628;6.559;3.386;2025-10-11T18:09:21.072886+00:00;temperature;29.70
4853;pms5003;3628;6.559;3.386;2025-10-11T18:14:38.275190+00:00;P2;16.75
4853;pms5003;3628;6.559;3.386;2025-10-11T18:14:38.275190+00:00;P1;16.75
4853;pms5003;3628;6.559;3.386;2025-10-11T18:14:38.275190+00:00;P0;11.50
4854;DHT22;3628;6.559;3.386;2025-10-11T18:14:55.793576+00:00;humidity;81.70
4854;DHT22;3628;6.559;3.386;2025-10-11T18:14:55.793576+00:00;temperature;29.70
4853;pms5003;3628;6.559;3.386;2025-10-11T18:20:12.979804+00:00;P2;18.75
4853;pms5003;3628;6.559;3.386;2025-10-11T18:20:12.979804+00:00;P1;19.25
4853;pms5003;3628;6.559;3.386;2025-10-11T18:20:12.979804+00:00;P0;10.75
4853;pms5003;3628;6.559;3.386;2025-10-11T18:25:36.825806+00:00;P2;16.60
4853;pms5003;3628;6.559;3.386;2025-10-11T18:25:36.825806+00:00;P1;21.80
4853;pms5003;3628;6.559;3.386;2025-10-11T18:25:36.825806+00:00;P0;11.80
4854;DHT22;3628;6.559;3.386;2025-10-11T18:25:54.163704+00:00;humidity;81.70
4854;DHT22;3628;6.559;3.386;2025-10-11T18:25:54.163704+00:00;temperature;29.70
4853;pms5003;3628;6.559;3.386;2025-10-11T18:36:24.652270+00:00;P2;18.50
4853;pms5003;3628;6.559;3.386;2025-10-11T18:36:24.652270+00:00;P1;18.50
4853;pms5003;3628;6.559;3.386;2025-10-11T18:36:24.652270+00:00;P0;12.25
4853;pms5003;3628;6.559;3.386;2025-10-11T18:41:48.537756+00:00;P2;21.80
4853;pms5003;3628;6.559;3.386;2025-10-11T18:41:48.537756+00:00;P1;33.60
4853;pms5003;3628;6.559;3.386;2025-10-11T18:41:48.537756+00:00;P0;13.20
4854;DHT22;3628;6.559;3.386;2025-10-11T18:42:05.695024+00:00;humidity;83.90
4854;DHT22;3628;6.559;3.386;2025-10-11T18:42:05.695024+00:00;temperature;29.40
4853;pms5003;3628;6.559;3.386;2025-10-11T18:47:22.975501+00:00;P2;30.00
4853;pms5003;3628;6.559;3.386;2025-10-11T18:47:22.975501+00:00;P1;35.00
4853;pms5003;3628;6.559;3.386;2025-10-11T18:47:22.975501+00:00;P0;20.00
4854;DHT22;3628;6.559;3.386;2025-10-11T18:47:40.548947+00:00;humidity;84.50
4854;DHT22;3628;6.559;3.386;2025-10-11T18:47:40.548947+00:00;temperature;29.40
4853;pms5003;3628;6.559;3.386;2025-10-11T18:52:57.765815+00:00;P2;27.25
4853;pms5003;3628;6.559;3.386;2025-10-11T18:52:57.765815+00:00;P1;30.50
4853;pms5003;3628;6.559;3.386;2025-10-11T18:52:57.765815+00:00;P0;16.25
4854;DHT22;3628;6.559;3.386;2025-10-11T18:53:15.237492+00:00;humidity;84.30
4854;DHT22;3628;6.559;3.386;2025-10-11T18:53:15.237492+00:00;temperature;29.50
4853;pms5003;3628;6.559;3.386;2025-10-11T18:58:32.435847+00:00;P2;30.00
4853;pms5003;3628;6.559;3.386;2025-10-11T18:58:32.435847+00:00;P1;42.33
4853;pms5003;3628;6.559;3.386;2025-10-11T18:58:32.435847+00:00;P0;17.67
4854;DHT22;3628;6.559;3.386;2025-10-11T18:58:49.877770+00:00;humidity;84.20
4854;DHT22;3628;6.559;3.386;2025-10-11T18:58:49.877770+00:00;temperature;29.40
4853;pms5003;3628;6.559;3.386;2025-10-11T19:04:07.020952+00:00;P2;33.00
4853;pms5003;3628;6.559;3.386;2025-10-11T19:04:07.020952+00:00;P1;37.75
4853;pms5003;3628;6.559;3.386;2025-10-11T19:04:07.020952+00:00;P0;22.00
4854;DHT22;3628;6.559;3.386;2025-10-11T19:04:24.606974+00:00;humidity;84.40
4854;DHT22;3628;6.559;3.386;2025-10-11T19:04:24.606974+00:00;temperature;29.50
4853;pms5003;3628;6.559;3.386;2025-10-11T19:09:42.388118+00:00;P2;35.75
4853;pms5003;3628;6.559;3.386;2025-10-11T19:09:42.388118+00:00;P1;50.00
4853;pms5003;3628;6.559;3.386;2025-10-11T19:09:42.388118+00:00;P0;22.25
4854;DHT22;3628;6.559;3.386;2025-10-11T19:09:59.293921+00:00;humidity;84.50
4854;DHT22;3628;6.559;3.386;2025-10-11T19:09:59.293921+00:00;temperature;29.40
4853;pms5003;3628;6.559;3.386;2025-10-11T19:15:16.570549+00:00;P2;32.00
4853;pms5003;3628;6.559;3.386;2025-10-11T19:15:16.570549+00:00;P1;40.40
4853;pms5003;3628;6.559;3.386;2025-10-11T19:15:16.570549+00:00;P0;20.00
4854;DHT22;3628;6.559;3.386;2025-10-11T19:15:34.236086+00:00;humidity;85.00
4854;DHT22;3628;6.559;3.386;2025-10-11T19:15:34.236086+00:00;temperature;29.40
4853;pms5003;3628;6.559;3.386;2025-10-11T19:26:07.696777+00:00;P2;22.50
4853;pms5003;3628;6.559;3.386;2025-10-11T19:26:07.696777+00:00;P1;31.50
4853;pms5003;3628;6.559;3.386;2025-10-11T19:26:07.696777+00:00;P0;13.00
4854;DHT22;3628;6.559;3.386;2025-10-11T19:26:25.161875+00:00;humidity;84.00
4854;DHT22;3628;6.559;3.386;2025-10-11T19:26:25.161875+00:00;temperature;29.30
4853;pms5003;3628;6.559;3.386;2025-10-11T19:37:16.950359+00:00;P2;19.50
4853;pms5003;3628;6.559;3.386;2025-10-11T19:37:16.950359+00:00;P1;21.00
4853;pms5003;3628;6.559;3.386;2025-10-11T19:37:16.950359+00:00;P0;13.25
4854;DHT22;3628;6.559;3.386;2025-10-11T19:37:34.280044+00:00;humidity;84.40
4854;DHT22;3628;6.559;3.386;2025-10-11T19:37:34.280044+00:00;temperature;29.30
4853;pms5003;3628;6.559;3.386;2025-10-11T19:42:51.552791+00:00;P2;19.25
4853;pms5003;3628;6.559;3.386;2025-10-11T19:42:51.552791+00:00;P1;20.00
4853;pms5003;3628;6.559;3.386;2025-10-11T19:42:51.552791+00:00;P0;13.75
4854;DHT22;3628;6.559;3.386;2025-10-11T19:43:08.908206+00:00;humidity;84.00
4854;DHT22;3628;6.559;3.386;2025-10-11T19:43:08.908206+00:00;temperature;29.30
4853;pms5003;3628;6.559;3.386;2025-10-11T19:48:26.142715+00:00;P2;18.25
4853;pms5003;3628;6.559;3.386;2025-10-11T19:48:26.142715+00:00;P1;31.50
4853;pms5003;3628;6.559;3.386;2025-10-11T19:48:26.142715+00:00;P0;12.00
4853;pms5003;3628;6.559;3.386;2025-10-11T19:53:50.419784+00:00;P2;13.00
4853;pms5003;3628;6.559;3.386;2025-10-11T19:53:50.419784+00:00;P1;23.25
4853;pms5003;3628;6.559;3.386;2025-10-11T19:53:50.419784+00:00;P0;9.25
4854;DHT22;3628;6.559;3.386;2025-10-11T19:54:07.749179+00:00;humidity;83.80
4854;DHT22;3628;6.559;3.386;2025-10-11T19:54:07.749179+00:00;temperature;29.20
4853;pms5003;3628;6.559;3.386;2025-10-11T19:59:25.297687+00:00;P2;16.00
4853;pms5003;3628;6.559;3.386;2025-10-11T19:59:25.297687+00:00;P1;22.00
4853;pms5003;3628;6.559;3.386;2025-10-11T19:59:25.297687+00:00;P0;9.40
4854;DHT22;3628;6.559;3.386;2025-10-11T19:59:42.836538+00:00;humidity;83.40
4854;DHT22;3628;6.559;3.386;2025-10-11T19:59:42.836538+00:00;temperature;29.20
4853;pms5003;3628;6.559;3.386;2025-10-11T20:05:00.249033+00:00;P2;19.00
4853;pms5003;3628;6.559;3.386;2025-10-11T20:05:00.249033+00:00;P1;22.40
4853;pms5003;3628;6.559;3.386;2025-10-11T20:05:00.249033+00:00;P0;12.60
4854;DHT22;3628;6.559;3.386;2025-10-11T20:05:17.467876+00:00;humidity;83.60
4854;DHT22;3628;6.559;3.386;2025-10-11T20:05:17.467876+00:00;temperature;29.20
4854;DHT22;3628;6.559;3.386;2025-10-11T20:10:44.209325+00:00;humidity;83.60
4854;DHT22;3628;6.559;3.386;2025-10-11T20:10:44.209325+00:00;temperature;29.20
4853;pms5003;3628;6.559;3.386;2025-10-11T20:16:01.497493+00:00;P2;33.00
4853;pms5003;3628;6.559;3.386;2025-10-11T20:16:01.497493+00:00;P1;41.75
4853;pms5003;3628;6.559;3.386;2025-10-11T20:16:01.497493+00:00;P0;21.00
4853;pms5003;3628;6.559;3.386;2025-10-11T20:21:25.752112+00:00;P2;27.60
4853;pms5003;3628;6.559;3.386;2025-10-11T20:21:25.752112+00:00;P1;38.60
4853;pms5003;3628;6.559;3.386;2025-10-11T20:21:25.752112+00:00;P0;19.00
4854;DHT22;3628;6.559;3.386;2025-10-11T20:21:43.107650+00:00;humidity;84.60
4854;DHT22;3628;6.559;3.386;2025-10-11T20:21:43.107650+00:00;temperature;29.10
4853;pms5003;3628;6.559;3.386;2025-10-11T20:27:00.579081+00:00;P2;32.75
4853;pms5003;3628;6.559;3.386;2025-10-11T20:27:00.579081+00:00;P1;44.75
4853;pms5003;3628;6.559;3.386;2025-10-11T20:27:00.579081+00:00;P0;21.00
4854;DHT22;3628;6.559;3.386;2025-10-11T20:27:17.843744+00:00;humidity;84.80
4854;DHT22;3628;6.559;3.386;2025-10-11T20:27:17.843744+00:00;temperature;29.10
4853;pms5003;3628;6.559;3.386;2025-10-11T20:32:35.013961+00:00;P2;25.40
4853;pms5003;3628;6.559;3.386;2025-10-11T20:32:35.013961+00:00;P1;34.00
4853;pms5003;3628;6.559;3.386;2025-10-11T20:32:35.013961+00:00;P0;17.60
4854;DHT22;3628;6.559;3.386;2025-10-11T20:32:52.507576+00:00;humidity;85.10
4854;DHT22;3628;6.559;3.386;2025-10-11T20:32:52.507576+00:00;temperature;29.00
4853;pms5003;3628;6.559;3.386;2025-10-11T20:38:09.746038+00:00;P2;28.00
4853;pms5003;3628;6.559;3.386;2025-10-11T20:38:09.746038+00:00;P1;30.40
4853;pms5003;3628;6.559;3.386;2025-10-11T20:38:09.746038+00:00;P0;19.00
4854;DHT22;3628;6.559;3.386;2025-10-11T20:43:50.981576+00:00;humidity;85.30
4854;DHT22;3628;6.559;3.386;2025-10-11T20:43:50.981576+00:00;temperature;29.00
4854;DHT22;3628;6.559;3.386;2025-10-11T20:49:25.649769+00:00;humidity;85.70
4854;DHT22;3628;6.559;3.386;2025-10-11T20:49:25.649769+00:00;temperature;28.90
4853;pms5003;3628;6.559;3.386;2025-10-11T20:54:42.978826+00:00;P2;24.75
4853;pms5003;3628;6.559;3.386;2025-10-11T20:54:42.978826+00:00;P1;29.25
4853;pms5003;3628;6.559;3.386;2025-10-11T20:54:42.978826+00:00;P0;16.00
4854;DHT22;3628;6.559;3.386;2025-10-11T20:55:00.370828+00:00;humidity;85.70
4854;DHT22;3628;6.559;3.386;2025-10-11T20:55:00.370828+00:00;temperature;28.90
4853;pms5003;3628;6.559;3.386;2025-10-11T21:00:17.608632+00:00;P2;27.00
4853;pms5003;3628;6.559;3.386;2025-10-11T21:00:17.608632+00:00;P1;38.50
4853;pms5003;3628;6.559;3.386;2025-10-11T21:00:17.608632+00:00;P0;16.00
4853;pms5003;3628;6.559;3.386;2025-10-11T21:05:41.413611+00:00;P2;27.00
4853;pms5003;3628;6.559;3.386;2025-10-11T21:05:41.413611+00:00;P1;31.50
4853;pms5003;3628;6.559;3.386;2025-10-11T21:05:41.413611+00:00;P0;16.50
4854;DHT22;3628;6.559;3.386;2025-10-11T21:05:59.044981+00:00;humidity;85.90
4854;DHT22;3628;6.559;3.386;2025-10-11T21:05:59.044981+00:00;temperature;28.90
4853;pms5003;3628;6.559;3.386;2025-10-11T21:11:16.204272+00:00;P2;27.75
4853;pms5003;3628;6.559;3.386;2025-10-11T21:11:16.204272+00:00;P1;31.75
4853;pms5003;3628;6.559;3.386;2025-10-11T21:11:16.204272+00:00;P0;18.75
4854;DHT22;3628;6.559;3.386;2025-10-11T21:11:33.557514+00:00;humidity;86.00
4854;DHT22;3628;6.559;3.386;2025-10-11T21:11:33.557514+00:00;temperature;28.90
4853;pms5003;3628;6.559;3.386;2025-10-11T21:16:50.854908+00:00;P2;30.75
4853;pms5003;3628;6.559;3.386;2025-10-11T21:16:50.854908+00:00;P1;47.00
4853;pms5003;3628;6.559;3.386;2025-10-11T21:16:50.854908+00:00;P0;20.75
4854;DHT22;3628;6.559;3.386;2025-10-11T21:17:08.219495+00:00;humidity;86.00
4854;DHT22;3628;6.559;3.386;2025-10-11T21:17:08.219495+00:00;temperature;29.00
4853;pms5003;3628;6.559;3.386;2025-10-11T21:22:25.517983+00:00;P2;28.60
4853;pms5003;3628;6.559;3.386;2025-10-11T21:22:25.517983+00:00;P1;31.60
4853;pms5003;3628;6.559;3.386;2025-10-11T21:22:25.517983+00:00;P0;19.60
4854;DHT22;3628;6.559;3.386;2025-10-11T21:22:43.111008+00:00;humidity;86.20
4854;DHT22;3628;6.559;3.386;2025-10-11T21:22:43.111008+00:00;temperature;28.90
4853;pms5003;3628;6.559;3.386;2025-10-11T21:28:00.475864+00:00;P2;33.00
4853;pms5003;3628;6.559;3.386;2025-10-11T21:28:00.475864+00:00;P1;43.50
4853;pms5003;3628;6.559;3.386;2025-10-11T21:28:00.475864+00:00;P0;21.50
4854;DHT22;3628;6.559;3.386;2025-10-11T21:28:17.828658+00:00;humidity;86.20
4854;DHT22;3628;6.559;3.386;2025-10-11T21:28:17.828658+00:00;temperature;29.00
4853;pms5003;3628;6.559;3.386;2025-10-11T21:33:35.085561+00:00;P2;39.50
4853;pms5003;3628;6.559;3.386;2025-10-11T21:33:35.085561+00:00;P1;52.50
4853;pms5003;3628;6.559;3.386;2025-10-11T21:33:35.085561+00:00;P0;26.00
4853;pms5003;3628;6.559;3.386;2025-10-11T21:38:58.882933+00:00;P2;38.75
4853;pms5003;3628;6.559;3.386;2025-10-11T21:38:58.882933+00:00;P1;54.75
4853;pms5003;3628;6.559;3.386;2025-10-11T21:38:58.882933+00:00;P0;24.75
4854;DHT22;3628;6.559;3.386;2025-10-11T21:39:16.439872+00:00;humidity;86.70
4854;DHT22;3628;6.559;3.386;2025-10-11T21:39:16.439872+00:00;temperature;28.90
4853;pms5003;3628;6.559;3.386;2025-10-11T21:44:33.635897+00:00;P2;32.00
4853;pms5003;3628;6.559;3.386;2025-10-11T21:44:33.635897+00:00;P1;45.80
4853;pms5003;3628;6.559;3.386;2025-10-11T21:44:33.635897+00:00;P0;21.80
4854;DHT22;3628;6.559;3.386;2025-10-11T21:44:50.947021+00:00;humidity;86.50
4854;DHT22;3628;6.559;3.386;2025-10-11T21:44:50.947021+00:00;temperature;29.00
4854;DHT22;3628;6.559;3.386;2025-10-11T21:50:17.763479+00:00;humidity;86.50
4854;DHT22;3628;6.559;3.386;2025-10-11T21:50:17.763479+00:00;temperature;29.00
4853;pms5003;3628;6.559;3.386;2025-10-11T21:55:35.001815+00:00;P2;29.33
4853;pms5003;3628;6.559;3.386;2025-10-11T21:55:35.001815+00:00;P1;39.00
4853;pms5003;3628;6.559;3.386;2025-10-11T21:55:35.001815+00:00;P0;18.67
4854;DHT22;3628;6.559;3.386;2025-10-11T21:55:52.374908+00:00;humidity;86.50
4854;DHT22;3628;6.559;3.386;2025-10-11T21:55:52.374908+00:00;temperature;28.90
4853;pms5003;3628;6.559;3.386;2025-10-11T22:01:09.731369+00:00;P2;26.00
4853;pms5003;3628;6.559;3.386;2025-10-11T22:01:09.731369+00:00;P1;39.00
4853;pms5003;3628;6.559;3.386;2025-10-11T22:01:09.731369+00:00;P0;18.00
4854;DHT22;3628;6.559;3.386;2025-10-11T22:01:27.133280+00:00;humidity;86.50
4854;DHT22;3628;6.559;3.386;2025-10-11T22:01:27.133280+00:00;temperature;28.90
4854;DHT22;3628;6.559;3.386;2025-10-11T22:06:51.713907+00:00;humidity;86.50
4854;DHT22;3628;6.559;3.386;2025-10-11T22:06:51.713907+00:00;temperature;28.90
4853;pms5003;3628;6.559;3.386;2025-10-11T22:12:08.416851+00:00;P2;25.20
4853;pms5003;3628;6.559;3.386;2025-10-11T22:12:08.416851+00:00;P1;35.20
4853;pms5003;3628;6.559;3.386;2025-10-11T22:12:08.416851+00:00;P0;18.40
4854;DHT22;3628;6.559;3.386;2025-10-11T22:17:49.758088+00:00;humidity;86.90
4854;DHT22;3628;6.559;3.386;2025-10-11T22:17:49.758088+00:00;temperature;28.80
4854;DHT22;3628;6.559;3.386;2025-10-11T22:23:17.100272+00:00;humidity;87.10
4854;DHT22;3628;6.559;3.386;2025-10-11T22:23:17.100272+00:00;temperature;28.70
4854;DHT22;3628;6.559;3.386;2025-10-11T22:28:51.655964+00:00;humidity;87.10
4854;DHT22;3628;6.559;3.386;2025-10-11T22:28:51.655964+00:00;temperature;28.80
4853;pms5003;3628;6.559;3.386;2025-10-11T22:34:08.864308+00:00;P2;29.75
4853;pms5003;3628;6.559;3.386;2025-10-11T22:34:08.864308+00:00;P1;41.75
4853;pms5003;3628;6.559;3.386;2025-10-11T22:34:08.864308+00:00;P0;19.75
4854;DHT22;3628;6.559;3.386;2025-10-11T22:34:26.382179+00:00;humidity;87.50
4854;DHT22;3628;6.559;3.386;2025-10-11T22:34:26.382179+00:00;temperature;28.70
4853;pms5003;3628;6.559;3.386;2025-10-11T22:39:43.573886+00:00;P2;29.50
4853;pms5003;3628;6.559;3.386;2025-10-11T22:39:43.573886+00:00;P1;31.00
4853;pms5003;3628;6.559;3.386;2025-10-11T22:39:43.573886+00:00;P0;20.50
4853;pms5003;3628;6.559;3.386;2025-10-11T22:45:07.297499+00:00;P2;32.00
4853;pms5003;3628;6.559;3.386;2025-10-11T22:45:07.297499+00:00;P1;43.50
4853;pms5003;3628;6.559;3.386;2025-10-11T22:45:07.297499+00:00;P0;21.50
4854;DHT22;3628;6.559;3.386;2025-10-11T22:45:24.842610+00:00;humidity;87.90
4854;DHT22;3628;6.559;3.386;2025-10-11T22:45:24.842610+00:00;temperature;28.60
4853;pms5003;3628;6.559;3.386;2025-10-11T22:50:42.069876+00:00;P2;30.00
4853;pms5003;3628;6.559;3.386;2025-10-11T22:50:42.069876+00:00;P1;30.00
4853;pms5003;3628;6.559;3.386;2025-10-11T22:50:42.069876+00:00;P0;21.00
4854;DHT22;3628;6.559;3.386;2025-10-11T22:50:59.775346+00:00;humidity;88.00
4854;DHT22;3628;6.559;3.386;2025-10-11T22:50:59.775346+00:00;temperature;28.60
4853;pms5003;3628;6.559;3.386;2025-10-11T22:56:16.824989+00:00;P2;29.67
4853;pms5003;3628;6.559;3.386;2025-10-11T22:56:16.824989+00:00;P1;39.33
4853;pms5003;3628;6.559;3.386;2025-10-11T22:56:16.824989+00:00;P0;19.00
4854;DHT22;3628;6.559;3.386;2025-10-11T23:01:58.023331+00:00;humidity;88.50
4854;DHT22;3628;6.559;3.386;2025-10-11T23:01:58.023331+00:00;temperature;28.50
4853;pms5003;3628;6.559;3.386;2025-10-11T23:07:15.247834+00:00;P2;32.00
4853;pms5003;3628;6.559;3.386;2025-10-11T23:07:15.247834+00:00;P1;42.75
4853;pms5003;3628;6.559;3.386;2025-10-11T23:07:15.247834+00:00;P0;20.00
4854;DHT22;3628;6.559;3.386;2025-10-11T23:07:32.566403+00:00;humidity;88.40
4854;DHT22;3628;6.559;3.386;2025-10-11T23:07:32.566403+00:00;temperature;28.60
4853;pms5003;3628;6.559;3.386;2025-10-11T23:12:49.775541+00:00;P2;36.50
4853;pms5003;3628;6.559;3.386;2025-10-11T23:12:49.775541+00:00;P1;49.50
4853;pms5003;3628;6.559;3.386;2025-10-11T23:12:49.775541+00:00;P0;22.00
4854;DHT22;3628;6.559;3.386;2025-10-11T23:13:07.136250+00:00;humidity;88.30
4854;DHT22;3628;6.559;3.386;2025-10-11T23:13:07.136250+00:00;temperature;28.60
4853;pms5003;3628;6.559;3.386;2025-10-11T23:18:24.590995+00:00;P2;43.25
4853;pms5003;3628;6.559;3.386;2025-10-11T23:18:24.590995+00:00;P1;56.75
4853;pms5003;3628;6.559;3.386;2025-10-11T23:18:24.590995+00:00;P0;27.00
4854;DHT22;3628;6.559;3.386;2025-10-11T23:18:41.928979+00:00;humidity;88.20
4854;DHT22;3628;6.559;3.386;2025-10-11T23:18:41.928979+00:00;temperature;28.70
4853;pms5003;3628;6.559;3.386;2025-10-11T23:23:59.233602+00:00;P2;46.75
4853;pms5003;3628;6.559;3.386;2025-10-11T23:23:59.233602+00:00;P1;62.75
4853;pms5003;3628;6.559;3.386;2025-10-11T23:23:59.233602+00:00;P0;28.25
4854;DHT22;3628;6.559;3.386;2025-10-11T23:24:16.582056+00:00;humidity;87.90
4854;DHT22;3628;6.559;3.386;2025-10-11T23:24:16.582056+00:00;temperature;28.70
4853;pms5003;3628;6.559;3.386;2025-10-11T23:29:33.821717+00:00;P2;53.60
4853;pms5003;3628;6.559;3.386;2025-10-11T23:29:33.821717+00:00;P1;77.40
4853;pms5003;3628;6.559;3.386;2025-10-11T23:29:33.821717+00:00;P0;34.00
4854;DHT22;3628;6.559;3.386;2025-10-11T23:29:51.175997+00:00;humidity;87.80
4854;DHT22;3628;6.559;3.386;2025-10-11T23:29:51.175997+00:00;temperature;28.70
4853;pms5003;3628;6.559;3.386;2025-10-11T23:35:08.372559+00:00;P2;52.00
4853;pms5003;3628;6.559;3.386;2025-10-11T23:35:08.372559+00:00;P1;71.75
4853;pms5003;3628;6.559;3.386;2025-10-11T23:35:08.372559+00:00;P0;32.00
4854;DHT22;3628;6.559;3.386;2025-10-11T23:35:25.757128+00:00;humidity;87.90
4854;DHT22;3628;6.559;3.386;2025-10-11T23:35:25.757128+00:00;temperature;28.70
4853;pms5003;3628;6.559;3.386;2025-10-11T23:40:42.932041+00:00;P2;47.25
4853;pms5003;3628;6.559;3.386;2025-10-11T23:40:42.932041+00:00;P1;63.00
4853;pms5003;3628;6.559;3.386;2025-10-11T23:40:42.932041+00:00;P0;30.00
4854;DHT22;3628;6.559;3.386;2025-10-11T23:41:00.296821+00:00;humidity;87.50
4854;DHT22;3628;6.559;3.386;2025-10-11T23:41:00.296821+00:00;temperature;28.70
4853;pms5003;3628;6.559;3.386;2025-10-11T23:46:17.574645+00:00;P2;44.50
4853;pms5003;3628;6.559;3.386;2025-10-11T23:46:17.574645+00:00;P1;65.00
4853;pms5003;3628;6.559;3.386;2025-10-11T23:46:17.574645+00:00;P0;27.75
4853;pms5003;3628;6.559;3.386;2025-10-12T08:51:53.824582+00:00;P2;18.25
4853;pms5003;3628;6.559;3.386;2025-10-12T08:51:53.824582+00:00;P1;20.25
4853;pms5003;3628;6.559;3.386;2025-10-12T08:51:53.824582+00:00;P0;11.00
4853;pms5003;3628;6.559;3.386;2025-10-13T11:57:07.305313+00:00;P2;6.00
4853;pms5003;3628;6.559;3.386;2025-10-13T11:57:07.305313+00:00;P1;6.00
4853;pms5003;3628;6.559;3.386;2025-10-13T11:57:07.305313+00:00;P0;3.80
4853;pms5003;3628;6.559;3.386;2025-10-13T21:57:41.343020+00:00;P2;18.00
4853;pms5003;3628;6.559;3.386;2025-10-13T21:57:41.343020+00:00;P1;18.00
4853;pms5003;3628;6.559;3.386;2025-10-13T21:57:41.343020+00:00;P0;12.00
4853;pms5003;3628;6.559;3.386;2025-10-16T13:35:29.444992+00:00;P2;7.00
4853;pms5003;3628;6.559;3.386;2025-10-16T13:35:29.444992+00:00;P1;7.00
4853;pms5003;3628;6.559;3.386;2025-10-16T13:35:29.444992+00:00;P0;4.00
4853;pms5003;3628;6.559;3.386;2025-10-16T13:41:04.335243+00:00;P2;13.00
4853;pms5003;3628;6.559;3.386;2025-10-16T13:41:04.335243+00:00;P1;21.00
4853;pms5003;3628;6.559;3.386;2025-10-16T13:41:04.335243+00:00;P0;10.00
4853;pms5003;3628;6.559;3.386;2025-10-16T13:47:24.022266+00:00;P2;8.40
4853;pms5003;3628;6.559;3.386;2025-10-16T13:47:24.022266+00:00;P1;9.60
4853;pms5003;3628;6.559;3.386;2025-10-16T13:47:24.022266+00:00;P0;6.00
4854;DHT22;3628;6.559;3.386;2025-10-16T14:56:20.349759+00:00;humidity;60.90
4854;DHT22;3628;6.559;3.386;2025-10-16T14:56:20.349759+00:00;temperature;37.00
4854;DHT22;3628;6.559;3.386;2025-10-16T16:22:07.087455+00:00;humidity;64.90
4854;DHT22;3628;6.559;3.386;2025-10-16T16:22:07.087455+00:00;temperature;35.50
4853;pms5003;3628;6.559;3.386;2025-10-16T17:04:41.966576+00:00;P2;8.00
4853;pms5003;3628;6.559;3.386;2025-10-16T17:04:41.966576+00:00;P1;8.00
4853;pms5003;3628;6.559;3.386;2025-10-16T17:04:41.966576+00:00;P0;5.00
4853;pms5003;3628;6.559;3.386;2025-10-16T18:20:12.502905+00:00;P2;23.00
4853;pms5003;3628;6.559;3.386;2025-10-16T18:20:12.502905+00:00;P1;27.00
4853;pms5003;3628;6.559;3.386;2025-10-16T18:20:12.502905+00:00;P0;15.75
4854;DHT22;3628;6.559;3.386;2025-10-17T02:07:29.456082+00:00;humidity;91.50
4854;DHT22;3628;6.559;3.386;2025-10-17T02:07:29.456082+00:00;temperature;26.30
4854;DHT22;3628;6.559;3.386;2025-10-17T04:05:33.399297+00:00;humidity;90.90
4854;DHT22;3628;6.559;3.386;2025-10-17T04:05:33.399297+00:00;temperature;26.00
4853;pms5003;3628;6.559;3.386;2025-10-18T03:34:37.266526+00:00;P2;42.75
4853;pms5003;3628;6.559;3.386;2025-10-18T03:34:37.266526+00:00;P1;55.75
4853;pms5003;3628;6.559;3.386;2025-10-18T03:34:37.266526+00:00;P0;27.75
4853;pms5003;3628;6.559;3.386;2025-10-18T19:24:35.256757+00:00;P2;33.00
4853;pms5003;3628;6.559;3.386;2025-10-18T19:24:35.256757+00:00;P1;39.00
4853;pms5003;3628;6.559;3.386;2025-10-18T19:24:35.256757+00:00;P0;20.00
4854;DHT22;3628;6.559;3.386;2025-10-18T22:53:49.542110+00:00;humidity;83.50
