sensor_id;sensor_type;location;lat;lon;timestamp;value_type;value
4853;pms5003;3628;6.559;3.386;2026-01-01T05:59:01.477725+00:00;P2;50.67
4853;pms5003;3628;6.559;3.386;2026-01-01T05:59:01.477725+00:00;P1;66.67
4853;pms5003;3628;6.559;3.386;2026-01-01T05:59:01.477725+00:00;P0;33.33
4854;DHT22;3628;6.559;3.386;2026-01-01T05:59:18.846764+00:00;humidity;91.70
4854;DHT22;3628;6.559;3.386;2026-01-01T05:59:18.846764+00:00;temperature;28.20
4854;DHT22;3628;6.559;3.386;2026-01-01T09:20:30.357628+00:00;humidity;74.00
4854;DHT22;3628;6.559;3.386;2026-01-01T09:20:30.357628+00:00;temperature;34.80
4853;pms5003;3628;6.559;3.386;2026-01-01T09:25:47.562413+00:00;P2;37.50
4853;pms5003;3628;6.559;3.386;2026-01-01T09:25:47.562413+00:00;P1;50.50
4853;pms5003;3628;6.559;3.386;2026-01-01T09:25:47.562413+00:00;P0;26.00
4854;DHT22;3628;6.559;3.386;2026-01-01T09:26:04.936340+00:00;humidity;70.40
4854;DHT22;3628;6.559;3.386;2026-01-01T09:26:04.936340+00:00;temperature;36.30
4854;DHT22;3628;6.559;3.386;2026-01-01T09:55:39.570745+00:00;humidity;66.00
4854;DHT22;3628;6.559;3.386;2026-01-01T09:55:39.570745+00:00;temperature;37.90
4853;pms5003;3628;6.559;3.386;2026-01-01T10:21:19.047971+00:00;P2;44.50
4853;pms5003;3628;6.559;3.386;2026-01-01T10:21:19.047971+00:00;P1;55.50
4853;pms5003;3628;6.559;3.386;2026-01-01T10:21:19.047971+00:00;P0;29.00
4853;pms5003;3628;6.559;3.386;2026-01-01T10:26:36.217957+00:00;P2;42.25
4853;pms5003;3628;6.559;3.386;2026-01-01T10:26:36.217957+00:00;P1;51.00
4853;pms5003;3628;6.559;3.386;2026-01-01T10:26:36.217957+00:00;P0;28.00
4854;DHT22;3628;6.559;3.386;2026-01-01T10:26:53.140198+00:00;humidity;67.60
4854;DHT22;3628;6.559;3.386;2026-01-01T10:26:53.140198+00:00;temperature;37.00
4853;pms5003;3628;6.559;3.386;2026-01-01T10:32:10.357751+00:00;P2;41.25
4853;pms5003;3628;6.559;3.386;2026-01-01T10:32:10.357751+00:00;P1;54.50
4853;pms5003;3628;6.559;3.386;2026-01-01T10:32:10.357751+00:00;P0;27.00
4854;DHT22;3628;6.559;3.386;2026-01-01T10:32:27.770307+00:00;humidity;66.40
4854;DHT22;3628;6.559;3.386;2026-01-01T10:32:27.770307+00:00;temperature;37.20
4854;DHT22;3628;6.559;3.386;2026-01-01T10:44:38.607464+00:00;humidity;63.50
4854;DHT22;3628;6.559;3.386;2026-01-01T10:44:38.607464+00:00;temperature;37.80
4853;pms5003;3628;6.559;3.386;2026-01-01T10:49:55.835543+00:00;P2;46.00
4853;pms5003;3628;6.559;3.386;2026-01-01T10:49:55.835543+00:00;P1;60.75
4853;pms5003;3628;6.559;3.386;2026-01-01T10:49:55.835543+00:00;P0;29.75
4853;pms5003;3628;6.559;3.386;2026-01-01T10:55:19.613201+00:00;P2;41.33
4853;pms5003;3628;6.559;3.386;2026-01-01T10:55:19.613201+00:00;P1;56.33
4853;pms5003;3628;6.559;3.386;2026-01-01T10:55:19.613201+00:00;P0;28.00
4853;pms5003;3628;6.559;3.386;2026-01-01T11:53:24.230876+00:00;P2;32.50
4853;pms5003;3628;6.559;3.386;2026-01-01T11:53:24.230876+00:00;P1;37.25
4853;pms5003;3628;6.559;3.386;2026-01-01T11:53:24.230876+00:00;P0;21.75
4854;DHT22;3628;6.559;3.386;2026-01-01T11:53:41.680691+00:00;humidity;68.20
4854;DHT22;3628;6.559;3.386;2026-01-01T11:53:41.680691+00:00;temperature;36.00
4853;pms5003;3628;6.559;3.386;2026-01-01T11:58:58.876485+00:00;P2;29.75
4853;pms5003;3628;6.559;3.386;2026-01-01T11:58:58.876485+00:00;P1;35.00
4853;pms5003;3628;6.559;3.386;2026-01-01T11:58:58.876485+00:00;P0;21.00
4854;DHT22;3628;6.559;3.386;2026-01-01T11:59:16.276444+00:00;humidity;68.80
4854;DHT22;3628;6.559;3.386;2026-01-01T11:59:16.276444+00:00;temperature;35.80
4853;pms5003;3628;6.559;3.386;2026-01-01T12:04:33.485049+00:00;P2;30.00
4853;pms5003;3628;6.559;3.386;2026-01-01T12:04:33.485049+00:00;P1;38.00
4853;pms5003;3628;6.559;3.386;2026-01-01T12:04:33.485049+00:00;P0;20.00
4854;DHT22;3628;6.559;3.386;2026-01-01T12:04:50.816928+00:00;humidity;66.10
4854;DHT22;3628;6.559;3.386;2026-01-01T12:04:50.816928+00:00;temperature;36.90
4853;pms5003;3628;6.559;3.386;2026-01-01T12:10:08.037439+00:00;P2;29.50
4853;pms5003;3628;6.559;3.386;2026-01-01T12:10:08.037439+00:00;P1;43.75
4853;pms5003;3628;6.559;3.386;2026-01-01T12:10:08.037439+00:00;P0;19.50
4854;DHT22;3628;6.559;3.386;2026-01-01T12:10:25.530093+00:00;humidity;65.30
4854;DHT22;3628;6.559;3.386;2026-01-01T12:10:25.530093+00:00;temperature;37.10
4853;pms5003;3628;6.559;3.386;2026-01-01T12:19:49.493270+00:00;P2;31.20
4853;pms5003;3628;6.559;3.386;2026-01-01T12:19:49.493270+00:00;P1;39.00
4853;pms5003;3628;6.559;3.386;2026-01-01T12:19:49.493270+00:00;P0;21.20
4853;pms5003;3628;6.559;3.386;2026-01-01T12:25:13.255745+00:00;P2;30.00
4853;pms5003;3628;6.559;3.386;2026-01-01T12:25:13.255745+00:00;P1;35.00
4853;pms5003;3628;6.559;3.386;2026-01-01T12:25:13.255745+00:00;P0;20.50
4854;DHT22;3628;6.559;3.386;2026-01-01T12:25:30.652954+00:00;humidity;64.30
4854;DHT22;3628;6.559;3.386;2026-01-01T12:25:30.652954+00:00;temperature;37.40
4854;DHT22;3628;6.559;3.386;2026-01-01T12:36:08.018268+00:00;humidity;62.30
4854;DHT22;3628;6.559;3.386;2026-01-01T12:36:08.018268+00:00;temperature;38.40
4853;pms5003;3628;6.559;3.386;2026-01-01T12:57:25.272204+00:00;P2;30.00
4853;pms5003;3628;6.559;3.386;2026-01-01T12:57:25.272204+00:00;P1;38.50
4853;pms5003;3628;6.559;3.386;2026-01-01T12:57:25.272204+00:00;P0;20.00
4854;DHT22;3628;6.559;3.386;2026-01-01T12:57:42.655255+00:00;humidity;67.70
4854;DHT22;3628;6.559;3.386;2026-01-01T12:57:42.655255+00:00;temperature;36.40
4853;pms5003;3628;6.559;3.386;2026-01-01T13:02:59.913256+00:00;P2;30.00
4853;pms5003;3628;6.559;3.386;2026-01-01T13:02:59.913256+00:00;P1;31.60
4853;pms5003;3628;6.559;3.386;2026-01-01T13:02:59.913256+00:00;P0;21.00
4853;pms5003;3628;6.559;3.386;2026-01-01T13:09:57.628993+00:00;P2;30.00
4853;pms5003;3628;6.559;3.386;2026-01-01T13:09:57.628993+00:00;P1;30.00
4853;pms5003;3628;6.559;3.386;2026-01-01T13:09:57.628993+00:00;P0;20.00
4854;DHT22;3628;6.559;3.386;2026-01-01T13:14:08.207852+00:00;humidity;63.50
4854;DHT22;3628;6.559;3.386;2026-01-01T13:14:08.207852+00:00;temperature;38.20
4853;pms5003;3628;6.559;3.386;2026-01-01T13:19:25.448497+00:00;P2;29.00
4853;pms5003;3628;6.559;3.386;2026-01-01T13:19:25.448497+00:00;P1;33.50
4853;pms5003;3628;6.559;3.386;2026-01-01T13:19:25.448497+00:00;P0;20.50
4853;pms5003;3628;6.559;3.386;2026-01-01T13:25:00.186605+00:00;P2;30.00
4853;pms5003;3628;6.559;3.386;2026-01-01T13:25:00.186605+00:00;P1;31.00
4853;pms5003;3628;6.559;3.386;2026-01-01T13:25:00.186605+00:00;P0;20.00
4854;DHT22;3628;6.559;3.386;2026-01-01T13:25:17.426462+00:00;humidity;64.50
4854;DHT22;3628;6.559;3.386;2026-01-01T13:25:17.426462+00:00;temperature;37.30
4853;pms5003;3628;6.559;3.386;2026-01-01T13:30:34.609977+00:00;P2;26.75
4853;pms5003;3628;6.559;3.386;2026-01-01T13:30:34.609977+00:00;P1;28.75
4853;pms5003;3628;6.559;3.386;2026-01-01T13:30:34.609977+00:00;P0;17.75
4854;DHT22;3628;6.559;3.386;2026-01-01T13:30:52.035064+00:00;humidity;62.70
4854;DHT22;3628;6.559;3.386;2026-01-01T13:30:52.035064+00:00;temperature;38.00
4853;pms5003;3628;6.559;3.386;2026-01-01T13:36:09.191744+00:00;P2;30.00
4853;pms5003;3628;6.559;3.386;2026-01-01T13:36:09.191744+00:00;P1;42.50
4853;pms5003;3628;6.559;3.386;2026-01-01T13:36:09.191744+00:00;P0;20.00
4854;DHT22;3628;6.559;3.386;2026-01-01T13:36:26.581711+00:00;humidity;61.40
4854;DHT22;3628;6.559;3.386;2026-01-01T13:36:26.581711+00:00;temperature;38.40
4853;pms5003;3628;6.559;3.386;2026-01-01T13:41:43.741855+00:00;P2;26.75
4853;pms5003;3628;6.559;3.386;2026-01-01T13:41:43.741855+00:00;P1;29.75
4853;pms5003;3628;6.559;3.386;2026-01-01T13:41:43.741855+00:00;P0;19.25
4854;DHT22;3628;6.559;3.386;2026-01-01T13:47:14.457626+00:00;humidity;61.50
4854;DHT22;3628;6.559;3.386;2026-01-01T13:47:14.457626+00:00;temperature;38.40
4853;pms5003;3628;6.559;3.386;2026-01-01T13:53:38.937939+00:00;P2;25.00
4853;pms5003;3628;6.559;3.386;2026-01-01T13:53:38.937939+00:00;P1;37.50
4853;pms5003;3628;6.559;3.386;2026-01-01T13:53:38.937939+00:00;P0;18.50
4853;pms5003;3628;6.559;3.386;2026-01-01T13:57:58.717188+00:00;P2;29.25
4853;pms5003;3628;6.559;3.386;2026-01-01T13:57:58.717188+00:00;P1;42.75
4853;pms5003;3628;6.559;3.386;2026-01-01T13:57:58.717188+00:00;P0;19.50
4854;DHT22;3628;6.559;3.386;2026-01-01T14:03:32.097024+00:00;humidity;61.30
4854;DHT22;3628;6.559;3.386;2026-01-01T14:03:32.097024+00:00;temperature;38.40
4853;pms5003;3628;6.559;3.386;2026-01-01T14:09:23.363807+00:00;P2;29.40
4853;pms5003;3628;6.559;3.386;2026-01-01T14:09:23.363807+00:00;P1;37.60
4853;pms5003;3628;6.559;3.386;2026-01-01T14:09:23.363807+00:00;P0;20.00
4853;pms5003;3628;6.559;3.386;2026-01-01T14:14:13.483856+00:00;P2;29.00
4853;pms5003;3628;6.559;3.386;2026-01-01T14:14:13.483856+00:00;P1;38.25
4853;pms5003;3628;6.559;3.386;2026-01-01T14:14:13.483856+00:00;P0;20.00
4854;DHT22;3628;6.559;3.386;2026-01-01T14:16:35.011592+00:00;humidity;62.30
4854;DHT22;3628;6.559;3.386;2026-01-01T14:16:35.011592+00:00;temperature;38.30
4854;DHT22;3628;6.559;3.386;2026-01-01T14:51:41.741757+00:00;humidity;61.00
4854;DHT22;3628;6.559;3.386;2026-01-01T14:51:41.741757+00:00;temperature;38.10
4853;pms5003;3628;6.559;3.386;2026-01-01T14:56:59.020253+00:00;P2;26.67
4853;pms5003;3628;6.559;3.386;2026-01-01T14:56:59.020253+00:00;P1;29.00
4853;pms5003;3628;6.559;3.386;2026-01-01T14:56:59.020253+00:00;P0;17.00
4854;DHT22;3628;6.559;3.386;2026-01-01T14:57:16.379691+00:00;humidity;61.90
4854;DHT22;3628;6.559;3.386;2026-01-01T14:57:16.379691+00:00;temperature;38.10
4853;pms5003;3628;6.559;3.386;2026-01-01T15:02:33.562865+00:00;P2;20.50
4853;pms5003;3628;6.559;3.386;2026-01-01T15:02:33.562865+00:00;P1;23.50
4853;pms5003;3628;6.559;3.386;2026-01-01T15:02:33.562865+00:00;P0;15.75
4854;DHT22;3628;6.559;3.386;2026-01-01T15:02:50.914597+00:00;humidity;63.00
4854;DHT22;3628;6.559;3.386;2026-01-01T15:02:50.914597+00:00;temperature;37.70
4853;pms5003;3628;6.559;3.386;2026-01-01T15:08:08.078686+00:00;P2;22.00
4853;pms5003;3628;6.559;3.386;2026-01-01T15:08:08.078686+00:00;P1;33.60
4853;pms5003;3628;6.559;3.386;2026-01-01T15:08:08.078686+00:00;P0;15.60
4854;DHT22;3628;6.559;3.386;2026-01-01T15:08:25.415031+00:00;humidity;63.20
4854;DHT22;3628;6.559;3.386;2026-01-01T15:08:25.415031+00:00;temperature;37.80
4854;DHT22;3628;6.559;3.386;2026-01-01T15:13:49.129368+00:00;humidity;63.50
4854;DHT22;3628;6.559;3.386;2026-01-01T15:13:49.129368+00:00;temperature;37.30
4853;pms5003;3628;6.559;3.386;2026-01-01T15:19:06.472925+00:00;P2;26.00
4853;pms5003;3628;6.559;3.386;2026-01-01T15:19:06.472925+00:00;P1;27.00
4853;pms5003;3628;6.559;3.386;2026-01-01T15:19:06.472925+00:00;P0;18.00
4854;DHT22;3628;6.559;3.386;2026-01-01T15:19:23.805731+00:00;humidity;65.00
4854;DHT22;3628;6.559;3.386;2026-01-01T15:19:23.805731+00:00;temperature;36.90
4853;pms5003;3628;6.559;3.386;2026-01-01T15:24:41.044448+00:00;P2;24.00
4853;pms5003;3628;6.559;3.386;2026-01-01T15:24:41.044448+00:00;P1;24.00
4853;pms5003;3628;6.559;3.386;2026-01-01T15:24:41.044448+00:00;P0;15.00
4854;DHT22;3628;6.559;3.386;2026-01-01T15:24:58.489135+00:00;humidity;65.70
4854;DHT22;3628;6.559;3.386;2026-01-01T15:24:58.489135+00:00;temperature;36.70
4853;pms5003;3628;6.559;3.386;2026-01-01T15:30:15.599495+00:00;P2;23.20
4853;pms5003;3628;6.559;3.386;2026-01-01T15:30:15.599495+00:00;P1;24.80
4853;pms5003;3628;6.559;3.386;2026-01-01T15:30:15.599495+00:00;P0;15.80
4854;DHT22;3628;6.559;3.386;2026-01-01T15:30:33.056567+00:00;humidity;66.90
4854;DHT22;3628;6.559;3.386;2026-01-01T15:30:33.056567+00:00;temperature;36.00
4854;DHT22;3628;6.559;3.386;2026-01-01T15:41:10.685578+00:00;humidity;78.10
4854;DHT22;3628;6.559;3.386;2026-01-01T15:41:10.685578+00:00;temperature;33.10
4853;pms5003;3628;6.559;3.386;2026-01-01T15:47:19.900873+00:00;P2;33.00
4853;pms5003;3628;6.559;3.386;2026-01-01T15:47:19.900873+00:00;P1;35.75
4853;pms5003;3628;6.559;3.386;2026-01-01T15:47:19.900873+00:00;P0;22.00
4853;pms5003;3628;6.559;3.386;2026-01-01T15:51:52.079369+00:00;P2;23.00
4853;pms5003;3628;6.559;3.386;2026-01-01T15:51:52.079369+00:00;P1;25.00
4853;pms5003;3628;6.559;3.386;2026-01-01T15:51:52.079369+00:00;P0;16.00
4854;DHT22;3628;6.559;3.386;2026-01-01T15:57:22.808287+00:00;humidity;95.50
4854;DHT22;3628;6.559;3.386;2026-01-01T15:57:22.808287+00:00;temperature;26.50
4853;pms5003;3628;6.559;3.386;2026-01-01T16:08:39.455495+00:00;P2;31.50
4853;pms5003;3628;6.559;3.386;2026-01-01T16:08:39.455495+00:00;P1;33.00
4853;pms5003;3628;6.559;3.386;2026-01-01T16:08:39.455495+00:00;P0;22.00
4854;DHT22;3628;6.559;3.386;2026-01-01T16:19:10.490942+00:00;humidity;90.90
4854;DHT22;3628;6.559;3.386;2026-01-01T16:19:10.490942+00:00;temperature;28.90
4853;pms5003;3628;6.559;3.386;2026-01-01T16:24:27.738108+00:00;P2;31.00
4853;pms5003;3628;6.559;3.386;2026-01-01T16:24:27.738108+00:00;P1;37.33
4853;pms5003;3628;6.559;3.386;2026-01-01T16:24:27.738108+00:00;P0;20.00
4854;DHT22;3628;6.559;3.386;2026-01-01T16:24:45.071730+00:00;humidity;93.20
4854;DHT22;3628;6.559;3.386;2026-01-01T16:24:45.071730+00:00;temperature;29.30
4853;pms5003;3628;6.559;3.386;2026-01-01T16:30:02.368413+00:00;P2;31.00
4853;pms5003;3628;6.559;3.386;2026-01-01T16:30:02.368413+00:00;P1;34.80
4853;pms5003;3628;6.559;3.386;2026-01-01T16:30:02.368413+00:00;P0;20.00
4854;DHT22;3628;6.559;3.386;2026-01-01T16:30:19.608847+00:00;humidity;90.10
4854;DHT22;3628;6.559;3.386;2026-01-01T16:30:19.608847+00:00;temperature;29.90
4853;pms5003;3628;6.559;3.386;2026-01-01T16:36:00.784187+00:00;P2;31.50
4853;pms5003;3628;6.559;3.386;2026-01-01T16:36:00.784187+00:00;P1;38.50
4853;pms5003;3628;6.559;3.386;2026-01-01T16:36:00.784187+00:00;P0;20.25
4853;pms5003;3628;6.559;3.386;2026-01-01T16:41:01.157665+00:00;P2;30.75
4853;pms5003;3628;6.559;3.386;2026-01-01T16:41:01.157665+00:00;P1;33.50
4853;pms5003;3628;6.559;3.386;2026-01-01T16:41:01.157665+00:00;P0;21.25
4853;pms5003;3628;6.559;3.386;2026-01-01T16:46:25.368263+00:00;P2;28.25
4853;pms5003;3628;6.559;3.386;2026-01-01T16:46:25.368263+00:00;P1;40.75
4853;pms5003;3628;6.559;3.386;2026-01-01T16:46:25.368263+00:00;P0;18.00
4854;DHT22;3628;6.559;3.386;2026-01-01T16:46:42.692900+00:00;humidity;87.90
4854;DHT22;3628;6.559;3.386;2026-01-01T16:46:42.692900+00:00;temperature;31.20
4853;pms5003;3628;6.559;3.386;2026-01-01T16:51:59.884332+00:00;P2;30.50
4853;pms5003;3628;6.559;3.386;2026-01-01T16:51:59.884332+00:00;P1;44.00
4853;pms5003;3628;6.559;3.386;2026-01-01T16:51:59.884332+00:00;P0;20.50
4854;DHT22;3628;6.559;3.386;2026-01-01T16:52:17.233507+00:00;humidity;86.70
4854;DHT22;3628;6.559;3.386;2026-01-01T16:52:17.233507+00:00;temperature;31.50
4853;pms5003;3628;6.559;3.386;2026-01-01T16:57:34.436888+00:00;P2;29.00
4853;pms5003;3628;6.559;3.386;2026-01-01T16:57:34.436888+00:00;P1;29.00
4853;pms5003;3628;6.559;3.386;2026-01-01T16:57:34.436888+00:00;P0;20.00
4854;DHT22;3628;6.559;3.386;2026-01-01T16:57:51.779589+00:00;humidity;84.00
4854;DHT22;3628;6.559;3.386;2026-01-01T16:57:51.779589+00:00;temperature;31.80
4853;pms5003;3628;6.559;3.386;2026-01-01T17:08:22.092172+00:00;P2;30.00
4853;pms5003;3628;6.559;3.386;2026-01-01T17:08:22.092172+00:00;P1;33.60
4853;pms5003;3628;6.559;3.386;2026-01-01T17:08:22.092172+00:00;P0;20.00
4854;DHT22;3628;6.559;3.386;2026-01-01T17:08:39.445063+00:00;humidity;81.90
4854;DHT22;3628;6.559;3.386;2026-01-01T17:08:39.445063+00:00;temperature;32.30
4853;pms5003;3628;6.559;3.386;2026-01-01T17:15:14.498043+00:00;P2;30.75
4853;pms5003;3628;6.559;3.386;2026-01-01T17:15:14.498043+00:00;P1;33.75
4853;pms5003;3628;6.559;3.386;2026-01-01T17:15:14.498043+00:00;P0;20.00
4854;DHT22;3628;6.559;3.386;2026-01-01T17:19:38.173863+00:00;humidity;82.50
4854;DHT22;3628;6.559;3.386;2026-01-01T17:19:38.173863+00:00;temperature;32.20
4853;pms5003;3628;6.559;3.386;2026-01-01T17:24:55.435905+00:00;P2;27.40
4853;pms5003;3628;6.559;3.386;2026-01-01T17:24:55.435905+00:00;P1;27.40
4853;pms5003;3628;6.559;3.386;2026-01-01T17:24:55.435905+00:00;P0;19.00
4854;DHT22;3628;6.559;3.386;2026-01-01T17:25:12.745830+00:00;humidity;82.50
4854;DHT22;3628;6.559;3.386;2026-01-01T17:25:12.745830+00:00;temperature;32.30
4853;pms5003;3628;6.559;3.386;2026-01-01T17:30:30.043155+00:00;P2;30.50
4853;pms5003;3628;6.559;3.386;2026-01-01T17:30:30.043155+00:00;P1;37.75
4853;pms5003;3628;6.559;3.386;2026-01-01T17:30:30.043155+00:00;P0;20.00
4854;DHT22;3628;6.559;3.386;2026-01-01T17:30:47.362810+00:00;humidity;82.60
4854;DHT22;3628;6.559;3.386;2026-01-01T17:30:47.362810+00:00;temperature;32.20
4853;pms5003;3628;6.559;3.386;2026-01-01T17:36:04.545944+00:00;P2;29.40
4853;pms5003;3628;6.559;3.386;2026-01-01T17:36:04.545944+00:00;P1;36.00
4853;pms5003;3628;6.559;3.386;2026-01-01T17:36:04.545944+00:00;P0;19.00
4854;DHT22;3628;6.559;3.386;2026-01-01T17:36:21.912119+00:00;humidity;83.60
4854;DHT22;3628;6.559;3.386;2026-01-01T17:36:21.912119+00:00;temperature;32.00
4853;pms5003;3628;6.559;3.386;2026-01-01T17:41:39.135186+00:00;P2;26.50
4853;pms5003;3628;6.559;3.386;2026-01-01T17:41:39.135186+00:00;P1;34.50
4853;pms5003;3628;6.559;3.386;2026-01-01T17:41:39.135186+00:00;P0;17.50
4854;DHT22;3628;6.559;3.386;2026-01-01T17:52:47.797509+00:00;humidity;84.40
4854;DHT22;3628;6.559;3.386;2026-01-01T17:52:47.797509+00:00;temperature;31.80
4853;pms5003;3628;6.559;3.386;2026-01-01T18:03:17.926397+00:00;P2;31.00
4853;pms5003;3628;6.559;3.386;2026-01-01T18:03:17.926397+00:00;P1;36.00
4853;pms5003;3628;6.559;3.386;2026-01-01T18:03:17.926397+00:00;P0;20.50
4854;DHT22;3628;6.559;3.386;2026-01-01T18:03:35.258520+00:00;humidity;84.40
4854;DHT22;3628;6.559;3.386;2026-01-01T18:03:35.258520+00:00;temperature;31.70
4853;pms5003;3628;6.559;3.386;2026-01-01T18:08:52.624651+00:00;P2;28.80
4853;pms5003;3628;6.559;3.386;2026-01-01T18:08:52.624651+00:00;P1;29.80
4853;pms5003;3628;6.559;3.386;2026-01-01T18:08:52.624651+00:00;P0;17.80
4854;DHT22;3628;6.559;3.386;2026-01-01T18:09:09.854920+00:00;humidity;85.10
4854;DHT22;3628;6.559;3.386;2026-01-01T18:09:09.854920+00:00;temperature;31.60
4853;pms5003;3628;6.559;3.386;2026-01-01T18:14:26.973050+00:00;P2;26.50
4853;pms5003;3628;6.559;3.386;2026-01-01T18:14:26.973050+00:00;P1;26.50
4853;pms5003;3628;6.559;3.386;2026-01-01T18:14:26.973050+00:00;P0;18.50
4854;DHT22;3628;6.559;3.386;2026-01-01T18:14:47.288070+00:00;humidity;85.60
4854;DHT22;3628;6.559;3.386;2026-01-01T18:14:47.288070+00:00;temperature;31.50
4854;DHT22;3628;6.559;3.386;2026-01-01T18:20:11.200373+00:00;humidity;85.10
4854;DHT22;3628;6.559;3.386;2026-01-01T18:20:11.200373+00:00;temperature;31.40
4853;pms5003;3628;6.559;3.386;2026-01-01T18:25:28.447291+00:00;P2;28.75
4853;pms5003;3628;6.559;3.386;2026-01-01T18:25:28.447291+00:00;P1;37.00
4853;pms5003;3628;6.559;3.386;2026-01-01T18:25:28.447291+00:00;P0;18.75
4854;DHT22;3628;6.559;3.386;2026-01-01T18:25:45.819637+00:00;humidity;85.40
4854;DHT22;3628;6.559;3.386;2026-01-01T18:25:45.819637+00:00;temperature;31.40
4853;pms5003;3628;6.559;3.386;2026-01-01T18:31:03.002082+00:00;P2;31.60
4853;pms5003;3628;6.559;3.386;2026-01-01T18:31:03.002082+00:00;P1;34.60
4853;pms5003;3628;6.559;3.386;2026-01-01T18:31:03.002082+00:00;P0;20.00
4854;DHT22;3628;6.559;3.386;2026-01-01T18:31:20.335303+00:00;humidity;85.30
4854;DHT22;3628;6.559;3.386;2026-01-01T18:31:20.335303+00:00;temperature;31.50
4853;pms5003;3628;6.559;3.386;2026-01-01T18:51:09.873904+00:00;P2;28.60
4853;pms5003;3628;6.559;3.386;2026-01-01T18:51:09.873904+00:00;P1;29.00
4853;pms5003;3628;6.559;3.386;2026-01-01T18:51:09.873904+00:00;P0;20.00
4854;DHT22;3628;6.559;3.386;2026-01-01T18:51:27.057558+00:00;humidity;86.20
4854;DHT22;3628;6.559;3.386;2026-01-01T18:51:27.057558+00:00;temperature;31.50
4853;pms5003;3628;6.559;3.386;2026-01-01T18:56:44.222392+00:00;P2;32.50
4853;pms5003;3628;6.559;3.386;2026-01-01T18:56:44.222392+00:00;P1;45.25
4853;pms5003;3628;6.559;3.386;2026-01-01T18:56:44.222392+00:00;P0;20.75
4854;DHT22;3628;6.559;3.386;2026-01-01T18:57:07.163450+00:00;humidity;87.20
4854;DHT22;3628;6.559;3.386;2026-01-01T18:57:07.163450+00:00;temperature;31.30
4853;pms5003;3628;6.559;3.386;2026-01-01T19:02:21.486629+00:00;P2;30.00
4853;pms5003;3628;6.559;3.386;2026-01-01T19:02:21.486629+00:00;P1;33.00
4853;pms5003;3628;6.559;3.386;2026-01-01T19:02:21.486629+00:00;P0;20.00
4854;DHT22;3628;6.559;3.386;2026-01-01T19:02:41.879765+00:00;humidity;86.90
4854;DHT22;3628;6.559;3.386;2026-01-01T19:02:41.879765+00:00;temperature;31.40
4853;pms5003;3628;6.559;3.386;2026-01-01T19:08:38.225717+00:00;P2;28.40
4853;pms5003;3628;6.559;3.386;2026-01-01T19:08:38.225717+00:00;P1;30.80
4853;pms5003;3628;6.559;3.386;2026-01-01T19:08:38.225717+00:00;P0;19.00
4853;pms5003;3628;6.559;3.386;2026-01-01T19:13:36.077894+00:00;P2;49.00
4853;pms5003;3628;6.559;3.386;2026-01-01T19:13:36.077894+00:00;P1;63.25
4853;pms5003;3628;6.559;3.386;2026-01-01T19:13:36.077894+00:00;P0;34.00
4853;pms5003;3628;6.559;3.386;2026-01-01T19:24:12.626160+00:00;P2;30.20
4853;pms5003;3628;6.559;3.386;2026-01-01T19:24:12.626160+00:00;P1;33.60
4853;pms5003;3628;6.559;3.386;2026-01-01T19:24:12.626160+00:00;P0;20.00
4854;DHT22;3628;6.559;3.386;2026-01-01T19:30:07.539012+00:00;humidity;86.70
4854;DHT22;3628;6.559;3.386;2026-01-01T19:30:07.539012+00:00;temperature;31.40
4853;pms5003;3628;6.559;3.386;2026-01-01T19:40:54.708322+00:00;P2;31.25
4853;pms5003;3628;6.559;3.386;2026-01-01T19:40:54.708322+00:00;P1;37.25
4853;pms5003;3628;6.559;3.386;2026-01-01T19:40:54.708322+00:00;P0;20.00
4853;pms5003;3628;6.559;3.386;2026-01-01T19:46:18.460394+00:00;P2;30.00
4853;pms5003;3628;6.559;3.386;2026-01-01T19:46:18.460394+00:00;P1;31.80
4853;pms5003;3628;6.559;3.386;2026-01-01T19:46:18.460394+00:00;P0;20.00
4854;DHT22;3628;6.559;3.386;2026-01-01T20:02:18.409161+00:00;humidity;87.00
4854;DHT22;3628;6.559;3.386;2026-01-01T20:02:18.409161+00:00;temperature;31.20
4854;DHT22;3628;6.559;3.386;2026-01-01T20:07:52.463774+00:00;humidity;86.50
4854;DHT22;3628;6.559;3.386;2026-01-01T20:07:52.463774+00:00;temperature;31.30
4853;pms5003;3628;6.559;3.386;2026-01-01T20:13:55.932340+00:00;P2;32.00
4853;pms5003;3628;6.559;3.386;2026-01-01T20:13:55.932340+00:00;P1;33.00
4853;pms5003;3628;6.559;3.386;2026-01-01T20:13:55.932340+00:00;P0;20.00
4853;pms5003;3628;6.559;3.386;2026-01-01T20:18:33.800668+00:00;P2;29.00
4853;pms5003;3628;6.559;3.386;2026-01-01T20:18:33.800668+00:00;P1;34.40
4853;pms5003;3628;6.559;3.386;2026-01-01T20:18:33.800668+00:00;P0;19.00
4854;DHT22;3628;6.559;3.386;2026-01-01T20:18:51.046983+00:00;humidity;87.20
4854;DHT22;3628;6.559;3.386;2026-01-01T20:18:51.046983+00:00;temperature;31.20
4853;pms5003;3628;6.559;3.386;2026-01-01T20:24:08.404364+00:00;P2;30.00
4853;pms5003;3628;6.559;3.386;2026-01-01T20:24:08.404364+00:00;P1;40.50
4853;pms5003;3628;6.559;3.386;2026-01-01T20:24:08.404364+00:00;P0;20.00
4854;DHT22;3628;6.559;3.386;2026-01-01T20:24:25.743713+00:00;humidity;87.60
4854;DHT22;3628;6.559;3.386;2026-01-01T20:24:25.743713+00:00;temperature;31.10
4853;pms5003;3628;6.559;3.386;2026-01-01T20:29:42.934569+00:00;P2;30.00
4853;pms5003;3628;6.559;3.386;2026-01-01T20:29:42.934569+00:00;P1;46.25
4853;pms5003;3628;6.559;3.386;2026-01-01T20:29:42.934569+00:00;P0;20.00
4854;DHT22;3628;6.559;3.386;2026-01-01T20:30:00.400189+00:00;humidity;87.60
4854;DHT22;3628;6.559;3.386;2026-01-01T20:30:00.400189+00:00;temperature;31.10
4853;pms5003;3628;6.559;3.386;2026-01-01T20:35:20.446124+00:00;P2;33.25
4853;pms5003;3628;6.559;3.386;2026-01-01T20:35:20.446124+00:00;P1;39.25
4853;pms5003;3628;6.559;3.386;2026-01-01T20:35:20.446124+00:00;P0;20.00
4854;DHT22;3628;6.559;3.386;2026-01-01T20:35:37.720110+00:00;humidity;87.90
4854;DHT22;3628;6.559;3.386;2026-01-01T20:35:37.720110+00:00;temperature;31.10
4853;pms5003;3628;6.559;3.386;2026-01-01T20:40:55.169900+00:00;P2;33.00
4853;pms5003;3628;6.559;3.386;2026-01-01T20:40:55.169900+00:00;P1;44.50
4853;pms5003;3628;6.559;3.386;2026-01-01T20:40:55.169900+00:00;P0;20.50
4854;DHT22;3628;6.559;3.386;2026-01-01T20:41:12.628374+00:00;humidity;87.70
4854;DHT22;3628;6.559;3.386;2026-01-01T20:41:12.628374+00:00;temperature;31.20
4853;pms5003;3628;6.559;3.386;2026-01-01T20:46:29.921346+00:00;P2;31.00
4853;pms5003;3628;6.559;3.386;2026-01-01T20:46:29.921346+00:00;P1;32.00
4853;pms5003;3628;6.559;3.386;2026-01-01T20:46:29.921346+00:00;P0;20.00
4854;DHT22;3628;6.559;3.386;2026-01-01T20:46:47.873930+00:00;humidity;87.90
4854;DHT22;3628;6.559;3.386;2026-01-01T20:46:47.873930+00:00;temperature;31.20
4854;DHT22;3628;6.559;3.386;2026-01-01T20:57:45.984111+00:00;humidity;87.80
4854;DHT22;3628;6.559;3.386;2026-01-01T20:57:45.984111+00:00;temperature;31.20
4853;pms5003;3628;6.559;3.386;2026-01-01T21:03:03.255481+00:00;P2;32.00
4853;pms5003;3628;6.559;3.386;2026-01-01T21:03:03.255481+00:00;P1;36.00
4853;pms5003;3628;6.559;3.386;2026-01-01T21:03:03.255481+00:00;P0;20.00
4854;DHT22;3628;6.559;3.386;2026-01-01T21:03:20.540596+00:00;humidity;87.80
4854;DHT22;3628;6.559;3.386;2026-01-01T21:03:20.540596+00:00;temperature;31.10
4854;DHT22;3628;6.559;3.386;2026-01-01T21:08:47.218702+00:00;humidity;87.90
4854;DHT22;3628;6.559;3.386;2026-01-01T21:08:47.218702+00:00;temperature;31.10
4853;pms5003;3628;6.559;3.386;2026-01-01T21:14:04.426291+00:00;P2;29.33
4853;pms5003;3628;6.559;3.386;2026-01-01T21:14:04.426291+00:00;P1;30.00
4853;pms5003;3628;6.559;3.386;2026-01-01T21:14:04.426291+00:00;P0;19.67
4854;DHT22;3628;6.559;3.386;2026-01-01T21:14:21.799521+00:00;humidity;87.50
4854;DHT22;3628;6.559;3.386;2026-01-01T21:14:21.799521+00:00;temperature;31.20
4853;pms5003;3628;6.559;3.386;2026-01-01T21:19:39.082044+00:00;P2;29.80
4853;pms5003;3628;6.559;3.386;2026-01-01T21:19:39.082044+00:00;P1;35.00
4853;pms5003;3628;6.559;3.386;2026-01-01T21:19:39.082044+00:00;P0;19.80
4854;DHT22;3628;6.559;3.386;2026-01-01T21:19:56.462580+00:00;humidity;88.10
4854;DHT22;3628;6.559;3.386;2026-01-01T21:19:56.462580+00:00;temperature;31.10
4853;pms5003;3628;6.559;3.386;2026-01-01T21:25:13.635522+00:00;P2;32.00
4853;pms5003;3628;6.559;3.386;2026-01-01T21:25:13.635522+00:00;P1;40.75
4853;pms5003;3628;6.559;3.386;2026-01-01T21:25:13.635522+00:00;P0;21.25
4853;pms5003;3628;6.559;3.386;2026-01-01T21:30:51.194163+00:00;P2;31.25
4853;pms5003;3628;6.559;3.386;2026-01-01T21:30:51.194163+00:00;P1;37.50
4853;pms5003;3628;6.559;3.386;2026-01-01T21:30:51.194163+00:00;P0;21.00
4854;DHT22;3628;6.559;3.386;2026-01-01T21:31:08.591043+00:00;humidity;88.50
4854;DHT22;3628;6.559;3.386;2026-01-01T21:31:08.591043+00:00;temperature;31.10
4853;pms5003;3628;6.559;3.386;2026-01-01T21:36:25.811521+00:00;P2;35.00
4853;pms5003;3628;6.559;3.386;2026-01-01T21:36:25.811521+00:00;P1;48.00
4853;pms5003;3628;6.559;3.386;2026-01-01T21:36:25.811521+00:00;P0;22.00
4854;DHT22;3628;6.559;3.386;2026-01-01T21:36:43.168094+00:00;humidity;88.30
4854;DHT22;3628;6.559;3.386;2026-01-01T21:36:43.168094+00:00;temperature;31.20
4853;pms5003;3628;6.559;3.386;2026-01-01T21:47:13.410129+00:00;P2;30.00
4853;pms5003;3628;6.559;3.386;2026-01-01T21:47:13.410129+00:00;P1;31.40
4853;pms5003;3628;6.559;3.386;2026-01-01T21:47:13.410129+00:00;P0;21.00
4854;DHT22;3628;6.559;3.386;2026-01-01T21:47:33.661903+00:00;humidity;88.50
4854;DHT22;3628;6.559;3.386;2026-01-01T21:47:33.661903+00:00;temperature;31.20
4853;pms5003;3628;6.559;3.386;2026-01-01T21:52:50.973493+00:00;P2;32.00
4853;pms5003;3628;6.559;3.386;2026-01-01T21:52:50.973493+00:00;P1;33.80
4853;pms5003;3628;6.559;3.386;2026-01-01T21:52:50.973493+00:00;P0;21.80
4854;DHT22;3628;6.559;3.386;2026-01-01T21:53:08.449242+00:00;humidity;88.70
4854;DHT22;3628;6.559;3.386;2026-01-01T21:53:08.449242+00:00;temperature;31.10
4854;DHT22;3628;6.559;3.386;2026-01-01T21:58:32.144980+00:00;humidity;88.50
4854;DHT22;3628;6.559;3.386;2026-01-01T21:58:32.144980+00:00;temperature;31.10
4853;pms5003;3628;6.559;3.386;2026-01-01T22:03:49.445252+00:00;P2;31.60
4853;pms5003;3628;6.559;3.386;2026-01-01T22:03:49.445252+00:00;P1;35.60
4853;pms5003;3628;6.559;3.386;2026-01-01T22:03:49.445252+00:00;P0;20.00
4854;DHT22;3628;6.559;3.386;2026-01-01T22:04:06.859223+00:00;humidity;88.60
4854;DHT22;3628;6.559;3.386;2026-01-01T22:04:06.859223+00:00;temperature;31.20
4854;DHT22;3628;6.559;3.386;2026-01-01T22:09:31.628633+00:00;humidity;89.40
4854;DHT22;3628;6.559;3.386;2026-01-01T22:09:31.628633+00:00;temperature;31.00
4853;pms5003;3628;6.559;3.386;2026-01-01T22:14:48.365739+00:00;P2;31.80
4853;pms5003;3628;6.559;3.386;2026-01-01T22:14:48.365739+00:00;P1;34.80
4853;pms5003;3628;6.559;3.386;2026-01-01T22:14:48.365739+00:00;P0;20.20
4854;DHT22;3628;6.559;3.386;2026-01-01T22:15:05.784141+00:00;humidity;89.10
4854;DHT22;3628;6.559;3.386;2026-01-01T22:15:05.784141+00:00;temperature;31.10
4853;pms5003;3628;6.559;3.386;2026-01-01T22:20:34.644672+00:00;P2;30.50
4853;pms5003;3628;6.559;3.386;2026-01-01T22:20:34.644672+00:00;P1;45.50
4853;pms5003;3628;6.559;3.386;2026-01-01T22:20:34.644672+00:00;P0;20.50
4854;DHT22;3628;6.559;3.386;2026-01-01T22:27:30.743604+00:00;humidity;85.00
4854;DHT22;3628;6.559;3.386;2026-01-01T22:27:30.743604+00:00;temperature;30.80
4854;DHT22;3628;6.559;3.386;2026-01-01T22:31:20.950748+00:00;humidity;84.80
4854;DHT22;3628;6.559;3.386;2026-01-01T22:31:20.950748+00:00;temperature;30.60
4853;pms5003;3628;6.559;3.386;2026-01-01T22:36:38.201733+00:00;P2;34.40
4853;pms5003;3628;6.559;3.386;2026-01-01T22:36:38.201733+00:00;P1;48.00
4853;pms5003;3628;6.559;3.386;2026-01-01T22:36:38.201733+00:00;P0;21.60
4854;DHT22;3628;6.559;3.386;2026-01-01T22:36:55.615298+00:00;humidity;84.00
4854;DHT22;3628;6.559;3.386;2026-01-01T22:36:55.615298+00:00;temperature;30.40
4853;pms5003;3628;6.559;3.386;2026-01-01T22:43:57.514388+00:00;P2;38.00
4853;pms5003;3628;6.559;3.386;2026-01-01T22:43:57.514388+00:00;P1;51.40
4853;pms5003;3628;6.559;3.386;2026-01-01T22:43:57.514388+00:00;P0;24.00
4853;pms5003;3628;6.559;3.386;2026-01-01T22:47:37.122522+00:00;P2;33.00
4853;pms5003;3628;6.559;3.386;2026-01-01T22:47:37.122522+00:00;P1;42.50
4853;pms5003;3628;6.559;3.386;2026-01-01T22:47:37.122522+00:00;P0;22.00
4854;DHT22;3628;6.559;3.386;2026-01-01T22:47:54.413914+00:00;humidity;83.10
4854;DHT22;3628;6.559;3.386;2026-01-01T22:47:54.413914+00:00;temperature;30.00
4853;pms5003;3628;6.559;3.386;2026-01-02T05:56:29.751062+00:00;P2;41.25
4853;pms5003;3628;6.559;3.386;2026-01-02T05:56:29.751062+00:00;P1;51.25
4853;pms5003;3628;6.559;3.386;2026-01-02T05:56:29.751062+00:00;P0;26.50
4854;DHT22;3628;6.559;3.386;2026-01-02T06:02:21.769409+00:00;humidity;99.40
4854;DHT22;3628;6.559;3.386;2026-01-02T06:02:21.769409+00:00;temperature;29.30
4854;DHT22;3628;6.559;3.386;2026-01-02T06:07:45.526509+00:00;humidity;98.60
4854;DHT22;3628;6.559;3.386;2026-01-02T06:07:45.526509+00:00;temperature;29.40
4854;DHT22;3628;6.559;3.386;2026-01-02T11:05:01.048591+00:00;humidity;78.00
4854;DHT22;3628;6.559;3.386;2026-01-02T11:05:01.048591+00:00;temperature;34.10
4853;pms5003;3628;6.559;3.386;2026-01-02T11:10:18.250632+00:00;P2;43.00
4853;pms5003;3628;6.559;3.386;2026-01-02T11:10:18.250632+00:00;P1;52.50
4853;pms5003;3628;6.559;3.386;2026-01-02T11:10:18.250632+00:00;P0;28.00
4854;DHT22;3628;6.559;3.386;2026-01-02T11:10:35.604564+00:00;humidity;69.70
4854;DHT22;3628;6.559;3.386;2026-01-02T11:10:35.604564+00:00;temperature;36.90
4853;pms5003;3628;6.559;3.386;2026-01-02T11:15:52.819756+00:00;P2;31.50
4853;pms5003;3628;6.559;3.386;2026-01-02T11:15:52.819756+00:00;P1;44.75
4853;pms5003;3628;6.559;3.386;2026-01-02T11:15:52.819756+00:00;P0;21.50
4853;pms5003;3628;6.559;3.386;2026-01-02T11:21:16.746446+00:00;P2;33.00
4853;pms5003;3628;6.559;3.386;2026-01-02T11:21:16.746446+00:00;P1;35.60
4853;pms5003;3628;6.559;3.386;2026-01-02T11:21:16.746446+00:00;P0;22.00
4854;DHT22;3628;6.559;3.386;2026-01-02T11:21:34.131653+00:00;humidity;61.00
4854;DHT22;3628;6.559;3.386;2026-01-02T11:21:34.131653+00:00;temperature;39.70
4853;pms5003;3628;6.559;3.386;2026-01-02T11:26:51.360480+00:00;P2;33.50
4853;pms5003;3628;6.559;3.386;2026-01-02T11:26:51.360480+00:00;P1;43.00
4853;pms5003;3628;6.559;3.386;2026-01-02T11:26:51.360480+00:00;P0;23.00
4854;DHT22;3628;6.559;3.386;2026-01-02T11:27:08.861312+00:00;humidity;60.50
4854;DHT22;3628;6.559;3.386;2026-01-02T11:27:08.861312+00:00;temperature;39.20
4853;pms5003;3628;6.559;3.386;2026-01-02T11:32:26.065537+00:00;P2;35.00
4853;pms5003;3628;6.559;3.386;2026-01-02T11:32:26.065537+00:00;P1;47.50
4853;pms5003;3628;6.559;3.386;2026-01-02T11:32:26.065537+00:00;P0;24.00
4854;DHT22;3628;6.559;3.386;2026-01-02T11:32:43.486970+00:00;humidity;62.20
4854;DHT22;3628;6.559;3.386;2026-01-02T11:32:43.486970+00:00;temperature;38.40
4853;pms5003;3628;6.559;3.386;2026-01-02T11:38:01.141968+00:00;P2;31.50
4853;pms5003;3628;6.559;3.386;2026-01-02T11:38:01.141968+00:00;P1;41.50
4853;pms5003;3628;6.559;3.386;2026-01-02T11:38:01.141968+00:00;P0;22.50
4853;pms5003;3628;6.559;3.386;2026-01-02T11:43:24.672437+00:00;P2;30.25
4853;pms5003;3628;6.559;3.386;2026-01-02T11:43:24.672437+00:00;P1;39.75
4853;pms5003;3628;6.559;3.386;2026-01-02T11:43:24.672437+00:00;P0;21.75
4854;DHT22;3628;6.559;3.386;2026-01-02T11:43:42.059968+00:00;humidity;62.60
4854;DHT22;3628;6.559;3.386;2026-01-02T11:43:42.059968+00:00;temperature;38.00
4853;pms5003;3628;6.559;3.386;2026-01-02T11:48:59.397235+00:00;P2;30.33
4853;pms5003;3628;6.559;3.386;2026-01-02T11:48:59.397235+00:00;P1;36.33
4853;pms5003;3628;6.559;3.386;2026-01-02T11:48:59.397235+00:00;P0;18.67
4853;pms5003;3628;6.559;3.386;2026-01-02T11:54:23.277607+00:00;P2;30.25
4853;pms5003;3628;6.559;3.386;2026-01-02T11:54:23.277607+00:00;P1;40.50
4853;pms5003;3628;6.559;3.386;2026-01-02T11:54:23.277607+00:00;P0;20.00
4854;DHT22;3628;6.559;3.386;2026-01-02T12:15:53.448666+00:00;humidity;72.40
4854;DHT22;3628;6.559;3.386;2026-01-02T12:15:53.448666+00:00;temperature;35.00
4854;DHT22;3628;6.559;3.386;2026-01-02T13:12:08.485421+00:00;humidity;71.30
4854;DHT22;3628;6.559;3.386;2026-01-02T13:12:08.485421+00:00;temperature;35.80
4853;pms5003;3628;6.559;3.386;2026-01-02T13:17:25.741204+00:00;P2;24.75
4853;pms5003;3628;6.559;3.386;2026-01-02T13:17:25.741204+00:00;P1;37.75
4853;pms5003;3628;6.559;3.386;2026-01-02T13:17:25.741204+00:00;P0;18.50
4854;DHT22;3628;6.559;3.386;2026-01-02T13:17:43.101144+00:00;humidity;67.30
4854;DHT22;3628;6.559;3.386;2026-01-02T13:17:43.101144+00:00;temperature;36.70
4853;pms5003;3628;6.559;3.386;2026-01-02T13:23:00.444445+00:00;P2;28.00
4853;pms5003;3628;6.559;3.386;2026-01-02T13:23:00.444445+00:00;P1;36.25
4853;pms5003;3628;6.559;3.386;2026-01-02T13:23:00.444445+00:00;P0;19.75
4854;DHT22;3628;6.559;3.386;2026-01-02T13:23:17.804835+00:00;humidity;64.90
4854;DHT22;3628;6.559;3.386;2026-01-02T13:23:17.804835+00:00;temperature;37.40
4853;pms5003;3628;6.559;3.386;2026-01-02T13:28:35.212113+00:00;P2;25.00
4853;pms5003;3628;6.559;3.386;2026-01-02T13:28:35.212113+00:00;P1;25.00
4853;pms5003;3628;6.559;3.386;2026-01-02T13:28:35.212113+00:00;P0;17.67
4854;DHT22;3628;6.559;3.386;2026-01-02T13:28:52.569743+00:00;humidity;64.20
4854;DHT22;3628;6.559;3.386;2026-01-02T13:28:52.569743+00:00;temperature;37.60
4853;pms5003;3628;6.559;3.386;2026-01-02T13:34:09.841159+00:00;P2;22.50
4853;pms5003;3628;6.559;3.386;2026-01-02T13:34:09.841159+00:00;P1;22.50
4853;pms5003;3628;6.559;3.386;2026-01-02T13:34:09.841159+00:00;P0;16.00
4854;DHT22;3628;6.559;3.386;2026-01-02T13:34:27.223484+00:00;humidity;66.30
4854;DHT22;3628;6.559;3.386;2026-01-02T13:34:27.223484+00:00;temperature;36.50
4853;pms5003;3628;6.559;3.386;2026-01-02T13:39:44.440907+00:00;P2;24.00
4853;pms5003;3628;6.559;3.386;2026-01-02T13:39:44.440907+00:00;P1;26.25
4853;pms5003;3628;6.559;3.386;2026-01-02T13:39:44.440907+00:00;P0;16.00
4854;DHT22;3628;6.559;3.386;2026-01-02T13:40:01.937227+00:00;humidity;65.20
4854;DHT22;3628;6.559;3.386;2026-01-02T13:40:01.937227+00:00;temperature;37.20
4854;DHT22;3628;6.559;3.386;2026-01-02T13:45:28.491288+00:00;humidity;64.40
4854;DHT22;3628;6.559;3.386;2026-01-02T13:45:28.491288+00:00;temperature;37.90
4853;pms5003;3628;6.559;3.386;2026-01-02T13:50:45.741558+00:00;P2;26.00
4853;pms5003;3628;6.559;3.386;2026-01-02T13:50:45.741558+00:00;P1;36.25
4853;pms5003;3628;6.559;3.386;2026-01-02T13:50:45.741558+00:00;P0;18.00
4853;pms5003;3628;6.559;3.386;2026-01-02T13:56:23.218082+00:00;P2;22.40
4853;pms5003;3628;6.559;3.386;2026-01-02T13:56:23.218082+00:00;P1;24.40
4853;pms5003;3628;6.559;3.386;2026-01-02T13:56:23.218082+00:00;P0;15.60
4854;DHT22;3628;6.559;3.386;2026-01-02T13:56:40.587894+00:00;humidity;64.40
4854;DHT22;3628;6.559;3.386;2026-01-02T13:56:40.587894+00:00;temperature;37.60
4853;pms5003;3628;6.559;3.386;2026-01-02T14:01:57.884156+00:00;P2;23.00
4853;pms5003;3628;6.559;3.386;2026-01-02T14:01:57.884156+00:00;P1;23.00
4853;pms5003;3628;6.559;3.386;2026-01-02T14:01:57.884156+00:00;P0;16.20
4853;pms5003;3628;6.559;3.386;2026-01-02T14:07:24.684678+00:00;P2;20.60
4853;pms5003;3628;6.559;3.386;2026-01-02T14:07:24.684678+00:00;P1;31.20
4853;pms5003;3628;6.559;3.386;2026-01-02T14:07:24.684678+00:00;P0;15.00
4853;pms5003;3628;6.559;3.386;2026-01-02T14:12:48.595106+00:00;P2;24.00
4853;pms5003;3628;6.559;3.386;2026-01-02T14:12:48.595106+00:00;P1;25.50
4853;pms5003;3628;6.559;3.386;2026-01-02T14:12:48.595106+00:00;P0;17.00
4853;pms5003;3628;6.559;3.386;2026-01-02T14:23:25.649305+00:00;P2;23.75
4853;pms5003;3628;6.559;3.386;2026-01-02T14:23:25.649305+00:00;P1;33.00
4853;pms5003;3628;6.559;3.386;2026-01-02T14:23:25.649305+00:00;P0;17.75
4854;DHT22;3628;6.559;3.386;2026-01-02T14:23:43.082574+00:00;humidity;67.90
4854;DHT22;3628;6.559;3.386;2026-01-02T14:23:43.082574+00:00;temperature;36.00
4853;pms5003;3628;6.559;3.386;2026-01-02T14:29:00.251046+00:00;P2;22.00
4853;pms5003;3628;6.559;3.386;2026-01-02T14:29:00.251046+00:00;P1;33.25
4853;pms5003;3628;6.559;3.386;2026-01-02T14:29:00.251046+00:00;P0;16.25
4854;DHT22;3628;6.559;3.386;2026-01-02T14:29:17.622104+00:00;humidity;67.70
4854;DHT22;3628;6.559;3.386;2026-01-02T14:29:17.622104+00:00;temperature;36.20
4853;pms5003;3628;6.559;3.386;2026-01-02T14:34:34.875763+00:00;P2;22.50
4853;pms5003;3628;6.559;3.386;2026-01-02T14:34:34.875763+00:00;P1;34.25
4853;pms5003;3628;6.559;3.386;2026-01-02T14:34:34.875763+00:00;P0;16.25
4854;DHT22;3628;6.559;3.386;2026-01-02T14:34:52.306527+00:00;humidity;67.60
4854;DHT22;3628;6.559;3.386;2026-01-02T14:34:52.306527+00:00;temperature;36.20
4854;DHT22;3628;6.559;3.386;2026-01-02T14:41:09.104727+00:00;humidity;69.50
4854;DHT22;3628;6.559;3.386;2026-01-02T14:41:09.104727+00:00;temperature;35.20
4853;pms5003;3628;6.559;3.386;2026-01-02T14:46:26.386583+00:00;P2;21.40
4853;pms5003;3628;6.559;3.386;2026-01-02T14:46:26.386583+00:00;P1;29.00
4853;pms5003;3628;6.559;3.386;2026-01-02T14:46:26.386583+00:00;P0;16.00
4853;pms5003;3628;6.559;3.386;2026-01-02T14:51:50.515577+00:00;P2;22.60
4853;pms5003;3628;6.559;3.386;2026-01-02T14:51:50.515577+00:00;P1;27.40
4853;pms5003;3628;6.559;3.386;2026-01-02T14:51:50.515577+00:00;P0;16.40
4854;DHT22;3628;6.559;3.386;2026-01-02T14:52:07.888761+00:00;humidity;70.80
4854;DHT22;3628;6.559;3.386;2026-01-02T14:52:07.888761+00:00;temperature;34.70
4854;DHT22;3628;6.559;3.386;2026-01-02T14:57:42.488829+00:00;humidity;68.40
4854;DHT22;3628;6.559;3.386;2026-01-02T14:57:42.488829+00:00;temperature;35.80
4854;DHT22;3628;6.559;3.386;2026-01-02T15:03:06.825657+00:00;humidity;67.60
4854;DHT22;3628;6.559;3.386;2026-01-02T15:03:06.825657+00:00;temperature;36.20
4853;pms5003;3628;6.559;3.386;2026-01-02T15:08:23.766415+00:00;P2;20.75
4853;pms5003;3628;6.559;3.386;2026-01-02T15:08:23.766415+00:00;P1;23.25
4853;pms5003;3628;6.559;3.386;2026-01-02T15:08:23.766415+00:00;P0;15.75
4854;DHT22;3628;6.559;3.386;2026-01-02T15:08:41.237218+00:00;humidity;66.60
4854;DHT22;3628;6.559;3.386;2026-01-02T15:08:41.237218+00:00;temperature;36.20
4853;pms5003;3628;6.559;3.386;2026-01-02T15:13:58.431179+00:00;P2;23.75
4853;pms5003;3628;6.559;3.386;2026-01-02T15:13:58.431179+00:00;P1;25.00
4853;pms5003;3628;6.559;3.386;2026-01-02T15:13:58.431179+00:00;P0;17.75
4854;DHT22;3628;6.559;3.386;2026-01-02T15:14:15.905573+00:00;humidity;65.60
4854;DHT22;3628;6.559;3.386;2026-01-02T15:14:15.905573+00:00;temperature;36.80
4854;DHT22;3628;6.559;3.386;2026-01-02T15:19:39.567264+00:00;humidity;65.40
4854;DHT22;3628;6.559;3.386;2026-01-02T15:19:39.567264+00:00;temperature;36.50
4853;pms5003;3628;6.559;3.386;2026-01-02T15:24:56.772848+00:00;P2;19.25
4853;pms5003;3628;6.559;3.386;2026-01-02T15:24:56.772848+00:00;P1;31.75
4853;pms5003;3628;6.559;3.386;2026-01-02T15:24:56.772848+00:00;P0;13.25
4854;DHT22;3628;6.559;3.386;2026-01-02T15:25:14.174004+00:00;humidity;65.80
4854;DHT22;3628;6.559;3.386;2026-01-02T15:25:14.174004+00:00;temperature;36.50
4853;pms5003;3628;6.559;3.386;2026-01-02T15:30:31.340360+00:00;P2;22.00
4853;pms5003;3628;6.559;3.386;2026-01-02T15:30:31.340360+00:00;P1;22.33
4853;pms5003;3628;6.559;3.386;2026-01-02T15:30:31.340360+00:00;P0;17.00
4854;DHT22;3628;6.559;3.386;2026-01-02T15:30:48.759627+00:00;humidity;67.00
4854;DHT22;3628;6.559;3.386;2026-01-02T15:30:48.759627+00:00;temperature;36.40
4854;DHT22;3628;6.559;3.386;2026-01-02T15:36:23.395523+00:00;humidity;66.70
4854;DHT22;3628;6.559;3.386;2026-01-02T15:36:23.395523+00:00;temperature;36.10
4853;pms5003;3628;6.559;3.386;2026-01-02T15:41:40.553625+00:00;P2;20.50
4853;pms5003;3628;6.559;3.386;2026-01-02T15:41:40.553625+00:00;P1;20.50
4853;pms5003;3628;6.559;3.386;2026-01-02T15:41:40.553625+00:00;P0;16.50
4854;DHT22;3628;6.559;3.386;2026-01-02T15:41:58.048635+00:00;humidity;66.40
4854;DHT22;3628;6.559;3.386;2026-01-02T15:41:58.048635+00:00;temperature;36.20
4854;DHT22;3628;6.559;3.386;2026-01-02T15:47:22.109165+00:00;humidity;65.50
4854;DHT22;3628;6.559;3.386;2026-01-02T15:47:22.109165+00:00;temperature;36.60
4853;pms5003;3628;6.559;3.386;2026-01-02T15:52:39.329019+00:00;P2;19.00
4853;pms5003;3628;6.559;3.386;2026-01-02T15:52:39.329019+00:00;P1;24.00
4853;pms5003;3628;6.559;3.386;2026-01-02T15:52:39.329019+00:00;P0;13.00
4854;DHT22;3628;6.559;3.386;2026-01-02T15:52:56.725326+00:00;humidity;65.40
4854;DHT22;3628;6.559;3.386;2026-01-02T15:52:56.725326+00:00;temperature;36.60
4853;pms5003;3628;6.559;3.386;2026-01-02T15:58:14.034501+00:00;P2;23.50
4853;pms5003;3628;6.559;3.386;2026-01-02T15:58:14.034501+00:00;P1;25.00
4853;pms5003;3628;6.559;3.386;2026-01-02T15:58:14.034501+00:00;P0;16.50
4853;pms5003;3628;6.559;3.386;2026-01-02T16:04:12.820899+00:00;humidity;67.10
4853;pms5003;3628;6.559;3.386;2026-01-02T16:04:12.820899+00:00;temperature;35.80
4853;pms5003;3628;6.559;3.386;2026-01-02T16:09:30.107183+00:00;P2;25.00
4853;pms5003;3628;6.559;3.386;2026-01-02T16:09:30.107183+00:00;P1;26.00
4853;pms5003;3628;6.559;3.386;2026-01-02T16:09:30.107183+00:00;P0;16.00
4854;DHT22;3628;6.559;3.386;2026-01-02T16:09:47.379566+00:00;humidity;65.50
4854;DHT22;3628;6.559;3.386;2026-01-02T16:09:47.379566+00:00;temperature;35.80
4854;DHT22;3628;6.559;3.386;2026-01-02T16:15:11.125451+00:00;humidity;66.70
4854;DHT22;3628;6.559;3.386;2026-01-02T16:15:11.125451+00:00;temperature;35.80
4853;pms5003;3628;6.559;3.386;2026-01-02T16:20:28.472481+00:00;P2;24.25
4853;pms5003;3628;6.559;3.386;2026-01-02T16:20:28.472481+00:00;P1;30.75
4853;pms5003;3628;6.559;3.386;2026-01-02T16:20:28.472481+00:00;P0;17.00
4854;DHT22;3628;6.559;3.386;2026-01-02T16:20:45.858957+00:00;humidity;67.40
4854;DHT22;3628;6.559;3.386;2026-01-02T16:20:45.858957+00:00;temperature;35.40
4853;pms5003;3628;6.559;3.386;2026-01-02T16:26:03.160425+00:00;P2;21.60
4853;pms5003;3628;6.559;3.386;2026-01-02T16:26:03.160425+00:00;P1;23.40
4853;pms5003;3628;6.559;3.386;2026-01-02T16:26:03.160425+00:00;P0;15.00
4853;pms5003;3628;6.559;3.386;2026-01-02T16:31:37.993485+00:00;P2;27.40
4853;pms5003;3628;6.559;3.386;2026-01-02T16:31:37.993485+00:00;P1;27.40
4853;pms5003;3628;6.559;3.386;2026-01-02T16:31:37.993485+00:00;P0;17.40
4853;pms5003;3628;6.559;3.386;2026-01-02T16:37:12.204373+00:00;P2;20.25
4853;pms5003;3628;6.559;3.386;2026-01-02T16:37:12.204373+00:00;P1;32.75
4853;pms5003;3628;6.559;3.386;2026-01-02T16:37:12.204373+00:00;P0;14.00
4854;DHT22;3628;6.559;3.386;2026-01-02T16:37:30.071048+00:00;humidity;70.00
4854;DHT22;3628;6.559;3.386;2026-01-02T16:37:30.071048+00:00;temperature;35.00
4853;pms5003;3628;6.559;3.386;2026-01-02T16:42:46.959615+00:00;P2;18.60
4853;pms5003;3628;6.559;3.386;2026-01-02T16:42:46.959615+00:00;P1;18.60
4853;pms5003;3628;6.559;3.386;2026-01-02T16:42:46.959615+00:00;P0;14.00
4854;DHT22;3628;6.559;3.386;2026-01-02T16:43:04.360324+00:00;humidity;71.10
4854;DHT22;3628;6.559;3.386;2026-01-02T16:43:04.360324+00:00;temperature;34.70
4853;pms5003;3628;6.559;3.386;2026-01-02T16:48:21.564268+00:00;P2;20.00
4853;pms5003;3628;6.559;3.386;2026-01-02T16:48:21.564268+00:00;P1;24.67
4853;pms5003;3628;6.559;3.386;2026-01-02T16:48:21.564268+00:00;P0;12.67
4854;DHT22;3628;6.559;3.386;2026-01-02T16:48:38.954774+00:00;humidity;70.40
4854;DHT22;3628;6.559;3.386;2026-01-02T16:48:38.954774+00:00;temperature;34.30
4853;pms5003;3628;6.559;3.386;2026-01-02T16:53:56.267536+00:00;P2;24.00
4853;pms5003;3628;6.559;3.386;2026-01-02T16:53:56.267536+00:00;P1;32.67
4853;pms5003;3628;6.559;3.386;2026-01-02T16:53:56.267536+00:00;P0;16.00
4854;DHT22;3628;6.559;3.386;2026-01-02T16:54:13.639021+00:00;humidity;71.40
4854;DHT22;3628;6.559;3.386;2026-01-02T16:54:13.639021+00:00;temperature;34.10
4854;DHT22;3628;6.559;3.386;2026-01-02T16:59:37.536811+00:00;humidity;72.20
4854;DHT22;3628;6.559;3.386;2026-01-02T16:59:37.536811+00:00;temperature;33.90
4853;pms5003;3628;6.559;3.386;2026-01-02T17:04:54.760651+00:00;P2;20.50
4853;pms5003;3628;6.559;3.386;2026-01-02T17:04:54.760651+00:00;P1;32.50
4853;pms5003;3628;6.559;3.386;2026-01-02T17:04:54.760651+00:00;P0;14.50
4854;DHT22;3628;6.559;3.386;2026-01-02T17:05:12.151572+00:00;humidity;71.90
4854;DHT22;3628;6.559;3.386;2026-01-02T17:05:12.151572+00:00;temperature;33.90
4853;pms5003;3628;6.559;3.386;2026-01-02T17:10:29.372594+00:00;P2;22.00
4853;pms5003;3628;6.559;3.386;2026-01-02T17:10:29.372594+00:00;P1;25.75
4853;pms5003;3628;6.559;3.386;2026-01-02T17:10:29.372594+00:00;P0;17.00
4853;pms5003;3628;6.559;3.386;2026-01-02T17:15:53.620230+00:00;P2;24.00
4853;pms5003;3628;6.559;3.386;2026-01-02T17:15:53.620230+00:00;P1;31.00
4853;pms5003;3628;6.559;3.386;2026-01-02T17:15:53.620230+00:00;P0;14.67
4854;DHT22;3628;6.559;3.386;2026-01-02T17:16:10.953956+00:00;humidity;72.70
4854;DHT22;3628;6.559;3.386;2026-01-02T17:16:10.953956+00:00;temperature;33.40
4853;pms5003;3628;6.559;3.386;2026-01-02T17:21:28.155452+00:00;P2;25.00
4853;pms5003;3628;6.559;3.386;2026-01-02T17:21:28.155452+00:00;P1;31.33
4853;pms5003;3628;6.559;3.386;2026-01-02T17:21:28.155452+00:00;P0;17.67
4854;DHT22;3628;6.559;3.386;2026-01-02T17:21:45.592290+00:00;humidity;73.40
4854;DHT22;3628;6.559;3.386;2026-01-02T17:21:45.592290+00:00;temperature;33.20
4853;pms5003;3628;6.559;3.386;2026-01-02T17:27:03.185010+00:00;P2;22.80
4853;pms5003;3628;6.559;3.386;2026-01-02T17:27:03.185010+00:00;P1;27.00
4853;pms5003;3628;6.559;3.386;2026-01-02T17:27:03.185010+00:00;P0;16.80
4854;DHT22;3628;6.559;3.386;2026-01-02T17:27:20.329872+00:00;humidity;72.80
4854;DHT22;3628;6.559;3.386;2026-01-02T17:27:20.329872+00:00;temperature;33.00
4853;pms5003;3628;6.559;3.386;2026-01-02T17:32:37.679936+00:00;P2;25.20
4853;pms5003;3628;6.559;3.386;2026-01-02T17:32:37.679936+00:00;P1;31.80
4853;pms5003;3628;6.559;3.386;2026-01-02T17:32:37.679936+00:00;P0;18.00
4853;pms5003;3628;6.559;3.386;2026-01-02T17:38:01.514683+00:00;P2;26.25
4853;pms5003;3628;6.559;3.386;2026-01-02T17:38:01.514683+00:00;P1;32.50
4853;pms5003;3628;6.559;3.386;2026-01-02T17:38:01.514683+00:00;P0;17.50
4854;DHT22;3628;6.559;3.386;2026-01-02T17:38:18.988958+00:00;humidity;74.70
4854;DHT22;3628;6.559;3.386;2026-01-02T17:38:18.988958+00:00;temperature;32.60
4853;pms5003;3628;6.559;3.386;2026-01-02T17:43:36.367349+00:00;P2;25.00
4853;pms5003;3628;6.559;3.386;2026-01-02T17:43:36.367349+00:00;P1;34.75
4853;pms5003;3628;6.559;3.386;2026-01-02T17:43:36.367349+00:00;P0;16.25
4853;pms5003;3628;6.559;3.386;2026-01-02T17:49:10.984818+00:00;P2;25.00
4853;pms5003;3628;6.559;3.386;2026-01-02T17:49:10.984818+00:00;P1;25.80
4853;pms5003;3628;6.559;3.386;2026-01-02T17:49:10.984818+00:00;P0;18.40
4854;DHT22;3628;6.559;3.386;2026-01-02T17:49:28.413540+00:00;humidity;76.70
4854;DHT22;3628;6.559;3.386;2026-01-02T17:49:28.413540+00:00;temperature;32.40
4853;pms5003;3628;6.559;3.386;2026-01-02T17:54:52.019522+00:00;P2;26.50
4853;pms5003;3628;6.559;3.386;2026-01-02T17:54:52.019522+00:00;P1;31.00
4853;pms5003;3628;6.559;3.386;2026-01-02T17:54:52.019522+00:00;P0;17.25
4854;DHT22;3628;6.559;3.386;2026-01-02T17:55:09.739495+00:00;humidity;79.00
4854;DHT22;3628;6.559;3.386;2026-01-02T17:55:09.739495+00:00;temperature;32.10
4853;pms5003;3628;6.559;3.386;2026-01-02T18:00:32.662185+00:00;P2;23.00
4853;pms5003;3628;6.559;3.386;2026-01-02T18:00:32.662185+00:00;P1;29.40
4853;pms5003;3628;6.559;3.386;2026-01-02T18:00:32.662185+00:00;P0;16.40
4854;DHT22;3628;6.559;3.386;2026-01-02T18:00:50.018526+00:00;humidity;80.40
4854;DHT22;3628;6.559;3.386;2026-01-02T18:00:50.018526+00:00;temperature;32.00
4853;pms5003;3628;6.559;3.386;2026-01-02T18:06:10.345579+00:00;P2;24.75
4853;pms5003;3628;6.559;3.386;2026-01-02T18:06:10.345579+00:00;P1;25.50
4853;pms5003;3628;6.559;3.386;2026-01-02T18:06:10.345579+00:00;P0;16.75
4853;pms5003;3628;6.559;3.386;2026-01-02T18:11:31.613647+00:00;P2;25.00
4853;pms5003;3628;6.559;3.386;2026-01-02T18:11:31.613647+00:00;P1;33.75
4853;pms5003;3628;6.559;3.386;2026-01-02T18:11:31.613647+00:00;P0;16.25
4853;pms5003;3628;6.559;3.386;2026-01-02T18:17:14.695916+00:00;P2;23.75
4853;pms5003;3628;6.559;3.386;2026-01-02T18:17:14.695916+00:00;P1;27.25
4853;pms5003;3628;6.559;3.386;2026-01-02T18:17:14.695916+00:00;P0;15.75
4854;DHT22;3628;6.559;3.386;2026-01-02T18:17:32.147133+00:00;humidity;80.40
4854;DHT22;3628;6.559;3.386;2026-01-02T18:17:32.147133+00:00;temperature;31.90
4854;DHT22;3628;6.559;3.386;2026-01-02T18:51:08.484496+00:00;humidity;84.10
4854;DHT22;3628;6.559;3.386;2026-01-02T18:51:08.484496+00:00;temperature;31.50
4853;pms5003;3628;6.559;3.386;2026-01-02T18:56:25.763767+00:00;P2;24.00
4853;pms5003;3628;6.559;3.386;2026-01-02T18:56:25.763767+00:00;P1;33.33
4853;pms5003;3628;6.559;3.386;2026-01-02T18:56:25.763767+00:00;P0;16.67
4854;DHT22;3628;6.559;3.386;2026-01-02T18:56:43.273361+00:00;humidity;83.70
4854;DHT22;3628;6.559;3.386;2026-01-02T18:56:43.273361+00:00;temperature;31.50
4853;pms5003;3628;6.559;3.386;2026-01-02T19:02:00.520324+00:00;P2;29.20
4853;pms5003;3628;6.559;3.386;2026-01-02T19:02:00.520324+00:00;P1;32.80
4853;pms5003;3628;6.559;3.386;2026-01-02T19:02:00.520324+00:00;P0;20.20
4854;DHT22;3628;6.559;3.386;2026-01-02T19:02:17.843589+00:00;humidity;84.30
4854;DHT22;3628;6.559;3.386;2026-01-02T19:02:17.843589+00:00;temperature;31.50
4854;DHT22;3628;6.559;3.386;2026-01-02T19:07:52.379629+00:00;humidity;85.00
4854;DHT22;3628;6.559;3.386;2026-01-02T19:07:52.379629+00:00;temperature;31.50
4853;pms5003;3628;6.559;3.386;2026-01-02T19:13:09.662022+00:00;P2;32.00
4853;pms5003;3628;6.559;3.386;2026-01-02T19:13:09.662022+00:00;P1;36.50
4853;pms5003;3628;6.559;3.386;2026-01-02T19:13:09.662022+00:00;P0;20.00
4854;DHT22;3628;6.559;3.386;2026-01-02T19:13:27.059459+00:00;humidity;85.00
4854;DHT22;3628;6.559;3.386;2026-01-02T19:13:27.059459+00:00;temperature;31.40
4853;pms5003;3628;6.559;3.386;2026-01-02T19:23:57.554083+00:00;P2;29.50
4853;pms5003;3628;6.559;3.386;2026-01-02T19:23:57.554083+00:00;P1;32.00
4853;pms5003;3628;6.559;3.386;2026-01-02T19:23:57.554083+00:00;P0;19.25
4854;DHT22;3628;6.559;3.386;2026-01-02T19:24:14.884643+00:00;humidity;85.30
4854;DHT22;3628;6.559;3.386;2026-01-02T19:24:14.884643+00:00;temperature;31.40
4853;pms5003;3628;6.559;3.386;2026-01-02T19:29:32.275423+00:00;P2;27.00
4853;pms5003;3628;6.559;3.386;2026-01-02T19:29:32.275423+00:00;P1;39.33
4853;pms5003;3628;6.559;3.386;2026-01-02T19:29:32.275423+00:00;P0;18.33
4853;pms5003;3628;6.559;3.386;2026-01-02T19:34:56.488183+00:00;P2;32.00
4853;pms5003;3628;6.559;3.386;2026-01-02T19:34:56.488183+00:00;P1;45.50
4853;pms5003;3628;6.559;3.386;2026-01-02T19:34:56.488183+00:00;P0;21.00
4854;DHT22;3628;6.559;3.386;2026-01-02T19:35:13.847202+00:00;humidity;85.70
4854;DHT22;3628;6.559;3.386;2026-01-02T19:35:13.847202+00:00;temperature;31.30
4853;pms5003;3628;6.559;3.386;2026-01-02T19:40:31.040772+00:00;P2;29.50
4853;pms5003;3628;6.559;3.386;2026-01-02T19:40:31.040772+00:00;P1;38.25
4853;pms5003;3628;6.559;3.386;2026-01-02T19:40:31.040772+00:00;P0;20.00
4853;pms5003;3628;6.559;3.386;2026-01-02T19:45:55.189506+00:00;P2;27.00
4853;pms5003;3628;6.559;3.386;2026-01-02T19:45:55.189506+00:00;P1;38.60
4853;pms5003;3628;6.559;3.386;2026-01-02T19:45:55.189506+00:00;P0;17.40
4853;pms5003;3628;6.559;3.386;2026-01-02T19:51:29.702485+00:00;P2;26.75
4853;pms5003;3628;6.559;3.386;2026-01-02T19:51:29.702485+00:00;P1;30.25
4853;pms5003;3628;6.559;3.386;2026-01-02T19:51:29.702485+00:00;P0;18.25
4854;DHT22;3628;6.559;3.386;2026-01-02T19:51:47.035878+00:00;humidity;83.50
4854;DHT22;3628;6.559;3.386;2026-01-02T19:51:47.035878+00:00;temperature;31.20
4853;pms5003;3628;6.559;3.386;2026-01-02T19:57:04.378023+00:00;P2;29.40
4853;pms5003;3628;6.559;3.386;2026-01-02T19:57:04.378023+00:00;P1;31.60
4853;pms5003;3628;6.559;3.386;2026-01-02T19:57:04.378023+00:00;P0;19.80
4853;pms5003;3628;6.559;3.386;2026-01-02T20:02:44.590936+00:00;P2;25.00
4853;pms5003;3628;6.559;3.386;2026-01-02T20:02:44.590936+00:00;P1;30.00
4853;pms5003;3628;6.559;3.386;2026-01-02T20:02:44.590936+00:00;P0;17.00
4854;DHT22;3628;6.559;3.386;2026-01-02T20:03:07.976433+00:00;humidity;84.60
4854;DHT22;3628;6.559;3.386;2026-01-02T20:03:07.976433+00:00;temperature;31.20
4853;pms5003;3628;6.559;3.386;2026-01-02T20:13:59.453171+00:00;P2;27.60
4853;pms5003;3628;6.559;3.386;2026-01-02T20:13:59.453171+00:00;P1;29.60
4853;pms5003;3628;6.559;3.386;2026-01-02T20:13:59.453171+00:00;P0;19.60
4853;pms5003;3628;6.559;3.386;2026-01-02T20:19:26.129322+00:00;P2;24.25
4853;pms5003;3628;6.559;3.386;2026-01-02T20:19:26.129322+00:00;P1;27.25
4853;pms5003;3628;6.559;3.386;2026-01-02T20:19:26.129322+00:00;P0;16.00
4854;DHT22;3628;6.559;3.386;2026-01-02T20:19:40.689540+00:00;humidity;85.00
4854;DHT22;3628;6.559;3.386;2026-01-02T20:19:40.689540+00:00;temperature;31.10
4853;pms5003;3628;6.559;3.386;2026-01-02T20:25:00.014688+00:00;P2;25.00
4853;pms5003;3628;6.559;3.386;2026-01-02T20:25:00.014688+00:00;P1;28.00
4853;pms5003;3628;6.559;3.386;2026-01-02T20:25:00.014688+00:00;P0;16.00
4854;DHT22;3628;6.559;3.386;2026-01-02T20:25:20.809528+00:00;humidity;85.90
4854;DHT22;3628;6.559;3.386;2026-01-02T20:25:20.809528+00:00;temperature;30.90
4853;pms5003;3628;6.559;3.386;2026-01-02T20:30:41.206605+00:00;P2;23.50
4853;pms5003;3628;6.559;3.386;2026-01-02T20:30:41.206605+00:00;P1;28.00
4853;pms5003;3628;6.559;3.386;2026-01-02T20:30:41.206605+00:00;P0;16.50
4854;DHT22;3628;6.559;3.386;2026-01-02T20:31:03.613135+00:00;humidity;86.20
4854;DHT22;3628;6.559;3.386;2026-01-02T20:31:03.613135+00:00;temperature;30.90
4854;DHT22;3628;6.559;3.386;2026-01-02T20:36:25.193584+00:00;humidity;85.70
4854;DHT22;3628;6.559;3.386;2026-01-02T20:36:25.193584+00:00;temperature;31.00
4853;pms5003;3628;6.559;3.386;2026-01-02T20:41:44.469662+00:00;P2;18.50
4853;pms5003;3628;6.559;3.386;2026-01-02T20:41:44.469662+00:00;P1;24.00
4853;pms5003;3628;6.559;3.386;2026-01-02T20:41:44.469662+00:00;P0;12.50
4854;DHT22;3628;6.559;3.386;2026-01-02T20:42:02.477365+00:00;humidity;86.30
4854;DHT22;3628;6.559;3.386;2026-01-02T20:42:02.477365+00:00;temperature;30.70
4853;pms5003;3628;6.559;3.386;2026-01-02T20:47:17.060363+00:00;P2;24.00
4853;pms5003;3628;6.559;3.386;2026-01-02T20:47:17.060363+00:00;P1;25.50
4853;pms5003;3628;6.559;3.386;2026-01-02T20:47:17.060363+00:00;P0;15.00
4854;DHT22;3628;6.559;3.386;2026-01-02T20:47:34.402449+00:00;humidity;87.00
4854;DHT22;3628;6.559;3.386;2026-01-02T20:47:34.402449+00:00;temperature;30.70
4853;pms5003;3628;6.559;3.386;2026-01-02T20:52:51.571946+00:00;P2;20.75
4853;pms5003;3628;6.559;3.386;2026-01-02T20:52:51.571946+00:00;P1;34.50
4853;pms5003;3628;6.559;3.386;2026-01-02T20:52:51.571946+00:00;P0;14.00
4853;pms5003;3628;6.559;3.386;2026-01-02T21:04:00.874641+00:00;P2;23.75
4853;pms5003;3628;6.559;3.386;2026-01-02T21:04:00.874641+00:00;P1;24.75
4853;pms5003;3628;6.559;3.386;2026-01-02T21:04:00.874641+00:00;P0;15.00
4853;pms5003;3628;6.559;3.386;2026-01-02T21:04:18.283785+00:00;humidity;88.10
4853;pms5003;3628;6.559;3.386;2026-01-02T21:04:18.283785+00:00;temperature;30.50
4853;pms5003;3628;6.559;3.386;2026-01-02T21:09:37.539674+00:00;P2;24.60
4853;pms5003;3628;6.559;3.386;2026-01-02T21:09:37.539674+00:00;P1;29.00
4853;pms5003;3628;6.559;3.386;2026-01-02T21:09:37.539674+00:00;P0;14.60
4854;DHT22;3628;6.559;3.386;2026-01-02T21:09:58.332628+00:00;humidity;87.90
4854;DHT22;3628;6.559;3.386;2026-01-02T21:09:58.332628+00:00;temperature;30.50
4853;pms5003;3628;6.559;3.386;2026-01-02T21:15:12.663330+00:00;P2;22.00
4853;pms5003;3628;6.559;3.386;2026-01-02T21:15:12.663330+00:00;P1;25.00
4853;pms5003;3628;6.559;3.386;2026-01-02T21:15:12.663330+00:00;P0;15.00
4854;DHT22;3628;6.559;3.386;2026-01-02T21:15:30.064484+00:00;humidity;87.90
4854;DHT22;3628;6.559;3.386;2026-01-02T21:15:30.064484+00:00;temperature;30.60
4854;DHT22;3628;6.559;3.386;2026-01-02T21:21:02.740397+00:00;humidity;88.00
4854;DHT22;3628;6.559;3.386;2026-01-02T21:21:02.740397+00:00;temperature;30.60
4853;pms5003;3628;6.559;3.386;2026-01-02T21:26:28.954526+00:00;P2;21.00
4853;pms5003;3628;6.559;3.386;2026-01-02T21:26:28.954526+00:00;P1;24.00
4853;pms5003;3628;6.559;3.386;2026-01-02T21:26:28.954526+00:00;P0;11.00
4854;DHT22;3628;6.559;3.386;2026-01-02T21:26:51.069667+00:00;humidity;87.50
4854;DHT22;3628;6.559;3.386;2026-01-02T21:26:51.069667+00:00;temperature;30.60
4853;pms5003;3628;6.559;3.386;2026-01-02T21:48:32.393436+00:00;P2;21.25
4853;pms5003;3628;6.559;3.386;2026-01-02T21:48:32.393436+00:00;P1;24.25
4853;pms5003;3628;6.559;3.386;2026-01-02T21:48:32.393436+00:00;P0;14.00
4854;DHT22;3628;6.559;3.386;2026-01-02T21:48:52.346139+00:00;humidity;85.70
4854;DHT22;3628;6.559;3.386;2026-01-02T21:48:52.346139+00:00;temperature;30.50
4854;DHT22;3628;6.559;3.386;2026-01-02T21:54:26.969866+00:00;humidity;86.00
4854;DHT22;3628;6.559;3.386;2026-01-02T21:54:26.969866+00:00;temperature;30.40
4854;DHT22;3628;6.559;3.386;2026-01-02T22:00:01.621968+00:00;humidity;85.50
4854;DHT22;3628;6.559;3.386;2026-01-02T22:00:01.621968+00:00;temperature;30.50
4853;pms5003;3628;6.559;3.386;2026-01-02T22:05:18.800773+00:00;P2;20.50
4853;pms5003;3628;6.559;3.386;2026-01-02T22:05:18.800773+00:00;P1;25.00
4853;pms5003;3628;6.559;3.386;2026-01-02T22:05:18.800773+00:00;P0;13.50
4853;pms5003;3628;6.559;3.386;2026-01-02T22:10:53.377145+00:00;P2;25.25
4853;pms5003;3628;6.559;3.386;2026-01-02T22:10:53.377145+00:00;P1;38.75
4853;pms5003;3628;6.559;3.386;2026-01-02T22:10:53.377145+00:00;P0;14.75
4854;DHT22;3628;6.559;3.386;2026-01-02T22:11:11.199269+00:00;humidity;82.80
4854;DHT22;3628;6.559;3.386;2026-01-02T22:11:11.199269+00:00;temperature;30.60
4853;pms5003;3628;6.559;3.386;2026-01-02T22:16:28.073960+00:00;P2;23.75
4853;pms5003;3628;6.559;3.386;2026-01-02T22:16:28.073960+00:00;P1;24.75
4853;pms5003;3628;6.559;3.386;2026-01-02T22:16:28.073960+00:00;P0;16.00
4854;DHT22;3628;6.559;3.386;2026-01-02T22:16:45.627490+00:00;humidity;83.80
4854;DHT22;3628;6.559;3.386;2026-01-02T22:16:45.627490+00:00;temperature;30.40
4853;pms5003;3628;6.559;3.386;2026-01-02T22:22:02.664049+00:00;P2;24.50
4853;pms5003;3628;6.559;3.386;2026-01-02T22:22:02.664049+00:00;P1;35.00
4853;pms5003;3628;6.559;3.386;2026-01-02T22:22:02.664049+00:00;P0;17.00
4854;DHT22;3628;6.559;3.386;2026-01-02T22:22:20.019886+00:00;humidity;84.00
4854;DHT22;3628;6.559;3.386;2026-01-02T22:22:20.019886+00:00;temperature;30.50
4853;pms5003;3628;6.559;3.386;2026-01-02T22:27:37.213252+00:00;P2;28.20
4853;pms5003;3628;6.559;3.386;2026-01-02T22:27:37.213252+00:00;P1;30.20
4853;pms5003;3628;6.559;3.386;2026-01-02T22:27:37.213252+00:00;P0;19.00
4853;pms5003;3628;6.559;3.386;2026-01-02T22:33:11.689446+00:00;P2;22.50
4853;pms5003;3628;6.559;3.386;2026-01-02T22:33:11.689446+00:00;P1;29.00
4853;pms5003;3628;6.559;3.386;2026-01-02T22:33:11.689446+00:00;P0;16.00
4854;DHT22;3628;6.559;3.386;2026-01-02T22:33:29.078832+00:00;humidity;84.40
4854;DHT22;3628;6.559;3.386;2026-01-02T22:33:29.078832+00:00;temperature;30.30
4853;pms5003;3628;6.559;3.386;2026-01-03T05:50:56.472617+00:00;P2;53.75
4853;pms5003;3628;6.559;3.386;2026-01-03T05:50:56.472617+00:00;P1;72.00
4853;pms5003;3628;6.559;3.386;2026-01-03T05:50:56.472617+00:00;P0;35.00
4854;DHT22;3628;6.559;3.386;2026-01-03T05:51:13.845593+00:00;humidity;100.00
4854;DHT22;3628;6.559;3.386;2026-01-03T05:51:13.845593+00:00;temperature;26.90
4853;pms5003;3628;6.559;3.386;2026-01-03T05:56:31.040959+00:00;P2;64.67
4853;pms5003;3628;6.559;3.386;2026-01-03T05:56:31.040959+00:00;P1;77.33
4853;pms5003;3628;6.559;3.386;2026-01-03T05:56:31.040959+00:00;P0;39.33
4853;pms5003;3628;6.559;3.386;2026-01-03T08:47:48.882739+00:00;P2;31.80
4853;pms5003;3628;6.559;3.386;2026-01-03T08:47:48.882739+00:00;P1;45.00
4853;pms5003;3628;6.559;3.386;2026-01-03T08:47:48.882739+00:00;P0;21.60
4854;DHT22;3628;6.559;3.386;2026-01-03T08:48:06.109357+00:00;humidity;80.50
4854;DHT22;3628;6.559;3.386;2026-01-03T08:48:06.109357+00:00;temperature;33.10
4853;pms5003;3628;6.559;3.386;2026-01-03T08:53:23.250648+00:00;P2;20.75
4853;pms5003;3628;6.559;3.386;2026-01-03T08:53:23.250648+00:00;P1;21.50
4853;pms5003;3628;6.559;3.386;2026-01-03T08:53:23.250648+00:00;P0;14.50
4854;DHT22;3628;6.559;3.386;2026-01-03T08:53:40.677866+00:00;humidity;75.30
4854;DHT22;3628;6.559;3.386;2026-01-03T08:53:40.677866+00:00;temperature;35.10
4853;pms5003;3628;6.559;3.386;2026-01-03T09:04:11.124394+00:00;P2;26.00
4853;pms5003;3628;6.559;3.386;2026-01-03T09:04:11.124394+00:00;P1;30.00
4853;pms5003;3628;6.559;3.386;2026-01-03T09:04:11.124394+00:00;P0;17.25
4853;pms5003;3628;6.559;3.386;2026-01-03T09:14:58.786010+00:00;P2;29.40
4853;pms5003;3628;6.559;3.386;2026-01-03T09:14:58.786010+00:00;P1;41.60
4853;pms5003;3628;6.559;3.386;2026-01-03T09:14:58.786010+00:00;P0;18.20
4854;DHT22;3628;6.559;3.386;2026-01-03T09:30:41.291637+00:00;humidity;66.80
4854;DHT22;3628;6.559;3.386;2026-01-03T09:30:41.291637+00:00;temperature;36.60
4853;pms5003;3628;6.559;3.386;2026-01-03T09:35:04.566630+00:00;P2;39.00
4853;pms5003;3628;6.559;3.386;2026-01-03T09:35:04.566630+00:00;P1;50.50
4853;pms5003;3628;6.559;3.386;2026-01-03T09:35:04.566630+00:00;P0;24.50
4854;DHT22;3628;6.559;3.386;2026-01-03T09:35:22.081389+00:00;humidity;67.90
4854;DHT22;3628;6.559;3.386;2026-01-03T09:35:22.081389+00:00;temperature;36.30
4853;pms5003;3628;6.559;3.386;2026-01-03T09:46:30.164270+00:00;P2;32.00
4853;pms5003;3628;6.559;3.386;2026-01-03T09:46:30.164270+00:00;P1;34.00
4853;pms5003;3628;6.559;3.386;2026-01-03T09:46:30.164270+00:00;P0;21.00
4854;DHT22;3628;6.559;3.386;2026-01-03T09:46:47.567116+00:00;humidity;65.70
4854;DHT22;3628;6.559;3.386;2026-01-03T09:46:47.567116+00:00;temperature;36.60
4854;DHT22;3628;6.559;3.386;2026-01-03T10:05:48.545109+00:00;humidity;67.70
4854;DHT22;3628;6.559;3.386;2026-01-03T10:05:48.545109+00:00;temperature;36.00
4853;pms5003;3628;6.559;3.386;2026-01-03T10:11:05.814509+00:00;P2;36.00
4853;pms5003;3628;6.559;3.386;2026-01-03T10:11:05.814509+00:00;P1;48.50
4853;pms5003;3628;6.559;3.386;2026-01-03T10:11:05.814509+00:00;P0;24.25
4853;pms5003;3628;6.559;3.386;2026-01-03T10:18:16.953038+00:00;P2;39.67
4853;pms5003;3628;6.559;3.386;2026-01-03T10:18:16.953038+00:00;P1;51.00
4853;pms5003;3628;6.559;3.386;2026-01-03T10:18:16.953038+00:00;P0;27.00
4853;pms5003;3628;6.559;3.386;2026-01-03T10:22:04.740508+00:00;P2;42.50
4853;pms5003;3628;6.559;3.386;2026-01-03T10:22:04.740508+00:00;P1;57.50
4853;pms5003;3628;6.559;3.386;2026-01-03T10:22:04.740508+00:00;P0;28.00
4853;pms5003;3628;6.559;3.386;2026-01-03T10:27:28.840324+00:00;P2;48.40
4853;pms5003;3628;6.559;3.386;2026-01-03T10:27:28.840324+00:00;P1;63.00
4853;pms5003;3628;6.559;3.386;2026-01-03T10:27:28.840324+00:00;P0;32.00
4853;pms5003;3628;6.559;3.386;2026-01-03T10:33:39.049903+00:00;P2;41.00
4853;pms5003;3628;6.559;3.386;2026-01-03T10:33:39.049903+00:00;P1;53.75
4853;pms5003;3628;6.559;3.386;2026-01-03T10:33:39.049903+00:00;P0;28.00
4853;pms5003;3628;6.559;3.386;2026-01-03T10:38:17.026056+00:00;P2;45.75
4853;pms5003;3628;6.559;3.386;2026-01-03T10:38:17.026056+00:00;P1;57.75
4853;pms5003;3628;6.559;3.386;2026-01-03T10:38:17.026056+00:00;P0;30.00
4853;pms5003;3628;6.559;3.386;2026-01-03T10:43:51.561631+00:00;P2;43.00
4853;pms5003;3628;6.559;3.386;2026-01-03T10:43:51.561631+00:00;P1;57.75
4853;pms5003;3628;6.559;3.386;2026-01-03T10:43:51.561631+00:00;P0;29.00
4853;pms5003;3628;6.559;3.386;2026-01-03T10:49:31.961778+00:00;P2;43.00
4853;pms5003;3628;6.559;3.386;2026-01-03T10:49:31.961778+00:00;P1;57.00
4853;pms5003;3628;6.559;3.386;2026-01-03T10:49:31.961778+00:00;P0;29.00
4854;DHT22;3628;6.559;3.386;2026-01-03T10:54:47.850484+00:00;humidity;63.00
4854;DHT22;3628;6.559;3.386;2026-01-03T10:54:47.850484+00:00;temperature;38.30
4853;pms5003;3628;6.559;3.386;2026-01-03T11:00:05.068326+00:00;P2;41.25
4853;pms5003;3628;6.559;3.386;2026-01-03T11:00:05.068326+00:00;P1;51.75
4853;pms5003;3628;6.559;3.386;2026-01-03T11:00:05.068326+00:00;P0;27.75
4854;DHT22;3628;6.559;3.386;2026-01-03T11:00:22.461728+00:00;humidity;62.40
4854;DHT22;3628;6.559;3.386;2026-01-03T11:00:22.461728+00:00;temperature;38.60
4853;pms5003;3628;6.559;3.386;2026-01-03T11:06:40.886435+00:00;P2;43.25
4853;pms5003;3628;6.559;3.386;2026-01-03T11:06:40.886435+00:00;P1;58.50
4853;pms5003;3628;6.559;3.386;2026-01-03T11:06:40.886435+00:00;P0;29.75
4853;pms5003;3628;6.559;3.386;2026-01-03T11:11:03.882694+00:00;P2;47.50
4853;pms5003;3628;6.559;3.386;2026-01-03T11:11:03.882694+00:00;P1;65.25
4853;pms5003;3628;6.559;3.386;2026-01-03T11:11:03.882694+00:00;P0;31.50
4854;DHT22;3628;6.559;3.386;2026-01-03T11:11:21.257949+00:00;humidity;63.50
4854;DHT22;3628;6.559;3.386;2026-01-03T11:11:21.257949+00:00;temperature;37.80
4853;pms5003;3628;6.559;3.386;2026-01-03T11:16:38.465971+00:00;P2;50.20
4853;pms5003;3628;6.559;3.386;2026-01-03T11:16:38.465971+00:00;P1;67.00
4853;pms5003;3628;6.559;3.386;2026-01-03T11:16:38.465971+00:00;P0;34.00
4854;DHT22;3628;6.559;3.386;2026-01-03T11:16:55.802593+00:00;humidity;63.60
4854;DHT22;3628;6.559;3.386;2026-01-03T11:16:55.802593+00:00;temperature;37.60
4853;pms5003;3628;6.559;3.386;2026-01-03T11:22:39.481456+00:00;P2;52.00
4853;pms5003;3628;6.559;3.386;2026-01-03T11:22:39.481456+00:00;P1;67.25
4853;pms5003;3628;6.559;3.386;2026-01-03T11:22:39.481456+00:00;P0;35.75
4853;pms5003;3628;6.559;3.386;2026-01-03T11:27:37.483757+00:00;P2;55.00
4853;pms5003;3628;6.559;3.386;2026-01-03T11:27:37.483757+00:00;P1;72.60
4853;pms5003;3628;6.559;3.386;2026-01-03T11:27:37.483757+00:00;P0;38.60
4854;DHT22;3628;6.559;3.386;2026-01-03T11:27:54.742850+00:00;humidity;62.80
4854;DHT22;3628;6.559;3.386;2026-01-03T11:27:54.742850+00:00;temperature;38.00
4853;pms5003;3628;6.559;3.386;2026-01-03T11:33:12.005822+00:00;P2;55.00
4853;pms5003;3628;6.559;3.386;2026-01-03T11:33:12.005822+00:00;P1;72.00
4853;pms5003;3628;6.559;3.386;2026-01-03T11:33:12.005822+00:00;P0;37.75
4854;DHT22;3628;6.559;3.386;2026-01-03T11:33:29.414701+00:00;humidity;62.30
4854;DHT22;3628;6.559;3.386;2026-01-03T11:33:29.414701+00:00;temperature;38.10
4853;pms5003;3628;6.559;3.386;2026-01-03T11:38:46.654400+00:00;P2;51.00
4853;pms5003;3628;6.559;3.386;2026-01-03T11:38:46.654400+00:00;P1;67.50
4853;pms5003;3628;6.559;3.386;2026-01-03T11:38:46.654400+00:00;P0;34.00
4854;DHT22;3628;6.559;3.386;2026-01-03T11:39:03.963665+00:00;humidity;63.10
4854;DHT22;3628;6.559;3.386;2026-01-03T11:39:03.963665+00:00;temperature;37.60
4853;pms5003;3628;6.559;3.386;2026-01-03T11:44:21.161270+00:00;P2;42.67
4853;pms5003;3628;6.559;3.386;2026-01-03T11:44:21.161270+00:00;P1;54.00
4853;pms5003;3628;6.559;3.386;2026-01-03T11:44:21.161270+00:00;P0;28.67
4854;DHT22;3628;6.559;3.386;2026-01-03T11:44:38.521298+00:00;humidity;64.90
4854;DHT22;3628;6.559;3.386;2026-01-03T11:44:38.521298+00:00;temperature;36.70
4853;pms5003;3628;6.559;3.386;2026-01-03T11:49:55.833632+00:00;P2;40.80
4853;pms5003;3628;6.559;3.386;2026-01-03T11:49:55.833632+00:00;P1;53.00
4853;pms5003;3628;6.559;3.386;2026-01-03T11:49:55.833632+00:00;P0;27.00
4853;pms5003;3628;6.559;3.386;2026-01-03T12:00:33.902711+00:00;P2;32.75
4853;pms5003;3628;6.559;3.386;2026-01-03T12:00:33.902711+00:00;P1;42.50
4853;pms5003;3628;6.559;3.386;2026-01-03T12:00:33.902711+00:00;P0;22.50
4853;pms5003;3628;6.559;3.386;2026-01-03T12:05:59.844408+00:00;P2;35.00
4853;pms5003;3628;6.559;3.386;2026-01-03T12:05:59.844408+00:00;P1;43.25
4853;pms5003;3628;6.559;3.386;2026-01-03T12:05:59.844408+00:00;P0;23.00
4854;DHT22;3628;6.559;3.386;2026-01-03T12:06:17.234891+00:00;humidity;61.10
4854;DHT22;3628;6.559;3.386;2026-01-03T12:06:17.234891+00:00;temperature;38.50
4853;pms5003;3628;6.559;3.386;2026-01-03T12:11:34.420776+00:00;P2;33.00
4853;pms5003;3628;6.559;3.386;2026-01-03T12:11:34.420776+00:00;P1;41.50
4853;pms5003;3628;6.559;3.386;2026-01-03T12:11:34.420776+00:00;P0;23.00
4854;DHT22;3628;6.559;3.386;2026-01-03T12:11:51.867398+00:00;humidity;61.60
4854;DHT22;3628;6.559;3.386;2026-01-03T12:11:51.867398+00:00;temperature;38.50
4854;DHT22;3628;6.559;3.386;2026-01-03T12:17:15.861101+00:00;humidity;63.40
4854;DHT22;3628;6.559;3.386;2026-01-03T12:17:15.861101+00:00;temperature;37.70
4853;pms5003;3628;6.559;3.386;2026-01-03T12:27:57.257863+00:00;P2;34.50
4853;pms5003;3628;6.559;3.386;2026-01-03T12:27:57.257863+00:00;P1;41.00
4853;pms5003;3628;6.559;3.386;2026-01-03T12:27:57.257863+00:00;P0;23.00
4854;DHT22;3628;6.559;3.386;2026-01-03T12:28:14.572463+00:00;humidity;64.50
4854;DHT22;3628;6.559;3.386;2026-01-03T12:28:14.572463+00:00;temperature;37.10
4854;DHT22;3628;6.559;3.386;2026-01-03T12:39:02.359390+00:00;humidity;67.10
4854;DHT22;3628;6.559;3.386;2026-01-03T12:39:02.359390+00:00;temperature;36.10
4853;pms5003;3628;6.559;3.386;2026-01-03T12:44:53.244433+00:00;P2;35.25
4853;pms5003;3628;6.559;3.386;2026-01-03T12:44:53.244433+00:00;P1;49.00
4853;pms5003;3628;6.559;3.386;2026-01-03T12:44:53.244433+00:00;P0;23.00
4854;DHT22;3628;6.559;3.386;2026-01-03T12:50:37.882586+00:00;humidity;66.60
4854;DHT22;3628;6.559;3.386;2026-01-03T12:50:37.882586+00:00;temperature;36.50
4854;DHT22;3628;6.559;3.386;2026-01-03T12:55:17.942829+00:00;humidity;68.70
4854;DHT22;3628;6.559;3.386;2026-01-03T12:55:17.942829+00:00;temperature;35.80
4853;pms5003;3628;6.559;3.386;2026-01-03T13:00:35.242282+00:00;P2;37.33
4853;pms5003;3628;6.559;3.386;2026-01-03T13:00:35.242282+00:00;P1;47.00
4853;pms5003;3628;6.559;3.386;2026-01-03T13:00:35.242282+00:00;P0;25.33
4854;DHT22;3628;6.559;3.386;2026-01-03T13:00:52.639718+00:00;humidity;68.30
4854;DHT22;3628;6.559;3.386;2026-01-03T13:00:52.639718+00:00;temperature;36.00
4853;pms5003;3628;6.559;3.386;2026-01-03T13:12:53.438860+00:00;P2;38.50
4853;pms5003;3628;6.559;3.386;2026-01-03T13:12:53.438860+00:00;P1;46.50
4853;pms5003;3628;6.559;3.386;2026-01-03T13:12:53.438860+00:00;P0;25.50
4853;pms5003;3628;6.559;3.386;2026-01-03T13:16:47.668217+00:00;P2;39.00
4853;pms5003;3628;6.559;3.386;2026-01-03T13:16:47.668217+00:00;P1;47.20
4853;pms5003;3628;6.559;3.386;2026-01-03T13:16:47.668217+00:00;P0;26.00
4854;DHT22;3628;6.559;3.386;2026-01-03T13:17:05.033868+00:00;humidity;72.10
4854;DHT22;3628;6.559;3.386;2026-01-03T13:17:05.033868+00:00;temperature;35.10
4854;DHT22;3628;6.559;3.386;2026-01-03T13:22:29.061894+00:00;humidity;72.00
4854;DHT22;3628;6.559;3.386;2026-01-03T13:22:29.061894+00:00;temperature;35.00
4853;pms5003;3628;6.559;3.386;2026-01-03T13:33:13.451030+00:00;P2;41.00
4853;pms5003;3628;6.559;3.386;2026-01-03T13:33:13.451030+00:00;P1;55.25
4853;pms5003;3628;6.559;3.386;2026-01-03T13:33:13.451030+00:00;P0;26.50
4854;DHT22;3628;6.559;3.386;2026-01-03T13:38:37.516739+00:00;P2;40.75
4854;DHT22;3628;6.559;3.386;2026-01-03T13:38:37.516739+00:00;P1;55.25
4854;DHT22;3628;6.559;3.386;2026-01-03T13:38:37.516739+00:00;P0;27.00
4854;DHT22;3628;6.559;3.386;2026-01-03T13:49:34.992595+00:00;humidity;69.80
4854;DHT22;3628;6.559;3.386;2026-01-03T13:49:34.992595+00:00;temperature;35.70
4853;pms5003;3628;6.559;3.386;2026-01-03T13:54:52.202793+00:00;P2;38.00
4853;pms5003;3628;6.559;3.386;2026-01-03T13:54:52.202793+00:00;P1;49.00
4853;pms5003;3628;6.559;3.386;2026-01-03T13:54:52.202793+00:00;P0;26.00
4854;DHT22;3628;6.559;3.386;2026-01-03T13:55:09.654910+00:00;humidity;69.90
4854;DHT22;3628;6.559;3.386;2026-01-03T13:55:09.654910+00:00;temperature;35.60
4853;pms5003;3628;6.559;3.386;2026-01-03T14:00:27.089746+00:00;P2;33.80
4853;pms5003;3628;6.559;3.386;2026-01-03T14:00:27.089746+00:00;P1;37.00
4853;pms5003;3628;6.559;3.386;2026-01-03T14:00:27.089746+00:00;P0;23.20
4854;DHT22;3628;6.559;3.386;2026-01-03T14:06:27.740406+00:00;humidity;67.10
4854;DHT22;3628;6.559;3.386;2026-01-03T14:06:27.740406+00:00;temperature;36.60
4853;pms5003;3628;6.559;3.386;2026-01-03T14:11:36.126208+00:00;P2;30.00
4853;pms5003;3628;6.559;3.386;2026-01-03T14:11:36.126208+00:00;P1;39.75
4853;pms5003;3628;6.559;3.386;2026-01-03T14:11:36.126208+00:00;P0;20.25
4854;DHT22;3628;6.559;3.386;2026-01-03T14:11:53.495781+00:00;humidity;64.60
4854;DHT22;3628;6.559;3.386;2026-01-03T14:11:53.495781+00:00;temperature;37.20
4853;pms5003;3628;6.559;3.386;2026-01-03T14:22:26.437332+00:00;P2;22.00
4853;pms5003;3628;6.559;3.386;2026-01-03T14:22:26.437332+00:00;P1;24.00
4853;pms5003;3628;6.559;3.386;2026-01-03T14:22:26.437332+00:00;P0;14.00
4854;DHT22;3628;6.559;3.386;2026-01-03T14:22:46.732674+00:00;humidity;61.00
4854;DHT22;3628;6.559;3.386;2026-01-03T14:22:46.732674+00:00;temperature;37.90
4854;DHT22;3628;6.559;3.386;2026-01-03T14:28:10.495766+00:00;humidity;61.00
4854;DHT22;3628;6.559;3.386;2026-01-03T14:28:10.495766+00:00;temperature;37.50
4854;DHT22;3628;6.559;3.386;2026-01-03T14:33:45.187729+00:00;humidity;60.60
4854;DHT22;3628;6.559;3.386;2026-01-03T14:33:45.187729+00:00;temperature;38.00
4853;pms5003;3628;6.559;3.386;2026-01-03T14:44:36.955541+00:00;P2;23.40
4853;pms5003;3628;6.559;3.386;2026-01-03T14:44:36.955541+00:00;P1;30.40
4853;pms5003;3628;6.559;3.386;2026-01-03T14:44:36.955541+00:00;P0;16.00
4854;DHT22;3628;6.559;3.386;2026-01-03T14:44:54.251976+00:00;humidity;60.20
4854;DHT22;3628;6.559;3.386;2026-01-03T14:44:54.251976+00:00;temperature;37.90
4854;DHT22;3628;6.559;3.386;2026-01-03T14:50:17.982773+00:00;humidity;60.10
4854;DHT22;3628;6.559;3.386;2026-01-03T14:50:17.982773+00:00;temperature;37.90
4853;pms5003;3628;6.559;3.386;2026-01-03T14:55:35.259232+00:00;P2;24.50
4853;pms5003;3628;6.559;3.386;2026-01-03T14:55:35.259232+00:00;P1;27.75
4853;pms5003;3628;6.559;3.386;2026-01-03T14:55:35.259232+00:00;P0;16.75
4854;DHT22;3628;6.559;3.386;2026-01-03T14:55:52.568635+00:00;humidity;61.50
4854;DHT22;3628;6.559;3.386;2026-01-03T14:55:52.568635+00:00;temperature;37.50
4853;pms5003;3628;6.559;3.386;2026-01-03T15:01:09.746954+00:00;P2;28.25
4853;pms5003;3628;6.559;3.386;2026-01-03T15:01:09.746954+00:00;P1;33.25
4853;pms5003;3628;6.559;3.386;2026-01-03T15:01:09.746954+00:00;P0;18.75
4854;DHT22;3628;6.559;3.386;2026-01-03T15:01:27.179112+00:00;humidity;60.10
4854;DHT22;3628;6.559;3.386;2026-01-03T15:01:27.179112+00:00;temperature;38.10
4854;DHT22;3628;6.559;3.386;2026-01-03T15:07:01.762514+00:00;humidity;59.60
4854;DHT22;3628;6.559;3.386;2026-01-03T15:07:01.762514+00:00;temperature;38.20
4853;pms5003;3628;6.559;3.386;2026-01-03T15:17:34.276977+00:00;P2;22.00
4853;pms5003;3628;6.559;3.386;2026-01-03T15:17:34.276977+00:00;P1;26.60
4853;pms5003;3628;6.559;3.386;2026-01-03T15:17:34.276977+00:00;P0;14.00
4853;pms5003;3628;6.559;3.386;2026-01-03T15:22:58.157550+00:00;P2;27.00
4853;pms5003;3628;6.559;3.386;2026-01-03T15:22:58.157550+00:00;P1;32.00
4853;pms5003;3628;6.559;3.386;2026-01-03T15:22:58.157550+00:00;P0;19.00
4854;DHT22;3628;6.559;3.386;2026-01-03T15:23:15.620549+00:00;humidity;61.40
4854;DHT22;3628;6.559;3.386;2026-01-03T15:23:15.620549+00:00;temperature;37.50
4853;pms5003;3628;6.559;3.386;2026-01-03T15:29:43.506037+00:00;P2;23.25
4853;pms5003;3628;6.559;3.386;2026-01-03T15:29:43.506037+00:00;P1;28.50
4853;pms5003;3628;6.559;3.386;2026-01-03T15:29:43.506037+00:00;P0;18.00
4854;DHT22;3628;6.559;3.386;2026-01-03T15:34:03.725319+00:00;humidity;63.20
4854;DHT22;3628;6.559;3.386;2026-01-03T15:34:03.725319+00:00;temperature;36.90
4853;pms5003;3628;6.559;3.386;2026-01-03T15:44:34.356858+00:00;P2;23.25
4853;pms5003;3628;6.559;3.386;2026-01-03T15:44:34.356858+00:00;P1;23.25
4853;pms5003;3628;6.559;3.386;2026-01-03T15:44:34.356858+00:00;P0;15.25
4854;DHT22;3628;6.559;3.386;2026-01-03T15:45:00.743123+00:00;humidity;66.90
4854;DHT22;3628;6.559;3.386;2026-01-03T15:45:00.743123+00:00;temperature;35.90
4853;pms5003;3628;6.559;3.386;2026-01-03T15:50:09.180453+00:00;P2;23.00
4853;pms5003;3628;6.559;3.386;2026-01-03T15:50:09.180453+00:00;P1;25.00
4853;pms5003;3628;6.559;3.386;2026-01-03T15:50:09.180453+00:00;P0;16.67
4853;pms5003;3628;6.559;3.386;2026-01-03T15:55:34.114279+00:00;P2;22.00
4853;pms5003;3628;6.559;3.386;2026-01-03T15:55:34.114279+00:00;P1;23.00
4853;pms5003;3628;6.559;3.386;2026-01-03T15:55:34.114279+00:00;P0;16.00
4853;pms5003;3628;6.559;3.386;2026-01-03T16:00:59.412169+00:00;P2;26.00
4853;pms5003;3628;6.559;3.386;2026-01-03T16:00:59.412169+00:00;P1;31.00
4853;pms5003;3628;6.559;3.386;2026-01-03T16:00:59.412169+00:00;P0;17.50
4854;DHT22;3628;6.559;3.386;2026-01-03T16:01:16.836421+00:00;humidity;68.00
4854;DHT22;3628;6.559;3.386;2026-01-03T16:01:16.836421+00:00;temperature;35.60
4853;pms5003;3628;6.559;3.386;2026-01-03T16:06:34.045442+00:00;P2;20.60
4853;pms5003;3628;6.559;3.386;2026-01-03T16:06:34.045442+00:00;P1;32.80
4853;pms5003;3628;6.559;3.386;2026-01-03T16:06:34.045442+00:00;P0;13.60
4853;pms5003;3628;6.559;3.386;2026-01-03T16:11:58.281151+00:00;P2;21.75
4853;pms5003;3628;6.559;3.386;2026-01-03T16:11:58.281151+00:00;P1;24.00
4853;pms5003;3628;6.559;3.386;2026-01-03T16:11:58.281151+00:00;P0;13.75
4853;pms5003;3628;6.559;3.386;2026-01-03T16:17:22.249397+00:00;P2;20.50
4853;pms5003;3628;6.559;3.386;2026-01-03T16:17:22.249397+00:00;P1;21.25
4853;pms5003;3628;6.559;3.386;2026-01-03T16:17:22.249397+00:00;P0;14.50
4854;DHT22;3628;6.559;3.386;2026-01-03T16:17:42.639854+00:00;humidity;68.50
4854;DHT22;3628;6.559;3.386;2026-01-03T16:17:42.639854+00:00;temperature;35.40
4853;pms5003;3628;6.559;3.386;2026-01-03T16:22:59.719010+00:00;P2;19.25
4853;pms5003;3628;6.559;3.386;2026-01-03T16:22:59.719010+00:00;P1;19.25
4853;pms5003;3628;6.559;3.386;2026-01-03T16:22:59.719010+00:00;P0;14.00
4854;DHT22;3628;6.559;3.386;2026-01-03T16:28:43.846499+00:00;humidity;68.90
4854;DHT22;3628;6.559;3.386;2026-01-03T16:28:43.846499+00:00;temperature;35.20
4853;pms5003;3628;6.559;3.386;2026-01-03T16:34:01.096282+00:00;P2;17.40
4853;pms5003;3628;6.559;3.386;2026-01-03T16:34:01.096282+00:00;P1;19.40
4853;pms5003;3628;6.559;3.386;2026-01-03T16:34:01.096282+00:00;P0;13.40
4854;DHT22;3628;6.559;3.386;2026-01-03T16:34:21.337800+00:00;humidity;69.10
4854;DHT22;3628;6.559;3.386;2026-01-03T16:34:21.337800+00:00;temperature;35.10
4853;pms5003;3628;6.559;3.386;2026-01-03T16:39:38.870383+00:00;P2;19.50
4853;pms5003;3628;6.559;3.386;2026-01-03T16:39:38.870383+00:00;P1;22.00
4853;pms5003;3628;6.559;3.386;2026-01-03T16:39:38.870383+00:00;P0;12.25
4854;DHT22;3628;6.559;3.386;2026-01-03T16:39:55.878201+00:00;humidity;69.20
4854;DHT22;3628;6.559;3.386;2026-01-03T16:39:55.878201+00:00;temperature;35.00
4853;pms5003;3628;6.559;3.386;2026-01-03T16:45:13.095731+00:00;P2;15.50
4853;pms5003;3628;6.559;3.386;2026-01-03T16:45:13.095731+00:00;P1;20.50
4853;pms5003;3628;6.559;3.386;2026-01-03T16:45:13.095731+00:00;P0;11.50
4854;DHT22;3628;6.559;3.386;2026-01-03T16:45:30.446285+00:00;humidity;69.40
4854;DHT22;3628;6.559;3.386;2026-01-03T16:45:30.446285+00:00;temperature;34.60
4853;pms5003;3628;6.559;3.386;2026-01-03T16:52:29.469342+00:00;P2;21.50
4853;pms5003;3628;6.559;3.386;2026-01-03T16:52:29.469342+00:00;P1;21.50
4853;pms5003;3628;6.559;3.386;2026-01-03T16:52:29.469342+00:00;P0;13.00
4853;pms5003;3628;6.559;3.386;2026-01-03T17:12:52.962240+00:00;P2;29.25
4853;pms5003;3628;6.559;3.386;2026-01-03T17:12:52.962240+00:00;P1;40.50
4853;pms5003;3628;6.559;3.386;2026-01-03T17:12:52.962240+00:00;P0;20.00
4854;DHT22;3628;6.559;3.386;2026-01-03T17:13:10.338245+00:00;humidity;71.30
4854;DHT22;3628;6.559;3.386;2026-01-03T17:13:10.338245+00:00;temperature;33.50
4853;pms5003;3628;6.559;3.386;2026-01-03T17:18:27.763493+00:00;P2;33.50
4853;pms5003;3628;6.559;3.386;2026-01-03T17:18:27.763493+00:00;P1;47.25
4853;pms5003;3628;6.559;3.386;2026-01-03T17:18:27.763493+00:00;P0;22.00
4854;DHT22;3628;6.559;3.386;2026-01-03T17:18:45.161235+00:00;humidity;72.00
4854;DHT22;3628;6.559;3.386;2026-01-03T17:18:45.161235+00:00;temperature;33.10
4853;pms5003;3628;6.559;3.386;2026-01-03T17:29:26.250374+00:00;P2;28.00
4853;pms5003;3628;6.559;3.386;2026-01-03T17:29:26.250374+00:00;P1;29.50
4853;pms5003;3628;6.559;3.386;2026-01-03T17:29:26.250374+00:00;P0;18.00
4854;DHT22;3628;6.559;3.386;2026-01-03T17:34:56.837737+00:00;humidity;73.80
4854;DHT22;3628;6.559;3.386;2026-01-03T17:34:56.837737+00:00;temperature;32.40
4853;pms5003;3628;6.559;3.386;2026-01-03T17:45:27.733357+00:00;P2;34.00
4853;pms5003;3628;6.559;3.386;2026-01-03T17:45:27.733357+00:00;P1;45.00
4853;pms5003;3628;6.559;3.386;2026-01-03T17:45:27.733357+00:00;P0;22.00
4854;DHT22;3628;6.559;3.386;2026-01-03T17:51:09.316169+00:00;humidity;74.90
4854;DHT22;3628;6.559;3.386;2026-01-03T17:51:09.316169+00:00;temperature;32.20
4853;pms5003;3628;6.559;3.386;2026-01-03T17:56:26.392412+00:00;P2;35.33
4853;pms5003;3628;6.559;3.386;2026-01-03T17:56:26.392412+00:00;P1;49.00
4853;pms5003;3628;6.559;3.386;2026-01-03T17:56:26.392412+00:00;P0;22.33
4854;DHT22;3628;6.559;3.386;2026-01-03T17:56:43.726100+00:00;humidity;74.10
4854;DHT22;3628;6.559;3.386;2026-01-03T17:56:43.726100+00:00;temperature;32.20
4853;pms5003;3628;6.559;3.386;2026-01-03T18:07:24.778236+00:00;P2;26.67
4853;pms5003;3628;6.559;3.386;2026-01-03T18:07:24.778236+00:00;P1;28.33
4853;pms5003;3628;6.559;3.386;2026-01-03T18:07:24.778236+00:00;P0;18.00
4854;DHT22;3628;6.559;3.386;2026-01-03T18:07:42.135297+00:00;humidity;76.10
4854;DHT22;3628;6.559;3.386;2026-01-03T18:07:42.135297+00:00;temperature;32.00
4854;DHT22;3628;6.559;3.386;2026-01-03T18:13:16.796169+00:00;humidity;76.90
4854;DHT22;3628;6.559;3.386;2026-01-03T18:13:16.796169+00:00;temperature;31.80
4853;pms5003;3628;6.559;3.386;2026-01-03T18:18:33.990771+00:00;P2;26.00
4853;pms5003;3628;6.559;3.386;2026-01-03T18:18:33.990771+00:00;P1;28.00
4853;pms5003;3628;6.559;3.386;2026-01-03T18:18:33.990771+00:00;P0;18.60
4854;DHT22;3628;6.559;3.386;2026-01-03T18:18:51.323104+00:00;humidity;77.70
4854;DHT22;3628;6.559;3.386;2026-01-03T18:18:51.323104+00:00;temperature;31.70
4853;pms5003;3628;6.559;3.386;2026-01-03T18:29:21.405807+00:00;P2;32.00
4853;pms5003;3628;6.559;3.386;2026-01-03T18:29:21.405807+00:00;P1;45.25
4853;pms5003;3628;6.559;3.386;2026-01-03T18:29:21.405807+00:00;P0;23.00
4854;DHT22;3628;6.559;3.386;2026-01-03T18:35:03.007172+00:00;humidity;78.40
4854;DHT22;3628;6.559;3.386;2026-01-03T18:35:03.007172+00:00;temperature;31.60
4854;DHT22;3628;6.559;3.386;2026-01-03T18:41:29.161545+00:00;humidity;78.10
4854;DHT22;3628;6.559;3.386;2026-01-03T18:41:29.161545+00:00;temperature;31.70
4853;pms5003;3628;6.559;3.386;2026-01-03T18:45:44.520377+00:00;P2;28.00
4853;pms5003;3628;6.559;3.386;2026-01-03T18:45:44.520377+00:00;P1;34.50
4853;pms5003;3628;6.559;3.386;2026-01-03T18:45:44.520377+00:00;P0;18.00
4854;DHT22;3628;6.559;3.386;2026-01-03T18:56:50.111125+00:00;humidity;78.80
4854;DHT22;3628;6.559;3.386;2026-01-03T18:56:50.111125+00:00;temperature;31.50
4853;pms5003;3628;6.559;3.386;2026-01-03T19:02:07.283449+00:00;P2;27.67
4853;pms5003;3628;6.559;3.386;2026-01-03T19:02:07.283449+00:00;P1;31.00
4853;pms5003;3628;6.559;3.386;2026-01-03T19:02:07.283449+00:00;P0;19.67
4853;pms5003;3628;6.559;3.386;2026-01-03T19:07:41.832143+00:00;P2;26.50
4853;pms5003;3628;6.559;3.386;2026-01-03T19:07:41.832143+00:00;P1;27.00
4853;pms5003;3628;6.559;3.386;2026-01-03T19:07:41.832143+00:00;P0;18.50
4854;DHT22;3628;6.559;3.386;2026-01-03T19:07:59.753902+00:00;humidity;79.00
4854;DHT22;3628;6.559;3.386;2026-01-03T19:07:59.753902+00:00;temperature;31.40
4853;pms5003;3628;6.559;3.386;2026-01-03T19:14:15.045106+00:00;P2;28.80
4853;pms5003;3628;6.559;3.386;2026-01-03T19:14:15.045106+00:00;P1;30.20
4853;pms5003;3628;6.559;3.386;2026-01-03T19:14:15.045106+00:00;P0;21.00
4854;DHT22;3628;6.559;3.386;2026-01-03T19:18:47.535307+00:00;humidity;79.30
4854;DHT22;3628;6.559;3.386;2026-01-03T19:18:47.535307+00:00;temperature;31.20
4853;pms5003;3628;6.559;3.386;2026-01-03T19:24:04.732707+00:00;P2;29.75
4853;pms5003;3628;6.559;3.386;2026-01-03T19:24:04.732707+00:00;P1;37.25
4853;pms5003;3628;6.559;3.386;2026-01-03T19:24:04.732707+00:00;P0;19.50
4854;DHT22;3628;6.559;3.386;2026-01-03T19:24:22.076341+00:00;humidity;79.50
4854;DHT22;3628;6.559;3.386;2026-01-03T19:24:22.076341+00:00;temperature;31.30
4853;pms5003;3628;6.559;3.386;2026-01-03T19:29:39.216628+00:00;P2;35.00
4853;pms5003;3628;6.559;3.386;2026-01-03T19:29:39.216628+00:00;P1;44.00
4853;pms5003;3628;6.559;3.386;2026-01-03T19:29:39.216628+00:00;P0;24.00
4853;pms5003;3628;6.559;3.386;2026-01-03T19:50:44.227043+00:00;P2;28.20
4853;pms5003;3628;6.559;3.386;2026-01-03T19:50:44.227043+00:00;P1;35.00
4853;pms5003;3628;6.559;3.386;2026-01-03T19:50:44.227043+00:00;P0;19.40
4854;DHT22;3628;6.559;3.386;2026-01-03T19:51:01.536934+00:00;humidity;80.10
4854;DHT22;3628;6.559;3.386;2026-01-03T19:51:01.536934+00:00;temperature;31.20
4853;pms5003;3628;6.559;3.386;2026-01-03T19:56:18.962502+00:00;P2;31.50
4853;pms5003;3628;6.559;3.386;2026-01-03T19:56:18.962502+00:00;P1;38.75
4853;pms5003;3628;6.559;3.386;2026-01-03T19:56:18.962502+00:00;P0;22.00
4853;pms5003;3628;6.559;3.386;2026-01-03T20:03:14.920640+00:00;P2;30.00
4853;pms5003;3628;6.559;3.386;2026-01-03T20:03:14.920640+00:00;P1;41.50
4853;pms5003;3628;6.559;3.386;2026-01-03T20:03:14.920640+00:00;P0;20.25
4853;pms5003;3628;6.559;3.386;2026-01-03T20:07:17.804329+00:00;P2;38.00
4853;pms5003;3628;6.559;3.386;2026-01-03T20:07:17.804329+00:00;P1;43.50
4853;pms5003;3628;6.559;3.386;2026-01-03T20:07:17.804329+00:00;P0;26.00
4854;DHT22;3628;6.559;3.386;2026-01-03T20:07:35.303963+00:00;humidity;80.80
4854;DHT22;3628;6.559;3.386;2026-01-03T20:07:35.303963+00:00;temperature;31.10
4853;pms5003;3628;6.559;3.386;2026-01-03T20:12:52.497729+00:00;P2;32.50
4853;pms5003;3628;6.559;3.386;2026-01-03T20:12:52.497729+00:00;P1;44.50
4853;pms5003;3628;6.559;3.386;2026-01-03T20:12:52.497729+00:00;P0;22.50
4854;DHT22;3628;6.559;3.386;2026-01-03T20:13:09.835305+00:00;humidity;81.10
4854;DHT22;3628;6.559;3.386;2026-01-03T20:13:09.835305+00:00;temperature;31.00
4854;DHT22;3628;6.559;3.386;2026-01-03T20:18:44.453181+00:00;humidity;81.40
4854;DHT22;3628;6.559;3.386;2026-01-03T20:18:44.453181+00:00;temperature;31.10
4853;pms5003;3628;6.559;3.386;2026-01-03T20:24:01.709030+00:00;P2;28.00
4853;pms5003;3628;6.559;3.386;2026-01-03T20:24:01.709030+00:00;P1;29.00
4853;pms5003;3628;6.559;3.386;2026-01-03T20:24:01.709030+00:00;P0;18.00
4854;DHT22;3628;6.559;3.386;2026-01-03T20:24:18.965279+00:00;humidity;82.00
4854;DHT22;3628;6.559;3.386;2026-01-03T20:24:18.965279+00:00;temperature;31.00
4854;DHT22;3628;6.559;3.386;2026-01-03T20:29:53.763445+00:00;humidity;82.30
4854;DHT22;3628;6.559;3.386;2026-01-03T20:29:53.763445+00:00;temperature;30.90
4853;pms5003;3628;6.559;3.386;2026-01-03T20:35:11.042602+00:00;P2;29.60
4853;pms5003;3628;6.559;3.386;2026-01-03T20:35:11.042602+00:00;P1;31.60
4853;pms5003;3628;6.559;3.386;2026-01-03T20:35:11.042602+00:00;P0;19.60
4854;DHT22;3628;6.559;3.386;2026-01-03T20:35:28.593408+00:00;humidity;82.30
4854;DHT22;3628;6.559;3.386;2026-01-03T20:35:28.593408+00:00;temperature;31.00
4853;pms5003;3628;6.559;3.386;2026-01-03T20:40:45.599444+00:00;P2;31.80
4853;pms5003;3628;6.559;3.386;2026-01-03T20:40:45.599444+00:00;P1;36.20
4853;pms5003;3628;6.559;3.386;2026-01-03T20:40:45.599444+00:00;P0;20.00
4854;DHT22;3628;6.559;3.386;2026-01-03T20:41:02.963826+00:00;humidity;82.70
4854;DHT22;3628;6.559;3.386;2026-01-03T20:41:02.963826+00:00;temperature;30.80
4853;pms5003;3628;6.559;3.386;2026-01-03T20:46:20.390016+00:00;P2;38.00
4853;pms5003;3628;6.559;3.386;2026-01-03T20:46:20.390016+00:00;P1;51.50
4853;pms5003;3628;6.559;3.386;2026-01-03T20:46:20.390016+00:00;P0;23.75
4854;DHT22;3628;6.559;3.386;2026-01-03T20:52:01.600722+00:00;humidity;82.70
4854;DHT22;3628;6.559;3.386;2026-01-03T20:52:01.600722+00:00;temperature;30.90
4854;DHT22;3628;6.559;3.386;2026-01-03T21:13:21.412460+00:00;humidity;83.50
4854;DHT22;3628;6.559;3.386;2026-01-03T21:13:21.412460+00:00;temperature;30.80
4854;DHT22;3628;6.559;3.386;2026-01-03T21:24:05.771918+00:00;humidity;83.40
4854;DHT22;3628;6.559;3.386;2026-01-03T21:24:05.771918+00:00;temperature;30.80
4853;pms5003;3628;6.559;3.386;2026-01-03T21:29:25.951459+00:00;P2;40.50
4853;pms5003;3628;6.559;3.386;2026-01-03T21:29:25.951459+00:00;P1;56.00
4853;pms5003;3628;6.559;3.386;2026-01-03T21:29:25.951459+00:00;P0;26.00
4854;DHT22;3628;6.559;3.386;2026-01-03T21:29:45.926752+00:00;humidity;83.40
4854;DHT22;3628;6.559;3.386;2026-01-03T21:29:45.926752+00:00;temperature;30.80
4853;pms5003;3628;6.559;3.386;2026-01-03T21:35:06.312099+00:00;P2;34.00
4853;pms5003;3628;6.559;3.386;2026-01-03T21:35:06.312099+00:00;P1;47.50
4853;pms5003;3628;6.559;3.386;2026-01-03T21:35:06.312099+00:00;P0;21.75
4854;DHT22;3628;6.559;3.386;2026-01-03T21:35:23.594097+00:00;humidity;83.40
4854;DHT22;3628;6.559;3.386;2026-01-03T21:35:23.594097+00:00;temperature;30.80
4853;pms5003;3628;6.559;3.386;2026-01-03T21:46:16.739325+00:00;P2;33.00
4853;pms5003;3628;6.559;3.386;2026-01-03T21:46:16.739325+00:00;P1;46.25
4853;pms5003;3628;6.559;3.386;2026-01-03T21:46:16.739325+00:00;P0;22.00
4854;DHT22;3628;6.559;3.386;2026-01-03T21:46:40.232091+00:00;humidity;82.80
4854;DHT22;3628;6.559;3.386;2026-01-03T21:46:40.232091+00:00;temperature;30.80
4853;pms5003;3628;6.559;3.386;2026-01-03T21:53:21.709462+00:00;P2;33.00
4853;pms5003;3628;6.559;3.386;2026-01-03T21:53:21.709462+00:00;P1;45.00
4853;pms5003;3628;6.559;3.386;2026-01-03T21:53:21.709462+00:00;P0;22.00
4853;pms5003;3628;6.559;3.386;2026-01-03T21:57:12.688119+00:00;P2;32.00
4853;pms5003;3628;6.559;3.386;2026-01-03T21:57:12.688119+00:00;P1;36.50
4853;pms5003;3628;6.559;3.386;2026-01-03T21:57:12.688119+00:00;P0;21.50
4854;DHT22;3628;6.559;3.386;2026-01-03T21:57:32.947746+00:00;humidity;82.20
4854;DHT22;3628;6.559;3.386;2026-01-03T21:57:32.947746+00:00;temperature;30.80
4854;DHT22;3628;6.559;3.386;2026-01-03T22:11:44.441747+00:00;humidity;82.80
4854;DHT22;3628;6.559;3.386;2026-01-03T22:11:44.441747+00:00;temperature;30.70
4853;pms5003;3628;6.559;3.386;2026-01-03T22:17:01.667102+00:00;P2;43.50
4853;pms5003;3628;6.559;3.386;2026-01-03T22:17:01.667102+00:00;P1;60.25
4853;pms5003;3628;6.559;3.386;2026-01-03T22:17:01.667102+00:00;P0;27.25
4854;DHT22;3628;6.559;3.386;2026-01-03T22:17:18.963005+00:00;humidity;83.10
4854;DHT22;3628;6.559;3.386;2026-01-03T22:17:18.963005+00:00;temperature;30.70
4853;pms5003;3628;6.559;3.386;2026-01-03T22:22:36.185549+00:00;P2;43.00
4853;pms5003;3628;6.559;3.386;2026-01-03T22:22:36.185549+00:00;P1;60.50
4853;pms5003;3628;6.559;3.386;2026-01-03T22:22:36.185549+00:00;P0;26.25
4854;DHT22;3628;6.559;3.386;2026-01-03T22:22:53.538725+00:00;humidity;83.30
4854;DHT22;3628;6.559;3.386;2026-01-03T22:22:53.538725+00:00;temperature;30.60
4854;DHT22;3628;6.559;3.386;2026-01-03T22:33:41.264832+00:00;humidity;83.20
4854;DHT22;3628;6.559;3.386;2026-01-03T22:33:41.264832+00:00;temperature;30.70
4854;DHT22;3628;6.559;3.386;2026-01-03T22:43:55.769060+00:00;humidity;83.60
4854;DHT22;3628;6.559;3.386;2026-01-03T22:43:55.769060+00:00;temperature;30.60
4853;pms5003;3628;6.559;3.386;2026-01-03T22:48:49.231021+00:00;P2;39.00
4853;pms5003;3628;6.559;3.386;2026-01-03T22:48:49.231021+00:00;P1;54.25
4853;pms5003;3628;6.559;3.386;2026-01-03T22:48:49.231021+00:00;P0;24.25
4854;DHT22;3628;6.559;3.386;2026-01-03T22:49:06.648040+00:00;humidity;84.00
4854;DHT22;3628;6.559;3.386;2026-01-03T22:49:06.648040+00:00;temperature;30.60
4853;pms5003;3628;6.559;3.386;2026-01-03T22:54:23.834328+00:00;P2;41.00
4853;pms5003;3628;6.559;3.386;2026-01-03T22:54:23.834328+00:00;P1;53.50
4853;pms5003;3628;6.559;3.386;2026-01-03T22:54:23.834328+00:00;P0;26.00
4854;DHT22;3628;6.559;3.386;2026-01-03T22:54:41.210261+00:00;humidity;83.90
4854;DHT22;3628;6.559;3.386;2026-01-03T22:54:41.210261+00:00;temperature;30.70
4853;pms5003;3628;6.559;3.386;2026-01-03T23:01:35.098670+00:00;P2;44.75
4853;pms5003;3628;6.559;3.386;2026-01-03T23:01:35.098670+00:00;P1;60.25
4853;pms5003;3628;6.559;3.386;2026-01-03T23:01:35.098670+00:00;P0;27.00
4853;pms5003;3628;6.559;3.386;2026-01-03T23:05:25.557998+00:00;P2;46.25
4853;pms5003;3628;6.559;3.386;2026-01-03T23:05:25.557998+00:00;P1;61.25
4853;pms5003;3628;6.559;3.386;2026-01-03T23:05:25.557998+00:00;P0;28.00
4853;pms5003;3628;6.559;3.386;2026-01-03T23:11:00.198126+00:00;P2;47.25
4853;pms5003;3628;6.559;3.386;2026-01-03T23:11:00.198126+00:00;P1;64.25
4853;pms5003;3628;6.559;3.386;2026-01-03T23:11:00.198126+00:00;P0;29.00
4853;pms5003;3628;6.559;3.386;2026-01-03T23:16:24.150741+00:00;P2;43.60
4853;pms5003;3628;6.559;3.386;2026-01-03T23:16:24.150741+00:00;P1;63.60
4853;pms5003;3628;6.559;3.386;2026-01-03T23:16:24.150741+00:00;P0;26.60
4853;pms5003;3628;6.559;3.386;2026-01-03T23:21:47.997107+00:00;P2;44.50
4853;pms5003;3628;6.559;3.386;2026-01-03T23:21:47.997107+00:00;P1;60.00
4853;pms5003;3628;6.559;3.386;2026-01-03T23:21:47.997107+00:00;P0;28.00
4854;DHT22;3628;6.559;3.386;2026-01-03T23:22:05.362847+00:00;humidity;84.80
4854;DHT22;3628;6.559;3.386;2026-01-03T23:22:05.362847+00:00;temperature;30.60
4853;pms5003;3628;6.559;3.386;2026-01-03T23:27:22.610408+00:00;P2;38.50
4853;pms5003;3628;6.559;3.386;2026-01-03T23:27:22.610408+00:00;P1;55.00
4853;pms5003;3628;6.559;3.386;2026-01-03T23:27:22.610408+00:00;P0;23.50
4853;pms5003;3628;6.559;3.386;2026-01-03T23:32:46.592369+00:00;P2;43.20
4853;pms5003;3628;6.559;3.386;2026-01-03T23:32:46.592369+00:00;P1;59.80
4853;pms5003;3628;6.559;3.386;2026-01-03T23:32:46.592369+00:00;P0;26.00
4854;DHT22;3628;6.559;3.386;2026-01-03T23:33:04.175149+00:00;humidity;84.90
4854;DHT22;3628;6.559;3.386;2026-01-03T23:33:04.175149+00:00;temperature;30.60
4853;pms5003;3628;6.559;3.386;2026-01-03T23:38:21.352873+00:00;P2;41.60
4853;pms5003;3628;6.559;3.386;2026-01-03T23:38:21.352873+00:00;P1;56.40
4853;pms5003;3628;6.559;3.386;2026-01-03T23:38:21.352873+00:00;P0;25.20
4854;DHT22;3628;6.559;3.386;2026-01-03T23:38:38.655539+00:00;humidity;85.10
4854;DHT22;3628;6.559;3.386;2026-01-03T23:38:38.655539+00:00;temperature;30.50
4853;pms5003;3628;6.559;3.386;2026-01-03T23:43:55.902743+00:00;P2;42.25
4853;pms5003;3628;6.559;3.386;2026-01-03T23:43:55.902743+00:00;P1;60.50
4853;pms5003;3628;6.559;3.386;2026-01-03T23:43:55.902743+00:00;P0;27.00
4854;DHT22;3628;6.559;3.386;2026-01-03T23:44:13.252260+00:00;humidity;85.10
4854;DHT22;3628;6.559;3.386;2026-01-03T23:44:13.252260+00:00;temperature;30.50
4853;pms5003;3628;6.559;3.386;2026-01-03T23:49:30.458677+00:00;P2;58.75
4853;pms5003;3628;6.559;3.386;2026-01-03T23:49:30.458677+00:00;P1;76.25
4853;pms5003;3628;6.559;3.386;2026-01-03T23:49:30.458677+00:00;P0;35.00
4854;DHT22;3628;6.559;3.386;2026-01-03T23:49:47.849491+00:00;humidity;84.80
4854;DHT22;3628;6.559;3.386;2026-01-03T23:49:47.849491+00:00;temperature;30.50
4853;pms5003;3628;6.559;3.386;2026-01-03T23:55:05.117324+00:00;P2;66.75
4853;pms5003;3628;6.559;3.386;2026-01-03T23:55:05.117324+00:00;P1;84.75
4853;pms5003;3628;6.559;3.386;2026-01-03T23:55:05.117324+00:00;P0;39.00
4854;DHT22;3628;6.559;3.386;2026-01-03T23:55:22.479507+00:00;humidity;84.70
4854;DHT22;3628;6.559;3.386;2026-01-03T23:55:22.479507+00:00;temperature;30.50
4854;DHT22;3628;6.559;3.386;2026-01-04T00:00:57.085871+00:00;humidity;85.00
4854;DHT22;3628;6.559;3.386;2026-01-04T00:00:57.085871+00:00;temperature;30.50
4854;DHT22;3628;6.559;3.386;2026-01-04T00:06:23.958572+00:00;humidity;85.10
4854;DHT22;3628;6.559;3.386;2026-01-04T00:06:23.958572+00:00;temperature;30.50
4853;pms5003;3628;6.559;3.386;2026-01-04T00:11:41.152094+00:00;P2;50.00
4853;pms5003;3628;6.559;3.386;2026-01-04T00:11:41.152094+00:00;P1;74.00
4853;pms5003;3628;6.559;3.386;2026-01-04T00:11:41.152094+00:00;P0;31.00
4854;DHT22;3628;6.559;3.386;2026-01-04T00:11:58.509723+00:00;humidity;85.00
4854;DHT22;3628;6.559;3.386;2026-01-04T00:11:58.509723+00:00;temperature;30.40
4854;DHT22;3628;6.559;3.386;2026-01-04T00:17:22.213704+00:00;humidity;84.80
4854;DHT22;3628;6.559;3.386;2026-01-04T00:17:22.213704+00:00;temperature;30.40
4853;pms5003;3628;6.559;3.386;2026-01-04T00:22:42.287896+00:00;P2;51.00
4853;pms5003;3628;6.559;3.386;2026-01-04T00:22:42.287896+00:00;P1;71.25
4853;pms5003;3628;6.559;3.386;2026-01-04T00:22:42.287896+00:00;P0;31.00
4853;pms5003;3628;6.559;3.386;2026-01-04T00:28:35.026567+00:00;P2;46.00
4853;pms5003;3628;6.559;3.386;2026-01-04T00:28:35.026567+00:00;P1;63.75
4853;pms5003;3628;6.559;3.386;2026-01-04T00:28:35.026567+00:00;P0;28.00
4853;pms5003;3628;6.559;3.386;2026-01-04T00:33:41.114769+00:00;P2;39.25
4853;pms5003;3628;6.559;3.386;2026-01-04T00:33:41.114769+00:00;P1;54.50
4853;pms5003;3628;6.559;3.386;2026-01-04T00:33:41.114769+00:00;P0;24.00
4854;DHT22;3628;6.559;3.386;2026-01-04T00:33:58.475745+00:00;humidity;84.90
4854;DHT22;3628;6.559;3.386;2026-01-04T00:33:58.475745+00:00;temperature;30.30
4853;pms5003;3628;6.559;3.386;2026-01-04T00:39:15.895714+00:00;P2;35.75
4853;pms5003;3628;6.559;3.386;2026-01-04T00:39:15.895714+00:00;P1;52.25
4853;pms5003;3628;6.559;3.386;2026-01-04T00:39:15.895714+00:00;P0;22.25
4854;DHT22;3628;6.559;3.386;2026-01-04T00:39:33.161732+00:00;humidity;85.00
4854;DHT22;3628;6.559;3.386;2026-01-04T00:39:33.161732+00:00;temperature;30.30
4853;pms5003;3628;6.559;3.386;2026-01-04T00:44:50.350672+00:00;P2;32.75
4853;pms5003;3628;6.559;3.386;2026-01-04T00:44:50.350672+00:00;P1;39.25
4853;pms5003;3628;6.559;3.386;2026-01-04T00:44:50.350672+00:00;P0;20.75
4854;DHT22;3628;6.559;3.386;2026-01-04T00:45:07.770067+00:00;humidity;84.90
4854;DHT22;3628;6.559;3.386;2026-01-04T00:45:07.770067+00:00;temperature;30.30
4853;pms5003;3628;6.559;3.386;2026-01-04T00:50:55.003544+00:00;P2;29.00
4853;pms5003;3628;6.559;3.386;2026-01-04T00:50:55.003544+00:00;P1;41.60
4853;pms5003;3628;6.559;3.386;2026-01-04T00:50:55.003544+00:00;P0;20.00
4854;DHT22;3628;6.559;3.386;2026-01-04T05:58:19.532996+00:00;humidity;95.00
4854;DHT22;3628;6.559;3.386;2026-01-04T05:58:19.532996+00:00;temperature;28.20
4853;pms5003;3628;6.559;3.386;2026-01-04T06:03:36.511055+00:00;P2;52.00
4853;pms5003;3628;6.559;3.386;2026-01-04T06:03:36.511055+00:00;P1;68.00
4853;pms5003;3628;6.559;3.386;2026-01-04T06:03:36.511055+00:00;P0;33.40
4854;DHT22;3628;6.559;3.386;2026-01-04T06:03:53.849381+00:00;humidity;94.40
4854;DHT22;3628;6.559;3.386;2026-01-04T06:03:53.849381+00:00;temperature;28.20
4853;pms5003;3628;6.559;3.386;2026-01-04T09:50:42.598018+00:00;P2;38.80
4853;pms5003;3628;6.559;3.386;2026-01-04T09:50:42.598018+00:00;P1;52.60
4853;pms5003;3628;6.559;3.386;2026-01-04T09:50:42.598018+00:00;P0;25.00
4854;DHT22;3628;6.559;3.386;2026-01-04T09:51:00.120959+00:00;humidity;74.40
4854;DHT22;3628;6.559;3.386;2026-01-04T09:51:00.120959+00:00;temperature;33.80
4853;pms5003;3628;6.559;3.386;2026-01-04T10:10:48.805698+00:00;P2;41.75
4853;pms5003;3628;6.559;3.386;2026-01-04T10:10:48.805698+00:00;P1;52.50
4853;pms5003;3628;6.559;3.386;2026-01-04T10:10:48.805698+00:00;P0;28.00
4854;DHT22;3628;6.559;3.386;2026-01-04T12:22:00.975177+00:00;humidity;54.70
4854;DHT22;3628;6.559;3.386;2026-01-04T12:22:00.975177+00:00;temperature;41.30
4853;pms5003;3628;6.559;3.386;2026-01-04T12:27:18.152868+00:00;P2;19.00
4853;pms5003;3628;6.559;3.386;2026-01-04T12:27:18.152868+00:00;P1;20.00
4853;pms5003;3628;6.559;3.386;2026-01-04T12:27:18.152868+00:00;P0;13.00
4854;DHT22;3628;6.559;3.386;2026-01-04T12:27:35.691078+00:00;humidity;57.90
4854;DHT22;3628;6.559;3.386;2026-01-04T12:27:35.691078+00:00;temperature;39.50
4853;pms5003;3628;6.559;3.386;2026-01-04T12:32:52.808594+00:00;P2;19.00
4853;pms5003;3628;6.559;3.386;2026-01-04T12:32:52.808594+00:00;P1;22.00
4853;pms5003;3628;6.559;3.386;2026-01-04T12:32:52.808594+00:00;P0;13.00
4854;DHT22;3628;6.559;3.386;2026-01-04T12:33:10.179529+00:00;humidity;57.40
4854;DHT22;3628;6.559;3.386;2026-01-04T12:33:10.179529+00:00;temperature;39.60
4853;pms5003;3628;6.559;3.386;2026-01-04T12:38:27.435875+00:00;P2;21.75
4853;pms5003;3628;6.559;3.386;2026-01-04T12:38:27.435875+00:00;P1;24.50
4853;pms5003;3628;6.559;3.386;2026-01-04T12:38:27.435875+00:00;P0;15.00
4853;pms5003;3628;6.559;3.386;2026-01-04T12:43:54.193396+00:00;P2;19.00
4853;pms5003;3628;6.559;3.386;2026-01-04T12:43:54.193396+00:00;P1;23.00
4853;pms5003;3628;6.559;3.386;2026-01-04T12:43:54.193396+00:00;P0;13.00
4854;DHT22;3628;6.559;3.386;2026-01-04T12:44:11.524816+00:00;humidity;55.30
4854;DHT22;3628;6.559;3.386;2026-01-04T12:44:11.524816+00:00;temperature;40.40
4853;pms5003;3628;6.559;3.386;2026-01-04T12:49:28.735474+00:00;P2;22.50
4853;pms5003;3628;6.559;3.386;2026-01-04T12:49:28.735474+00:00;P1;22.50
4853;pms5003;3628;6.559;3.386;2026-01-04T12:49:28.735474+00:00;P0;16.50
4854;DHT22;3628;6.559;3.386;2026-01-04T12:49:46.581227+00:00;humidity;55.00
4854;DHT22;3628;6.559;3.386;2026-01-04T12:49:46.581227+00:00;temperature;40.50
4853;pms5003;3628;6.559;3.386;2026-01-04T12:55:03.454487+00:00;P2;22.20
4853;pms5003;3628;6.559;3.386;2026-01-04T12:55:03.454487+00:00;P1;23.20
4853;pms5003;3628;6.559;3.386;2026-01-04T12:55:03.454487+00:00;P0;16.60
4854;DHT22;3628;6.559;3.386;2026-01-04T12:55:20.803806+00:00;humidity;55.10
4854;DHT22;3628;6.559;3.386;2026-01-04T12:55:20.803806+00:00;temperature;40.30
4854;DHT22;3628;6.559;3.386;2026-01-04T13:00:44.688459+00:00;humidity;53.80
4854;DHT22;3628;6.559;3.386;2026-01-04T13:00:44.688459+00:00;temperature;41.10
4853;pms5003;3628;6.559;3.386;2026-01-04T13:06:01.884628+00:00;P2;17.67
4853;pms5003;3628;6.559;3.386;2026-01-04T13:06:01.884628+00:00;P1;23.33
4853;pms5003;3628;6.559;3.386;2026-01-04T13:06:01.884628+00:00;P0;12.67
4854;DHT22;3628;6.559;3.386;2026-01-04T13:11:43.906694+00:00;humidity;59.20
4854;DHT22;3628;6.559;3.386;2026-01-04T13:11:43.906694+00:00;temperature;38.00
4853;pms5003;3628;6.559;3.386;2026-01-04T13:17:00.804721+00:00;P2;18.00
4853;pms5003;3628;6.559;3.386;2026-01-04T13:17:00.804721+00:00;P1;28.25
4853;pms5003;3628;6.559;3.386;2026-01-04T13:17:00.804721+00:00;P0;13.00
4854;DHT22;3628;6.559;3.386;2026-01-04T13:17:18.182258+00:00;humidity;60.60
4854;DHT22;3628;6.559;3.386;2026-01-04T13:17:18.182258+00:00;temperature;37.70
4853;pms5003;3628;6.559;3.386;2026-01-04T13:22:35.355561+00:00;P2;20.75
4853;pms5003;3628;6.559;3.386;2026-01-04T13:22:35.355561+00:00;P1;27.00
4853;pms5003;3628;6.559;3.386;2026-01-04T13:22:35.355561+00:00;P0;15.25
4853;pms5003;3628;6.559;3.386;2026-01-04T13:27:59.567492+00:00;P2;22.25
4853;pms5003;3628;6.559;3.386;2026-01-04T13:27:59.567492+00:00;P1;32.25
4853;pms5003;3628;6.559;3.386;2026-01-04T13:27:59.567492+00:00;P0;15.50
4854;DHT22;3628;6.559;3.386;2026-01-04T13:28:16.967186+00:00;humidity;60.80
4854;DHT22;3628;6.559;3.386;2026-01-04T13:28:16.967186+00:00;temperature;37.50
4853;pms5003;3628;6.559;3.386;2026-01-04T13:33:34.107104+00:00;P2;22.00
4853;pms5003;3628;6.559;3.386;2026-01-04T13:33:34.107104+00:00;P1;27.40
4853;pms5003;3628;6.559;3.386;2026-01-04T13:33:34.107104+00:00;P0;16.00
4854;DHT22;3628;6.559;3.386;2026-01-04T13:33:51.449030+00:00;humidity;61.50
4854;DHT22;3628;6.559;3.386;2026-01-04T13:33:51.449030+00:00;temperature;37.40
4854;DHT22;3628;6.559;3.386;2026-01-04T13:39:15.203063+00:00;humidity;59.20
4854;DHT22;3628;6.559;3.386;2026-01-04T13:39:15.203063+00:00;temperature;38.80
4854;DHT22;3628;6.559;3.386;2026-01-04T13:44:39.083712+00:00;humidity;56.70
4854;DHT22;3628;6.559;3.386;2026-01-04T13:44:39.083712+00:00;temperature;39.90
4853;pms5003;3628;6.559;3.386;2026-01-04T13:49:56.327841+00:00;P2;24.00
4853;pms5003;3628;6.559;3.386;2026-01-04T13:49:56.327841+00:00;P1;32.00
4853;pms5003;3628;6.559;3.386;2026-01-04T13:49:56.327841+00:00;P0;18.00
4854;DHT22;3628;6.559;3.386;2026-01-04T13:50:13.654967+00:00;humidity;56.60
4854;DHT22;3628;6.559;3.386;2026-01-04T13:50:13.654967+00:00;temperature;39.30
4854;DHT22;3628;6.559;3.386;2026-01-04T13:55:37.638423+00:00;humidity;58.90
4854;DHT22;3628;6.559;3.386;2026-01-04T13:55:37.638423+00:00;temperature;38.20
4853;pms5003;3628;6.559;3.386;2026-01-04T14:06:08.273718+00:00;P2;20.75
4853;pms5003;3628;6.559;3.386;2026-01-04T14:06:08.273718+00:00;P1;32.50
4853;pms5003;3628;6.559;3.386;2026-01-04T14:06:08.273718+00:00;P0;13.00
4853;pms5003;3628;6.559;3.386;2026-01-04T14:11:32.474352+00:00;P2;19.67
4853;pms5003;3628;6.559;3.386;2026-01-04T14:11:32.474352+00:00;P1;23.67
4853;pms5003;3628;6.559;3.386;2026-01-04T14:11:32.474352+00:00;P0;13.00
4853;pms5003;3628;6.559;3.386;2026-01-04T14:17:07.020716+00:00;P2;19.00
4853;pms5003;3628;6.559;3.386;2026-01-04T14:17:07.020716+00:00;P1;23.40
4853;pms5003;3628;6.559;3.386;2026-01-04T14:17:07.020716+00:00;P0;12.80
4854;DHT22;3628;6.559;3.386;2026-01-04T14:17:24.390015+00:00;humidity;56.00
4854;DHT22;3628;6.559;3.386;2026-01-04T14:17:24.390015+00:00;temperature;39.70
4853;pms5003;3628;6.559;3.386;2026-01-04T14:22:41.639778+00:00;P2;23.25
4853;pms5003;3628;6.559;3.386;2026-01-04T14:22:41.639778+00:00;P1;23.25
4853;pms5003;3628;6.559;3.386;2026-01-04T14:22:41.639778+00:00;P0;16.25
4854;DHT22;3628;6.559;3.386;2026-01-04T14:22:59.056339+00:00;humidity;56.70
4854;DHT22;3628;6.559;3.386;2026-01-04T14:22:59.056339+00:00;temperature;39.30
4854;DHT22;3628;6.559;3.386;2026-01-04T14:28:33.751139+00:00;humidity;56.40
4854;DHT22;3628;6.559;3.386;2026-01-04T14:28:33.751139+00:00;temperature;39.20
4853;pms5003;3628;6.559;3.386;2026-01-04T14:33:50.936680+00:00;P2;20.75
4853;pms5003;3628;6.559;3.386;2026-01-04T14:33:50.936680+00:00;P1;23.50
4853;pms5003;3628;6.559;3.386;2026-01-04T14:33:50.936680+00:00;P0;13.75
4854;DHT22;3628;6.559;3.386;2026-01-04T14:34:08.280346+00:00;humidity;57.00
4854;DHT22;3628;6.559;3.386;2026-01-04T14:34:08.280346+00:00;temperature;39.20
4854;DHT22;3628;6.559;3.386;2026-01-04T14:39:42.955387+00:00;humidity;56.70
4854;DHT22;3628;6.559;3.386;2026-01-04T14:39:42.955387+00:00;temperature;39.20
4854;DHT22;3628;6.559;3.386;2026-01-04T14:45:17.508778+00:00;humidity;57.90
4854;DHT22;3628;6.559;3.386;2026-01-04T14:45:17.508778+00:00;temperature;39.00
4853;pms5003;3628;6.559;3.386;2026-01-04T14:50:34.695319+00:00;P2;23.33
4853;pms5003;3628;6.559;3.386;2026-01-04T14:50:34.695319+00:00;P1;23.33
4853;pms5003;3628;6.559;3.386;2026-01-04T14:50:34.695319+00:00;P0;17.33
4854;DHT22;3628;6.559;3.386;2026-01-04T14:50:52.070575+00:00;humidity;58.30
4854;DHT22;3628;6.559;3.386;2026-01-04T14:50:52.070575+00:00;temperature;39.00
4853;pms5003;3628;6.559;3.386;2026-01-04T14:56:09.360267+00:00;P2;16.00
4853;pms5003;3628;6.559;3.386;2026-01-04T14:56:09.360267+00:00;P1;20.00
4853;pms5003;3628;6.559;3.386;2026-01-04T14:56:09.360267+00:00;P0;13.00
4854;DHT22;3628;6.559;3.386;2026-01-04T14:56:26.731900+00:00;humidity;58.90
4854;DHT22;3628;6.559;3.386;2026-01-04T14:56:26.731900+00:00;temperature;38.70
4853;pms5003;3628;6.559;3.386;2026-01-04T15:06:57.134856+00:00;P2;22.00
4853;pms5003;3628;6.559;3.386;2026-01-04T15:06:57.134856+00:00;P1;22.75
4853;pms5003;3628;6.559;3.386;2026-01-04T15:06:57.134856+00:00;P0;14.00
4854;DHT22;3628;6.559;3.386;2026-01-04T15:43:54.870522+00:00;humidity;59.50
4854;DHT22;3628;6.559;3.386;2026-01-04T15:43:54.870522+00:00;temperature;37.90
4853;pms5003;3628;6.559;3.386;2026-01-04T15:49:12.133332+00:00;P2;24.50
4853;pms5003;3628;6.559;3.386;2026-01-04T15:49:12.133332+00:00;P1;25.50
4853;pms5003;3628;6.559;3.386;2026-01-04T15:49:12.133332+00:00;P0;16.00
4854;DHT22;3628;6.559;3.386;2026-01-04T15:49:29.484603+00:00;humidity;59.90
4854;DHT22;3628;6.559;3.386;2026-01-04T15:49:29.484603+00:00;temperature;37.70
4854;DHT22;3628;6.559;3.386;2026-01-04T15:55:04.149690+00:00;humidity;59.60
4854;DHT22;3628;6.559;3.386;2026-01-04T15:55:04.149690+00:00;temperature;37.70
4853;pms5003;3628;6.559;3.386;2026-01-04T16:00:21.325283+00:00;P2;24.00
4853;pms5003;3628;6.559;3.386;2026-01-04T16:00:21.325283+00:00;P1;28.00
4853;pms5003;3628;6.559;3.386;2026-01-04T16:00:21.325283+00:00;P0;17.00
4854;DHT22;3628;6.559;3.386;2026-01-04T16:00:38.815636+00:00;humidity;60.30
4854;DHT22;3628;6.559;3.386;2026-01-04T16:00:38.815636+00:00;temperature;37.30
4853;pms5003;3628;6.559;3.386;2026-01-04T16:05:56.020328+00:00;P2;19.60
4853;pms5003;3628;6.559;3.386;2026-01-04T16:05:56.020328+00:00;P1;20.60
4853;pms5003;3628;6.559;3.386;2026-01-04T16:05:56.020328+00:00;P0;12.20
4854;DHT22;3628;6.559;3.386;2026-01-04T16:06:13.420267+00:00;humidity;60.30
4854;DHT22;3628;6.559;3.386;2026-01-04T16:06:13.420267+00:00;temperature;37.20
4854;DHT22;3628;6.559;3.386;2026-01-04T16:11:47.965997+00:00;humidity;60.40
4854;DHT22;3628;6.559;3.386;2026-01-04T16:11:47.965997+00:00;temperature;37.00
4853;pms5003;3628;6.559;3.386;2026-01-04T16:17:05.162534+00:00;P2;20.50
4853;pms5003;3628;6.559;3.386;2026-01-04T16:17:05.162534+00:00;P1;22.50
4853;pms5003;3628;6.559;3.386;2026-01-04T16:17:05.162534+00:00;P0;12.50
4854;DHT22;3628;6.559;3.386;2026-01-04T16:17:22.546136+00:00;humidity;61.10
4854;DHT22;3628;6.559;3.386;2026-01-04T16:17:22.546136+00:00;temperature;36.40
4854;DHT22;3628;6.559;3.386;2026-01-04T16:22:46.598432+00:00;humidity;61.40
4854;DHT22;3628;6.559;3.386;2026-01-04T16:22:46.598432+00:00;temperature;36.50
4853;pms5003;3628;6.559;3.386;2026-01-04T16:28:06.674743+00:00;P2;30.50
4853;pms5003;3628;6.559;3.386;2026-01-04T16:28:06.674743+00:00;P1;33.75
4853;pms5003;3628;6.559;3.386;2026-01-04T16:28:06.674743+00:00;P0;17.00
4854;DHT22;3628;6.559;3.386;2026-01-04T16:28:24.040177+00:00;humidity;61.60
4854;DHT22;3628;6.559;3.386;2026-01-04T16:28:24.040177+00:00;temperature;36.50
4854;DHT22;3628;6.559;3.386;2026-01-04T16:33:58.728639+00:00;humidity;62.60
4854;DHT22;3628;6.559;3.386;2026-01-04T16:33:58.728639+00:00;temperature;36.00
4854;DHT22;3628;6.559;3.386;2026-01-04T16:39:22.624230+00:00;humidity;63.50
4854;DHT22;3628;6.559;3.386;2026-01-04T16:39:22.624230+00:00;temperature;35.80
4853;pms5003;3628;6.559;3.386;2026-01-04T16:44:39.823977+00:00;P2;24.00
4853;pms5003;3628;6.559;3.386;2026-01-04T16:44:39.823977+00:00;P1;25.00
4853;pms5003;3628;6.559;3.386;2026-01-04T16:44:39.823977+00:00;P0;17.25
4854;DHT22;3628;6.559;3.386;2026-01-04T16:44:57.201276+00:00;humidity;63.60
4854;DHT22;3628;6.559;3.386;2026-01-04T16:44:57.201276+00:00;temperature;35.70
4853;pms5003;3628;6.559;3.386;2026-01-04T16:50:14.375926+00:00;P2;27.75
4853;pms5003;3628;6.559;3.386;2026-01-04T16:50:14.375926+00:00;P1;30.00
4853;pms5003;3628;6.559;3.386;2026-01-04T16:50:14.375926+00:00;P0;17.75
4854;DHT22;3628;6.559;3.386;2026-01-04T16:50:31.818858+00:00;humidity;63.40
4854;DHT22;3628;6.559;3.386;2026-01-04T16:50:31.818858+00:00;temperature;35.40
4853;pms5003;3628;6.559;3.386;2026-01-04T16:55:48.994543+00:00;P2;29.00
4853;pms5003;3628;6.559;3.386;2026-01-04T16:55:48.994543+00:00;P1;43.00
4853;pms5003;3628;6.559;3.386;2026-01-04T16:55:48.994543+00:00;P0;19.00
4854;DHT22;3628;6.559;3.386;2026-01-04T16:56:06.436456+00:00;humidity;64.50
4854;DHT22;3628;6.559;3.386;2026-01-04T16:56:06.436456+00:00;temperature;35.00
4853;pms5003;3628;6.559;3.386;2026-01-04T17:01:23.649479+00:00;P2;20.00
4853;pms5003;3628;6.559;3.386;2026-01-04T17:01:23.649479+00:00;P1;35.50
4853;pms5003;3628;6.559;3.386;2026-01-04T17:01:23.649479+00:00;P0;15.00
4854;DHT22;3628;6.559;3.386;2026-01-04T17:01:40.982784+00:00;humidity;66.40
4854;DHT22;3628;6.559;3.386;2026-01-04T17:01:40.982784+00:00;temperature;34.70
4853;pms5003;3628;6.559;3.386;2026-01-04T17:06:58.321232+00:00;P2;21.00
4853;pms5003;3628;6.559;3.386;2026-01-04T17:06:58.321232+00:00;P1;31.50
4853;pms5003;3628;6.559;3.386;2026-01-04T17:06:58.321232+00:00;P0;13.00
4854;DHT22;3628;6.559;3.386;2026-01-04T17:07:15.717007+00:00;humidity;67.60
4854;DHT22;3628;6.559;3.386;2026-01-04T17:07:15.717007+00:00;temperature;34.40
4854;DHT22;3628;6.559;3.386;2026-01-04T17:12:50.211941+00:00;humidity;68.20
4854;DHT22;3628;6.559;3.386;2026-01-04T17:12:50.211941+00:00;temperature;34.10
4853;pms5003;3628;6.559;3.386;2026-01-04T17:18:07.392497+00:00;P2;23.00
4853;pms5003;3628;6.559;3.386;2026-01-04T17:18:07.392497+00:00;P1;29.50
4853;pms5003;3628;6.559;3.386;2026-01-04T17:18:07.392497+00:00;P0;16.50
4854;DHT22;3628;6.559;3.386;2026-01-04T17:18:24.734693+00:00;humidity;68.40
4854;DHT22;3628;6.559;3.386;2026-01-04T17:18:24.734693+00:00;temperature;33.90
4853;pms5003;3628;6.559;3.386;2026-01-04T17:23:41.919167+00:00;P2;30.60
4853;pms5003;3628;6.559;3.386;2026-01-04T17:23:41.919167+00:00;P1;44.00
4853;pms5003;3628;6.559;3.386;2026-01-04T17:23:41.919167+00:00;P0;20.60
4853;pms5003;3628;6.559;3.386;2026-01-04T17:29:05.848730+00:00;P2;31.00
4853;pms5003;3628;6.559;3.386;2026-01-04T17:29:05.848730+00:00;P1;44.50
4853;pms5003;3628;6.559;3.386;2026-01-04T17:29:05.848730+00:00;P0;19.00
4854;DHT22;3628;6.559;3.386;2026-01-04T17:29:23.235542+00:00;humidity;70.80
4854;DHT22;3628;6.559;3.386;2026-01-04T17:29:23.235542+00:00;temperature;33.40
4854;DHT22;3628;6.559;3.386;2026-01-04T17:34:46.969648+00:00;humidity;71.70
4854;DHT22;3628;6.559;3.386;2026-01-04T17:34:46.969648+00:00;temperature;33.00
4854;DHT22;3628;6.559;3.386;2026-01-04T17:40:10.774783+00:00;humidity;73.10
4854;DHT22;3628;6.559;3.386;2026-01-04T17:40:10.774783+00:00;temperature;32.90
4853;pms5003;3628;6.559;3.386;2026-01-04T17:45:27.984003+00:00;P2;36.50
4853;pms5003;3628;6.559;3.386;2026-01-04T17:45:27.984003+00:00;P1;52.00
4853;pms5003;3628;6.559;3.386;2026-01-04T17:45:27.984003+00:00;P0;23.00
4853;pms5003;3628;6.559;3.386;2026-01-04T17:50:51.723958+00:00;P2;35.20
4853;pms5003;3628;6.559;3.386;2026-01-04T17:50:51.723958+00:00;P1;47.40
4853;pms5003;3628;6.559;3.386;2026-01-04T17:50:51.723958+00:00;P0;21.60
4854;DHT22;3628;6.559;3.386;2026-01-04T17:51:09.109293+00:00;humidity;73.00
4854;DHT22;3628;6.559;3.386;2026-01-04T17:51:09.109293+00:00;temperature;32.50
4853;pms5003;3628;6.559;3.386;2026-01-04T17:56:26.283589+00:00;P2;33.67
4853;pms5003;3628;6.559;3.386;2026-01-04T17:56:26.283589+00:00;P1;49.00
4853;pms5003;3628;6.559;3.386;2026-01-04T17:56:26.283589+00:00;P0;19.67
4854;DHT22;3628;6.559;3.386;2026-01-04T17:56:43.675234+00:00;humidity;74.40
4854;DHT22;3628;6.559;3.386;2026-01-04T17:56:43.675234+00:00;temperature;32.30
4853;pms5003;3628;6.559;3.386;2026-01-04T18:02:00.843257+00:00;P2;35.60
4853;pms5003;3628;6.559;3.386;2026-01-04T18:02:00.843257+00:00;P1;57.60
4853;pms5003;3628;6.559;3.386;2026-01-04T18:02:00.843257+00:00;P0;22.60
4854;DHT22;3628;6.559;3.386;2026-01-04T18:02:18.201564+00:00;humidity;74.80
4854;DHT22;3628;6.559;3.386;2026-01-04T18:02:18.201564+00:00;temperature;32.30
4853;pms5003;3628;6.559;3.386;2026-01-04T18:07:35.426710+00:00;P2;42.00
4853;pms5003;3628;6.559;3.386;2026-01-04T18:07:35.426710+00:00;P1;59.20
4853;pms5003;3628;6.559;3.386;2026-01-04T18:07:35.426710+00:00;P0;24.80
4854;DHT22;3628;6.559;3.386;2026-01-04T18:07:52.781611+00:00;humidity;74.90
4854;DHT22;3628;6.559;3.386;2026-01-04T18:07:52.781611+00:00;temperature;32.20
4854;DHT22;3628;6.559;3.386;2026-01-04T18:13:27.416154+00:00;humidity;75.70
4854;DHT22;3628;6.559;3.386;2026-01-04T18:13:27.416154+00:00;temperature;32.10
4853;pms5003;3628;6.559;3.386;2026-01-04T18:18:50.887698+00:00;P2;25.00
4853;pms5003;3628;6.559;3.386;2026-01-04T18:18:50.887698+00:00;P1;36.67
4853;pms5003;3628;6.559;3.386;2026-01-04T18:18:50.887698+00:00;P0;15.00
4854;DHT22;3628;6.559;3.386;2026-01-04T18:19:13.663423+00:00;humidity;76.80
4854;DHT22;3628;6.559;3.386;2026-01-04T18:19:13.663423+00:00;temperature;32.0p
4853;pms5003;3628;6.559;3.386;2026-01-04T18:24:33.863825+00:00;P2;32.50
4853;pms5003;3628;6.559;3.386;2026-01-04T18:24:33.863825+00:00;P1;41.75
4853;pms5003;3628;6.559;3.386;2026-01-04T18:24:33.863825+00:00;P0;20.25
4854;DHT22;3628;6.559;3.386;2026-01-04T18:30:05.297171+00:00;humidity;78.60
4854;DHT22;3628;6.559;3.386;2026-01-04T18:30:05.297171+00:00;temperature;31.90
4854;DHT22;3628;6.559;3.386;2026-01-04T18:41:04.019291+00:00;humidity;79.70
4854;DHT22;3628;6.559;3.386;2026-01-04T18:41:04.019291+00:00;temperature;31.70
4854;DHT22;3628;6.559;3.386;2026-01-04T18:51:41.602691+00:00;humidity;80.10
4854;DHT22;3628;6.559;3.386;2026-01-04T18:51:41.602691+00:00;temperature;31.50
4853;pms5003;3628;6.559;3.386;2026-01-04T18:56:58.799991+00:00;P2;19.00
4853;pms5003;3628;6.559;3.386;2026-01-04T18:56:58.799991+00:00;P1;22.75
4853;pms5003;3628;6.559;3.386;2026-01-04T18:56:58.799991+00:00;P0;14.75
4853;pms5003;3628;6.559;3.386;2026-01-04T19:02:33.526500+00:00;P2;28.75
4853;pms5003;3628;6.559;3.386;2026-01-04T19:02:33.526500+00:00;P1;38.50
4853;pms5003;3628;6.559;3.386;2026-01-04T19:02:33.526500+00:00;P0;18.75
4854;DHT22;3628;6.559;3.386;2026-01-04T19:02:50.883657+00:00;humidity;80.80
4854;DHT22;3628;6.559;3.386;2026-01-04T19:02:50.883657+00:00;temperature;31.50
4853;pms5003;3628;6.559;3.386;2026-01-04T19:08:11.036402+00:00;P2;27.00
4853;pms5003;3628;6.559;3.386;2026-01-04T19:08:11.036402+00:00;P1;40.00
4853;pms5003;3628;6.559;3.386;2026-01-04T19:08:11.036402+00:00;P0;18.20
4854;DHT22;3628;6.559;3.386;2026-01-04T19:08:28.367644+00:00;humidity;81.40
4854;DHT22;3628;6.559;3.386;2026-01-04T19:08:28.367644+00:00;temperature;31.40
4853;pms5003;3628;6.559;3.386;2026-01-04T19:24:22.416394+00:00;P2;29.33
4853;pms5003;3628;6.559;3.386;2026-01-04T19:24:22.416394+00:00;P1;32.00
4853;pms5003;3628;6.559;3.386;2026-01-04T19:24:22.416394+00:00;P0;19.67
4854;DHT22;3628;6.559;3.386;2026-01-04T19:24:39.834958+00:00;humidity;81.30
4854;DHT22;3628;6.559;3.386;2026-01-04T19:24:39.834958+00:00;temperature;31.40
4854;DHT22;3628;6.559;3.386;2026-01-04T19:30:04.060925+00:00;humidity;81.80
4854;DHT22;3628;6.559;3.386;2026-01-04T19:30:04.060925+00:00;temperature;31.30
4853;pms5003;3628;6.559;3.386;2026-01-04T19:35:21.220776+00:00;P2;27.50
4853;pms5003;3628;6.559;3.386;2026-01-04T19:35:21.220776+00:00;P1;31.00
4853;pms5003;3628;6.559;3.386;2026-01-04T19:35:21.220776+00:00;P0;19.50
4854;DHT22;3628;6.559;3.386;2026-01-04T19:35:38.635265+00:00;humidity;81.50
4854;DHT22;3628;6.559;3.386;2026-01-04T19:35:38.635265+00:00;temperature;31.40
4854;DHT22;3628;6.559;3.386;2026-01-04T19:41:13.258158+00:00;humidity;81.90
4854;DHT22;3628;6.559;3.386;2026-01-04T19:41:13.258158+00:00;temperature;31.40
4853;pms5003;3628;6.559;3.386;2026-01-04T19:46:30.437722+00:00;P2;25.40
4853;pms5003;3628;6.559;3.386;2026-01-04T19:46:30.437722+00:00;P1;28.20
4853;pms5003;3628;6.559;3.386;2026-01-04T19:46:30.437722+00:00;P0;17.40
4854;DHT22;3628;6.559;3.386;2026-01-04T20:39:20.815675+00:00;humidity;85.60
4854;DHT22;3628;6.559;3.386;2026-01-04T20:39:20.815675+00:00;temperature;31.00
4853;pms5003;3628;6.559;3.386;2026-01-04T20:44:38.043251+00:00;P2;32.33
4853;pms5003;3628;6.559;3.386;2026-01-04T20:44:38.043251+00:00;P1;47.33
4853;pms5003;3628;6.559;3.386;2026-01-04T20:44:38.043251+00:00;P0;22.33
4853;pms5003;3628;6.559;3.386;2026-01-04T20:55:26.389570+00:00;P2;32.50
4853;pms5003;3628;6.559;3.386;2026-01-04T20:55:26.389570+00:00;P1;37.50
4853;pms5003;3628;6.559;3.386;2026-01-04T20:55:26.389570+00:00;P0;22.00
4854;DHT22;3628;6.559;3.386;2026-01-04T20:55:43.742059+00:00;humidity;86.00
4854;DHT22;3628;6.559;3.386;2026-01-04T20:55:43.742059+00:00;temperature;31.00
4853;pms5003;3628;6.559;3.386;2026-01-04T21:01:00.969283+00:00;P2;32.60
4853;pms5003;3628;6.559;3.386;2026-01-04T21:01:00.969283+00:00;P1;48.20
4853;pms5003;3628;6.559;3.386;2026-01-04T21:01:00.969283+00:00;P0;22.60
4854;DHT22;3628;6.559;3.386;2026-01-04T21:01:18.341490+00:00;humidity;86.20
4854;DHT22;3628;6.559;3.386;2026-01-04T21:01:18.341490+00:00;temperature;31.00
4853;pms5003;3628;6.559;3.386;2026-01-04T21:06:35.567538+00:00;P2;36.50
4853;pms5003;3628;6.559;3.386;2026-01-04T21:06:35.567538+00:00;P1;49.00
4853;pms5003;3628;6.559;3.386;2026-01-04T21:06:35.567538+00:00;P0;23.50
4854;DHT22;3628;6.559;3.386;2026-01-04T21:06:52.946191+00:00;humidity;86.60
4854;DHT22;3628;6.559;3.386;2026-01-04T21:06:52.946191+00:00;temperature;30.90
4853;pms5003;3628;6.559;3.386;2026-01-04T21:12:10.137720+00:00;P2;36.00
4853;pms5003;3628;6.559;3.386;2026-01-04T21:12:10.137720+00:00;P1;42.00
4853;pms5003;3628;6.559;3.386;2026-01-04T21:12:10.137720+00:00;P0;24.00
4854;DHT22;3628;6.559;3.386;2026-01-04T21:17:40.972736+00:00;humidity;86.50
4854;DHT22;3628;6.559;3.386;2026-01-04T21:17:40.972736+00:00;temperature;31.00
4853;pms5003;3628;6.559;3.386;2026-01-04T21:22:58.239024+00:00;P2;30.00
4853;pms5003;3628;6.559;3.386;2026-01-04T21:22:58.239024+00:00;P1;35.50
4853;pms5003;3628;6.559;3.386;2026-01-04T21:22:58.239024+00:00;P0;21.50
4854;DHT22;3628;6.559;3.386;2026-01-04T21:23:15.669159+00:00;humidity;86.70
4854;DHT22;3628;6.559;3.386;2026-01-04T21:23:15.669159+00:00;temperature;31.00
4853;pms5003;3628;6.559;3.386;2026-01-04T21:28:32.926971+00:00;P2;28.00
4853;pms5003;3628;6.559;3.386;2026-01-04T21:28:32.926971+00:00;P1;34.40
4853;pms5003;3628;6.559;3.386;2026-01-04T21:28:32.926971+00:00;P0;19.40
4854;DHT22;3628;6.559;3.386;2026-01-04T21:28:50.246683+00:00;humidity;86.80
4854;DHT22;3628;6.559;3.386;2026-01-04T21:28:50.246683+00:00;temperature;30.90
4853;pms5003;3628;6.559;3.386;2026-01-04T21:34:07.414877+00:00;P2;29.40
4853;pms5003;3628;6.559;3.386;2026-01-04T21:34:07.414877+00:00;P1;40.00
4853;pms5003;3628;6.559;3.386;2026-01-04T21:34:07.414877+00:00;P0;19.40
4854;DHT22;3628;6.559;3.386;2026-01-04T21:34:24.807026+00:00;humidity;86.60
4854;DHT22;3628;6.559;3.386;2026-01-04T21:34:24.807026+00:00;temperature;30.90
4853;pms5003;3628;6.559;3.386;2026-01-04T21:39:41.981867+00:00;P2;30.00
4853;pms5003;3628;6.559;3.386;2026-01-04T21:39:41.981867+00:00;P1;36.25
4853;pms5003;3628;6.559;3.386;2026-01-04T21:39:41.981867+00:00;P0;20.00
4853;pms5003;3628;6.559;3.386;2026-01-04T21:45:16.569429+00:00;P2;28.00
4853;pms5003;3628;6.559;3.386;2026-01-04T21:45:16.569429+00:00;P1;29.25
4853;pms5003;3628;6.559;3.386;2026-01-04T21:45:16.569429+00:00;P0;19.00
4854;DHT22;3628;6.559;3.386;2026-01-04T22:01:44.849608+00:00;humidity;86.20
4854;DHT22;3628;6.559;3.386;2026-01-04T22:01:44.849608+00:00;temperature;30.90
4853;pms5003;3628;6.559;3.386;2026-01-04T22:07:02.070960+00:00;P2;30.00
4853;pms5003;3628;6.559;3.386;2026-01-04T22:07:02.070960+00:00;P1;44.00
4853;pms5003;3628;6.559;3.386;2026-01-04T22:07:02.070960+00:00;P0;20.00
4854;DHT22;3628;6.559;3.386;2026-01-04T22:07:19.407159+00:00;humidity;85.60
4854;DHT22;3628;6.559;3.386;2026-01-04T22:07:19.407159+00:00;temperature;31.00
4853;pms5003;3628;6.559;3.386;2026-01-04T22:12:36.652837+00:00;P2;26.20
4853;pms5003;3628;6.559;3.386;2026-01-04T22:12:36.652837+00:00;P1;37.60
4853;pms5003;3628;6.559;3.386;2026-01-04T22:12:36.652837+00:00;P0;16.00
4853;pms5003;3628;6.559;3.386;2026-01-04T22:18:00.489001+00:00;P2;26.50
4853;pms5003;3628;6.559;3.386;2026-01-04T22:18:00.489001+00:00;P1;29.50
4853;pms5003;3628;6.559;3.386;2026-01-04T22:18:00.489001+00:00;P0;17.25
4854;DHT22;3628;6.559;3.386;2026-01-04T22:18:17.837761+00:00;humidity;85.60
4854;DHT22;3628;6.559;3.386;2026-01-04T22:18:17.837761+00:00;temperature;30.90
4854;DHT22;3628;6.559;3.386;2026-01-04T22:23:41.728122+00:00;humidity;85.40
4854;DHT22;3628;6.559;3.386;2026-01-04T22:23:41.728122+00:00;temperature;30.90
4854;DHT22;3628;6.559;3.386;2026-01-04T22:29:16.308981+00:00;humidity;85.50
4854;DHT22;3628;6.559;3.386;2026-01-04T22:29:16.308981+00:00;temperature;30.90
4853;pms5003;3628;6.559;3.386;2026-01-04T22:34:33.595645+00:00;P2;30.00
4853;pms5003;3628;6.559;3.386;2026-01-04T22:34:33.595645+00:00;P1;32.40
4853;pms5003;3628;6.559;3.386;2026-01-04T22:34:33.595645+00:00;P0;20.00
4854;DHT22;3628;6.559;3.386;2026-01-04T22:34:50.972776+00:00;humidity;85.80
4854;DHT22;3628;6.559;3.386;2026-01-04T22:34:50.972776+00:00;temperature;30.80
4854;DHT22;3628;6.559;3.386;2026-01-04T22:40:14.782451+00:00;humidity;85.90
4854;DHT22;3628;6.559;3.386;2026-01-04T22:40:14.782451+00:00;temperature;30.80
4853;pms5003;3628;6.559;3.386;2026-01-04T22:45:32.017381+00:00;P2;29.25
4853;pms5003;3628;6.559;3.386;2026-01-04T22:45:32.017381+00:00;P1;31.75
4853;pms5003;3628;6.559;3.386;2026-01-04T22:45:32.017381+00:00;P0;18.00
4854;DHT22;3628;6.559;3.386;2026-01-04T22:45:49.326098+00:00;humidity;86.30
4854;DHT22;3628;6.559;3.386;2026-01-04T22:45:49.326098+00:00;temperature;30.80
4853;pms5003;3628;6.559;3.386;2026-01-04T22:51:06.501291+00:00;P2;29.20
4853;pms5003;3628;6.559;3.386;2026-01-04T22:51:06.501291+00:00;P1;39.20
4853;pms5003;3628;6.559;3.386;2026-01-04T22:51:06.501291+00:00;P0;19.00
4854;DHT22;3628;6.559;3.386;2026-01-04T22:51:23.825067+00:00;humidity;86.30
4854;DHT22;3628;6.559;3.386;2026-01-04T22:51:23.825067+00:00;temperature;30.80
4853;pms5003;3628;6.559;3.386;2026-01-04T22:56:40.992766+00:00;P2;35.75
4853;pms5003;3628;6.559;3.386;2026-01-04T22:56:40.992766+00:00;P1;52.00
4853;pms5003;3628;6.559;3.386;2026-01-04T22:56:40.992766+00:00;P0;24.00
4854;DHT22;3628;6.559;3.386;2026-01-04T22:56:58.338039+00:00;humidity;86.70
4854;DHT22;3628;6.559;3.386;2026-01-04T22:56:58.338039+00:00;temperature;30.80
4853;pms5003;3628;6.559;3.386;2026-01-04T23:02:15.522252+00:00;P2;40.00
4853;pms5003;3628;6.559;3.386;2026-01-04T23:02:15.522252+00:00;P1;52.33
4853;pms5003;3628;6.559;3.386;2026-01-04T23:02:15.522252+00:00;P0;26.00
4854;DHT22;3628;6.559;3.386;2026-01-04T23:02:33.213815+00:00;humidity;86.80
4854;DHT22;3628;6.559;3.386;2026-01-04T23:02:33.213815+00:00;temperature;30.80
4853;pms5003;3628;6.559;3.386;2026-01-04T23:07:50.193590+00:00;P2;42.00
4853;pms5003;3628;6.559;3.386;2026-01-04T23:07:50.193590+00:00;P1;58.00
4853;pms5003;3628;6.559;3.386;2026-01-04T23:07:50.193590+00:00;P0;27.40
4854;DHT22;3628;6.559;3.386;2026-01-04T23:08:07.512382+00:00;humidity;87.30
4854;DHT22;3628;6.559;3.386;2026-01-04T23:08:07.512382+00:00;temperature;30.60
4853;pms5003;3628;6.559;3.386;2026-01-04T23:13:24.772526+00:00;P2;34.00
4853;pms5003;3628;6.559;3.386;2026-01-04T23:13:24.772526+00:00;P1;48.00
4853;pms5003;3628;6.559;3.386;2026-01-04T23:13:24.772526+00:00;P0;22.50
4853;pms5003;3628;6.559;3.386;2026-01-04T23:18:59.366534+00:00;P2;33.67
4853;pms5003;3628;6.559;3.386;2026-01-04T23:18:59.366534+00:00;P1;42.67
4853;pms5003;3628;6.559;3.386;2026-01-04T23:18:59.366534+00:00;P0;22.00
4853;pms5003;3628;6.559;3.386;2026-01-04T23:30:08.484444+00:00;P2;29.25
4853;pms5003;3628;6.559;3.386;2026-01-04T23:30:08.484444+00:00;P1;32.50
4853;pms5003;3628;6.559;3.386;2026-01-04T23:30:08.484444+00:00;P0;20.25
4854;DHT22;3628;6.559;3.386;2026-01-04T23:30:25.948410+00:00;humidity;87.80
4854;DHT22;3628;6.559;3.386;2026-01-04T23:30:25.948410+00:00;temperature;30.60
4853;pms5003;3628;6.559;3.386;2026-01-04T23:35:43.119413+00:00;P2;29.50
4853;pms5003;3628;6.559;3.386;2026-01-04T23:35:43.119413+00:00;P1;40.50
4853;pms5003;3628;6.559;3.386;2026-01-04T23:35:43.119413+00:00;P0;20.00
4854;DHT22;3628;6.559;3.386;2026-01-04T23:36:00.482369+00:00;humidity;88.30
4854;DHT22;3628;6.559;3.386;2026-01-04T23:36:00.482369+00:00;temperature;30.40
4853;pms5003;3628;6.559;3.386;2026-01-04T23:41:17.644851+00:00;P2;32.00
4853;pms5003;3628;6.559;3.386;2026-01-04T23:41:17.644851+00:00;P1;41.50
4853;pms5003;3628;6.559;3.386;2026-01-04T23:41:17.644851+00:00;P0;21.00
4853;pms5003;3628;6.559;3.386;2026-01-04T23:46:41.603106+00:00;P2;28.33
4853;pms5003;3628;6.559;3.386;2026-01-04T23:46:41.603106+00:00;P1;38.33
4853;pms5003;3628;6.559;3.386;2026-01-04T23:46:41.603106+00:00;P0;19.00
4854;DHT22;3628;6.559;3.386;2026-01-04T23:52:12.580231+00:00;humidity;88.30
4854;DHT22;3628;6.559;3.386;2026-01-04T23:52:12.580231+00:00;temperature;30.40
4853;pms5003;3628;6.559;3.386;2026-01-04T23:57:29.774837+00:00;P2;27.00
4853;pms5003;3628;6.559;3.386;2026-01-04T23:57:29.774837+00:00;P1;28.25
4853;pms5003;3628;6.559;3.386;2026-01-04T23:57:29.774837+00:00;P0;19.00
4854;DHT22;3628;6.559;3.386;2026-01-04T23:57:47.201748+00:00;humidity;88.40
4854;DHT22;3628;6.559;3.386;2026-01-04T23:57:47.201748+00:00;temperature;30.40
4853;pms5003;3628;6.559;3.386;2026-01-05T00:03:04.333952+00:00;P2;27.67
4853;pms5003;3628;6.559;3.386;2026-01-05T00:03:04.333952+00:00;P1;28.67
4853;pms5003;3628;6.559;3.386;2026-01-05T00:03:04.333952+00:00;P0;20.00
4854;DHT22;3628;6.559;3.386;2026-01-05T00:03:21.657876+00:00;humidity;88.50
4854;DHT22;3628;6.559;3.386;2026-01-05T00:03:21.657876+00:00;temperature;30.40
4853;pms5003;3628;6.559;3.386;2026-01-05T00:08:38.883858+00:00;P2;27.40
4853;pms5003;3628;6.559;3.386;2026-01-05T00:08:38.883858+00:00;P1;31.60
4853;pms5003;3628;6.559;3.386;2026-01-05T00:08:38.883858+00:00;P0;18.60
4854;DHT22;3628;6.559;3.386;2026-01-05T00:08:56.342032+00:00;humidity;88.60
4854;DHT22;3628;6.559;3.386;2026-01-05T00:08:56.342032+00:00;temperature;30.40
4853;pms5003;3628;6.559;3.386;2026-01-05T00:14:13.527326+00:00;P2;31.75
4853;pms5003;3628;6.559;3.386;2026-01-05T00:14:13.527326+00:00;P1;43.50
4853;pms5003;3628;6.559;3.386;2026-01-05T00:14:13.527326+00:00;P0;21.00
4853;pms5003;3628;6.559;3.386;2026-01-05T00:19:37.578208+00:00;P2;30.25
4853;pms5003;3628;6.559;3.386;2026-01-05T00:19:37.578208+00:00;P1;30.50
4853;pms5003;3628;6.559;3.386;2026-01-05T00:19:37.578208+00:00;P0;20.00
4854;DHT22;3628;6.559;3.386;2026-01-05T00:19:54.935663+00:00;humidity;88.90
4854;DHT22;3628;6.559;3.386;2026-01-05T00:19:54.935663+00:00;temperature;30.30
4853;pms5003;3628;6.559;3.386;2026-01-05T00:25:12.178504+00:00;P2;30.25
4853;pms5003;3628;6.559;3.386;2026-01-05T00:25:12.178504+00:00;P1;42.50
4853;pms5003;3628;6.559;3.386;2026-01-05T00:25:12.178504+00:00;P0;20.00
4854;DHT22;3628;6.559;3.386;2026-01-05T00:25:29.546881+00:00;humidity;89.00
4854;DHT22;3628;6.559;3.386;2026-01-05T00:25:29.546881+00:00;temperature;30.20
4853;pms5003;3628;6.559;3.386;2026-01-05T00:30:46.686764+00:00;P2;29.00
4853;pms5003;3628;6.559;3.386;2026-01-05T00:30:46.686764+00:00;P1;41.80
4853;pms5003;3628;6.559;3.386;2026-01-05T00:30:46.686764+00:00;P0;19.60
4854;DHT22;3628;6.559;3.386;2026-01-05T00:31:04.014429+00:00;humidity;88.90
4854;DHT22;3628;6.559;3.386;2026-01-05T00:31:04.014429+00:00;temperature;30.30
4853;pms5003;3628;6.559;3.386;2026-01-05T00:36:21.218165+00:00;P2;30.75
4853;pms5003;3628;6.559;3.386;2026-01-05T00:36:21.218165+00:00;P1;35.00
4853;pms5003;3628;6.559;3.386;2026-01-05T00:36:21.218165+00:00;P0;21.50
4854;DHT22;3628;6.559;3.386;2026-01-05T00:36:38.590525+00:00;humidity;88.50
4854;DHT22;3628;6.559;3.386;2026-01-05T00:36:38.590525+00:00;temperature;30.40
4853;pms5003;3628;6.559;3.386;2026-01-05T00:41:55.848815+00:00;P2;30.50
4853;pms5003;3628;6.559;3.386;2026-01-05T00:41:55.848815+00:00;P1;34.00
4853;pms5003;3628;6.559;3.386;2026-01-05T00:41:55.848815+00:00;P0;19.50
4854;DHT22;3628;6.559;3.386;2026-01-05T00:42:13.187721+00:00;humidity;88.80
4854;DHT22;3628;6.559;3.386;2026-01-05T00:42:13.187721+00:00;temperature;30.40
4854;DHT22;3628;6.559;3.386;2026-01-05T00:47:47.290202+00:00;humidity;88.70
4854;DHT22;3628;6.559;3.386;2026-01-05T00:47:47.290202+00:00;temperature;30.30
4853;pms5003;3628;6.559;3.386;2026-01-05T00:53:04.579835+00:00;P2;30.80
4853;pms5003;3628;6.559;3.386;2026-01-05T00:53:04.579835+00:00;P1;35.80
4853;pms5003;3628;6.559;3.386;2026-01-05T00:53:04.579835+00:00;P0;19.40
4853;pms5003;3628;6.559;3.386;2026-01-05T00:58:28.351166+00:00;P2;29.00
4853;pms5003;3628;6.559;3.386;2026-01-05T00:58:28.351166+00:00;P1;41.00
4853;pms5003;3628;6.559;3.386;2026-01-05T00:58:28.351166+00:00;P0;20.00
4854;DHT22;3628;6.559;3.386;2026-01-05T01:04:27.486988+00:00;humidity;89.20
4854;DHT22;3628;6.559;3.386;2026-01-05T01:04:27.486988+00:00;temperature;30.20
4853;pms5003;3628;6.559;3.386;2026-01-05T01:09:40.478037+00:00;P2;30.00
4853;pms5003;3628;6.559;3.386;2026-01-05T01:09:40.478037+00:00;P1;39.75
4853;pms5003;3628;6.559;3.386;2026-01-05T01:09:40.478037+00:00;P0;19.00
4854;DHT22;3628;6.559;3.386;2026-01-05T01:15:10.950233+00:00;humidity;89.10
4854;DHT22;3628;6.559;3.386;2026-01-05T01:15:10.950233+00:00;temperature;30.20
4854;DHT22;3628;6.559;3.386;2026-01-05T01:20:34.762735+00:00;humidity;89.00
4854;DHT22;3628;6.559;3.386;2026-01-05T01:20:34.762735+00:00;temperature;30.20
4853;pms5003;3628;6.559;3.386;2026-01-05T01:25:51.966452+00:00;P2;29.00
4853;pms5003;3628;6.559;3.386;2026-01-05T01:25:51.966452+00:00;P1;41.50
4853;pms5003;3628;6.559;3.386;2026-01-05T01:25:51.966452+00:00;P0;21.00
4854;DHT22;3628;6.559;3.386;2026-01-05T01:26:09.388898+00:00;humidity;89.10
4854;DHT22;3628;6.559;3.386;2026-01-05T01:26:09.388898+00:00;temperature;30.10
4853;pms5003;3628;6.559;3.386;2026-01-05T01:31:26.650225+00:00;P2;32.00
4853;pms5003;3628;6.559;3.386;2026-01-05T01:31:26.650225+00:00;P1;40.00
4853;pms5003;3628;6.559;3.386;2026-01-05T01:31:26.650225+00:00;P0;20.00
4854;DHT22;3628;6.559;3.386;2026-01-05T01:36:57.566875+00:00;humidity;89.00
4854;DHT22;3628;6.559;3.386;2026-01-05T01:36:57.566875+00:00;temperature;30.20
4853;pms5003;3628;6.559;3.386;2026-01-05T01:42:14.834093+00:00;P2;31.33
4853;pms5003;3628;6.559;3.386;2026-01-05T01:42:14.834093+00:00;P1;38.00
4853;pms5003;3628;6.559;3.386;2026-01-05T01:42:14.834093+00:00;P0;21.00
4853;pms5003;3628;6.559;3.386;2026-01-05T01:47:38.788289+00:00;P2;31.50
4853;pms5003;3628;6.559;3.386;2026-01-05T01:47:38.788289+00:00;P1;47.50
4853;pms5003;3628;6.559;3.386;2026-01-05T01:47:38.788289+00:00;P0;20.50
4854;DHT22;3628;6.559;3.386;2026-01-05T01:47:56.186841+00:00;humidity;89.30
4854;DHT22;3628;6.559;3.386;2026-01-05T01:47:56.186841+00:00;temperature;30.10
4854;DHT22;3628;6.559;3.386;2026-01-05T01:53:20.066290+00:00;humidity;89.40
4854;DHT22;3628;6.559;3.386;2026-01-05T01:53:20.066290+00:00;temperature;30.00
4854;DHT22;3628;6.559;3.386;2026-01-05T01:58:43.807409+00:00;humidity;89.10
4854;DHT22;3628;6.559;3.386;2026-01-05T01:58:43.807409+00:00;temperature;30.10
4854;DHT22;3628;6.559;3.386;2026-01-05T08:41:31.259108+00:00;humidity;79.00
4854;DHT22;3628;6.559;3.386;2026-01-05T08:41:31.259108+00:00;temperature;33.70
4853;pms5003;3628;6.559;3.386;2026-01-05T08:47:03.716970+00:00;P2;43.00
4853;pms5003;3628;6.559;3.386;2026-01-05T08:47:03.716970+00:00;P1;59.50
4853;pms5003;3628;6.559;3.386;2026-01-05T08:47:03.716970+00:00;P0;28.00
4853;pms5003;3628;6.559;3.386;2026-01-05T09:05:13.124428+00:00;P2;35.80
4853;pms5003;3628;6.559;3.386;2026-01-05T09:05:13.124428+00:00;P1;46.60
4853;pms5003;3628;6.559;3.386;2026-01-05T09:05:13.124428+00:00;P0;24.60
4854;DHT22;3628;6.559;3.386;2026-01-05T09:05:30.480255+00:00;humidity;71.30
4854;DHT22;3628;6.559;3.386;2026-01-05T09:05:30.480255+00:00;temperature;36.00
4853;pms5003;3628;6.559;3.386;2026-01-05T09:16:11.458320+00:00;P2;37.00
4853;pms5003;3628;6.559;3.386;2026-01-05T09:16:11.458320+00:00;P1;47.40
4853;pms5003;3628;6.559;3.386;2026-01-05T09:16:11.458320+00:00;P0;26.00
4853;pms5003;3628;6.559;3.386;2026-01-05T09:26:49.640438+00:00;P2;36.00
4853;pms5003;3628;6.559;3.386;2026-01-05T09:26:49.640438+00:00;P1;52.25
4853;pms5003;3628;6.559;3.386;2026-01-05T09:26:49.640438+00:00;P0;26.00
4854;DHT22;3628;6.559;3.386;2026-01-05T09:32:20.371510+00:00;humidity;67.40
4854;DHT22;3628;6.559;3.386;2026-01-05T09:32:20.371510+00:00;temperature;37.30
4854;DHT22;3628;6.559;3.386;2026-01-05T09:37:55.113074+00:00;humidity;67.80
4854;DHT22;3628;6.559;3.386;2026-01-05T09:37:55.113074+00:00;temperature;37.40
4854;DHT22;3628;6.559;3.386;2026-01-05T09:43:21.956702+00:00;humidity;68.70
4854;DHT22;3628;6.559;3.386;2026-01-05T09:43:21.956702+00:00;temperature;36.80
4853;pms5003;3628;6.559;3.386;2026-01-05T09:48:39.213859+00:00;P2;40.00
4853;pms5003;3628;6.559;3.386;2026-01-05T09:48:39.213859+00:00;P1;50.00
4853;pms5003;3628;6.559;3.386;2026-01-05T09:48:39.213859+00:00;P0;26.50
4854;DHT22;3628;6.559;3.386;2026-01-05T10:00:17.927404+00:00;humidity;68.20
4854;DHT22;3628;6.559;3.386;2026-01-05T10:00:17.927404+00:00;temperature;36.50
4853;pms5003;3628;6.559;3.386;2026-01-05T10:05:35.122557+00:00;P2;40.25
4853;pms5003;3628;6.559;3.386;2026-01-05T10:05:35.122557+00:00;P1;52.50
4853;pms5003;3628;6.559;3.386;2026-01-05T10:05:35.122557+00:00;P0;27.00
4854;DHT22;3628;6.559;3.386;2026-01-05T10:05:52.489014+00:00;humidity;69.30
4854;DHT22;3628;6.559;3.386;2026-01-05T10:05:52.489014+00:00;temperature;35.90
4854;DHT22;3628;6.559;3.386;2026-01-05T10:16:33.637390+00:00;humidity;66.60
4854;DHT22;3628;6.559;3.386;2026-01-05T10:16:33.637390+00:00;temperature;37.30
4853;pms5003;3628;6.559;3.386;2026-01-05T10:21:50.786827+00:00;P2;48.75
4853;pms5003;3628;6.559;3.386;2026-01-05T10:21:50.786827+00:00;P1;65.00
4853;pms5003;3628;6.559;3.386;2026-01-05T10:21:50.786827+00:00;P0;32.75
4854;DHT22;3628;6.559;3.386;2026-01-05T10:22:08.180302+00:00;humidity;65.70
4854;DHT22;3628;6.559;3.386;2026-01-05T10:22:08.180302+00:00;temperature;37.40
4853;pms5003;3628;6.559;3.386;2026-01-05T10:27:25.423977+00:00;P2;43.00
4853;pms5003;3628;6.559;3.386;2026-01-05T10:27:25.423977+00:00;P1;51.67
4853;pms5003;3628;6.559;3.386;2026-01-05T10:27:25.423977+00:00;P0;29.00
4854;DHT22;3628;6.559;3.386;2026-01-05T10:27:42.931084+00:00;humidity;64.50
4854;DHT22;3628;6.559;3.386;2026-01-05T10:27:42.931084+00:00;temperature;38.00
4853;pms5003;3628;6.559;3.386;2026-01-05T10:33:00.190654+00:00;P2;43.00
4853;pms5003;3628;6.559;3.386;2026-01-05T10:33:00.190654+00:00;P1;54.50
4853;pms5003;3628;6.559;3.386;2026-01-05T10:33:00.190654+00:00;P0;28.00
4854;DHT22;3628;6.559;3.386;2026-01-05T10:33:17.556476+00:00;humidity;64.60
4854;DHT22;3628;6.559;3.386;2026-01-05T10:33:17.556476+00:00;temperature;37.80
4853;pms5003;3628;6.559;3.386;2026-01-05T10:38:34.831614+00:00;P2;43.00
4853;pms5003;3628;6.559;3.386;2026-01-05T10:38:34.831614+00:00;P1;56.75
4853;pms5003;3628;6.559;3.386;2026-01-05T10:38:34.831614+00:00;P0;27.25
4853;pms5003;3628;6.559;3.386;2026-01-05T10:44:09.308983+00:00;P2;44.75
4853;pms5003;3628;6.559;3.386;2026-01-05T10:44:09.308983+00:00;P1;58.75
4853;pms5003;3628;6.559;3.386;2026-01-05T10:44:09.308983+00:00;P0;29.00
4854;DHT22;3628;6.559;3.386;2026-01-05T10:44:26.702103+00:00;humidity;60.30
4854;DHT22;3628;6.559;3.386;2026-01-05T10:44:26.702103+00:00;temperature;39.50
4853;pms5003;3628;6.559;3.386;2026-01-05T10:49:44.086789+00:00;P2;43.00
4853;pms5003;3628;6.559;3.386;2026-01-05T10:49:44.086789+00:00;P1;55.00
4853;pms5003;3628;6.559;3.386;2026-01-05T10:49:44.086789+00:00;P0;28.25
4854;DHT22;3628;6.559;3.386;2026-01-05T11:00:31.187572+00:00;humidity;60.40
4854;DHT22;3628;6.559;3.386;2026-01-05T11:00:31.187572+00:00;temperature;39.40
4853;pms5003;3628;6.559;3.386;2026-01-05T11:05:48.401934+00:00;P2;44.00
4853;pms5003;3628;6.559;3.386;2026-01-05T11:05:48.401934+00:00;P1;58.00
4853;pms5003;3628;6.559;3.386;2026-01-05T11:05:48.401934+00:00;P0;29.00
4854;DHT22;3628;6.559;3.386;2026-01-05T11:06:05.848634+00:00;humidity;61.40
4854;DHT22;3628;6.559;3.386;2026-01-05T11:06:05.848634+00:00;temperature;38.80
4853;pms5003;3628;6.559;3.386;2026-01-05T11:11:23.044395+00:00;P2;43.80
4853;pms5003;3628;6.559;3.386;2026-01-05T11:11:23.044395+00:00;P1;57.80
4853;pms5003;3628;6.559;3.386;2026-01-05T11:11:23.044395+00:00;P0;30.20
4854;DHT22;3628;6.559;3.386;2026-01-05T11:11:40.494951+00:00;humidity;63.20
4854;DHT22;3628;6.559;3.386;2026-01-05T11:11:40.494951+00:00;temperature;38.00
4853;pms5003;3628;6.559;3.386;2026-01-05T11:16:57.611231+00:00;P2;42.75
4853;pms5003;3628;6.559;3.386;2026-01-05T11:16:57.611231+00:00;P1;57.00
4853;pms5003;3628;6.559;3.386;2026-01-05T11:16:57.611231+00:00;P0;28.00
4853;pms5003;3628;6.559;3.386;2026-01-05T11:22:23.869167+00:00;P2;49.00
4853;pms5003;3628;6.559;3.386;2026-01-05T11:22:23.869167+00:00;P1;61.33
4853;pms5003;3628;6.559;3.386;2026-01-05T11:22:23.869167+00:00;P0;32.67
4854;DHT22;3628;6.559;3.386;2026-01-05T11:22:41.278148+00:00;humidity;60.50
4854;DHT22;3628;6.559;3.386;2026-01-05T11:22:41.278148+00:00;temperature;39.50
4853;pms5003;3628;6.559;3.386;2026-01-05T11:33:33.015706+00:00;P2;41.00
4853;pms5003;3628;6.559;3.386;2026-01-05T11:33:33.015706+00:00;P1;53.25
4853;pms5003;3628;6.559;3.386;2026-01-05T11:33:33.015706+00:00;P0;27.25
4854;DHT22;3628;6.559;3.386;2026-01-05T11:44:38.313241+00:00;humidity;64.20
4854;DHT22;3628;6.559;3.386;2026-01-05T11:44:38.313241+00:00;temperature;37.90
4853;pms5003;3628;6.559;3.386;2026-01-05T11:49:55.522525+00:00;P2;42.50
4853;pms5003;3628;6.559;3.386;2026-01-05T11:49:55.522525+00:00;P1;50.00
4853;pms5003;3628;6.559;3.386;2026-01-05T11:49:55.522525+00:00;P0;29.50
4853;pms5003;3628;6.559;3.386;2026-01-05T11:55:30.081321+00:00;P2;34.50
4853;pms5003;3628;6.559;3.386;2026-01-05T11:55:30.081321+00:00;P1;47.50
4853;pms5003;3628;6.559;3.386;2026-01-05T11:55:30.081321+00:00;P0;24.00
4853;pms5003;3628;6.559;3.386;2026-01-05T12:27:53.230926+00:00;P2;34.00
4853;pms5003;3628;6.559;3.386;2026-01-05T12:27:53.230926+00:00;P1;39.00
4853;pms5003;3628;6.559;3.386;2026-01-05T12:27:53.230926+00:00;P0;23.80
4854;DHT22;3628;6.559;3.386;2026-01-05T12:28:10.489603+00:00;humidity;59.40
4854;DHT22;3628;6.559;3.386;2026-01-05T12:28:10.489603+00:00;temperature;38.80
4853;pms5003;3628;6.559;3.386;2026-01-05T12:33:27.711911+00:00;P2;33.75
4853;pms5003;3628;6.559;3.386;2026-01-05T12:33:27.711911+00:00;P1;47.50
4853;pms5003;3628;6.559;3.386;2026-01-05T12:33:27.711911+00:00;P0;22.25
4854;DHT22;3628;6.559;3.386;2026-01-05T12:33:45.124005+00:00;humidity;56.80
4854;DHT22;3628;6.559;3.386;2026-01-05T12:33:45.124005+00:00;temperature;39.90
4853;pms5003;3628;6.559;3.386;2026-01-05T12:39:02.390063+00:00;P2;39.00
4853;pms5003;3628;6.559;3.386;2026-01-05T12:39:02.390063+00:00;P1;51.67
4853;pms5003;3628;6.559;3.386;2026-01-05T12:39:02.390063+00:00;P0;26.00
4854;DHT22;3628;6.559;3.386;2026-01-05T12:39:20.056828+00:00;humidity;55.70
4854;DHT22;3628;6.559;3.386;2026-01-05T12:39:20.056828+00:00;temperature;40.20
4853;pms5003;3628;6.559;3.386;2026-01-05T12:44:37.253547+00:00;P2;35.00
4853;pms5003;3628;6.559;3.386;2026-01-05T12:44:37.253547+00:00;P1;39.00
4853;pms5003;3628;6.559;3.386;2026-01-05T12:44:37.253547+00:00;P0;24.00
4854;DHT22;3628;6.559;3.386;2026-01-05T12:44:57.461775+00:00;humidity;55.50
4854;DHT22;3628;6.559;3.386;2026-01-05T12:44:57.461775+00:00;temperature;40.00
4853;pms5003;3628;6.559;3.386;2026-01-05T12:50:14.803593+00:00;P2;36.60
4853;pms5003;3628;6.559;3.386;2026-01-05T12:50:14.803593+00:00;P1;51.20
4853;pms5003;3628;6.559;3.386;2026-01-05T12:50:14.803593+00:00;P0;25.60
4854;DHT22;3628;6.559;3.386;2026-01-05T12:50:32.148061+00:00;humidity;54.20
4854;DHT22;3628;6.559;3.386;2026-01-05T12:50:32.148061+00:00;temperature;40.60
4853;pms5003;3628;6.559;3.386;2026-01-05T12:55:55.515513+00:00;P2;39.00
4853;pms5003;3628;6.559;3.386;2026-01-05T12:55:55.515513+00:00;P1;48.50
4853;pms5003;3628;6.559;3.386;2026-01-05T12:55:55.515513+00:00;P0;26.50
4854;DHT22;3628;6.559;3.386;2026-01-05T12:56:06.657681+00:00;humidity;52.90
4854;DHT22;3628;6.559;3.386;2026-01-05T12:56:06.657681+00:00;temperature;41.40
4854;DHT22;3628;6.559;3.386;2026-01-05T13:01:41.254604+00:00;humidity;54.30
4854;DHT22;3628;6.559;3.386;2026-01-05T13:01:41.254604+00:00;temperature;40.00
4853;pms5003;3628;6.559;3.386;2026-01-05T13:06:58.431027+00:00;P2;37.00
4853;pms5003;3628;6.559;3.386;2026-01-05T13:06:58.431027+00:00;P1;45.00
4853;pms5003;3628;6.559;3.386;2026-01-05T13:06:58.431027+00:00;P0;25.00
4854;DHT22;3628;6.559;3.386;2026-01-05T13:07:15.831636+00:00;humidity;54.30
4854;DHT22;3628;6.559;3.386;2026-01-05T13:07:15.831636+00:00;temperature;40.30
4853;pms5003;3628;6.559;3.386;2026-01-05T13:12:33.030993+00:00;P2;42.33
4853;pms5003;3628;6.559;3.386;2026-01-05T13:12:33.030993+00:00;P1;57.67
4853;pms5003;3628;6.559;3.386;2026-01-05T13:12:33.030993+00:00;P0;30.00
4854;DHT22;3628;6.559;3.386;2026-01-05T13:12:50.396767+00:00;humidity;54.60
4854;DHT22;3628;6.559;3.386;2026-01-05T13:12:50.396767+00:00;temperature;40.20
4853;pms5003;3628;6.559;3.386;2026-01-05T13:18:07.575445+00:00;P2;38.00
4853;pms5003;3628;6.559;3.386;2026-01-05T13:18:07.575445+00:00;P1;49.00
4853;pms5003;3628;6.559;3.386;2026-01-05T13:18:07.575445+00:00;P0;24.40
4854;DHT22;3628;6.559;3.386;2026-01-05T13:18:25.134835+00:00;humidity;53.50
4854;DHT22;3628;6.559;3.386;2026-01-05T13:18:25.134835+00:00;temperature;40.60
4854;DHT22;3628;6.559;3.386;2026-01-05T13:23:59.712261+00:00;humidity;53.00
4854;DHT22;3628;6.559;3.386;2026-01-05T13:23:59.712261+00:00;temperature;41.30
4853;pms5003;3628;6.559;3.386;2026-01-05T13:34:40.679424+00:00;P2;41.25
4853;pms5003;3628;6.559;3.386;2026-01-05T13:34:40.679424+00:00;P1;55.50
4853;pms5003;3628;6.559;3.386;2026-01-05T13:34:40.679424+00:00;P0;27.75
4854;DHT22;3628;6.559;3.386;2026-01-05T13:34:58.090646+00:00;humidity;52.20
4854;DHT22;3628;6.559;3.386;2026-01-05T13:34:58.090646+00:00;temperature;41.60
4853;pms5003;3628;6.559;3.386;2026-01-05T13:40:15.287442+00:00;P2;42.00
4853;pms5003;3628;6.559;3.386;2026-01-05T13:40:15.287442+00:00;P1;51.40
4853;pms5003;3628;6.559;3.386;2026-01-05T13:40:15.287442+00:00;P0;28.00
4853;pms5003;3628;6.559;3.386;2026-01-05T13:45:40.555998+00:00;P2;44.00
4853;pms5003;3628;6.559;3.386;2026-01-05T13:45:40.555998+00:00;P1;60.20
4853;pms5003;3628;6.559;3.386;2026-01-05T13:45:40.555998+00:00;P0;30.20
4854;DHT22;3628;6.559;3.386;2026-01-05T13:51:11.108908+00:00;humidity;55.70
4854;DHT22;3628;6.559;3.386;2026-01-05T13:51:11.108908+00:00;temperature;40.30
4853;pms5003;3628;6.559;3.386;2026-01-05T13:56:28.443220+00:00;P2;40.75
4853;pms5003;3628;6.559;3.386;2026-01-05T13:56:28.443220+00:00;P1;51.50
4853;pms5003;3628;6.559;3.386;2026-01-05T13:56:28.443220+00:00;P0;28.00
4854;DHT22;3628;6.559;3.386;2026-01-05T13:56:45.952573+00:00;humidity;56.70
4854;DHT22;3628;6.559;3.386;2026-01-05T13:56:45.952573+00:00;temperature;39.80
4853;pms5003;3628;6.559;3.386;2026-01-05T14:02:03.031510+00:00;P2;41.00
4853;pms5003;3628;6.559;3.386;2026-01-05T14:02:03.031510+00:00;P1;49.00
4853;pms5003;3628;6.559;3.386;2026-01-05T14:02:03.031510+00:00;P0;28.00
4853;pms5003;3628;6.559;3.386;2026-01-05T14:07:26.750853+00:00;P2;41.80
4853;pms5003;3628;6.559;3.386;2026-01-05T14:07:26.750853+00:00;P1;51.00
4853;pms5003;3628;6.559;3.386;2026-01-05T14:07:26.750853+00:00;P0;28.20
4854;DHT22;3628;6.559;3.386;2026-01-05T14:07:44.144007+00:00;humidity;58.40
4854;DHT22;3628;6.559;3.386;2026-01-05T14:07:44.144007+00:00;temperature;40.10
4853;pms5003;3628;6.559;3.386;2026-01-05T14:13:01.347724+00:00;P2;40.25
4853;pms5003;3628;6.559;3.386;2026-01-05T14:13:01.347724+00:00;P1;54.00
4853;pms5003;3628;6.559;3.386;2026-01-05T14:13:01.347724+00:00;P0;27.00
4853;pms5003;3628;6.559;3.386;2026-01-05T14:18:35.890148+00:00;P2;43.25
4853;pms5003;3628;6.559;3.386;2026-01-05T14:18:35.890148+00:00;P1;58.25
4853;pms5003;3628;6.559;3.386;2026-01-05T14:18:35.890148+00:00;P0;28.50
4854;DHT22;3628;6.559;3.386;2026-01-05T14:24:06.979195+00:00;humidity;58.10
4854;DHT22;3628;6.559;3.386;2026-01-05T14:24:06.979195+00:00;temperature;40.40
4854;DHT22;3628;6.559;3.386;2026-01-05T14:30:11.985395+00:00;humidity;59.30
4854;DHT22;3628;6.559;3.386;2026-01-05T14:30:11.985395+00:00;temperature;39.90
4853;pms5003;3628;6.559;3.386;2026-01-05T14:40:05.683916+00:00;P2;52.00
4853;pms5003;3628;6.559;3.386;2026-01-05T14:40:05.683916+00:00;P1;68.20
4853;pms5003;3628;6.559;3.386;2026-01-05T14:40:05.683916+00:00;P0;35.00
4854;DHT22;3628;6.559;3.386;2026-01-05T14:40:23.119625+00:00;humidity;60.30
4854;DHT22;3628;6.559;3.386;2026-01-05T14:40:23.119625+00:00;temperature;39.60
4853;pms5003;3628;6.559;3.386;2026-01-05T14:45:40.331004+00:00;P2;46.75
4853;pms5003;3628;6.559;3.386;2026-01-05T14:45:40.331004+00:00;P1;60.00
4853;pms5003;3628;6.559;3.386;2026-01-05T14:45:40.331004+00:00;P0;32.25
4854;DHT22;3628;6.559;3.386;2026-01-05T14:45:57.693012+00:00;humidity;60.90
4854;DHT22;3628;6.559;3.386;2026-01-05T14:45:57.693012+00:00;temperature;38.80
4853;pms5003;3628;6.559;3.386;2026-01-05T15:01:44.981217+00:00;P2;48.00
4853;pms5003;3628;6.559;3.386;2026-01-05T15:01:44.981217+00:00;P1;60.00
4853;pms5003;3628;6.559;3.386;2026-01-05T15:01:44.981217+00:00;P0;32.00
4854;DHT22;3628;6.559;3.386;2026-01-05T15:07:26.611099+00:00;humidity;61.70
4854;DHT22;3628;6.559;3.386;2026-01-05T15:07:26.611099+00:00;temperature;38.50
4853;pms5003;3628;6.559;3.386;2026-01-05T15:12:43.943553+00:00;P2;44.33
4853;pms5003;3628;6.559;3.386;2026-01-05T15:12:43.943553+00:00;P1;57.00
4853;pms5003;3628;6.559;3.386;2026-01-05T15:12:43.943553+00:00;P0;30.00
4854;DHT22;3628;6.559;3.386;2026-01-05T15:18:25.566733+00:00;humidity;62.10
4854;DHT22;3628;6.559;3.386;2026-01-05T15:18:25.566733+00:00;temperature;38.30
4853;pms5003;3628;6.559;3.386;2026-01-05T15:23:42.897069+00:00;P2;43.00
4853;pms5003;3628;6.559;3.386;2026-01-05T15:23:42.897069+00:00;P1;52.00
4853;pms5003;3628;6.559;3.386;2026-01-05T15:23:42.897069+00:00;P0;29.00
4853;pms5003;3628;6.559;3.386;2026-01-05T15:29:17.535165+00:00;P2;44.00
4853;pms5003;3628;6.559;3.386;2026-01-05T15:29:17.535165+00:00;P1;57.60
4853;pms5003;3628;6.559;3.386;2026-01-05T15:29:17.535165+00:00;P0;29.00
4854;DHT22;3628;6.559;3.386;2026-01-05T15:29:34.908646+00:00;humidity;61.30
4854;DHT22;3628;6.559;3.386;2026-01-05T15:29:34.908646+00:00;temperature;38.60
4853;pms5003;3628;6.559;3.386;2026-01-05T15:34:52.079381+00:00;P2;38.50
4853;pms5003;3628;6.559;3.386;2026-01-05T15:34:52.079381+00:00;P1;53.00
4853;pms5003;3628;6.559;3.386;2026-01-05T15:34:52.079381+00:00;P0;26.50
4853;pms5003;3628;6.559;3.386;2026-01-05T15:45:41.321421+00:00;P2;38.00
4853;pms5003;3628;6.559;3.386;2026-01-05T15:45:41.321421+00:00;P1;44.60
4853;pms5003;3628;6.559;3.386;2026-01-05T15:45:41.321421+00:00;P0;26.00
4853;pms5003;3628;6.559;3.386;2026-01-05T15:51:05.619144+00:00;P2;40.00
4853;pms5003;3628;6.559;3.386;2026-01-05T15:51:05.619144+00:00;P1;48.00
4853;pms5003;3628;6.559;3.386;2026-01-05T15:51:05.619144+00:00;P0;26.00
4854;DHT22;3628;6.559;3.386;2026-01-05T15:51:23.010568+00:00;humidity;64.50
4854;DHT22;3628;6.559;3.386;2026-01-05T15:51:23.010568+00:00;temperature;37.60
4854;DHT22;3628;6.559;3.386;2026-01-05T15:56:47.239600+00:00;humidity;65.00
4854;DHT22;3628;6.559;3.386;2026-01-05T15:56:47.239600+00:00;temperature;37.30
4853;pms5003;3628;6.559;3.386;2026-01-05T16:02:04.582968+00:00;P2;37.25
4853;pms5003;3628;6.559;3.386;2026-01-05T16:02:04.582968+00:00;P1;52.50
4853;pms5003;3628;6.559;3.386;2026-01-05T16:02:04.582968+00:00;P0;24.00
4854;DHT22;3628;6.559;3.386;2026-01-05T16:02:22.037732+00:00;humidity;65.90
4854;DHT22;3628;6.559;3.386;2026-01-05T16:02:22.037732+00:00;temperature;37.00
4853;pms5003;3628;6.559;3.386;2026-01-05T16:07:39.214694+00:00;P2;36.00
4853;pms5003;3628;6.559;3.386;2026-01-05T16:07:39.214694+00:00;P1;46.60
4853;pms5003;3628;6.559;3.386;2026-01-05T16:07:39.214694+00:00;P0;24.80
4854;DHT22;3628;6.559;3.386;2026-01-05T16:09:14.489187+00:00;humidity;66.60
4854;DHT22;3628;6.559;3.386;2026-01-05T16:09:14.489187+00:00;temperature;36.70
4853;pms5003;3628;6.559;3.386;2026-01-05T16:13:13.744899+00:00;P2;32.80
4853;pms5003;3628;6.559;3.386;2026-01-05T16:13:13.744899+00:00;P1;43.60
4853;pms5003;3628;6.559;3.386;2026-01-05T16:13:13.744899+00:00;P0;22.20
4854;DHT22;3628;6.559;3.386;2026-01-05T16:13:31.094438+00:00;humidity;66.90
4854;DHT22;3628;6.559;3.386;2026-01-05T16:13:31.094438+00:00;temperature;36.50
4854;DHT22;3628;6.559;3.386;2026-01-05T16:24:08.301567+00:00;humidity;67.70
4854;DHT22;3628;6.559;3.386;2026-01-05T16:24:08.301567+00:00;temperature;36.00
4854;DHT22;3628;6.559;3.386;2026-01-05T16:34:58.903382+00:00;humidity;68.90
4854;DHT22;3628;6.559;3.386;2026-01-05T16:34:58.903382+00:00;temperature;35.70
4854;DHT22;3628;6.559;3.386;2026-01-05T16:40:23.242459+00:00;humidity;69.00
4854;DHT22;3628;6.559;3.386;2026-01-05T16:40:23.242459+00:00;temperature;35.70
4853;pms5003;3628;6.559;3.386;2026-01-05T16:45:40.511817+00:00;P2;35.50
4853;pms5003;3628;6.559;3.386;2026-01-05T16:45:40.511817+00:00;P1;44.50
4853;pms5003;3628;6.559;3.386;2026-01-05T16:45:40.511817+00:00;P0;24.50
4853;pms5003;3628;6.559;3.386;2026-01-05T16:51:04.170976+00:00;P2;34.75
4853;pms5003;3628;6.559;3.386;2026-01-05T16:51:04.170976+00:00;P1;44.75
4853;pms5003;3628;6.559;3.386;2026-01-05T16:51:04.170976+00:00;P0;23.25
4853;pms5003;3628;6.559;3.386;2026-01-05T16:56:28.162379+00:00;P2;38.40
4853;pms5003;3628;6.559;3.386;2026-01-05T16:56:28.162379+00:00;P1;53.00
4853;pms5003;3628;6.559;3.386;2026-01-05T16:56:28.162379+00:00;P0;26.00
4854;DHT22;3628;6.559;3.386;2026-01-05T16:56:45.441027+00:00;humidity;72.30
4854;DHT22;3628;6.559;3.386;2026-01-05T16:56:45.441027+00:00;temperature;34.80
4853;pms5003;3628;6.559;3.386;2026-01-05T17:02:02.661323+00:00;P2;36.00
4853;pms5003;3628;6.559;3.386;2026-01-05T17:02:02.661323+00:00;P1;47.50
4853;pms5003;3628;6.559;3.386;2026-01-05T17:02:02.661323+00:00;P0;24.00
4853;pms5003;3628;6.559;3.386;2026-01-05T17:02:20.052637+00:00;humidity;73.70
4853;pms5003;3628;6.559;3.386;2026-01-05T17:02:20.052637+00:00;temperature;34.30
4853;pms5003;3628;6.559;3.386;2026-01-05T17:07:37.281210+00:00;P2;42.00
4853;pms5003;3628;6.559;3.386;2026-01-05T17:07:37.281210+00:00;P1;58.75
4853;pms5003;3628;6.559;3.386;2026-01-05T17:07:37.281210+00:00;P0;28.00
4854;DHT22;3628;6.559;3.386;2026-01-05T17:07:54.661411+00:00;humidity;75.40
4854;DHT22;3628;6.559;3.386;2026-01-05T17:07:54.661411+00:00;temperature;33.90
4853;pms5003;3628;6.559;3.386;2026-01-05T17:18:25.700575+00:00;P2;36.60
4853;pms5003;3628;6.559;3.386;2026-01-05T17:18:25.700575+00:00;P1;56.00
4853;pms5003;3628;6.559;3.386;2026-01-05T17:18:25.700575+00:00;P0;24.00
4854;DHT22;3628;6.559;3.386;2026-01-05T17:18:43.185795+00:00;humidity;76.10
4854;DHT22;3628;6.559;3.386;2026-01-05T17:18:43.185795+00:00;temperature;33.60
4853;pms5003;3628;6.559;3.386;2026-01-05T17:24:00.387667+00:00;P2;37.25
4853;pms5003;3628;6.559;3.386;2026-01-05T17:24:00.387667+00:00;P1;45.25
4853;pms5003;3628;6.559;3.386;2026-01-05T17:24:00.387667+00:00;P0;25.00
4854;DHT22;3628;6.559;3.386;2026-01-05T17:24:17.775341+00:00;humidity;77.70
4854;DHT22;3628;6.559;3.386;2026-01-05T17:24:17.775341+00:00;temperature;33.20
4853;pms5003;3628;6.559;3.386;2026-01-05T17:29:34.968573+00:00;P2;38.00
4853;pms5003;3628;6.559;3.386;2026-01-05T17:29:34.968573+00:00;P1;47.00
4853;pms5003;3628;6.559;3.386;2026-01-05T17:29:34.968573+00:00;P0;24.60
4854;DHT22;3628;6.559;3.386;2026-01-05T17:29:52.323829+00:00;humidity;78.70
4854;DHT22;3628;6.559;3.386;2026-01-05T17:29:52.323829+00:00;temperature;33.00
4853;pms5003;3628;6.559;3.386;2026-01-05T17:35:09.517067+00:00;P2;35.00
4853;pms5003;3628;6.559;3.386;2026-01-05T17:35:09.517067+00:00;P1;48.50
4853;pms5003;3628;6.559;3.386;2026-01-05T17:35:09.517067+00:00;P0;23.50
4854;DHT22;3628;6.559;3.386;2026-01-05T17:35:26.893501+00:00;humidity;79.60
4854;DHT22;3628;6.559;3.386;2026-01-05T17:35:26.893501+00:00;temperature;32.90
4853;pms5003;3628;6.559;3.386;2026-01-05T17:51:22.405485+00:00;P2;40.00
4853;pms5003;3628;6.559;3.386;2026-01-05T17:51:22.405485+00:00;P1;46.50
4853;pms5003;3628;6.559;3.386;2026-01-05T17:51:22.405485+00:00;P0;27.00
4854;DHT22;3628;6.559;3.386;2026-01-05T17:51:39.741579+00:00;humidity;80.40
4854;DHT22;3628;6.559;3.386;2026-01-05T17:51:39.741579+00:00;temperature;32.50
4853;pms5003;3628;6.559;3.386;2026-01-05T18:02:21.211534+00:00;P2;34.00
4853;pms5003;3628;6.559;3.386;2026-01-05T18:02:21.211534+00:00;P1;46.25
4853;pms5003;3628;6.559;3.386;2026-01-05T18:02:21.211534+00:00;P0;21.00
4854;DHT22;3628;6.559;3.386;2026-01-05T18:02:38.537471+00:00;humidity;82.10
4854;DHT22;3628;6.559;3.386;2026-01-05T18:02:38.537471+00:00;temperature;32.10
4853;pms5003;3628;6.559;3.386;2026-01-05T18:07:55.865636+00:00;P2;33.00
4853;pms5003;3628;6.559;3.386;2026-01-05T18:07:55.865636+00:00;P1;36.50
4853;pms5003;3628;6.559;3.386;2026-01-05T18:07:55.865636+00:00;P0;22.00
4854;DHT22;3628;6.559;3.386;2026-01-05T18:08:13.279846+00:00;humidity;81.90
4854;DHT22;3628;6.559;3.386;2026-01-05T18:08:13.279846+00:00;temperature;32.20
4853;pms5003;3628;6.559;3.386;2026-01-05T18:13:30.488168+00:00;P2;33.00
4853;pms5003;3628;6.559;3.386;2026-01-05T18:13:30.488168+00:00;P1;46.75
4853;pms5003;3628;6.559;3.386;2026-01-05T18:13:30.488168+00:00;P0;2r.00
4854;DHT22;3628;6.559;3.386;2026-01-05T18:19:03.720907+00:00;humidity;82.50
4854;DHT22;3628;6.559;3.386;2026-01-05T18:19:03.720907+00:00;temperature;32.10
4854;DHT22;3628;6.559;3.386;2026-01-05T18:24:20.982092+00:00;P2;32.00
4854;DHT22;3628;6.559;3.386;2026-01-05T18:24:20.982092+00:00;P1;36.25
4854;DHT22;3628;6.559;3.386;2026-01-05T18:24:20.982092+00:00;P0;22.00
4853;pms5003;3628;6.559;3.386;2026-01-05T18:29:44.934426+00:00;P2;34.75
4853;pms5003;3628;6.559;3.386;2026-01-05T18:29:44.934426+00:00;P1;48.25
4853;pms5003;3628;6.559;3.386;2026-01-05T18:29:44.934426+00:00;P0;22.25
4853;pms5003;3628;6.559;3.386;2026-01-05T18:35:31.730862+00:00;P2;36.00
4853;pms5003;3628;6.559;3.386;2026-01-05T18:35:31.730862+00:00;P1;50.80
4853;pms5003;3628;6.559;3.386;2026-01-05T18:35:31.730862+00:00;P0;26.00
4853;pms5003;3628;6.559;3.386;2026-01-05T18:40:55.178597+00:00;P2;35.00
4853;pms5003;3628;6.559;3.386;2026-01-05T18:40:55.178597+00:00;P1;43.00
4853;pms5003;3628;6.559;3.386;2026-01-05T18:40:55.178597+00:00;P0;23.00
4853;pms5003;3628;6.559;3.386;2026-01-05T18:45:57.481053+00:00;P2;33.75
4853;pms5003;3628;6.559;3.386;2026-01-05T18:45:57.481053+00:00;P1;49.00
4853;pms5003;3628;6.559;3.386;2026-01-05T18:45:57.481053+00:00;P0;22.00
4854;DHT22;3628;6.559;3.386;2026-01-05T18:51:28.995313+00:00;humidity;83.50
4854;DHT22;3628;6.559;3.386;2026-01-05T18:51:28.995313+00:00;temperature;32.00
4853;pms5003;3628;6.559;3.386;2026-01-05T18:56:48.369054+00:00;P2;30.00
4853;pms5003;3628;6.559;3.386;2026-01-05T18:56:48.369054+00:00;P1;39.00
4853;pms5003;3628;6.559;3.386;2026-01-05T18:56:48.369054+00:00;P0;19.00
4854;DHT22;3628;6.559;3.386;2026-01-05T18:57:06.550120+00:00;humidity;83.50
4854;DHT22;3628;6.559;3.386;2026-01-05T18:57:06.550120+00:00;temperature;31.90
4853;pms5003;3628;6.559;3.386;2026-01-05T19:02:26.890705+00:00;P2;30.67
4853;pms5003;3628;6.559;3.386;2026-01-05T19:02:26.890705+00:00;P1;38.33
4853;pms5003;3628;6.559;3.386;2026-01-05T19:02:26.890705+00:00;P0;21.67
4854;DHT22;3628;6.559;3.386;2026-01-05T19:02:44.175681+00:00;humidity;83.60
4854;DHT22;3628;6.559;3.386;2026-01-05T19:02:44.175681+00:00;temperature;32.00
4853;pms5003;3628;6.559;3.386;2026-01-05T19:08:04.430319+00:00;P2;31.67
4853;pms5003;3628;6.559;3.386;2026-01-05T19:08:04.430319+00:00;P1;39.67
4853;pms5003;3628;6.559;3.386;2026-01-05T19:08:04.430319+00:00;P0;21.00
4853;pms5003;3628;6.559;3.386;2026-01-05T19:18:51.979520+00:00;P2;33.00
4853;pms5003;3628;6.559;3.386;2026-01-05T19:18:51.979520+00:00;P1;43.00
4853;pms5003;3628;6.559;3.386;2026-01-05T19:18:51.979520+00:00;P0;22.00
4854;DHT22;3628;6.559;3.386;2026-01-05T19:19:09.352263+00:00;humidity;84.10
4854;DHT22;3628;6.559;3.386;2026-01-05T19:19:09.352263+00:00;temperature;31.70
4853;pms5003;3628;6.559;3.386;2026-01-05T19:24:29.526430+00:00;P2;35.00
4853;pms5003;3628;6.559;3.386;2026-01-05T19:24:29.526430+00:00;P1;38.00
4853;pms5003;3628;6.559;3.386;2026-01-05T19:24:29.526430+00:00;P0;23.00
4853;pms5003;3628;6.559;3.386;2026-01-05T19:30:11.802097+00:00;P2;38.67
4853;pms5003;3628;6.559;3.386;2026-01-05T19:30:11.802097+00:00;P1;53.00
4853;pms5003;3628;6.559;3.386;2026-01-05T19:30:11.802097+00:00;P0;25.67
4853;pms5003;3628;6.559;3.386;2026-01-05T19:35:44.254116+00:00;P2;36.00
4853;pms5003;3628;6.559;3.386;2026-01-05T19:35:44.254116+00:00;P1;42.40
4853;pms5003;3628;6.559;3.386;2026-01-05T19:35:44.254116+00:00;P0;25.40
4854;DHT22;3628;6.559;3.386;2026-01-05T19:36:07.089895+00:00;humidity;83.80
4854;DHT22;3628;6.559;3.386;2026-01-05T19:36:07.089895+00:00;temperature;31.80
4853;pms5003;3628;6.559;3.386;2026-01-05T19:41:26.474271+00:00;P2;36.25
4853;pms5003;3628;6.559;3.386;2026-01-05T19:41:26.474271+00:00;P1;50.25
4853;pms5003;3628;6.559;3.386;2026-01-05T19:41:26.474271+00:00;P0;24.50
4854;DHT22;3628;6.559;3.386;2026-01-05T19:41:47.316746+00:00;humidity;83.90
4854;DHT22;3628;6.559;3.386;2026-01-05T19:41:47.316746+00:00;temperature;31.80
4853;pms5003;3628;6.559;3.386;2026-01-05T19:47:04.657962+00:00;P2;33.00
4853;pms5003;3628;6.559;3.386;2026-01-05T19:47:04.657962+00:00;P1;49.50
4853;pms5003;3628;6.559;3.386;2026-01-05T19:47:04.657962+00:00;P0;23.00
4854;DHT22;3628;6.559;3.386;2026-01-05T19:47:30.558558+00:00;humidity;84.20
4854;DHT22;3628;6.559;3.386;2026-01-05T19:47:30.558558+00:00;temperature;31.80
4853;pms5003;3628;6.559;3.386;2026-01-05T19:52:50.480171+00:00;P2;33.00
4853;pms5003;3628;6.559;3.386;2026-01-05T19:52:50.480171+00:00;P1;36.50
4853;pms5003;3628;6.559;3.386;2026-01-05T19:52:50.480171+00:00;P0;23.00
4854;DHT22;3628;6.559;3.386;2026-01-05T19:53:10.645752+00:00;humidity;84.40
4854;DHT22;3628;6.559;3.386;2026-01-05T19:53:10.645752+00:00;temperature;31.80
4854;DHT22;3628;6.559;3.386;2026-01-05T19:58:43.560619+00:00;humidity;84.90
4854;DHT22;3628;6.559;3.386;2026-01-05T19:58:43.560619+00:00;temperature;31.70
4853;pms5003;3628;6.559;3.386;2026-01-05T20:04:03.796471+00:00;P2;37.00
4853;pms5003;3628;6.559;3.386;2026-01-05T20:04:03.796471+00:00;P1;51.75
4853;pms5003;3628;6.559;3.386;2026-01-05T20:04:03.796471+00:00;P0;26.00
4854;DHT22;3628;6.559;3.386;2026-01-05T20:04:23.827672+00:00;humidity;84.80
4854;DHT22;3628;6.559;3.386;2026-01-05T20:04:23.827672+00:00;temperature;31.70
4853;pms5003;3628;6.559;3.386;2026-01-05T20:09:43.959698+00:00;P2;33.25
4853;pms5003;3628;6.559;3.386;2026-01-05T20:09:43.959698+00:00;P1;47.25
4853;pms5003;3628;6.559;3.386;2026-01-05T20:09:43.959698+00:00;P0;22.50
4854;DHT22;3628;6.559;3.386;2026-01-05T20:10:03.928910+00:00;humidity;85.30
4854;DHT22;3628;6.559;3.386;2026-01-05T20:10:03.928910+00:00;temperature;31.60
4854;DHT22;3628;6.559;3.386;2026-01-05T20:15:44.591549+00:00;humidity;85.00
4854;DHT22;3628;6.559;3.386;2026-01-05T20:15:44.591549+00:00;temperature;31.60
4853;pms5003;3628;6.559;3.386;2026-01-05T20:21:07.679713+00:00;P2;34.00
4853;pms5003;3628;6.559;3.386;2026-01-05T20:21:07.679713+00:00;P1;45.00
4853;pms5003;3628;6.559;3.386;2026-01-05T20:21:07.679713+00:00;P0;23.00
4854;DHT22;3628;6.559;3.386;2026-01-05T20:21:27.666695+00:00;humidity;84.90
4854;DHT22;3628;6.559;3.386;2026-01-05T20:21:27.666695+00:00;temperature;31.70
4854;DHT22;3628;6.559;3.386;2026-01-05T20:27:05.317260+00:00;humidity;84.50
4854;DHT22;3628;6.559;3.386;2026-01-05T20:27:05.317260+00:00;temperature;31.80
4853;pms5003;3628;6.559;3.386;2026-01-05T20:32:28.839977+00:00;P2;31.75
4853;pms5003;3628;6.559;3.386;2026-01-05T20:32:28.839977+00:00;P1;42.50
4853;pms5003;3628;6.559;3.386;2026-01-05T20:32:28.839977+00:00;P0;21.00
4854;DHT22;3628;6.559;3.386;2026-01-05T20:32:49.416287+00:00;humidity;84.60
4854;DHT22;3628;6.559;3.386;2026-01-05T20:32:49.416287+00:00;temperature;31.70
4853;pms5003;3628;6.559;3.386;2026-01-05T20:38:08.521302+00:00;P2;34.00
4853;pms5003;3628;6.559;3.386;2026-01-05T20:38:08.521302+00:00;P1;40.00
4853;pms5003;3628;6.559;3.386;2026-01-05T20:38:08.521302+00:00;P0;24.00
4854;DHT22;3628;6.559;3.386;2026-01-05T20:38:20.794969+00:00;humidity;84.20
4854;DHT22;3628;6.559;3.386;2026-01-05T20:38:20.794969+00:00;temperature;31.70
4853;pms5003;3628;6.559;3.386;2026-01-05T20:43:44.007685+00:00;P2;32.50
4853;pms5003;3628;6.559;3.386;2026-01-05T20:43:44.007685+00:00;P1;44.50
4853;pms5003;3628;6.559;3.386;2026-01-05T20:43:44.007685+00:00;P0;20.00
4854;DHT22;3628;6.559;3.386;2026-01-05T20:44:01.308568+00:00;humidity;84.60
4854;DHT22;3628;6.559;3.386;2026-01-05T20:44:01.308568+00:00;temperature;31.60
4853;pms5003;3628;6.559;3.386;2026-01-05T20:49:24.593220+00:00;P2;34.50
4853;pms5003;3628;6.559;3.386;2026-01-05T20:49:24.593220+00:00;P1;45.00
4853;pms5003;3628;6.559;3.386;2026-01-05T20:49:24.593220+00:00;P0;22.25
4854;DHT22;3628;6.559;3.386;2026-01-05T20:55:04.155381+00:00;humidity;84.90
4854;DHT22;3628;6.559;3.386;2026-01-05T20:55:04.155381+00:00;temperature;31.50
4853;pms5003;3628;6.559;3.386;2026-01-05T21:00:52.307493+00:00;P2;35.00
4853;pms5003;3628;6.559;3.386;2026-01-05T21:00:52.307493+00:00;P1;45.80
4853;pms5003;3628;6.559;3.386;2026-01-05T21:00:52.307493+00:00;P0;22.40
4853;pms5003;3628;6.559;3.386;2026-01-05T21:26:46.236724+00:00;P2;32.25
4853;pms5003;3628;6.559;3.386;2026-01-05T21:26:46.236724+00:00;P1;38.75
4853;pms5003;3628;6.559;3.386;2026-01-05T21:26:46.236724+00:00;P0;21.75
4854;DHT22;3628;6.559;3.386;2026-01-05T21:27:03.422317+00:00;humidity;85.50
4854;DHT22;3628;6.559;3.386;2026-01-05T21:27:03.422317+00:00;temperature;31.40
4853;pms5003;3628;6.559;3.386;2026-01-05T21:32:20.768459+00:00;P2;31.25
4853;pms5003;3628;6.559;3.386;2026-01-05T21:32:20.768459+00:00;P1;44.50
4853;pms5003;3628;6.559;3.386;2026-01-05T21:32:20.768459+00:00;P0;22.00
4854;DHT22;3628;6.559;3.386;2026-01-05T21:32:38.129645+00:00;humidity;85.30
4854;DHT22;3628;6.559;3.386;2026-01-05T21:32:38.129645+00:00;temperature;31.50
4853;pms5003;3628;6.559;3.386;2026-01-05T21:37:55.327513+00:00;P2;33.00
4853;pms5003;3628;6.559;3.386;2026-01-05T21:37:55.327513+00:00;P1;45.00
4853;pms5003;3628;6.559;3.386;2026-01-05T21:37:55.327513+00:00;P0;21.00
4854;DHT22;3628;6.559;3.386;2026-01-05T21:43:29.316430+00:00;humidity;85.30
4854;DHT22;3628;6.559;3.386;2026-01-05T21:43:29.316430+00:00;temperature;31.60
4854;DHT22;3628;6.559;3.386;2026-01-05T21:48:51.526988+00:00;humidity;85.80
4854;DHT22;3628;6.559;3.386;2026-01-05T21:48:51.526988+00:00;temperature;31.40
4853;pms5003;3628;6.559;3.386;2026-01-05T21:54:38.722196+00:00;P2;32.00
4853;pms5003;3628;6.559;3.386;2026-01-05T21:54:38.722196+00:00;P1;44.50
4853;pms5003;3628;6.559;3.386;2026-01-05T21:54:38.722196+00:00;P0;22.00
4853;pms5003;3628;6.559;3.386;2026-01-05T22:01:31.641950+00:00;P2;32.00
4853;pms5003;3628;6.559;3.386;2026-01-05T22:01:31.641950+00:00;P1;33.00
4853;pms5003;3628;6.559;3.386;2026-01-05T22:01:31.641950+00:00;P0;21.00
4853;pms5003;3628;6.559;3.386;2026-01-05T22:06:17.834035+00:00;P2;37.50
4853;pms5003;3628;6.559;3.386;2026-01-05T22:06:17.834035+00:00;P1;44.00
4853;pms5003;3628;6.559;3.386;2026-01-05T22:06:17.834035+00:00;P0;23.50
4853;pms5003;3628;6.559;3.386;2026-01-05T22:11:52.396531+00:00;P2;48.50
4853;pms5003;3628;6.559;3.386;2026-01-05T22:11:52.396531+00:00;P1;65.25
4853;pms5003;3628;6.559;3.386;2026-01-05T22:11:52.396531+00:00;P0;31.25
4853;pms5003;3628;6.559;3.386;2026-01-05T22:17:19.658455+00:00;P2;44.75
4853;pms5003;3628;6.559;3.386;2026-01-05T22:17:19.658455+00:00;P1;57.50
4853;pms5003;3628;6.559;3.386;2026-01-05T22:17:19.658455+00:00;P0;28.75
4853;pms5003;3628;6.559;3.386;2026-01-05T22:22:43.834097+00:00;P2;37.00
4853;pms5003;3628;6.559;3.386;2026-01-05T22:22:43.834097+00:00;P1;43.00
4853;pms5003;3628;6.559;3.386;2026-01-05T22:22:43.834097+00:00;P0;24.50
4854;DHT22;3628;6.559;3.386;2026-01-05T22:23:01.297208+00:00;humidity;86.90
4854;DHT22;3628;6.559;3.386;2026-01-05T22:23:01.297208+00:00;temperature;31.30
4854;DHT22;3628;6.559;3.386;2026-01-05T22:28:25.134984+00:00;humidity;86.90
4854;DHT22;3628;6.559;3.386;2026-01-05T22:28:25.134984+00:00;temperature;31.20
4854;DHT22;3628;6.559;3.386;2026-01-05T22:33:59.615124+00:00;humidity;87.30
4854;DHT22;3628;6.559;3.386;2026-01-05T22:33:59.615124+00:00;temperature;31.20
4853;pms5003;3628;6.559;3.386;2026-01-05T22:39:16.835165+00:00;P2;30.50
4853;pms5003;3628;6.559;3.386;2026-01-05T22:39:16.835165+00:00;P1;43.50
4853;pms5003;3628;6.559;3.386;2026-01-05T22:39:16.835165+00:00;P0;20.00
4854;DHT22;3628;6.559;3.386;2026-01-05T22:44:57.837700+00:00;humidity;87.90
4854;DHT22;3628;6.559;3.386;2026-01-05T22:44:57.837700+00:00;temperature;31.10
4854;DHT22;3628;6.559;3.386;2026-01-06T00:12:28.567595+00:00;humidity;88.00
4854;DHT22;3628;6.559;3.386;2026-01-06T00:12:28.567595+00:00;temperature;30.90
4853;pms5003;3628;6.559;3.386;2026-01-06T00:17:46.598097+00:00;P2;77.00
4853;pms5003;3628;6.559;3.386;2026-01-06T00:17:46.598097+00:00;P1;94.67
4853;pms5003;3628;6.559;3.386;2026-01-06T00:17:46.598097+00:00;P0;45.67
4854;DHT22;3628;6.559;3.386;2026-01-06T00:18:03.215288+00:00;humidity;88.00
4854;DHT22;3628;6.559;3.386;2026-01-06T00:18:03.215288+00:00;temperature;30.90
4853;pms5003;3628;6.559;3.386;2026-01-06T00:23:20.389793+00:00;P2;40.00
4853;pms5003;3628;6.559;3.386;2026-01-06T00:23:20.389793+00:00;P1;57.25
4853;pms5003;3628;6.559;3.386;2026-01-06T00:23:20.389793+00:00;P0;25.25
4854;DHT22;3628;6.559;3.386;2026-01-06T00:23:37.732173+00:00;humidity;88.10
4854;DHT22;3628;6.559;3.386;2026-01-06T00:23:37.732173+00:00;temperature;30.80
4853;pms5003;3628;6.559;3.386;2026-01-06T00:28:54.939037+00:00;P2;34.75
4853;pms5003;3628;6.559;3.386;2026-01-06T00:28:54.939037+00:00;P1;50.75
4853;pms5003;3628;6.559;3.386;2026-01-06T00:28:54.939037+00:00;P0;22.75
4853;pms5003;3628;6.559;3.386;2026-01-06T00:34:18.742267+00:00;P2;64.75
4853;pms5003;3628;6.559;3.386;2026-01-06T00:34:18.742267+00:00;P1;80.75
4853;pms5003;3628;6.559;3.386;2026-01-06T00:34:18.742267+00:00;P0;38.25
4854;DHT22;3628;6.559;3.386;2026-01-06T00:34:36.109295+00:00;humidity;88.80
4854;DHT22;3628;6.559;3.386;2026-01-06T00:34:36.109295+00:00;temperature;30.60
4853;pms5003;3628;6.559;3.386;2026-01-06T00:41:09.691267+00:00;P2;47.25
4853;pms5003;3628;6.559;3.386;2026-01-06T00:41:09.691267+00:00;P1;64.25
4853;pms5003;3628;6.559;3.386;2026-01-06T00:41:09.691267+00:00;P0;30.00
4853;pms5003;3628;6.559;3.386;2026-01-06T00:45:17.289508+00:00;P2;54.25
4853;pms5003;3628;6.559;3.386;2026-01-06T00:45:17.289508+00:00;P1;73.00
4853;pms5003;3628;6.559;3.386;2026-01-06T00:45:17.289508+00:00;P0;33.00
4854;DHT22;3628;6.559;3.386;2026-01-06T00:45:34.625855+00:00;humidity;89.10
4854;DHT22;3628;6.559;3.386;2026-01-06T00:45:34.625855+00:00;temperature;30.60
4854;DHT22;3628;6.559;3.386;2026-01-06T00:51:22.641087+00:00;humidity;89.10
4854;DHT22;3628;6.559;3.386;2026-01-06T00:51:22.641087+00:00;temperature;30.70
4853;pms5003;3628;6.559;3.386;2026-01-06T01:02:45.504357+00:00;P2;42.00
4853;pms5003;3628;6.559;3.386;2026-01-06T01:02:45.504357+00:00;P1;60.67
4853;pms5003;3628;6.559;3.386;2026-01-06T01:02:45.504357+00:00;P0;26.33
4854;DHT22;3628;6.559;3.386;2026-01-06T04:30:31.928937+00:00;humidity;92.30
4854;DHT22;3628;6.559;3.386;2026-01-06T04:30:31.928937+00:00;temperature;30.00
4853;pms5003;3628;6.559;3.386;2026-01-06T04:35:49.118812+00:00;P2;42.67
4853;pms5003;3628;6.559;3.386;2026-01-06T04:35:49.118812+00:00;P1;56.67
4853;pms5003;3628;6.559;3.386;2026-01-06T04:35:49.118812+00:00;P0;27.00
4854;DHT22;3628;6.559;3.386;2026-01-06T04:36:06.543561+00:00;humidity;92.30
4854;DHT22;3628;6.559;3.386;2026-01-06T04:36:06.543561+00:00;temperature;30.10
4853;pms5003;3628;6.559;3.386;2026-01-06T04:41:23.682093+00:00;P2;41.33
4853;pms5003;3628;6.559;3.386;2026-01-06T04:41:23.682093+00:00;P1;59.00
4853;pms5003;3628;6.559;3.386;2026-01-06T04:41:23.682093+00:00;P0;27.00
4853;pms5003;3628;6.559;3.386;2026-01-06T04:46:58.410931+00:00;P2;42.00
4853;pms5003;3628;6.559;3.386;2026-01-06T04:46:58.410931+00:00;P1;56.20
4853;pms5003;3628;6.559;3.386;2026-01-06T04:46:58.410931+00:00;P0;27.20
4854;DHT22;3628;6.559;3.386;2026-01-06T04:47:15.795952+00:00;humidity;92.00
4854;DHT22;3628;6.559;3.386;2026-01-06T04:47:15.795952+00:00;temperature;30.10
4853;pms5003;3628;6.559;3.386;2026-01-06T04:52:33.000163+00:00;P2;39.50
4853;pms5003;3628;6.559;3.386;2026-01-06T04:52:33.000163+00:00;P1;52.50
4853;pms5003;3628;6.559;3.386;2026-01-06T04:52:33.000163+00:00;P0;26.00
4854;DHT22;3628;6.559;3.386;2026-01-06T04:52:50.365313+00:00;humidity;92.20
4854;DHT22;3628;6.559;3.386;2026-01-06T04:52:50.365313+00:00;temperature;30.00
4854;DHT22;3628;6.559;3.386;2026-01-06T04:58:14.036963+00:00;humidity;92.50
4854;DHT22;3628;6.559;3.386;2026-01-06T04:58:14.036963+00:00;temperature;30.00
4853;pms5003;3628;6.559;3.386;2026-01-06T05:03:31.228154+00:00;P2;43.00
4853;pms5003;3628;6.559;3.386;2026-01-06T05:03:31.228154+00:00;P1;57.00
4853;pms5003;3628;6.559;3.386;2026-01-06T05:03:31.228154+00:00;P0;27.00
4854;DHT22;3628;6.559;3.386;2026-01-06T05:03:48.590927+00:00;humidity;92.20
4854;DHT22;3628;6.559;3.386;2026-01-06T05:03:48.590927+00:00;temperature;30.10
4853;pms5003;3628;6.559;3.386;2026-01-06T05:14:29.532010+00:00;P2;43.00
4853;pms5003;3628;6.559;3.386;2026-01-06T05:14:29.532010+00:00;P1;56,75
4853;pms5003;3628;6.559;3.386;2026-01-06T05:14:29.532010+00:00;P0;27.50
4853;pms5003;3628;6.559;3.386;2026-01-06T05:19:53.560943+00:00;P2;44.40
4853;pms5003;3628;6.559;3.386;2026-01-06T05:19:53.560943+00:00;P1;60.60
4853;pms5003;3628;6.559;3.386;2026-01-06T05:19:53.560943+00:00;P0;30.60
4853;pms5003;3628;6.559;3.386;2026-01-06T05:25:17.463943+00:00;P2;51.60
4853;pms5003;3628;6.559;3.386;2026-01-06T05:25:17.463943+00:00;P1;70.00
4853;pms5003;3628;6.559;3.386;2026-01-06T05:25:17.463943+00:00;P0;33.60
4853;pms5003;3628;6.559;3.386;2026-01-06T05:30:41.684591+00:00;P2;52.00
4853;pms5003;3628;6.559;3.386;2026-01-06T05:30:41.684591+00:00;P1;69.50
4853;pms5003;3628;6.559;3.386;2026-01-06T05:30:41.684591+00:00;P0;35.00
4854;DHT22;3628;6.559;3.386;2026-01-06T05:30:59.027284+00:00;humidity;93.00
4854;DHT22;3628;6.559;3.386;2026-01-06T05:30:59.027284+00:00;temperature;29.80
4854;DHT22;3628;6.559;3.386;2026-01-06T05:42:08.144627+00:00;humidity;93.30
4854;DHT22;3628;6.559;3.386;2026-01-06T05:42:08.144627+00:00;temperature;29.70
4853;pms5003;3628;6.559;3.386;2026-01-06T05:51:15.707382+00:00;P2;46.60
4853;pms5003;3628;6.559;3.386;2026-01-06T05:51:15.707382+00:00;P1;62.00
4853;pms5003;3628;6.559;3.386;2026-01-06T05:51:15.707382+00:00;P0;31.00
4854;DHT22;3628;6.559;3.386;2026-01-06T05:51:33.112594+00:00;humidity;92.10
4854;DHT22;3628;6.559;3.386;2026-01-06T05:51:33.112594+00:00;temperature;30.10
4853;pms5003;3628;6.559;3.386;2026-01-06T06:01:07.930618+00:00;P2;44.80
4853;pms5003;3628;6.559;3.386;2026-01-06T06:01:07.930618+00:00;P1;55.60
4853;pms5003;3628;6.559;3.386;2026-01-06T06:01:07.930618+00:00;P0;28.60
4854;DHT22;3628;6.559;3.386;2026-01-06T06:01:25.285792+00:00;humidity;90.60
4854;DHT22;3628;6.559;3.386;2026-01-06T06:01:25.285792+00:00;temperature;30.50
4853;pms5003;3628;6.559;3.386;2026-01-06T06:06:42.519210+00:00;P2;45.60
4853;pms5003;3628;6.559;3.386;2026-01-06T06:06:42.519210+00:00;P1;56.20
4853;pms5003;3628;6.559;3.386;2026-01-06T06:06:42.519210+00:00;P0;30.20
4854;DHT22;3628;6.559;3.386;2026-01-06T06:06:59.889941+00:00;humidity;90.20
4854;DHT22;3628;6.559;3.386;2026-01-06T06:06:59.889941+00:00;temperature;30.50
4853;pms5003;3628;6.559;3.386;2026-01-06T06:12:17.174350+00:00;P2;43.40
4853;pms5003;3628;6.559;3.386;2026-01-06T06:12:17.174350+00:00;P1;59.60
4853;pms5003;3628;6.559;3.386;2026-01-06T06:12:17.174350+00:00;P0;28.00
4854;DHT22;3628;6.559;3.386;2026-01-06T06:12:34.571975+00:00;humidity;90.90
4854;DHT22;3628;6.559;3.386;2026-01-06T06:12:34.571975+00:00;temperature;30.30
4853;pms5003;3628;6.559;3.386;2026-01-06T06:17:51.803255+00:00;P2;40.00
4853;pms5003;3628;6.559;3.386;2026-01-06T06:17:51.803255+00:00;P1;48.50
4853;pms5003;3628;6.559;3.386;2026-01-06T06:17:51.803255+00:00;P0;26.00
4854;DHT22;3628;6.559;3.386;2026-01-06T06:18:09.178618+00:00;humidity;91.40
4854;DHT22;3628;6.559;3.386;2026-01-06T06:18:09.178618+00:00;temperature;30.10
4853;pms5003;3628;6.559;3.386;2026-01-06T06:23:26.484741+00:00;P2;38.00
4853;pms5003;3628;6.559;3.386;2026-01-06T06:23:26.484741+00:00;P1;54.25
4853;pms5003;3628;6.559;3.386;2026-01-06T06:23:26.484741+00:00;P0;24.25
4854;DHT22;3628;6.559;3.386;2026-01-06T06:29:07.770354+00:00;humidity;92.20
4854;DHT22;3628;6.559;3.386;2026-01-06T06:29:07.770354+00:00;temperature;29.90
4853;pms5003;3628;6.559;3.386;2026-01-06T06:34:25.004351+00:00;P2;36.80
4853;pms5003;3628;6.559;3.386;2026-01-06T06:34:25.004351+00:00;P1;51.60
4853;pms5003;3628;6.559;3.386;2026-01-06T06:34:25.004351+00:00;P0;24.20
4853;pms5003;3628;6.559;3.386;2026-01-06T06:34:42.330529+00:00;humidity;91.30
4853;pms5003;3628;6.559;3.386;2026-01-06T06:34:42.330529+00:00;temperature;30.10
4854;DHT22;3628;6.559;3.386;2026-01-06T06:40:16.926399+00:00;humidity;90.80
4854;DHT22;3628;6.559;3.386;2026-01-06T06:40:16.926399+00:00;temperature;30.40
4853;pms5003;3628;6.559;3.386;2026-01-06T06:45:34.128012+00:00;P2;38.80
4853;pms5003;3628;6.559;3.386;2026-01-06T06:45:34.128012+00:00;P1;50.20
4853;pms5003;3628;6.559;3.386;2026-01-06T06:45:34.128012+00:00;P0;25.60
4854;DHT22;3628;6.559;3.386;2026-01-06T06:45:51.490204+00:00;humidity;90.20
4854;DHT22;3628;6.559;3.386;2026-01-06T06:45:51.490204+00:00;temperature;30.60
4853;pms5003;3628;6.559;3.386;2026-01-06T06:52:52.400552+00:00;P2;36.50
4853;pms5003;3628;6.559;3.386;2026-01-06T06:52:52.400552+00:00;P1;45.00
4853;pms5003;3628;6.559;3.386;2026-01-06T06:52:52.400552+00:00;P0;25.50
4853;pms5003;3628;6.559;3.386;2026-01-06T09:48:31.114436+00:00;P2;33.50
4853;pms5003;3628;6.559;3.386;2026-01-06T09:48:31.114436+00:00;P1;46.50
4853;pms5003;3628;6.559;3.386;2026-01-06T09:48:31.114436+00:00;P0;22.00
4854;DHT22;3628;6.559;3.386;2026-01-06T09:48:48.533474+00:00;humidity;61.80
4854;DHT22;3628;6.559;3.386;2026-01-06T09:48:48.533474+00:00;temperature;39.30
4853;pms5003;3628;6.559;3.386;2026-01-06T09:54:05.853620+00:00;P2;38.40
4853;pms5003;3628;6.559;3.386;2026-01-06T09:54:05.853620+00:00;P1;51.80
4853;pms5003;3628;6.559;3.386;2026-01-06T09:54:05.853620+00:00;P0;23.40
4854;DHT22;3628;6.559;3.386;2026-01-06T09:54:23.183601+00:00;humidity;62.50
4854;DHT22;3628;6.559;3.386;2026-01-06T09:54:23.183601+00:00;temperature;38.40
4854;DHT22;3628;6.559;3.386;2026-01-06T09:59:49.975815+00:00;humidity;63.30
4854;DHT22;3628;6.559;3.386;2026-01-06T09:59:49.975815+00:00;temperature;38.30
4853;pms5003;3628;6.559;3.386;2026-01-06T10:34:08.979557+00:00;P2;36.00
4853;pms5003;3628;6.559;3.386;2026-01-06T10:34:08.979557+00:00;P1;49.00
4853;pms5003;3628;6.559;3.386;2026-01-06T10:34:08.979557+00:00;P0;24.00
4854;DHT22;3628;6.559;3.386;2026-01-06T10:34:26.330707+00:00;humidity;57.90
4854;DHT22;3628;6.559;3.386;2026-01-06T10:34:26.330707+00:00;temperature;40.50
4853;pms5003;3628;6.559;3.386;2026-01-06T10:39:43.566414+00:00;P2;36.00
4853;pms5003;3628;6.559;3.386;2026-01-06T10:39:43.566414+00:00;P1;49.00
4853;pms5003;3628;6.559;3.386;2026-01-06T10:39:43.566414+00:00;P0;24.50
4854;DHT22;3628;6.559;3.386;2026-01-06T10:40:00.930138+00:00;humidity;59.10
4854;DHT22;3628;6.559;3.386;2026-01-06T10:40:00.930138+00:00;temperature;39.60
4854;DHT22;3628;6.559;3.386;2026-01-06T11:01:18.727622+00:00;humidity;58.90
4854;DHT22;3628;6.559;3.386;2026-01-06T11:01:18.727622+00:00;temperature;39.10
4853;pms5003;3628;6.559;3.386;2026-01-06T11:06:35.948210+00:00;P2;39.00
4853;pms5003;3628;6.559;3.386;2026-01-06T11:06:35.948210+00:00;P1;53.75
4853;pms5003;3628;6.559;3.386;2026-01-06T11:06:35.948210+00:00;P0;27.00
4853;pms5003;3628;6.559;3.386;2026-01-06T11:17:33.377788+00:00;humidity;52.80
4853;pms5003;3628;6.559;3.386;2026-01-06T11:17:33.377788+00:00;temperature;42.30
4853;pms5003;3628;6.559;3.386;2026-01-06T11:22:50.552684+00:00;P2;37.33
4853;pms5003;3628;6.559;3.386;2026-01-06T11:22:50.552684+00:00;P1;48.33
4853;pms5003;3628;6.559;3.386;2026-01-06T11:22:50.552684+00:00;P0;25.33
4854;DHT22;3628;6.559;3.386;2026-01-06T11:23:07.906187+00:00;humidity;55.90
4854;DHT22;3628;6.559;3.386;2026-01-06T11:23:07.906187+00:00;temperature;40.70
4853;pms5003;3628;6.559;3.386;2026-01-06T11:28:25.151065+00:00;P2;39.00
4853;pms5003;3628;6.559;3.386;2026-01-06T11:28:25.151065+00:00;P1;47.00
4853;pms5003;3628;6.559;3.386;2026-01-06T11:28:25.151065+00:00;P0;26.20
4854;DHT22;3628;6.559;3.386;2026-01-06T11:28:42.484723+00:00;humidity;57.40
4854;DHT22;3628;6.559;3.386;2026-01-06T11:28:42.484723+00:00;temperature;39.90
4853;pms5003;3628;6.559;3.386;2026-01-06T11:33:59.662861+00:00;P2;43.00
4853;pms5003;3628;6.559;3.386;2026-01-06T11:33:59.662861+00:00;P1;56.25
4853;pms5003;3628;6.559;3.386;2026-01-06T11:33:59.662861+00:00;P0;27.25
4853;pms5003;3628;6.559;3.386;2026-01-06T11:39:23.562416+00:00;P2;39.00
4853;pms5003;3628;6.559;3.386;2026-01-06T11:39:23.562416+00:00;P1;53.25
4853;pms5003;3628;6.559;3.386;2026-01-06T11:39:23.562416+00:00;P0;26.25
4853;pms5003;3628;6.559;3.386;2026-01-06T11:44:47.363611+00:00;P2;41.00
4853;pms5003;3628;6.559;3.386;2026-01-06T11:44:47.363611+00:00;P1;47.00
4853;pms5003;3628;6.559;3.386;2026-01-06T11:44:47.363611+00:00;P0;27.40
4854;DHT22;3628;6.559;3.386;2026-01-06T11:45:04.624406+00:00;humidity;61.10
4854;DHT22;3628;6.559;3.386;2026-01-06T11:45:04.624406+00:00;temperature;37.70
4854;DHT22;3628;6.559;3.386;2026-01-06T11:50:39.190974+00:00;humidity;61.40
4854;DHT22;3628;6.559;3.386;2026-01-06T11:50:39.190974+00:00;temperature;37.50
4854;DHT22;3628;6.559;3.386;2026-01-06T11:56:03.450261+00:00;humidity;60.20
4854;DHT22;3628;6.559;3.386;2026-01-06T11:56:03.450261+00:00;temperature;37.80
4853;pms5003;3628;6.559;3.386;2026-01-06T12:01:20.712654+00:00;P2;44.00
4853;pms5003;3628;6.559;3.386;2026-01-06T12:01:20.712654+00:00;P1;57.60
4853;pms5003;3628;6.559;3.386;2026-01-06T12:01:20.712654+00:00;P0;29.60
4853;pms5003;3628;6.559;3.386;2026-01-06T12:06:55.230374+00:00;P2;46.00
4853;pms5003;3628;6.559;3.386;2026-01-06T12:06:55.230374+00:00;P1;63.50
4853;pms5003;3628;6.559;3.386;2026-01-06T12:06:55.230374+00:00;P0;31.00
4854;DHT22;3628;6.559;3.386;2026-01-06T12:07:12.588232+00:00;humidity;58.90
4854;DHT22;3628;6.559;3.386;2026-01-06T12:07:12.588232+00:00;temperature;38.90
4853;pms5003;3628;6.559;3.386;2026-01-06T12:12:29.756143+00:00;P2;43.67
4853;pms5003;3628;6.559;3.386;2026-01-06T12:12:29.756143+00:00;P1;57.67
4853;pms5003;3628;6.559;3.386;2026-01-06T12:12:29.756143+00:00;P0;28.67
4854;DHT22;3628;6.559;3.386;2026-01-06T12:12:47.101934+00:00;humidity;58.30
4854;DHT22;3628;6.559;3.386;2026-01-06T12:12:47.101934+00:00;temperature;39.30
4853;pms5003;3628;6.559;3.386;2026-01-06T12:18:04.278143+00:00;P2;45.50
4853;pms5003;3628;6.559;3.386;2026-01-06T12:18:04.278143+00:00;P1;61.50
4853;pms5003;3628;6.559;3.386;2026-01-06T12:18:04.278143+00:00;P0;30.50
4854;DHT22;3628;6.559;3.386;2026-01-06T12:18:21.633733+00:00;humidity;57.60
4854;DHT22;3628;6.559;3.386;2026-01-06T12:18:21.633733+00:00;temperature;40.10
4853;pms5003;3628;6.559;3.386;2026-01-06T12:23:48.821984+00:00;P2;46.40
4853;pms5003;3628;6.559;3.386;2026-01-06T12:23:48.821984+00:00;P1;60.80
4853;pms5003;3628;6.559;3.386;2026-01-06T12:23:48.821984+00:00;P0;31.40
4854;DHT22;3628;6.559;3.386;2026-01-06T12:24:18.380009+00:00;humidity;54.50
4854;DHT22;3628;6.559;3.386;2026-01-06T12:24:18.380009+00:00;temperature;41.00
4853;pms5003;3628;6.559;3.386;2026-01-06T12:29:19.884041+00:00;P2;46.00
4853;pms5003;3628;6.559;3.386;2026-01-06T12:29:19.884041+00:00;P1;64.00
4853;pms5003;3628;6.559;3.386;2026-01-06T12:29:19.884041+00:00;P0;31.60
4853;pms5003;3628;6.559;3.386;2026-01-06T12:55:51.615902+00:00;P2;48.00
4853;pms5003;3628;6.559;3.386;2026-01-06T12:55:51.615902+00:00;P1;67.00
4853;pms5003;3628;6.559;3.386;2026-01-06T12:55:51.615902+00:00;P0;32.00
4854;DHT22;3628;6.559;3.386;2026-01-06T12:56:09.000174+00:00;humidity;61.10
4854;DHT22;3628;6.559;3.386;2026-01-06T12:56:09.000174+00:00;temperature;39.00
4853;pms5003;3628;6.559;3.386;2026-01-06T13:01:26.247722+00:00;P2;140.33
4853;pms5003;3628;6.559;3.386;2026-01-06T13:01:26.247722+00:00;P1;168.33
4853;pms5003;3628;6.559;3.386;2026-01-06T13:01:26.247722+00:00;P0;87.67
4854;DHT22;3628;6.559;3.386;2026-01-06T13:01:43.610327+00:00;humidity;60.10
4854;DHT22;3628;6.559;3.386;2026-01-06T13:01:43.610327+00:00;temperature;39.20
4853;pms5003;3628;6.559;3.386;2026-01-06T13:07:00.836469+00:00;P2;45.75
4853;pms5003;3628;6.559;3.386;2026-01-06T13:07:00.836469+00:00;P1;62.00
4853;pms5003;3628;6.559;3.386;2026-01-06T13:07:00.836469+00:00;P0;30.75
4854;DHT22;3628;6.559;3.386;2026-01-06T13:07:18.226854+00:00;humidity;60.40
4854;DHT22;3628;6.559;3.386;2026-01-06T13:07:18.226854+00:00;temperature;39.20
4853;pms5003;3628;6.559;3.386;2026-01-06T13:12:35.521679+00:00;P2;44.00
4853;pms5003;3628;6.559;3.386;2026-01-06T13:12:35.521679+00:00;P1;54.20
4853;pms5003;3628;6.559;3.386;2026-01-06T13:12:35.521679+00:00;P0;28.00
4853;pms5003;3628;6.559;3.386;2026-01-06T13:17:59.349638+00:00;P2;39.75
4853;pms5003;3628;6.559;3.386;2026-01-06T13:17:59.349638+00:00;P1;50.50
4853;pms5003;3628;6.559;3.386;2026-01-06T13:17:59.349638+00:00;P0;28.00
4853;pms5003;3628;6.559;3.386;2026-01-06T13:23:33.860912+00:00;P2;43.00
4853;pms5003;3628;6.559;3.386;2026-01-06T13:23:33.860912+00:00;P1;55.25
4853;pms5003;3628;6.559;3.386;2026-01-06T13:23:33.860912+00:00;P0;70.00
4854;DHT22;3628;6.559;3.386;2026-01-06T13:29:04.610600+00:00;humidity;61.30
4854;DHT22;3628;6.559;3.386;2026-01-06T13:29:04.610600+00:00;temperature;38.90
4853;pms5003;3628;6.559;3.386;2026-01-06T13:34:21.816363+00:00;P2;40.25
4853;pms5003;3628;6.559;3.386;2026-01-06T13:34:21.816363+00:00;P1;53.25
4853;pms5003;3628;6.559;3.386;2026-01-06T13:34:21.816363+00:00;P0;28.00
4854;DHT22;3628;6.559;3.386;2026-01-06T13:34:39.213727+00:00;humidity;62.00
4854;DHT22;3628;6.559;3.386;2026-01-06T13:34:39.213727+00:00;temperature;38.40
4853;pms5003;3628;6.559;3.386;2026-01-06T13:39:56.456309+00:00;P2;43.00
4853;pms5003;3628;6.559;3.386;2026-01-06T13:39:56.456309+00:00;P1;52.00
4853;pms5003;3628;6.559;3.386;2026-01-06T13:39:56.456309+00:00;P0;28.40
4854;DHT22;3628;6.559;3.386;2026-01-06T13:40:13.827292+00:00;humidity;62.70
4854;DHT22;3628;6.559;3.386;2026-01-06T13:40:13.827292+00:00;temperature;38.10
4854;DHT22;3628;6.559;3.386;2026-01-06T13:45:37.563841+00:00;humidity;64.20
4854;DHT22;3628;6.559;3.386;2026-01-06T13:45:37.563841+00:00;temperature;37.50
4854;DHT22;3628;6.559;3.386;2026-01-06T13:51:12.210340+00:00;humidity;64.10
4854;DHT22;3628;6.559;3.386;2026-01-06T13:51:12.210340+00:00;temperature;37.70
4853;pms5003;3628;6.559;3.386;2026-01-06T13:56:29.448814+00:00;P2;40.00
4853;pms5003;3628;6.559;3.386;2026-01-06T13:56:29.448814+00:00;P1;52.75
4853;pms5003;3628;6.559;3.386;2026-01-06T13:56:29.448814+00:00;P0;26.25
4853;pms5003;3628;6.559;3.386;2026-01-06T14:02:04.009559+00:00;P2;38.75
4853;pms5003;3628;6.559;3.386;2026-01-06T14:02:04.009559+00:00;P1;50.25
4853;pms5003;3628;6.559;3.386;2026-01-06T14:02:04.009559+00:00;P0;27.25
4854;DHT22;3628;6.559;3.386;2026-01-06T14:02:21.389078+00:00;humidity;61.30
4854;DHT22;3628;6.559;3.386;2026-01-06T14:02:21.389078+00:00;temperature;38.50
4853;pms5003;3628;6.559;3.386;2026-01-06T14:07:38.567750+00:00;P2;38.25
4853;pms5003;3628;6.559;3.386;2026-01-06T14:07:38.567750+00:00;P1;46.50
4853;pms5003;3628;6.559;3.386;2026-01-06T14:07:38.567750+00:00;P0;26.75
4854;DHT22;3628;6.559;3.386;2026-01-06T14:07:55.951870+00:00;humidity;60.00
4854;DHT22;3628;6.559;3.386;2026-01-06T14:07:55.951870+00:00;temperature;39.20
4853;pms5003;3628;6.559;3.386;2026-01-06T14:13:13.129907+00:00;P2;42.00
4853;pms5003;3628;6.559;3.386;2026-01-06T14:13:13.129907+00:00;P1;57.00
4853;pms5003;3628;6.559;3.386;2026-01-06T14:13:13.129907+00:00;P0;27.75
4853;pms5003;3628;6.559;3.386;2026-01-06T14:18:36.890829+00:00;P2;45.00
4853;pms5003;3628;6.559;3.386;2026-01-06T14:18:36.890829+00:00;P1;58.75
4853;pms5003;3628;6.559;3.386;2026-01-06T14:18:36.890829+00:00;P0;30.00
4854;DHT22;3628;6.559;3.386;2026-01-06T14:18:54.338126+00:00;humidity;58.40
4854;DHT22;3628;6.559;3.386;2026-01-06T14:18:54.338126+00:00;temperature;39.60
4854;DHT22;3628;6.559;3.386;2026-01-06T14:24:28.891232+00:00;humidity;58.70
4854;DHT22;3628;6.559;3.386;2026-01-06T14:24:28.891232+00:00;temperature;39.60
4853;pms5003;3628;6.559;3.386;2026-01-06T14:40:23.408605+00:00;P2;40.00
4853;pms5003;3628;6.559;3.386;2026-01-06T14:40:23.408605+00:00;P1;51.00
4853;pms5003;3628;6.559;3.386;2026-01-06T14:40:23.408605+00:00;P0;27.50
4854;DHT22;3628;6.559;3.386;2026-01-06T14:40:40.792072+00:00;humidity;59.30
4854;DHT22;3628;6.559;3.386;2026-01-06T14:40:40.792072+00:00;temperature;39.50
4853;pms5003;3628;6.559;3.386;2026-01-06T14:45:57.965376+00:00;P2;41.00
4853;pms5003;3628;6.559;3.386;2026-01-06T14:45:57.965376+00:00;P1;53.00
4853;pms5003;3628;6.559;3.386;2026-01-06T14:45:57.965376+00:00;P0;28.00
4853;pms5003;3628;6.559;3.386;2026-01-06T14:51:21.734374+00:00;P2;38.00
4853;pms5003;3628;6.559;3.386;2026-01-06T14:51:21.734374+00:00;P1;45.50
4853;pms5003;3628;6.559;3.386;2026-01-06T14:51:21.734374+00:00;P0;25.50
4854;DHT22;3628;6.559;3.386;2026-01-06T14:51:39.130400+00:00;humidity;61.00
4854;DHT22;3628;6.559;3.386;2026-01-06T14:51:39.130400+00:00;temperature;38.70
4853;pms5003;3628;6.559;3.386;2026-01-06T14:56:56.333436+00:00;P2;37.25
4853;pms5003;3628;6.559;3.386;2026-01-06T14:56:56.333436+00:00;P1;50.00
4853;pms5003;3628;6.559;3.386;2026-01-06T14:56:56.333436+00:00;P0;26.25
4854;DHT22;3628;6.559;3.386;2026-01-06T14:57:13.709187+00:00;humidity;59.90
4854;DHT22;3628;6.559;3.386;2026-01-06T14:57:13.709187+00:00;temperature;39.20
4853;pms5003;3628;6.559;3.386;2026-01-06T15:02:31.014914+00:00;P2;35.33
4853;pms5003;3628;6.559;3.386;2026-01-06T15:02:31.014914+00:00;P1;48.00
4853;pms5003;3628;6.559;3.386;2026-01-06T15:02:31.014914+00:00;P0;25.33
4853;pms5003;3628;6.559;3.386;2026-01-06T15:13:19.287872+00:00;P2;38.00
4853;pms5003;3628;6.559;3.386;2026-01-06T15:13:19.287872+00:00;P1;48.60
4853;pms5003;3628;6.559;3.386;2026-01-06T15:13:19.287872+00:00;P0;25.00
4853;pms5003;3628;6.559;3.386;2026-01-06T15:18:53.849124+00:00;P2;36.00
4853;pms5003;3628;6.559;3.386;2026-01-06T15:18:53.849124+00:00;P1;44.40
4853;pms5003;3628;6.559;3.386;2026-01-06T15:18:53.849124+00:00;P0;24.00
4854;DHT22;3628;6.559;3.386;2026-01-06T15:19:11.187221+00:00;humidity;64.00
4854;DHT22;3628;6.559;3.386;2026-01-06T15:19:11.187221+00:00;temperature;37.60
4854;DHT22;3628;6.559;3.386;2026-01-06T15:24:37.763537+00:00;humidity;63.90
4854;DHT22;3628;6.559;3.386;2026-01-06T15:24:37.763537+00:00;temperature;37.60
4853;pms5003;3628;6.559;3.386;2026-01-06T15:29:54.954571+00:00;P2;33.00
4853;pms5003;3628;6.559;3.386;2026-01-06T15:29:54.954571+00:00;P1;37.40
4853;pms5003;3628;6.559;3.386;2026-01-06T15:29:54.954571+00:00;P0;22.00
4854;DHT22;3628;6.559;3.386;2026-01-06T15:30:12.315635+00:00;humidity;64.80
4854;DHT22;3628;6.559;3.386;2026-01-06T15:30:12.315635+00:00;temperature;37.40
4853;pms5003;3628;6.559;3.386;2026-01-06T15:40:43.428618+00:00;P2;34.00
4853;pms5003;3628;6.559;3.386;2026-01-06T15:40:43.428618+00:00;P1;45.00
4853;pms5003;3628;6.559;3.386;2026-01-06T15:40:43.428618+00:00;P0;23.00
4853;pms5003;3628;6.559;3.386;2026-01-06T15:46:07.193040+00:00;P2;38.40
4853;pms5003;3628;6.559;3.386;2026-01-06T15:46:07.193040+00:00;P1;50.00
4853;pms5003;3628;6.559;3.386;2026-01-06T15:46:07.193040+00:00;P0;26.20
4853;pms5003;3628;6.559;3.386;2026-01-06T15:51:31.382639+00:00;P2;35.00
4853;pms5003;3628;6.559;3.386;2026-01-06T15:51:31.382639+00:00;P1;44.67
4853;pms5003;3628;6.559;3.386;2026-01-06T15:51:31.382639+00:00;P0;24.00
4854;DHT22;3628;6.559;3.386;2026-01-06T15:51:48.814014+00:00;humidity;66.00
4854;DHT22;3628;6.559;3.386;2026-01-06T15:51:48.814014+00:00;temperature;36.90
4853;pms5003;3628;6.559;3.386;2026-01-06T15:57:05.934275+00:00;P2;34.50
4853;pms5003;3628;6.559;3.386;2026-01-06T15:57:05.934275+00:00;P1;39.50
4853;pms5003;3628;6.559;3.386;2026-01-06T15:57:05.934275+00:00;P0;22.25
4853;pms5003;3628;6.559;3.386;2026-01-06T16:02:40.458135+00:00;P2;33.00
4853;pms5003;3628;6.559;3.386;2026-01-06T16:02:40.458135+00:00;P1;45.75
4853;pms5003;3628;6.559;3.386;2026-01-06T16:02:40.458135+00:00;P0;22.75
4853;pms5003;3628;6.559;3.386;2026-01-06T16:08:15.047051+00:00;P2;32.50
4853;pms5003;3628;6.559;3.386;2026-01-06T16:08:15.047051+00:00;P1;46.25
4853;pms5003;3628;6.559;3.386;2026-01-06T16:08:15.047051+00:00;P0;22.00
4854;DHT22;3628;6.559;3.386;2026-01-06T16:08:32.540940+00:00;humidity;66.50
4854;DHT22;3628;6.559;3.386;2026-01-06T16:08:32.540940+00:00;temperature;36.60
4854;DHT22;3628;6.559;3.386;2026-01-06T16:13:56.251590+00:00;humidity;67.70
4854;DHT22;3628;6.559;3.386;2026-01-06T16:13:56.251590+00:00;temperature;36.30
4853;pms5003;3628;6.559;3.386;2026-01-06T16:19:13.439466+00:00;P2;31.40
4853;pms5003;3628;6.559;3.386;2026-01-06T16:19:13.439466+00:00;P1;46.40
4853;pms5003;3628;6.559;3.386;2026-01-06T16:19:13.439466+00:00;P0;20.80
4854;DHT22;3628;6.559;3.386;2026-01-06T16:19:30.801033+00:00;humidity;68.10
4854;DHT22;3628;6.559;3.386;2026-01-06T16:19:30.801033+00:00;temperature;36.20
4854;DHT22;3628;6.559;3.386;2026-01-06T16:24:47.957462+00:00;P2;33.00
4854;DHT22;3628;6.559;3.386;2026-01-06T16:24:47.957462+00:00;P1;49.50
4854;DHT22;3628;6.559;3.386;2026-01-06T16:24:47.957462+00:00;P0;22.00
4854;DHT22;3628;6.559;3.386;2026-01-06T16:25:05.299524+00:00;humidity;68.70
4854;DHT22;3628;6.559;3.386;2026-01-06T16:25:05.299524+00:00;temperature;35.90
4853;pms5003;3628;6.559;3.386;2026-01-06T16:30:22.531628+00:00;P2;34.00
4853;pms5003;3628;6.559;3.386;2026-01-06T16:30:22.531628+00:00;P1;40.20
4853;pms5003;3628;6.559;3.386;2026-01-06T16:30:22.531628+00:00;P0;22.60
4854;DHT22;3628;6.559;3.386;2026-01-06T16:30:39.955398+00:00;humidity;69.30
4854;DHT22;3628;6.559;3.386;2026-01-06T16:30:39.955398+00:00;temperature;35.80
4854;DHT22;3628;6.559;3.386;2026-01-06T16:46:31.065603+00:00;humidity;69.60
4854;DHT22;3628;6.559;3.386;2026-01-06T16:46:31.065603+00:00;temperature;35.10
4853;pms5003;3628;6.559;3.386;2026-01-06T16:51:48.249232+00:00;P2;32.25
4853;pms5003;3628;6.559;3.386;2026-01-06T16:51:48.249232+00:00;P1;40.00
4853;pms5003;3628;6.559;3.386;2026-01-06T16:51:48.249232+00:00;P0;22.50
4853;pms5003;3628;6.559;3.386;2026-01-06T17:07:50.681789+00:00;P2;32.25
4853;pms5003;3628;6.559;3.386;2026-01-06T17:07:50.681789+00:00;P1;44.75
4853;pms5003;3628;6.559;3.386;2026-01-06T17:07:50.681789+00:00;P0;21.25
4854;DHT22;3628;6.559;3.386;2026-01-06T17:08:08.055978+00:00;humidity;73.90
4854;DHT22;3628;6.559;3.386;2026-01-06T17:08:08.055978+00:00;temperature;34.10
4853;pms5003;3628;6.559;3.386;2026-01-06T17:13:25.243396+00:00;P2;35.00
4853;pms5003;3628;6.559;3.386;2026-01-06T17:13:25.243396+00:00;P1;45.00
4853;pms5003;3628;6.559;3.386;2026-01-06T17:13:25.243396+00:00;P0;23.00
4854;DHT22;3628;6.559;3.386;2026-01-06T17:19:17.170742+00:00;humidity;75.60
4854;DHT22;3628;6.559;3.386;2026-01-06T17:19:17.170742+00:00;temperature;33.50
4854;DHT22;3628;6.559;3.386;2026-01-06T17:24:51.820992+00:00;humidity;76.30
4854;DHT22;3628;6.559;3.386;2026-01-06T17:24:51.820992+00:00;temperature;33.20
4853;pms5003;3628;6.559;3.386;2026-01-06T17:30:08.997121+00:00;P2;38.00
4853;pms5003;3628;6.559;3.386;2026-01-06T17:30:08.997121+00:00;P1;46.00
4853;pms5003;3628;6.559;3.386;2026-01-06T17:30:08.997121+00:00;P0;25.00
4854;DHT22;3628;6.559;3.386;2026-01-06T17:35:39.743543+00:00;humidity;77.60
4854;DHT22;3628;6.559;3.386;2026-01-06T17:35:39.743543+00:00;temperature;32.90
4853;pms5003;3628;6.559;3.386;2026-01-06T17:40:56.926833+00:00;P2;40.20
4853;pms5003;3628;6.559;3.386;2026-01-06T17:40:56.926833+00:00;P1;52.60
4853;pms5003;3628;6.559;3.386;2026-01-06T17:40:56.926833+00:00;P0;25.00
4853;pms5003;3628;6.559;3.386;2026-01-06T17:46:21.136062+00:00;P2;40.00
4853;pms5003;3628;6.559;3.386;2026-01-06T17:46:21.136062+00:00;P1;50.75
4853;pms5003;3628;6.559;3.386;2026-01-06T17:46:21.136062+00:00;P0;24.00
4854;DHT22;3628;6.559;3.386;2026-01-06T17:46:38.561905+00:00;humidity;79.00
4854;DHT22;3628;6.559;3.386;2026-01-06T17:46:38.561905+00:00;temperature;32.60
4853;pms5003;3628;6.559;3.386;2026-01-06T18:13:24.645030+00:00;P2;34.00
4853;pms5003;3628;6.559;3.386;2026-01-06T18:13:24.645030+00:00;P1;40.00
4853;pms5003;3628;6.559;3.386;2026-01-06T18:13:24.645030+00:00;P0;22.00
4854;DHT22;3628;6.559;3.386;2026-01-06T18:13:44.924656+00:00;humidity;80.90
4854;DHT22;3628;6.559;3.386;2026-01-06T18:13:44.924656+00:00;temperature;32.20
4854;DHT22;3628;6.559;3.386;2026-01-06T18:24:21.618946+00:00;humidity;81.30
4854;DHT22;3628;6.559;3.386;2026-01-06T18:24:21.618946+00:00;temperature;32.20
4853;pms5003;3628;6.559;3.386;2026-01-06T18:34:55.648484+00:00;P2;35.00
4853;pms5003;3628;6.559;3.386;2026-01-06T18:34:55.648484+00:00;P1;40.75
4853;pms5003;3628;6.559;3.386;2026-01-06T18:34:55.648484+00:00;P0;23.00
4854;DHT22;3628;6.559;3.386;2026-01-06T18:35:13.106368+00:00;humidity;81.40
4854;DHT22;3628;6.559;3.386;2026-01-06T18:35:13.106368+00:00;temperature;32.00
4853;pms5003;3628;6.559;3.386;2026-01-06T18:40:30.128204+00:00;P2;32.00
4853;pms5003;3628;6.559;3.386;2026-01-06T18:40:30.128204+00:00;P1;36.00
4853;pms5003;3628;6.559;3.386;2026-01-06T18:40:30.128204+00:00;P0;22.00
4853;pms5003;3628;6.559;3.386;2026-01-06T18:46:00.201369+00:00;P2;34.75
4853;pms5003;3628;6.559;3.386;2026-01-06T18:46:00.201369+00:00;P1;44.75
4853;pms5003;3628;6.559;3.386;2026-01-06T18:46:00.201369+00:00;P0;23.00
4854;DHT22;3628;6.559;3.386;2026-01-06T18:46:26.196561+00:00;humidity;82.00
4854;DHT22;3628;6.559;3.386;2026-01-06T18:46:26.196561+00:00;temperature;31.90
4853;pms5003;3628;6.559;3.386;2026-01-06T18:51:43.345877+00:00;P2;37.00
4853;pms5003;3628;6.559;3.386;2026-01-06T18:51:43.345877+00:00;P1;46.50
4853;pms5003;3628;6.559;3.386;2026-01-06T18:51:43.345877+00:00;P0;23.00
4853;pms5003;3628;6.559;3.386;2026-01-06T18:57:13.284010+00:00;P2;34.40
4853;pms5003;3628;6.559;3.386;2026-01-06T18:57:13.284010+00:00;P1;43.60
4853;pms5003;3628;6.559;3.386;2026-01-06T18:57:13.284010+00:00;P0;23.00
4853;pms5003;3628;6.559;3.386;2026-01-06T19:02:40.217623+00:00;P2;33.50
4853;pms5003;3628;6.559;3.386;2026-01-06T19:02:40.217623+00:00;P1;46.75
4853;pms5003;3628;6.559;3.386;2026-01-06T19:02:40.217623+00:00;P0;22.25
4854;DHT22;3628;6.559;3.386;2026-01-06T19:02:57.607842+00:00;humidity;82.40
4854;DHT22;3628;6.559;3.386;2026-01-06T19:02:57.607842+00:00;temperature;31.80
4853;pms5003;3628;6.559;3.386;2026-01-06T19:08:20.699801+00:00;P2;34.25
4853;pms5003;3628;6.559;3.386;2026-01-06T19:08:20.699801+00:00;P1;47.50
4853;pms5003;3628;6.559;3.386;2026-01-06T19:08:20.699801+00:00;P0;23.00
4854;DHT22;3628;6.559;3.386;2026-01-06T19:08:38.098588+00:00;humidity;82.20
4854;DHT22;3628;6.559;3.386;2026-01-06T19:08:38.098588+00:00;temperature;31.90
4853;pms5003;3628;6.559;3.386;2026-01-06T19:14:01.334901+00:00;P2;34.75
4853;pms5003;3628;6.559;3.386;2026-01-06T19:14:01.334901+00:00;P1;42.50
4853;pms5003;3628;6.559;3.386;2026-01-06T19:14:01.334901+00:00;P0;23.25
4854;DHT22;3628;6.559;3.386;2026-01-06T19:14:18.693753+00:00;humidity;82.50
4854;DHT22;3628;6.559;3.386;2026-01-06T19:14:18.693753+00:00;temperature;31.90
4854;DHT22;3628;6.559;3.386;2026-01-06T19:19:58.788172+00:00;humidity;82.10
4854;DHT22;3628;6.559;3.386;2026-01-06T19:19:58.788172+00:00;temperature;32.00
4854;DHT22;3628;6.559;3.386;2026-01-06T19:25:22.855705+00:00;humidity;81.70
4854;DHT22;3628;6.559;3.386;2026-01-06T19:25:22.855705+00:00;temperature;31.90
4853;pms5003;3628;6.559;3.386;2026-01-06T19:30:43.088970+00:00;P2;34.60
4853;pms5003;3628;6.559;3.386;2026-01-06T19:30:43.088970+00:00;P1;48.80
4853;pms5003;3628;6.559;3.386;2026-01-06T19:30:43.088970+00:00;P0;23.60
4854;DHT22;3628;6.559;3.386;2026-01-06T19:31:00.477506+00:00;humidity;82.10
4854;DHT22;3628;6.559;3.386;2026-01-06T19:31:00.477506+00:00;temperature;31.90
4854;DHT22;3628;6.559;3.386;2026-01-06T19:36:41.109330+00:00;humidity;82.20
4854;DHT22;3628;6.559;3.386;2026-01-06T19:36:41.109330+00:00;temperature;31.90
4853;pms5003;3628;6.559;3.386;2026-01-06T19:41:58.236379+00:00;P2;40.60
4853;pms5003;3628;6.559;3.386;2026-01-06T19:41:58.236379+00:00;P1;55.20
4853;pms5003;3628;6.559;3.386;2026-01-06T19:41:58.236379+00:00;P0;26.00
4854;DHT22;3628;6.559;3.386;2026-01-06T20:30:24.729948+00:00;humidity;83.80
4854;DHT22;3628;6.559;3.386;2026-01-06T20:30:24.729948+00:00;temperature;31.60
4854;DHT22;3628;6.559;3.386;2026-01-06T21:02:06.777116+00:00;humidity;84.20
4854;DHT22;3628;6.559;3.386;2026-01-06T21:02:06.777116+00:00;temperature;31.50
4853;pms5003;3628;6.559;3.386;2026-01-06T21:07:23.998917+00:00;P2;34.00
4853;pms5003;3628;6.559;3.386;2026-01-06T21:07:23.998917+00:00;P1;42.75
4853;pms5003;3628;6.559;3.386;2026-01-06T21:07:23.998917+00:00;P0;23.00
4853;pms5003;3628;6.559;3.386;2026-01-06T21:12:48.057133+00:00;P2;35.00
4853;pms5003;3628;6.559;3.386;2026-01-06T21:12:48.057133+00:00;P1;48.25
4853;pms5003;3628;6.559;3.386;2026-01-06T21:12:48.057133+00:00;P0;23.00
4854;DHT22;3628;6.559;3.386;2026-01-06T21:13:05.903409+00:00;humidity;84.30
4854;DHT22;3628;6.559;3.386;2026-01-06T21:13:05.903409+00:00;temperature;31.40
4853;pms5003;3628;6.559;3.386;2026-01-06T21:18:22.806434+00:00;P2;33.67
4853;pms5003;3628;6.559;3.386;2026-01-06T21:18:22.806434+00:00;P1;49.00
4853;pms5003;3628;6.559;3.386;2026-01-06T21:18:22.806434+00:00;P0;23.00
4854;DHT22;3628;6.559;3.386;2026-01-06T21:18:40.174200+00:00;humidity;84.40
4854;DHT22;3628;6.559;3.386;2026-01-06T21:18:40.174200+00:00;temperature;31.40
4853;pms5003;3628;6.559;3.386;2026-01-06T21:23:57.353747+00:00;P2;33.00
4853;pms5003;3628;6.559;3.386;2026-01-06T21:23:57.353747+00:00;P1;43.00
4853;pms5003;3628;6.559;3.386;2026-01-06T21:23:57.353747+00:00;P0;23.00
4854;DHT22;3628;6.559;3.386;2026-01-06T21:24:14.731159+00:00;humidity;84.30
4854;DHT22;3628;6.559;3.386;2026-01-06T21:24:14.731159+00:00;temperature;31.40
4853;pms5003;3628;6.559;3.386;2026-01-06T21:29:31.993317+00:00;P2;35.50
4853;pms5003;3628;6.559;3.386;2026-01-06T21:29:31.993317+00:00;P1;49.75
4853;pms5003;3628;6.559;3.386;2026-01-06T21:29:31.993317+00:00;P0;23.25
4853;pms5003;3628;6.559;3.386;2026-01-06T21:35:06.574375+00:00;P2;35.67
4853;pms5003;3628;6.559;3.386;2026-01-06T21:35:06.574375+00:00;P1;41.00
4853;pms5003;3628;6.559;3.386;2026-01-06T21:35:06.574375+00:00;P0;23.00
4853;pms5003;3628;6.559;3.386;2026-01-06T21:40:30.580939+00:00;P2;38.00
4853;pms5003;3628;6.559;3.386;2026-01-06T21:40:30.580939+00:00;P1;45.00
4853;pms5003;3628;6.559;3.386;2026-01-06T21:40:30.580939+00:00;P0;25.40
4853;pms5003;3628;6.559;3.386;2026-01-06T21:46:05.209023+00:00;P2;34.20
4853;pms5003;3628;6.559;3.386;2026-01-06T21:46:05.209023+00:00;P1;49.00
4853;pms5003;3628;6.559;3.386;2026-01-06T21:46:05.209023+00:00;P0;22.00
4853;pms5003;3628;6.559;3.386;2026-01-06T21:56:44.852761+00:00;P2;34.50
4853;pms5003;3628;6.559;3.386;2026-01-06T21:56:44.852761+00:00;P1;50.25
4853;pms5003;3628;6.559;3.386;2026-01-06T21:56:44.852761+00:00;P0;22.50
4853;pms5003;3628;6.559;3.386;2026-01-06T22:02:08.655418+00:00;P2;33.00
4853;pms5003;3628;6.559;3.386;2026-01-06T22:02:08.655418+00:00;P1;40.50
4853;pms5003;3628;6.559;3.386;2026-01-06T22:02:08.655418+00:00;P0;23.00
4853;pms5003;3628;6.559;3.386;2026-01-06T22:08:40.530508+00:00;P2;34.50
4853;pms5003;3628;6.559;3.386;2026-01-06T22:08:40.530508+00:00;P1;42.25
4853;pms5003;3628;6.559;3.386;2026-01-06T22:08:40.530508+00:00;P0;24.25
4853;pms5003;3628;6.559;3.386;2026-01-06T22:14:04.756982+00:00;P2;36.75
4853;pms5003;3628;6.559;3.386;2026-01-06T22:14:04.756982+00:00;P1;47.00
4853;pms5003;3628;6.559;3.386;2026-01-06T22:14:04.756982+00:00;P0;23.00
4853;pms5003;3628;6.559;3.386;2026-01-06T22:24:42.268059+00:00;P2;34.00
4853;pms5003;3628;6.559;3.386;2026-01-06T22:24:42.268059+00:00;P1;47.40
4853;pms5003;3628;6.559;3.386;2026-01-06T22:24:42.268059+00:00;P0;23.00
4853;pms5003;3628;6.559;3.386;2026-01-06T22:57:55.241127+00:00;P2;35.00
4853;pms5003;3628;6.559;3.386;2026-01-06T22:57:55.241127+00:00;P1;51.00
4853;pms5003;3628;6.559;3.386;2026-01-06T22:57:55.241127+00:00;P0;22.50
4854;DHT22;3628;6.559;3.386;2026-01-06T22:58:12.622024+00:00;humidity;86.50
4854;DHT22;3628;6.559;3.386;2026-01-06T22:58:12.622024+00:00;temperature;31.10
4853;pms5003;3628;6.559;3.386;2026-01-06T23:03:29.770613+00:00;P2;35.00
4853;pms5003;3628;6.559;3.386;2026-01-06T23:03:29.770613+00:00;P1;48.00
4853;pms5003;3628;6.559;3.386;2026-01-06T23:03:29.770613+00:00;P0;24.00
4854;DHT22;3628;6.559;3.386;2026-01-06T23:03:47.129419+00:00;humidity;86.70
4854;DHT22;3628;6.559;3.386;2026-01-06T23:03:47.129419+00:00;temperature;31.00
4853;pms5003;3628;6.559;3.386;2026-01-06T23:09:04.375649+00:00;P2;34.50
4853;pms5003;3628;6.559;3.386;2026-01-06T23:09:04.375649+00:00;P1;40.50
4853;pms5003;3628;6.559;3.386;2026-01-06T23:09:04.375649+00:00;P0;23.00
4854;DHT22;3628;6.559;3.386;2026-01-06T23:09:21.726636+00:00;humidity;87.00
4854;DHT22;3628;6.559;3.386;2026-01-06T23:09:21.726636+00:00;temperature;31.00
4853;pms5003;3628;6.559;3.386;2026-01-06T23:14:39.057112+00:00;P2;33.25
4853;pms5003;3628;6.559;3.386;2026-01-06T23:14:39.057112+00:00;P1;40.75
4853;pms5003;3628;6.559;3.386;2026-01-06T23:14:39.057112+00:00;P0;21.75
4854;DHT22;3628;6.559;3.386;2026-01-06T23:14:56.416549+00:00;humidity;87.30
4854;DHT22;3628;6.559;3.386;2026-01-06T23:14:56.416549+00:00;temperature;31.00
4853;pms5003;3628;6.559;3.386;2026-01-06T23:20:13.613309+00:00;P2;30.80
4853;pms5003;3628;6.559;3.386;2026-01-06T23:20:13.613309+00:00;P1;35.60
4853;pms5003;3628;6.559;3.386;2026-01-06T23:20:13.613309+00:00;P0;21.60
4854;DHT22;3628;6.559;3.386;2026-01-06T23:20:30.980697+00:00;humidity;87.10
4854;DHT22;3628;6.559;3.386;2026-01-06T23:20:30.980697+00:00;temperature;31.00
4854;DHT22;3628;6.559;3.386;2026-01-06T23:25:54.882246+00:00;humidity;87.40
4854;DHT22;3628;6.559;3.386;2026-01-06T23:25:54.882246+00:00;temperature;31.00
4853;pms5003;3628;6.559;3.386;2026-01-06T23:31:12.065730+00:00;P2;37.00
4853;pms5003;3628;6.559;3.386;2026-01-06T23:31:12.065730+00:00;P1;45.00
4853;pms5003;3628;6.559;3.386;2026-01-06T23:31:12.065730+00:00;P0;24.00
4854;DHT22;3628;6.559;3.386;2026-01-06T23:31:29.402818+00:00;humidity;87.70
4854;DHT22;3628;6.559;3.386;2026-01-06T23:31:29.402818+00:00;temperature;31.00
4853;pms5003;3628;6.559;3.386;2026-01-06T23:36:46.617576+00:00;P2;38.00
4853;pms5003;3628;6.559;3.386;2026-01-06T23:36:46.617576+00:00;P1;49.75
4853;pms5003;3628;6.559;3.386;2026-01-06T23:36:46.617576+00:00;P0;25.00
4854;DHT22;3628;6.559;3.386;2026-01-06T23:37:03.983655+00:00;humidity;87.80
4854;DHT22;3628;6.559;3.386;2026-01-06T23:37:03.983655+00:00;temperature;30.90
4853;pms5003;3628;6.559;3.386;2026-01-06T23:42:21.165721+00:00;P2;38.25
4853;pms5003;3628;6.559;3.386;2026-01-06T23:42:21.165721+00:00;P1;53.00
4853;pms5003;3628;6.559;3.386;2026-01-06T23:42:21.165721+00:00;P0;25.25
4854;DHT22;3628;6.559;3.386;2026-01-06T23:42:38.507857+00:00;humidity;87.90
4854;DHT22;3628;6.559;3.386;2026-01-06T23:42:38.507857+00:00;temperature;30.80
4853;pms5003;3628;6.559;3.386;2026-01-06T23:47:55.696637+00:00;P2;39.00
4853;pms5003;3628;6.559;3.386;2026-01-06T23:47:55.696637+00:00;P1;52.20
4853;pms5003;3628;6.559;3.386;2026-01-06T23:47:55.696637+00:00;P0;26.20
4853;pms5003;3628;6.559;3.386;2026-01-06T23:53:19.778147+00:00;P2;35.50
4853;pms5003;3628;6.559;3.386;2026-01-06T23:53:19.778147+00:00;P1;50.50
4853;pms5003;3628;6.559;3.386;2026-01-06T23:53:19.778147+00:00;P0;23.00
4853;pms5003;3628;6.559;3.386;2026-01-06T23:58:43.708933+00:00;P2;34.00
4853;pms5003;3628;6.559;3.386;2026-01-06T23:58:43.708933+00:00;P1;41.00
4853;pms5003;3628;6.559;3.386;2026-01-06T23:58:43.708933+00:00;P0;22.00
4854;DHT22;3628;6.559;3.386;2026-01-06T23:59:01.051089+00:00;humidity;87.60
4854;DHT22;3628;6.559;3.386;2026-01-06T23:59:01.051089+00:00;temperature;30.80
4854;DHT22;3628;6.559;3.386;2026-01-07T00:04:24.827129+00:00;humidity;87.60
4854;DHT22;3628;6.559;3.386;2026-01-07T00:04:24.827129+00:00;temperature;30.80
4854;DHT22;3628;6.559;3.386;2026-01-07T00:09:59.357857+00:00;humidity;87.70
4854;DHT22;3628;6.559;3.386;2026-01-07T00:09:59.357857+00:00;temperature;30.80
4853;pms5003;3628;6.559;3.386;2026-01-07T00:15:16.535342+00:00;P2;36.00
4853;pms5003;3628;6.559;3.386;2026-01-07T00:15:16.535342+00:00;P1;47.00
4853;pms5003;3628;6.559;3.386;2026-01-07T00:15:16.535342+00:00;P0;24.00
4853;pms5003;3628;6.559;3.386;2026-01-07T00:20:40.600822+00:00;P2;44.00
4853;pms5003;3628;6.559;3.386;2026-01-07T00:20:40.600822+00:00;P1;61.50
4853;pms5003;3628;6.559;3.386;2026-01-07T00:20:40.600822+00:00;P0;28.25
4854;DHT22;3628;6.559;3.386;2026-01-07T00:20:58.000526+00:00;humidity;87.70
4854;DHT22;3628;6.559;3.386;2026-01-07T00:20:58.000526+00:00;temperature;30.80
4853;pms5003;3628;6.559;3.386;2026-01-07T00:26:15.283108+00:00;P2;54.00
4853;pms5003;3628;6.559;3.386;2026-01-07T00:26:15.283108+00:00;P1;69.00
4853;pms5003;3628;6.559;3.386;2026-01-07T00:26:15.283108+00:00;P0;34.00
4854;DHT22;3628;6.559;3.386;2026-01-07T00:26:32.657045+00:00;humidity;87.80
4854;DHT22;3628;6.559;3.386;2026-01-07T00:26:32.657045+00:00;temperature;30.80
4853;pms5003;3628;6.559;3.386;2026-01-07T00:31:49.818074+00:00;P2;54.75
4853;pms5003;3628;6.559;3.386;2026-01-07T00:31:49.818074+00:00;P1;71.50
4853;pms5003;3628;6.559;3.386;2026-01-07T00:31:49.818074+00:00;P0;32.75
4854;DHT22;3628;6.559;3.386;2026-01-07T00:32:07.211163+00:00;humidity;87.60
4854;DHT22;3628;6.559;3.386;2026-01-07T00:32:07.211163+00:00;temperature;30.80
4853;pms5003;3628;6.559;3.386;2026-01-07T00:37:24.452328+00:00;P2;46.00
4853;pms5003;3628;6.559;3.386;2026-01-07T00:37:24.452328+00:00;P1;62.00
4853;pms5003;3628;6.559;3.386;2026-01-07T00:37:24.452328+00:00;P0;29.50
4854;DHT22;3628;6.559;3.386;2026-01-07T00:37:41.779995+00:00;humidity;87.60
4854;DHT22;3628;6.559;3.386;2026-01-07T00:37:41.779995+00:00;temperature;30.80
4854;DHT22;3628;6.559;3.386;2026-01-07T00:48:23.659121+00:00;humidity;87.80
4854;DHT22;3628;6.559;3.386;2026-01-07T00:48:23.659121+00:00;temperature;30.70
4854;DHT22;3628;6.559;3.386;2026-01-07T00:53:47.614465+00:00;humidity;88.10
4854;DHT22;3628;6.559;3.386;2026-01-07T00:53:47.614465+00:00;temperature;30.60
4853;pms5003;3628;6.559;3.386;2026-01-07T00:59:05.474864+00:00;P2;37.25
4853;pms5003;3628;6.559;3.386;2026-01-07T00:59:05.474864+00:00;P1;48.00
4853;pms5003;3628;6.559;3.386;2026-01-07T00:59:05.474864+00:00;P0;24.25
4853;pms5003;3628;6.559;3.386;2026-01-07T01:04:40.118569+00:00;P2;39.00
4853;pms5003;3628;6.559;3.386;2026-01-07T01:04:40.118569+00:00;P1;46.75
4853;pms5003;3628;6.559;3.386;2026-01-07T01:04:40.118569+00:00;P0;26.75
4854;DHT22;3628;6.559;3.386;2026-01-07T01:04:57.549356+00:00;humidity;88.40
4854;DHT22;3628;6.559;3.386;2026-01-07T01:04:57.549356+00:00;temperature;30.60
4853;pms5003;3628;6.559;3.386;2026-01-07T01:10:15.327021+00:00;P2;39.60
4853;pms5003;3628;6.559;3.386;2026-01-07T01:10:15.327021+00:00;P1;54.60
4853;pms5003;3628;6.559;3.386;2026-01-07T01:10:15.327021+00:00;P0;27.00
4854;DHT22;3628;6.559;3.386;2026-01-07T01:10:32.738427+00:00;humidity;88.60
4854;DHT22;3628;6.559;3.386;2026-01-07T01:10:32.738427+00:00;temperature;30.60
4853;pms5003;3628;6.559;3.386;2026-01-07T01:15:49.914257+00:00;P2;42.25
4853;pms5003;3628;6.559;3.386;2026-01-07T01:15:49.914257+00:00;P1;58.00
4853;pms5003;3628;6.559;3.386;2026-01-07T01:15:49.914257+00:00;P0;27.00
4854;DHT22;3628;6.559;3.386;2026-01-07T01:16:10.154003+00:00;humidity;88.60
4854;DHT22;3628;6.559;3.386;2026-01-07T01:16:10.154003+00:00;temperature;30.60
4853;pms5003;3628;6.559;3.386;2026-01-07T01:21:27.770416+00:00;P2;44.00
4853;pms5003;3628;6.559;3.386;2026-01-07T01:21:27.770416+00:00;P1;55.67
4853;pms5003;3628;6.559;3.386;2026-01-07T01:21:27.770416+00:00;P0;29.00
4854;DHT22;3628;6.559;3.386;2026-01-07T01:21:45.215913+00:00;humidity;88.60
4854;DHT22;3628;6.559;3.386;2026-01-07T01:21:45.215913+00:00;temperature;30.60
4853;pms5003;3628;6.559;3.386;2026-01-07T01:27:02.999582+00:00;P2;43.00
4853;pms5003;3628;6.559;3.386;2026-01-07T01:27:02.999582+00:00;P1;58.67
4853;pms5003;3628;6.559;3.386;2026-01-07T01:27:02.999582+00:00;P0;28.00
4854;DHT22;3628;6.559;3.386;2026-01-07T01:27:20.360900+00:00;humidity;89.00
4854;DHT22;3628;6.559;3.386;2026-01-07T01:27:20.360900+00:00;temperature;30.50
4853;pms5003;3628;6.559;3.386;2026-01-07T01:32:37.580324+00:00;P2;43.80
4853;pms5003;3628;6.559;3.386;2026-01-07T01:32:37.580324+00:00;P1;58.80
4853;pms5003;3628;6.559;3.386;2026-01-07T01:32:37.580324+00:00;P0;29.00
4854;DHT22;3628;6.559;3.386;2026-01-07T01:32:57.777808+00:00;humidity;89.00
4854;DHT22;3628;6.559;3.386;2026-01-07T01:32:57.777808+00:00;temperature;30.60
4854;DHT22;3628;6.559;3.386;2026-01-07T01:38:21.897949+00:00;humidity;89.00
4854;DHT22;3628;6.559;3.386;2026-01-07T01:38:21.897949+00:00;temperature;30.50
4853;pms5003;3628;6.559;3.386;2026-01-07T01:43:39.114229+00:00;P2;41.50
4853;pms5003;3628;6.559;3.386;2026-01-07T01:43:39.114229+00:00;P1;54.50
4853;pms5003;3628;6.559;3.386;2026-01-07T01:43:39.114229+00:00;P0;27.00
4854;DHT22;3628;6.559;3.386;2026-01-07T01:43:56.506149+00:00;humidity;88.90
4854;DHT22;3628;6.559;3.386;2026-01-07T01:43:56.506149+00:00;temperature;30.50
4854;DHT22;3628;6.559;3.386;2026-01-07T01:49:31.557299+00:00;humidity;89.20
4854;DHT22;3628;6.559;3.386;2026-01-07T01:49:31.557299+00:00;temperature;30.40
4853;pms5003;3628;6.559;3.386;2026-01-07T01:54:48.902772+00:00;P2;39.00
4853;pms5003;3628;6.559;3.386;2026-01-07T01:54:48.902772+00:00;P1;52.75
4853;pms5003;3628;6.559;3.386;2026-01-07T01:54:48.902772+00:00;P0;27.00
4854;DHT22;3628;6.559;3.386;2026-01-07T01:55:06.306470+00:00;humidity;89.00
4854;DHT22;3628;6.559;3.386;2026-01-07T01:55:06.306470+00:00;temperature;30.50
4853;pms5003;3628;6.559;3.386;2026-01-07T02:00:24.103915+00:00;P2;42.25
4853;pms5003;3628;6.559;3.386;2026-01-07T02:00:24.103915+00:00;P1;53.75
4853;pms5003;3628;6.559;3.386;2026-01-07T02:00:24.103915+00:00;P0;27.75
4854;DHT22;3628;6.559;3.386;2026-01-07T02:00:41.455129+00:00;humidity;89.10
4854;DHT22;3628;6.559;3.386;2026-01-07T02:00:41.455129+00:00;temperature;30.50
4854;DHT22;3628;6.559;3.386;2026-01-07T02:06:05.955390+00:00;humidity;89.10
4854;DHT22;3628;6.559;3.386;2026-01-07T02:06:05.955390+00:00;temperature;30.50
4853;pms5003;3628;6.559;3.386;2026-01-07T02:27:05.935877+00:00;P2;40.60
4853;pms5003;3628;6.559;3.386;2026-01-07T02:27:05.935877+00:00;P1;52.40
4853;pms5003;3628;6.559;3.386;2026-01-07T02:27:05.935877+00:00;P0;27.40
4854;DHT22;3628;6.559;3.386;2026-01-07T02:32:36.750753+00:00;humidity;89.60
4854;DHT22;3628;6.559;3.386;2026-01-07T02:32:36.750753+00:00;temperature;30.50
4853;pms5003;3628;6.559;3.386;2026-01-07T05:54:52.456893+00:00;P2;49.50
4853;pms5003;3628;6.559;3.386;2026-01-07T05:54:52.456893+00:00;P1;65.00
4853;pms5003;3628;6.559;3.386;2026-01-07T05:54:52.456893+00:00;P0;32.75
4854;DHT22;3628;6.559;3.386;2026-01-07T05:55:09.829256+00:00;humidity;100.00
4854;DHT22;3628;6.559;3.386;2026-01-07T05:55:09.829256+00:00;temperature;28.80
4853;pms5003;3628;6.559;3.386;2026-01-07T06:00:27.100948+00:00;P2;50.00
4853;pms5003;3628;6.559;3.386;2026-01-07T06:00:27.100948+00:00;P1;67.75
4853;pms5003;3628;6.559;3.386;2026-01-07T06:00:27.100948+00:00;P0;32.00
4854;DHT22;3628;6.559;3.386;2026-01-07T06:00:44.383013+00:00;humidity;95.60
4854;DHT22;3628;6.559;3.386;2026-01-07T06:00:44.383013+00:00;temperature;29.60
4854;DHT22;3628;6.559;3.386;2026-01-07T06:06:08.729243+00:00;humidity;94.90
4854;DHT22;3628;6.559;3.386;2026-01-07T06:06:08.729243+00:00;temperature;29.70
4854;DHT22;3628;6.559;3.386;2026-01-07T11:26:06.697674+00:00;humidity;58.40
4854;DHT22;3628;6.559;3.386;2026-01-07T11:26:06.697674+00:00;temperature;39.70
4853;pms5003;3628;6.559;3.386;2026-01-07T11:31:24.013889+00:00;P2;35.75
4853;pms5003;3628;6.559;3.386;2026-01-07T11:31:24.013889+00:00;P1;48.00
4853;pms5003;3628;6.559;3.386;2026-01-07T11:31:24.013889+00:00;P0;23.00
4853;pms5003;3628;6.559;3.386;2026-01-07T11:36:48.153945+00:00;P2;36.00
4853;pms5003;3628;6.559;3.386;2026-01-07T11:36:48.153945+00:00;P1;45.40
4853;pms5003;3628;6.559;3.386;2026-01-07T11:36:48.153945+00:00;P0;25.20
4853;pms5003;3628;6.559;3.386;2026-01-07T11:42:22.841116+00:00;P2;33.50
4853;pms5003;3628;6.559;3.386;2026-01-07T11:42:22.841116+00:00;P1;46.00
4853;pms5003;3628;6.559;3.386;2026-01-07T11:42:22.841116+00:00;P0;23.00
4853;pms5003;3628;6.559;3.386;2026-01-07T11:47:46.706093+00:00;P2;38.00
4853;pms5003;3628;6.559;3.386;2026-01-07T11:47:46.706093+00:00;P1;50.25
4853;pms5003;3628;6.559;3.386;2026-01-07T11:47:46.706093+00:00;P0;25.25
4854;DHT22;3628;6.559;3.386;2026-01-07T11:48:04.087696+00:00;humidity;55.30
4854;DHT22;3628;6.559;3.386;2026-01-07T11:48:04.087696+00:00;temperature;40.20
4853;pms5003;3628;6.559;3.386;2026-01-07T11:53:21.283458+00:00;P2;40.33
4853;pms5003;3628;6.559;3.386;2026-01-07T11:53:21.283458+00:00;P1;54.00
4853;pms5003;3628;6.559;3.386;2026-01-07T11:53:21.283458+00:00;P0;27.00
4853;pms5003;3628;6.559;3.386;2026-01-07T11:59:05.932603+00:00;P2;40.25
4853;pms5003;3628;6.559;3.386;2026-01-07T11:59:05.932603+00:00;P1;56.25
4853;pms5003;3628;6.559;3.386;2026-01-07T11:59:05.932603+00:00;P0;28.00
4853;pms5003;3628;6.559;3.386;2026-01-07T12:05:04.131248+00:00;P2;38.00
4853;pms5003;3628;6.559;3.386;2026-01-07T12:05:04.131248+00:00;P1;48.60
4853;pms5003;3628;6.559;3.386;2026-01-07T12:05:04.131248+00:00;P0;25.00
4853;pms5003;3628;6.559;3.386;2026-01-07T12:15:00.517977+00:00;P2;37.00
4853;pms5003;3628;6.559;3.386;2026-01-07T12:15:00.517977+00:00;P1;45.25
4853;pms5003;3628;6.559;3.386;2026-01-07T12:15:00.517977+00:00;P0;26.00
4854;DHT22;3628;6.559;3.386;2026-01-07T12:15:17.904876+00:00;humidity;54.50
4854;DHT22;3628;6.559;3.386;2026-01-07T12:15:17.904876+00:00;temperature;40.00
4854;DHT22;3628;6.559;3.386;2026-01-07T12:25:55.438769+00:00;humidity;54.50
4854;DHT22;3628;6.559;3.386;2026-01-07T12:25:55.438769+00:00;temperature;39.70
4854;DHT22;3628;6.559;3.386;2026-01-07T12:31:19.645279+00:00;humidity;57.60
4854;DHT22;3628;6.559;3.386;2026-01-07T12:31:19.645279+00:00;temperature;38.50
4853;pms5003;3628;6.559;3.386;2026-01-07T12:36:36.843283+00:00;P2;37.67
4853;pms5003;3628;6.559;3.386;2026-01-07T12:36:36.843283+00:00;P1;49.67
4853;pms5003;3628;6.559;3.386;2026-01-07T12:36:36.843283+00:00;P0;26.00
4854;DHT22;3628;6.559;3.386;2026-01-07T12:36:54.217218+00:00;humidity;55.30
4854;DHT22;3628;6.559;3.386;2026-01-07T12:36:54.217218+00:00;temperature;39.90
4854;DHT22;3628;6.559;3.386;2026-01-07T12:47:44.712800+00:00;humidity;59.50
4854;DHT22;3628;6.559;3.386;2026-01-07T12:47:44.712800+00:00;temperature;37.90
4853;pms5003;3628;6.559;3.386;2026-01-07T12:53:01.985341+00:00;P2;35.67
4853;pms5003;3628;6.559;3.386;2026-01-07T12:53:01.985341+00:00;P1;45.67
4853;pms5003;3628;6.559;3.386;2026-01-07T12:53:01.985341+00:00;P0;24.67
4854;DHT22;3628;6.559;3.386;2026-01-07T12:53:19.385209+00:00;humidity;59.20
4854;DHT22;3628;6.559;3.386;2026-01-07T12:53:19.385209+00:00;temperature;38.00
4853;pms5003;3628;6.559;3.386;2026-01-07T13:03:49.427514+00:00;P2;38.00
4853;pms5003;3628;6.559;3.386;2026-01-07T13:03:49.427514+00:00;P1;52.00
4853;pms5003;3628;6.559;3.386;2026-01-07T13:03:49.427514+00:00;P0;26.67
4854;DHT22;3628;6.559;3.386;2026-01-07T13:04:06.835008+00:00;humidity;58.60
4854;DHT22;3628;6.559;3.386;2026-01-07T13:04:06.835008+00:00;temperature;38.70
4854;DHT22;3628;6.559;3.386;2026-01-07T13:09:30.592533+00:00;humidity;58.20
4854;DHT22;3628;6.559;3.386;2026-01-07T13:09:30.592533+00:00;temperature;38.10
4854;DHT22;3628;6.559;3.386;2026-01-07T13:14:54.339606+00:00;humidity;57.40
4854;DHT22;3628;6.559;3.386;2026-01-07T13:14:54.339606+00:00;temperature;38.40
4853;pms5003;3628;6.559;3.386;2026-01-07T13:25:35.873363+00:00;P2;34.00
4853;pms5003;3628;6.559;3.386;2026-01-07T13:25:35.873363+00:00;P1;48.33
4853;pms5003;3628;6.559;3.386;2026-01-07T13:25:35.873363+00:00;P0;23.00
4853;pms5003;3628;6.559;3.386;2026-01-07T13:30:59.649876+00:00;P2;37.00
4853;pms5003;3628;6.559;3.386;2026-01-07T13:30:59.649876+00:00;P1;45.67
4853;pms5003;3628;6.559;3.386;2026-01-07T13:30:59.649876+00:00;P0;24.00
4853;pms5003;3628;6.559;3.386;2026-01-07T13:36:23.494191+00:00;P2;39.00
4853;pms5003;3628;6.559;3.386;2026-01-07T13:36:23.494191+00:00;P1;52.00
4853;pms5003;3628;6.559;3.386;2026-01-07T13:36:23.494191+00:00;P0;26.00
4854;DHT22;3628;6.559;3.386;2026-01-07T13:42:05.101297+00:00;humidity;56.80
4854;DHT22;3628;6.559;3.386;2026-01-07T13:42:05.101297+00:00;temperature;39.20
4854;DHT22;3628;6.559;3.386;2026-01-07T13:48:14.048287+00:00;humidity;57.30
4854;DHT22;3628;6.559;3.386;2026-01-07T13:48:14.048287+00:00;temperature;38.80
4853;pms5003;3628;6.559;3.386;2026-01-07T13:52:46.384863+00:00;P2;33.40
4853;pms5003;3628;6.559;3.386;2026-01-07T13:52:46.384863+00:00;P1;46.40
4853;pms5003;3628;6.559;3.386;2026-01-07T13:52:46.384863+00:00;P0;23.40
4853;pms5003;3628;6.559;3.386;2026-01-07T13:58:10.797279+00:00;P2;35.80
4853;pms5003;3628;6.559;3.386;2026-01-07T13:58:10.797279+00:00;P1;44.00
4853;pms5003;3628;6.559;3.386;2026-01-07T13:58:10.797279+00:00;P0;24.00
4854;DHT22;3628;6.559;3.386;2026-01-07T13:58:28.170853+00:00;humidity;57.00
4854;DHT22;3628;6.559;3.386;2026-01-07T13:58:28.170853+00:00;temperature;39.60
4853;pms5003;3628;6.559;3.386;2026-01-07T14:03:45.399342+00:00;P2;36.00
4853;pms5003;3628;6.559;3.386;2026-01-07T14:03:45.399342+00:00;P1;49.40
4853;pms5003;3628;6.559;3.386;2026-01-07T14:03:45.399342+00:00;P0;25.00
4854;DHT22;3628;6.559;3.386;2026-01-07T14:04:02.825011+00:00;humidity;57.80
4854;DHT22;3628;6.559;3.386;2026-01-07T14:04:02.825011+00:00;temperature;39.00
4853;pms5003;3628;6.559;3.386;2026-01-07T14:10:32.547007+00:00;P2;35.40
4853;pms5003;3628;6.559;3.386;2026-01-07T14:10:32.547007+00:00;P1;45.00
4853;pms5003;3628;6.559;3.386;2026-01-07T14:10:32.547007+00:00;P0;26.20
4854;DHT22;3628;6.559;3.386;2026-01-07T14:15:04.699430+00:00;humidity;58.60
4854;DHT22;3628;6.559;3.386;2026-01-07T14:15:04.699430+00:00;temperature;38.70
4854;DHT22;3628;6.559;3.386;2026-01-07T14:20:28.559657+00:00;humidity;57.80
4854;DHT22;3628;6.559;3.386;2026-01-07T14:20:28.559657+00:00;temperature;39.20
4853;pms5003;3628;6.559;3.386;2026-01-07T14:25:45.776956+00:00;P2;36.00
4853;pms5003;3628;6.559;3.386;2026-01-07T14:25:45.776956+00:00;P1;48.00
4853;pms5003;3628;6.559;3.386;2026-01-07T14:25:45.776956+00:00;P0;26.00
4854;DHT22;3628;6.559;3.386;2026-01-07T14:26:03.102758+00:00;humidity;56.40
4854;DHT22;3628;6.559;3.386;2026-01-07T14:26:03.102758+00:00;temperature;39.80
4853;pms5003;3628;6.559;3.386;2026-01-07T14:31:20.336922+00:00;P2;36.00
4853;pms5003;3628;6.559;3.386;2026-01-07T14:31:20.336922+00:00;P1;41.60
4853;pms5003;3628;6.559;3.386;2026-01-07T14:31:20.336922+00:00;P0;23.20
4854;DHT22;3628;6.559;3.386;2026-01-07T14:31:37.853405+00:00;humidity;58.70
4854;DHT22;3628;6.559;3.386;2026-01-07T14:31:37.853405+00:00;temperature;38.80
4854;DHT22;3628;6.559;3.386;2026-01-07T14:37:02.085968+00:00;humidity;61.10
4854;DHT22;3628;6.559;3.386;2026-01-07T14:37:02.085968+00:00;temperature;37.30
4853;pms5003;3628;6.559;3.386;2026-01-07T14:42:19.241148+00:00;P2;35.00
4853;pms5003;3628;6.559;3.386;2026-01-07T14:42:19.241148+00:00;P1;47.25
4853;pms5003;3628;6.559;3.386;2026-01-07T14:42:19.241148+00:00;P0;23.25
4853;pms5003;3628;6.559;3.386;2026-01-07T14:47:53.826538+00:00;P2;31.75
4853;pms5003;3628;6.559;3.386;2026-01-07T14:47:53.826538+00:00;P1;41.00
4853;pms5003;3628;6.559;3.386;2026-01-07T14:47:53.826538+00:00;P0;22.50
4854;DHT22;3628;6.559;3.386;2026-01-07T14:48:11.338050+00:00;humidity;61.20
4854;DHT22;3628;6.559;3.386;2026-01-07T14:48:11.338050+00:00;temperature;37.80
4853;pms5003;3628;6.559;3.386;2026-01-07T14:53:28.328257+00:00;P2;33.00
4853;pms5003;3628;6.559;3.386;2026-01-07T14:53:28.328257+00:00;P1;39.33
4853;pms5003;3628;6.559;3.386;2026-01-07T14:53:28.328257+00:00;P0;23.00
4854;DHT22;3628;6.559;3.386;2026-01-07T14:53:45.641856+00:00;humidity;60.10
4854;DHT22;3628;6.559;3.386;2026-01-07T14:53:45.641856+00:00;temperature;38.20
4853;pms5003;3628;6.559;3.386;2026-01-07T14:59:15.398162+00:00;P2;34.75
4853;pms5003;3628;6.559;3.386;2026-01-07T14:59:15.398162+00:00;P1;49.25
4853;pms5003;3628;6.559;3.386;2026-01-07T14:59:15.398162+00:00;P0;23.00
4854;DHT22;3628;6.559;3.386;2026-01-07T15:04:33.818602+00:00;humidity;59.30
4854;DHT22;3628;6.559;3.386;2026-01-07T15:04:33.818602+00:00;temperature;38.30
4853;pms5003;3628;6.559;3.386;2026-01-07T15:09:54.070015+00:00;P2;31.80
4853;pms5003;3628;6.559;3.386;2026-01-07T15:09:54.070015+00:00;P1;44.60
4853;pms5003;3628;6.559;3.386;2026-01-07T15:09:54.070015+00:00;P0;22.80
4854;DHT22;3628;6.559;3.386;2026-01-07T15:15:35.530383+00:00;humidity;59.70
4854;DHT22;3628;6.559;3.386;2026-01-07T15:15:35.530383+00:00;temperature;38.10
4854;DHT22;3628;6.559;3.386;2026-01-07T15:20:59.706183+00:00;humidity;60.00
4854;DHT22;3628;6.559;3.386;2026-01-07T15:20:59.706183+00:00;temperature;38.10
4853;pms5003;3628;6.559;3.386;2026-01-07T15:26:16.963983+00:00;P2;32.50
4853;pms5003;3628;6.559;3.386;2026-01-07T15:26:16.963983+00:00;P1;46.25
4853;pms5003;3628;6.559;3.386;2026-01-07T15:26:16.963983+00:00;P0;22.25
4854;DHT22;3628;6.559;3.386;2026-01-07T15:26:34.441299+00:00;humidity;61.90
4854;DHT22;3628;6.559;3.386;2026-01-07T15:26:34.441299+00:00;temperature;37.40
4853;pms5003;3628;6.559;3.386;2026-01-07T15:31:51.516110+00:00;P2;31.40
4853;pms5003;3628;6.559;3.386;2026-01-07T15:31:51.516110+00:00;P1;39.20
4853;pms5003;3628;6.559;3.386;2026-01-07T15:31:51.516110+00:00;P0;21.60
4854;DHT22;3628;6.559;3.386;2026-01-07T15:32:08.848513+00:00;humidity;63.50
4854;DHT22;3628;6.559;3.386;2026-01-07T15:32:08.848513+00:00;temperature;36.90
4853;pms5003;3628;6.559;3.386;2026-01-07T15:37:26.540065+00:00;P2;32.25
4853;pms5003;3628;6.559;3.386;2026-01-07T15:37:26.540065+00:00;P1;44.50
4853;pms5003;3628;6.559;3.386;2026-01-07T15:37:26.540065+00:00;P0;22.50
4854;DHT22;3628;6.559;3.386;2026-01-07T15:37:43.692632+00:00;humidity;62.80
4854;DHT22;3628;6.559;3.386;2026-01-07T15:37:43.692632+00:00;temperature;37.20
4854;DHT22;3628;6.559;3.386;2026-01-07T15:43:18.156373+00:00;humidity;61.90
4854;DHT22;3628;6.559;3.386;2026-01-07T15:43:18.156373+00:00;temperature;37.50
4854;DHT22;3628;6.559;3.386;2026-01-07T15:54:06.770891+00:00;humidity;62.30
4854;DHT22;3628;6.559;3.386;2026-01-07T15:54:06.770891+00:00;temperature;37.50
4853;pms5003;3628;6.559;3.386;2026-01-07T15:59:23.997114+00:00;P2;33.67
4853;pms5003;3628;6.559;3.386;2026-01-07T15:59:23.997114+00:00;P1;43.33
4853;pms5003;3628;6.559;3.386;2026-01-07T15:59:23.997114+00:00;P0;23.00
4854;DHT22;3628;6.559;3.386;2026-01-07T15:59:41.378269+00:00;humidity;62.20
4854;DHT22;3628;6.559;3.386;2026-01-07T15:59:41.378269+00:00;temperature;37.20
4853;pms5003;3628;6.559;3.386;2026-01-07T16:04:58.519126+00:00;P2;30.00
4853;pms5003;3628;6.559;3.386;2026-01-07T16:04:58.519126+00:00;P1;31.50
4853;pms5003;3628;6.559;3.386;2026-01-07T16:04:58.519126+00:00;P0;19.50
4853;pms5003;3628;6.559;3.386;2026-01-07T16:10:33.049612+00:00;P2;29.00
4853;pms5003;3628;6.559;3.386;2026-01-07T16:10:33.049612+00:00;P1;43.00
4853;pms5003;3628;6.559;3.386;2026-01-07T16:10:33.049612+00:00;P0;19.00
4854;DHT22;3628;6.559;3.386;2026-01-07T16:10:50.417300+00:00;humidity;63.80
4854;DHT22;3628;6.559;3.386;2026-01-07T16:10:50.417300+00:00;temperature;37.00
4853;pms5003;3628;6.559;3.386;2026-01-07T16:16:07.603023+00:00;P2;33.50
4853;pms5003;3628;6.559;3.386;2026-01-07T16:16:07.603023+00:00;P1;45.25
4853;pms5003;3628;6.559;3.386;2026-01-07T16:16:07.603023+00:00;P0;22.00
4853;pms5003;3628;6.559;3.386;2026-01-07T16:21:31.857543+00:00;P2;35.75
4853;pms5003;3628;6.559;3.386;2026-01-07T16:21:31.857543+00:00;P1;50.50
4853;pms5003;3628;6.559;3.386;2026-01-07T16:21:31.857543+00:00;P0;22.75
4854;DHT22;3628;6.559;3.386;2026-01-07T16:21:49.214812+00:00;humidity;64.60
4854;DHT22;3628;6.559;3.386;2026-01-07T16:21:49.214812+00:00;temperature;36.40
4854;DHT22;3628;6.559;3.386;2026-01-07T16:27:19.037427+00:00;humidity;65.20
4854;DHT22;3628;6.559;3.386;2026-01-07T16:27:19.037427+00:00;temperature;36.10
4854;DHT22;3628;6.559;3.386;2026-01-07T16:33:27.387075+00:00;humidity;65.80
4854;DHT22;3628;6.559;3.386;2026-01-07T16:33:27.387075+00:00;temperature;35.80
4853;pms5003;3628;6.559;3.386;2026-01-07T16:38:00.007867+00:00;P2;39.00
4853;pms5003;3628;6.559;3.386;2026-01-07T16:38:00.007867+00:00;P1;50.00
4853;pms5003;3628;6.559;3.386;2026-01-07T16:38:00.007867+00:00;P0;26.00
4854;DHT22;3628;6.559;3.386;2026-01-07T16:38:17.374970+00:00;humidity;66.60
4854;DHT22;3628;6.559;3.386;2026-01-07T16:38:17.374970+00:00;temperature;35.80
4854;DHT22;3628;6.559;3.386;2026-01-07T16:43:41.242042+00:00;humidity;67.10
4854;DHT22;3628;6.559;3.386;2026-01-07T16:43:41.242042+00:00;temperature;35.30
4853;pms5003;3628;6.559;3.386;2026-01-07T16:48:58.444689+00:00;P2;45.00
4853;pms5003;3628;6.559;3.386;2026-01-07T16:48:58.444689+00:00;P1;59.80
4853;pms5003;3628;6.559;3.386;2026-01-07T16:48:58.444689+00:00;P0;31.00
4854;DHT22;3628;6.559;3.386;2026-01-07T16:49:15.854812+00:00;humidity;69.10
4854;DHT22;3628;6.559;3.386;2026-01-07T16:49:15.854812+00:00;temperature;34.80
4853;pms5003;3628;6.559;3.386;2026-01-07T16:54:33.087232+00:00;P2;35.00
4853;pms5003;3628;6.559;3.386;2026-01-07T16:54:33.087232+00:00;P1;48.50
4853;pms5003;3628;6.559;3.386;2026-01-07T16:54:33.087232+00:00;P0;23.00
4854;DHT22;3628;6.559;3.386;2026-01-07T16:54:50.732771+00:00;humidity;70.40
4854;DHT22;3628;6.559;3.386;2026-01-07T16:54:50.732771+00:00;temperature;34.50
4853;pms5003;3628;6.559;3.386;2026-01-07T17:00:07.846602+00:00;P2;35.50
4853;pms5003;3628;6.559;3.386;2026-01-07T17:00:07.846602+00:00;P1;49.75
4853;pms5003;3628;6.559;3.386;2026-01-07T17:00:07.846602+00:00;P0;23.50
4854;DHT22;3628;6.559;3.386;2026-01-07T17:00:25.181731+00:00;humidity;70.10
4854;DHT22;3628;6.559;3.386;2026-01-07T17:00:25.181731+00:00;temperature;34.50
4853;pms5003;3628;6.559;3.386;2026-01-07T17:05:42.398608+00:00;P2;40.60
4853;pms5003;3628;6.559;3.386;2026-01-07T17:05:42.398608+00:00;P1;50.00
4853;pms5003;3628;6.559;3.386;2026-01-07T17:05:42.398608+00:00;P0;28.00
4853;pms5003;3628;6.559;3.386;2026-01-07T17:11:06.303409+00:00;P2;39.00
4853;pms5003;3628;6.559;3.386;2026-01-07T17:11:06.303409+00:00;P1;46.25
4853;pms5003;3628;6.559;3.386;2026-01-07T17:11:06.303409+00:00;P0;27.00
4854;DHT22;3628;6.559;3.386;2026-01-07T17:16:30.571637+00:00;P2;31.00
4854;DHT22;3628;6.559;3.386;2026-01-07T17:16:30.571637+00:00;P1;40.50
4854;DHT22;3628;6.559;3.386;2026-01-07T17:16:30.571637+00:00;P0;20.50
4854;DHT22;3628;6.559;3.386;2026-01-07T17:16:47.994254+00:00;humidity;74.40
4854;DHT22;3628;6.559;3.386;2026-01-07T17:16:47.994254+00:00;temperature;33.60
4853;pms5003;3628;6.559;3.386;2026-01-07T17:23:12.844753+00:00;P2;51.00
4853;pms5003;3628;6.559;3.386;2026-01-07T17:23:12.844753+00:00;P1;68.00
4853;pms5003;3628;6.559;3.386;2026-01-07T17:23:12.844753+00:00;P0;34.00
4853;pms5003;3628;6.559;3.386;2026-01-07T17:27:29.483699+00:00;P2;34.50
4853;pms5003;3628;6.559;3.386;2026-01-07T17:27:29.483699+00:00;P1;43.00
4853;pms5003;3628;6.559;3.386;2026-01-07T17:27:29.483699+00:00;P0;23.00
4853;pms5003;3628;6.559;3.386;2026-01-07T18:25:21.511634+00:00;P2;37.33
4853;pms5003;3628;6.559;3.386;2026-01-07T18:25:21.511634+00:00;P1;48.67
4853;pms5003;3628;6.559;3.386;2026-01-07T18:25:21.511634+00:00;P0;23.67
4853;pms5003;3628;6.559;3.386;2026-01-07T18:36:12.491856+00:00;P2;34.00
4853;pms5003;3628;6.559;3.386;2026-01-07T18:36:12.491856+00:00;P1;47.00
4853;pms5003;3628;6.559;3.386;2026-01-07T18:36:12.491856+00:00;P0;23.00
4854;DHT22;3628;6.559;3.386;2026-01-07T18:36:29.824191+00:00;humidity;78.60
4854;DHT22;3628;6.559;3.386;2026-01-07T18:36:29.824191+00:00;temperature;32.00
4853;pms5003;3628;6.559;3.386;2026-01-07T18:41:47.000694+00:00;P2;36.00
4853;pms5003;3628;6.559;3.386;2026-01-07T18:41:47.000694+00:00;P1;53.33
4853;pms5003;3628;6.559;3.386;2026-01-07T18:41:47.000694+00:00;P0;23.00
4854;DHT22;3628;6.559;3.386;2026-01-07T18:42:04.349105+00:00;humidity;78.60
4854;DHT22;3628;6.559;3.386;2026-01-07T18:42:04.349105+00:00;temperature;32.00
4854;DHT22;3628;6.559;3.386;2026-01-07T18:47:28.083023+00:00;humidity;78.90
4854;DHT22;3628;6.559;3.386;2026-01-07T18:47:28.083023+00:00;temperature;31.90
4853;pms5003;3628;6.559;3.386;2026-01-07T18:52:45.229155+00:00;P2;35.33
4853;pms5003;3628;6.559;3.386;2026-01-07T18:52:45.229155+00:00;P1;47.33
4853;pms5003;3628;6.559;3.386;2026-01-07T18:52:45.229155+00:00;P0;23.33
4854;DHT22;3628;6.559;3.386;2026-01-07T18:53:02.580660+00:00;humidity;79.50
4854;DHT22;3628;6.559;3.386;2026-01-07T18:53:02.580660+00:00;temperature;32.00
4853;pms5003;3628;6.559;3.386;2026-01-07T18:58:19.940182+00:00;P2;36.25
4853;pms5003;3628;6.559;3.386;2026-01-07T18:58:19.940182+00:00;P1;45.00
4853;pms5003;3628;6.559;3.386;2026-01-07T18:58:19.940182+00:00;P0;26.00
4854;DHT22;3628;6.559;3.386;2026-01-07T18:58:37.218655+00:00;humidity;79.70
4854;DHT22;3628;6.559;3.386;2026-01-07T18:58:37.218655+00:00;temperature;32.00
4853;pms5003;3628;6.559;3.386;2026-01-07T19:03:54.408595+00:00;P2;35.60
4853;pms5003;3628;6.559;3.386;2026-01-07T19:03:54.408595+00:00;P1;44.20
4853;pms5003;3628;6.559;3.386;2026-01-07T19:03:54.408595+00:00;P0;24.00
4854;DHT22;3628;6.559;3.386;2026-01-07T19:04:11.756392+00:00;humidity;79.80
4854;DHT22;3628;6.559;3.386;2026-01-07T19:04:11.756392+00:00;temperature;31.90
4853;pms5003;3628;6.559;3.386;2026-01-07T19:09:28.953218+00:00;P2;33.25
4853;pms5003;3628;6.559;3.386;2026-01-07T19:09:28.953218+00:00;P1;44.00
4853;pms5003;3628;6.559;3.386;2026-01-07T19:09:28.953218+00:00;P0;22.00
4854;DHT22;3628;6.559;3.386;2026-01-07T19:09:46.304390+00:00;humidity;79.70
4854;DHT22;3628;6.559;3.386;2026-01-07T19:09:46.304390+00:00;temperature;31.90
4853;pms5003;3628;6.559;3.386;2026-01-07T19:15:03.596353+00:00;P2;35.60
4853;pms5003;3628;6.559;3.386;2026-01-07T19:15:03.596353+00:00;P1;47.40
4853;pms5003;3628;6.559;3.386;2026-01-07T19:15:03.596353+00:00;P0;23.60
4854;DHT22;3628;6.559;3.386;2026-01-07T19:15:20.938575+00:00;humidity;80.30
4854;DHT22;3628;6.559;3.386;2026-01-07T19:15:20.938575+00:00;temperature;31.90
4853;pms5003;3628;6.559;3.386;2026-01-07T19:20:43.894423+00:00;P2;33.50
4853;pms5003;3628;6.559;3.386;2026-01-07T19:20:43.894423+00:00;P1;45.00
4853;pms5003;3628;6.559;3.386;2026-01-07T19:20:43.894423+00:00;P0;23.00
4854;DHT22;3628;6.559;3.386;2026-01-07T19:21:07.160318+00:00;humidity;80.10
4854;DHT22;3628;6.559;3.386;2026-01-07T19:21:07.160318+00:00;temperature;31.90
4853;pms5003;3628;6.559;3.386;2026-01-07T19:26:24.433029+00:00;P2;36.00
4853;pms5003;3628;6.559;3.386;2026-01-07T19:26:24.433029+00:00;P1;48.60
4853;pms5003;3628;6.559;3.386;2026-01-07T19:26:24.433029+00:00;P0;24.00
4854;DHT22;3628;6.559;3.386;2026-01-07T19:26:44.239386+00:00;humidity;80.4
4854;DHT22;3628;6.559;3.386;2026-01-07T19:26:44.239386+00:00;temperature;31.80
4854;DHT22;3628;6.559;3.386;2026-01-07T19:32:14.272861+00:00;humidity;80.60
4854;DHT22;3628;6.559;3.386;2026-01-07T19:32:14.272861+00:00;temperature;31.90
4854;DHT22;3628;6.559;3.386;2026-01-07T19:37:37.976830+00:00;humidity;81.10
4854;DHT22;3628;6.559;3.386;2026-01-07T19:37:37.976830+00:00;temperature;31.70
4853;pms5003;3628;6.559;3.386;2026-01-07T19:48:13.994927+00:00;P2;33.00
4853;pms5003;3628;6.559;3.386;2026-01-07T19:48:13.994927+00:00;P1;45.50
4853;pms5003;3628;6.559;3.386;2026-01-07T19:48:13.994927+00:00;P0;22.50
4853;pms5003;3628;6.559;3.386;2026-01-07T19:53:44.160501+00:00;P2;35.00
4853;pms5003;3628;6.559;3.386;2026-01-07T19:53:44.160501+00:00;P1;44.75
4853;pms5003;3628;6.559;3.386;2026-01-07T19:53:44.160501+00:00;P0;23.75
4854;DHT22;3628;6.559;3.386;2026-01-07T20:07:01.564317+00:00;humidity;82.30
4854;DHT22;3628;6.559;3.386;2026-01-07T20:07:01.564317+00:00;temperature;31.70
4854;DHT22;3628;6.559;3.386;2026-01-07T20:16:18.118604+00:00;humidity;82.50
4854;DHT22;3628;6.559;3.386;2026-01-07T20:16:18.118604+00:00;temperature;31.60
4853;pms5003;3628;6.559;3.386;2026-01-07T20:21:58.449272+00:00;P2;30.00
4853;pms5003;3628;6.559;3.386;2026-01-07T20:21:58.449272+00:00;P1;32.00
4853;pms5003;3628;6.559;3.386;2026-01-07T20:21:58.449272+00:00;P0;21.00
4853;pms5003;3628;6.559;3.386;2026-01-07T21:04:06.250490+00:00;P2;32.00
4853;pms5003;3628;6.559;3.386;2026-01-07T21:04:06.250490+00:00;P1;38.33
4853;pms5003;3628;6.559;3.386;2026-01-07T21:04:06.250490+00:00;P0;22.33
4853;pms5003;3628;6.559;3.386;2026-01-07T21:31:34.330281+00:00;P2;32.25
4853;pms5003;3628;6.559;3.386;2026-01-07T21:31:34.330281+00:00;P1;37.00
4853;pms5003;3628;6.559;3.386;2026-01-07T21:31:34.330281+00:00;P0;22.00
4854;DHT22;3628;6.559;3.386;2026-01-07T21:31:51.648685+00:00;humidity;83.10
4854;DHT22;3628;6.559;3.386;2026-01-07T21:31:51.648685+00:00;temperature;31.30
4853;pms5003;3628;6.559;3.386;2026-01-07T21:37:11.752632+00:00;P2;38.00
4853;pms5003;3628;6.559;3.386;2026-01-07T21:37:11.752632+00:00;P1;50.50
4853;pms5003;3628;6.559;3.386;2026-01-07T21:37:11.752632+00:00;P0;23.00
4854;DHT22;3628;6.559;3.386;2026-01-07T21:37:29.104259+00:00;humidity;82.60
4854;DHT22;3628;6.559;3.386;2026-01-07T21:37:29.104259+00:00;temperature;31.50
4853;pms5003;3628;6.559;3.386;2026-01-07T21:42:46.493912+00:00;P2;32.75
4853;pms5003;3628;6.559;3.386;2026-01-07T21:42:46.493912+00:00;P1;37.75
4853;pms5003;3628;6.559;3.386;2026-01-07T21:42:46.493912+00:00;P0;23.00
4854;DHT22;3628;6.559;3.386;2026-01-07T21:43:06.715954+00:00;humidity;82.90
4854;DHT22;3628;6.559;3.386;2026-01-07T21:43:06.715954+00:00;temperature;31.40
4853;pms5003;3628;6.559;3.386;2026-01-07T21:48:23.909846+00:00;P2;35.00
4853;pms5003;3628;6.559;3.386;2026-01-07T21:48:23.909846+00:00;P1;48.00
4853;pms5003;3628;6.559;3.386;2026-01-07T21:48:23.909846+00:00;P0;23.00
4853;pms5003;3628;6.559;3.386;2026-01-07T21:53:48.007355+00:00;P2;33.20
4853;pms5003;3628;6.559;3.386;2026-01-07T21:53:48.007355+00:00;P1;41.20
4853;pms5003;3628;6.559;3.386;2026-01-07T21:53:48.007355+00:00;P0;23.20
4854;DHT22;3628;6.559;3.386;2026-01-07T21:54:05.439075+00:00;humidity;83.70
4854;DHT22;3628;6.559;3.386;2026-01-07T21:54:05.439075+00:00;temperature;31.30
4853;pms5003;3628;6.559;3.386;2026-01-07T21:59:22.549888+00:00;P2;36.00
4853;pms5003;3628;6.559;3.386;2026-01-07T21:59:22.549888+00:00;P1;52.67
4853;pms5003;3628;6.559;3.386;2026-01-07T21:59:22.549888+00:00;P0;22.67
4854;DHT22;3628;6.559;3.386;2026-01-07T21:59:39.865737+00:00;humidity;83.90
4854;DHT22;3628;6.559;3.386;2026-01-07T21:59:39.865737+00:00;temperature;31.20
4853;pms5003;3628;6.559;3.386;2026-01-07T22:04:57.132377+00:00;P2;32.60
4853;pms5003;3628;6.559;3.386;2026-01-07T22:04:57.132377+00:00;P1;43.40
4853;pms5003;3628;6.559;3.386;2026-01-07T22:04:57.132377+00:00;P0;23.00
4854;DHT22;3628;6.559;3.386;2026-01-07T22:05:14.450866+00:00;humidity;83.70
4854;DHT22;3628;6.559;3.386;2026-01-07T22:05:14.450866+00:00;temperature;31.30
4853;pms5003;3628;6.559;3.386;2026-01-07T22:10:31.703963+00:00;P2;34.25
4853;pms5003;3628;6.559;3.386;2026-01-07T22:10:31.703963+00:00;P1;46.75
4853;pms5003;3628;6.559;3.386;2026-01-07T22:10:31.703963+00:00;P0;22.75
4854;DHT22;3628;6.559;3.386;2026-01-07T22:10:49.019545+00:00;humidity;84.00
4854;DHT22;3628;6.559;3.386;2026-01-07T22:10:49.019545+00:00;temperature;31.20
4853;pms5003;3628;6.559;3.386;2026-01-07T22:16:06.308392+00:00;P2;34.00
4853;pms5003;3628;6.559;3.386;2026-01-07T22:16:06.308392+00:00;P1;47.50
4853;pms5003;3628;6.559;3.386;2026-01-07T22:16:06.308392+00:00;P0;22.75
4854;DHT22;3628;6.559;3.386;2026-01-07T22:16:23.647018+00:00;humidity;84.60
4854;DHT22;3628;6.559;3.386;2026-01-07T22:16:23.647018+00:00;temperature;31.10
4854;DHT22;3628;6.559;3.386;2026-01-07T22:21:47.512596+00:00;humidity;84.20
4854;DHT22;3628;6.559;3.386;2026-01-07T22:21:47.512596+00:00;temperature;31.20
4853;pms5003;3628;6.559;3.386;2026-01-07T22:27:04.562732+00:00;P2;32.25
4853;pms5003;3628;6.559;3.386;2026-01-07T22:27:04.562732+00:00;P1;37.00
4853;pms5003;3628;6.559;3.386;2026-01-07T22:27:04.562732+00:00;P0;22.25
4854;DHT22;3628;6.559;3.386;2026-01-07T22:27:21.933317+00:00;humidity;84.60
4854;DHT22;3628;6.559;3.386;2026-01-07T22:27:21.933317+00:00;temperature;31.10
4854;DHT22;3628;6.559;3.386;2026-01-07T22:32:45.816354+00:00;humidity;84.80
4854;DHT22;3628;6.559;3.386;2026-01-07T22:32:45.816354+00:00;temperature;31.00
4854;DHT22;3628;6.559;3.386;2026-01-07T22:38:12.385564+00:00;humidity;84.90
4854;DHT22;3628;6.559;3.386;2026-01-07T22:38:12.385564+00:00;temperature;31.00
4854;DHT22;3628;6.559;3.386;2026-01-07T22:43:36.278370+00:00;humidity;85.20
4854;DHT22;3628;6.559;3.386;2026-01-07T22:43:36.278370+00:00;temperature;31.00
4854;DHT22;3628;6.559;3.386;2026-01-07T22:49:00.161858+00:00;humidity;85.20
4854;DHT22;3628;6.559;3.386;2026-01-07T22:49:00.161858+00:00;temperature;31.00
4853;pms5003;3628;6.559;3.386;2026-01-07T22:54:54.182192+00:00;P2;39.00
4853;pms5003;3628;6.559;3.386;2026-01-07T22:54:54.182192+00:00;P1;47.00
4853;pms5003;3628;6.559;3.386;2026-01-07T22:54:54.182192+00:00;P0;26.00
4853;pms5003;3628;6.559;3.386;2026-01-07T22:59:41.600700+00:00;P2;37.40
4853;pms5003;3628;6.559;3.386;2026-01-07T22:59:41.600700+00:00;P1;45.60
4853;pms5003;3628;6.559;3.386;2026-01-07T22:59:41.600700+00:00;P0;25.00
4853;pms5003;3628;6.559;3.386;2026-01-07T23:10:30.189824+00:00;P2;37.67
4853;pms5003;3628;6.559;3.386;2026-01-07T23:10:30.189824+00:00;P1;49.67
4853;pms5003;3628;6.559;3.386;2026-01-07T23:10:30.189824+00:00;P0;25.33
4853;pms5003;3628;6.559;3.386;2026-01-07T23:15:54.607357+00:00;P2;37.33
4853;pms5003;3628;6.559;3.386;2026-01-07T23:15:54.607357+00:00;P1;48.67
4853;pms5003;3628;6.559;3.386;2026-01-07T23:15:54.607357+00:00;P0;25.33
4854;DHT22;3628;6.559;3.386;2026-01-07T23:21:25.386337+00:00;humidity;86.30
4854;DHT22;3628;6.559;3.386;2026-01-07T23:21:25.386337+00:00;temperature;30.80
4853;pms5003;3628;6.559;3.386;2026-01-07T23:26:42.561395+00:00;P2;37.50
4853;pms5003;3628;6.559;3.386;2026-01-07T23:26:42.561395+00:00;P1;48.50
4853;pms5003;3628;6.559;3.386;2026-01-07T23:26:42.561395+00:00;P0;25.00
4854;DHT22;3628;6.559;3.386;2026-01-07T23:26:59.905023+00:00;humidity;86.50
4854;DHT22;3628;6.559;3.386;2026-01-07T23:26:59.905023+00:00;temperature;30.80
4853;pms5003;3628;6.559;3.386;2026-01-07T23:33:49.252062+00:00;P2;38.60
4853;pms5003;3628;6.559;3.386;2026-01-07T23:33:49.252062+00:00;P1;48.20
4853;pms5003;3628;6.559;3.386;2026-01-07T23:33:49.252062+00:00;P0;25.60
4853;pms5003;3628;6.559;3.386;2026-01-07T23:37:41.307174+00:00;P2;36.00
4853;pms5003;3628;6.559;3.386;2026-01-07T23:37:41.307174+00:00;P1;49.75
4853;pms5003;3628;6.559;3.386;2026-01-07T23:37:41.307174+00:00;P0;23.50
4854;DHT22;3628;6.559;3.386;2026-01-07T23:37:58.782534+00:00;humidity;86.10
4854;DHT22;3628;6.559;3.386;2026-01-07T23:37:58.782534+00:00;temperature;30.90
4853;pms5003;3628;6.559;3.386;2026-01-07T23:43:15.951250+00:00;P2;39.20
4853;pms5003;3628;6.559;3.386;2026-01-07T23:43:15.951250+00:00;P1;51.60
4853;pms5003;3628;6.559;3.386;2026-01-07T23:43:15.951250+00:00;P0;26.20
4854;DHT22;3628;6.559;3.386;2026-01-07T23:43:33.270216+00:00;humidity;86.80
4854;DHT22;3628;6.559;3.386;2026-01-07T23:43:33.270216+00:00;temperature;30.80
4853;pms5003;3628;6.559;3.386;2026-01-07T23:54:14.677140+00:00;P2;38.25
4853;pms5003;3628;6.559;3.386;2026-01-07T23:54:14.677140+00:00;P1;46.25
4853;pms5003;3628;6.559;3.386;2026-01-07T23:54:14.677140+00:00;P0;26.00
4854;DHT22;3628;6.559;3.386;2026-01-07T23:54:32.041891+00:00;humidity;86.60
4854;DHT22;3628;6.559;3.386;2026-01-07T23:54:32.041891+00:00;temperature;30.80
4853;pms5003;3628;6.559;3.386;2026-01-07T23:59:49.214021+00:00;P2;40.00
4853;pms5003;3628;6.559;3.386;2026-01-07T23:59:49.214021+00:00;P1;54.40
4853;pms5003;3628;6.559;3.386;2026-01-07T23:59:49.214021+00:00;P0;26.00
4853;pms5003;3628;6.559;3.386;2026-01-08T00:06:20.102184+00:00;P2;40.60
4853;pms5003;3628;6.559;3.386;2026-01-08T00:06:20.102184+00:00;P1;54.20
4853;pms5003;3628;6.559;3.386;2026-01-08T00:06:20.102184+00:00;P0;27.00
4854;DHT22;3628;6.559;3.386;2026-01-08T00:10:44.677528+00:00;humidity;87.00
4854;DHT22;3628;6.559;3.386;2026-01-08T00:10:44.677528+00:00;temperature;30.70
4853;pms5003;3628;6.559;3.386;2026-01-08T00:16:02.116520+00:00;P2;41.00
4853;pms5003;3628;6.559;3.386;2026-01-08T00:16:02.116520+00:00;P1;50.50
4853;pms5003;3628;6.559;3.386;2026-01-08T00:16:02.116520+00:00;P0;26.00
4854;DHT22;3628;6.559;3.386;2026-01-08T00:16:19.391121+00:00;humidity;86.90
4854;DHT22;3628;6.559;3.386;2026-01-08T00:16:19.391121+00:00;temperature;30.80
4853;pms5003;3628;6.559;3.386;2026-01-08T00:21:36.597247+00:00;P2;37.75
4853;pms5003;3628;6.559;3.386;2026-01-08T00:21:36.597247+00:00;P1;48.25
4853;pms5003;3628;6.559;3.386;2026-01-08T00:21:36.597247+00:00;P0;24.50
4854;DHT22;3628;6.559;3.386;2026-01-08T00:21:54.070554+00:00;humidity;87.10
4854;DHT22;3628;6.559;3.386;2026-01-08T00:21:54.070554+00:00;temperature;30.70
4854;DHT22;3628;6.559;3.386;2026-01-08T00:27:28.528691+00:00;humidity;87.70
4854;DHT22;3628;6.559;3.386;2026-01-08T00:27:28.528691+00:00;temperature;30.60
4853;pms5003;3628;6.559;3.386;2026-01-08T00:32:45.723390+00:00;P2;36.75
4853;pms5003;3628;6.559;3.386;2026-01-08T00:32:45.723390+00:00;P1;46.25
4853;pms5003;3628;6.559;3.386;2026-01-08T00:32:45.723390+00:00;P0;23.75
4854;DHT22;3628;6.559;3.386;2026-01-08T00:38:16.465226+00:00;humidity;88.00
4854;DHT22;3628;6.559;3.386;2026-01-08T00:38:16.465226+00:00;temperature;30.60
4853;pms5003;3628;6.559;3.386;2026-01-08T00:43:33.752282+00:00;P2;45.00
4853;pms5003;3628;6.559;3.386;2026-01-08T00:43:33.752282+00:00;P1;57.00
4853;pms5003;3628;6.559;3.386;2026-01-08T00:43:33.752282+00:00;P0;28.00
4854;DHT22;3628;6.559;3.386;2026-01-08T00:43:51.074698+00:00;humidity;88.10
4854;DHT22;3628;6.559;3.386;2026-01-08T00:43:51.074698+00:00;temperature;30.60
4853;pms5003;3628;6.559;3.386;2026-01-08T00:49:08.418354+00:00;P2;48.00
4853;pms5003;3628;6.559;3.386;2026-01-08T00:49:08.418354+00:00;P1;63.50
4853;pms5003;3628;6.559;3.386;2026-01-08T00:49:08.418354+00:00;P0;32.50
4853;pms5003;3628;6.559;3.386;2026-01-08T00:58:42.463158+00:00;P2;51.00
4853;pms5003;3628;6.559;3.386;2026-01-08T00:58:42.463158+00:00;P1;68.25
4853;pms5003;3628;6.559;3.386;2026-01-08T00:58:42.463158+00:00;P0;35.00
4853;pms5003;3628;6.559;3.386;2026-01-08T05:59:44.177182+00:00;P2;50.50
4853;pms5003;3628;6.559;3.386;2026-01-08T05:59:44.177182+00:00;P1;69.00
4853;pms5003;3628;6.559;3.386;2026-01-08T05:59:44.177182+00:00;P0;33.00
4854;DHT22;3628;6.559;3.386;2026-01-08T06:00:01.531749+00:00;humidity;97.60
4854;DHT22;3628;6.559;3.386;2026-01-08T06:00:01.531749+00:00;temperature;28.90
4854;DHT22;3628;6.559;3.386;2026-01-08T06:05:25.421876+00:00;humidity;92.20
4854;DHT22;3628;6.559;3.386;2026-01-08T06:05:25.421876+00:00;temperature;30.00
4854;DHT22;3628;6.559;3.386;2026-01-08T10:12:36.811513+00:00;P2;42.00
4854;DHT22;3628;6.559;3.386;2026-01-08T10:12:36.811513+00:00;P1;54.00
4854;DHT22;3628;6.559;3.386;2026-01-08T10:12:36.811513+00:00;P0;28.00
4854;DHT22;3628;6.559;3.386;2026-01-08T10:12:54.186212+00:00;humidity;64.30
4854;DHT22;3628;6.559;3.386;2026-01-08T10:12:54.186212+00:00;temperature;38.70
4854;DHT22;3628;6.559;3.386;2026-01-08T12:10:27.717890+00:00;humidity;60.10
4854;DHT22;3628;6.559;3.386;2026-01-08T12:10:27.717890+00:00;temperature;38.40
4854;DHT22;3628;6.559;3.386;2026-01-08T12:18:03.556647+00:00;humidity;62.00
4854;DHT22;3628;6.559;3.386;2026-01-08T12:18:03.556647+00:00;temperature;37.50
4853;pms5003;3628;6.559;3.386;2026-01-08T12:54:36.176715+00:00;P2;37.00
4853;pms5003;3628;6.559;3.386;2026-01-08T12:54:36.176715+00:00;P1;42.40
4853;pms5003;3628;6.559;3.386;2026-01-08T12:54:36.176715+00:00;P0;25.40
4854;DHT22;3628;6.559;3.386;2026-01-08T12:54:53.579045+00:00;humidity;63.20
4854;DHT22;3628;6.559;3.386;2026-01-08T12:54:53.579045+00:00;temperature;37.00
4854;DHT22;3628;6.559;3.386;2026-01-08T13:15:57.032495+00:00;humidity;63.70
4854;DHT22;3628;6.559;3.386;2026-01-08T13:15:57.032495+00:00;temperature;36.50
4854;DHT22;3628;6.559;3.386;2026-01-08T13:21:21.234030+00:00;humidity;63.60
4854;DHT22;3628;6.559;3.386;2026-01-08T13:21:21.234030+00:00;temperature;36.60
4853;pms5003;3628;6.559;3.386;2026-01-08T13:26:38.421736+00:00;P2;37.60
4853;pms5003;3628;6.559;3.386;2026-01-08T13:26:38.421736+00:00;P1;50.80
4853;pms5003;3628;6.559;3.386;2026-01-08T13:26:38.421736+00:00;P0;24.40
4854;DHT22;3628;6.559;3.386;2026-01-08T13:26:55.873545+00:00;humidity;61.90
4854;DHT22;3628;6.559;3.386;2026-01-08T13:26:55.873545+00:00;temperature;37.50
4853;pms5003;3628;6.559;3.386;2026-01-08T13:32:13.238390+00:00;P2;35.00
4853;pms5003;3628;6.559;3.386;2026-01-08T13:32:13.238390+00:00;P1;45.00
4853;pms5003;3628;6.559;3.386;2026-01-08T13:32:13.238390+00:00;P0;23.50
4854;DHT22;3628;6.559;3.386;2026-01-08T13:32:30.606891+00:00;humidity;60.00
4854;DHT22;3628;6.559;3.386;2026-01-08T13:32:30.606891+00:00;temperature;38.70
4853;pms5003;3628;6.559;3.386;2026-01-08T13:37:47.808315+00:00;P2;34.00
4853;pms5003;3628;6.559;3.386;2026-01-08T13:37:47.808315+00:00;P1;40.75
4853;pms5003;3628;6.559;3.386;2026-01-08T13:37:47.808315+00:00;P0;24.00
4854;DHT22;3628;6.559;3.386;2026-01-08T13:38:05.165889+00:00;humidity;58.30
4854;DHT22;3628;6.559;3.386;2026-01-08T13:38:05.165889+00:00;temperature;39.60
4853;pms5003;3628;6.559;3.386;2026-01-08T13:43:22.400786+00:00;P2;34.75
4853;pms5003;3628;6.559;3.386;2026-01-08T13:43:22.400786+00:00;P1;47.25
4853;pms5003;3628;6.559;3.386;2026-01-08T13:43:22.400786+00:00;P0;23.75
4854;DHT22;3628;6.559;3.386;2026-01-08T13:43:39.730422+00:00;humidity;57.20
4854;DHT22;3628;6.559;3.386;2026-01-08T13:43:39.730422+00:00;temperature;39.90
4853;pms5003;3628;6.559;3.386;2026-01-08T13:59:05.763834+00:00;P2;34.40
4853;pms5003;3628;6.559;3.386;2026-01-08T13:59:05.763834+00:00;P1;41.00
4853;pms5003;3628;6.559;3.386;2026-01-08T13:59:05.763834+00:00;P0;24.00
4854;DHT22;3628;6.559;3.386;2026-01-08T13:59:23.145974+00:00;humidity;59.00
4854;DHT22;3628;6.559;3.386;2026-01-08T13:59:23.145974+00:00;temperature;38.80
4854;DHT22;3628;6.559;3.386;2026-01-08T14:19:25.408691+00:00;humidity;62.30
4854;DHT22;3628;6.559;3.386;2026-01-08T14:19:25.408691+00:00;temperature;37.60
4853;pms5003;3628;6.559;3.386;2026-01-08T14:53:51.237333+00:00;P2;32.00
4853;pms5003;3628;6.559;3.386;2026-01-08T14:53:51.237333+00:00;P1;42.00
4853;pms5003;3628;6.559;3.386;2026-01-08T14:53:51.237333+00:00;P0;23.50
4854;DHT22;3628;6.559;3.386;2026-01-08T14:54:11.439859+00:00;humidity;62.40
4854;DHT22;3628;6.559;3.386;2026-01-08T14:54:11.439859+00:00;temperature;37.60
4853;pms5003;3628;6.559;3.386;2026-01-08T15:04:55.462424+00:00;P2;38.00
4853;pms5003;3628;6.559;3.386;2026-01-08T15:04:55.462424+00:00;P1;52.25
4853;pms5003;3628;6.559;3.386;2026-01-08T15:04:55.462424+00:00;P0;26.00
4854;DHT22;3628;6.559;3.386;2026-01-08T15:05:12.821244+00:00;humidity;62.40
4854;DHT22;3628;6.559;3.386;2026-01-08T15:05:12.821244+00:00;temperature;37.90
4853;pms5003;3628;6.559;3.386;2026-01-08T15:10:30.014286+00:00;P2;33.00
4853;pms5003;3628;6.559;3.386;2026-01-08T15:10:30.014286+00:00;P1;40.25
4853;pms5003;3628;6.559;3.386;2026-01-08T15:10:30.014286+00:00;P0;22.50
4854;DHT22;3628;6.559;3.386;2026-01-08T15:21:27.554998+00:00;humidity;62.50
4854;DHT22;3628;6.559;3.386;2026-01-08T15:21:27.554998+00:00;temperature;37.80
4854;DHT22;3628;6.559;3.386;2026-01-08T15:36:03.291269+00:00;humidity;63.90
4854;DHT22;3628;6.559;3.386;2026-01-08T15:36:03.291269+00:00;temperature;37.20
4854;DHT22;3628;6.559;3.386;2026-01-08T16:09:57.611915+00:00;humidity;66.80
4854;DHT22;3628;6.559;3.386;2026-01-08T16:09:57.611915+00:00;temperature;35.90
4853;pms5003;3628;6.559;3.386;2026-01-08T17:06:40.096289+00:00;P2;33.25
4853;pms5003;3628;6.559;3.386;2026-01-08T17:06:40.096289+00:00;P1;45.00
4853;pms5003;3628;6.559;3.386;2026-01-08T17:06:40.096289+00:00;P0;23.25
4854;DHT22;3628;6.559;3.386;2026-01-08T17:06:57.542206+00:00;humidity;73.20
4854;DHT22;3628;6.559;3.386;2026-01-08T17:06:57.542206+00:00;temperature;33.90
4853;pms5003;3628;6.559;3.386;2026-01-08T17:17:38.765709+00:00;P2;37.00
4853;pms5003;3628;6.559;3.386;2026-01-08T17:17:38.765709+00:00;P1;49.75
4853;pms5003;3628;6.559;3.386;2026-01-08T17:17:38.765709+00:00;P0;25.75
4854;DHT22;3628;6.559;3.386;2026-01-08T17:17:56.128255+00:00;humidity;74.40
4854;DHT22;3628;6.559;3.386;2026-01-08T17:17:56.128255+00:00;temperature;33.40
4853;pms5003;3628;6.559;3.386;2026-01-08T17:28:47.919357+00:00;P2;32.25
4853;pms5003;3628;6.559;3.386;2026-01-08T17:28:47.919357+00:00;P1;46.50
4853;pms5003;3628;6.559;3.386;2026-01-08T17:28:47.919357+00:00;P0;22.00
4853;pms5003;3628;6.559;3.386;2026-01-08T17:34:11.960779+00:00;P2;33.50
4853;pms5003;3628;6.559;3.386;2026-01-08T17:34:11.960779+00:00;P1;42.00
4853;pms5003;3628;6.559;3.386;2026-01-08T17:34:11.960779+00:00;P0;24.00
4853;pms5003;3628;6.559;3.386;2026-01-08T17:39:35.829670+00:00;P2;35.00
4853;pms5003;3628;6.559;3.386;2026-01-08T17:39:35.829670+00:00;P1;47.50
4853;pms5003;3628;6.559;3.386;2026-01-08T17:39:35.829670+00:00;P0;25.00
4853;pms5003;3628;6.559;3.386;2026-01-08T17:50:23.460102+00:00;P2;33.75
4853;pms5003;3628;6.559;3.386;2026-01-08T17:50:23.460102+00:00;P1;49.25
4853;pms5003;3628;6.559;3.386;2026-01-08T17:50:23.460102+00:00;P0;22.00
4853;pms5003;3628;6.559;3.386;2026-01-08T18:27:11.055679+00:00;P2;37.00
4853;pms5003;3628;6.559;3.386;2026-01-08T18:27:11.055679+00:00;P1;43.50
4853;pms5003;3628;6.559;3.386;2026-01-08T18:27:11.055679+00:00;P0;24.00
4854;DHT22;3628;6.559;3.386;2026-01-08T18:27:28.381974+00:00;humidity;78.50
4854;DHT22;3628;6.559;3.386;2026-01-08T18:27:28.381974+00:00;temperature;32.20
4853;pms5003;3628;6.559;3.386;2026-01-08T18:32:48.464201+00:00;P2;36.60
4853;pms5003;3628;6.559;3.386;2026-01-08T18:32:48.464201+00:00;P1;51.00
4853;pms5003;3628;6.559;3.386;2026-01-08T18:32:48.464201+00:00;P0;24.00
4853;pms5003;3628;6.559;3.386;2026-01-08T18:43:46.827466+00:00;P2;39.00
4853;pms5003;3628;6.559;3.386;2026-01-08T18:43:46.827466+00:00;P1;50.25
4853;pms5003;3628;6.559;3.386;2026-01-08T18:43:46.827466+00:00;P0;26.00
4854;DHT22;3628;6.559;3.386;2026-01-08T18:44:04.158056+00:00;humidity;79.70
4854;DHT22;3628;6.559;3.386;2026-01-08T18:44:04.158056+00:00;temperature;32.00
4853;pms5003;3628;6.559;3.386;2026-01-08T18:49:21.333438+00:00;P2;38.50
4853;pms5003;3628;6.559;3.386;2026-01-08T18:49:21.333438+00:00;P1;46.75
4853;pms5003;3628;6.559;3.386;2026-01-08T18:49:21.333438+00:00;P0;25.50
4854;DHT22;3628;6.559;3.386;2026-01-08T18:49:38.670436+00:00;humidity;80.40
4854;DHT22;3628;6.559;3.386;2026-01-08T18:49:38.670436+00:00;temperature;31.90
4854;DHT22;3628;6.559;3.386;2026-01-08T18:55:03.042437+00:00;humidity;80.40
4854;DHT22;3628;6.559;3.386;2026-01-08T18:55:03.042437+00:00;temperature;31.90
4853;pms5003;3628;6.559;3.386;2026-01-08T19:05:43.967319+00:00;P2;33.75
4853;pms5003;3628;6.559;3.386;2026-01-08T19:05:43.967319+00:00;P1;47.00
4853;pms5003;3628;6.559;3.386;2026-01-08T19:05:43.967319+00:00;P0;24.00
4854;DHT22;3628;6.559;3.386;2026-01-08T19:16:38.872919+00:00;humidity;81.50
4854;DHT22;3628;6.559;3.386;2026-01-08T19:16:38.872919+00:00;temperature;31.70
4854;DHT22;3628;6.559;3.386;2026-01-08T19:22:02.737255+00:00;humidity;81.60
4854;DHT22;3628;6.559;3.386;2026-01-08T19:22:02.737255+00:00;temperature;31.80
4854;DHT22;3628;6.559;3.386;2026-01-08T19:33:04.117802+00:00;humidity;81.80
4854;DHT22;3628;6.559;3.386;2026-01-08T19:33:04.117802+00:00;temperature;31.70
4854;DHT22;3628;6.559;3.386;2026-01-09T06:08:58.775285+00:00;humidity;100.00
4854;DHT22;3628;6.559;3.386;2026-01-09T06:08:58.775285+00:00;temperature;24.20
4853;pms5003;3628;6.559;3.386;2026-01-09T11:08:20.887469+00:00;P2;43.50
4853;pms5003;3628;6.559;3.386;2026-01-09T11:08:20.887469+00:00;P1;55.00
4853;pms5003;3628;6.559;3.386;2026-01-09T11:08:20.887469+00:00;P0;28.00
4854;DHT22;3628;6.559;3.386;2026-01-09T11:08:38.261673+00:00;humidity;63.30
4854;DHT22;3628;6.559;3.386;2026-01-09T11:08:38.261673+00:00;temperature;35.90
4854;DHT22;3628;6.559;3.386;2026-01-09T11:14:02.164646+00:00;humidity;64.10
4854;DHT22;3628;6.559;3.386;2026-01-09T11:14:02.164646+00:00;temperature;36.20
4853;pms5003;3628;6.559;3.386;2026-01-09T11:19:19.346286+00:00;P2;44.00
4853;pms5003;3628;6.559;3.386;2026-01-09T11:19:19.346286+00:00;P1;55.40
4853;pms5003;3628;6.559;3.386;2026-01-09T11:19:19.346286+00:00;P0;29.00
4854;DHT22;3628;6.559;3.386;2026-01-09T11:19:36.730944+00:00;humidity;64.10
4854;DHT22;3628;6.559;3.386;2026-01-09T11:19:36.730944+00:00;temperature;36.10
4853;pms5003;3628;6.559;3.386;2026-01-09T11:25:30.699976+00:00;P2;35.00
4853;pms5003;3628;6.559;3.386;2026-01-09T11:25:30.699976+00:00;P1;45.50
4853;pms5003;3628;6.559;3.386;2026-01-09T11:25:30.699976+00:00;P0;24.00
4853;pms5003;3628;6.559;3.386;2026-01-09T11:30:18.107101+00:00;P2;41.50
4853;pms5003;3628;6.559;3.386;2026-01-09T11:30:18.107101+00:00;P1;54.00
4853;pms5003;3628;6.559;3.386;2026-01-09T11:30:18.107101+00:00;P0;28.00
4854;DHT22;3628;6.559;3.386;2026-01-09T11:30:35.667482+00:00;humidity;63.80
4854;DHT22;3628;6.559;3.386;2026-01-09T11:30:35.667482+00:00;temperature;36.30
4854;DHT22;3628;6.559;3.386;2026-01-09T11:41:13.802943+00:00;humidity;64.30
4854;DHT22;3628;6.559;3.386;2026-01-09T11:41:13.802943+00:00;temperature;36.70
4854;DHT22;3628;6.559;3.386;2026-01-09T11:46:37.516804+00:00;humidity;64.10
4854;DHT22;3628;6.559;3.386;2026-01-09T11:46:37.516804+00:00;temperature;36.50
4853;pms5003;3628;6.559;3.386;2026-01-09T11:51:54.684716+00:00;P2;40.25
4853;pms5003;3628;6.559;3.386;2026-01-09T11:51:54.684716+00:00;P1;51.75
4853;pms5003;3628;6.559;3.386;2026-01-09T11:51:54.684716+00:00;P0;28.00
4853;pms5003;3628;6.559;3.386;2026-01-09T11:57:18.746527+00:00;P2;40.00
4853;pms5003;3628;6.559;3.386;2026-01-09T11:57:18.746527+00:00;P1;52.25
4853;pms5003;3628;6.559;3.386;2026-01-09T11:57:18.746527+00:00;P0;27.00
4854;DHT22;3628;6.559;3.386;2026-01-09T11:57:36.087367+00:00;humidity;64.70
4854;DHT22;3628;6.559;3.386;2026-01-09T11:57:36.087367+00:00;temperature;36.50
4853;pms5003;3628;6.559;3.386;2026-01-09T12:02:53.251877+00:00;P2;36.40
4853;pms5003;3628;6.559;3.386;2026-01-09T12:02:53.251877+00:00;P1;48.20
4853;pms5003;3628;6.559;3.386;2026-01-09T12:02:53.251877+00:00;P0;25.80
4854;DHT22;3628;6.559;3.386;2026-01-09T12:03:10.582802+00:00;humidity;64.60
4854;DHT22;3628;6.559;3.386;2026-01-09T12:03:10.582802+00:00;temperature;36.20
4853;pms5003;3628;6.559;3.386;2026-01-09T12:08:30.681621+00:00;P2;41.00
4853;pms5003;3628;6.559;3.386;2026-01-09T12:08:30.681621+00:00;P1;55.60
4853;pms5003;3628;6.559;3.386;2026-01-09T12:08:30.681621+00:00;P0;28.00
4854;DHT22;3628;6.559;3.386;2026-01-09T12:08:48.113190+00:00;humidity;63.10
4854;DHT22;3628;6.559;3.386;2026-01-09T12:08:48.113190+00:00;temperature;36.90
4854;DHT22;3628;6.559;3.386;2026-01-09T12:14:22.206850+00:00;humidity;64.00
4854;DHT22;3628;6.559;3.386;2026-01-09T12:14:22.206850+00:00;temperature;36.40
4854;DHT22;3628;6.559;3.386;2026-01-09T12:25:09.820249+00:00;humidity;65.30
4854;DHT22;3628;6.559;3.386;2026-01-09T12:25:09.820249+00:00;temperature;36.00
4853;pms5003;3628;6.559;3.386;2026-01-09T12:30:26.992741+00:00;P2;41.75
4853;pms5003;3628;6.559;3.386;2026-01-09T12:30:26.992741+00:00;P1;49.00
4853;pms5003;3628;6.559;3.386;2026-01-09T12:30:26.992741+00:00;P0;28.00
4854;DHT22;3628;6.559;3.386;2026-01-09T12:30:44.327937+00:00;humidity;66.30
4854;DHT22;3628;6.559;3.386;2026-01-09T12:30:44.327937+00:00;temperature;35.60
4853;pms5003;3628;6.559;3.386;2026-01-09T12:36:01.485879+00:00;P2;36.50
4853;pms5003;3628;6.559;3.386;2026-01-09T12:36:01.485879+00:00;P1;41.50
4853;pms5003;3628;6.559;3.386;2026-01-09T12:36:01.485879+00:00;P0;24.00
4854;DHT22;3628;6.559;3.386;2026-01-09T12:36:18.820945+00:00;humidity;65.00
4854;DHT22;3628;6.559;3.386;2026-01-09T12:36:18.820945+00:00;temperature;36.20
4853;pms5003;3628;6.559;3.386;2026-01-09T12:41:36.019939+00:00;P2;35.00
4853;pms5003;3628;6.559;3.386;2026-01-09T12:41:36.019939+00:00;P1;42.60
4853;pms5003;3628;6.559;3.386;2026-01-09T12:41:36.019939+00:00;P0;24.60
4853;pms5003;3628;6.559;3.386;2026-01-09T12:46:59.928390+00:00;P2;38.00
4853;pms5003;3628;6.559;3.386;2026-01-09T12:46:59.928390+00:00;P1;47.00
4853;pms5003;3628;6.559;3.386;2026-01-09T12:46:59.928390+00:00;P0;26.00
4854;DHT22;3628;6.559;3.386;2026-01-09T12:47:17.371426+00:00;humidity;64.50
4854;DHT22;3628;6.559;3.386;2026-01-09T12:47:17.371426+00:00;temperature;36.20
4853;pms5003;3628;6.559;3.386;2026-01-09T12:52:53.156477+00:00;P2;36.20
4853;pms5003;3628;6.559;3.386;2026-01-09T12:52:53.156477+00:00;P1;42.80
4853;pms5003;3628;6.559;3.386;2026-01-09T12:52:53.156477+00:00;P0;24.20
4854;DHT22;3628;6.559;3.386;2026-01-09T13:03:30.227705+00:00;humidity;63.20
4854;DHT22;3628;6.559;3.386;2026-01-09T13:03:30.227705+00:00;temperature;36.70
4853;pms5003;3628;6.559;3.386;2026-01-09T13:08:47.482348+00:00;P2;47.00
4853;pms5003;3628;6.559;3.386;2026-01-09T13:08:47.482348+00:00;P1;62.40
4853;pms5003;3628;6.559;3.386;2026-01-09T13:08:47.482348+00:00;P0;31.00
4853;pms5003;3628;6.559;3.386;2026-01-09T13:14:22.022663+00:00;P2;51.00
4853;pms5003;3628;6.559;3.386;2026-01-09T13:14:22.022663+00:00;P1;67.50
4853;pms5003;3628;6.559;3.386;2026-01-09T13:14:22.022663+00:00;P0;34.00
4854;DHT22;3628;6.559;3.386;2026-01-09T13:14:39.373289+00:00;humidity;60.60
4854;DHT22;3628;6.559;3.386;2026-01-09T13:14:39.373289+00:00;temperature;37.60
4854;DHT22;3628;6.559;3.386;2026-01-09T13:20:03.288476+00:00;humidity;61.60
4854;DHT22;3628;6.559;3.386;2026-01-09T13:20:03.288476+00:00;temperature;36.90
4853;pms5003;3628;6.559;3.386;2026-01-09T13:25:20.424961+00:00;P2;49.00
4853;pms5003;3628;6.559;3.386;2026-01-09T13:25:20.424961+00:00;P1;66.75
4853;pms5003;3628;6.559;3.386;2026-01-09T13:25:20.424961+00:00;P0;32.00
4854;DHT22;3628;6.559;3.386;2026-01-09T13:25:37.881771+00:00;humidity;63.20
4854;DHT22;3628;6.559;3.386;2026-01-09T13:25:37.881771+00:00;temperature;36.30
4853;pms5003;3628;6.559;3.386;2026-01-09T13:30:55.063881+00:00;P2;48.50
4853;pms5003;3628;6.559;3.386;2026-01-09T13:30:55.063881+00:00;P1;64.50
4853;pms5003;3628;6.559;3.386;2026-01-09T13:30:55.063881+00:00;P0;33.00
4854;DHT22;3628;6.559;3.386;2026-01-09T13:36:49.839466+00:00;humidity;64.50
4854;DHT22;3628;6.559;3.386;2026-01-09T13:36:49.839466+00:00;temperature;35.90
4853;pms5003;3628;6.559;3.386;2026-01-09T13:42:07.019202+00:00;P2;48.00
4853;pms5003;3628;6.559;3.386;2026-01-09T13:42:07.019202+00:00;P1;57.50
4853;pms5003;3628;6.559;3.386;2026-01-09T13:42:07.019202+00:00;P0;32.50
4854;DHT22;3628;6.559;3.386;2026-01-09T13:42:24.386944+00:00;humidity;65.80
4854;DHT22;3628;6.559;3.386;2026-01-09T13:42:24.386944+00:00;temperature;36.00
4853;pms5003;3628;6.559;3.386;2026-01-09T13:47:41.604156+00:00;P2;47.75
4853;pms5003;3628;6.559;3.386;2026-01-09T13:47:41.604156+00:00;P1;62.75
4853;pms5003;3628;6.559;3.386;2026-01-09T13:47:41.604156+00:00;P0;31.25
4854;DHT22;3628;6.559;3.386;2026-01-09T13:47:59.005798+00:00;humidity;64.50
4854;DHT22;3628;6.559;3.386;2026-01-09T13:47:59.005798+00:00;temperature;36.50
4853;pms5003;3628;6.559;3.386;2026-01-09T13:53:16.337523+00:00;P2;48.60
4853;pms5003;3628;6.559;3.386;2026-01-09T13:53:16.337523+00:00;P1;64.40
4853;pms5003;3628;6.559;3.386;2026-01-09T13:53:16.337523+00:00;P0;32.00
4854;DHT22;3628;6.559;3.386;2026-01-09T13:53:33.665376+00:00;humidity;63.80
4854;DHT22;3628;6.559;3.386;2026-01-09T13:53:33.665376+00:00;temperature;36.90
4853;pms5003;3628;6.559;3.386;2026-01-09T13:58:50.840363+00:00;P2;48.60
4853;pms5003;3628;6.559;3.386;2026-01-09T13:58:50.840363+00:00;P1;63.20
4853;pms5003;3628;6.559;3.386;2026-01-09T13:58:50.840363+00:00;P0;33.00
4854;DHT22;3628;6.559;3.386;2026-01-09T14:09:55.932401+00:00;humidity;62.30
4854;DHT22;3628;6.559;3.386;2026-01-09T14:09:55.932401+00:00;temperature;37.40
4854;DHT22;3628;6.559;3.386;2026-01-09T14:20:34.347751+00:00;humidity;64.40
4854;DHT22;3628;6.559;3.386;2026-01-09T14:20:34.347751+00:00;temperature;36.70
4853;pms5003;3628;6.559;3.386;2026-01-09T14:36:39.628606+00:00;P2;45.50
4853;pms5003;3628;6.559;3.386;2026-01-09T14:36:39.628606+00:00;P1;60.00
4853;pms5003;3628;6.559;3.386;2026-01-09T14:36:39.628606+00:00;P0;30.00
4854;DHT22;3628;6.559;3.386;2026-01-09T14:36:56.991039+00:00;humidity;66.10
4854;DHT22;3628;6.559;3.386;2026-01-09T14:36:56.991039+00:00;temperature;35.20
4853;pms5003;3628;6.559;3.386;2026-01-09T14:42:14.348538+00:00;P2;45.00
4853;pms5003;3628;6.559;3.386;2026-01-09T14:42:14.348538+00:00;P1;59.75
4853;pms5003;3628;6.559;3.386;2026-01-09T14:42:14.348538+00:00;P0;30.50
4854;DHT22;3628;6.559;3.386;2026-01-09T14:42:31.618993+00:00;humidity;66.90
4854;DHT22;3628;6.559;3.386;2026-01-09T14:42:31.618993+00:00;temperature;34.70
4853;pms5003;3628;6.559;3.386;2026-01-09T14:47:48.817348+00:00;P2;42.50
4853;pms5003;3628;6.559;3.386;2026-01-09T14:47:48.817348+00:00;P1;56.00
4853;pms5003;3628;6.559;3.386;2026-01-09T14:47:48.817348+00:00;P0;27.75
4854;DHT22;3628;6.559;3.386;2026-01-09T14:48:06.144283+00:00;humidity;65.80
4854;DHT22;3628;6.559;3.386;2026-01-09T14:48:06.144283+00:00;temperature;35.30
4854;DHT22;3628;6.559;3.386;2026-01-09T14:53:40.650623+00:00;humidity;62.10
4854;DHT22;3628;6.559;3.386;2026-01-09T14:53:40.650623+00:00;temperature;36.10
4853;pms5003;3628;6.559;3.386;2026-01-09T14:58:57.980789+00:00;P2;45.60
4853;pms5003;3628;6.559;3.386;2026-01-09T14:58:57.980789+00:00;P1;62.60
4853;pms5003;3628;6.559;3.386;2026-01-09T14:58:57.980789+00:00;P0;30.20
4854;DHT22;3628;6.559;3.386;2026-01-09T14:59:15.311171+00:00;humidity;60.50
4854;DHT22;3628;6.559;3.386;2026-01-09T14:59:15.311171+00:00;temperature;36.70
4853;pms5003;3628;6.559;3.386;2026-01-09T15:04:32.502631+00:00;P2;43.40
4853;pms5003;3628;6.559;3.386;2026-01-09T15:04:32.502631+00:00;P1;59.20
4853;pms5003;3628;6.559;3.386;2026-01-09T15:04:32.502631+00:00;P0;28.40
4853;pms5003;3628;6.559;3.386;2026-01-09T15:09:56.375302+00:00;P2;42.00
4853;pms5003;3628;6.559;3.386;2026-01-09T15:09:56.375302+00:00;P1;55.75
4853;pms5003;3628;6.559;3.386;2026-01-09T15:09:56.375302+00:00;P0;28.00
4854;DHT22;3628;6.559;3.386;2026-01-09T15:10:13.738917+00:00;humidity;61.50
4854;DHT22;3628;6.559;3.386;2026-01-09T15:10:13.738917+00:00;temperature;36.80
4853;pms5003;3628;6.559;3.386;2026-01-09T15:15:30.915863+00:00;P2;42.25
4853;pms5003;3628;6.559;3.386;2026-01-09T15:15:30.915863+00:00;P1;58.50
4853;pms5003;3628;6.559;3.386;2026-01-09T15:15:30.915863+00:00;P0;28.25
4853;pms5003;3628;6.559;3.386;2026-01-09T15:20:55.036972+00:00;P2;44.00
4853;pms5003;3628;6.559;3.386;2026-01-09T15:20:55.036972+00:00;P1;54.20
4853;pms5003;3628;6.559;3.386;2026-01-09T15:20:55.036972+00:00;P0;29.20
4854;DHT22;3628;6.559;3.386;2026-01-09T15:21:12.407086+00:00;humidity;60.40
4854;DHT22;3628;6.559;3.386;2026-01-09T15:21:12.407086+00:00;temperature;36.40
4853;pms5003;3628;6.559;3.386;2026-01-09T15:26:29.574196+00:00;P2;50.00
4853;pms5003;3628;6.559;3.386;2026-01-09T15:26:29.574196+00:00;P1;65.00
4853;pms5003;3628;6.559;3.386;2026-01-09T15:26:29.574196+00:00;P0;34.00
4853;pms5003;3628;6.559;3.386;2026-01-09T15:31:53.354910+00:00;P2;49.00
4853;pms5003;3628;6.559;3.386;2026-01-09T15:31:53.354910+00:00;P1;67.00
4853;pms5003;3628;6.559;3.386;2026-01-09T15:31:53.354910+00:00;P0;33.00
4854;DHT22;3628;6.559;3.386;2026-01-09T15:32:10.819382+00:00;humidity;65.00
4854;DHT22;3628;6.559;3.386;2026-01-09T15:32:10.819382+00:00;temperature;35.50
4853;pms5003;3628;6.559;3.386;2026-01-09T15:47:57.121312+00:00;P2;46.00
4853;pms5003;3628;6.559;3.386;2026-01-09T15:47:57.121312+00:00;P1;60.33
4853;pms5003;3628;6.559;3.386;2026-01-09T15:47:57.121312+00:00;P0;31.00
4854;DHT22;3628;6.559;3.386;2026-01-09T15:48:14.455415+00:00;humidity;68.30
4854;DHT22;3628;6.559;3.386;2026-01-09T15:48:14.455415+00:00;temperature;34.30
4853;pms5003;3628;6.559;3.386;2026-01-09T15:53:31.671781+00:00;P2;51.00
4853;pms5003;3628;6.559;3.386;2026-01-09T15:53:31.671781+00:00;P1;66.00
4853;pms5003;3628;6.559;3.386;2026-01-09T15:53:31.671781+00:00;P0;33.00
4854;DHT22;3628;6.559;3.386;2026-01-09T15:53:49.005464+00:00;humidity;68.70
4854;DHT22;3628;6.559;3.386;2026-01-09T15:53:49.005464+00:00;temperature;34.00
4853;pms5003;3628;6.559;3.386;2026-01-09T15:59:06.199177+00:00;P2;46.00
4853;pms5003;3628;6.559;3.386;2026-01-09T15:59:06.199177+00:00;P1;62.00
4853;pms5003;3628;6.559;3.386;2026-01-09T15:59:06.199177+00:00;P0;31.00
4854;DHT22;3628;6.559;3.386;2026-01-09T15:59:23.548416+00:00;humidity;69.50
4854;DHT22;3628;6.559;3.386;2026-01-09T15:59:23.548416+00:00;temperature;34.10
4853;pms5003;3628;6.559;3.386;2026-01-09T16:05:04.331576+00:00;P2;48.00
4853;pms5003;3628;6.559;3.386;2026-01-09T16:05:04.331576+00:00;P1;62.25
4853;pms5003;3628;6.559;3.386;2026-01-09T16:05:04.331576+00:00;P0;32.25
4853;pms5003;3628;6.559;3.386;2026-01-09T16:10:04.971598+00:00;P2;47.00
4853;pms5003;3628;6.559;3.386;2026-01-09T16:10:04.971598+00:00;P1;63.20
4853;pms5003;3628;6.559;3.386;2026-01-09T16:10:04.971598+00:00;P0;31.00
4854;DHT22;3628;6.559;3.386;2026-01-09T16:10:22.310724+00:00;humidity;68.70
4854;DHT22;3628;6.559;3.386;2026-01-09T16:10:22.310724+00:00;temperature;34.10
4853;pms5003;3628;6.559;3.386;2026-01-09T16:15:39.464085+00:00;P2;48.00
4853;pms5003;3628;6.559;3.386;2026-01-09T16:15:39.464085+00:00;P1;63.50
4853;pms5003;3628;6.559;3.386;2026-01-09T16:15:39.464085+00:00;P0;31.00
4854;DHT22;3628;6.559;3.386;2026-01-09T16:15:56.810140+00:00;humidity;68.80
4854;DHT22;3628;6.559;3.386;2026-01-09T16:15:56.810140+00:00;temperature;33.80
4854;DHT22;3628;6.559;3.386;2026-01-09T16:21:31.343282+00:00;humidity;69.70
4854;DHT22;3628;6.559;3.386;2026-01-09T16:21:31.343282+00:00;temperature;33.70
4853;pms5003;3628;6.559;3.386;2026-01-09T16:26:48.523992+00:00;P2;49.00
4853;pms5003;3628;6.559;3.386;2026-01-09T16:26:48.523992+00:00;P1;66.25
4853;pms5003;3628;6.559;3.386;2026-01-09T16:26:48.523992+00:00;P0;32.00
4854;DHT22;3628;6.559;3.386;2026-01-09T16:27:05.961352+00:00;humidity;71.20
4854;DHT22;3628;6.559;3.386;2026-01-09T16:27:05.961352+00:00;temperature;33.40
4853;pms5003;3628;6.559;3.386;2026-01-09T16:32:23.124582+00:00;P2;48.50
4853;pms5003;3628;6.559;3.386;2026-01-09T16:32:23.124582+00:00;P1;65.00
4853;pms5003;3628;6.559;3.386;2026-01-09T16:32:23.124582+00:00;P0;32.00
4853;pms5003;3628;6.559;3.386;2026-01-09T16:38:35.815816+00:00;P2;49.75
4853;pms5003;3628;6.559;3.386;2026-01-09T16:38:35.815816+00:00;P1;62.75
4853;pms5003;3628;6.559;3.386;2026-01-09T16:38:35.815816+00:00;P0;32.00
4853;pms5003;3628;6.559;3.386;2026-01-09T16:43:11.222285+00:00;P2;45.00
4853;pms5003;3628;6.559;3.386;2026-01-09T16:43:11.222285+00:00;P1;61.25
4853;pms5003;3628;6.559;3.386;2026-01-09T16:43:11.222285+00:00;P0;30.25
4854;DHT22;3628;6.559;3.386;2026-01-09T16:43:28.573879+00:00;humidity;72.70
4854;DHT22;3628;6.559;3.386;2026-01-09T16:43:28.573879+00:00;temperature;33.00
4854;DHT22;3628;6.559;3.386;2026-01-09T16:48:55.566578+00:00;humidity;72.80
4854;DHT22;3628;6.559;3.386;2026-01-09T16:48:55.566578+00:00;temperature;32.90
4853;pms5003;3628;6.559;3.386;2026-01-09T16:54:12.773686+00:00;P2;44.50
4853;pms5003;3628;6.559;3.386;2026-01-09T16:54:12.773686+00:00;P1;52.50
4853;pms5003;3628;6.559;3.386;2026-01-09T16:54:12.773686+00:00;P0;30.50
4853;pms5003;3628;6.559;3.386;2026-01-09T17:20:35.287421+00:00;P2;46.00
4853;pms5003;3628;6.559;3.386;2026-01-09T17:20:35.287421+00:00;P1;62.00
4853;pms5003;3628;6.559;3.386;2026-01-09T17:20:35.287421+00:00;P0;31.00
4854;DHT22;3628;6.559;3.386;2026-01-09T17:20:52.654557+00:00;humidity;74.10
4854;DHT22;3628;6.559;3.386;2026-01-09T17:20:52.654557+00:00;temperature;32.40
4853;pms5003;3628;6.559;3.386;2026-01-09T17:31:44.462119+00:00;P2;50.00
4853;pms5003;3628;6.559;3.386;2026-01-09T17:31:44.462119+00:00;P1;66.00
4853;pms5003;3628;6.559;3.386;2026-01-09T17:31:44.462119+00:00;P0;34.00
4854;DHT22;3628;6.559;3.386;2026-01-09T17:32:01.881294+00:00;humidity;74.90
4854;DHT22;3628;6.559;3.386;2026-01-09T17:32:01.881294+00:00;temperature;32.10
4854;DHT22;3628;6.559;3.386;2026-01-09T17:37:36.412547+00:00;humidity;75.00
4854;DHT22;3628;6.559;3.386;2026-01-09T17:37:36.412547+00:00;temperature;32.10
4853;pms5003;3628;6.559;3.386;2026-01-09T17:42:53.583750+00:00;P2;47.60
4853;pms5003;3628;6.559;3.386;2026-01-09T17:42:53.583750+00:00;P1;62.40
4853;pms5003;3628;6.559;3.386;2026-01-09T17:42:53.583750+00:00;P0;31.60
4853;pms5003;3628;6.559;3.386;2026-01-09T17:48:28.132817+00:00;P2;47.50
4853;pms5003;3628;6.559;3.386;2026-01-09T17:48:28.132817+00:00;P1;64.00
4853;pms5003;3628;6.559;3.386;2026-01-09T17:48:28.132817+00:00;P0;31.50
4854;DHT22;3628;6.559;3.386;2026-01-09T17:48:45.444265+00:00;humidity;75.90
4854;DHT22;3628;6.559;3.386;2026-01-09T17:48:45.444265+00:00;temperature;32.00
4853;pms5003;3628;6.559;3.386;2026-01-09T17:54:02.609077+00:00;P2;46.75
4853;pms5003;3628;6.559;3.386;2026-01-09T17:54:02.609077+00:00;P1;60.50
4853;pms5003;3628;6.559;3.386;2026-01-09T17:54:02.609077+00:00;P0;31.00
4854;DHT22;3628;6.559;3.386;2026-01-09T17:54:19.932707+00:00;humidity;75.80
4854;DHT22;3628;6.559;3.386;2026-01-09T17:54:19.932707+00:00;temperature;31.80
4853;pms5003;3628;6.559;3.386;2026-01-09T17:59:37.098443+00:00;P2;46.00
4853;pms5003;3628;6.559;3.386;2026-01-09T17:59:37.098443+00:00;P1;59.00
4853;pms5003;3628;6.559;3.386;2026-01-09T17:59:37.098443+00:00;P0;31.00
4854;DHT22;3628;6.559;3.386;2026-01-09T18:05:18.661994+00:00;humidity;76.90
4854;DHT22;3628;6.559;3.386;2026-01-09T18:05:18.661994+00:00;temperature;31.70
4853;pms5003;3628;6.559;3.386;2026-01-09T18:41:59.273546+00:00;P2;49.75
4853;pms5003;3628;6.559;3.386;2026-01-09T18:41:59.273546+00:00;P1;62.00
4853;pms5003;3628;6.559;3.386;2026-01-09T18:41:59.273546+00:00;P0;31.50
4854;DHT22;3628;6.559;3.386;2026-01-09T18:42:16.612486+00:00;humidity;79.90
4854;DHT22;3628;6.559;3.386;2026-01-09T18:42:16.612486+00:00;temperature;31.30
4854;DHT22;3628;6.559;3.386;2026-01-09T20:50:28.361425+00:00;humidity;84.70
4854;DHT22;3628;6.559;3.386;2026-01-09T20:50:28.361425+00:00;temperature;31.00
4854;DHT22;3628;6.559;3.386;2026-01-09T21:05:31.471694+00:00;humidity;85.60
4854;DHT22;3628;6.559;3.386;2026-01-09T21:05:31.471694+00:00;temperature;30.80
4854;DHT22;3628;6.559;3.386;2026-01-09T21:21:24.334716+00:00;humidity;85.70
4854;DHT22;3628;6.559;3.386;2026-01-09T21:21:24.334716+00:00;temperature;30.80
4853;pms5003;3628;6.559;3.386;2026-01-09T21:26:41.524770+00:00;P2;55.00
4853;pms5003;3628;6.559;3.386;2026-01-09T21:26:41.524770+00:00;P1;69.75
4853;pms5003;3628;6.559;3.386;2026-01-09T21:26:41.524770+00:00;P0;35.00
4854;DHT22;3628;6.559;3.386;2026-01-09T21:26:58.892089+00:00;humidity;86.20
4854;DHT22;3628;6.559;3.386;2026-01-09T21:26:58.892089+00:00;temperature;30.70
4854;DHT22;3628;6.559;3.386;2026-01-09T21:32:23.064463+00:00;humidity;86.10
4854;DHT22;3628;6.559;3.386;2026-01-09T21:32:23.064463+00:00;temperature;30.70
4854;DHT22;3628;6.559;3.386;2026-01-09T21:37:57.687200+00:00;humidity;86.20
4854;DHT22;3628;6.559;3.386;2026-01-09T21:37:57.687200+00:00;temperature;30.60
4853;pms5003;3628;6.559;3.386;2026-01-09T21:43:14.867692+00:00;P2;72.33
4853;pms5003;3628;6.559;3.386;2026-01-09T21:43:14.867692+00:00;P1;81.33
4853;pms5003;3628;6.559;3.386;2026-01-09T21:43:14.867692+00:00;P0;45.67
4854;DHT22;3628;6.559;3.386;2026-01-09T21:48:45.562641+00:00;humidity;86.20
4854;DHT22;3628;6.559;3.386;2026-01-09T21:48:45.562641+00:00;temperature;30.70
4853;pms5003;3628;6.559;3.386;2026-01-09T21:54:02.729971+00:00;P2;64.50
4853;pms5003;3628;6.559;3.386;2026-01-09T21:54:02.729971+00:00;P1;73.50
4853;pms5003;3628;6.559;3.386;2026-01-09T21:54:02.729971+00:00;P0;42.50
4854;DHT22;3628;6.559;3.386;2026-01-09T21:54:20.063054+00:00;humidity;86.00
4854;DHT22;3628;6.559;3.386;2026-01-09T21:54:20.063054+00:00;temperature;30.70
4853;pms5003;3628;6.559;3.386;2026-01-09T22:05:02.291854+00:00;P2;61.25
4853;pms5003;3628;6.559;3.386;2026-01-09T22:05:02.291854+00:00;P1;78.00
4853;pms5003;3628;6.559;3.386;2026-01-09T22:05:02.291854+00:00;P0;38.50
4854;DHT22;3628;6.559;3.386;2026-01-09T22:05:19.640506+00:00;humidity;86.50
4854;DHT22;3628;6.559;3.386;2026-01-09T22:05:19.640506+00:00;temperature;30.60
4853;pms5003;3628;6.559;3.386;2026-01-09T22:10:36.934032+00:00;P2;53.00
4853;pms5003;3628;6.559;3.386;2026-01-09T22:10:36.934032+00:00;P1;69.20
4853;pms5003;3628;6.559;3.386;2026-01-09T22:10:36.934032+00:00;P0;34.20
4854;DHT22;3628;6.559;3.386;2026-01-09T22:10:54.278425+00:00;humidity;86.40
4854;DHT22;3628;6.559;3.386;2026-01-09T22:10:54.278425+00:00;temperature;30.60
4853;pms5003;3628;6.559;3.386;2026-01-09T22:16:11.480322+00:00;P2;50.00
4853;pms5003;3628;6.559;3.386;2026-01-09T22:16:11.480322+00:00;P1;64.25
4853;pms5003;3628;6.559;3.386;2026-01-09T22:16:11.480322+00:00;P0;33.00
4854;DHT22;3628;6.559;3.386;2026-01-09T22:16:28.824352+00:00;humidity;86.20
4854;DHT22;3628;6.559;3.386;2026-01-09T22:16:28.824352+00:00;temperature;30.60
4854;DHT22;3628;6.559;3.386;2026-01-09T22:22:02.767339+00:00;humidity;86.40
4854;DHT22;3628;6.559;3.386;2026-01-09T22:22:02.767339+00:00;temperature;30.50
4853;pms5003;3628;6.559;3.386;2026-01-09T22:32:34.097168+00:00;P2;54.00
4853;pms5003;3628;6.559;3.386;2026-01-09T22:32:34.097168+00:00;P1;70.00
4853;pms5003;3628;6.559;3.386;2026-01-09T22:32:34.097168+00:00;P0;35.00
4853;pms5003;3628;6.559;3.386;2026-01-09T22:37:58.178149+00:00;P2;51.75
4853;pms5003;3628;6.559;3.386;2026-01-09T22:37:58.178149+00:00;P1;68.75
4853;pms5003;3628;6.559;3.386;2026-01-09T22:37:58.178149+00:00;P0;33.25
4854;DHT22;3628;6.559;3.386;2026-01-09T22:38:15.518857+00:00;humidity;86.80
4854;DHT22;3628;6.559;3.386;2026-01-09T22:38:15.518857+00:00;temperature;30.40
4853;pms5003;3628;6.559;3.386;2026-01-09T22:43:32.683280+00:00;P2;54.00
4853;pms5003;3628;6.559;3.386;2026-01-09T22:43:32.683280+00:00;P1;69.00
4853;pms5003;3628;6.559;3.386;2026-01-09T22:43:32.683280+00:00;P0;35.00
4854;DHT22;3628;6.559;3.386;2026-01-09T22:43:50.112470+00:00;humidity;87.00
4854;DHT22;3628;6.559;3.386;2026-01-09T22:43:50.112470+00:00;temperature;30.30
4854;DHT22;3628;6.559;3.386;2026-01-10T05:57:32.255140+00:00;humidity;100.00
4854;DHT22;3628;6.559;3.386;2026-01-10T05:57:32.255140+00:00;temperature;27.30
4853;pms5003;3628;6.559;3.386;2026-01-10T06:02:49.493407+00:00;P2;67.80
4853;pms5003;3628;6.559;3.386;2026-01-10T06:02:49.493407+00:00;P1;78.20
4853;pms5003;3628;6.559;3.386;2026-01-10T06:02:49.493407+00:00;P0;43.00
4854;DHT22;3628;6.559;3.386;2026-01-10T06:03:06.827663+00:00;humidity;100.00
4854;DHT22;3628;6.559;3.386;2026-01-10T06:03:06.827663+00:00;temperature;28.50
4853;pms5003;3628;6.559;3.386;2026-01-10T08:54:17.806552+00:00;P2;52.00
4853;pms5003;3628;6.559;3.386;2026-01-10T08:54:17.806552+00:00;P1;67.00
4853;pms5003;3628;6.559;3.386;2026-01-10T08:54:17.806552+00:00;P0;35.00
4854;DHT22;3628;6.559;3.386;2026-01-10T08:54:35.151372+00:00;humidity;77.50
4854;DHT22;3628;6.559;3.386;2026-01-10T08:54:35.151372+00:00;temperature;33.80
4853;pms5003;3628;6.559;3.386;2026-01-10T08:59:52.329435+00:00;P2;54.25
4853;pms5003;3628;6.559;3.386;2026-01-10T08:59:52.329435+00:00;P1;70.75
4853;pms5003;3628;6.559;3.386;2026-01-10T08:59:52.329435+00:00;P0;36.25
4854;DHT22;3628;6.559;3.386;2026-01-10T09:08:56.619270+00:00;humidity;70.80
4854;DHT22;3628;6.559;3.386;2026-01-10T09:08:56.619270+00:00;temperature;36.00
4854;DHT22;3628;6.559;3.386;2026-01-10T09:14:31.565750+00:00;humidity;71.40
4854;DHT22;3628;6.559;3.386;2026-01-10T09:14:31.565750+00:00;temperature;35.50
4853;pms5003;3628;6.559;3.386;2026-01-10T09:55:08.405295+00:00;P2;45.00
4853;pms5003;3628;6.559;3.386;2026-01-10T09:55:08.405295+00:00;P1;54.00
4853;pms5003;3628;6.559;3.386;2026-01-10T09:55:08.405295+00:00;P0;29.00
4854;DHT22;3628;6.559;3.386;2026-01-10T09:55:25.746438+00:00;humidity;68.80
4854;DHT22;3628;6.559;3.386;2026-01-10T09:55:25.746438+00:00;temperature;36.60
4853;pms5003;3628;6.559;3.386;2026-01-10T10:00:42.966304+00:00;P2;43.00
4853;pms5003;3628;6.559;3.386;2026-01-10T10:00:42.966304+00:00;P1;59.00
4853;pms5003;3628;6.559;3.386;2026-01-10T10:00:42.966304+00:00;P0;28.25
4853;pms5003;3628;6.559;3.386;2026-01-10T10:06:09.605384+00:00;P2;44.00
4853;pms5003;3628;6.559;3.386;2026-01-10T10:06:09.605384+00:00;P1;58.75
4853;pms5003;3628;6.559;3.386;2026-01-10T10:06:09.605384+00:00;P0;30.75
4854;DHT22;3628;6.559;3.386;2026-01-10T10:06:26.930176+00:00;humidity;67.20
4854;DHT22;3628;6.559;3.386;2026-01-10T10:06:26.930176+00:00;temperature;37.60
4853;pms5003;3628;6.559;3.386;2026-01-10T10:11:44.139247+00:00;P2;40.00
4853;pms5003;3628;6.559;3.386;2026-01-10T10:11:44.139247+00:00;P1;51.00
4853;pms5003;3628;6.559;3.386;2026-01-10T10:11:44.139247+00:00;P0;26.50
4854;DHT22;3628;6.559;3.386;2026-01-10T10:17:25.772129+00:00;humidity;64.40
4854;DHT22;3628;6.559;3.386;2026-01-10T10:17:25.772129+00:00;temperature;38.30
4853;pms5003;3628;6.559;3.386;2026-01-10T11:17:54.501969+00:00;P2;42.75
4853;pms5003;3628;6.559;3.386;2026-01-10T11:17:54.501969+00:00;P1;56.75
4853;pms5003;3628;6.559;3.386;2026-01-10T11:17:54.501969+00:00;P0;28.00
4854;DHT22;3628;6.559;3.386;2026-01-10T11:23:27.854128+00:00;humidity;61.40
4854;DHT22;3628;6.559;3.386;2026-01-10T11:23:27.854128+00:00;temperature;39.50
4854;DHT22;3628;6.559;3.386;2026-01-10T11:29:02.368216+00:00;humidity;62.20
4854;DHT22;3628;6.559;3.386;2026-01-10T11:29:02.368216+00:00;temperature;38.80
4853;pms5003;3628;6.559;3.386;2026-01-10T11:34:19.522898+00:00;P2;42.00
4853;pms5003;3628;6.559;3.386;2026-01-10T11:34:19.522898+00:00;P1;55.75
4853;pms5003;3628;6.559;3.386;2026-01-10T11:34:19.522898+00:00;P0;28.00
4854;DHT22;3628;6.559;3.386;2026-01-10T11:39:53.163970+00:00;humidity;61.10
4854;DHT22;3628;6.559;3.386;2026-01-10T11:39:53.163970+00:00;temperature;38.60
4853;pms5003;3628;6.559;3.386;2026-01-10T11:45:10.465426+00:00;P2;43.50
4853;pms5003;3628;6.559;3.386;2026-01-10T11:45:10.465426+00:00;P1;59.00
4853;pms5003;3628;6.559;3.386;2026-01-10T11:45:10.465426+00:00;P0;28.75
4853;pms5003;3628;6.559;3.386;2026-01-10T11:55:48.272992+00:00;P2;43.00
4853;pms5003;3628;6.559;3.386;2026-01-10T11:55:48.272992+00:00;P1;55.50
4853;pms5003;3628;6.559;3.386;2026-01-10T11:55:48.272992+00:00;P0;29.50
4854;DHT22;3628;6.559;3.386;2026-01-10T11:56:05.608749+00:00;humidity;55.80
4854;DHT22;3628;6.559;3.386;2026-01-10T11:56:05.608749+00:00;temperature;41.30
4853;pms5003;3628;6.559;3.386;2026-01-10T12:01:22.830328+00:00;P2;47.00
4853;pms5003;3628;6.559;3.386;2026-01-10T12:01:22.830328+00:00;P1;62.00
4853;pms5003;3628;6.559;3.386;2026-01-10T12:01:22.830328+00:00;P0;31.25
4854;DHT22;3628;6.559;3.386;2026-01-10T12:01:40.179539+00:00;humidity;53.90
4854;DHT22;3628;6.559;3.386;2026-01-10T12:01:40.179539+00:00;temperature;41.70
4853;pms5003;3628;6.559;3.386;2026-01-10T12:06:57.350657+00:00;P2;48.00
4853;pms5003;3628;6.559;3.386;2026-01-10T12:06:57.350657+00:00;P1;63.40
4853;pms5003;3628;6.559;3.386;2026-01-10T12:06:57.350657+00:00;P0;32.00
4854;DHT22;3628;6.559;3.386;2026-01-10T12:07:14.686209+00:00;humidity;57.80
4854;DHT22;3628;6.559;3.386;2026-01-10T12:07:14.686209+00:00;temperature;40.10
4853;pms5003;3628;6.559;3.386;2026-01-10T12:12:31.860743+00:00;P2;47.75
4853;pms5003;3628;6.559;3.386;2026-01-10T12:12:31.860743+00:00;P1;57.75
4853;pms5003;3628;6.559;3.386;2026-01-10T12:12:31.860743+00:00;P0;31.00
4854;DHT22;3628;6.559;3.386;2026-01-10T12:12:49.231201+00:00;humidity;59.80
4854;DHT22;3628;6.559;3.386;2026-01-10T12:12:49.231201+00:00;temperature;38.80
4853;pms5003;3628;6.559;3.386;2026-01-10T12:18:06.394111+00:00;P2;47.75
4853;pms5003;3628;6.559;3.386;2026-01-10T12:18:06.394111+00:00;P1;62.00
4853;pms5003;3628;6.559;3.386;2026-01-10T12:18:06.394111+00:00;P0;31.00
4854;DHT22;3628;6.559;3.386;2026-01-10T12:18:23.823103+00:00;humidity;60.40
4854;DHT22;3628;6.559;3.386;2026-01-10T12:18:23.823103+00:00;temperature;38.40
4853;pms5003;3628;6.559;3.386;2026-01-10T12:23:41.038593+00:00;P2;48.75
4853;pms5003;3628;6.559;3.386;2026-01-10T12:23:41.038593+00:00;P1;62.00
4853;pms5003;3628;6.559;3.386;2026-01-10T12:23:41.038593+00:00;P0;32.00
4854;DHT22;3628;6.559;3.386;2026-01-10T12:23:58.371273+00:00;humidity;60.80
4854;DHT22;3628;6.559;3.386;2026-01-10T12:23:58.371273+00:00;temperature;38.60
4853;pms5003;3628;6.559;3.386;2026-01-10T12:29:18.469093+00:00;P2;54.60
4853;pms5003;3628;6.559;3.386;2026-01-10T12:29:18.469093+00:00;P1;69.60
4853;pms5003;3628;6.559;3.386;2026-01-10T12:29:18.469093+00:00;P0;38.60
4854;DHT22;3628;6.559;3.386;2026-01-10T12:29:35.824703+00:00;humidity;60.70
4854;DHT22;3628;6.559;3.386;2026-01-10T12:29:35.824703+00:00;temperature;38.60
4853;pms5003;3628;6.559;3.386;2026-01-10T12:34:52.995076+00:00;P2;59.00
4853;pms5003;3628;6.559;3.386;2026-01-10T12:34:52.995076+00:00;P1;73.20
4853;pms5003;3628;6.559;3.386;2026-01-10T12:34:52.995076+00:00;P0;41.00
4854;DHT22;3628;6.559;3.386;2026-01-10T12:35:10.359699+00:00;humidity;59.70
4854;DHT22;3628;6.559;3.386;2026-01-10T12:35:10.359699+00:00;temperature;39.00
4854;DHT22;3628;6.559;3.386;2026-01-10T12:40:34.224329+00:00;humidity;61.20
4854;DHT22;3628;6.559;3.386;2026-01-10T12:40:34.224329+00:00;temperature;38.20
4854;DHT22;3628;6.559;3.386;2026-01-10T12:45:58.240889+00:00;humidity;61.90
4854;DHT22;3628;6.559;3.386;2026-01-10T12:45:58.240889+00:00;temperature;38.00
4853;pms5003;3628;6.559;3.386;2026-01-10T12:51:15.407275+00:00;P2;52.00
4853;pms5003;3628;6.559;3.386;2026-01-10T12:51:15.407275+00:00;P1;67.00
4853;pms5003;3628;6.559;3.386;2026-01-10T12:51:15.407275+00:00;P0;34.00
4854;DHT22;3628;6.559;3.386;2026-01-10T12:51:32.846987+00:00;humidity;64.60
4854;DHT22;3628;6.559;3.386;2026-01-10T12:51:32.846987+00:00;temperature;37.40
4854;DHT22;3628;6.559;3.386;2026-01-10T13:02:31.018744+00:00;humidity;67.40
4854;DHT22;3628;6.559;3.386;2026-01-10T13:02:31.018744+00:00;temperature;36.40
4854;DHT22;3628;6.559;3.386;2026-01-10T13:08:05.526514+00:00;humidity;67.10
4854;DHT22;3628;6.559;3.386;2026-01-10T13:08:05.526514+00:00;temperature;36.50
4853;pms5003;3628;6.559;3.386;2026-01-10T13:13:22.690124+00:00;P2;49.50
4853;pms5003;3628;6.559;3.386;2026-01-10T13:13:22.690124+00:00;P1;66.50
4853;pms5003;3628;6.559;3.386;2026-01-10T13:13:22.690124+00:00;P0;32.25
4854;DHT22;3628;6.559;3.386;2026-01-10T13:13:40.068522+00:00;humidity;66.70
4854;DHT22;3628;6.559;3.386;2026-01-10T13:13:40.068522+00:00;temperature;36.90
4853;pms5003;3628;6.559;3.386;2026-01-10T13:18:57.269730+00:00;P2;49.00
4853;pms5003;3628;6.559;3.386;2026-01-10T13:18:57.269730+00:00;P1;65.50
4853;pms5003;3628;6.559;3.386;2026-01-10T13:18:57.269730+00:00;P0;33.00
4854;DHT22;3628;6.559;3.386;2026-01-10T13:19:14.607593+00:00;humidity;68.90
4854;DHT22;3628;6.559;3.386;2026-01-10T13:19:14.607593+00:00;temperature;36.30
4853;pms5003;3628;6.559;3.386;2026-01-10T13:24:31.777424+00:00;P2;47.25
4853;pms5003;3628;6.559;3.386;2026-01-10T13:24:31.777424+00:00;P1;60.25
4853;pms5003;3628;6.559;3.386;2026-01-10T13:24:31.777424+00:00;P0;31.25
4854;DHT22;3628;6.559;3.386;2026-01-10T13:24:49.163521+00:00;humidity;68.80
4854;DHT22;3628;6.559;3.386;2026-01-10T13:24:49.163521+00:00;temperature;36.30
4853;pms5003;3628;6.559;3.386;2026-01-10T13:30:06.486629+00:00;P2;47.00
4853;pms5003;3628;6.559;3.386;2026-01-10T13:30:06.486629+00:00;P1;63.50
4853;pms5003;3628;6.559;3.386;2026-01-10T13:30:06.486629+00:00;P0;32.00
4854;DHT22;3628;6.559;3.386;2026-01-10T13:30:23.814391+00:00;humidity;69.40
4854;DHT22;3628;6.559;3.386;2026-01-10T13:30:23.814391+00:00;temperature;36.20
4853;pms5003;3628;6.559;3.386;2026-01-10T13:41:05.039536+00:00;P2;45.60
4853;pms5003;3628;6.559;3.386;2026-01-10T13:41:05.039536+00:00;P1;61.20
4853;pms5003;3628;6.559;3.386;2026-01-10T13:41:05.039536+00:00;P0;30.60
4853;pms5003;3628;6.559;3.386;2026-01-10T13:46:29.121560+00:00;P2;42.80
4853;pms5003;3628;6.559;3.386;2026-01-10T13:46:29.121560+00:00;P1;51.80
4853;pms5003;3628;6.559;3.386;2026-01-10T13:46:29.121560+00:00;P0;29.00
4854;DHT22;3628;6.559;3.386;2026-01-10T13:46:46.485164+00:00;humidity;67.60
4854;DHT22;3628;6.559;3.386;2026-01-10T13:46:46.485164+00:00;temperature;36.20
4853;pms5003;3628;6.559;3.386;2026-01-10T13:52:03.674367+00:00;P2;42.00
4853;pms5003;3628;6.559;3.386;2026-01-10T13:52:03.674367+00:00;P1;58.50
4853;pms5003;3628;6.559;3.386;2026-01-10T13:52:03.674367+00:00;P0;27.00
4854;DHT22;3628;6.559;3.386;2026-01-10T13:52:21.046667+00:00;humidity;68.00
4854;DHT22;3628;6.559;3.386;2026-01-10T13:52:21.046667+00:00;temperature;36.20
4853;pms5003;3628;6.559;3.386;2026-01-10T13:57:38.208670+00:00;P2;44.00
4853;pms5003;3628;6.559;3.386;2026-01-10T13:57:38.208670+00:00;P1;57.00
4853;pms5003;3628;6.559;3.386;2026-01-10T13:57:38.208670+00:00;P0;28.67
4854;DHT22;3628;6.559;3.386;2026-01-10T14:03:20.015867+00:00;humidity;67.00
4854;DHT22;3628;6.559;3.386;2026-01-10T14:03:20.015867+00:00;temperature;36.60
4853;pms5003;3628;6.559;3.386;2026-01-10T14:08:37.197530+00:00;P2;38.20
4853;pms5003;3628;6.559;3.386;2026-01-10T14:08:37.197530+00:00;P1;48.40
4853;pms5003;3628;6.559;3.386;2026-01-10T14:08:37.197530+00:00;P0;25.20
4854;DHT22;3628;6.559;3.386;2026-01-10T14:08:54.541035+00:00;humidity;63.90
4854;DHT22;3628;6.559;3.386;2026-01-10T14:08:54.541035+00:00;temperature;37.60
4853;pms5003;3628;6.559;3.386;2026-01-10T14:14:11.911018+00:00;P2;40.33
4853;pms5003;3628;6.559;3.386;2026-01-10T14:14:11.911018+00:00;P1;53.00
4853;pms5003;3628;6.559;3.386;2026-01-10T14:14:11.911018+00:00;P0;26.00
4854;DHT22;3628;6.559;3.386;2026-01-10T14:14:29.257097+00:00;humidity;62.70
4854;DHT22;3628;6.559;3.386;2026-01-10T14:14:29.257097+00:00;temperature;38.20
4854;DHT22;3628;6.559;3.386;2026-01-10T14:19:53.166166+00:00;humidity;61.40
4854;DHT22;3628;6.559;3.386;2026-01-10T14:19:53.166166+00:00;temperature;38.50
4853;pms5003;3628;6.559;3.386;2026-01-10T14:25:10.366691+00:00;P2;39.25
4853;pms5003;3628;6.559;3.386;2026-01-10T14:25:10.366691+00:00;P1;52.25
4853;pms5003;3628;6.559;3.386;2026-01-10T14:25:10.366691+00:00;P0;27.00
4854;DHT22;3628;6.559;3.386;2026-01-10T14:25:27.717603+00:00;humidity;63.80
4854;DHT22;3628;6.559;3.386;2026-01-10T14:25:27.717603+00:00;temperature;37.60
4853;pms5003;3628;6.559;3.386;2026-01-10T14:30:44.916406+00:00;P2;42.25
4853;pms5003;3628;6.559;3.386;2026-01-10T14:30:44.916406+00:00;P1;56.75
4853;pms5003;3628;6.559;3.386;2026-01-10T14:30:44.916406+00:00;P0;28.25
4854;DHT22;3628;6.559;3.386;2026-01-10T14:31:02.295504+00:00;humidity;60.60
4854;DHT22;3628;6.559;3.386;2026-01-10T14:31:02.295504+00:00;temperature;38.80
4854;DHT22;3628;6.559;3.386;2026-01-10T14:36:26.644406+00:00;humidity;60.30
4854;DHT22;3628;6.559;3.386;2026-01-10T14:36:26.644406+00:00;temperature;39.00
4854;DHT22;3628;6.559;3.386;2026-01-10T15:07:59.510834+00:00;humidity;63.30
4854;DHT22;3628;6.559;3.386;2026-01-10T15:07:59.510834+00:00;temperature;37.10
4853;pms5003;3628;6.559;3.386;2026-01-10T15:13:16.710761+00:00;P2;41.50
4853;pms5003;3628;6.559;3.386;2026-01-10T15:13:16.710761+00:00;P1;53.25
4853;pms5003;3628;6.559;3.386;2026-01-10T15:13:16.710761+00:00;P0;27.50
4853;pms5003;3628;6.559;3.386;2026-01-10T15:18:43.326475+00:00;P2;44.00
4853;pms5003;3628;6.559;3.386;2026-01-10T15:18:43.326475+00:00;P1;55.00
4853;pms5003;3628;6.559;3.386;2026-01-10T15:18:43.326475+00:00;P0;29.00
4854;DHT22;3628;6.559;3.386;2026-01-10T15:19:00.671437+00:00;humidity;62.60
4854;DHT22;3628;6.559;3.386;2026-01-10T15:19:00.671437+00:00;temperature;37.60
4854;DHT22;3628;6.559;3.386;2026-01-10T15:24:24.836607+00:00;humidity;62.30
4854;DHT22;3628;6.559;3.386;2026-01-10T15:24:24.836607+00:00;temperature;37.70
4854;DHT22;3628;6.559;3.386;2026-01-10T15:29:59.361284+00:00;humidity;63.30
4854;DHT22;3628;6.559;3.386;2026-01-10T15:29:59.361284+00:00;temperature;37.30
4853;pms5003;3628;6.559;3.386;2026-01-10T15:35:16.550337+00:00;P2;44.00
4853;pms5003;3628;6.559;3.386;2026-01-10T15:35:16.550337+00:00;P1;53.00
4853;pms5003;3628;6.559;3.386;2026-01-10T15:35:16.550337+00:00;P0;30.00
4853;pms5003;3628;6.559;3.386;2026-01-10T15:40:40.426474+00:00;P2;40.33
4853;pms5003;3628;6.559;3.386;2026-01-10T15:40:40.426474+00:00;P1;52.00
4853;pms5003;3628;6.559;3.386;2026-01-10T15:40:40.426474+00:00;P0;28.00
4853;pms5003;3628;6.559;3.386;2026-01-10T15:51:20.932748+00:00;P2;42.75
4853;pms5003;3628;6.559;3.386;2026-01-10T15:51:20.932748+00:00;P1;58.25
4853;pms5003;3628;6.559;3.386;2026-01-10T15:51:20.932748+00:00;P0;27.00
4854;DHT22;3628;6.559;3.386;2026-01-10T15:57:02.009890+00:00;humidity;65.30
4854;DHT22;3628;6.559;3.386;2026-01-10T15:57:02.009890+00:00;temperature;37.20
4853;pms5003;3628;6.559;3.386;2026-01-10T16:02:19.210956+00:00;P2;43.50
4853;pms5003;3628;6.559;3.386;2026-01-10T16:02:19.210956+00:00;P1;60.50
4853;pms5003;3628;6.559;3.386;2026-01-10T16:02:19.210956+00:00;P0;29.00
4854;DHT22;3628;6.559;3.386;2026-01-10T16:13:24.410436+00:00;humidity;66.80
4854;DHT22;3628;6.559;3.386;2026-01-10T16:13:24.410436+00:00;temperature;36.70
4853;pms5003;3628;6.559;3.386;2026-01-10T16:18:41.579599+00:00;P2;47.50
4853;pms5003;3628;6.559;3.386;2026-01-10T16:18:41.579599+00:00;P1;61.75
4853;pms5003;3628;6.559;3.386;2026-01-10T16:18:41.579599+00:00;P0;32.25
4854;DHT22;3628;6.559;3.386;2026-01-10T16:18:58.921294+00:00;humidity;67.50
4854;DHT22;3628;6.559;3.386;2026-01-10T16:18:58.921294+00:00;temperature;36.70
4853;pms5003;3628;6.559;3.386;2026-01-10T16:24:16.110814+00:00;P2;41.00
4853;pms5003;3628;6.559;3.386;2026-01-10T16:24:16.110814+00:00;P1;49.50
4853;pms5003;3628;6.559;3.386;2026-01-10T16:24:16.110814+00:00;P0;28.00
4854;DHT22;3628;6.559;3.386;2026-01-10T16:24:33.559080+00:00;humidity;67.20
4854;DHT22;3628;6.559;3.386;2026-01-10T16:24:33.559080+00:00;temperature;36.50
4853;pms5003;3628;6.559;3.386;2026-01-10T16:29:50.758131+00:00;P2;39.00
4853;pms5003;3628;6.559;3.386;2026-01-10T16:29:50.758131+00:00;P1;52.60
4853;pms5003;3628;6.559;3.386;2026-01-10T16:29:50.758131+00:00;P0;26.00
4854;DHT22;3628;6.559;3.386;2026-01-10T16:30:08.098643+00:00;humidity;68.00
4854;DHT22;3628;6.559;3.386;2026-01-10T16:30:08.098643+00:00;temperature;36.00
4853;pms5003;3628;6.559;3.386;2026-01-10T16:35:25.259005+00:00;P2;41.67
4853;pms5003;3628;6.559;3.386;2026-01-10T16:35:25.259005+00:00;P1;55.00
4853;pms5003;3628;6.559;3.386;2026-01-10T16:35:25.259005+00:00;P0;27.33
4853;pms5003;3628;6.559;3.386;2026-01-10T16:40:59.794316+00:00;P2;45.00
4853;pms5003;3628;6.559;3.386;2026-01-10T16:40:59.794316+00:00;P1;59.80
4853;pms5003;3628;6.559;3.386;2026-01-10T16:40:59.794316+00:00;P0;28.00
4854;DHT22;3628;6.559;3.386;2026-01-10T16:41:17.143756+00:00;humidity;70.40
4854;DHT22;3628;6.559;3.386;2026-01-10T16:41:17.143756+00:00;temperature;35.60
4854;DHT22;3628;6.559;3.386;2026-01-10T16:46:43.757063+00:00;humidity;71.70
4854;DHT22;3628;6.559;3.386;2026-01-10T16:46:43.757063+00:00;temperature;35.40
4853;pms5003;3628;6.559;3.386;2026-01-10T16:52:00.946818+00:00;P2;42.50
4853;pms5003;3628;6.559;3.386;2026-01-10T16:52:00.946818+00:00;P1;56.00
4853;pms5003;3628;6.559;3.386;2026-01-10T16:52:00.946818+00:00;P0;28.00
4854;DHT22;3628;6.559;3.386;2026-01-10T16:52:18.299676+00:00;humidity;72.00
4854;DHT22;3628;6.559;3.386;2026-01-10T16:52:18.299676+00:00;temperature;35.20
4853;pms5003;3628;6.559;3.386;2026-01-10T16:57:35.547401+00:00;P2;42.75
4853;pms5003;3628;6.559;3.386;2026-01-10T16:57:35.547401+00:00;P1;59.00
4853;pms5003;3628;6.559;3.386;2026-01-10T16:57:35.547401+00:00;P0;27.00
4853;pms5003;3628;6.559;3.386;2026-01-10T17:02:59.436550+00:00;P2;46.00
4853;pms5003;3628;6.559;3.386;2026-01-10T17:02:59.436550+00:00;P1;62.33
4853;pms5003;3628;6.559;3.386;2026-01-10T17:02:59.436550+00:00;P0;31.00
4854;DHT22;3628;6.559;3.386;2026-01-10T17:03:16.817887+00:00;humidity;72.40
4854;DHT22;3628;6.559;3.386;2026-01-10T17:03:16.817887+00:00;temperature;34.70
4854;DHT22;3628;6.559;3.386;2026-01-10T17:08:41.010478+00:00;humidity;73.50
4854;DHT22;3628;6.559;3.386;2026-01-10T17:08:41.010478+00:00;temperature;34.50
4854;DHT22;3628;6.559;3.386;2026-01-10T17:14:15.491500+00:00;humidity;74.30
4854;DHT22;3628;6.559;3.386;2026-01-10T17:14:15.491500+00:00;temperature;34.40
4853;pms5003;3628;6.559;3.386;2026-01-10T18:02:26.258715+00:00;P2;36.00
4853;pms5003;3628;6.559;3.386;2026-01-10T18:02:26.258715+00:00;P1;50.33
4853;pms5003;3628;6.559;3.386;2026-01-10T18:02:26.258715+00:00;P0;23.00
4854;DHT22;3628;6.559;3.386;2026-01-10T18:02:43.613088+00:00;humidity;82.90
4854;DHT22;3628;6.559;3.386;2026-01-10T18:02:43.613088+00:00;temperature;32.20
4853;pms5003;3628;6.559;3.386;2026-01-10T18:08:00.822819+00:00;P2;35.50
4853;pms5003;3628;6.559;3.386;2026-01-10T18:08:00.822819+00:00;P1;44.50
4853;pms5003;3628;6.559;3.386;2026-01-10T18:08:00.822819+00:00;P0;23.00
4854;DHT22;3628;6.559;3.386;2026-01-10T18:08:18.184594+00:00;humidity;83.60
4854;DHT22;3628;6.559;3.386;2026-01-10T18:08:18.184594+00:00;temperature;32.10
4854;DHT22;3628;6.559;3.386;2026-01-10T18:13:42.164623+00:00;humidity;84.30
4854;DHT22;3628;6.559;3.386;2026-01-10T18:13:42.164623+00:00;temperature;32.00
4853;pms5003;3628;6.559;3.386;2026-01-10T18:18:59.335140+00:00;P2;39.00
4853;pms5003;3628;6.559;3.386;2026-01-10T18:18:59.335140+00:00;P1;57.00
4853;pms5003;3628;6.559;3.386;2026-01-10T18:18:59.335140+00:00;P0;25.75
4854;DHT22;3628;6.559;3.386;2026-01-10T18:19:16.716063+00:00;humidity;84.80
4854;DHT22;3628;6.559;3.386;2026-01-10T18:19:16.716063+00:00;temperature;32.00
4853;pms5003;3628;6.559;3.386;2026-01-10T18:24:33.901591+00:00;P2;38.50
4853;pms5003;3628;6.559;3.386;2026-01-10T18:24:33.901591+00:00;P1;52.25
4853;pms5003;3628;6.559;3.386;2026-01-10T18:24:33.901591+00:00;P0;26.00
4854;DHT22;3628;6.559;3.386;2026-01-10T18:24:51.386542+00:00;humidity;85.20
4854;DHT22;3628;6.559;3.386;2026-01-10T18:24:51.386542+00:00;temperature;31.90
4853;pms5003;3628;6.559;3.386;2026-01-10T18:30:08.567930+00:00;P2;36.40
4853;pms5003;3628;6.559;3.386;2026-01-10T18:30:08.567930+00:00;P1;47.00
4853;pms5003;3628;6.559;3.386;2026-01-10T18:30:08.567930+00:00;P0;23.00
4854;DHT22;3628;6.559;3.386;2026-01-10T18:30:25.924451+00:00;humidity;85.20
4854;DHT22;3628;6.559;3.386;2026-01-10T18:30:25.924451+00:00;temperature;31.90
4853;pms5003;3628;6.559;3.386;2026-01-10T18:35:43.084585+00:00;P2;34.25
4853;pms5003;3628;6.559;3.386;2026-01-10T18:35:43.084585+00:00;P1;47.25
4853;pms5003;3628;6.559;3.386;2026-01-10T18:35:43.084585+00:00;P0;23.25
4853;pms5003;3628;6.559;3.386;2026-01-10T18:41:07.334336+00:00;P2;38.00
4853;pms5003;3628;6.559;3.386;2026-01-10T18:41:07.334336+00:00;P1;50.75
4853;pms5003;3628;6.559;3.386;2026-01-10T18:41:07.334336+00:00;P0;25.25
4854;DHT22;3628;6.559;3.386;2026-01-10T18:41:24.673669+00:00;humidity;85.50
4854;DHT22;3628;6.559;3.386;2026-01-10T18:41:24.673669+00:00;temperature;31.70
4853;pms5003;3628;6.559;3.386;2026-01-10T18:46:41.884007+00:00;P2;37.25
4853;pms5003;3628;6.559;3.386;2026-01-10T18:46:41.884007+00:00;P1;43.25
4853;pms5003;3628;6.559;3.386;2026-01-10T18:46:41.884007+00:00;P0;25.00
4854;DHT22;3628;6.559;3.386;2026-01-10T18:46:59.301202+00:00;humidity;86.00
4854;DHT22;3628;6.559;3.386;2026-01-10T18:46:59.301202+00:00;temperature;31.70
4853;pms5003;3628;6.559;3.386;2026-01-10T18:52:16.499125+00:00;P2;38.25
4853;pms5003;3628;6.559;3.386;2026-01-10T18:52:16.499125+00:00;P1;52.00
4853;pms5003;3628;6.559;3.386;2026-01-10T18:52:16.499125+00:00;P0;22.75
4853;pms5003;3628;6.559;3.386;2026-01-10T19:02:53.772905+00:00;P2;47.00
4853;pms5003;3628;6.559;3.386;2026-01-10T19:02:53.772905+00:00;P1;64.00
4853;pms5003;3628;6.559;3.386;2026-01-10T19:02:53.772905+00:00;P0;30.00
4854;DHT22;3628;6.559;3.386;2026-01-10T19:03:11.246244+00:00;humidity;87.90
4854;DHT22;3628;6.559;3.386;2026-01-10T19:03:11.246244+00:00;temperature;31.50
4853;pms5003;3628;6.559;3.386;2026-01-10T19:08:28.467421+00:00;P2;43.00
4853;pms5003;3628;6.559;3.386;2026-01-10T19:08:28.467421+00:00;P1;55.20
4853;pms5003;3628;6.559;3.386;2026-01-10T19:08:28.467421+00:00;P0;28.00
4854;DHT22;3628;6.559;3.386;2026-01-10T19:08:45.856312+00:00;humidity;87.90
4854;DHT22;3628;6.559;3.386;2026-01-10T19:08:45.856312+00:00;temperature;31.50
4853;pms5003;3628;6.559;3.386;2026-01-10T19:14:03.053521+00:00;P2;45.33
4853;pms5003;3628;6.559;3.386;2026-01-10T19:14:03.053521+00:00;P1;61.67
4853;pms5003;3628;6.559;3.386;2026-01-10T19:14:03.053521+00:00;P0;29.67
4854;DHT22;3628;6.559;3.386;2026-01-10T19:14:20.441342+00:00;humidity;88.10
4854;DHT22;3628;6.559;3.386;2026-01-10T19:14:20.441342+00:00;temperature;31.40
4853;pms5003;3628;6.559;3.386;2026-01-10T19:19:37.638133+00:00;P2;49.00
4853;pms5003;3628;6.559;3.386;2026-01-10T19:19:37.638133+00:00;P1;66.00
4853;pms5003;3628;6.559;3.386;2026-01-10T19:19:37.638133+00:00;P0;30.25
4853;pms5003;3628;6.559;3.386;2026-01-10T19:25:12.177357+00:00;P2;45.50
4853;pms5003;3628;6.559;3.386;2026-01-10T19:25:12.177357+00:00;P1;61.50
4853;pms5003;3628;6.559;3.386;2026-01-10T19:25:12.177357+00:00;P0;29.00
4854;DHT22;3628;6.559;3.386;2026-01-10T19:25:29.747688+00:00;humidity;87.20
4854;DHT22;3628;6.559;3.386;2026-01-10T19:25:29.747688+00:00;temperature;31.50
4854;DHT22;3628;6.559;3.386;2026-01-10T19:30:53.637451+00:00;humidity;87.00
4854;DHT22;3628;6.559;3.386;2026-01-10T19:30:53.637451+00:00;temperature;31.50
4853;pms5003;3628;6.559;3.386;2026-01-10T19:38:37.774239+00:00;P2;48.00
4853;pms5003;3628;6.559;3.386;2026-01-10T19:38:37.774239+00:00;P1;64.75
4853;pms5003;3628;6.559;3.386;2026-01-10T19:38:37.774239+00:00;P0;31.00
4854;DHT22;3628;6.559;3.386;2026-01-10T19:44:35.023003+00:00;humidity;87.40
4854;DHT22;3628;6.559;3.386;2026-01-10T19:44:35.023003+00:00;temperature;31.40
4853;pms5003;3628;6.559;3.386;2026-01-10T19:50:01.310329+00:00;P2;47.40
4853;pms5003;3628;6.559;3.386;2026-01-10T19:50:01.310329+00:00;P1;64.80
4853;pms5003;3628;6.559;3.386;2026-01-10T19:50:01.310329+00:00;P0;30.40
4854;DHT22;3628;6.559;3.386;2026-01-10T20:01:30.446602+00:00;humidity;88.10
4854;DHT22;3628;6.559;3.386;2026-01-10T20:01:30.446602+00:00;temperature;31.40
4854;DHT22;3628;6.559;3.386;2026-01-10T20:07:04.498942+00:00;humidity;87.90
4854;DHT22;3628;6.559;3.386;2026-01-10T20:07:04.498942+00:00;temperature;31.50
4853;pms5003;3628;6.559;3.386;2026-01-10T20:12:21.774631+00:00;P2;52.00
4853;pms5003;3628;6.559;3.386;2026-01-10T20:12:21.774631+00:00;P1;70.00
4853;pms5003;3628;6.559;3.386;2026-01-10T20:12:21.774631+00:00;P0;32.50
4854;DHT22;3628;6.559;3.386;2026-01-10T20:12:39.098747+00:00;humidity;88.20
4854;DHT22;3628;6.559;3.386;2026-01-10T20:12:39.098747+00:00;temperature;31.40
4854;DHT22;3628;6.559;3.386;2026-01-10T20:18:03.310902+00:00;humidity;88.10
4854;DHT22;3628;6.559;3.386;2026-01-10T20:18:03.310902+00:00;temperature;31.40
4853;pms5003;3628;6.559;3.386;2026-01-10T20:28:55.142938+00:00;P2;45.50
4853;pms5003;3628;6.559;3.386;2026-01-10T20:28:55.142938+00:00;P1;61.75
4853;pms5003;3628;6.559;3.386;2026-01-10T20:28:55.142938+00:00;P0;28.75
4853;pms5003;3628;6.559;3.386;2026-01-10T20:34:29.830280+00:00;P2;42.25
4853;pms5003;3628;6.559;3.386;2026-01-10T20:34:29.830280+00:00;P1;55.00
4853;pms5003;3628;6.559;3.386;2026-01-10T20:34:29.830280+00:00;P0;27.00
4853;pms5003;3628;6.559;3.386;2026-01-10T20:40:04.314783+00:00;P2;40.00
4853;pms5003;3628;6.559;3.386;2026-01-10T20:40:04.314783+00:00;P1;54.00
4853;pms5003;3628;6.559;3.386;2026-01-10T20:40:04.314783+00:00;P0;26.00
4854;DHT22;3628;6.559;3.386;2026-01-10T20:40:21.662648+00:00;humidity;88.10
4854;DHT22;3628;6.559;3.386;2026-01-10T20:40:21.662648+00:00;temperature;31.30
4853;pms5003;3628;6.559;3.386;2026-01-10T20:45:38.843122+00:00;P2;39.50
4853;pms5003;3628;6.559;3.386;2026-01-10T20:45:38.843122+00:00;P1;47.50
4853;pms5003;3628;6.559;3.386;2026-01-10T20:45:38.843122+00:00;P0;25.00
4854;DHT22;3628;6.559;3.386;2026-01-10T20:45:56.184407+00:00;humidity;88.10
4854;DHT22;3628;6.559;3.386;2026-01-10T20:45:56.184407+00:00;temperature;31.30
4853;pms5003;3628;6.559;3.386;2026-01-10T20:51:13.374338+00:00;P2;39.40
4853;pms5003;3628;6.559;3.386;2026-01-10T20:51:13.374338+00:00;P1;48.20
4853;pms5003;3628;6.559;3.386;2026-01-10T20:51:13.374338+00:00;P0;05.80
4854;DHT22;3628;6.559;3.386;2026-01-10T20:51:30.703815+00:00;humidity;88.20
4854;DHT22;3628;6.559;3.386;2026-01-10T20:51:30.703815+00:00;temperature;31.20
4853;pms5003;3628;6.559;3.386;2026-01-10T20:56:47.905310+00:00;P2;38.20
4853;pms5003;3628;6.559;3.386;2026-01-10T20:56:47.905310+00:00;P1;52.80
4853;pms5003;3628;6.559;3.386;2026-01-10T20:56:47.905310+00:00;P0;25.80
4854;DHT22;3628;6.559;3.386;2026-01-10T20:57:05.420326+00:00;humidity;88.40
4854;DHT22;3628;6.559;3.386;2026-01-10T20:57:05.420326+00:00;temperature;31.30
4853;pms5003;3628;6.559;3.386;2026-01-10T21:02:22.718570+00:00;P2;40.00
4853;pms5003;3628;6.559;3.386;2026-01-10T21:02:22.718570+00:00;P1;50.25
4853;pms5003;3628;6.559;3.386;2026-01-10T21:02:22.718570+00:00;P0;26.00
4854;DHT22;3628;6.559;3.386;2026-01-10T21:02:40.056422+00:00;humidity;88.40
4854;DHT22;3628;6.559;3.386;2026-01-10T21:02:40.056422+00:00;temperature;31.20
4853;pms5003;3628;6.559;3.386;2026-01-10T21:07:57.333407+00:00;P2;39.00
4853;pms5003;3628;6.559;3.386;2026-01-10T21:07:57.333407+00:00;P1;50.00
4853;pms5003;3628;6.559;3.386;2026-01-10T21:07:57.333407+00:00;P0;26.00
4854;DHT22;3628;6.559;3.386;2026-01-10T21:08:14.676652+00:00;humidity;88.30
4854;DHT22;3628;6.559;3.386;2026-01-10T21:08:14.676652+00:00;temperature;31.30
4853;pms5003;3628;6.559;3.386;2026-01-10T21:18:55.747471+00:00;P2;37.25
4853;pms5003;3628;6.559;3.386;2026-01-10T21:18:55.747471+00:00;P1;49.00
4853;pms5003;3628;6.559;3.386;2026-01-10T21:18:55.747471+00:00;P0;24.00
4854;DHT22;3628;6.559;3.386;2026-01-10T21:19:13.176700+00:00;humidity;88.70
4854;DHT22;3628;6.559;3.386;2026-01-10T21:19:13.176700+00:00;temperature;31.10
4853;pms5003;3628;6.559;3.386;2026-01-10T21:24:30.500244+00:00;P2;44.25
4853;pms5003;3628;6.559;3.386;2026-01-10T21:24:30.500244+00:00;P1;58.00
4853;pms5003;3628;6.559;3.386;2026-01-10T21:24:30.500244+00:00;P0;28.25
4854;DHT22;3628;6.559;3.386;2026-01-10T21:24:47.825486+00:00;humidity;88.70
4854;DHT22;3628;6.559;3.386;2026-01-10T21:24:47.825486+00:00;temperature;31.20
4853;pms5003;3628;6.559;3.386;2026-01-10T21:30:05.108961+00:00;P2;45.00
4853;pms5003;3628;6.559;3.386;2026-01-10T21:30:05.108961+00:00;P1;60.50
4853;pms5003;3628;6.559;3.386;2026-01-10T21:30:05.108961+00:00;P0;28.00
4854;DHT22;3628;6.559;3.386;2026-01-10T21:30:22.469566+00:00;humidity;89.00
4854;DHT22;3628;6.559;3.386;2026-01-10T21:30:22.469566+00:00;temperature;31.10
4853;pms5003;3628;6.559;3.386;2026-01-10T21:35:39.632415+00:00;P2;41.00
4853;pms5003;3628;6.559;3.386;2026-01-10T21:35:39.632415+00:00;P1;58.00
4853;pms5003;3628;6.559;3.386;2026-01-10T21:35:39.632415+00:00;P0;26.25
4853;pms5003;3628;6.559;3.386;2026-01-10T21:41:04.128162+00:00;P2;41.00
4853;pms5003;3628;6.559;3.386;2026-01-10T21:41:04.128162+00:00;P1;55.00
4853;pms5003;3628;6.559;3.386;2026-01-10T21:41:04.128162+00:00;P0;27.00
4854;DHT22;3628;6.559;3.386;2026-01-10T21:41:21.497334+00:00;humidity;89.30
4854;DHT22;3628;6.559;3.386;2026-01-10T21:41:21.497334+00:00;temperature;31.10
4853;pms5003;3628;6.559;3.386;2026-01-10T21:46:38.786081+00:00;P2;36.75
4853;pms5003;3628;6.559;3.386;2026-01-10T21:46:38.786081+00:00;P1;50.25
4853;pms5003;3628;6.559;3.386;2026-01-10T21:46:38.786081+00:00;P0;25.25
4854;DHT22;3628;6.559;3.386;2026-01-10T21:46:56.160361+00:00;humidity;89.60
4854;DHT22;3628;6.559;3.386;2026-01-10T21:46:56.160361+00:00;temperature;31.00
4853;pms5003;3628;6.559;3.386;2026-01-10T21:52:13.323196+00:00;P2;36.50
4853;pms5003;3628;6.559;3.386;2026-01-10T21:52:13.323196+00:00;P1;51.25
4853;pms5003;3628;6.559;3.386;2026-01-10T21:52:13.323196+00:00;P0;25.25
4854;DHT22;3628;6.559;3.386;2026-01-10T21:57:55.166593+00:00;humidity;90.00
4854;DHT22;3628;6.559;3.386;2026-01-10T21:57:55.166593+00:00;temperature;31.00
4854;DHT22;3628;6.559;3.386;2026-01-10T22:25:26.525176+00:00;humidity;91.00
4854;DHT22;3628;6.559;3.386;2026-01-10T22:25:26.525176+00:00;temperature;30.90
4853;pms5003;3628;6.559;3.386;2026-01-10T22:30:43.786102+00:00;P2;35.00
4853;pms5003;3628;6.559;3.386;2026-01-10T22:30:43.786102+00:00;P1;49.75
4853;pms5003;3628;6.559;3.386;2026-01-10T22:30:43.786102+00:00;P0;23.75
4854;DHT22;3628;6.559;3.386;2026-01-10T22:31:01.106498+00:00;humidity;91.10
4854;DHT22;3628;6.559;3.386;2026-01-10T22:31:01.106498+00:00;temperature;30.80
4853;pms5003;3628;6.559;3.386;2026-01-10T22:41:32.030337+00:00;P2;38.50
4853;pms5003;3628;6.559;3.386;2026-01-10T22:41:32.030337+00:00;P1;50.75
4853;pms5003;3628;6.559;3.386;2026-01-10T22:41:32.030337+00:00;P0;23.50
4854;DHT22;3628;6.559;3.386;2026-01-10T22:41:49.402664+00:00;humidity;91.10
4854;DHT22;3628;6.559;3.386;2026-01-10T22:41:49.402664+00:00;temperature;30.80
4853;pms5003;3628;6.559;3.386;2026-01-10T22:52:30.404189+00:00;P2;36.75
4853;pms5003;3628;6.559;3.386;2026-01-10T22:52:30.404189+00:00;P1;49.50
4853;pms5003;3628;6.559;3.386;2026-01-10T22:52:30.404189+00:00;P0;24.75
4854;DHT22;3628;6.559;3.386;2026-01-10T22:52:48.146491+00:00;humidity;91.40
4854;DHT22;3628;6.559;3.386;2026-01-10T22:52:48.146491+00:00;temperature;30.70
4853;pms5003;3628;6.559;3.386;2026-01-10T22:58:05.375770+00:00;P2;40.00
4853;pms5003;3628;6.559;3.386;2026-01-10T22:58:05.375770+00:00;P1;49.00
4853;pms5003;3628;6.559;3.386;2026-01-10T22:58:05.375770+00:00;P0;26.00
4854;DHT22;3628;6.559;3.386;2026-01-10T22:58:22.824825+00:00;humidity;91.40
4854;DHT22;3628;6.559;3.386;2026-01-10T22:58:22.824825+00:00;temperature;30.80
4853;pms5003;3628;6.559;3.386;2026-01-10T23:03:40.044951+00:00;P2;39.25
4853;pms5003;3628;6.559;3.386;2026-01-10T23:03:40.044951+00:00;P1;51.75
4853;pms5003;3628;6.559;3.386;2026-01-10T23:03:40.044951+00:00;P0;24.75
4854;DHT22;3628;6.559;3.386;2026-01-10T23:03:57.393095+00:00;humidity;91.50
4854;DHT22;3628;6.559;3.386;2026-01-10T23:03:57.393095+00:00;temperature;30.80
4854;DHT22;3628;6.559;3.386;2026-01-10T23:09:32.081610+00:00;humidity;91.80
4854;DHT22;3628;6.559;3.386;2026-01-10T23:09:32.081610+00:00;temperature;30.70
4853;pms5003;3628;6.559;3.386;2026-01-10T23:14:49.319236+00:00;P2;37.80
4853;pms5003;3628;6.559;3.386;2026-01-10T23:14:49.319236+00:00;P1;50.00
4853;pms5003;3628;6.559;3.386;2026-01-10T23:14:49.319236+00:00;P0;24.80
4854;DHT22;3628;6.559;3.386;2026-01-10T23:15:09.608071+00:00;humidity;92.10
4854;DHT22;3628;6.559;3.386;2026-01-10T23:15:09.608071+00:00;temperature;30.70
4854;DHT22;3628;6.559;3.386;2026-01-10T23:20:33.411528+00:00;humidity;92.40
4854;DHT22;3628;6.559;3.386;2026-01-10T23:20:33.411528+00:00;temperature;30.70
4853;pms5003;3628;6.559;3.386;2026-01-10T23:25:50.599091+00:00;P2;36.00
4853;pms5003;3628;6.559;3.386;2026-01-10T23:25:50.599091+00:00;P1;47.00
4853;pms5003;3628;6.559;3.386;2026-01-10T23:25:50.599091+00:00;P0;23.00
4854;DHT22;3628;6.559;3.386;2026-01-10T23:26:08.000011+00:00;humidity;92.40
4854;DHT22;3628;6.559;3.386;2026-01-10T23:26:08.000011+00:00;temperature;30.70
4853;pms5003;3628;6.559;3.386;2026-01-10T23:31:25.208206+00:00;P2;39.33
4853;pms5003;3628;6.559;3.386;2026-01-10T23:31:25.208206+00:00;P1;52.00
4853;pms5003;3628;6.559;3.386;2026-01-10T23:31:25.208206+00:00;P0;25.67
4854;DHT22;3628;6.559;3.386;2026-01-10T23:31:42.660797+00:00;humidity;92.60
4854;DHT22;3628;6.559;3.386;2026-01-10T23:31:42.660797+00:00;temperature;30.60
4853;pms5003;3628;6.559;3.386;2026-01-10T23:36:59.829151+00:00;P2;48.75
4853;pms5003;3628;6.559;3.386;2026-01-10T23:36:59.829151+00:00;P1;68.25
4853;pms5003;3628;6.559;3.386;2026-01-10T23:36:59.829151+00:00;P0;31.00
4854;DHT22;3628;6.559;3.386;2026-01-10T23:37:17.251383+00:00;humidity;92.40
4854;DHT22;3628;6.559;3.386;2026-01-10T23:37:17.251383+00:00;temperature;30.70
4853;pms5003;3628;6.559;3.386;2026-01-11T13:42:35.848304+00:00;P2;42.00
4853;pms5003;3628;6.559;3.386;2026-01-11T13:42:35.848304+00:00;P1;55.20
4853;pms5003;3628;6.559;3.386;2026-01-11T13:42:35.848304+00:00;P0;28.00
4853;pms5003;3628;6.559;3.386;2026-01-11T13:47:07.338657+00:00;P2;41.50
4853;pms5003;3628;6.559;3.386;2026-01-11T13:47:07.338657+00:00;P1;55.25
4853;pms5003;3628;6.559;3.386;2026-01-11T13:47:07.338657+00:00;P0;26.25
4854;DHT22;3628;6.559;3.386;2026-01-11T13:47:24.706215+00:00;humidity;65.70
4854;DHT22;3628;6.559;3.386;2026-01-11T13:47:24.706215+00:00;temperature;37.80
4853;pms5003;3628;6.559;3.386;2026-01-11T13:52:41.898915+00:00;P2;44.50
4853;pms5003;3628;6.559;3.386;2026-01-11T13:52:41.898915+00:00;P1;59.00
4853;pms5003;3628;6.559;3.386;2026-01-11T13:52:41.898915+00:00;P0;29.50
4854;DHT22;3628;6.559;3.386;2026-01-11T13:52:59.261443+00:00;humidity;63.90
4854;DHT22;3628;6.559;3.386;2026-01-11T13:52:59.261443+00:00;temperature;38.20
4853;pms5003;3628;6.559;3.386;2026-01-11T13:58:16.406279+00:00;P2;40.00
4853;pms5003;3628;6.559;3.386;2026-01-11T13:58:16.406279+00:00;P1;50.00
4853;pms5003;3628;6.559;3.386;2026-01-11T13:58:16.406279+00:00;P0;27.00
4853;pms5003;3628;6.559;3.386;2026-01-11T14:03:53.796485+00:00;P2;43.20
4853;pms5003;3628;6.559;3.386;2026-01-11T14:03:53.796485+00:00;P1;58.00
4853;pms5003;3628;6.559;3.386;2026-01-11T14:03:53.796485+00:00;P0;29.00
4854;DHT22;3628;6.559;3.386;2026-01-11T14:04:11.330580+00:00;humidity;60.80
4854;DHT22;3628;6.559;3.386;2026-01-11T14:04:11.330580+00:00;temperature;38.80
4854;DHT22;3628;6.559;3.386;2026-01-11T14:26:36.067719+00:00;humidity;62.10
4854;DHT22;3628;6.559;3.386;2026-01-11T14:26:36.067719+00:00;temperature;37.60
4854;DHT22;3628;6.559;3.386;2026-01-11T14:35:16.588270+00:00;humidity;61.30
4854;DHT22;3628;6.559;3.386;2026-01-11T14:35:16.588270+00:00;temperature;38.10
4853;pms5003;3628;6.559;3.386;2026-01-11T15:01:42.379952+00:00;P2;47.00
4853;pms5003;3628;6.559;3.386;2026-01-11T15:01:42.379952+00:00;P1;61.00
4853;pms5003;3628;6.559;3.386;2026-01-11T15:01:42.379952+00:00;P0;31.00
4853;pms5003;3628;6.559;3.386;2026-01-11T16:06:17.251748+00:00;P2;52.50
4853;pms5003;3628;6.559;3.386;2026-01-11T16:06:17.251748+00:00;P1;69.00
4853;pms5003;3628;6.559;3.386;2026-01-11T16:06:17.251748+00:00;P0;34.50
4854;DHT22;3628;6.559;3.386;2026-01-11T16:49:15.107250+00:00;humidity;82.40
4854;DHT22;3628;6.559;3.386;2026-01-11T16:49:15.107250+00:00;temperature;32.70
4853;pms5003;3628;6.559;3.386;2026-01-11T16:54:32.376743+00:00;P2;66.00
4853;pms5003;3628;6.559;3.386;2026-01-11T16:54:32.376743+00:00;P1;76.80
4853;pms5003;3628;6.559;3.386;2026-01-11T16:54:32.376743+00:00;P0;41.00
4853;pms5003;3628;6.559;3.386;2026-01-11T17:05:20.062632+00:00;P2;70.00
4853;pms5003;3628;6.559;3.386;2026-01-11T17:05:20.062632+00:00;P1;83.75
4853;pms5003;3628;6.559;3.386;2026-01-11T17:05:20.062632+00:00;P0;42.75
4854;DHT22;3628;6.559;3.386;2026-01-11T17:11:01.515870+00:00;humidity;82.80
4854;DHT22;3628;6.559;3.386;2026-01-11T17:11:01.515870+00:00;temperature;32.60
4853;pms5003;3628;6.559;3.386;2026-01-11T17:16:18.888025+00:00;P2;71.50
4853;pms5003;3628;6.559;3.386;2026-01-11T17:16:18.888025+00:00;P1;82.25
4853;pms5003;3628;6.559;3.386;2026-01-11T17:16:18.888025+00:00;P0;45.00
4854;DHT22;3628;6.559;3.386;2026-01-11T17:16:36.167210+00:00;humidity;83.00
4854;DHT22;3628;6.559;3.386;2026-01-11T17:16:36.167210+00:00;temperature;32.60
4854;DHT22;3628;6.559;3.386;2026-01-11T17:22:00.064062+00:00;humidity;83.50
4854;DHT22;3628;6.559;3.386;2026-01-11T17:22:00.064062+00:00;temperature;32.50
4853;pms5003;3628;6.559;3.386;2026-01-11T17:27:17.223132+00:00;P2;62.75
4853;pms5003;3628;6.559;3.386;2026-01-11T17:27:17.223132+00:00;P1;76.00
4853;pms5003;3628;6.559;3.386;2026-01-11T17:27:17.223132+00:00;P0;41.00
4854;DHT22;3628;6.559;3.386;2026-01-11T17:27:34.557595+00:00;humidity;83.80
4854;DHT22;3628;6.559;3.386;2026-01-11T17:27:34.557595+00:00;temperature;32.40
4854;DHT22;3628;6.559;3.386;2026-01-11T17:32:58.233318+00:00;humidity;84.70
4854;DHT22;3628;6.559;3.386;2026-01-11T17:32:58.233318+00:00;temperature;32.20
4853;pms5003;3628;6.559;3.386;2026-01-11T17:38:15.434602+00:00;P2;80.25
4853;pms5003;3628;6.559;3.386;2026-01-11T17:38:15.434602+00:00;P1;92.75
4853;pms5003;3628;6.559;3.386;2026-01-11T17:38:15.434602+00:00;P0;50.50
4854;DHT22;3628;6.559;3.386;2026-01-11T17:38:32.788528+00:00;humidity;84.70
4854;DHT22;3628;6.559;3.386;2026-01-11T17:38:32.788528+00:00;temperature;32.20
4853;pms5003;3628;6.559;3.386;2026-01-11T17:43:49.909723+00:00;P2;73.00
4853;pms5003;3628;6.559;3.386;2026-01-11T17:43:49.909723+00:00;P1;84.50
4853;pms5003;3628;6.559;3.386;2026-01-11T17:43:49.909723+00:00;P0;44.50
4853;pms5003;3628;6.559;3.386;2026-01-11T17:49:14.265345+00:00;P2;62.67
4853;pms5003;3628;6.559;3.386;2026-01-11T17:49:14.265345+00:00;P1;77.00
4853;pms5003;3628;6.559;3.386;2026-01-11T17:49:14.265345+00:00;P0;39.33
4854;DHT22;3628;6.559;3.386;2026-01-11T17:49:31.626507+00:00;humidity;85.40
4854;DHT22;3628;6.559;3.386;2026-01-11T17:49:31.626507+00:00;temperature;31.80
4853;pms5003;3628;6.559;3.386;2026-01-11T17:54:48.806252+00:00;P2;62.80
4853;pms5003;3628;6.559;3.386;2026-01-11T17:54:48.806252+00:00;P1;75.40
4853;pms5003;3628;6.559;3.386;2026-01-11T17:54:48.806252+00:00;P0;39.00
4854;DHT22;3628;6.559;3.386;2026-01-11T17:55:06.248337+00:00;humidity;85.40
4854;DHT22;3628;6.559;3.386;2026-01-11T17:55:06.248337+00:00;temperature;31.80
4853;pms5003;3628;6.559;3.386;2026-01-11T18:00:23.377275+00:00;P2;60.00
4853;pms5003;3628;6.559;3.386;2026-01-11T18:00:23.377275+00:00;P1;69.75
4853;pms5003;3628;6.559;3.386;2026-01-11T18:00:23.377275+00:00;P0;38.75
4854;DHT22;3628;6.559;3.386;2026-01-11T18:00:40.830805+00:00;humidity;83.80
4854;DHT22;3628;6.559;3.386;2026-01-11T18:00:40.830805+00:00;temperature;32.30
4854;DHT22;3628;6.559;3.386;2026-01-11T18:33:52.525837+00:00;humidity;84.60
4854;DHT22;3628;6.559;3.386;2026-01-11T18:33:52.525837+00:00;temperature;31.50
4853;pms5003;3628;6.559;3.386;2026-01-11T18:39:09.742386+00:00;P2;57.25
4853;pms5003;3628;6.559;3.386;2026-01-11T18:39:09.742386+00:00;P1;72.50
4853;pms5003;3628;6.559;3.386;2026-01-11T18:39:09.742386+00:00;P0;37.00
4854;DHT22;3628;6.559;3.386;2026-01-11T18:39:27.081722+00:00;humidity;84.30
4854;DHT22;3628;6.559;3.386;2026-01-11T18:39:27.081722+00:00;temperature;31.40
4853;pms5003;3628;6.559;3.386;2026-01-11T18:44:44.410565+00:00;P2;58.33
4853;pms5003;3628;6.559;3.386;2026-01-11T18:44:44.410565+00:00;P1;76.00
4853;pms5003;3628;6.559;3.386;2026-01-11T18:44:44.410565+00:00;P0;37.00
4853;pms5003;3628;6.559;3.386;2026-01-11T18:50:08.304015+00:00;P2;55.80
4853;pms5003;3628;6.559;3.386;2026-01-11T18:50:08.304015+00:00;P1;71.40
4853;pms5003;3628;6.559;3.386;2026-01-11T18:50:08.304015+00:00;P0;34.40
4854;DHT22;3628;6.559;3.386;2026-01-11T18:50:25.662577+00:00;humidity;84.60
4854;DHT22;3628;6.559;3.386;2026-01-11T18:50:25.662577+00:00;temperature;31.20
4853;pms5003;3628;6.559;3.386;2026-01-11T18:55:42.812327+00:00;P2;55.50
4853;pms5003;3628;6.559;3.386;2026-01-11T18:55:42.812327+00:00;P1;73.50
4853;pms5003;3628;6.559;3.386;2026-01-11T18:55:42.812327+00:00;P0;36.00
4854;DHT22;3628;6.559;3.386;2026-01-11T19:01:24.038060+00:00;humidity;85.10
4854;DHT22;3628;6.559;3.386;2026-01-11T19:01:24.038060+00:00;temperature;31.10
4853;pms5003;3628;6.559;3.386;2026-01-11T19:06:44.164458+00:00;P2;63.00
4853;pms5003;3628;6.559;3.386;2026-01-11T19:06:44.164458+00:00;P1;78.50
4853;pms5003;3628;6.559;3.386;2026-01-11T19:06:44.164458+00:00;P0;37.75
4854;DHT22;3628;6.559;3.386;2026-01-12T09:13:22.906447+00:00;humidity;83.40
4854;DHT22;3628;6.559;3.386;2026-01-12T09:13:22.906447+00:00;temperature;32.70
4853;pms5003;3628;6.559;3.386;2026-01-12T09:18:40.093800+00:00;P2;53.00
4853;pms5003;3628;6.559;3.386;2026-01-12T09:18:40.093800+00:00;P1;71.40
4853;pms5003;3628;6.559;3.386;2026-01-12T09:18:40.093800+00:00;P0;35.00
4854;DHT22;3628;6.559;3.386;2026-01-12T09:18:57.441278+00:00;humidity;81.70
4854;DHT22;3628;6.559;3.386;2026-01-12T09:18:57.441278+00:00;temperature;33.10
4853;pms5003;3628;6.559;3.386;2026-01-12T09:29:29.099419+00:00;P2;51.25
4853;pms5003;3628;6.559;3.386;2026-01-12T09:29:29.099419+00:00;P1;68.75
4853;pms5003;3628;6.559;3.386;2026-01-12T09:29:29.099419+00:00;P0;33.50
4854;DHT22;3628;6.559;3.386;2026-01-12T09:29:46.487406+00:00;humidity;78.90
4854;DHT22;3628;6.559;3.386;2026-01-12T09:29:46.487406+00:00;temperature;33.70
4853;pms5003;3628;6.559;3.386;2026-01-12T09:35:03.676436+00:00;P2;52.80
4853;pms5003;3628;6.559;3.386;2026-01-12T09:35:03.676436+00:00;P1;71.00
4853;pms5003;3628;6.559;3.386;2026-01-12T09:35:03.676436+00:00;P0;34.40
4853;pms5003;3628;6.559;3.386;2026-01-12T09:40:27.617622+00:00;P2;56.25
4853;pms5003;3628;6.559;3.386;2026-01-12T09:40:27.617622+00:00;P1;74.25
4853;pms5003;3628;6.559;3.386;2026-01-12T09:40:27.617622+00:00;P0;34.25
4853;pms5003;3628;6.559;3.386;2026-01-12T09:45:58.385053+00:00;humidity;78.20
4853;pms5003;3628;6.559;3.386;2026-01-12T09:45:58.385053+00:00;temperature;33.80
4853;pms5003;3628;6.559;3.386;2026-01-12T09:51:15.599479+00:00;P2;52.00
4853;pms5003;3628;6.559;3.386;2026-01-12T09:51:15.599479+00:00;P1;69.50
4853;pms5003;3628;6.559;3.386;2026-01-12T09:51:15.599479+00:00;P0;34.00
4854;DHT22;3628;6.559;3.386;2026-01-12T09:51:32.953121+00:00;humidity;77.60
4854;DHT22;3628;6.559;3.386;2026-01-12T09:51:32.953121+00:00;temperature;34.00
4853;pms5003;3628;6.559;3.386;2026-01-12T09:56:50.104500+00:00;P2;55.00
4853;pms5003;3628;6.559;3.386;2026-01-12T09:56:50.104500+00:00;P1;70.00
4853;pms5003;3628;6.559;3.386;2026-01-12T09:56:50.104500+00:00;P0;37.00
4854;DHT22;3628;6.559;3.386;2026-01-12T09:57:07.532751+00:00;humidity;76.40
4854;DHT22;3628;6.559;3.386;2026-01-12T09:57:07.532751+00:00;temperature;34.30
4854;DHT22;3628;6.559;3.386;2026-01-12T10:02:31.543244+00:00;humidity;74.00
4854;DHT22;3628;6.559;3.386;2026-01-12T10:02:31.543244+00:00;temperature;35.30
4854;DHT22;3628;6.559;3.386;2026-01-12T10:17:10.841335+00:00;humidity;71.10
4854;DHT22;3628;6.559;3.386;2026-01-12T10:17:10.841335+00:00;temperature;35.70
4854;DHT22;3628;6.559;3.386;2026-01-12T10:22:34.674254+00:00;humidity;71.20
4854;DHT22;3628;6.559;3.386;2026-01-12T10:22:34.674254+00:00;temperature;35.40
4853;pms5003;3628;6.559;3.386;2026-01-12T10:27:51.980415+00:00;P2;43.33
4853;pms5003;3628;6.559;3.386;2026-01-12T10:27:51.980415+00:00;P1;57.00
4853;pms5003;3628;6.559;3.386;2026-01-12T10:27:51.980415+00:00;P0;29.00
4854;DHT22;3628;6.559;3.386;2026-01-12T10:28:09.419121+00:00;humidity;69.20
4854;DHT22;3628;6.559;3.386;2026-01-12T10:28:09.419121+00:00;temperature;36.30
4853;pms5003;3628;6.559;3.386;2026-01-12T10:33:26.763559+00:00;P2;45.00
4853;pms5003;3628;6.559;3.386;2026-01-12T10:33:26.763559+00:00;P1;58.00
4853;pms5003;3628;6.559;3.386;2026-01-12T10:33:26.763559+00:00;P0;29.00
4854;DHT22;3628;6.559;3.386;2026-01-12T10:33:44.055072+00:00;humidity;68.00
4854;DHT22;3628;6.559;3.386;2026-01-12T10:33:44.055072+00:00;temperature;36.50
4853;pms5003;3628;6.559;3.386;2026-01-12T10:39:01.306743+00:00;P2;47.50
4853;pms5003;3628;6.559;3.386;2026-01-12T10:39:01.306743+00:00;P1;61.50
4853;pms5003;3628;6.559;3.386;2026-01-12T10:39:01.306743+00:00;P0;31.00
4854;DHT22;3628;6.559;3.386;2026-01-12T10:39:18.824951+00:00;humidity;67.30
4854;DHT22;3628;6.559;3.386;2026-01-12T10:39:18.824951+00:00;temperature;36.60
4854;DHT22;3628;6.559;3.386;2026-01-12T10:44:45.667429+00:00;humidity;67.50
4854;DHT22;3628;6.559;3.386;2026-01-12T10:44:45.667429+00:00;temperature;36.90
4853;pms5003;3628;6.559;3.386;2026-01-12T10:50:02.863120+00:00;P2;48.60
4853;pms5003;3628;6.559;3.386;2026-01-12T10:50:02.863120+00:00;P1;60.60
4853;pms5003;3628;6.559;3.386;2026-01-12T10:50:02.863120+00:00;P0;32.00
4854;DHT22;3628;6.559;3.386;2026-01-12T10:50:23.136465+00:00;humidity;66.70
4854;DHT22;3628;6.559;3.386;2026-01-12T10:50:23.136465+00:00;temperature;36.90
4854;DHT22;3628;6.559;3.386;2026-01-12T11:01:00.367045+00:00;humidity;66.90
4854;DHT22;3628;6.559;3.386;2026-01-12T11:01:00.367045+00:00;temperature;36.30
4853;pms5003;3628;6.559;3.386;2026-01-12T11:11:44.160087+00:00;P2;48.00
4853;pms5003;3628;6.559;3.386;2026-01-12T11:11:44.160087+00:00;P1;64.00
4853;pms5003;3628;6.559;3.386;2026-01-12T11:11:44.160087+00:00;P0;32.00
4854;DHT22;3628;6.559;3.386;2026-01-12T11:12:01.527788+00:00;humidity;65.00
4854;DHT22;3628;6.559;3.386;2026-01-12T11:12:01.527788+00:00;temperature;37.20
4853;pms5003;3628;6.559;3.386;2026-01-12T11:17:18.754368+00:00;P2;70.00
4853;pms5003;3628;6.559;3.386;2026-01-12T11:17:18.754368+00:00;P1;77.25
4853;pms5003;3628;6.559;3.386;2026-01-12T11:17:18.754368+00:00;P0;49.75
4854;DHT22;3628;6.559;3.386;2026-01-12T11:17:38.974804+00:00;humidity;66.50
4854;DHT22;3628;6.559;3.386;2026-01-12T11:17:38.974804+00:00;temperature;36.50
4853;pms5003;3628;6.559;3.386;2026-01-12T11:22:56.387766+00:00;P2;44.60
4853;pms5003;3628;6.559;3.386;2026-01-12T11:22:56.387766+00:00;P1;58.20
4853;pms5003;3628;6.559;3.386;2026-01-12T11:22:56.387766+00:00;P0;29.00
4854;DHT22;3628;6.559;3.386;2026-01-12T11:23:13.771024+00:00;humidity;66.50
4854;DHT22;3628;6.559;3.386;2026-01-12T11:23:13.771024+00:00;temperature;35.9
4853;pms5003;3628;6.559;3.386;2026-01-12T11:33:54.917278+00:00;P2;45.50
4853;pms5003;3628;6.559;3.386;2026-01-12T11:33:54.917278+00:00;P1;60.00
4853;pms5003;3628;6.559;3.386;2026-01-12T11:33:54.917278+00:00;P0;29.00
4854;DHT22;3628;6.559;3.386;2026-01-12T11:34:12.256853+00:00;humidity;57.60
4854;DHT22;3628;6.559;3.386;2026-01-12T11:34:12.256853+00:00;temperature;40.00
4853;pms5003;3628;6.559;3.386;2026-01-12T11:39:29.407798+00:00;P2;47.25
4853;pms5003;3628;6.559;3.386;2026-01-12T11:39:29.407798+00:00;P1;62.25
4853;pms5003;3628;6.559;3.386;2026-01-12T11:39:29.407798+00:00;P0;31.75
4853;pms5003;3628;6.559;3.386;2026-01-12T11:44:53.603142+00:00;P2;49.50
4853;pms5003;3628;6.559;3.386;2026-01-12T11:44:53.603142+00:00;P1;64.75
4853;pms5003;3628;6.559;3.386;2026-01-12T11:44:53.603142+00:00;P0;33.00
4853;pms5003;3628;6.559;3.386;2026-01-12T11:55:41.601899+00:00;P2;47.25
4853;pms5003;3628;6.559;3.386;2026-01-12T11:55:41.601899+00:00;P1;65.50
4853;pms5003;3628;6.559;3.386;2026-01-12T11:55:41.601899+00:00;P0;31.25
4853;pms5003;3628;6.559;3.386;2026-01-12T12:01:08.505388+00:00;P2;49.25
4853;pms5003;3628;6.559;3.386;2026-01-12T12:01:08.505388+00:00;P1;65.75
4853;pms5003;3628;6.559;3.386;2026-01-12T12:01:08.505388+00:00;P0;31.25
4854;DHT22;3628;6.559;3.386;2026-01-12T12:01:28.876861+00:00;humidity;57.70
4854;DHT22;3628;6.559;3.386;2026-01-12T12:01:28.876861+00:00;temperature;39.40
4854;DHT22;3628;6.559;3.386;2026-01-12T12:12:16.506466+00:00;humidity;59.00
4854;DHT22;3628;6.559;3.386;2026-01-12T12:12:16.506466+00:00;temperature;38.60
4854;DHT22;3628;6.559;3.386;2026-01-12T12:17:40.389130+00:00;humidity;59.60
4854;DHT22;3628;6.559;3.386;2026-01-12T12:17:40.389130+00:00;temperature;38.50
4853;pms5003;3628;6.559;3.386;2026-01-12T12:22:57.604619+00:00;P2;57.00
4853;pms5003;3628;6.559;3.386;2026-01-12T12:22:57.604619+00:00;P1;71.75
4853;pms5003;3628;6.559;3.386;2026-01-12T12:22:57.604619+00:00;P0;39.00
4854;DHT22;3628;6.559;3.386;2026-01-12T12:23:15.199315+00:00;humidity;60.50
4854;DHT22;3628;6.559;3.386;2026-01-12T12:23:15.199315+00:00;temperature;37.90
4853;pms5003;3628;6.559;3.386;2026-01-12T12:28:32.306980+00:00;P2;51.25
4853;pms5003;3628;6.559;3.386;2026-01-12T12:28:32.306980+00:00;P1;67.25
4853;pms5003;3628;6.559;3.386;2026-01-12T12:28:32.306980+00:00;P0;33.50
4854;DHT22;3628;6.559;3.386;2026-01-12T12:28:49.696603+00:00;humidity;60.80
4854;DHT22;3628;6.559;3.386;2026-01-12T12:28:49.696603+00:00;temperature;37.90
4854;DHT22;3628;6.559;3.386;2026-01-12T12:34:24.275995+00:00;humidity;61.30
4854;DHT22;3628;6.559;3.386;2026-01-12T12:34:24.275995+00:00;temperature;37.00
4853;pms5003;3628;6.559;3.386;2026-01-12T12:50:19.384999+00:00;P2;47.80
4853;pms5003;3628;6.559;3.386;2026-01-12T12:50:19.384999+00:00;P1;63.20
4853;pms5003;3628;6.559;3.386;2026-01-12T12:50:19.384999+00:00;P0;32.80
4854;DHT22;3628;6.559;3.386;2026-01-12T12:50:36.782531+00:00;humidity;51.40
4854;DHT22;3628;6.559;3.386;2026-01-12T12:50:36.782531+00:00;temperature;41.80
4853;pms5003;3628;6.559;3.386;2026-01-12T12:55:54.023751+00:00;P2;52.00
4853;pms5003;3628;6.559;3.386;2026-01-12T12:55:54.023751+00:00;P1;70.75
4853;pms5003;3628;6.559;3.386;2026-01-12T12:55:54.023751+00:00;P0;35.75
4854;DHT22;3628;6.559;3.386;2026-01-12T12:56:11.433203+00:00;humidity;56.00
4854;DHT22;3628;6.559;3.386;2026-01-12T12:56:11.433203+00:00;temperature;40.00
4854;DHT22;3628;6.559;3.386;2026-01-12T13:01:46.356006+00:00;humidity;58.30
4854;DHT22;3628;6.559;3.386;2026-01-12T13:01:46.356006+00:00;temperature;38.70
4853;pms5003;3628;6.559;3.386;2026-01-12T13:07:03.455182+00:00;P2;46.00
4853;pms5003;3628;6.559;3.386;2026-01-12T13:07:03.455182+00:00;P1;62.00
4853;pms5003;3628;6.559;3.386;2026-01-12T13:07:03.455182+00:00;P0;31.00
4854;DHT22;3628;6.559;3.386;2026-01-12T13:07:20.819882+00:00;humidity;58.80
4854;DHT22;3628;6.559;3.386;2026-01-12T13:07:20.819882+00:00;temperature;38.90
4853;pms5003;3628;6.559;3.386;2026-01-12T13:12:38.036153+00:00;P2;47.00
4853;pms5003;3628;6.559;3.386;2026-01-12T13:12:38.036153+00:00;P1;63.00
4853;pms5003;3628;6.559;3.386;2026-01-12T13:12:38.036153+00:00;P0;32.33
4854;DHT22;3628;6.559;3.386;2026-01-12T13:18:22.297070+00:00;humidity;58.50
4854;DHT22;3628;6.559;3.386;2026-01-12T13:18:22.297070+00:00;temperature;38.60
4853;pms5003;3628;6.559;3.386;2026-01-12T13:23:39.593429+00:00;P2;42.00
4853;pms5003;3628;6.559;3.386;2026-01-12T13:23:39.593429+00:00;P1;57.00
4853;pms5003;3628;6.559;3.386;2026-01-12T13:23:39.593429+00:00;P0;28.00
4854;DHT22;3628;6.559;3.386;2026-01-12T13:29:21.330832+00:00;humidity;57.60
4854;DHT22;3628;6.559;3.386;2026-01-12T13:29:21.330832+00:00;temperature;39.00
4853;pms5003;3628;6.559;3.386;2026-01-12T13:34:38.621428+00:00;P2;46.00
4853;pms5003;3628;6.559;3.386;2026-01-12T13:34:38.621428+00:00;P1;57.00
4853;pms5003;3628;6.559;3.386;2026-01-12T13:34:38.621428+00:00;P0;30.00
4853;pms5003;3628;6.559;3.386;2026-01-12T13:34:56.080747+00:00;humidity;58.20
4853;pms5003;3628;6.559;3.386;2026-01-12T13:34:56.080747+00:00;temperature;38.20
4853;pms5003;3628;6.559;3.386;2026-01-12T13:40:13.303197+00:00;P2;43.00
4853;pms5003;3628;6.559;3.386;2026-01-12T13:40:13.303197+00:00;P1;54.75
4853;pms5003;3628;6.559;3.386;2026-01-12T13:40:13.303197+00:00;P0;29.00
4854;DHT22;3628;6.559;3.386;2026-01-12T13:40:30.717206+00:00;humidity;56.00
4854;DHT22;3628;6.559;3.386;2026-01-12T13:40:30.717206+00:00;temperature;39.50
4853;pms5003;3628;6.559;3.386;2026-01-12T13:51:12.036740+00:00;P2;47.40
4853;pms5003;3628;6.559;3.386;2026-01-12T13:51:12.036740+00:00;P1;61.00
4853;pms5003;3628;6.559;3.386;2026-01-12T13:51:12.036740+00:00;P0;31.00
4854;DHT22;3628;6.559;3.386;2026-01-12T13:51:29.362193+00:00;humidity;55.40
4854;DHT22;3628;6.559;3.386;2026-01-12T13:51:29.362193+00:00;temperature;39.60
4853;pms5003;3628;6.559;3.386;2026-01-12T13:56:46.578543+00:00;P2;46.50
4853;pms5003;3628;6.559;3.386;2026-01-12T13:56:46.578543+00:00;P1;62.25
4853;pms5003;3628;6.559;3.386;2026-01-12T13:56:46.578543+00:00;P0;30.00
4854;DHT22;3628;6.559;3.386;2026-01-12T13:57:04.058573+00:00;humidity;56.70
4854;DHT22;3628;6.559;3.386;2026-01-12T13:57:04.058573+00:00;temperature;39.50
4853;pms5003;3628;6.559;3.386;2026-01-12T14:29:22.404200+00:00;P2;53.00
4853;pms5003;3628;6.559;3.386;2026-01-12T14:29:22.404200+00:00;P1;69.00
4853;pms5003;3628;6.559;3.386;2026-01-12T14:29:22.404200+00:00;P0;34.00
4853;pms5003;3628;6.559;3.386;2026-01-12T14:34:46.218509+00:00;P2;51.50
4853;pms5003;3628;6.559;3.386;2026-01-12T14:34:46.218509+00:00;P1;67.00
4853;pms5003;3628;6.559;3.386;2026-01-12T14:34:46.218509+00:00;P0;34.00
4854;DHT22;3628;6.559;3.386;2026-01-12T14:35:03.590886+00:00;humidity;56.90
4854;DHT22;3628;6.559;3.386;2026-01-12T14:35:03.590886+00:00;temperature;39.80
4853;pms5003;3628;6.559;3.386;2026-01-12T14:40:20.759168+00:00;P2;54.40
4853;pms5003;3628;6.559;3.386;2026-01-12T14:40:20.759168+00:00;P1;71.40
4853;pms5003;3628;6.559;3.386;2026-01-12T14:40:20.759168+00:00;P0;36.00
4854;DHT22;3628;6.559;3.386;2026-01-12T14:40:38.123049+00:00;humidity;57.40
4854;DHT22;3628;6.559;3.386;2026-01-12T14:40:38.123049+00:00;temperature;39.80
4854;DHT22;3628;6.559;3.386;2026-01-12T14:46:01.917919+00:00;humidity;59.60
4854;DHT22;3628;6.559;3.386;2026-01-12T14:46:01.917919+00:00;temperature;39.40
4854;DHT22;3628;6.559;3.386;2026-01-12T14:51:25.774783+00:00;humidity;60.70
4854;DHT22;3628;6.559;3.386;2026-01-12T14:51:25.774783+00:00;temperature;38.90
4853;pms5003;3628;6.559;3.386;2026-01-12T14:56:42.982581+00:00;P2;54.00
4853;pms5003;3628;6.559;3.386;2026-01-12T14:56:42.982581+00:00;P1;72.33
4853;pms5003;3628;6.559;3.386;2026-01-12T14:56:42.982581+00:00;P0;35.67
4853;pms5003;3628;6.559;3.386;2026-01-12T15:02:17.613445+00:00;P2;52.67
4853;pms5003;3628;6.559;3.386;2026-01-12T15:02:17.613445+00:00;P1;71.33
4853;pms5003;3628;6.559;3.386;2026-01-12T15:02:17.613445+00:00;P0;36.00
4854;DHT22;3628;6.559;3.386;2026-01-12T15:02:34.963289+00:00;humidity;60.80
4854;DHT22;3628;6.559;3.386;2026-01-12T15:02:34.963289+00:00;temperature;38.50
4854;DHT22;3628;6.559;3.386;2026-01-12T15:07:58.666431+00:00;humidity;61.70
4854;DHT22;3628;6.559;3.386;2026-01-12T15:07:58.666431+00:00;temperature;38.20
4854;DHT22;3628;6.559;3.386;2026-01-12T15:13:33.218569+00:00;humidity;60.50
4854;DHT22;3628;6.559;3.386;2026-01-12T15:13:33.218569+00:00;temperature;38.70
4854;DHT22;3628;6.559;3.386;2026-01-12T15:19:07.739949+00:00;humidity;59.80
4854;DHT22;3628;6.559;3.386;2026-01-12T15:19:07.739949+00:00;temperature;39.00
4853;pms5003;3628;6.559;3.386;2026-01-12T15:24:25.041382+00:00;P2;50.25
4853;pms5003;3628;6.559;3.386;2026-01-12T15:24:25.041382+00:00;P1;65.75
4853;pms5003;3628;6.559;3.386;2026-01-12T15:24:25.041382+00:00;P0;32.75
4853;pms5003;3628;6.559;3.386;2026-01-12T15:29:49.091791+00:00;P2;50.50
4853;pms5003;3628;6.559;3.386;2026-01-12T15:29:49.091791+00:00;P1;66.75
4853;pms5003;3628;6.559;3.386;2026-01-12T15:29:49.091791+00:00;P0;33.00
4853;pms5003;3628;6.559;3.386;2026-01-12T15:35:23.770772+00:00;P2;47.50
4853;pms5003;3628;6.559;3.386;2026-01-12T15:35:23.770772+00:00;P1;63.00
4853;pms5003;3628;6.559;3.386;2026-01-12T15:35:23.770772+00:00;P0;30.75
4854;DHT22;3628;6.559;3.386;2026-01-12T15:46:24.040688+00:00;humidity;62.00
4854;DHT22;3628;6.559;3.386;2026-01-12T15:46:24.040688+00:00;temperature;37.70
4854;DHT22;3628;6.559;3.386;2026-01-12T15:51:58.597117+00:00;humidity;61.00
4854;DHT22;3628;6.559;3.386;2026-01-12T15:51:58.597117+00:00;temperature;37.90
4854;DHT22;3628;6.559;3.386;2026-01-12T15:57:22.924950+00:00;humidity;61.10
4854;DHT22;3628;6.559;3.386;2026-01-12T15:57:22.924950+00:00;temperature;37.70
4853;pms5003;3628;6.559;3.386;2026-01-12T16:02:40.193906+00:00;P2;49.75
4853;pms5003;3628;6.559;3.386;2026-01-12T16:02:40.193906+00:00;P1;65.25
4853;pms5003;3628;6.559;3.386;2026-01-12T16:02:40.193906+00:00;P0;32.25
4854;DHT22;3628;6.559;3.386;2026-01-12T16:02:57.519385+00:00;humidity;61.40
4854;DHT22;3628;6.559;3.386;2026-01-12T16:02:57.519385+00:00;temperature;37.80
4854;DHT22;3628;6.559;3.386;2026-01-12T16:08:21.248820+00:00;humidity;62.50
4854;DHT22;3628;6.559;3.386;2026-01-12T16:08:21.248820+00:00;temperature;37.30
4854;DHT22;3628;6.559;3.386;2026-01-12T16:13:47.856266+00:00;humidity;63.80
4854;DHT22;3628;6.559;3.386;2026-01-12T16:13:47.856266+00:00;temperature;37.00
4854;DHT22;3628;6.559;3.386;2026-01-12T16:19:11.577203+00:00;humidity;63.70
4854;DHT22;3628;6.559;3.386;2026-01-12T16:19:11.577203+00:00;temperature;36.80
4853;pms5003;3628;6.559;3.386;2026-01-12T16:24:28.774423+00:00;P2;47.00
4853;pms5003;3628;6.559;3.386;2026-01-12T16:24:28.774423+00:00;P1;57.00
4853;pms5003;3628;6.559;3.386;2026-01-12T16:24:28.774423+00:00;P0;31.50
4854;DHT22;3628;6.559;3.386;2026-01-12T16:24:46.137785+00:00;humidity;64.90
4854;DHT22;3628;6.559;3.386;2026-01-12T16:24:46.137785+00:00;temperature;36.60
4853;pms5003;3628;6.559;3.386;2026-01-12T16:30:03.351412+00:00;P2;44.00
4853;pms5003;3628;6.559;3.386;2026-01-12T16:30:03.351412+00:00;P1;61.67
4853;pms5003;3628;6.559;3.386;2026-01-12T16:30:03.351412+00:00;P0;29.67
4854;DHT22;3628;6.559;3.386;2026-01-12T16:30:20.917983+00:00;humidity;66.00
4854;DHT22;3628;6.559;3.386;2026-01-12T16:30:20.917983+00:00;temperature;36.00
4854;DHT22;3628;6.559;3.386;2026-01-12T16:35:55.468920+00:00;humidity;66.50
4854;DHT22;3628;6.559;3.386;2026-01-12T16:35:55.468920+00:00;temperature;35.90
4854;DHT22;3628;6.559;3.386;2026-01-12T16:46:36.100527+00:00;humidity;69.40
4854;DHT22;3628;6.559;3.386;2026-01-12T16:46:36.100527+00:00;temperature;34.90
4853;pms5003;3628;6.559;3.386;2026-01-12T16:51:53.315769+00:00;P2;45.00
4853;pms5003;3628;6.559;3.386;2026-01-12T16:51:53.315769+00:00;P1;59.50
4853;pms5003;3628;6.559;3.386;2026-01-12T16:51:53.315769+00:00;P0;30.00
4854;DHT22;3628;6.559;3.386;2026-01-12T16:52:10.679752+00:00;humidity;69.60
4854;DHT22;3628;6.559;3.386;2026-01-12T16:52:10.679752+00:00;temperature;34.80
4853;pms5003;3628;6.559;3.386;2026-01-12T16:57:27.917496+00:00;P2;48.67
4853;pms5003;3628;6.559;3.386;2026-01-12T16:57:27.917496+00:00;P1;63.00
4853;pms5003;3628;6.559;3.386;2026-01-12T16:57:27.917496+00:00;P0;31.67
4854;DHT22;3628;6.559;3.386;2026-01-12T16:57:45.294967+00:00;humidity;70.30
4854;DHT22;3628;6.559;3.386;2026-01-12T16:57:45.294967+00:00;temperature;34.60
4854;DHT22;3628;6.559;3.386;2026-01-12T17:08:26.599586+00:00;P2;61.00
4854;DHT22;3628;6.559;3.386;2026-01-12T17:08:26.599586+00:00;P1;74.67
4854;DHT22;3628;6.559;3.386;2026-01-12T17:08:26.599586+00:00;P0;39.00
4854;DHT22;3628;6.559;3.386;2026-01-12T17:08:44.275406+00:00;humidity;70.10
4854;DHT22;3628;6.559;3.386;2026-01-12T17:08:44.275406+00:00;temperature;34.40
4854;DHT22;3628;6.559;3.386;2026-01-12T17:14:08.053106+00:00;humidity;69.40
4854;DHT22;3628;6.559;3.386;2026-01-12T17:14:08.053106+00:00;temperature;34.40
4854;DHT22;3628;6.559;3.386;2026-01-12T17:19:32.028820+00:00;humidity;68.70
4854;DHT22;3628;6.559;3.386;2026-01-12T17:19:32.028820+00:00;temperature;34.30
4853;pms5003;3628;6.559;3.386;2026-01-12T17:24:49.116784+00:00;P2;48.00
4853;pms5003;3628;6.559;3.386;2026-01-12T17:24:49.116784+00:00;P1;62.50
4853;pms5003;3628;6.559;3.386;2026-01-12T17:24:49.116784+00:00;P0;31.25
4854;DHT22;3628;6.559;3.386;2026-01-12T17:25:06.545176+00:00;humidity;69.60
4854;DHT22;3628;6.559;3.386;2026-01-12T17:25:06.545176+00:00;temperature;33.80
4854;DHT22;3628;6.559;3.386;2026-01-12T17:30:41.152659+00:00;humidity;70.60
4854;DHT22;3628;6.559;3.386;2026-01-12T17:30:41.152659+00:00;temperature;33.70
4854;DHT22;3628;6.559;3.386;2026-01-12T17:36:15.677417+00:00;humidity;71.80
4854;DHT22;3628;6.559;3.386;2026-01-12T17:36:15.677417+00:00;temperature;33.40
4854;DHT22;3628;6.559;3.386;2026-01-12T17:41:39.848330+00:00;humidity;72.80
4854;DHT22;3628;6.559;3.386;2026-01-12T17:41:39.848330+00:00;temperature;33.30
4853;pms5003;3628;6.559;3.386;2026-01-12T17:52:20.929809+00:00;P2;48.25
4853;pms5003;3628;6.559;3.386;2026-01-12T17:52:20.929809+00:00;P1;64.00
4853;pms5003;3628;6.559;3.386;2026-01-12T17:52:20.929809+00:00;P0;31.00
4854;DHT22;3628;6.559;3.386;2026-01-12T17:52:38.314931+00:00;humidity;74.30
4854;DHT22;3628;6.559;3.386;2026-01-12T17:52:38.314931+00:00;temperature;32.90
4853;pms5003;3628;6.559;3.386;2026-01-12T17:57:55.514913+00:00;P2;50.75
4853;pms5003;3628;6.559;3.386;2026-01-12T17:57:55.514913+00:00;P1;67.75
4853;pms5003;3628;6.559;3.386;2026-01-12T17:57:55.514913+00:00;P0;33.00
4854;DHT22;3628;6.559;3.386;2026-01-12T17:58:12.912732+00:00;humidity;74.80
4854;DHT22;3628;6.559;3.386;2026-01-12T17:58:12.912732+00:00;temperature;32.90
4853;pms5003;3628;6.559;3.386;2026-01-12T18:03:30.163772+00:00;P2;52.00
4853;pms5003;3628;6.559;3.386;2026-01-12T18:03:30.163772+00:00;P1;69.75
4853;pms5003;3628;6.559;3.386;2026-01-12T18:03:30.163772+00:00;P0;34.00
4853;pms5003;3628;6.559;3.386;2026-01-12T18:03:47.519852+00:00;humidity;75.30
4853;pms5003;3628;6.559;3.386;2026-01-12T18:03:47.519852+00:00;temperature;32.80
4853;pms5003;3628;6.559;3.386;2026-01-12T18:09:04.712004+00:00;P2;51.00
4853;pms5003;3628;6.559;3.386;2026-01-12T18:09:04.712004+00:00;P1;65.33
4853;pms5003;3628;6.559;3.386;2026-01-12T18:09:04.712004+00:00;P0;33.33
4854;DHT22;3628;6.559;3.386;2026-01-12T18:09:22.077103+00:00;humidity;75.70
4854;DHT22;3628;6.559;3.386;2026-01-12T18:09:22.077103+00:00;temperature;32.60
4854;DHT22;3628;6.559;3.386;2026-01-12T18:41:55.363678+00:00;humidity;79.40
4854;DHT22;3628;6.559;3.386;2026-01-12T18:41:55.363678+00:00;temperature;32.20
4854;DHT22;3628;6.559;3.386;2026-01-12T18:47:19.640646+00:00;humidity;80.00
4854;DHT22;3628;6.559;3.386;2026-01-12T18:47:19.640646+00:00;temperature;32.10
4853;pms5003;3628;6.559;3.386;2026-01-12T18:52:36.887344+00:00;P2;57.50
4853;pms5003;3628;6.559;3.386;2026-01-12T18:52:36.887344+00:00;P1;72.50
4853;pms5003;3628;6.559;3.386;2026-01-12T18:52:36.887344+00:00;P0;35.50
4853;pms5003;3628;6.559;3.386;2026-01-12T18:58:00.876537+00:00;P2;53.25
4853;pms5003;3628;6.559;3.386;2026-01-12T18:58:00.876537+00:00;P1;67.75
4853;pms5003;3628;6.559;3.386;2026-01-12T18:58:00.876537+00:00;P0;35.00
4854;DHT22;3628;6.559;3.386;2026-01-12T18:58:18.186773+00:00;humidity;80.30
4854;DHT22;3628;6.559;3.386;2026-01-12T18:58:18.186773+00:00;temperature;32.00
4853;pms5003;3628;6.559;3.386;2026-01-12T19:08:48.836945+00:00;P2;50.00
4853;pms5003;3628;6.559;3.386;2026-01-12T19:08:48.836945+00:00;P1;67.25
4853;pms5003;3628;6.559;3.386;2026-01-12T19:08:48.836945+00:00;P0;33. 0
4853;pms5003;3628;6.559;3.386;2026-01-12T19:14:12.516090+00:00;P2;53.75
4853;pms5003;3628;6.559;3.386;2026-01-12T19:14:12.516090+00:00;P1;71.25
4853;pms5003;3628;6.559;3.386;2026-01-12T19:14:12.516090+00:00;P0;34.00
4854;DHT22;3628;6.559;3.386;2026-01-12T19:14:29.890667+00:00;humidity;81.60
4854;DHT22;3628;6.559;3.386;2026-01-12T19:14:29.890667+00:00;temperature;31.90
4853;pms5003;3628;6.559;3.386;2026-01-12T19:19:47.036342+00:00;P2;51.25
4853;pms5003;3628;6.559;3.386;2026-01-12T19:19:47.036342+00:00;P1;68.75
4853;pms5003;3628;6.559;3.386;2026-01-12T19:19:47.036342+00:00;P0;32.75
4854;DHT22;3628;6.559;3.386;2026-01-12T19:20:04.431659+00:00;humidity;81.80
4854;DHT22;3628;6.559;3.386;2026-01-12T19:20:04.431659+00:00;temperature;31.90
4853;pms5003;3628;6.559;3.386;2026-01-12T19:25:21.756497+00:00;P2;54.33
4853;pms5003;3628;6.559;3.386;2026-01-12T19:25:21.756497+00:00;P1;72.00
4853;pms5003;3628;6.559;3.386;2026-01-12T19:25:21.756497+00:00;P0;35.00
4854;DHT22;3628;6.559;3.386;2026-01-12T19:25:38.953647+00:00;humidity;82.10
4854;DHT22;3628;6.559;3.386;2026-01-12T19:25:38.953647+00:00;temperature;31.80
4853;pms5003;3628;6.559;3.386;2026-01-12T19:30:56.161410+00:00;P2;52.00
4853;pms5003;3628;6.559;3.386;2026-01-12T19:30:56.161410+00:00;P1;66.50
4853;pms5003;3628;6.559;3.386;2026-01-12T19:30:56.161410+00:00;P0;34.00
4854;DHT22;3628;6.559;3.386;2026-01-12T19:31:13.512128+00:00;humidity;82.50
4854;DHT22;3628;6.559;3.386;2026-01-12T19:31:13.512128+00:00;temperature;31.80
4854;DHT22;3628;6.559;3.386;2026-01-12T19:36:37.406857+00:00;humidity;82.40
4854;DHT22;3628;6.559;3.386;2026-01-12T19:36:37.406857+00:00;temperature;31.80
4853;pms5003;3628;6.559;3.386;2026-01-12T19:41:54.717546+00:00;P2;55.67
4853;pms5003;3628;6.559;3.386;2026-01-12T19:41:54.717546+00:00;P1;72.33
4853;pms5003;3628;6.559;3.386;2026-01-12T19:41:54.717546+00:00;P0;35.00
4854;DHT22;3628;6.559;3.386;2026-01-12T19:42:12.107563+00:00;humidity;82.30
4854;DHT22;3628;6.559;3.386;2026-01-12T19:42:12.107563+00:00;temperature;31.80
4854;DHT22;3628;6.559;3.386;2026-01-12T19:47:46.630847+00:00;humidity;82.90
4854;DHT22;3628;6.559;3.386;2026-01-12T19:47:46.630847+00:00;temperature;31.80
4853;pms5003;3628;6.559;3.386;2026-01-12T19:53:03.765134+00:00;P2;55.00
4853;pms5003;3628;6.559;3.386;2026-01-12T19:53:03.765134+00:00;P1;69.00
4853;pms5003;3628;6.559;3.386;2026-01-12T19:53:03.765134+00:00;P0;33.67
4853;pms5003;3628;6.559;3.386;2026-01-12T19:58:27.514949+00:00;P2;53.50
4853;pms5003;3628;6.559;3.386;2026-01-12T19:58:27.514949+00:00;P1;71.75
4853;pms5003;3628;6.559;3.386;2026-01-12T19:58:27.514949+00:00;P0;34.00
4854;DHT22;3628;6.559;3.386;2026-01-12T19:58:44.961582+00:00;humidity;83.20
4854;DHT22;3628;6.559;3.386;2026-01-12T19:58:44.961582+00:00;temperature;31.70
4853;pms5003;3628;6.559;3.386;2026-01-12T20:04:02.249538+00:00;P2;52.80
4853;pms5003;3628;6.559;3.386;2026-01-12T20:04:02.249538+00:00;P1;69.20
4853;pms5003;3628;6.559;3.386;2026-01-12T20:04:02.249538+00:00;P0;33.40
4853;pms5003;3628;6.559;3.386;2026-01-12T20:09:26.450643+00:00;P2;57.75
4853;pms5003;3628;6.559;3.386;2026-01-12T20:09:26.450643+00:00;P1;74.75
4853;pms5003;3628;6.559;3.386;2026-01-12T20:09:26.450643+00:00;P0;37.00
4854;DHT22;3628;6.559;3.386;2026-01-12T20:09:43.822114+00:00;humidity;83.80
4854;DHT22;3628;6.559;3.386;2026-01-12T20:09:43.822114+00:00;temperature;31.60
4853;pms5003;3628;6.559;3.386;2026-01-12T20:15:01.139815+00:00;P2;54.80
4853;pms5003;3628;6.559;3.386;2026-01-12T20:15:01.139815+00:00;P1;70.60
4853;pms5003;3628;6.559;3.386;2026-01-12T20:15:01.139815+00:00;P0;34.00
4854;DHT22;3628;6.559;3.386;2026-01-12T20:20:42.207751+00:00;humidity;84.40
4854;DHT22;3628;6.559;3.386;2026-01-12T20:20:42.207751+00:00;temperature;31.60
4853;pms5003;3628;6.559;3.386;2026-01-12T20:25:59.376224+00:00;P2;60.50
4853;pms5003;3628;6.559;3.386;2026-01-12T20:25:59.376224+00:00;P1;74.75
4853;pms5003;3628;6.559;3.386;2026-01-12T20:25:59.376224+00:00;P0;37.00
4854;DHT22;3628;6.559;3.386;2026-01-12T20:26:16.746145+00:00;humidity;84.00
4854;DHT22;3628;6.559;3.386;2026-01-12T20:26:16.746145+00:00;temperature;31.60
4853;pms5003;3628;6.559;3.386;2026-01-12T20:31:33.932163+00:00;P2;66.50
4853;pms5003;3628;6.559;3.386;2026-01-12T20:31:33.932163+00:00;P1;78.50
4853;pms5003;3628;6.559;3.386;2026-01-12T20:31:33.932163+00:00;P0;41.00
4854;DHT22;3628;6.559;3.386;2026-01-12T20:31:51.302792+00:00;humidity;84.40
4854;DHT22;3628;6.559;3.386;2026-01-12T20:31:51.302792+00:00;temperature;31.50
4854;DHT22;3628;6.559;3.386;2026-01-12T20:37:15.125306+00:00;humidity;84.40
4854;DHT22;3628;6.559;3.386;2026-01-12T20:37:15.125306+00:00;temperature;31.50
4853;pms5003;3628;6.559;3.386;2026-01-12T20:42:32.389279+00:00;P2;64.75
4853;pms5003;3628;6.559;3.386;2026-01-12T20:42:32.389279+00:00;P1;77.00
4853;pms5003;3628;6.559;3.386;2026-01-12T20:42:32.389279+00:00;P0;40.00
4854;DHT22;3628;6.559;3.386;2026-01-12T20:53:15.524012+00:00;humidity;84.70
4854;DHT22;3628;6.559;3.386;2026-01-12T20:53:15.524012+00:00;temperature;31.40
4853;pms5003;3628;6.559;3.386;2026-01-12T20:58:32.734959+00:00;P2;61.00
4853;pms5003;3628;6.559;3.386;2026-01-12T20:58:32.734959+00:00;P1;75.00
4853;pms5003;3628;6.559;3.386;2026-01-12T20:58:32.734959+00:00;P0;37.00
4854;DHT22;3628;6.559;3.386;2026-01-12T20:58:50.114448+00:00;humidity;84.80
4854;DHT22;3628;6.559;3.386;2026-01-12T20:58:50.114448+00:00;temperature;31.40
4853;pms5003;3628;6.559;3.386;2026-01-12T21:04:07.362231+00:00;P2;64.75
4853;pms5003;3628;6.559;3.386;2026-01-12T21:04:07.362231+00:00;P1;76.00
4853;pms5003;3628;6.559;3.386;2026-01-12T21:04:07.362231+00:00;P0;39.50
4853;pms5003;3628;6.559;3.386;2026-01-12T21:09:31.366712+00:00;P2;69.50
4853;pms5003;3628;6.559;3.386;2026-01-12T21:09:31.366712+00:00;P1;82.50
4853;pms5003;3628;6.559;3.386;2026-01-12T21:09:31.366712+00:00;P0;43.75
4854;DHT22;3628;6.559;3.386;2026-01-12T21:09:48.800758+00:00;humidity;85.00
4854;DHT22;3628;6.559;3.386;2026-01-12T21:09:48.800758+00:00;temperature;31.50
4854;DHT22;3628;6.559;3.386;2026-01-12T21:15:12.760585+00:00;humidity;85.30
4854;DHT22;3628;6.559;3.386;2026-01-12T21:15:12.760585+00:00;temperature;31.40
4853;pms5003;3628;6.559;3.386;2026-01-12T21:20:29.955062+00:00;P2;82.00
4853;pms5003;3628;6.559;3.386;2026-01-12T21:20:29.955062+00:00;P1;88.50
4853;pms5003;3628;6.559;3.386;2026-01-12T21:20:29.955062+00:00;P0;53.00
4853;pms5003;3628;6.559;3.386;2026-01-12T21:25:53.810978+00:00;P2;68.67
4853;pms5003;3628;6.559;3.386;2026-01-12T21:25:53.810978+00:00;P1;79.67
4853;pms5003;3628;6.559;3.386;2026-01-12T21:25:53.810978+00:00;P0;41.00
4854;DHT22;3628;6.559;3.386;2026-01-12T21:26:11.172796+00:00;humidity;85.90
4854;DHT22;3628;6.559;3.386;2026-01-12T21:26:11.172796+00:00;temperature;31.30
4854;DHT22;3628;6.559;3.386;2026-01-12T21:31:35.085994+00:00;humidity;86.20
4854;DHT22;3628;6.559;3.386;2026-01-12T21:31:35.085994+00:00;temperature;31.30
4853;pms5003;3628;6.559;3.386;2026-01-12T21:36:52.360969+00:00;P2;67.00
4853;pms5003;3628;6.559;3.386;2026-01-12T21:36:52.360969+00:00;P1;78.00
4853;pms5003;3628;6.559;3.386;2026-01-12T21:36:52.360969+00:00;P0;40.75
4854;DHT22;3628;6.559;3.386;2026-01-12T21:37:09.709780+00:00;humidity;86.40
4854;DHT22;3628;6.559;3.386;2026-01-12T21:37:09.709780+00:00;temperature;31.30
4853;pms5003;3628;6.559;3.386;2026-01-12T21:52:55.195839+00:00;P2;161.67
4853;pms5003;3628;6.559;3.386;2026-01-12T21:52:55.195839+00:00;P1;188.33
4853;pms5003;3628;6.559;3.386;2026-01-12T21:52:55.195839+00:00;P0;92.67
4853;pms5003;3628;6.559;3.386;2026-01-12T21:58:19.107138+00:00;P2;198.50
4853;pms5003;3628;6.559;3.386;2026-01-12T21:58:19.107138+00:00;P1;214.00
4853;pms5003;3628;6.559;3.386;2026-01-12T21:58:19.107138+00:00;P0;114.50
4854;DHT22;3628;6.559;3.386;2026-01-12T21:58:36.436448+00:00;humidity;87.80
4854;DHT22;3628;6.559;3.386;2026-01-12T21:58:36.436448+00:00;temperature;31.10
4853;pms5003;3628;6.559;3.386;2026-01-12T22:03:53.621752+00:00;P2;213.40
4853;pms5003;3628;6.559;3.386;2026-01-12T22:03:53.621752+00:00;P1;234.60
4853;pms5003;3628;6.559;3.386;2026-01-12T22:03:53.621752+00:00;P0;115.80
4854;DHT22;3628;6.559;3.386;2026-01-12T22:04:11.070331+00:00;humidity;88.00
4854;DHT22;3628;6.559;3.386;2026-01-12T22:04:11.070331+00:00;temperature;31.10
4854;DHT22;3628;6.559;3.386;2026-01-12T22:12:30.661108+00:00;humidity;87.70
4854;DHT22;3628;6.559;3.386;2026-01-12T22:12:30.661108+00:00;temperature;31.20
4854;DHT22;3628;6.559;3.386;2026-01-12T22:17:54.509270+00:00;humidity;88.10
4854;DHT22;3628;6.559;3.386;2026-01-12T22:17:54.509270+00:00;temperature;31.00
4853;pms5003;3628;6.559;3.386;2026-01-12T22:23:11.664941+00:00;P2;78.00
4853;pms5003;3628;6.559;3.386;2026-01-12T22:23:11.664941+00:00;P1;90.40
4853;pms5003;3628;6.559;3.386;2026-01-12T22:23:11.664941+00:00;P0;46.00
4854;DHT22;3628;6.559;3.386;2026-01-12T22:23:29.114699+00:00;humidity;88.40
4854;DHT22;3628;6.559;3.386;2026-01-12T22:23:29.114699+00:00;temperature;30.90
4853;pms5003;3628;6.559;3.386;2026-01-12T22:28:46.213257+00:00;P2;66.60
4853;pms5003;3628;6.559;3.386;2026-01-12T22:28:46.213257+00:00;P1;78.60
4853;pms5003;3628;6.559;3.386;2026-01-12T22:28:46.213257+00:00;P0;40.60
4853;pms5003;3628;6.559;3.386;2026-01-12T22:34:20.902836+00:00;P2;62.50
4853;pms5003;3628;6.559;3.386;2026-01-12T22:34:20.902836+00:00;P1;74.25
4853;pms5003;3628;6.559;3.386;2026-01-12T22:34:20.902836+00:00;P0;39.00
4853;pms5003;3628;6.559;3.386;2026-01-12T22:34:38.334205+00:00;humidity;88.10
4853;pms5003;3628;6.559;3.386;2026-01-12T22:34:38.334205+00:00;temperature;31.00
4853;pms5003;3628;6.559;3.386;2026-01-12T22:39:55.478611+00:00;P2;58.75
4853;pms5003;3628;6.559;3.386;2026-01-12T22:39:55.478611+00:00;P1;77.00
4853;pms5003;3628;6.559;3.386;2026-01-12T22:39:55.478611+00:00;P0;39.00
4854;DHT22;3628;6.559;3.386;2026-01-12T22:40:13.022656+00:00;humidity;87.90
4854;DHT22;3628;6.559;3.386;2026-01-12T22:40:13.022656+00:00;temperature;31.00
4854;DHT22;3628;6.559;3.386;2026-01-12T22:45:37.012611+00:00;humidity;87.90
4854;DHT22;3628;6.559;3.386;2026-01-12T22:45:37.012611+00:00;temperature;31.00
4853;pms5003;3628;6.559;3.386;2026-01-12T22:50:54.226109+00:00;P2;61.25
4853;pms5003;3628;6.559;3.386;2026-01-12T22:50:54.226109+00:00;P1;74.50
4853;pms5003;3628;6.559;3.386;2026-01-12T22:50:54.226109+00:00;P0;37.50
4854;DHT22;3628;6.559;3.386;2026-01-12T22:51:11.613546+00:00;humidity;87.80
4854;DHT22;3628;6.559;3.386;2026-01-12T22:51:11.613546+00:00;temperature;31.00
4854;DHT22;3628;6.559;3.386;2026-01-12T22:56:46.381111+00:00;humidity;87.60
4854;DHT22;3628;6.559;3.386;2026-01-12T22:56:46.381111+00:00;temperature;31.00
4853;pms5003;3628;6.559;3.386;2026-01-12T23:02:03.409142+00:00;P2;59.75
4853;pms5003;3628;6.559;3.386;2026-01-12T23:02:03.409142+00:00;P1;72.25
4853;pms5003;3628;6.559;3.386;2026-01-12T23:02:03.409142+00:00;P0;40.50
4854;DHT22;3628;6.559;3.386;2026-01-12T23:02:20.752503+00:00;humidity;87.80
4854;DHT22;3628;6.559;3.386;2026-01-12T23:02:20.752503+00:00;temperature;30.90
4853;pms5003;3628;6.559;3.386;2026-01-12T23:07:37.911336+00:00;P2;57.25
4853;pms5003;3628;6.559;3.386;2026-01-12T23:07:37.911336+00:00;P1;73.50
4853;pms5003;3628;6.559;3.386;2026-01-12T23:07:37.911336+00:00;P0;35.25
4854;DHT22;3628;6.559;3.386;2026-01-12T23:07:55.289680+00:00;humidity;87.70
4854;DHT22;3628;6.559;3.386;2026-01-12T23:07:55.289680+00:00;temperature;30.80
4853;pms5003;3628;6.559;3.386;2026-01-12T23:16:30.676529+00:00;P2;54.00
4853;pms5003;3628;6.559;3.386;2026-01-12T23:16:30.676529+00:00;P1;71.00
4853;pms5003;3628;6.559;3.386;2026-01-12T23:16:30.676529+00:00;P0;35.00
4854;DHT22;3628;6.559;3.386;2026-01-12T23:16:48.091591+00:00;humidity;87.80
4854;DHT22;3628;6.559;3.386;2026-01-12T23:16:48.091591+00:00;temperature;30.80
4853;pms5003;3628;6.559;3.386;2026-01-12T23:22:05.303788+00:00;P2;51.33
4853;pms5003;3628;6.559;3.386;2026-01-12T23:22:05.303788+00:00;P1;67.33
4853;pms5003;3628;6.559;3.386;2026-01-12T23:22:05.303788+00:00;P0;34.00
4854;DHT22;3628;6.559;3.386;2026-01-12T23:22:22.725310+00:00;humidity;87.50
4854;DHT22;3628;6.559;3.386;2026-01-12T23:22:22.725310+00:00;temperature;30.90
4854;DHT22;3628;6.559;3.386;2026-01-12T23:33:10.576380+00:00;humidity;87.50
4854;DHT22;3628;6.559;3.386;2026-01-12T23:33:10.576380+00:00;temperature;30.90
4853;pms5003;3628;6.559;3.386;2026-01-12T23:38:27.844340+00:00;P2;53.80
4853;pms5003;3628;6.559;3.386;2026-01-12T23:38:27.844340+00:00;P1;73.20
4853;pms5003;3628;6.559;3.386;2026-01-12T23:38:27.844340+00:00;P0;34.40
4854;DHT22;3628;6.559;3.386;2026-01-12T23:38:45.317052+00:00;humidity;87.40
4854;DHT22;3628;6.559;3.386;2026-01-12T23:38:45.317052+00:00;temperature;30.90
4853;pms5003;3628;6.559;3.386;2026-01-12T23:44:02.524921+00:00;P2;51.75
4853;pms5003;3628;6.559;3.386;2026-01-12T23:44:02.524921+00:00;P1;68.25
4853;pms5003;3628;6.559;3.386;2026-01-12T23:44:02.524921+00:00;P0;34.00
4854;DHT22;3628;6.559;3.386;2026-01-12T23:44:19.987482+00:00;humidity;87.70
4854;DHT22;3628;6.559;3.386;2026-01-12T23:44:19.987482+00:00;temperature;30.80
4853;pms5003;3628;6.559;3.386;2026-01-12T23:55:00.486951+00:00;P2;53.00
4853;pms5003;3628;6.559;3.386;2026-01-12T23:55:00.486951+00:00;P1;69.75
4853;pms5003;3628;6.559;3.386;2026-01-12T23:55:00.486951+00:00;P0;33.00
4854;DHT22;3628;6.559;3.386;2026-01-12T23:55:17.972087+00:00;humidity;87.90
4854;DHT22;3628;6.559;3.386;2026-01-12T23:55:17.972087+00:00;temperature;30.80
4853;pms5003;3628;6.559;3.386;2026-01-13T00:00:35.124837+00:00;P2;52.00
4853;pms5003;3628;6.559;3.386;2026-01-13T00:00:35.124837+00:00;P1;68.25
4853;pms5003;3628;6.559;3.386;2026-01-13T00:00:35.124837+00:00;P0;34.50
4854;DHT22;3628;6.559;3.386;2026-01-13T00:00:52.550509+00:00;humidity;87.80
4854;DHT22;3628;6.559;3.386;2026-01-13T00:00:52.550509+00:00;temperature;30.80
4854;DHT22;3628;6.559;3.386;2026-01-13T00:06:16.306572+00:00;humidity;88.20
4854;DHT22;3628;6.559;3.386;2026-01-13T00:06:16.306572+00:00;temperature;30.70
4853;pms5003;3628;6.559;3.386;2026-01-13T00:11:33.534403+00:00;P2;57.50
4853;pms5003;3628;6.559;3.386;2026-01-13T00:11:33.534403+00:00;P1;71.00
4853;pms5003;3628;6.559;3.386;2026-01-13T00:11:33.534403+00:00;P0;37.00
4853;pms5003;3628;6.559;3.386;2026-01-13T00:16:57.298652+00:00;P2;55.50
4853;pms5003;3628;6.559;3.386;2026-01-13T00:16:57.298652+00:00;P1;70.75
4853;pms5003;3628;6.559;3.386;2026-01-13T00:16:57.298652+00:00;P0;35.75
4853;pms5003;3628;6.559;3.386;2026-01-13T00:22:21.261071+00:00;P2;59.25
4853;pms5003;3628;6.559;3.386;2026-01-13T00:22:21.261071+00:00;P1;72.75
4853;pms5003;3628;6.559;3.386;2026-01-13T00:22:21.261071+00:00;P0;37.00
4853;pms5003;3628;6.559;3.386;2026-01-13T00:27:45.339978+00:00;P2;64.75
4853;pms5003;3628;6.559;3.386;2026-01-13T00:27:45.339978+00:00;P1;77.50
4853;pms5003;3628;6.559;3.386;2026-01-13T00:27:45.339978+00:00;P0;42.25
4853;pms5003;3628;6.559;3.386;2026-01-13T00:33:09.273489+00:00;P2;64.25
4853;pms5003;3628;6.559;3.386;2026-01-13T00:33:09.273489+00:00;P1;78.00
4853;pms5003;3628;6.559;3.386;2026-01-13T00:33:09.273489+00:00;P0;41.25
4854;DHT22;3628;6.559;3.386;2026-01-13T00:33:26.653086+00:00;humidity;88.90
4854;DHT22;3628;6.559;3.386;2026-01-13T00:33:26.653086+00:00;temperature;30.50
4853;pms5003;3628;6.559;3.386;2026-01-13T00:38:43.871396+00:00;P2;64.75
4853;pms5003;3628;6.559;3.386;2026-01-13T00:38:43.871396+00:00;P1;78.00
4853;pms5003;3628;6.559;3.386;2026-01-13T00:38:43.871396+00:00;P0;40.75
4854;DHT22;3628;6.559;3.386;2026-01-13T00:39:01.281084+00:00;humidity;89.30
4854;DHT22;3628;6.559;3.386;2026-01-13T00:39:01.281084+00:00;temperature;30.50
4853;pms5003;3628;6.559;3.386;2026-01-13T00:49:32.076945+00:00;P2;70.00
4853;pms5003;3628;6.559;3.386;2026-01-13T00:49:32.076945+00:00;P1;79.00
4853;pms5003;3628;6.559;3.386;2026-01-13T00:49:32.076945+00:00;P0;44.33
4854;DHT22;3628;6.559;3.386;2026-01-13T00:49:49.560457+00:00;humidity;89.60
4854;DHT22;3628;6.559;3.386;2026-01-13T00:49:49.560457+00:00;temperature;30.40
4853;pms5003;3628;6.559;3.386;2026-01-13T00:55:06.741151+00:00;P2;63.00
4853;pms5003;3628;6.559;3.386;2026-01-13T00:55:06.741151+00:00;P1;76.67
4853;pms5003;3628;6.559;3.386;2026-01-13T00:55:06.741151+00:00;P0;38.00
4854;DHT22;3628;6.559;3.386;2026-01-13T00:55:24.134695+00:00;humidity;89.70
4854;DHT22;3628;6.559;3.386;2026-01-13T00:55:24.134695+00:00;temperature;30.50
4853;pms5003;3628;6.559;3.386;2026-01-13T01:00:41.375236+00:00;P2;67.20
4853;pms5003;3628;6.559;3.386;2026-01-13T01:00:41.375236+00:00;P1;79.80
4853;pms5003;3628;6.559;3.386;2026-01-13T01:00:41.375236+00:00;P0;42.40
4854;DHT22;3628;6.559;3.386;2026-01-13T01:00:58.911975+00:00;humidity;89.50
4854;DHT22;3628;6.559;3.386;2026-01-13T01:00:58.911975+00:00;temperature;30.50
4853;pms5003;3628;6.559;3.386;2026-01-13T01:06:16.085889+00:00;P2;70.33
4853;pms5003;3628;6.559;3.386;2026-01-13T01:06:16.085889+00:00;P1;81.67
4853;pms5003;3628;6.559;3.386;2026-01-13T01:06:16.085889+00:00;P0;45.67
4854;DHT22;3628;6.559;3.386;2026-01-13T01:06:33.518687+00:00;humidity;89.30
4854;DHT22;3628;6.559;3.386;2026-01-13T01:06:33.518687+00:00;temperature;30.50
4853;pms5003;3628;6.559;3.386;2026-01-13T01:11:50.714391+00:00;P2;84.00
4853;pms5003;3628;6.559;3.386;2026-01-13T01:11:50.714391+00:00;P1;94.75
4853;pms5003;3628;6.559;3.386;2026-01-13T01:11:50.714391+00:00;P0;49.00
4854;DHT22;3628;6.559;3.386;2026-01-13T01:12:08.221420+00:00;humidity;89.00
4854;DHT22;3628;6.559;3.386;2026-01-13T01:12:08.221420+00:00;temperature;30.60
4853;pms5003;3628;6.559;3.386;2026-01-13T01:17:25.427231+00:00;P2;79.60
4853;pms5003;3628;6.559;3.386;2026-01-13T01:17:25.427231+00:00;P1;92.60
4853;pms5003;3628;6.559;3.386;2026-01-13T01:17:25.427231+00:00;P0;49.80
4854;DHT22;3628;6.559;3.386;2026-01-13T01:17:42.840698+00:00;humidity;89.30
4854;DHT22;3628;6.559;3.386;2026-01-13T01:17:42.840698+00:00;temperature;30.50
4853;pms5003;3628;6.559;3.386;2026-01-13T01:23:00.088194+00:00;P2;82.50
4853;pms5003;3628;6.559;3.386;2026-01-13T01:23:00.088194+00:00;P1;92.00
4853;pms5003;3628;6.559;3.386;2026-01-13T01:23:00.088194+00:00;P0;51.50
4854;DHT22;3628;6.559;3.386;2026-01-13T01:28:33.442378+00:00;humidity;89.90
4854;DHT22;3628;6.559;3.386;2026-01-13T01:28:33.442378+00:00;temperature;30.40
4853;pms5003;3628;6.559;3.386;2026-01-13T01:33:50.649516+00:00;P2;91.25
4853;pms5003;3628;6.559;3.386;2026-01-13T01:33:50.649516+00:00;P1;105.50
4853;pms5003;3628;6.559;3.386;2026-01-13T01:33:50.649516+00:00;P0;54.75
4853;pms5003;3628;6.559;3.386;2026-01-13T01:39:14.600874+00:00;P2;94.00
4853;pms5003;3628;6.559;3.386;2026-01-13T01:39:14.600874+00:00;P1;107.25
4853;pms5003;3628;6.559;3.386;2026-01-13T01:39:14.600874+00:00;P0;55.25
4854;DHT22;3628;6.559;3.386;2026-01-13T01:39:32.157349+00:00;humidity;90.30
4854;DHT22;3628;6.559;3.386;2026-01-13T01:39:32.157349+00:00;temperature;30.40
4853;pms5003;3628;6.559;3.386;2026-01-13T01:44:49.372735+00:00;P2;89.50
4853;pms5003;3628;6.559;3.386;2026-01-13T01:44:49.372735+00:00;P1;98.00
4853;pms5003;3628;6.559;3.386;2026-01-13T01:44:49.372735+00:00;P0;57.00
4854;DHT22;3628;6.559;3.386;2026-01-13T01:45:06.790715+00:00;humidity;90.30
4854;DHT22;3628;6.559;3.386;2026-01-13T01:45:06.790715+00:00;temperature;30.30
4853;pms5003;3628;6.559;3.386;2026-01-13T01:50:24.054361+00:00;P2;97.00
4853;pms5003;3628;6.559;3.386;2026-01-13T01:50:24.054361+00:00;P1;107.80
4853;pms5003;3628;6.559;3.386;2026-01-13T01:50:24.054361+00:00;P0;59.60
4854;DHT22;3628;6.559;3.386;2026-01-13T01:50:41.414467+00:00;humidity;90.50
4854;DHT22;3628;6.559;3.386;2026-01-13T01:50:41.414467+00:00;temperature;30.30
4853;pms5003;3628;6.559;3.386;2026-01-13T01:55:58.639468+00:00;P2;99.00
4853;pms5003;3628;6.559;3.386;2026-01-13T01:55:58.639468+00:00;P1;113.50
4853;pms5003;3628;6.559;3.386;2026-01-13T01:55:58.639468+00:00;P0;61.50
4854;DHT22;3628;6.559;3.386;2026-01-13T01:56:16.084352+00:00;humidity;90.30
4854;DHT22;3628;6.559;3.386;2026-01-13T01:56:16.084352+00:00;temperature;30.40
4853;pms5003;3628;6.559;3.386;2026-01-13T02:01:33.289877+00:00;P2;94.75
4853;pms5003;3628;6.559;3.386;2026-01-13T02:01:33.289877+00:00;P1;108.50
4853;pms5003;3628;6.559;3.386;2026-01-13T02:01:33.289877+00:00;P0;57.00
4854;DHT22;3628;6.559;3.386;2026-01-13T02:01:50.698945+00:00;humidity;90.40
4854;DHT22;3628;6.559;3.386;2026-01-13T02:01:50.698945+00:00;temperature;30.40
4853;pms5003;3628;6.559;3.386;2026-01-13T02:07:07.940801+00:00;P2;87.20
4853;pms5003;3628;6.559;3.386;2026-01-13T02:07:07.940801+00:00;P1;97.40
4853;pms5003;3628;6.559;3.386;2026-01-13T02:07:07.940801+00:00;P0;53.00
4853;pms5003;3628;6.559;3.386;2026-01-13T02:12:31.995430+00:00;P2;78.75
4853;pms5003;3628;6.559;3.386;2026-01-13T02:12:31.995430+00:00;P1;87.25
4853;pms5003;3628;6.559;3.386;2026-01-13T02:12:31.995430+00:00;P0;49.75
4854;DHT22;3628;6.559;3.386;2026-01-13T02:12:49.434460+00:00;humidity;90.20
4854;DHT22;3628;6.559;3.386;2026-01-13T02:12:49.434460+00:00;temperature;30.50
4853;pms5003;3628;6.559;3.386;2026-01-13T02:18:06.683847+00:00;P2;76.75
4853;pms5003;3628;6.559;3.386;2026-01-13T02:18:06.683847+00:00;P1;80.25
4853;pms5003;3628;6.559;3.386;2026-01-13T02:18:06.683847+00:00;P0;46.25
4854;DHT22;3628;6.559;3.386;2026-01-13T02:18:24.071764+00:00;humidity;90.80
4854;DHT22;3628;6.559;3.386;2026-01-13T02:18:24.071764+00:00;temperature;30.40
4853;pms5003;3628;6.559;3.386;2026-01-13T02:23:41.344788+00:00;P2;74.75
4853;pms5003;3628;6.559;3.386;2026-01-13T02:23:41.344788+00:00;P1;84.75
4853;pms5003;3628;6.559;3.386;2026-01-13T02:23:41.344788+00:00;P0;46.50
4854;DHT22;3628;6.559;3.386;2026-01-13T02:23:58.800763+00:00;humidity;90.80
4854;DHT22;3628;6.559;3.386;2026-01-13T02:23:58.800763+00:00;temperature;30.40
4853;pms5003;3628;6.559;3.386;2026-01-13T02:29:16.021606+00:00;P2;76.50
4853;pms5003;3628;6.559;3.386;2026-01-13T02:29:16.021606+00:00;P1;83.00
4853;pms5003;3628;6.559;3.386;2026-01-13T02:29:16.021606+00:00;P0;46.25
4854;DHT22;3628;6.559;3.386;2026-01-13T02:29:33.418115+00:00;humidity;90.60
4854;DHT22;3628;6.559;3.386;2026-01-13T02:29:33.418115+00:00;temperature;30.50
4853;pms5003;3628;6.559;3.386;2026-01-13T02:34:50.641083+00:00;P2;84.50
4853;pms5003;3628;6.559;3.386;2026-01-13T02:34:50.641083+00:00;P1;95.75
4853;pms5003;3628;6.559;3.386;2026-01-13T02:34:50.641083+00:00;P0;49.50
4854;DHT22;3628;6.559;3.386;2026-01-13T02:35:08.110555+00:00;humidity;90.50
4854;DHT22;3628;6.559;3.386;2026-01-13T02:35:08.110555+00:00;temperature;30.40
4853;pms5003;3628;6.559;3.386;2026-01-13T02:51:13.417467+00:00;P2;79.50
4853;pms5003;3628;6.559;3.386;2026-01-13T02:51:13.417467+00:00;P1;91.50
4853;pms5003;3628;6.559;3.386;2026-01-13T02:51:13.417467+00:00;P0;49.25
4854;DHT22;3628;6.559;3.386;2026-01-13T02:51:30.892652+00:00;humidity;90.80
4854;DHT22;3628;6.559;3.386;2026-01-13T02:51:30.892652+00:00;temperature;30.40
4853;pms5003;3628;6.559;3.386;2026-01-13T02:56:48.188723+00:00;P2;80.40
4853;pms5003;3628;6.559;3.386;2026-01-13T02:56:48.188723+00:00;P1;85.40
4853;pms5003;3628;6.559;3.386;2026-01-13T02:56:48.188723+00:00;P0;51.20
4854;DHT22;3628;6.559;3.386;2026-01-13T02:57:05.604444+00:00;humidity;90.60
4854;DHT22;3628;6.559;3.386;2026-01-13T02:57:05.604444+00:00;temperature;30.40
4853;pms5003;3628;6.559;3.386;2026-01-13T03:02:22.830617+00:00;P2;70.25
4853;pms5003;3628;6.559;3.386;2026-01-13T03:02:22.830617+00:00;P1;81.25
4853;pms5003;3628;6.559;3.386;2026-01-13T03:02:22.830617+00:00;P0;44.25
4854;DHT22;3628;6.559;3.386;2026-01-13T03:02:40.263683+00:00;humidity;90.70
4854;DHT22;3628;6.559;3.386;2026-01-13T03:02:40.263683+00:00;temperature;30.40
4853;pms5003;3628;6.559;3.386;2026-01-13T03:07:57.473866+00:00;P2;71.00
4853;pms5003;3628;6.559;3.386;2026-01-13T03:07:57.473866+00:00;P1;81.20
4853;pms5003;3628;6.559;3.386;2026-01-13T03:07:57.473866+00:00;P0;43.20
4854;DHT22;3628;6.559;3.386;2026-01-13T03:08:14.908844+00:00;humidity;90.90
4854;DHT22;3628;6.559;3.386;2026-01-13T03:08:14.908844+00:00;temperature;30.30
4853;pms5003;3628;6.559;3.386;2026-01-13T03:13:32.163803+00:00;P2;70.50
4853;pms5003;3628;6.559;3.386;2026-01-13T03:13:32.163803+00:00;P1;79.00
4853;pms5003;3628;6.559;3.386;2026-01-13T03:13:32.163803+00:00;P0;45.00
4854;DHT22;3628;6.559;3.386;2026-01-13T03:13:49.647241+00:00;humidity;91.00
4854;DHT22;3628;6.559;3.386;2026-01-13T03:13:49.647241+00:00;temperature;30.30
4853;pms5003;3628;6.559;3.386;2026-01-13T06:06:25.533740+00:00;P2;113.00
4853;pms5003;3628;6.559;3.386;2026-01-13T06:06:25.533740+00:00;P1;128.00
4853;pms5003;3628;6.559;3.386;2026-01-13T06:06:25.533740+00:00;P0;67.50
4854;DHT22;3628;6.559;3.386;2026-01-13T06:06:42.918910+00:00;humidity;99.50
4854;DHT22;3628;6.559;3.386;2026-01-13T06:06:42.918910+00:00;temperature;28.90
4853;pms5003;3628;6.559;3.386;2026-01-13T06:12:00.254009+00:00;P2;109.00
4853;pms5003;3628;6.559;3.386;2026-01-13T06:12:00.254009+00:00;P1;122.50
4853;pms5003;3628;6.559;3.386;2026-01-13T06:12:00.254009+00:00;P0;65.75
4854;DHT22;3628;6.559;3.386;2026-01-13T10:01:46.990835+00:00;humidity;67.80
4854;DHT22;3628;6.559;3.386;2026-01-13T10:01:46.990835+00:00;temperature;36.40
4853;pms5003;3628;6.559;3.386;2026-01-13T10:07:04.190281+00:00;P2;62.50
4853;pms5003;3628;6.559;3.386;2026-01-13T10:07:04.190281+00:00;P1;73.75
4853;pms5003;3628;6.559;3.386;2026-01-13T10:07:04.190281+00:00;P0;42.00
4854;DHT22;3628;6.559;3.386;2026-01-13T10:12:56.112754+00:00;humidity;64.50
4854;DHT22;3628;6.559;3.386;2026-01-13T10:12:56.112754+00:00;temperature;37.40
4853;pms5003;3628;6.559;3.386;2026-01-13T10:18:16.216135+00:00;P2;45.25
4853;pms5003;3628;6.559;3.386;2026-01-13T10:18:16.216135+00:00;P1;62.25
4853;pms5003;3628;6.559;3.386;2026-01-13T10:18:16.216135+00:00;P0;30.25
4853;pms5003;3628;6.559;3.386;2026-01-13T10:18:33.567075+00:00;humidity;63.70
4853;pms5003;3628;6.559;3.386;2026-01-13T10:18:33.567075+00:00;temperature;37.80
4853;pms5003;3628;6.559;3.386;2026-01-13T10:23:50.757128+00:00;P2;49.50
4853;pms5003;3628;6.559;3.386;2026-01-13T10:23:50.757128+00:00;P1;69.00
4853;pms5003;3628;6.559;3.386;2026-01-13T10:23:50.757128+00:00;P0;33.00
4853;pms5003;3628;6.559;3.386;2026-01-13T10:31:02.402652+00:00;P2;57.75
4853;pms5003;3628;6.559;3.386;2026-01-13T10:31:02.402652+00:00;P1;72.00
4853;pms5003;3628;6.559;3.386;2026-01-13T10:31:02.402652+00:00;P0;37.50
4853;pms5003;3628;6.559;3.386;2026-01-13T10:36:26.485221+00:00;P2;55.75
4853;pms5003;3628;6.559;3.386;2026-01-13T10:36:26.485221+00:00;P1;75.00
4853;pms5003;3628;6.559;3.386;2026-01-13T10:36:26.485221+00:00;P0;35.75
4854;DHT22;3628;6.559;3.386;2026-01-13T10:36:43.939169+00:00;humidity;62.60
4854;DHT22;3628;6.559;3.386;2026-01-13T10:36:43.939169+00:00;temperature;37.50
4854;DHT22;3628;6.559;3.386;2026-01-13T10:59:25.722046+00:00;humidity;63.30
4854;DHT22;3628;6.559;3.386;2026-01-13T10:59:25.722046+00:00;temperature;37.60
4854;DHT22;3628;6.559;3.386;2026-01-13T11:16:11.427876+00:00;humidity;64.90
4854;DHT22;3628;6.559;3.386;2026-01-13T11:16:11.427876+00:00;temperature;37.30
4854;DHT22;3628;6.559;3.386;2026-01-13T11:27:41.709053+00:00;humidity;69.90
4854;DHT22;3628;6.559;3.386;2026-01-13T11:27:41.709053+00:00;temperature;35.90
4853;pms5003;3628;6.559;3.386;2026-01-13T11:32:58.951969+00:00;P2;54.00
4853;pms5003;3628;6.559;3.386;2026-01-13T11:32:58.951969+00:00;P1;73.60
4853;pms5003;3628;6.559;3.386;2026-01-13T11:32:58.951969+00:00;P0;36.20
4854;DHT22;3628;6.559;3.386;2026-01-13T11:33:16.267925+00:00;humidity;70.80
4854;DHT22;3628;6.559;3.386;2026-01-13T11:33:16.267925+00:00;temperature;35.20
4854;DHT22;3628;6.559;3.386;2026-01-13T11:38:40.545831+00:00;humidity;69.20
4854;DHT22;3628;6.559;3.386;2026-01-13T11:38:40.545831+00:00;temperature;35.60
4853;pms5003;3628;6.559;3.386;2026-01-13T11:49:21.411053+00:00;P2;52.40
4853;pms5003;3628;6.559;3.386;2026-01-13T11:49:21.411053+00:00;P1;74.40
4853;pms5003;3628;6.559;3.386;2026-01-13T11:49:21.411053+00:00;P0;34.60
4854;DHT22;3628;6.559;3.386;2026-01-13T11:54:52.154774+00:00;humidity;62.80
4854;DHT22;3628;6.559;3.386;2026-01-13T11:54:52.154774+00:00;temperature;37.30
4853;pms5003;3628;6.559;3.386;2026-01-13T12:00:42.543997+00:00;P2;51.00
4853;pms5003;3628;6.559;3.386;2026-01-13T12:00:42.543997+00:00;P1;70.00
4853;pms5003;3628;6.559;3.386;2026-01-13T12:00:42.543997+00:00;P0;33.75
4854;DHT22;3628;6.559;3.386;2026-01-13T12:11:04.145613+00:00;humidity;61.50
4854;DHT22;3628;6.559;3.386;2026-01-13T12:11:04.145613+00:00;temperature;37.60
4853;pms5003;3628;6.559;3.386;2026-01-13T12:21:58.701221+00:00;P2;56.50
4853;pms5003;3628;6.559;3.386;2026-01-13T12:21:58.701221+00:00;P1;76.50
4853;pms5003;3628;6.559;3.386;2026-01-13T12:21:58.701221+00:00;P0;35.00
4854;DHT22;3628;6.559;3.386;2026-01-13T12:22:16.068578+00:00;humidity;60.00
4854;DHT22;3628;6.559;3.386;2026-01-13T12:22:16.068578+00:00;temperature;38.10
4853;pms5003;3628;6.559;3.386;2026-01-13T12:27:33.301408+00:00;P2;55.20
4853;pms5003;3628;6.559;3.386;2026-01-13T12:27:33.301408+00:00;P1;77.00
4853;pms5003;3628;6.559;3.386;2026-01-13T12:27:33.301408+00:00;P0;35.20
4854;DHT22;3628;6.559;3.386;2026-01-13T12:27:50.612383+00:00;humidity;58.60
4854;DHT22;3628;6.559;3.386;2026-01-13T12:27:50.612383+00:00;temperature;37.70
4853;pms5003;3628;6.559;3.386;2026-01-13T12:33:07.855355+00:00;P2;60.75
4853;pms5003;3628;6.559;3.386;2026-01-13T12:33:07.855355+00:00;P1;79.75
4853;pms5003;3628;6.559;3.386;2026-01-13T12:33:07.855355+00:00;P0;38.75
4854;DHT22;3628;6.559;3.386;2026-01-13T12:33:25.323004+00:00;humidity;58.80
4854;DHT22;3628;6.559;3.386;2026-01-13T12:33:25.323004+00:00;temperature;38.30
4853;pms5003;3628;6.559;3.386;2026-01-13T12:44:09.593645+00:00;P2;56.75
4853;pms5003;3628;6.559;3.386;2026-01-13T12:44:09.593645+00:00;P1;78.75
4853;pms5003;3628;6.559;3.386;2026-01-13T12:44:09.593645+00:00;P0;35.50
4854;DHT22;3628;6.559;3.386;2026-01-13T12:44:26.902228+00:00;humidity;57.30
4854;DHT22;3628;6.559;3.386;2026-01-13T12:44:26.902228+00:00;temperature;38.60
4853;pms5003;3628;6.559;3.386;2026-01-13T12:49:44.170402+00:00;P2;54.75
4853;pms5003;3628;6.559;3.386;2026-01-13T12:49:44.170402+00:00;P1;75.00
4853;pms5003;3628;6.559;3.386;2026-01-13T12:49:44.170402+00:00;P0;36.00
4854;DHT22;3628;6.559;3.386;2026-01-13T12:50:01.493815+00:00;humidity;57.60
4854;DHT22;3628;6.559;3.386;2026-01-13T12:50:01.493815+00:00;temperature;38.30
4854;DHT22;3628;6.559;3.386;2026-01-13T12:55:25.200828+00:00;humidity;59.20
4854;DHT22;3628;6.559;3.386;2026-01-13T12:55:25.200828+00:00;temperature;38.10
4853;pms5003;3628;6.559;3.386;2026-01-13T13:00:42.487209+00:00;P2;59.50
4853;pms5003;3628;6.559;3.386;2026-01-13T13:00:42.487209+00:00;P1;73.50
4853;pms5003;3628;6.559;3.386;2026-01-13T13:00:42.487209+00:00;P0;37.25
4854;DHT22;3628;6.559;3.386;2026-01-13T13:06:13.717473+00:00;humidity;60.50
4854;DHT22;3628;6.559;3.386;2026-01-13T13:06:13.717473+00:00;temperature;37.80
4853;pms5003;3628;6.559;3.386;2026-01-13T13:11:30.871884+00:00;P2;61.00
4853;pms5003;3628;6.559;3.386;2026-01-13T13:11:30.871884+00:00;P1;75.00
4853;pms5003;3628;6.559;3.386;2026-01-13T13:11:30.871884+00:00;P0;38.00
4854;DHT22;3628;6.559;3.386;2026-01-13T13:11:48.203624+00:00;humidity;60.80
4854;DHT22;3628;6.559;3.386;2026-01-13T13:11:48.203624+00:00;temperature;37.40
4854;DHT22;3628;6.559;3.386;2026-01-13T13:17:22.860820+00:00;humidity;59.40
4854;DHT22;3628;6.559;3.386;2026-01-13T13:17:22.860820+00:00;temperature;37.40
4853;pms5003;3628;6.559;3.386;2026-01-13T13:22:40.074088+00:00;P2;59.75
4853;pms5003;3628;6.559;3.386;2026-01-13T13:22:40.074088+00:00;P1;76.25
4853;pms5003;3628;6.559;3.386;2026-01-13T13:22:40.074088+00:00;P0;36.00
4853;pms5003;3628;6.559;3.386;2026-01-13T13:28:03.779922+00:00;P2;59.00
4853;pms5003;3628;6.559;3.386;2026-01-13T13:28:03.779922+00:00;P1;75.75
4853;pms5003;3628;6.559;3.386;2026-01-13T13:28:03.779922+00:00;P0;39.50
4854;DHT22;3628;6.559;3.386;2026-01-13T13:28:21.122579+00:00;humidity;59.70
4854;DHT22;3628;6.559;3.386;2026-01-13T13:28:21.122579+00:00;temperature;37.40
4853;pms5003;3628;6.559;3.386;2026-01-13T13:33:38.353847+00:00;P2;55.75
4853;pms5003;3628;6.559;3.386;2026-01-13T13:33:38.353847+00:00;P1;72.00
4853;pms5003;3628;6.559;3.386;2026-01-13T13:33:38.353847+00:00;P0;34.50
4854;DHT22;3628;6.559;3.386;2026-01-13T13:33:55.674744+00:00;humidity;59.80
4854;DHT22;3628;6.559;3.386;2026-01-13T13:33:55.674744+00:00;temperature;37.50
4853;pms5003;3628;6.559;3.386;2026-01-13T13:39:12.874736+00:00;P2;54.60
4853;pms5003;3628;6.559;3.386;2026-01-13T13:39:12.874736+00:00;P1;73.20
4853;pms5003;3628;6.559;3.386;2026-01-13T13:39:12.874736+00:00;P0;36.60
4854;DHT22;3628;6.559;3.386;2026-01-13T13:39:30.214137+00:00;humidity;59.60
4854;DHT22;3628;6.559;3.386;2026-01-13T13:39:30.214137+00:00;temperature;38.10
4853;pms5003;3628;6.559;3.386;2026-01-13T13:44:47.399324+00:00;P2;52.50
4853;pms5003;3628;6.559;3.386;2026-01-13T13:44:47.399324+00:00;P1;70.25
4853;pms5003;3628;6.559;3.386;2026-01-13T13:44:47.399324+00:00;P0;34.00
4853;pms5003;3628;6.559;3.386;2026-01-13T13:50:22.056698+00:00;P2;54.50
4853;pms5003;3628;6.559;3.386;2026-01-13T13:50:22.056698+00:00;P1;76.25
4853;pms5003;3628;6.559;3.386;2026-01-13T13:50:22.056698+00:00;P0;34.75
4854;DHT22;3628;6.559;3.386;2026-01-13T13:50:39.401743+00:00;humidity;59.80
4854;DHT22;3628;6.559;3.386;2026-01-13T13:50:39.401743+00:00;temperature;38.40
4853;pms5003;3628;6.559;3.386;2026-01-13T13:55:56.561945+00:00;P2;52.33
4853;pms5003;3628;6.559;3.386;2026-01-13T13:55:56.561945+00:00;P1;73.33
4853;pms5003;3628;6.559;3.386;2026-01-13T13:55:56.561945+00:00;P0;33.67
4854;DHT22;3628;6.559;3.386;2026-01-13T13:56:13.944138+00:00;humidity;60.30
4854;DHT22;3628;6.559;3.386;2026-01-13T13:56:13.944138+00:00;temperature;38.40
4853;pms5003;3628;6.559;3.386;2026-01-13T14:01:31.144740+00:00;P2;56.20
4853;pms5003;3628;6.559;3.386;2026-01-13T14:01:31.144740+00:00;P1;74.20
4853;pms5003;3628;6.559;3.386;2026-01-13T14:01:31.144740+00:00;P0;35.60
4853;pms5003;3628;6.559;3.386;2026-01-13T14:07:55.363645+00:00;P2;52.75
4853;pms5003;3628;6.559;3.386;2026-01-13T14:07:55.363645+00:00;P1;75.00
4853;pms5003;3628;6.559;3.386;2026-01-13T14:07:55.363645+00:00;P0;35.75
4853;pms5003;3628;6.559;3.386;2026-01-13T14:12:35.666929+00:00;P2;60.75
4853;pms5003;3628;6.559;3.386;2026-01-13T14:12:35.666929+00:00;P1;72.50
4853;pms5003;3628;6.559;3.386;2026-01-13T14:12:35.666929+00:00;P0;38.00
4854;DHT22;3628;6.559;3.386;2026-01-13T14:12:53.023284+00:00;humidity;59.90
4854;DHT22;3628;6.559;3.386;2026-01-13T14:12:53.023284+00:00;temperature;38.50
4853;pms5003;3628;6.559;3.386;2026-01-13T14:18:10.340499+00:00;P2;61.75
4853;pms5003;3628;6.559;3.386;2026-01-13T14:18:10.340499+00:00;P1;77.25
4853;pms5003;3628;6.559;3.386;2026-01-13T14:18:10.340499+00:00;P0;39.00
4854;DHT22;3628;6.559;3.386;2026-01-13T14:18:27.655549+00:00;humidity;59.40
4854;DHT22;3628;6.559;3.386;2026-01-13T14:18:27.655549+00:00;temperature;38.50
4853;pms5003;3628;6.559;3.386;2026-01-13T14:29:01.285755+00:00;P2;60.50
4853;pms5003;3628;6.559;3.386;2026-01-13T14:29:01.285755+00:00;P1;76.25
4853;pms5003;3628;6.559;3.386;2026-01-13T14:29:01.285755+00:00;P0;38.00
4854;DHT22;3628;6.559;3.386;2026-01-13T14:29:18.718138+00:00;humidity;60.50
4854;DHT22;3628;6.559;3.386;2026-01-13T14:29:18.718138+00:00;temperature;37.70
4853;pms5003;3628;6.559;3.386;2026-01-13T14:34:35.837758+00:00;P2;65.00
4853;pms5003;3628;6.559;3.386;2026-01-13T14:34:35.837758+00:00;P1;80.67
4853;pms5003;3628;6.559;3.386;2026-01-13T14:34:35.837758+00:00;P0;42.67
4854;DHT22;3628;6.559;3.386;2026-01-13T14:34:53.184518+00:00;humidity;60.20
4854;DHT22;3628;6.559;3.386;2026-01-13T14:34:53.184518+00:00;temperature;38.00
4853;pms5003;3628;6.559;3.386;2026-01-13T14:40:10.386396+00:00;P2;57.50
4853;pms5003;3628;6.559;3.386;2026-01-13T14:40:10.386396+00:00;P1;74.50
4853;pms5003;3628;6.559;3.386;2026-01-13T14:40:10.386396+00:00;P0;39.00
4853;pms5003;3628;6.559;3.386;2026-01-13T14:45:37.441915+00:00;P2;67.00
4853;pms5003;3628;6.559;3.386;2026-01-13T14:45:37.441915+00:00;P1;87.50
4853;pms5003;3628;6.559;3.386;2026-01-13T14:45:37.441915+00:00;P0;45.00
4854;DHT22;3628;6.559;3.386;2026-01-13T14:45:54.905959+00:00;humidity;58.30
4854;DHT22;3628;6.559;3.386;2026-01-13T14:45:54.905959+00:00;temperature;38.30
4854;DHT22;3628;6.559;3.386;2026-01-13T14:56:44.309278+00:00;humidity;58.80
4854;DHT22;3628;6.559;3.386;2026-01-13T14:56:44.309278+00:00;temperature;37.80
4854;DHT22;3628;6.559;3.386;2026-01-13T15:02:18.862367+00:00;humidity;58.00
4854;DHT22;3628;6.559;3.386;2026-01-13T15:02:18.862367+00:00;temperature;37.60
4853;pms5003;3628;6.559;3.386;2026-01-13T15:07:36.049263+00:00;P2;48.00
4853;pms5003;3628;6.559;3.386;2026-01-13T15:07:36.049263+00:00;P1;65.00
4853;pms5003;3628;6.559;3.386;2026-01-13T15:07:36.049263+00:00;P0;32.00
4853;pms5003;3628;6.559;3.386;2026-01-13T15:13:00.115760+00:00;P2;48.80
4853;pms5003;3628;6.559;3.386;2026-01-13T15:13:00.115760+00:00;P1;66.20
4853;pms5003;3628;6.559;3.386;2026-01-13T15:13:00.115760+00:00;P0;31.00
4854;DHT22;3628;6.559;3.386;2026-01-13T15:13:17.387024+00:00;humidity;62.20
4854;DHT22;3628;6.559;3.386;2026-01-13T15:13:17.387024+00:00;temperature;38.30
4853;pms5003;3628;6.559;3.386;2026-01-13T15:18:34.579472+00:00;P2;51.00
4853;pms5003;3628;6.559;3.386;2026-01-13T15:18:34.579472+00:00;P1;67.00
4853;pms5003;3628;6.559;3.386;2026-01-13T15:18:34.579472+00:00;P0;33.00
4854;DHT22;3628;6.559;3.386;2026-01-13T15:18:51.950036+00:00;humidity;64.80
4854;DHT22;3628;6.559;3.386;2026-01-13T15:18:51.950036+00:00;temperature;37.40
4853;pms5003;3628;6.559;3.386;2026-01-13T15:24:09.146798+00:00;P2;52.60
4853;pms5003;3628;6.559;3.386;2026-01-13T15:24:09.146798+00:00;P1;72.00
4853;pms5003;3628;6.559;3.386;2026-01-13T15:24:09.146798+00:00;P0;34.00
4854;DHT22;3628;6.559;3.386;2026-01-13T15:24:26.460265+00:00;humidity;65.80
4854;DHT22;3628;6.559;3.386;2026-01-13T15:24:26.460265+00:00;temperature;36.80
4853;pms5003;3628;6.559;3.386;2026-01-13T15:40:34.231669+00:00;P2;55.00
4853;pms5003;3628;6.559;3.386;2026-01-13T15:40:34.231669+00:00;P1;71.50
4853;pms5003;3628;6.559;3.386;2026-01-13T15:40:34.231669+00:00;P0;36.00
4854;DHT22;3628;6.559;3.386;2026-01-13T15:40:51.562052+00:00;humidity;65.00
4854;DHT22;3628;6.559;3.386;2026-01-13T15:40:51.562052+00:00;temperature;36.40
4854;DHT22;3628;6.559;3.386;2026-01-13T15:51:38.948499+00:00;humidity;67.40
4854;DHT22;3628;6.559;3.386;2026-01-13T15:51:38.948499+00:00;temperature;36.00
4853;pms5003;3628;6.559;3.386;2026-01-13T15:56:56.120199+00:00;P2;50.00
4853;pms5003;3628;6.559;3.386;2026-01-13T15:56:56.120199+00:00;P1;66.75
4853;pms5003;3628;6.559;3.386;2026-01-13T15:56:56.120199+00:00;P0;33.75
4854;DHT22;3628;6.559;3.386;2026-01-13T15:57:13.469720+00:00;humidity;68.00
4854;DHT22;3628;6.559;3.386;2026-01-13T15:57:13.469720+00:00;temperature;36.00
4853;pms5003;3628;6.559;3.386;2026-01-13T16:02:30.729167+00:00;P2;52.75
4853;pms5003;3628;6.559;3.386;2026-01-13T16:02:30.729167+00:00;P1;68.00
4853;pms5003;3628;6.559;3.386;2026-01-13T16:02:30.729167+00:00;P0;33.75
4854;DHT22;3628;6.559;3.386;2026-01-13T16:08:12.507621+00:00;humidity;68.50
4854;DHT22;3628;6.559;3.386;2026-01-13T16:08:12.507621+00:00;temperature;35.70
4853;pms5003;3628;6.559;3.386;2026-01-13T16:18:56.664608+00:00;P2;53.00
4853;pms5003;3628;6.559;3.386;2026-01-13T16:18:56.664608+00:00;P1;72.50
4853;pms5003;3628;6.559;3.386;2026-01-13T16:18:56.664608+00:00;P0;34.00
4854;DHT22;3628;6.559;3.386;2026-01-13T16:19:14.008245+00:00;humidity;68.30
4854;DHT22;3628;6.559;3.386;2026-01-13T16:19:14.008245+00:00;temperature;35.70
4853;pms5003;3628;6.559;3.386;2026-01-13T16:24:31.180314+00:00;P2;52.50
4853;pms5003;3628;6.559;3.386;2026-01-13T16:24:31.180314+00:00;P1;69.50
4853;pms5003;3628;6.559;3.386;2026-01-13T16:24:31.180314+00:00;P0;34.00
4854;DHT22;3628;6.559;3.386;2026-01-13T16:24:48.486149+00:00;humidity;68.70
4854;DHT22;3628;6.559;3.386;2026-01-13T16:24:48.486149+00:00;temperature;35.30
4853;pms5003;3628;6.559;3.386;2026-01-13T16:30:44.412800+00:00;P2;53.00
4853;pms5003;3628;6.559;3.386;2026-01-13T16:30:44.412800+00:00;P1;71.75
4853;pms5003;3628;6.559;3.386;2026-01-13T16:30:44.412800+00:00;P0;35.00
4853;pms5003;3628;6.559;3.386;2026-01-13T16:35:29.965859+00:00;P2;53.75
4853;pms5003;3628;6.559;3.386;2026-01-13T16:35:29.965859+00:00;P1;77.75
4853;pms5003;3628;6.559;3.386;2026-01-13T16:35:29.965859+00:00;P0;34.75
4854;DHT22;3628;6.559;3.386;2026-01-13T16:35:47.342087+00:00;humidity;69.70
4854;DHT22;3628;6.559;3.386;2026-01-13T16:35:47.342087+00:00;temperature;35.20
4853;pms5003;3628;6.559;3.386;2026-01-13T16:41:04.503024+00:00;P2;51.00
4853;pms5003;3628;6.559;3.386;2026-01-13T16:41:04.503024+00:00;P1;72.67
4853;pms5003;3628;6.559;3.386;2026-01-13T16:41:04.503024+00:00;P0;33.00
4854;DHT22;3628;6.559;3.386;2026-01-13T16:41:21.844017+00:00;humidity;70.80
4854;DHT22;3628;6.559;3.386;2026-01-13T16:41:21.844017+00:00;temperature;34.70
4853;pms5003;3628;6.559;3.386;2026-01-13T16:46:39.080004+00:00;P2;51.40
4853;pms5003;3628;6.559;3.386;2026-01-13T16:46:39.080004+00:00;P1;72.60
4853;pms5003;3628;6.559;3.386;2026-01-13T16:46:39.080004+00:00;P0;33.00
4854;DHT22;3628;6.559;3.386;2026-01-13T16:46:56.435472+00:00;humidity;71.80
4854;DHT22;3628;6.559;3.386;2026-01-13T16:46:56.435472+00:00;temperature;34.40
4853;pms5003;3628;6.559;3.386;2026-01-13T16:52:13.670647+00:00;P2;56.25
4853;pms5003;3628;6.559;3.386;2026-01-13T16:52:13.670647+00:00;P1;74.00
4853;pms5003;3628;6.559;3.386;2026-01-13T16:52:13.670647+00:00;P0;36.00
4854;DHT22;3628;6.559;3.386;2026-01-13T16:52:31.024188+00:00;humidity;72.70
4854;DHT22;3628;6.559;3.386;2026-01-13T16:52:31.024188+00:00;temperature;34.30
4853;pms5003;3628;6.559;3.386;2026-01-13T16:57:48.219212+00:00;P2;53.00
4853;pms5003;3628;6.559;3.386;2026-01-13T16:57:48.219212+00:00;P1;70.75
4853;pms5003;3628;6.559;3.386;2026-01-13T16:57:48.219212+00:00;P0;33.50
4853;pms5003;3628;6.559;3.386;2026-01-13T17:03:12.519810+00:00;P2;54.40
4853;pms5003;3628;6.559;3.386;2026-01-13T17:03:12.519810+00:00;P1;73.00
4853;pms5003;3628;6.559;3.386;2026-01-13T17:03:12.519810+00:00;P0;34.20
4854;DHT22;3628;6.559;3.386;2026-01-13T17:03:29.932400+00:00;humidity;73.30
4854;DHT22;3628;6.559;3.386;2026-01-13T17:03:29.932400+00:00;temperature;34.00
4853;pms5003;3628;6.559;3.386;2026-01-13T17:08:50.013832+00:00;P2;53.80
4853;pms5003;3628;6.559;3.386;2026-01-13T17:08:50.013832+00:00;P1;68.80
4853;pms5003;3628;6.559;3.386;2026-01-13T17:08:50.013832+00:00;P0;34.80
4854;DHT22;3628;6.559;3.386;2026-01-13T17:09:07.449991+00:00;humidity;74.60
4854;DHT22;3628;6.559;3.386;2026-01-13T17:09:07.449991+00:00;temperature;33.80
4853;pms5003;3628;6.559;3.386;2026-01-13T17:19:51.700936+00:00;P2;52.00
4853;pms5003;3628;6.559;3.386;2026-01-13T17:19:51.700936+00:00;P1;68.75
4853;pms5003;3628;6.559;3.386;2026-01-13T17:19:51.700936+00:00;P0;35.25
4854;DHT22;3628;6.559;3.386;2026-01-13T17:20:08.984583+00:00;humidity;76.20
4854;DHT22;3628;6.559;3.386;2026-01-13T17:20:08.984583+00:00;temperature;33.30
4854;DHT22;3628;6.559;3.386;2026-01-13T17:25:43.548072+00:00;humidity;76.60
4854;DHT22;3628;6.559;3.386;2026-01-13T17:25:43.548072+00:00;temperature;33.30
4853;pms5003;3628;6.559;3.386;2026-01-13T17:31:00.737353+00:00;P2;56.60
4853;pms5003;3628;6.559;3.386;2026-01-13T17:31:00.737353+00:00;P1;72.80
4853;pms5003;3628;6.559;3.386;2026-01-13T17:31:00.737353+00:00;P0;39.00
4854;DHT22;3628;6.559;3.386;2026-01-13T17:31:18.087944+00:00;humidity;76.90
4854;DHT22;3628;6.559;3.386;2026-01-13T17:31:18.087944+00:00;temperature;33.20
4853;pms5003;3628;6.559;3.386;2026-01-13T17:36:35.393642+00:00;P2;53.00
4853;pms5003;3628;6.559;3.386;2026-01-13T17:36:35.393642+00:00;P1;71.60
4853;pms5003;3628;6.559;3.386;2026-01-13T17:36:35.393642+00:00;P0;35.00
4854;DHT22;3628;6.559;3.386;2026-01-13T17:36:52.777533+00:00;humidity;77.20
4854;DHT22;3628;6.559;3.386;2026-01-13T17:36:52.777533+00:00;temperature;33.10
4854;DHT22;3628;6.559;3.386;2026-01-13T17:47:30.972928+00:00;humidity;78.30
4854;DHT22;3628;6.559;3.386;2026-01-13T17:47:30.972928+00:00;temperature;32.80
4853;pms5003;3628;6.559;3.386;2026-01-13T17:53:08.524540+00:00;P2;52.00
4853;pms5003;3628;6.559;3.386;2026-01-13T17:53:08.524540+00:00;P1;67.00
4853;pms5003;3628;6.559;3.386;2026-01-13T17:53:08.524540+00:00;P0;35.00
4853;pms5003;3628;6.559;3.386;2026-01-13T18:03:26.157564+00:00;P2;53.50
4853;pms5003;3628;6.559;3.386;2026-01-13T18:03:26.157564+00:00;P1;70.00
4853;pms5003;3628;6.559;3.386;2026-01-13T18:03:26.157564+00:00;P0;34.50
4854;DHT22;3628;6.559;3.386;2026-01-13T18:03:43.508566+00:00;humidity;78.90
4854;DHT22;3628;6.559;3.386;2026-01-13T18:03:43.508566+00:00;temperature;32.60
4853;pms5003;3628;6.559;3.386;2026-01-13T18:09:00.836615+00:00;P2;54.50
4853;pms5003;3628;6.559;3.386;2026-01-13T18:09:00.836615+00:00;P1;71.25
4853;pms5003;3628;6.559;3.386;2026-01-13T18:09:00.836615+00:00;P0;35.00
4854;DHT22;3628;6.559;3.386;2026-01-13T18:09:18.179251+00:00;humidity;79.20
4854;DHT22;3628;6.559;3.386;2026-01-13T18:09:18.179251+00:00;temperature;32.40
4854;DHT22;3628;6.559;3.386;2026-01-13T18:14:52.746916+00:00;humidity;79.20
4854;DHT22;3628;6.559;3.386;2026-01-13T18:14:52.746916+00:00;temperature;32.40
4853;pms5003;3628;6.559;3.386;2026-01-13T18:20:09.967936+00:00;P2;59.00
4853;pms5003;3628;6.559;3.386;2026-01-13T18:20:09.967936+00:00;P1;74.50
4853;pms5003;3628;6.559;3.386;2026-01-13T18:20:09.967936+00:00;P0;38.00
4854;DHT22;3628;6.559;3.386;2026-01-13T18:20:27.398292+00:00;humidity;79.90
4854;DHT22;3628;6.559;3.386;2026-01-13T18:20:27.398292+00:00;temperature;32.30
4853;pms5003;3628;6.559;3.386;2026-01-13T18:25:44.556332+00:00;P2;56.00
4853;pms5003;3628;6.559;3.386;2026-01-13T18:25:44.556332+00:00;P1;74.00
4853;pms5003;3628;6.559;3.386;2026-01-13T18:25:44.556332+00:00;P0;36.60
4853;pms5003;3628;6.559;3.386;2026-01-13T18:31:19.076988+00:00;P2;57.00
4853;pms5003;3628;6.559;3.386;2026-01-13T18:31:19.076988+00:00;P1;76.25
4853;pms5003;3628;6.559;3.386;2026-01-13T18:31:19.076988+00:00;P0;36.25
4853;pms5003;3628;6.559;3.386;2026-01-13T18:36:43.218212+00:00;P2;54.50
4853;pms5003;3628;6.559;3.386;2026-01-13T18:36:43.218212+00:00;P1;70.75
4853;pms5003;3628;6.559;3.386;2026-01-13T18:36:43.218212+00:00;P0;36.00
4854;DHT22;3628;6.559;3.386;2026-01-13T18:37:00.621391+00:00;humidity;80.50
4854;DHT22;3628;6.559;3.386;2026-01-13T18:37:00.621391+00:00;temperature;32.30
4853;pms5003;3628;6.559;3.386;2026-01-13T18:42:17.820873+00:00;P2;55.75
4853;pms5003;3628;6.559;3.386;2026-01-13T18:42:17.820873+00:00;P1;73.75
4853;pms5003;3628;6.559;3.386;2026-01-13T18:42:17.820873+00:00;P0;35.00
4853;pms5003;3628;6.559;3.386;2026-01-13T18:47:41.836732+00:00;P2;56.00
4853;pms5003;3628;6.559;3.386;2026-01-13T18:47:41.836732+00:00;P1;72.50
4853;pms5003;3628;6.559;3.386;2026-01-13T18:47:41.836732+00:00;P0;35.75
4853;pms5003;3628;6.559;3.386;2026-01-13T18:53:05.697343+00:00;P2;55.25
4853;pms5003;3628;6.559;3.386;2026-01-13T18:53:05.697343+00:00;P1;74.25
4853;pms5003;3628;6.559;3.386;2026-01-13T18:53:05.697343+00:00;P0;35.00
4854;DHT22;3628;6.559;3.386;2026-01-13T18:53:23.006545+00:00;humidity;81.60
4854;DHT22;3628;6.559;3.386;2026-01-13T18:53:23.006545+00:00;temperature;32.10
4853;pms5003;3628;6.559;3.386;2026-01-13T18:58:40.175909+00:00;P2;53.00
4853;pms5003;3628;6.559;3.386;2026-01-13T18:58:40.175909+00:00;P1;71.00
4853;pms5003;3628;6.559;3.386;2026-01-13T18:58:40.175909+00:00;P0;34.00
4854;DHT22;3628;6.559;3.386;2026-01-13T18:58:57.555804+00:00;humidity;81.80
4854;DHT22;3628;6.559;3.386;2026-01-13T18:58:57.555804+00:00;temperature;32.10
4854;DHT22;3628;6.559;3.386;2026-01-13T19:48:15.464970+00:00;humidity;84.70
4854;DHT22;3628;6.559;3.386;2026-01-13T19:48:15.464970+00:00;temperature;31.80
4853;pms5003;3628;6.559;3.386;2026-01-13T20:03:39.314616+00:00;P2;51.25
4853;pms5003;3628;6.559;3.386;2026-01-13T20:03:39.314616+00:00;P1;69.50
4853;pms5003;3628;6.559;3.386;2026-01-13T20:03:39.314616+00:00;P0;34.25
4854;DHT22;3628;6.559;3.386;2026-01-13T20:03:56.664291+00:00;humidity;85.00
4854;DHT22;3628;6.559;3.386;2026-01-13T20:03:56.664291+00:00;temperature;31.70
4854;DHT22;3628;6.559;3.386;2026-01-13T20:09:20.598896+00:00;humidity;85.70
4854;DHT22;3628;6.559;3.386;2026-01-13T20:09:20.598896+00:00;temperature;31.60
4854;DHT22;3628;6.559;3.386;2026-01-13T20:14:44.324415+00:00;humidity;86.10
4854;DHT22;3628;6.559;3.386;2026-01-13T20:14:44.324415+00:00;temperature;31.70
4853;pms5003;3628;6.559;3.386;2026-01-13T20:20:01.521389+00:00;P2;71.00
4853;pms5003;3628;6.559;3.386;2026-01-13T20:20:01.521389+00:00;P1;77.75
4853;pms5003;3628;6.559;3.386;2026-01-13T20:20:01.521389+00:00;P0;45.25
4854;DHT22;3628;6.559;3.386;2026-01-13T20:20:18.886337+00:00;humidity;86.20
4854;DHT22;3628;6.559;3.386;2026-01-13T20:20:18.886337+00:00;temperature;31.70
4853;pms5003;3628;6.559;3.386;2026-01-13T20:25:36.130889+00:00;P2;60.00
4853;pms5003;3628;6.559;3.386;2026-01-13T20:25:36.130889+00:00;P1;71.50
4853;pms5003;3628;6.559;3.386;2026-01-13T20:25:36.130889+00:00;P0;38.50
4854;DHT22;3628;6.559;3.386;2026-01-13T20:25:53.566255+00:00;humidity;87.10
4854;DHT22;3628;6.559;3.386;2026-01-13T20:25:53.566255+00:00;temperature;31.60
4853;pms5003;3628;6.559;3.386;2026-01-13T20:31:10.785309+00:00;P2;55.60
4853;pms5003;3628;6.559;3.386;2026-01-13T20:31:10.785309+00:00;P1;74.00
4853;pms5003;3628;6.559;3.386;2026-01-13T20:31:10.785309+00:00;P0;36.00
4854;DHT22;3628;6.559;3.386;2026-01-13T20:31:28.148326+00:00;humidity;87.40
4854;DHT22;3628;6.559;3.386;2026-01-13T20:31:28.148326+00:00;temperature;31.50
4854;DHT22;3628;6.559;3.386;2026-01-13T20:37:02.675956+00:00;humidity;87.50
4854;DHT22;3628;6.559;3.386;2026-01-13T20:37:02.675956+00:00;temperature;31.50
4853;pms5003;3628;6.559;3.386;2026-01-13T20:47:33.093347+00:00;P2;61.50
4853;pms5003;3628;6.559;3.386;2026-01-13T20:47:33.093347+00:00;P1;76.25
4853;pms5003;3628;6.559;3.386;2026-01-13T20:47:33.093347+00:00;P0;38.50
4854;DHT22;3628;6.559;3.386;2026-01-13T20:47:50.533366+00:00;humidity;88.00
4854;DHT22;3628;6.559;3.386;2026-01-13T20:47:50.533366+00:00;temperature;31.50
4854;DHT22;3628;6.559;3.386;2026-01-13T20:53:14.335088+00:00;humidity;88.00
4854;DHT22;3628;6.559;3.386;2026-01-13T20:53:14.335088+00:00;temperature;31.50
4853;pms5003;3628;6.559;3.386;2026-01-13T20:58:31.528505+00:00;P2;60.25
4853;pms5003;3628;6.559;3.386;2026-01-13T20:58:31.528505+00:00;P1;75.50
4853;pms5003;3628;6.559;3.386;2026-01-13T20:58:31.528505+00:00;P0;35.75
4854;DHT22;3628;6.559;3.386;2026-01-13T21:04:02.011967+00:00;humidity;87.90
4854;DHT22;3628;6.559;3.386;2026-01-13T21:04:02.011967+00:00;temperature;31.40
4853;pms5003;3628;6.559;3.386;2026-01-13T21:09:19.206937+00:00;P2;54.25
4853;pms5003;3628;6.559;3.386;2026-01-13T21:09:19.206937+00:00;P1;74.25
4853;pms5003;3628;6.559;3.386;2026-01-13T21:09:19.206937+00:00;P0;34.50
4854;DHT22;3628;6.559;3.386;2026-01-13T21:09:36.605170+00:00;humidity;87.70
4854;DHT22;3628;6.559;3.386;2026-01-13T21:09:36.605170+00:00;temperature;31.40
4854;DHT22;3628;6.559;3.386;2026-01-13T21:15:09.719778+00:00;humidity;88.10
4854;DHT22;3628;6.559;3.386;2026-01-13T21:15:09.719778+00:00;temperature;31.30
4853;pms5003;3628;6.559;3.386;2026-01-13T21:20:17.544196+00:00;P2;56.00
4853;pms5003;3628;6.559;3.386;2026-01-13T21:20:17.544196+00:00;P1;73.25
4853;pms5003;3628;6.559;3.386;2026-01-13T21:20:17.544196+00:00;P0;35.50
4854;DHT22;3628;6.559;3.386;2026-01-13T21:20:34.898961+00:00;humidity;88.20
4854;DHT22;3628;6.559;3.386;2026-01-13T21:20:34.898961+00:00;temperature;31.40
4853;pms5003;3628;6.559;3.386;2026-01-13T21:25:52.185638+00:00;P2;56.00
4853;pms5003;3628;6.559;3.386;2026-01-13T21:25:52.185638+00:00;P1;73.00
4853;pms5003;3628;6.559;3.386;2026-01-13T21:25:52.185638+00:00;P0;34.60
4854;DHT22;3628;6.559;3.386;2026-01-13T21:26:09.575515+00:00;humidity;88.30
4854;DHT22;3628;6.559;3.386;2026-01-13T21:26:09.575515+00:00;temperature;31.40
4853;pms5003;3628;6.559;3.386;2026-01-13T21:31:26.714806+00:00;P2;51.00
4853;pms5003;3628;6.559;3.386;2026-01-13T21:31:26.714806+00:00;P1;69.00
4853;pms5003;3628;6.559;3.386;2026-01-13T21:31:26.714806+00:00;P0;33.00
4854;DHT22;3628;6.559;3.386;2026-01-13T21:31:44.240890+00:00;humidity;88.80
4854;DHT22;3628;6.559;3.386;2026-01-13T21:31:44.240890+00:00;temperature;31.20
4853;pms5003;3628;6.559;3.386;2026-01-13T21:37:01.441036+00:00;P2;53.00
4853;pms5003;3628;6.559;3.386;2026-01-13T21:37:01.441036+00:00;P1;71.80
4853;pms5003;3628;6.559;3.386;2026-01-13T21:37:01.441036+00:00;P0;35.00
4854;DHT22;3628;6.559;3.386;2026-01-13T21:37:18.787346+00:00;humidity;88.40
4854;DHT22;3628;6.559;3.386;2026-01-13T21:37:18.787346+00:00;temperature;31.30
4853;pms5003;3628;6.559;3.386;2026-01-13T21:42:36.009449+00:00;P2;52.00
4853;pms5003;3628;6.559;3.386;2026-01-13T21:42:36.009449+00:00;P1;70.60
4853;pms5003;3628;6.559;3.386;2026-01-13T21:42:36.009449+00:00;P0;34.00
4854;DHT22;3628;6.559;3.386;2026-01-13T21:42:53.356568+00:00;humidity;88.30
4854;DHT22;3628;6.559;3.386;2026-01-13T21:42:53.356568+00:00;temperature;31.30
4853;pms5003;3628;6.559;3.386;2026-01-13T21:48:10.560447+00:00;P2;49.33
4853;pms5003;3628;6.559;3.386;2026-01-13T21:48:10.560447+00:00;P1;65.33
4853;pms5003;3628;6.559;3.386;2026-01-13T21:48:10.560447+00:00;P0;31.67
4854;DHT22;3628;6.559;3.386;2026-01-13T21:48:27.894216+00:00;humidity;88.20
4854;DHT22;3628;6.559;3.386;2026-01-13T21:48:27.894216+00:00;temperature;31.30
4854;DHT22;3628;6.559;3.386;2026-01-13T21:53:51.919511+00:00;humidity;88.70
4854;DHT22;3628;6.559;3.386;2026-01-13T21:53:51.919511+00:00;temperature;31.20
4853;pms5003;3628;6.559;3.386;2026-01-13T21:59:09.108534+00:00;P2;49.50
4853;pms5003;3628;6.559;3.386;2026-01-13T21:59:09.108534+00:00;P1;64.50
4853;pms5003;3628;6.559;3.386;2026-01-13T21:59:09.108534+00:00;P0;32.75
4854;DHT22;3628;6.559;3.386;2026-01-13T21:59:26.467745+00:00;humidity;89.30
4854;DHT22;3628;6.559;3.386;2026-01-13T21:59:26.467745+00:00;temperature;31.10
4853;pms5003;3628;6.559;3.386;2026-01-13T22:04:43.633472+00:00;P2;55.00
4853;pms5003;3628;6.559;3.386;2026-01-13T22:04:43.633472+00:00;P1;73.60
4853;pms5003;3628;6.559;3.386;2026-01-13T22:04:43.633472+00:00;P0;35.00
4854;DHT22;3628;6.559;3.386;2026-01-13T22:05:01.023082+00:00;humidity;89.20
4854;DHT22;3628;6.559;3.386;2026-01-13T22:05:01.023082+00:00;temperature;31.20
4853;pms5003;3628;6.559;3.386;2026-01-13T22:10:18.298976+00:00;P2;53.00
4853;pms5003;3628;6.559;3.386;2026-01-13T22:10:18.298976+00:00;P1;70.50
4853;pms5003;3628;6.559;3.386;2026-01-13T22:10:18.298976+00:00;P0;35.00
4854;DHT22;3628;6.559;3.386;2026-01-13T22:15:49.036894+00:00;humidity;89.50
4854;DHT22;3628;6.559;3.386;2026-01-13T22:15:49.036894+00:00;temperature;31.20
4853;pms5003;3628;6.559;3.386;2026-01-13T22:21:06.218677+00:00;P2;52.00
4853;pms5003;3628;6.559;3.386;2026-01-13T22:21:06.218677+00:00;P1;69.50
4853;pms5003;3628;6.559;3.386;2026-01-13T22:21:06.218677+00:00;P0;34.00
4854;DHT22;3628;6.559;3.386;2026-01-13T22:21:23.603477+00:00;humidity;89.70
4854;DHT22;3628;6.559;3.386;2026-01-13T22:21:23.603477+00:00;temperature;31.20
4853;pms5003;3628;6.559;3.386;2026-01-13T22:26:40.795947+00:00;P2;51.00
4853;pms5003;3628;6.559;3.386;2026-01-13T22:26:40.795947+00:00;P1;63.60
4853;pms5003;3628;6.559;3.386;2026-01-13T22:26:40.795947+00:00;P0;33.40
4854;DHT22;3628;6.559;3.386;2026-01-13T22:26:58.187727+00:00;humidity;89.80
4854;DHT22;3628;6.559;3.386;2026-01-13T22:26:58.187727+00:00;temperature;31.10
4853;pms5003;3628;6.559;3.386;2026-01-13T22:38:34.686246+00:00;P2;55.50
4853;pms5003;3628;6.559;3.386;2026-01-13T22:38:34.686246+00:00;P1;72.00
4853;pms5003;3628;6.559;3.386;2026-01-13T22:38:34.686246+00:00;P0;34.50
4854;DHT22;3628;6.559;3.386;2026-01-13T22:43:12.882881+00:00;humidity;89.90
4854;DHT22;3628;6.559;3.386;2026-01-13T22:43:12.882881+00:00;temperature;31.00
4854;DHT22;3628;6.559;3.386;2026-01-13T22:48:36.814676+00:00;humidity;89.30
4854;DHT22;3628;6.559;3.386;2026-01-13T22:48:36.814676+00:00;temperature;31.10
4853;pms5003;3628;6.559;3.386;2026-01-13T22:53:54.021582+00:00;P2;48.75
4853;pms5003;3628;6.559;3.386;2026-01-13T22:53:54.021582+00:00;P1;64.75
4853;pms5003;3628;6.559;3.386;2026-01-13T22:53:54.021582+00:00;P0;33.00
4854;DHT22;3628;6.559;3.386;2026-01-13T22:59:58.534374+00:00;humidity;89.40
4854;DHT22;3628;6.559;3.386;2026-01-13T22:59:58.534374+00:00;temperature;31.00
4853;pms5003;3628;6.559;3.386;2026-01-13T23:04:41.512384+00:00;P2;48.75
4853;pms5003;3628;6.559;3.386;2026-01-13T23:04:41.512384+00:00;P1;65.50
4853;pms5003;3628;6.559;3.386;2026-01-13T23:04:41.512384+00:00;P0;31.75
4854;DHT22;3628;6.559;3.386;2026-01-13T23:04:58.901261+00:00;humidity;89.00
4854;DHT22;3628;6.559;3.386;2026-01-13T23:04:58.901261+00:00;temperature;31.00
4853;pms5003;3628;6.559;3.386;2026-01-14T06:02:22.810597+00:00;P2;96.50
4853;pms5003;3628;6.559;3.386;2026-01-14T06:02:22.810597+00:00;P1;111.75
4853;pms5003;3628;6.559;3.386;2026-01-14T06:02:22.810597+00:00;P0;59.25
4854;DHT22;3628;6.559;3.386;2026-01-14T06:02:40.172066+00:00;humidity;100.00
4854;DHT22;3628;6.559;3.386;2026-01-14T06:02:40.172066+00:00;temperature;28.50
4853;pms5003;3628;6.559;3.386;2026-01-14T06:07:57.396851+00:00;P2;95.50
4853;pms5003;3628;6.559;3.386;2026-01-14T06:07:57.396851+00:00;P1;110.25
4853;pms5003;3628;6.559;3.386;2026-01-14T06:07:57.396851+00:00;P0;59.75
4854;DHT22;3628;6.559;3.386;2026-01-14T10:23:49.751124+00:00;humidity;69.90
4854;DHT22;3628;6.559;3.386;2026-01-14T10:23:49.751124+00:00;temperature;37.00
4854;DHT22;3628;6.559;3.386;2026-01-14T10:29:13.659442+00:00;humidity;68.10
4854;DHT22;3628;6.559;3.386;2026-01-14T10:29:13.659442+00:00;temperature;37.50
4853;pms5003;3628;6.559;3.386;2026-01-14T10:34:30.885822+00:00;P2;47.00
4853;pms5003;3628;6.559;3.386;2026-01-14T10:34:30.885822+00:00;P1;62.00
4853;pms5003;3628;6.559;3.386;2026-01-14T10:34:30.885822+00:00;P0;29.40
4853;pms5003;3628;6.559;3.386;2026-01-14T10:39:54.766867+00:00;P2;45.25
4853;pms5003;3628;6.559;3.386;2026-01-14T10:39:54.766867+00:00;P1;61.00
4853;pms5003;3628;6.559;3.386;2026-01-14T10:39:54.766867+00:00;P0;29.00
4853;pms5003;3628;6.559;3.386;2026-01-14T10:45:24.464827+00:00;P2;44.50
4853;pms5003;3628;6.559;3.386;2026-01-14T10:45:24.464827+00:00;P1;63.00
4853;pms5003;3628;6.559;3.386;2026-01-14T10:45:24.464827+00:00;P0;29.00
4854;DHT22;3628;6.559;3.386;2026-01-14T10:45:41.960703+00:00;humidity;64.20
4854;DHT22;3628;6.559;3.386;2026-01-14T10:45:41.960703+00:00;temperature;38.00
4853;pms5003;3628;6.559;3.386;2026-01-14T10:50:59.153467+00:00;P2;59.25
4853;pms5003;3628;6.559;3.386;2026-01-14T10:50:59.153467+00:00;P1;78.00
4853;pms5003;3628;6.559;3.386;2026-01-14T10:50:59.153467+00:00;P0;38.50
4854;DHT22;3628;6.559;3.386;2026-01-14T10:51:16.665666+00:00;humidity;62.50
4854;DHT22;3628;6.559;3.386;2026-01-14T10:51:16.665666+00:00;temperature;38.30
4854;DHT22;3628;6.559;3.386;2026-01-14T10:56:40.461308+00:00;humidity;61.70
4854;DHT22;3628;6.559;3.386;2026-01-14T10:56:40.461308+00:00;temperature;38.10
4853;pms5003;3628;6.559;3.386;2026-01-14T11:01:57.621161+00:00;P2;45.50
4853;pms5003;3628;6.559;3.386;2026-01-14T11:01:57.621161+00:00;P1;64.00
4853;pms5003;3628;6.559;3.386;2026-01-14T11:01:57.621161+00:00;P0;29.25
4854;DHT22;3628;6.559;3.386;2026-01-14T11:02:15.015714+00:00;humidity;62.10
4854;DHT22;3628;6.559;3.386;2026-01-14T11:02:15.015714+00:00;temperature;38.50
4854;DHT22;3628;6.559;3.386;2026-01-14T11:07:39.311473+00:00;humidity;59.90
4854;DHT22;3628;6.559;3.386;2026-01-14T11:07:39.311473+00:00;temperature;39.70
4853;pms5003;3628;6.559;3.386;2026-01-14T11:12:56.468692+00:00;P2;92.50
4853;pms5003;3628;6.559;3.386;2026-01-14T11:12:56.468692+00:00;P1;108.00
4853;pms5003;3628;6.559;3.386;2026-01-14T11:12:56.468692+00:00;P0;64.25
4853;pms5003;3628;6.559;3.386;2026-01-14T11:23:55.160567+00:00;P2;48.25
4853;pms5003;3628;6.559;3.386;2026-01-14T11:23:55.160567+00:00;P1;67.75
4853;pms5003;3628;6.559;3.386;2026-01-14T11:23:55.160567+00:00;P0;31.75
4854;DHT22;3628;6.559;3.386;2026-01-14T11:24:12.505315+00:00;humidity;60.40
4854;DHT22;3628;6.559;3.386;2026-01-14T11:24:12.505315+00:00;temperature;38.40
4853;pms5003;3628;6.559;3.386;2026-01-14T11:29:29.759572+00:00;P2;48.75
4853;pms5003;3628;6.559;3.386;2026-01-14T11:29:29.759572+00:00;P1;69.50
4853;pms5003;3628;6.559;3.386;2026-01-14T11:29:29.759572+00:00;P0;32.50
4853;pms5003;3628;6.559;3.386;2026-01-14T11:34:53.517097+00:00;P2;45.33
4853;pms5003;3628;6.559;3.386;2026-01-14T11:34:53.517097+00:00;P1;63.33
4853;pms5003;3628;6.559;3.386;2026-01-14T11:34:53.517097+00:00;P0;29.33
4854;DHT22;3628;6.559;3.386;2026-01-14T11:35:10.888612+00:00;humidity;56.00
4854;DHT22;3628;6.559;3.386;2026-01-14T11:35:10.888612+00:00;temperature;39.80
4853;pms5003;3628;6.559;3.386;2026-01-14T11:40:28.042753+00:00;P2;46.00
4853;pms5003;3628;6.559;3.386;2026-01-14T11:40:28.042753+00:00;P1;62.00
4853;pms5003;3628;6.559;3.386;2026-01-14T11:40:28.042753+00:00;P0;30.50
4854;DHT22;3628;6.559;3.386;2026-01-14T11:40:45.506243+00:00;humidity;55.30
4854;DHT22;3628;6.559;3.386;2026-01-14T11:40:45.506243+00:00;temperature;40.10
4854;DHT22;3628;6.559;3.386;2026-01-14T11:51:35.873878+00:00;humidity;54.70
4854;DHT22;3628;6.559;3.386;2026-01-14T11:51:35.873878+00:00;temperature;40.00
4853;pms5003;3628;6.559;3.386;2026-01-14T11:56:53.060929+00:00;P2;46.00
4853;pms5003;3628;6.559;3.386;2026-01-14T11:56:53.060929+00:00;P1;62.00
4853;pms5003;3628;6.559;3.386;2026-01-14T11:56:53.060929+00:00;P0;30.60
4854;DHT22;3628;6.559;3.386;2026-01-14T11:57:10.394160+00:00;humidity;52.80
4854;DHT22;3628;6.559;3.386;2026-01-14T11:57:10.394160+00:00;temperature;40.20
4853;pms5003;3628;6.559;3.386;2026-01-14T12:02:27.610840+00:00;P2;48.00
4853;pms5003;3628;6.559;3.386;2026-01-14T12:02:27.610840+00:00;P1;67.50
4853;pms5003;3628;6.559;3.386;2026-01-14T12:02:27.610840+00:00;P0;32.00
4854;DHT22;3628;6.559;3.386;2026-01-14T12:02:45.074067+00:00;humidity;55.00
4854;DHT22;3628;6.559;3.386;2026-01-14T12:02:45.074067+00:00;temperature;40.10
4853;pms5003;3628;6.559;3.386;2026-01-14T12:08:02.268725+00:00;P2;49.00
4853;pms5003;3628;6.559;3.386;2026-01-14T12:08:02.268725+00:00;P1;66.75
4853;pms5003;3628;6.559;3.386;2026-01-14T12:08:02.268725+00:00;P0;31.25
4854;DHT22;3628;6.559;3.386;2026-01-14T12:08:19.720677+00:00;humidity;54.00
4854;DHT22;3628;6.559;3.386;2026-01-14T12:08:19.720677+00:00;temperature;40.40
4853;pms5003;3628;6.559;3.386;2026-01-14T12:13:36.890221+00:00;P2;42.75
4853;pms5003;3628;6.559;3.386;2026-01-14T12:13:36.890221+00:00;P1;61.50
4853;pms5003;3628;6.559;3.386;2026-01-14T12:13:36.890221+00:00;P0;28.75
4854;DHT22;3628;6.559;3.386;2026-01-14T12:13:54.264466+00:00;humidity;53.60
4854;DHT22;3628;6.559;3.386;2026-01-14T12:13:54.264466+00:00;temperature;40.60
4853;pms5003;3628;6.559;3.386;2026-01-14T12:19:11.468930+00:00;P2;46.50
4853;pms5003;3628;6.559;3.386;2026-01-14T12:19:11.468930+00:00;P1;65.00
4853;pms5003;3628;6.559;3.386;2026-01-14T12:19:11.468930+00:00;P0;30.50
4854;DHT22;3628;6.559;3.386;2026-01-14T12:19:28.794285+00:00;humidity;54.20
4854;DHT22;3628;6.559;3.386;2026-01-14T12:19:28.794285+00:00;temperature;40.20
4853;pms5003;3628;6.559;3.386;2026-01-14T12:24:45.968298+00:00;P2;48.25
4853;pms5003;3628;6.559;3.386;2026-01-14T12:24:45.968298+00:00;P1;65.00
4853;pms5003;3628;6.559;3.386;2026-01-14T12:24:45.968298+00:00;P0;31.25
4854;DHT22;3628;6.559;3.386;2026-01-14T12:25:03.315201+00:00;humidity;53.90
4854;DHT22;3628;6.559;3.386;2026-01-14T12:25:03.315201+00:00;temperature;40.50
4853;pms5003;3628;6.559;3.386;2026-01-14T12:30:20.485738+00:00;P2;45.50
4853;pms5003;3628;6.559;3.386;2026-01-14T12:30:20.485738+00:00;P1;66.00
4853;pms5003;3628;6.559;3.386;2026-01-14T12:30:20.485738+00:00;P0;30.50
4854;DHT22;3628;6.559;3.386;2026-01-14T12:30:37.854089+00:00;humidity;52.00
4854;DHT22;3628;6.559;3.386;2026-01-14T12:30:37.854089+00:00;temperature;40.20
4853;pms5003;3628;6.559;3.386;2026-01-14T12:35:55.084686+00:00;P2;45.00
4853;pms5003;3628;6.559;3.386;2026-01-14T12:35:55.084686+00:00;P1;61.00
4853;pms5003;3628;6.559;3.386;2026-01-14T12:35:55.084686+00:00;P0;29.00
4854;DHT22;3628;6.559;3.386;2026-01-14T12:36:12.454128+00:00;humidity;50.80
4854;DHT22;3628;6.559;3.386;2026-01-14T12:36:12.454128+00:00;temperature;41.20
4853;pms5003;3628;6.559;3.386;2026-01-14T12:41:29.662298+00:00;P2;52.75
4853;pms5003;3628;6.559;3.386;2026-01-14T12:41:29.662298+00:00;P1;68.75
4853;pms5003;3628;6.559;3.386;2026-01-14T12:41:29.662298+00:00;P0;36.25
4854;DHT22;3628;6.559;3.386;2026-01-14T12:41:46.995497+00:00;humidity;49.90
4854;DHT22;3628;6.559;3.386;2026-01-14T12:41:46.995497+00:00;temperature;41.70
4853;pms5003;3628;6.559;3.386;2026-01-14T12:47:04.210203+00:00;P2;46.25
4853;pms5003;3628;6.559;3.386;2026-01-14T12:47:04.210203+00:00;P1;65.75
4853;pms5003;3628;6.559;3.386;2026-01-14T12:47:04.210203+00:00;P0;31.00
4854;DHT22;3628;6.559;3.386;2026-01-14T12:47:21.596004+00:00;humidity;50.20
4854;DHT22;3628;6.559;3.386;2026-01-14T12:47:21.596004+00:00;temperature;41.00
4853;pms5003;3628;6.559;3.386;2026-01-14T12:52:38.807241+00:00;P2;46.25
4853;pms5003;3628;6.559;3.386;2026-01-14T12:52:38.807241+00:00;P1;67.50
4853;pms5003;3628;6.559;3.386;2026-01-14T12:52:38.807241+00:00;P0;31.00
4854;DHT22;3628;6.559;3.386;2026-01-14T12:52:56.175297+00:00;humidity;49.60
4854;DHT22;3628;6.559;3.386;2026-01-14T12:52:56.175297+00:00;temperature;41.10
4853;pms5003;3628;6.559;3.386;2026-01-14T12:58:13.356730+00:00;P2;45.50
4853;pms5003;3628;6.559;3.386;2026-01-14T12:58:13.356730+00:00;P1;62.50
4853;pms5003;3628;6.559;3.386;2026-01-14T12:58:13.356730+00:00;P0;30.00
4854;DHT22;3628;6.559;3.386;2026-01-14T12:58:30.733563+00:00;humidity;49.90
4854;DHT22;3628;6.559;3.386;2026-01-14T12:58:30.733563+00:00;temperature;41.20
4854;DHT22;3628;6.559;3.386;2026-01-14T13:03:54.558618+00:00;humidity;48.20
4854;DHT22;3628;6.559;3.386;2026-01-14T13:03:54.558618+00:00;temperature;41.80
4853;pms5003;3628;6.559;3.386;2026-01-14T13:09:11.741935+00:00;P2;45.75
4853;pms5003;3628;6.559;3.386;2026-01-14T13:09:11.741935+00:00;P1;64.50
4853;pms5003;3628;6.559;3.386;2026-01-14T13:09:11.741935+00:00;P0;30.75
4854;DHT22;3628;6.559;3.386;2026-01-14T13:09:29.113184+00:00;humidity;49.60
4854;DHT22;3628;6.559;3.386;2026-01-14T13:09:29.113184+00:00;temperature;41.20
4853;pms5003;3628;6.559;3.386;2026-01-14T13:14:46.307761+00:00;P2;48.33
4853;pms5003;3628;6.559;3.386;2026-01-14T13:14:46.307761+00:00;P1;67.67
4853;pms5003;3628;6.559;3.386;2026-01-14T13:14:46.307761+00:00;P0;31.00
4854;DHT22;3628;6.559;3.386;2026-01-14T13:15:03.687183+00:00;humidity;51.30
4854;DHT22;3628;6.559;3.386;2026-01-14T13:15:03.687183+00:00;temperature;40.10
4853;pms5003;3628;6.559;3.386;2026-01-14T13:20:20.869718+00:00;P2;47.60
4853;pms5003;3628;6.559;3.386;2026-01-14T13:20:20.869718+00:00;P1;66.60
4853;pms5003;3628;6.559;3.386;2026-01-14T13:20:20.869718+00:00;P0;30.60
4854;DHT22;3628;6.559;3.386;2026-01-14T13:31:08.246050+00:00;humidity;49.30
4854;DHT22;3628;6.559;3.386;2026-01-14T13:31:08.246050+00:00;temperature;41.80
4853;pms5003;3628;6.559;3.386;2026-01-14T13:36:25.438807+00:00;P2;47.50
4853;pms5003;3628;6.559;3.386;2026-01-14T13:36:25.438807+00:00;P1;59.50
4853;pms5003;3628;6.559;3.386;2026-01-14T13:36:25.438807+00:00;P0;31.00
4854;DHT22;3628;6.559;3.386;2026-01-14T13:36:42.788933+00:00;humidity;48.20
4854;DHT22;3628;6.559;3.386;2026-01-14T13:36:42.788933+00:00;temperature;41.80
4853;pms5003;3628;6.559;3.386;2026-01-14T13:42:00.155307+00:00;P2;47.75
4853;pms5003;3628;6.559;3.386;2026-01-14T13:42:00.155307+00:00;P1;67.00
4853;pms5003;3628;6.559;3.386;2026-01-14T13:42:00.155307+00:00;P0;31.00
4854;DHT22;3628;6.559;3.386;2026-01-14T13:42:17.464436+00:00;humidity;48.70
4854;DHT22;3628;6.559;3.386;2026-01-14T13:42:17.464436+00:00;temperature;41.30
4854;DHT22;3628;6.559;3.386;2026-01-14T13:47:41.175167+00:00;humidity;50.50
4854;DHT22;3628;6.559;3.386;2026-01-14T13:47:41.175167+00:00;temperature;39.80
4853;pms5003;3628;6.559;3.386;2026-01-14T13:58:11.596298+00:00;P2;49.00
4853;pms5003;3628;6.559;3.386;2026-01-14T13:58:11.596298+00:00;P1;64.50
4853;pms5003;3628;6.559;3.386;2026-01-14T13:58:11.596298+00:00;P0;32.00
4854;DHT22;3628;6.559;3.386;2026-01-14T13:58:28.944287+00:00;humidity;51.10
4854;DHT22;3628;6.559;3.386;2026-01-14T13:58:28.944287+00:00;temperature;39.50
4853;pms5003;3628;6.559;3.386;2026-01-14T14:09:09.927166+00:00;P2;46.50
4853;pms5003;3628;6.559;3.386;2026-01-14T14:09:09.927166+00:00;P1;64.50
4853;pms5003;3628;6.559;3.386;2026-01-14T14:09:09.927166+00:00;P0;30.00
4854;DHT22;3628;6.559;3.386;2026-01-14T14:09:27.280200+00:00;humidity;53.80
4854;DHT22;3628;6.559;3.386;2026-01-14T14:09:27.280200+00:00;temperature;38.90
4853;pms5003;3628;6.559;3.386;2026-01-14T14:14:44.501107+00:00;P2;51.00
4853;pms5003;3628;6.559;3.386;2026-01-14T14:14:44.501107+00:00;P1;67.50
4853;pms5003;3628;6.559;3.386;2026-01-14T14:14:44.501107+00:00;P0;33.00
4853;pms5003;3628;6.559;3.386;2026-01-14T14:20:08.458217+00:00;P2;51.00
4853;pms5003;3628;6.559;3.386;2026-01-14T14:20:08.458217+00:00;P1;67.75
4853;pms5003;3628;6.559;3.386;2026-01-14T14:20:08.458217+00:00;P0;32.50
4854;DHT22;3628;6.559;3.386;2026-01-14T14:25:39.031839+00:00;humidity;57.30
4854;DHT22;3628;6.559;3.386;2026-01-14T14:25:39.031839+00:00;temperature;38.80
4853;pms5003;3628;6.559;3.386;2026-01-14T14:30:56.251699+00:00;P2;52.50
4853;pms5003;3628;6.559;3.386;2026-01-14T14:30:56.251699+00:00;P1;69.75
4853;pms5003;3628;6.559;3.386;2026-01-14T14:30:56.251699+00:00;P0;34.75
4854;DHT22;3628;6.559;3.386;2026-01-14T14:31:13.593633+00:00;humidity;58.10
4854;DHT22;3628;6.559;3.386;2026-01-14T14:31:13.593633+00:00;temperature;38.00
4853;pms5003;3628;6.559;3.386;2026-01-14T14:36:30.781220+00:00;P2;49.50
4853;pms5003;3628;6.559;3.386;2026-01-14T14:36:30.781220+00:00;P1;66.75
4853;pms5003;3628;6.559;3.386;2026-01-14T14:36:30.781220+00:00;P0;31.75
4854;DHT22;3628;6.559;3.386;2026-01-14T14:36:48.161536+00:00;humidity;60.40
4854;DHT22;3628;6.559;3.386;2026-01-14T14:36:48.161536+00:00;temperature;37.40
4854;DHT22;3628;6.559;3.386;2026-01-14T14:42:12.019323+00:00;humidity;60.20
4854;DHT22;3628;6.559;3.386;2026-01-14T14:42:12.019323+00:00;temperature;38.20
4854;DHT22;3628;6.559;3.386;2026-01-14T14:47:46.597959+00:00;humidity;60.50
4854;DHT22;3628;6.559;3.386;2026-01-14T14:47:46.597959+00:00;temperature;37.50
4853;pms5003;3628;6.559;3.386;2026-01-14T14:58:27.929132+00:00;P2;48.00
4853;pms5003;3628;6.559;3.386;2026-01-14T14:58:27.929132+00:00;P1;63.50
4853;pms5003;3628;6.559;3.386;2026-01-14T14:58:27.929132+00:00;P0;31.25
4854;DHT22;3628;6.559;3.386;2026-01-14T14:58:45.284525+00:00;humidity;61.90
4854;DHT22;3628;6.559;3.386;2026-01-14T14:58:45.284525+00:00;temperature;38.20
4853;pms5003;3628;6.559;3.386;2026-01-14T15:04:02.466560+00:00;P2;47.00
4853;pms5003;3628;6.559;3.386;2026-01-14T15:04:02.466560+00:00;P1;61.75
4853;pms5003;3628;6.559;3.386;2026-01-14T15:04:02.466560+00:00;P0;30.50
4854;DHT22;3628;6.559;3.386;2026-01-14T15:04:19.838788+00:00;humidity;64.50
4854;DHT22;3628;6.559;3.386;2026-01-14T15:04:19.838788+00:00;temperature;37.20
4853;pms5003;3628;6.559;3.386;2026-01-14T15:09:37.010355+00:00;P2;48.67
4853;pms5003;3628;6.559;3.386;2026-01-14T15:09:37.010355+00:00;P1;67.00
4853;pms5003;3628;6.559;3.386;2026-01-14T15:09:37.010355+00:00;P0;31.00
4854;DHT22;3628;6.559;3.386;2026-01-14T15:09:54.390055+00:00;humidity;65.80
4854;DHT22;3628;6.559;3.386;2026-01-14T15:09:54.390055+00:00;temperature;36.80
4854;DHT22;3628;6.559;3.386;2026-01-14T15:15:18.540606+00:00;humidity;65.60
4854;DHT22;3628;6.559;3.386;2026-01-14T15:15:18.540606+00:00;temperature;37.10
4853;pms5003;3628;6.559;3.386;2026-01-14T15:31:25.704921+00:00;P2;52.00
4853;pms5003;3628;6.559;3.386;2026-01-14T15:31:25.704921+00:00;P1;71.00
4853;pms5003;3628;6.559;3.386;2026-01-14T15:31:25.704921+00:00;P0;33.00
4854;DHT22;3628;6.559;3.386;2026-01-14T15:31:43.044653+00:00;humidity;67.90
4854;DHT22;3628;6.559;3.386;2026-01-14T15:31:43.044653+00:00;temperature;36.10
4854;DHT22;3628;6.559;3.386;2026-01-14T15:47:55.306653+00:00;humidity;70.50
4854;DHT22;3628;6.559;3.386;2026-01-14T15:47:55.306653+00:00;temperature;35.40
4854;DHT22;3628;6.559;3.386;2026-01-14T15:53:29.732939+00:00;humidity;70.90
4854;DHT22;3628;6.559;3.386;2026-01-14T15:53:29.732939+00:00;temperature;35.20
4854;DHT22;3628;6.559;3.386;2026-01-14T16:04:17.859713+00:00;humidity;70.70
4854;DHT22;3628;6.559;3.386;2026-01-14T16:04:17.859713+00:00;temperature;35.30
4854;DHT22;3628;6.559;3.386;2026-01-14T16:09:41.912150+00:00;humidity;71.30
4854;DHT22;3628;6.559;3.386;2026-01-14T16:09:41.912150+00:00;temperature;35.00
4854;DHT22;3628;6.559;3.386;2026-01-14T16:15:19.348240+00:00;humidity;71.70
4854;DHT22;3628;6.559;3.386;2026-01-14T16:15:19.348240+00:00;temperature;35.00
4853;pms5003;3628;6.559;3.386;2026-01-14T16:20:36.560212+00:00;P2;49.00
4853;pms5003;3628;6.559;3.386;2026-01-14T16:20:36.560212+00:00;P1;64.00
4853;pms5003;3628;6.559;3.386;2026-01-14T16:20:36.560212+00:00;P0;32.25
4854;DHT22;3628;6.559;3.386;2026-01-14T16:20:53.889563+00:00;humidity;72.50
4854;DHT22;3628;6.559;3.386;2026-01-14T16:20:53.889563+00:00;temperature;34.70
4854;DHT22;3628;6.559;3.386;2026-01-14T16:26:28.426770+00:00;humidity;72.40
4854;DHT22;3628;6.559;3.386;2026-01-14T16:26:28.426770+00:00;temperature;34.70
4854;DHT22;3628;6.559;3.386;2026-01-14T16:31:52.701030+00:00;humidity;72.70
4854;DHT22;3628;6.559;3.386;2026-01-14T16:31:52.701030+00:00;temperature;34.80
4853;pms5003;3628;6.559;3.386;2026-01-14T16:37:09.889623+00:00;P2;55.00
4853;pms5003;3628;6.559;3.386;2026-01-14T16:37:09.889623+00:00;P1;71.60
4853;pms5003;3628;6.559;3.386;2026-01-14T16:37:09.889623+00:00;P0;34.60
4853;pms5003;3628;6.559;3.386;2026-01-14T16:42:44.413844+00:00;P2;48.00
4853;pms5003;3628;6.559;3.386;2026-01-14T16:42:44.413844+00:00;P1;67.25
4853;pms5003;3628;6.559;3.386;2026-01-14T16:42:44.413844+00:00;P0;32.00
4853;pms5003;3628;6.559;3.386;2026-01-14T16:53:46.112625+00:00;P2;50.25
4853;pms5003;3628;6.559;3.386;2026-01-14T16:53:46.112625+00:00;P1;71.00
4853;pms5003;3628;6.559;3.386;2026-01-14T16:53:46.112625+00:00;P0;33.00
4853;pms5003;3628;6.559;3.386;2026-01-14T16:59:20.771357+00:00;P2;51.00
4853;pms5003;3628;6.559;3.386;2026-01-14T16:59:20.771357+00:00;P1;66.80
4853;pms5003;3628;6.559;3.386;2026-01-14T16:59:20.771357+00:00;P0;34.80
4854;DHT22;3628;6.559;3.386;2026-01-14T16:59:38.092714+00:00;humidity;75.60
4854;DHT22;3628;6.559;3.386;2026-01-14T16:59:38.092714+00:00;temperature;34.10
4853;pms5003;3628;6.559;3.386;2026-01-14T17:04:55.276819+00:00;P2;49.25
4853;pms5003;3628;6.559;3.386;2026-01-14T17:04:55.276819+00:00;P1;61.50
4853;pms5003;3628;6.559;3.386;2026-01-14T17:04:55.276819+00:00;P0;30.50
4854;DHT22;3628;6.559;3.386;2026-01-14T17:10:25.903740+00:00;humidity;76.70
4854;DHT22;3628;6.559;3.386;2026-01-14T17:10:25.903740+00:00;temperature;33.70
4853;pms5003;3628;6.559;3.386;2026-01-14T17:15:43.091055+00:00;P2;48.50
4853;pms5003;3628;6.559;3.386;2026-01-14T17:15:43.091055+00:00;P1;63.50
4853;pms5003;3628;6.559;3.386;2026-01-14T17:15:43.091055+00:00;P0;30.50
4854;DHT22;3628;6.559;3.386;2026-01-14T17:16:00.458978+00:00;humidity;77.10
4854;DHT22;3628;6.559;3.386;2026-01-14T17:16:00.458978+00:00;temperature;33.60
4854;DHT22;3628;6.559;3.386;2026-01-14T17:21:27.279665+00:00;humidity;78.50
4854;DHT22;3628;6.559;3.386;2026-01-14T17:21:27.279665+00:00;temperature;33.30
4853;pms5003;3628;6.559;3.386;2026-01-14T17:37:22.355025+00:00;P2;46.25
4853;pms5003;3628;6.559;3.386;2026-01-14T17:37:22.355025+00:00;P1;61.25
4853;pms5003;3628;6.559;3.386;2026-01-14T17:37:22.355025+00:00;P0;31.00
4854;DHT22;3628;6.559;3.386;2026-01-14T17:37:39.692640+00:00;humidity;78.90
4854;DHT22;3628;6.559;3.386;2026-01-14T17:37:39.692640+00:00;temperature;33.00
4853;pms5003;3628;6.559;3.386;2026-01-14T17:48:13.392734+00:00;P2;49.60
4853;pms5003;3628;6.559;3.386;2026-01-14T17:48:13.392734+00:00;P1;62.00
4853;pms5003;3628;6.559;3.386;2026-01-14T17:48:13.392734+00:00;P0;32.40
4854;DHT22;3628;6.559;3.386;2026-01-14T17:48:30.741666+00:00;humidity;80.30
4854;DHT22;3628;6.559;3.386;2026-01-14T17:48:30.741666+00:00;temperature;32.80
4853;pms5003;3628;6.559;3.386;2026-01-14T17:53:47.945729+00:00;P2;48.00
4853;pms5003;3628;6.559;3.386;2026-01-14T17:53:47.945729+00:00;P1;60.75
4853;pms5003;3628;6.559;3.386;2026-01-14T17:53:47.945729+00:00;P0;30.75
4854;DHT22;3628;6.559;3.386;2026-01-14T17:54:08.201289+00:00;humidity;80.90
4854;DHT22;3628;6.559;3.386;2026-01-14T17:54:08.201289+00:00;temperature;32.70
4853;pms5003;3628;6.559;3.386;2026-01-14T17:59:25.393573+00:00;P2;48.50
4853;pms5003;3628;6.559;3.386;2026-01-14T17:59:25.393573+00:00;P1;67.25
4853;pms5003;3628;6.559;3.386;2026-01-14T17:59:25.393573+00:00;P0;31.75
4853;pms5003;3628;6.559;3.386;2026-01-14T18:04:49.321467+00:00;P2;48.50
4853;pms5003;3628;6.559;3.386;2026-01-14T18:04:49.321467+00:00;P1;65.75
4853;pms5003;3628;6.559;3.386;2026-01-14T18:04:49.321467+00:00;P0;31.75
4853;pms5003;3628;6.559;3.386;2026-01-14T18:10:13.065633+00:00;P2;50.50
4853;pms5003;3628;6.559;3.386;2026-01-14T18:10:13.065633+00:00;P1;69.25
4853;pms5003;3628;6.559;3.386;2026-01-14T18:10:13.065633+00:00;P0;33.00
4854;DHT22;3628;6.559;3.386;2026-01-14T18:10:30.576376+00:00;humidity;80.90
4854;DHT22;3628;6.559;3.386;2026-01-14T18:10:30.576376+00:00;temperature;32.70
4853;pms5003;3628;6.559;3.386;2026-01-14T18:15:47.707845+00:00;P2;52.00
4853;pms5003;3628;6.559;3.386;2026-01-14T18:15:47.707845+00:00;P1;73.50
4853;pms5003;3628;6.559;3.386;2026-01-14T18:15:47.707845+00:00;P0;34.00
4854;DHT22;3628;6.559;3.386;2026-01-14T18:16:07.955137+00:00;humidity;81.40
4854;DHT22;3628;6.559;3.386;2026-01-14T18:16:07.955137+00:00;temperature;32.60
4854;DHT22;3628;6.559;3.386;2026-01-14T18:21:42.074029+00:00;humidity;81.30
4854;DHT22;3628;6.559;3.386;2026-01-14T18:21:42.074029+00:00;temperature;32.50
4853;pms5003;3628;6.559;3.386;2026-01-14T18:37:57.422670+00:00;P2;49.00
4853;pms5003;3628;6.559;3.386;2026-01-14T18:37:57.422670+00:00;P1;69.50
4853;pms5003;3628;6.559;3.386;2026-01-14T18:37:57.422670+00:00;P0;32.00
4854;DHT22;3628;6.559;3.386;2026-01-14T18:38:14.778359+00:00;humidity;81.90
4854;DHT22;3628;6.559;3.386;2026-01-14T18:38:14.778359+00:00;temperature;32.40
4854;DHT22;3628;6.559;3.386;2026-01-14T18:43:38.497617+00:00;humidity;82.20
4854;DHT22;3628;6.559;3.386;2026-01-14T18:43:38.497617+00:00;temperature;32.30
4853;pms5003;3628;6.559;3.386;2026-01-14T18:48:55.770180+00:00;P2;48.33
4853;pms5003;3628;6.559;3.386;2026-01-14T18:48:55.770180+00:00;P1;65.33
4853;pms5003;3628;6.559;3.386;2026-01-14T18:48:55.770180+00:00;P0;30.67
4854;DHT22;3628;6.559;3.386;2026-01-14T18:49:13.133082+00:00;humidity;82.40
4854;DHT22;3628;6.559;3.386;2026-01-14T18:49:13.133082+00:00;temperature;32.30
4853;pms5003;3628;6.559;3.386;2026-01-14T18:54:33.256343+00:00;P2;46.40
4853;pms5003;3628;6.559;3.386;2026-01-14T18:54:33.256343+00:00;P1;60.20
4853;pms5003;3628;6.559;3.386;2026-01-14T18:54:33.256343+00:00;P0;30.40
4854;DHT22;3628;6.559;3.386;2026-01-14T18:54:53.253382+00:00;humidity;83.00
4854;DHT22;3628;6.559;3.386;2026-01-14T18:54:53.253382+00:00;temperature;32.10
4853;pms5003;3628;6.559;3.386;2026-01-14T19:10:57.756698+00:00;P2;61.50
4853;pms5003;3628;6.559;3.386;2026-01-14T19:10:57.756698+00:00;P1;78.25
4853;pms5003;3628;6.559;3.386;2026-01-14T19:10:57.756698+00:00;P0;36.75
4854;DHT22;3628;6.559;3.386;2026-01-14T19:11:15.123483+00:00;humidity;83.70
4854;DHT22;3628;6.559;3.386;2026-01-14T19:11:15.123483+00:00;temperature;32.10
4853;pms5003;3628;6.559;3.386;2026-01-14T19:16:32.332583+00:00;P2;64.00
4853;pms5003;3628;6.559;3.386;2026-01-14T19:16:32.332583+00:00;P1;76.50
4853;pms5003;3628;6.559;3.386;2026-01-14T19:16:32.332583+00:00;P0;35.50
4854;DHT22;3628;6.559;3.386;2026-01-14T19:16:49.673678+00:00;humidity;83.80
4854;DHT22;3628;6.559;3.386;2026-01-14T19:16:49.673678+00:00;temperature;32.10
4853;pms5003;3628;6.559;3.386;2026-01-14T19:22:06.866865+00:00;P2;71.50
4853;pms5003;3628;6.559;3.386;2026-01-14T19:22:06.866865+00:00;P1;82.50
4853;pms5003;3628;6.559;3.386;2026-01-14T19:22:06.866865+00:00;P0;44.75
4854;DHT22;3628;6.559;3.386;2026-01-14T19:22:24.209731+00:00;humidity;83.30
4854;DHT22;3628;6.559;3.386;2026-01-14T19:22:24.209731+00:00;temperature;32.20
4854;DHT22;3628;6.559;3.386;2026-01-14T21:22:50.424851+00:00;humidity;86.80
4854;DHT22;3628;6.559;3.386;2026-01-14T21:22:50.424851+00:00;temperature;31.40
4853;pms5003;3628;6.559;3.386;2026-01-14T21:28:07.736685+00:00;P2;45.75
4853;pms5003;3628;6.559;3.386;2026-01-14T21:28:07.736685+00:00;P1;61.75
4853;pms5003;3628;6.559;3.386;2026-01-14T21:28:07.736685+00:00;P0;30.00
4853;pms5003;3628;6.559;3.386;2026-01-14T21:33:31.436095+00:00;P2;44.80
4853;pms5003;3628;6.559;3.386;2026-01-14T21:33:31.436095+00:00;P1;63.20
4853;pms5003;3628;6.559;3.386;2026-01-14T21:33:31.436095+00:00;P0;28.20
4854;DHT22;3628;6.559;3.386;2026-01-14T21:33:48.872184+00:00;humidity;86.70
4854;DHT22;3628;6.559;3.386;2026-01-14T21:33:48.872184+00:00;temperature;31.50
4853;pms5003;3628;6.559;3.386;2026-01-14T21:39:06.044277+00:00;P2;45.25
4853;pms5003;3628;6.559;3.386;2026-01-14T21:39:06.044277+00:00;P1;61.00
4853;pms5003;3628;6.559;3.386;2026-01-14T21:39:06.044277+00:00;P0;29.00
4853;pms5003;3628;6.559;3.386;2026-01-14T21:44:30.274512+00:00;P2;43.50
4853;pms5003;3628;6.559;3.386;2026-01-14T21:44:30.274512+00:00;P1;56.25
4853;pms5003;3628;6.559;3.386;2026-01-14T21:44:30.274512+00:00;P0;27.50
4854;DHT22;3628;6.559;3.386;2026-01-14T21:44:50.583087+00:00;humidity;86.50
4854;DHT22;3628;6.559;3.386;2026-01-14T21:44:50.583087+00:00;temperature;31.60
4853;pms5003;3628;6.559;3.386;2026-01-14T21:50:07.728361+00:00;P2;46.75
4853;pms5003;3628;6.559;3.386;2026-01-14T21:50:07.728361+00:00;P1;60.75
4853;pms5003;3628;6.559;3.386;2026-01-14T21:50:07.728361+00:00;P0;29.25
4853;pms5003;3628;6.559;3.386;2026-01-14T21:55:31.457796+00:00;P2;43.00
4853;pms5003;3628;6.559;3.386;2026-01-14T21:55:31.457796+00:00;P1;64.00
4853;pms5003;3628;6.559;3.386;2026-01-14T21:55:31.457796+00:00;P0;28.00
4854;DHT22;3628;6.559;3.386;2026-01-14T21:55:51.959919+00:00;humidity;86.60
4854;DHT22;3628;6.559;3.386;2026-01-14T21:55:51.959919+00:00;temperature;31.50
4853;pms5003;3628;6.559;3.386;2026-01-14T22:01:09.095907+00:00;P2;45.00
4853;pms5003;3628;6.559;3.386;2026-01-14T22:01:09.095907+00:00;P1;63.50
4853;pms5003;3628;6.559;3.386;2026-01-14T22:01:09.095907+00:00;P0;28.00
4853;pms5003;3628;6.559;3.386;2026-01-14T22:06:33.558263+00:00;P2;45.00
4853;pms5003;3628;6.559;3.386;2026-01-14T22:06:33.558263+00:00;P1;63.25
4853;pms5003;3628;6.559;3.386;2026-01-14T22:06:33.558263+00:00;P0;29.00
4854;DHT22;3628;6.559;3.386;2026-01-14T22:06:50.915052+00:00;humidity;86.50
4854;DHT22;3628;6.559;3.386;2026-01-14T22:06:50.915052+00:00;temperature;31.40
4853;pms5003;3628;6.559;3.386;2026-01-14T22:17:21.835369+00:00;P2;43.33
4853;pms5003;3628;6.559;3.386;2026-01-14T22:17:21.835369+00:00;P1;60.33
4853;pms5003;3628;6.559;3.386;2026-01-14T22:17:21.835369+00:00;P0;28.67
4854;DHT22;3628;6.559;3.386;2026-01-14T22:17:39.160687+00:00;humidity;86.40
4854;DHT22;3628;6.559;3.386;2026-01-14T22:17:39.160687+00:00;temperature;31.40
4854;DHT22;3628;6.559;3.386;2026-01-14T22:23:03.219559+00:00;humidity;86.50
4854;DHT22;3628;6.559;3.386;2026-01-14T22:23:03.219559+00:00;temperature;31.40
4853;pms5003;3628;6.559;3.386;2026-01-14T22:28:20.439371+00:00;P2;52.20
4853;pms5003;3628;6.559;3.386;2026-01-14T22:28:20.439371+00:00;P1;71.80
4853;pms5003;3628;6.559;3.386;2026-01-14T22:28:20.439371+00:00;P0;32.40
4853;pms5003;3628;6.559;3.386;2026-01-14T22:33:44.532714+00:00;P2;62.25
4853;pms5003;3628;6.559;3.386;2026-01-14T22:33:44.532714+00:00;P1;77.00
4853;pms5003;3628;6.559;3.386;2026-01-14T22:33:44.532714+00:00;P0;35.75
4854;DHT22;3628;6.559;3.386;2026-01-14T22:39:15.636903+00:00;humidity;87.80
4854;DHT22;3628;6.559;3.386;2026-01-14T22:39:15.636903+00:00;temperature;31.20
4854;DHT22;3628;6.559;3.386;2026-01-14T22:44:39.676078+00:00;humidity;87.70
4854;DHT22;3628;6.559;3.386;2026-01-14T22:44:39.676078+00:00;temperature;31.30
4853;pms5003;3628;6.559;3.386;2026-01-14T22:49:56.924041+00:00;P2;61.00
4853;pms5003;3628;6.559;3.386;2026-01-14T22:49:56.924041+00:00;P1;78.00
4853;pms5003;3628;6.559;3.386;2026-01-14T22:49:56.924041+00:00;P0;35.67
4854;DHT22;3628;6.559;3.386;2026-01-14T22:50:14.193603+00:00;humidity;87.80
4854;DHT22;3628;6.559;3.386;2026-01-14T22:50:14.193603+00:00;temperature;31.30
4853;pms5003;3628;6.559;3.386;2026-01-14T22:55:34.278225+00:00;P2;55.50
4853;pms5003;3628;6.559;3.386;2026-01-14T22:55:34.278225+00:00;P1;72.00
4853;pms5003;3628;6.559;3.386;2026-01-14T22:55:34.278225+00:00;P0;35.00
4854;DHT22;3628;6.559;3.386;2026-01-14T22:55:51.619433+00:00;humidity;88.00
4854;DHT22;3628;6.559;3.386;2026-01-14T22:55:51.619433+00:00;temperature;31.20
4853;pms5003;3628;6.559;3.386;2026-01-14T23:01:08.789058+00:00;P2;61.80
4853;pms5003;3628;6.559;3.386;2026-01-14T23:01:08.789058+00:00;P1;79.00
4853;pms5003;3628;6.559;3.386;2026-01-14T23:01:08.789058+00:00;P0;35.40
4854;DHT22;3628;6.559;3.386;2026-01-14T23:01:26.130972+00:00;humidity;87.80
4854;DHT22;3628;6.559;3.386;2026-01-14T23:01:26.130972+00:00;temperature;31.20
4853;pms5003;3628;6.559;3.386;2026-01-14T23:06:43.296622+00:00;P2;55.25
4853;pms5003;3628;6.559;3.386;2026-01-14T23:06:43.296622+00:00;P1;77.50
4853;pms5003;3628;6.559;3.386;2026-01-14T23:06:43.296622+00:00;P0;33.00
4854;DHT22;3628;6.559;3.386;2026-01-14T23:07:00.646162+00:00;humidity;87.80
4854;DHT22;3628;6.559;3.386;2026-01-14T23:07:00.646162+00:00;temperature;31.10
4853;pms5003;3628;6.559;3.386;2026-01-14T23:12:17.913203+00:00;P2;50.00
4853;pms5003;3628;6.559;3.386;2026-01-14T23:12:17.913203+00:00;P1;65.75
4853;pms5003;3628;6.559;3.386;2026-01-14T23:12:17.913203+00:00;P0;31.25
4854;DHT22;3628;6.559;3.386;2026-01-14T23:12:35.249358+00:00;humidity;87.90
4854;DHT22;3628;6.559;3.386;2026-01-14T23:12:35.249358+00:00;temperature;31.20
4853;pms5003;3628;6.559;3.386;2026-01-14T23:23:05.874052+00:00;P2;48.80
4853;pms5003;3628;6.559;3.386;2026-01-14T23:23:05.874052+00:00;P1;69.40
4853;pms5003;3628;6.559;3.386;2026-01-14T23:23:05.874052+00:00;P0;31.40
4854;DHT22;3628;6.559;3.386;2026-01-14T23:23:23.247335+00:00;humidity;87.60
4854;DHT22;3628;6.559;3.386;2026-01-14T23:23:23.247335+00:00;temperature;31.10
4853;pms5003;3628;6.559;3.386;2026-01-14T23:28:40.445353+00:00;P2;52.00
4853;pms5003;3628;6.559;3.386;2026-01-14T23:28:40.445353+00:00;P1;71.50
4853;pms5003;3628;6.559;3.386;2026-01-14T23:28:40.445353+00:00;P0;33.00
4854;DHT22;3628;6.559;3.386;2026-01-14T23:28:57.792024+00:00;humidity;87.80
4854;DHT22;3628;6.559;3.386;2026-01-14T23:28:57.792024+00:00;temperature;31.00
4853;pms5003;3628;6.559;3.386;2026-01-15T06:14:11.059478+00:00;P2;66.25
4853;pms5003;3628;6.559;3.386;2026-01-15T06:14:11.059478+00:00;P1;81.75
4853;pms5003;3628;6.559;3.386;2026-01-15T06:14:11.059478+00:00;P0;38.50
4854;DHT22;3628;6.559;3.386;2026-01-15T06:14:28.332398+00:00;humidity;95.50
4854;DHT22;3628;6.559;3.386;2026-01-15T06:14:28.332398+00:00;temperature;30.10
4854;DHT22;3628;6.559;3.386;2026-01-15T10:11:52.666323+00:00;humidity;77.30
4854;DHT22;3628;6.559;3.386;2026-01-15T10:11:52.666323+00:00;temperature;34.20
4854;DHT22;3628;6.559;3.386;2026-01-15T10:17:16.416506+00:00;humidity;71.00
4854;DHT22;3628;6.559;3.386;2026-01-15T10:17:16.416506+00:00;temperature;36.10
4854;DHT22;3628;6.559;3.386;2026-01-15T10:22:40.100595+00:00;humidity;67.40
4854;DHT22;3628;6.559;3.386;2026-01-15T10:22:40.100595+00:00;temperature;37.50
4853;pms5003;3628;6.559;3.386;2026-01-15T10:27:57.308387+00:00;P2;39.75
4853;pms5003;3628;6.559;3.386;2026-01-15T10:27:57.308387+00:00;P1;57.25
4853;pms5003;3628;6.559;3.386;2026-01-15T10:27:57.308387+00:00;P0;25.75
4853;pms5003;3628;6.559;3.386;2026-01-15T12:18:01.965964+00:00;P2;50.75
4853;pms5003;3628;6.559;3.386;2026-01-15T12:18:01.965964+00:00;P1;70.25
4853;pms5003;3628;6.559;3.386;2026-01-15T12:18:01.965964+00:00;P0;31.75
4854;DHT22;3628;6.559;3.386;2026-01-15T12:18:19.312262+00:00;humidity;59.10
4854;DHT22;3628;6.559;3.386;2026-01-15T12:18:19.312262+00:00;temperature;39.60
4854;DHT22;3628;6.559;3.386;2026-01-15T12:23:46.047590+00:00;humidity;60.00
4854;DHT22;3628;6.559;3.386;2026-01-15T12:23:46.047590+00:00;temperature;38.80
4854;DHT22;3628;6.559;3.386;2026-01-15T12:29:20.591472+00:00;humidity;61.50
4854;DHT22;3628;6.559;3.386;2026-01-15T12:29:20.591472+00:00;temperature;39.10
4853;pms5003;3628;6.559;3.386;2026-01-15T12:40:04.881416+00:00;P2;46.00
4853;pms5003;3628;6.559;3.386;2026-01-15T12:40:04.881416+00:00;P1;65.75
4853;pms5003;3628;6.559;3.386;2026-01-15T12:40:04.881416+00:00;P0;29.75
4854;DHT22;3628;6.559;3.386;2026-01-15T12:40:22.171189+00:00;humidity;60.30
4854;DHT22;3628;6.559;3.386;2026-01-15T12:40:22.171189+00:00;temperature;39.10
4853;pms5003;3628;6.559;3.386;2026-01-15T12:45:39.352019+00:00;P2;47.00
4853;pms5003;3628;6.559;3.386;2026-01-15T12:45:39.352019+00:00;P1;66.00
4853;pms5003;3628;6.559;3.386;2026-01-15T12:45:39.352019+00:00;P0;30.50
4854;DHT22;3628;6.559;3.386;2026-01-15T12:45:56.699028+00:00;humidity;59.70
4854;DHT22;3628;6.559;3.386;2026-01-15T12:45:56.699028+00:00;temperature;39.10
4853;pms5003;3628;6.559;3.386;2026-01-15T12:51:13.903701+00:00;P2;46.00
4853;pms5003;3628;6.559;3.386;2026-01-15T12:51:13.903701+00:00;P1;62.33
4853;pms5003;3628;6.559;3.386;2026-01-15T12:51:13.903701+00:00;P0;29.00
4854;DHT22;3628;6.559;3.386;2026-01-15T12:56:55.583924+00:00;humidity;60.90
4854;DHT22;3628;6.559;3.386;2026-01-15T12:56:55.583924+00:00;temperature;38.30
4853;pms5003;3628;6.559;3.386;2026-01-15T13:02:12.656853+00:00;P2;40.50
4853;pms5003;3628;6.559;3.386;2026-01-15T13:02:12.656853+00:00;P1;55.75
4853;pms5003;3628;6.559;3.386;2026-01-15T13:02:12.656853+00:00;P0;27.00
4854;DHT22;3628;6.559;3.386;2026-01-15T13:02:30.142599+00:00;humidity;61.60
4854;DHT22;3628;6.559;3.386;2026-01-15T13:02:30.142599+00:00;temperature;37.70
4853;pms5003;3628;6.559;3.386;2026-01-15T13:07:47.283681+00:00;P2;43.00
4853;pms5003;3628;6.559;3.386;2026-01-15T13:07:47.283681+00:00;P1;62.25
4853;pms5003;3628;6.559;3.386;2026-01-15T13:07:47.283681+00:00;P0;27.75
4854;DHT22;3628;6.559;3.386;2026-01-15T13:13:28.813043+00:00;humidity;61.00
4854;DHT22;3628;6.559;3.386;2026-01-15T13:13:28.813043+00:00;temperature;38.70
4853;pms5003;3628;6.559;3.386;2026-01-15T13:19:21.643890+00:00;P2;42.50
4853;pms5003;3628;6.559;3.386;2026-01-15T13:19:21.643890+00:00;P1;59.50
4853;pms5003;3628;6.559;3.386;2026-01-15T13:19:21.643890+00:00;P0;28.00
4854;DHT22;3628;6.559;3.386;2026-01-15T13:24:27.711247+00:00;humidity;60.30
4854;DHT22;3628;6.559;3.386;2026-01-15T13:24:27.711247+00:00;temperature;38.80
4853;pms5003;3628;6.559;3.386;2026-01-15T13:29:44.914808+00:00;P2;43.00
4853;pms5003;3628;6.559;3.386;2026-01-15T13:29:44.914808+00:00;P1;57.25
4853;pms5003;3628;6.559;3.386;2026-01-15T13:29:44.914808+00:00;P0;27.25
4854;DHT22;3628;6.559;3.386;2026-01-15T13:30:02.283796+00:00;humidity;59.80
4854;DHT22;3628;6.559;3.386;2026-01-15T13:30:02.283796+00:00;temperature;39.00
4853;pms5003;3628;6.559;3.386;2026-01-15T13:35:19.444673+00:00;P2;40.00
4853;pms5003;3628;6.559;3.386;2026-01-15T13:35:19.444673+00:00;P1;52.75
4853;pms5003;3628;6.559;3.386;2026-01-15T13:35:19.444673+00:00;P0;27.00
4854;DHT22;3628;6.559;3.386;2026-01-15T13:35:36.902385+00:00;humidity;59.90
4854;DHT22;3628;6.559;3.386;2026-01-15T13:35:36.902385+00:00;temperature;38.70
4853;pms5003;3628;6.559;3.386;2026-01-15T13:40:54.081797+00:00;P2;42.00
4853;pms5003;3628;6.559;3.386;2026-01-15T13:40:54.081797+00:00;P1;58.75
4853;pms5003;3628;6.559;3.386;2026-01-15T13:40:54.081797+00:00;P0;26.25
4854;DHT22;3628;6.559;3.386;2026-01-15T13:41:11.425625+00:00;humidity;58.40
4854;DHT22;3628;6.559;3.386;2026-01-15T13:41:11.425625+00:00;temperature;39.60
4853;pms5003;3628;6.559;3.386;2026-01-15T13:46:28.698906+00:00;P2;43.00
4853;pms5003;3628;6.559;3.386;2026-01-15T13:46:28.698906+00:00;P1;56.20
4853;pms5003;3628;6.559;3.386;2026-01-15T13:46:28.698906+00:00;P0;28.40
4854;DHT22;3628;6.559;3.386;2026-01-15T13:46:46.112489+00:00;humidity;61.20
4854;DHT22;3628;6.559;3.386;2026-01-15T13:46:46.112489+00:00;temperature;38.30
4853;pms5003;3628;6.559;3.386;2026-01-15T13:52:03.264934+00:00;P2;39.00
4853;pms5003;3628;6.559;3.386;2026-01-15T13:52:03.264934+00:00;P1;58.00
4853;pms5003;3628;6.559;3.386;2026-01-15T13:52:03.264934+00:00;P0;26.50
4854;DHT22;3628;6.559;3.386;2026-01-15T13:52:20.594561+00:00;humidity;61.60
4854;DHT22;3628;6.559;3.386;2026-01-15T13:52:20.594561+00:00;temperature;38.40
4854;DHT22;3628;6.559;3.386;2026-01-15T13:57:45.675379+00:00;humidity;62.00
4854;DHT22;3628;6.559;3.386;2026-01-15T13:57:45.675379+00:00;temperature;38.10
4854;DHT22;3628;6.559;3.386;2026-01-15T14:03:09.497965+00:00;humidity;61.30
4854;DHT22;3628;6.559;3.386;2026-01-15T14:03:09.497965+00:00;temperature;38.60
4854;DHT22;3628;6.559;3.386;2026-01-15T14:09:08.242137+00:00;humidity;60.90
4854;DHT22;3628;6.559;3.386;2026-01-15T14:09:08.242137+00:00;temperature;38.40
4853;pms5003;3628;6.559;3.386;2026-01-15T14:13:50.689528+00:00;P2;41.80
4853;pms5003;3628;6.559;3.386;2026-01-15T14:13:50.689528+00:00;P1;55.60
4853;pms5003;3628;6.559;3.386;2026-01-15T14:13:50.689528+00:00;P0;28.00
4853;pms5003;3628;6.559;3.386;2026-01-15T14:25:13.216240+00:00;P2;43.00
4853;pms5003;3628;6.559;3.386;2026-01-15T14:25:13.216240+00:00;P1;59.50
4853;pms5003;3628;6.559;3.386;2026-01-15T14:25:13.216240+00:00;P0;28.00
4854;DHT22;3628;6.559;3.386;2026-01-15T14:30:20.239494+00:00;humidity;62.60
4854;DHT22;3628;6.559;3.386;2026-01-15T14:30:20.239494+00:00;temperature;37.90
4853;pms5003;3628;6.559;3.386;2026-01-15T14:51:19.052179+00:00;P2;39.20
4853;pms5003;3628;6.559;3.386;2026-01-15T14:51:19.052179+00:00;P1;55.00
4853;pms5003;3628;6.559;3.386;2026-01-15T14:51:19.052179+00:00;P0;27.00
4853;pms5003;3628;6.559;3.386;2026-01-15T14:56:43.340620+00:00;P2;41.00
4853;pms5003;3628;6.559;3.386;2026-01-15T14:56:43.340620+00:00;P1;59.00
4853;pms5003;3628;6.559;3.386;2026-01-15T14:56:43.340620+00:00;P0;28.00
4854;DHT22;3628;6.559;3.386;2026-01-15T14:57:00.677494+00:00;humidity;63.30
4854;DHT22;3628;6.559;3.386;2026-01-15T14:57:00.677494+00:00;temperature;37.50
4853;pms5003;3628;6.559;3.386;2026-01-15T15:02:17.858770+00:00;P2;43.25
4853;pms5003;3628;6.559;3.386;2026-01-15T15:02:17.858770+00:00;P1;57.00
4853;pms5003;3628;6.559;3.386;2026-01-15T15:02:17.858770+00:00;P0;28.00
4854;DHT22;3628;6.559;3.386;2026-01-15T15:02:35.210410+00:00;humidity;63.10
4854;DHT22;3628;6.559;3.386;2026-01-15T15:02:35.210410+00:00;temperature;37.40
4854;DHT22;3628;6.559;3.386;2026-01-15T15:13:12.658333+00:00;humidity;64.90
4854;DHT22;3628;6.559;3.386;2026-01-15T15:13:12.658333+00:00;temperature;36.80
4853;pms5003;3628;6.559;3.386;2026-01-15T15:24:07.812753+00:00;P2;40.50
4853;pms5003;3628;6.559;3.386;2026-01-15T15:24:07.812753+00:00;P1;54.00
4853;pms5003;3628;6.559;3.386;2026-01-15T15:24:07.812753+00:00;P0;26.00
4854;DHT22;3628;6.559;3.386;2026-01-15T15:24:23.795249+00:00;humidity;64.70
4854;DHT22;3628;6.559;3.386;2026-01-15T15:24:23.795249+00:00;temperature;36.50
4853;pms5003;3628;6.559;3.386;2026-01-15T15:29:40.978012+00:00;P2;42.25
4853;pms5003;3628;6.559;3.386;2026-01-15T15:29:40.978012+00:00;P1;58.50
4853;pms5003;3628;6.559;3.386;2026-01-15T15:29:40.978012+00:00;P0;26.75
4854;DHT22;3628;6.559;3.386;2026-01-15T15:29:58.341540+00:00;humidity;65.50
4854;DHT22;3628;6.559;3.386;2026-01-15T15:29:58.341540+00:00;temperature;36.50
4853;pms5003;3628;6.559;3.386;2026-01-15T15:35:15.562646+00:00;P2;41.25
4853;pms5003;3628;6.559;3.386;2026-01-15T15:35:15.562646+00:00;P1;62.00
4853;pms5003;3628;6.559;3.386;2026-01-15T15:35:15.562646+00:00;P0;26.00
4853;pms5003;3628;6.559;3.386;2026-01-15T15:40:39.396995+00:00;P2;39.00
4853;pms5003;3628;6.559;3.386;2026-01-15T15:40:39.396995+00:00;P1;54.80
4853;pms5003;3628;6.559;3.386;2026-01-15T15:40:39.396995+00:00;P0;25.60
4854;DHT22;3628;6.559;3.386;2026-01-15T15:40:56.904141+00:00;humidity;66.70
4854;DHT22;3628;6.559;3.386;2026-01-15T15:40:56.904141+00:00;temperature;36.30
4853;pms5003;3628;6.559;3.386;2026-01-15T15:46:14.124765+00:00;P2;41.80
4853;pms5003;3628;6.559;3.386;2026-01-15T15:46:14.124765+00:00;P1;56.00
4853;pms5003;3628;6.559;3.386;2026-01-15T15:46:14.124765+00:00;P0;26.80
4854;DHT22;3628;6.559;3.386;2026-01-15T15:46:31.471825+00:00;humidity;67.50
4854;DHT22;3628;6.559;3.386;2026-01-15T15:46:31.471825+00:00;temperature;36.10
4853;pms5003;3628;6.559;3.386;2026-01-15T15:51:48.666659+00:00;P2;39.67
4853;pms5003;3628;6.559;3.386;2026-01-15T15:51:48.666659+00:00;P1;54.67
4853;pms5003;3628;6.559;3.386;2026-01-15T15:51:48.666659+00:00;P0;25.00
4854;DHT22;3628;6.559;3.386;2026-01-15T15:52:06.096385+00:00;humidity;68.50
4854;DHT22;3628;6.559;3.386;2026-01-15T15:52:06.096385+00:00;temperature;35.60
4854;DHT22;3628;6.559;3.386;2026-01-15T15:57:30.140101+00:00;humidity;69.30
4854;DHT22;3628;6.559;3.386;2026-01-15T15:57:30.140101+00:00;temperature;35.80
4854;DHT22;3628;6.559;3.386;2026-01-15T16:02:53.856149+00:00;humidity;69.60
4854;DHT22;3628;6.559;3.386;2026-01-15T16:02:53.856149+00:00;temperature;35.50
4854;DHT22;3628;6.559;3.386;2026-01-15T16:08:28.421904+00:00;humidity;70.50
4854;DHT22;3628;6.559;3.386;2026-01-15T16:08:28.421904+00:00;temperature;35.10
4853;pms5003;3628;6.559;3.386;2026-01-15T16:13:45.603413+00:00;P2;38.80
4853;pms5003;3628;6.559;3.386;2026-01-15T16:13:45.603413+00:00;P1;57.40
4853;pms5003;3628;6.559;3.386;2026-01-15T16:13:45.603413+00:00;P0;25.80
4854;DHT22;3628;6.559;3.386;2026-01-15T16:14:03.103523+00:00;humidity;69.50
4854;DHT22;3628;6.559;3.386;2026-01-15T16:14:03.103523+00:00;temperature;35.20
4853;pms5003;3628;6.559;3.386;2026-01-15T16:19:20.283194+00:00;P2;43.40
4853;pms5003;3628;6.559;3.386;2026-01-15T16:19:20.283194+00:00;P1;59.60
4853;pms5003;3628;6.559;3.386;2026-01-15T16:19:20.283194+00:00;P0;28.00
4854;DHT22;3628;6.559;3.386;2026-01-15T16:19:37.614984+00:00;humidity;70.10
4854;DHT22;3628;6.559;3.386;2026-01-15T16:19:37.614984+00:00;temperature;35.20
4853;pms5003;3628;6.559;3.386;2026-01-15T16:24:54.803333+00:00;P2;67.20
4853;pms5003;3628;6.559;3.386;2026-01-15T16:24:54.803333+00:00;P1;83.60
4853;pms5003;3628;6.559;3.386;2026-01-15T16:24:54.803333+00:00;P0;44.00
4854;DHT22;3628;6.559;3.386;2026-01-15T16:25:12.165093+00:00;humidity;70.90
4854;DHT22;3628;6.559;3.386;2026-01-15T16:25:12.165093+00:00;temperature;35.00
4853;pms5003;3628;6.559;3.386;2026-01-15T16:30:29.345397+00:00;P2;38.00
4853;pms5003;3628;6.559;3.386;2026-01-15T16:30:29.345397+00:00;P1;51.80
4853;pms5003;3628;6.559;3.386;2026-01-15T16:30:29.345397+00:00;P0;24.80
4854;DHT22;3628;6.559;3.386;2026-01-15T16:30:49.871582+00:00;humidity;70.80
4854;DHT22;3628;6.559;3.386;2026-01-15T16:30:49.871582+00:00;temperature;34.90
4853;pms5003;3628;6.559;3.386;2026-01-15T16:36:06.783199+00:00;P2;40.00
4853;pms5003;3628;6.559;3.386;2026-01-15T16:36:06.783199+00:00;P1;58.00
4853;pms5003;3628;6.559;3.386;2026-01-15T16:36:06.783199+00:00;P0;26.00
4853;pms5003;3628;6.559;3.386;2026-01-15T16:41:30.578662+00:00;P2;39.00
4853;pms5003;3628;6.559;3.386;2026-01-15T16:41:30.578662+00:00;P1;57.00
4853;pms5003;3628;6.559;3.386;2026-01-15T16:41:30.578662+00:00;P0;25.00
4854;DHT22;3628;6.559;3.386;2026-01-15T16:41:47.919302+00:00;humidity;74.00
4854;DHT22;3628;6.559;3.386;2026-01-15T16:41:47.919302+00:00;temperature;34.20
4853;pms5003;3628;6.559;3.386;2026-01-15T16:47:33.549609+00:00;P2;42.00
4853;pms5003;3628;6.559;3.386;2026-01-15T16:47:33.549609+00:00;P1;57.00
4853;pms5003;3628;6.559;3.386;2026-01-15T16:47:33.549609+00:00;P0;26.00
4854;DHT22;3628;6.559;3.386;2026-01-15T16:52:46.776581+00:00;humidity;74.80
4854;DHT22;3628;6.559;3.386;2026-01-15T16:52:46.776581+00:00;temperature;34.10
4853;pms5003;3628;6.559;3.386;2026-01-15T16:58:04.038153+00:00;P2;41.67
4853;pms5003;3628;6.559;3.386;2026-01-15T16:58:04.038153+00:00;P1;51.67
4853;pms5003;3628;6.559;3.386;2026-01-15T16:58:04.038153+00:00;P0;28.00
4854;DHT22;3628;6.559;3.386;2026-01-15T16:58:21.355587+00:00;humidity;75.20
4854;DHT22;3628;6.559;3.386;2026-01-15T16:58:21.355587+00:00;temperature;33.90
4854;DHT22;3628;6.559;3.386;2026-01-15T17:03:55.940691+00:00;humidity;76.30
4854;DHT22;3628;6.559;3.386;2026-01-15T17:03:55.940691+00:00;temperature;33.70
4853;pms5003;3628;6.559;3.386;2026-01-15T17:09:13.134420+00:00;P2;41.80
4853;pms5003;3628;6.559;3.386;2026-01-15T17:09:13.134420+00:00;P1;58.20
4853;pms5003;3628;6.559;3.386;2026-01-15T17:09:13.134420+00:00;P0;27.00
4853;pms5003;3628;6.559;3.386;2026-01-15T17:14:36.889356+00:00;P2;41.20
4853;pms5003;3628;6.559;3.386;2026-01-15T17:14:36.889356+00:00;P1;54.60
4853;pms5003;3628;6.559;3.386;2026-01-15T17:14:36.889356+00:00;P0;27.00
4854;DHT22;3628;6.559;3.386;2026-01-15T17:14:54.244612+00:00;humidity;77.20
4854;DHT22;3628;6.559;3.386;2026-01-15T17:14:54.244612+00:00;temperature;33.40
4853;pms5003;3628;6.559;3.386;2026-01-15T17:20:11.501581+00:00;P2;41.25
4853;pms5003;3628;6.559;3.386;2026-01-15T17:20:11.501581+00:00;P1;60.00
4853;pms5003;3628;6.559;3.386;2026-01-15T17:20:11.501581+00:00;P0;27.50
4854;DHT22;3628;6.559;3.386;2026-01-15T17:20:28.843065+00:00;humidity;77.60
4854;DHT22;3628;6.559;3.386;2026-01-15T17:20:28.843065+00:00;temperature;33.30
4853;pms5003;3628;6.559;3.386;2026-01-15T17:25:46.090079+00:00;P2;43.25
4853;pms5003;3628;6.559;3.386;2026-01-15T17:25:46.090079+00:00;P1;59.00
4853;pms5003;3628;6.559;3.386;2026-01-15T17:25:46.090079+00:00;P0;28.75
4854;DHT22;3628;6.559;3.386;2026-01-15T17:26:03.383266+00:00;humidity;78.30
4854;DHT22;3628;6.559;3.386;2026-01-15T17:26:03.383266+00:00;temperature;33.20
4854;DHT22;3628;6.559;3.386;2026-01-15T17:36:52.025004+00:00;humidity;79.20
4854;DHT22;3628;6.559;3.386;2026-01-15T17:36:52.025004+00:00;temperature;33.00
4854;DHT22;3628;6.559;3.386;2026-01-15T17:42:16.062829+00:00;humidity;79.40
4854;DHT22;3628;6.559;3.386;2026-01-15T17:42:16.062829+00:00;temperature;32.80
4854;DHT22;3628;6.559;3.386;2026-01-15T17:47:39.999703+00:00;humidity;80.40
4854;DHT22;3628;6.559;3.386;2026-01-15T17:47:39.999703+00:00;temperature;32.70
4853;pms5003;3628;6.559;3.386;2026-01-15T17:52:57.161765+00:00;P2;39.40
4853;pms5003;3628;6.559;3.386;2026-01-15T17:52:57.161765+00:00;P1;57.00
4853;pms5003;3628;6.559;3.386;2026-01-15T17:52:57.161765+00:00;P0;26.20
4853;pms5003;3628;6.559;3.386;2026-01-15T17:58:21.151376+00:00;P2;42.75
4853;pms5003;3628;6.559;3.386;2026-01-15T17:58:21.151376+00:00;P1;55.50
4853;pms5003;3628;6.559;3.386;2026-01-15T17:58:21.151376+00:00;P0;27.50
4854;DHT22;3628;6.559;3.386;2026-01-15T17:58:38.481300+00:00;humidity;81.40
4854;DHT22;3628;6.559;3.386;2026-01-15T17:58:38.481300+00:00;temperature;32.60
4854;DHT22;3628;6.559;3.386;2026-01-15T18:04:13.157107+00:00;humidity;81.20
4854;DHT22;3628;6.559;3.386;2026-01-15T18:04:13.157107+00:00;temperature;32.50
4854;DHT22;3628;6.559;3.386;2026-01-15T18:09:37.028064+00:00;humidity;82.00
4854;DHT22;3628;6.559;3.386;2026-01-15T18:09:37.028064+00:00;temperature;32.40
4853;pms5003;3628;6.559;3.386;2026-01-15T18:14:54.208593+00:00;P2;40.33
4853;pms5003;3628;6.559;3.386;2026-01-15T18:14:54.208593+00:00;P1;57.33
4853;pms5003;3628;6.559;3.386;2026-01-15T18:14:54.208593+00:00;P0;25.00
4854;DHT22;3628;6.559;3.386;2026-01-15T18:15:11.659471+00:00;humidity;82.20
4854;DHT22;3628;6.559;3.386;2026-01-15T18:15:11.659471+00:00;temperature;32.50
4853;pms5003;3628;6.559;3.386;2026-01-15T18:21:16.649381+00:00;P2;40.33
4853;pms5003;3628;6.559;3.386;2026-01-15T18:21:16.649381+00:00;P1;56.33
4853;pms5003;3628;6.559;3.386;2026-01-15T18:21:16.649381+00:00;P0;26.67
4854;DHT22;3628;6.559;3.386;2026-01-15T18:25:59.638019+00:00;humidity;82.80
4854;DHT22;3628;6.559;3.386;2026-01-15T18:25:59.638019+00:00;temperature;32.20
4853;pms5003;3628;6.559;3.386;2026-01-15T18:31:16.920669+00:00;P2;42.00
4853;pms5003;3628;6.559;3.386;2026-01-15T18:31:16.920669+00:00;P1;53.50
4853;pms5003;3628;6.559;3.386;2026-01-15T18:31:16.920669+00:00;P0;28.00
4854;DHT22;3628;6.559;3.386;2026-01-15T18:31:34.267422+00:00;humidity;83.10
4854;DHT22;3628;6.559;3.386;2026-01-15T18:31:34.267422+00:00;temperature;32.20
4853;pms5003;3628;6.559;3.386;2026-01-15T18:42:04.345163+00:00;P2;41.40
4853;pms5003;3628;6.559;3.386;2026-01-15T18:42:04.345163+00:00;P1;60.00
4853;pms5003;3628;6.559;3.386;2026-01-15T18:42:04.345163+00:00;P0;26.00
4854;DHT22;3628;6.559;3.386;2026-01-15T18:42:21.722489+00:00;humidity;84.30
4854;DHT22;3628;6.559;3.386;2026-01-15T18:42:21.722489+00:00;temperature;32.00
4853;pms5003;3628;6.559;3.386;2026-01-15T18:47:39.094769+00:00;P2;43.33
4853;pms5003;3628;6.559;3.386;2026-01-15T18:47:39.094769+00:00;P1;58.00
4853;pms5003;3628;6.559;3.386;2026-01-15T18:47:39.094769+00:00;P0;27.33
4854;DHT22;3628;6.559;3.386;2026-01-15T18:47:56.614659+00:00;humidity;84.50
4854;DHT22;3628;6.559;3.386;2026-01-15T18:47:56.614659+00:00;temperature;31.90
4854;DHT22;3628;6.559;3.386;2026-01-15T18:53:20.338906+00:00;humidity;84.70
4854;DHT22;3628;6.559;3.386;2026-01-15T18:53:20.338906+00:00;temperature;32.00
4854;DHT22;3628;6.559;3.386;2026-01-15T19:25:23.975987+00:00;humidity;85.90
4854;DHT22;3628;6.559;3.386;2026-01-15T19:25:23.975987+00:00;temperature;31.80
4854;DHT22;3628;6.559;3.386;2026-01-15T19:30:48.888784+00:00;humidity;85.60
4854;DHT22;3628;6.559;3.386;2026-01-15T19:30:48.888784+00:00;temperature;31.90
4853;pms5003;3628;6.559;3.386;2026-01-15T19:36:08.035198+00:00;P2;46.75
4853;pms5003;3628;6.559;3.386;2026-01-15T19:36:08.035198+00:00;P1;65.00
4853;pms5003;3628;6.559;3.386;2026-01-15T19:36:08.035198+00:00;P0;30.00
4854;DHT22;3628;6.559;3.386;2026-01-15T19:36:25.589568+00:00;humidity;85.70
4854;DHT22;3628;6.559;3.386;2026-01-15T19:36:25.589568+00:00;temperature;31.90
4853;pms5003;3628;6.559;3.386;2026-01-15T19:41:45.712699+00:00;P2;44.00
4853;pms5003;3628;6.559;3.386;2026-01-15T19:41:45.712699+00:00;P1;63.00
4853;pms5003;3628;6.559;3.386;2026-01-15T19:41:45.712699+00:00;P0;27.75
4854;DHT22;3628;6.559;3.386;2026-01-15T19:42:00.516320+00:00;humidity;86.00
4854;DHT22;3628;6.559;3.386;2026-01-15T19:42:00.516320+00:00;temperature;31.80
4853;pms5003;3628;6.559;3.386;2026-01-15T19:47:17.684790+00:00;P2;41.50
4853;pms5003;3628;6.559;3.386;2026-01-15T19:47:17.684790+00:00;P1;53.00
4853;pms5003;3628;6.559;3.386;2026-01-15T19:47:17.684790+00:00;P0;26.00
4854;DHT22;3628;6.559;3.386;2026-01-15T19:47:37.624860+00:00;humidity;86.20
4854;DHT22;3628;6.559;3.386;2026-01-15T19:47:37.624860+00:00;temperature;31.80
4853;pms5003;3628;6.559;3.386;2026-01-15T19:53:01.387305+00:00;P2;42.60
4853;pms5003;3628;6.559;3.386;2026-01-15T19:53:01.387305+00:00;P1;52.00
4853;pms5003;3628;6.559;3.386;2026-01-15T19:53:01.387305+00:00;P0;28.00
4853;pms5003;3628;6.559;3.386;2026-01-15T19:58:21.939261+00:00;P2;39.00
4853;pms5003;3628;6.559;3.386;2026-01-15T19:58:21.939261+00:00;P1;54.00
4853;pms5003;3628;6.559;3.386;2026-01-15T19:58:21.939261+00:00;P0;24.25
4854;DHT22;3628;6.559;3.386;2026-01-15T19:58:41.877928+00:00;humidity;86.40
4854;DHT22;3628;6.559;3.386;2026-01-15T19:58:41.877928+00:00;temperature;31.70
4853;pms5003;3628;6.559;3.386;2026-01-15T20:09:12.358917+00:00;P2;44.50
4853;pms5003;3628;6.559;3.386;2026-01-15T20:09:12.358917+00:00;P1;62.00
4853;pms5003;3628;6.559;3.386;2026-01-15T20:09:12.358917+00:00;P0;27.75
4854;DHT22;3628;6.559;3.386;2026-01-15T20:09:29.811093+00:00;humidity;86.00
4854;DHT22;3628;6.559;3.386;2026-01-15T20:09:29.811093+00:00;temperature;31.80
4854;DHT22;3628;6.559;3.386;2026-01-15T20:14:53.797236+00:00;humidity;86.40
4854;DHT22;3628;6.559;3.386;2026-01-15T20:14:53.797236+00:00;temperature;31.60
4853;pms5003;3628;6.559;3.386;2026-01-15T20:20:13.939977+00:00;P2;42.40
4853;pms5003;3628;6.559;3.386;2026-01-15T20:20:13.939977+00:00;P1;57.80
4853;pms5003;3628;6.559;3.386;2026-01-15T20:20:13.939977+00:00;P0;26.80
4854;DHT22;3628;6.559;3.386;2026-01-15T20:20:31.294227+00:00;humidity;86.50
4854;DHT22;3628;6.559;3.386;2026-01-15T20:20:31.294227+00:00;temperature;31.60
4853;pms5003;3628;6.559;3.386;2026-01-15T20:25:54.443399+00:00;P2;43.75
4853;pms5003;3628;6.559;3.386;2026-01-15T20:25:54.443399+00:00;P1;61.25
4853;pms5003;3628;6.559;3.386;2026-01-15T20:25:54.443399+00:00;P0;28.00
4854;DHT22;3628;6.559;3.386;2026-01-15T21:24:32.502921+00:00;humidity;87.30
4854;DHT22;3628;6.559;3.386;2026-01-15T21:24:32.502921+00:00;temperature;31.60
4853;pms5003;3628;6.559;3.386;2026-01-15T21:29:49.712898+00:00;P2;42.00
4853;pms5003;3628;6.559;3.386;2026-01-15T21:29:49.712898+00:00;P1;57.50
4853;pms5003;3628;6.559;3.386;2026-01-15T21:29:49.712898+00:00;P0;26.00
4853;pms5003;3628;6.559;3.386;2026-01-15T21:35:13.700859+00:00;P2;42.80
4853;pms5003;3628;6.559;3.386;2026-01-15T21:35:13.700859+00:00;P1;61.40
4853;pms5003;3628;6.559;3.386;2026-01-15T21:35:13.700859+00:00;P0;27.40
4854;DHT22;3628;6.559;3.386;2026-01-15T21:35:31.010803+00:00;humidity;87.60
4854;DHT22;3628;6.559;3.386;2026-01-15T21:35:31.010803+00:00;temperature;31.50
4853;pms5003;3628;6.559;3.386;2026-01-15T21:40:48.319534+00:00;P2;44.00
4853;pms5003;3628;6.559;3.386;2026-01-15T21:40:48.319534+00:00;P1;59.00
4853;pms5003;3628;6.559;3.386;2026-01-15T21:40:48.319534+00:00;P0;28.00
4853;pms5003;3628;6.559;3.386;2026-01-15T21:46:22.917514+00:00;P2;44.00
4853;pms5003;3628;6.559;3.386;2026-01-15T21:46:22.917514+00:00;P1;56.00
4853;pms5003;3628;6.559;3.386;2026-01-15T21:46:22.917514+00:00;P0;29.00
4854;DHT22;3628;6.559;3.386;2026-01-15T21:46:40.217297+00:00;humidity;87.80
4854;DHT22;3628;6.559;3.386;2026-01-15T21:46:40.217297+00:00;temperature;31.40
4853;pms5003;3628;6.559;3.386;2026-01-15T21:51:57.567859+00:00;P2;44.00
4853;pms5003;3628;6.559;3.386;2026-01-15T21:51:57.567859+00:00;P1;61.00
4853;pms5003;3628;6.559;3.386;2026-01-15T21:51:57.567859+00:00;P0;28.00
4854;DHT22;3628;6.559;3.386;2026-01-15T21:52:15.447487+00:00;humidity;88.30
4854;DHT22;3628;6.559;3.386;2026-01-15T21:52:15.447487+00:00;temperature;31.30
4853;pms5003;3628;6.559;3.386;2026-01-15T21:57:32.729760+00:00;P2;41.40
4853;pms5003;3628;6.559;3.386;2026-01-15T21:57:32.729760+00:00;P1;57.00
4853;pms5003;3628;6.559;3.386;2026-01-15T21:57:32.729760+00:00;P0;27.80
4853;pms5003;3628;6.559;3.386;2026-01-15T22:02:56.511713+00:00;P2;46.00
4853;pms5003;3628;6.559;3.386;2026-01-15T22:02:56.511713+00:00;P1;59.60
4853;pms5003;3628;6.559;3.386;2026-01-15T22:02:56.511713+00:00;P0;30.60
4854;DHT22;3628;6.559;3.386;2026-01-15T22:08:26.739055+00:00;humidity;88.80
4854;DHT22;3628;6.559;3.386;2026-01-15T22:08:26.739055+00:00;temperature;31.20
4853;pms5003;3628;6.559;3.386;2026-01-15T22:13:44.202655+00:00;P2;48.00
4853;pms5003;3628;6.559;3.386;2026-01-15T22:13:44.202655+00:00;P1;65.50
4853;pms5003;3628;6.559;3.386;2026-01-15T22:13:44.202655+00:00;P0;33.00
4854;DHT22;3628;6.559;3.386;2026-01-15T22:14:01.644870+00:00;humidity;88.90
4854;DHT22;3628;6.559;3.386;2026-01-15T22:14:01.644870+00:00;temperature;31.20
4854;DHT22;3628;6.559;3.386;2026-01-15T22:19:25.520258+00:00;humidity;89.00
4854;DHT22;3628;6.559;3.386;2026-01-15T22:19:25.520258+00:00;temperature;31.30
4853;pms5003;3628;6.559;3.386;2026-01-15T22:24:42.832144+00:00;P2;45.25
4853;pms5003;3628;6.559;3.386;2026-01-15T22:24:42.832144+00:00;P1;65.00
4853;pms5003;3628;6.559;3.386;2026-01-15T22:24:42.832144+00:00;P0;30.50
4854;DHT22;3628;6.559;3.386;2026-01-15T22:25:00.127436+00:00;humidity;88.80
4854;DHT22;3628;6.559;3.386;2026-01-15T22:25:00.127436+00:00;temperature;31.30
4854;DHT22;3628;6.559;3.386;2026-01-15T22:30:26.880196+00:00;humidity;89.00
4854;DHT22;3628;6.559;3.386;2026-01-15T22:30:26.880196+00:00;temperature;31.20
4853;pms5003;3628;6.559;3.386;2026-01-15T22:36:39.739343+00:00;P2;40.75
4853;pms5003;3628;6.559;3.386;2026-01-15T22:36:39.739343+00:00;P1;54.50
4853;pms5003;3628;6.559;3.386;2026-01-15T22:36:39.739343+00:00;P0;25.50
4853;pms5003;3628;6.559;3.386;2026-01-15T22:41:08.400804+00:00;P2;44.00
4853;pms5003;3628;6.559;3.386;2026-01-15T22:41:08.400804+00:00;P1;61.25
4853;pms5003;3628;6.559;3.386;2026-01-15T22:41:08.400804+00:00;P0;28.00
4853;pms5003;3628;6.559;3.386;2026-01-15T22:46:35.064426+00:00;P2;42.75
4853;pms5003;3628;6.559;3.386;2026-01-15T22:46:35.064426+00:00;P1;54.50
4853;pms5003;3628;6.559;3.386;2026-01-15T22:46:35.064426+00:00;P0;28.00
4854;DHT22;3628;6.559;3.386;2026-01-15T22:46:52.405912+00:00;humidity;89.80
4854;DHT22;3628;6.559;3.386;2026-01-15T22:46:52.405912+00:00;temperature;31.00
4853;pms5003;3628;6.559;3.386;2026-01-15T22:52:09.695693+00:00;P2;42.00
4853;pms5003;3628;6.559;3.386;2026-01-15T22:52:09.695693+00:00;P1;56.00
4853;pms5003;3628;6.559;3.386;2026-01-15T22:52:09.695693+00:00;P0;27.00
4854;DHT22;3628;6.559;3.386;2026-01-15T22:52:27.057318+00:00;humidity;89.70
4854;DHT22;3628;6.559;3.386;2026-01-15T22:52:27.057318+00:00;temperature;31.10
4853;pms5003;3628;6.559;3.386;2026-01-16T06:02:38.462443+00:00;P2;73.25
4853;pms5003;3628;6.559;3.386;2026-01-16T06:02:38.462443+00:00;P1;87.00
4853;pms5003;3628;6.559;3.386;2026-01-16T06:02:38.462443+00:00;P0;47.00
4854;DHT22;3628;6.559;3.386;2026-01-16T06:02:55.811523+00:00;humidity;100.00
4854;DHT22;3628;6.559;3.386;2026-01-16T06:02:55.811523+00:00;temperature;28.30
4853;pms5003;3628;6.559;3.386;2026-01-16T06:08:13.000513+00:00;P2;72.75
4853;pms5003;3628;6.559;3.386;2026-01-16T06:08:13.000513+00:00;P1;90.50
4853;pms5003;3628;6.559;3.386;2026-01-16T06:08:13.000513+00:00;P0;44.50
4854;DHT22;3628;6.559;3.386;2026-01-16T06:08:30.336538+00:00;humidity;100.00
4854;DHT22;3628;6.559;3.386;2026-01-16T06:08:30.336538+00:00;temperature;29.10
4853;pms5003;3628;6.559;3.386;2026-01-16T06:13:47.494984+00:00;P2;62.50
4853;pms5003;3628;6.559;3.386;2026-01-16T06:13:47.494984+00:00;P1;77.50
4853;pms5003;3628;6.559;3.386;2026-01-16T06:13:47.494984+00:00;P0;37.00
4854;DHT22;3628;6.559;3.386;2026-01-16T09:33:45.667080+00:00;humidity;73.40
4854;DHT22;3628;6.559;3.386;2026-01-16T09:33:45.667080+00:00;temperature;36.20
4954;pms5003;3629;6.428;3.435;2026-01-16T10:23:04+00:00;P2;46
4954;pms5003;3629;6.428;3.435;2026-01-16T10:23:04+00:00;P1;58
4954;pms5003;3629;6.428;3.435;2026-01-16T10:23:04+00:00;P0;29
4955;DHT22;3629;6.428;3.435;2026-01-16T10:23:06+00:00;humidity;93.5
4955;DHT22;3629;6.428;3.435;2026-01-16T10:23:06+00:00;temperature;29.2
4954;pms5003;3629;6.428;3.435;2026-01-16T10:28:40+00:00;P2;48
4954;pms5003;3629;6.428;3.435;2026-01-16T10:28:40+00:00;P1;62
4954;pms5003;3629;6.428;3.435;2026-01-16T10:28:40+00:00;P0;28
4955;DHT22;3629;6.428;3.435;2026-01-16T10:28:42+00:00;humidity;74.7
4955;DHT22;3629;6.428;3.435;2026-01-16T10:28:42+00:00;temperature;33.5
4954;pms5003;3629;6.428;3.435;2026-01-16T10:34:17+00:00;P2;49
4954;pms5003;3629;6.428;3.435;2026-01-16T10:34:17+00:00;P1;61
4954;pms5003;3629;6.428;3.435;2026-01-16T10:34:17+00:00;P0;30
4955;DHT22;3629;6.428;3.435;2026-01-16T10:34:19+00:00;humidity;72.7
4955;DHT22;3629;6.428;3.435;2026-01-16T10:34:19+00:00;temperature;34.1
4853;pms5003;3628;6.559;3.386;2026-01-16T10:39:20.427123+00:00;P2;55.00
4853;pms5003;3628;6.559;3.386;2026-01-16T10:39:20.427123+00:00;P1;73.00
4853;pms5003;3628;6.559;3.386;2026-01-16T10:39:20.427123+00:00;P0;34.33
4854;DHT22;3628;6.559;3.386;2026-01-16T10:39:37.763488+00:00;humidity;62.00
4854;DHT22;3628;6.559;3.386;2026-01-16T10:39:37.763488+00:00;temperature;38.30
4954;pms5003;3629;6.428;3.435;2026-01-16T10:39:54+00:00;P2;51
4954;pms5003;3629;6.428;3.435;2026-01-16T10:39:54+00:00;P1;65
4954;pms5003;3629;6.428;3.435;2026-01-16T10:39:54+00:00;P0;31
4955;DHT22;3629;6.428;3.435;2026-01-16T10:39:56+00:00;humidity;72.9
4955;DHT22;3629;6.428;3.435;2026-01-16T10:39:56+00:00;temperature;34.3
4853;pms5003;3628;6.559;3.386;2026-01-16T10:44:54.984903+00:00;P2;51.75
4853;pms5003;3628;6.559;3.386;2026-01-16T10:44:54.984903+00:00;P1;65.00
4853;pms5003;3628;6.559;3.386;2026-01-16T10:44:54.984903+00:00;P0;33.25
4854;DHT22;3628;6.559;3.386;2026-01-16T10:45:12.334274+00:00;humidity;62.60
4854;DHT22;3628;6.559;3.386;2026-01-16T10:45:12.334274+00:00;temperature;37.90
4954;pms5003;3629;6.428;3.435;2026-01-16T10:45:31+00:00;P2;51
4954;pms5003;3629;6.428;3.435;2026-01-16T10:45:31+00:00;P1;63
4954;pms5003;3629;6.428;3.435;2026-01-16T10:45:31+00:00;P0;31
4955;DHT22;3629;6.428;3.435;2026-01-16T10:45:33+00:00;humidity;73.1
4955;DHT22;3629;6.428;3.435;2026-01-16T10:45:33+00:00;temperature;34.4
4853;pms5003;3628;6.559;3.386;2026-01-16T10:50:29.527277+00:00;P2;50.00
4853;pms5003;3628;6.559;3.386;2026-01-16T10:50:29.527277+00:00;P1;68.20
4853;pms5003;3628;6.559;3.386;2026-01-16T10:50:29.527277+00:00;P0;32.00
4854;DHT22;3628;6.559;3.386;2026-01-16T10:50:46.968886+00:00;humidity;59.70
4854;DHT22;3628;6.559;3.386;2026-01-16T10:50:46.968886+00:00;temperature;39.20
4954;pms5003;3629;6.428;3.435;2026-01-16T10:51:07+00:00;P2;50
4954;pms5003;3629;6.428;3.435;2026-01-16T10:51:07+00:00;P1;63
4954;pms5003;3629;6.428;3.435;2026-01-16T10:51:07+00:00;P0;30
4955;DHT22;3629;6.428;3.435;2026-01-16T10:51:09+00:00;humidity;69.6
4955;DHT22;3629;6.428;3.435;2026-01-16T10:51:09+00:00;temperature;35.2
4853;pms5003;3628;6.559;3.386;2026-01-16T10:56:04.136543+00:00;P2;52.00
4853;pms5003;3628;6.559;3.386;2026-01-16T10:56:04.136543+00:00;P1;73.25
4853;pms5003;3628;6.559;3.386;2026-01-16T10:56:04.136543+00:00;P0;34.50
4853;pms5003;3628;6.559;3.386;2026-01-16T11:01:27.870400+00:00;P2;52.20
4853;pms5003;3628;6.559;3.386;2026-01-16T11:01:27.870400+00:00;P1;73.00
4853;pms5003;3628;6.559;3.386;2026-01-16T11:01:27.870400+00:00;P0;34.00
4854;DHT22;3628;6.559;3.386;2026-01-16T11:06:58.346342+00:00;humidity;58.00
4854;DHT22;3628;6.559;3.386;2026-01-16T11:06:58.346342+00:00;temperature;40.70
4854;DHT22;3628;6.559;3.386;2026-01-16T11:12:24.898051+00:00;humidity;57.00
4854;DHT22;3628;6.559;3.386;2026-01-16T11:12:24.898051+00:00;temperature;40.30
4853;pms5003;3628;6.559;3.386;2026-01-16T11:17:42.106326+00:00;P2;50.00
4853;pms5003;3628;6.559;3.386;2026-01-16T11:17:42.106326+00:00;P1;66.50
4853;pms5003;3628;6.559;3.386;2026-01-16T11:17:42.106326+00:00;P0;32.50
4854;DHT22;3628;6.559;3.386;2026-01-16T11:17:59.470291+00:00;humidity;58.10
4854;DHT22;3628;6.559;3.386;2026-01-16T11:17:59.470291+00:00;temperature;40.40
4853;pms5003;3628;6.559;3.386;2026-01-16T11:23:16.690967+00:00;P2;49.00
4853;pms5003;3628;6.559;3.386;2026-01-16T11:23:16.690967+00:00;P1;65.00
4853;pms5003;3628;6.559;3.386;2026-01-16T11:23:16.690967+00:00;P0;31.25
4853;pms5003;3628;6.559;3.386;2026-01-16T11:28:40.409634+00:00;P2;51.50
4853;pms5003;3628;6.559;3.386;2026-01-16T11:28:40.409634+00:00;P1;67.50
4853;pms5003;3628;6.559;3.386;2026-01-16T11:28:40.409634+00:00;P0;34.00
4854;DHT22;3628;6.559;3.386;2026-01-16T11:28:57.741749+00:00;humidity;58.20
4854;DHT22;3628;6.559;3.386;2026-01-16T11:28:57.741749+00:00;temperature;39.80
4853;pms5003;3628;6.559;3.386;2026-01-16T11:44:54.557571+00:00;P2;49.25
4853;pms5003;3628;6.559;3.386;2026-01-16T11:44:54.557571+00:00;P1;69.00
4853;pms5003;3628;6.559;3.386;2026-01-16T11:44:54.557571+00:00;P0;33.00
4854;DHT22;3628;6.559;3.386;2026-01-16T11:45:11.894813+00:00;humidity;59.70
4854;DHT22;3628;6.559;3.386;2026-01-16T11:45:11.894813+00:00;temperature;39.30
4853;pms5003;3628;6.559;3.386;2026-01-16T11:50:29.142265+00:00;P2;49.50
4853;pms5003;3628;6.559;3.386;2026-01-16T11:50:29.142265+00:00;P1;63.50
4853;pms5003;3628;6.559;3.386;2026-01-16T11:50:29.142265+00:00;P0;33.00
4854;DHT22;3628;6.559;3.386;2026-01-16T12:06:50.294252+00:00;humidity;58.60
4854;DHT22;3628;6.559;3.386;2026-01-16T12:06:50.294252+00:00;temperature;39.20
4853;pms5003;3628;6.559;3.386;2026-01-16T12:12:07.468078+00:00;P2;48.75
4853;pms5003;3628;6.559;3.386;2026-01-16T12:12:07.468078+00:00;P1;68.75
4853;pms5003;3628;6.559;3.386;2026-01-16T12:12:07.468078+00:00;P0;32.00
4854;DHT22;3628;6.559;3.386;2026-01-16T12:17:38.417269+00:00;humidity;56.60
4854;DHT22;3628;6.559;3.386;2026-01-16T12:17:38.417269+00:00;temperature;40.00
4854;DHT22;3628;6.559;3.386;2026-01-16T12:23:13.081340+00:00;humidity;56.00
4854;DHT22;3628;6.559;3.386;2026-01-16T12:23:13.081340+00:00;temperature;40.10
4853;pms5003;3628;6.559;3.386;2026-01-16T12:28:30.254684+00:00;P2;48.00
4853;pms5003;3628;6.559;3.386;2026-01-16T12:28:30.254684+00:00;P1;69.00
4853;pms5003;3628;6.559;3.386;2026-01-16T12:28:30.254684+00:00;P0;31.00
4853;pms5003;3628;6.559;3.386;2026-01-16T12:33:54.006782+00:00;P2;47.40
4853;pms5003;3628;6.559;3.386;2026-01-16T12:33:54.006782+00:00;P1;61.40
4853;pms5003;3628;6.559;3.386;2026-01-16T12:33:54.006782+00:00;P0;30.40
4853;pms5003;3628;6.559;3.386;2026-01-16T12:39:17.760712+00:00;P2;48.40
4853;pms5003;3628;6.559;3.386;2026-01-16T12:39:17.760712+00:00;P1;62.60
4853;pms5003;3628;6.559;3.386;2026-01-16T12:39:17.760712+00:00;P0;32.40
4853;pms5003;3628;6.559;3.386;2026-01-16T12:44:41.668887+00:00;P2;50.75
4853;pms5003;3628;6.559;3.386;2026-01-16T12:44:41.668887+00:00;P1;71.00
4853;pms5003;3628;6.559;3.386;2026-01-16T12:44:41.668887+00:00;P0;32.75
4853;pms5003;3628;6.559;3.386;2026-01-16T12:50:08.444321+00:00;P2;49.00
4853;pms5003;3628;6.559;3.386;2026-01-16T12:50:08.444321+00:00;P1;69.33
4853;pms5003;3628;6.559;3.386;2026-01-16T12:50:08.444321+00:00;P0;31.67
4854;DHT22;3628;6.559;3.386;2026-01-16T12:55:49.709481+00:00;humidity;57.30
4854;DHT22;3628;6.559;3.386;2026-01-16T12:55:49.709481+00:00;temperature;38.90
4853;pms5003;3628;6.559;3.386;2026-01-16T13:06:20.662917+00:00;P2;51.60
4853;pms5003;3628;6.559;3.386;2026-01-16T13:06:20.662917+00:00;P1;70.80
4853;pms5003;3628;6.559;3.386;2026-01-16T13:06:20.662917+00:00;P0;33.00
4854;DHT22;3628;6.559;3.386;2026-01-16T13:06:37.956320+00:00;humidity;54.50
4854;DHT22;3628;6.559;3.386;2026-01-16T13:06:37.956320+00:00;temperature;40.10
4853;pms5003;3628;6.559;3.386;2026-01-16T13:11:55.145628+00:00;P2;52.00
4853;pms5003;3628;6.559;3.386;2026-01-16T13:11:55.145628+00:00;P1;71.75
4853;pms5003;3628;6.559;3.386;2026-01-16T13:11:55.145628+00:00;P0;33.75
4854;DHT22;3628;6.559;3.386;2026-01-16T13:12:12.490607+00:00;humidity;55.90
4854;DHT22;3628;6.559;3.386;2026-01-16T13:12:12.490607+00:00;temperature;39.90
4853;pms5003;3628;6.559;3.386;2026-01-16T13:17:29.707385+00:00;P2;57.00
4853;pms5003;3628;6.559;3.386;2026-01-16T13:17:29.707385+00:00;P1;77.00
4853;pms5003;3628;6.559;3.386;2026-01-16T13:17:29.707385+00:00;P0;36.75
4854;DHT22;3628;6.559;3.386;2026-01-16T13:17:47.098434+00:00;humidity;56.40
4854;DHT22;3628;6.559;3.386;2026-01-16T13:17:47.098434+00:00;temperature;39.90
4853;pms5003;3628;6.559;3.386;2026-01-16T13:23:04.261866+00:00;P2;54.33
4853;pms5003;3628;6.559;3.386;2026-01-16T13:23:04.261866+00:00;P1;71.33
4853;pms5003;3628;6.559;3.386;2026-01-16T13:23:04.261866+00:00;P0;36.00
4854;DHT22;3628;6.559;3.386;2026-01-16T13:23:21.710382+00:00;humidity;54.80
4854;DHT22;3628;6.559;3.386;2026-01-16T13:23:21.710382+00:00;temperature;40.30
4854;DHT22;3628;6.559;3.386;2026-01-16T13:28:48.527079+00:00;humidity;56.30
4854;DHT22;3628;6.559;3.386;2026-01-16T13:28:48.527079+00:00;temperature;40.30
4853;pms5003;3628;6.559;3.386;2026-01-16T13:34:05.746182+00:00;P2;55.00
4853;pms5003;3628;6.559;3.386;2026-01-16T13:34:05.746182+00:00;P1;71.25
4853;pms5003;3628;6.559;3.386;2026-01-16T13:34:05.746182+00:00;P0;35.00
4854;DHT22;3628;6.559;3.386;2026-01-16T13:34:23.156869+00:00;humidity;57.40
4854;DHT22;3628;6.559;3.386;2026-01-16T13:34:23.156869+00:00;temperature;40.40
4853;pms5003;3628;6.559;3.386;2026-01-16T13:39:40.663431+00:00;P2;53.00
4853;pms5003;3628;6.559;3.386;2026-01-16T13:39:40.663431+00:00;P1;72.00
4853;pms5003;3628;6.559;3.386;2026-01-16T13:39:40.663431+00:00;P0;35.00
4854;DHT22;3628;6.559;3.386;2026-01-16T13:39:57.710263+00:00;humidity;58.50
4854;DHT22;3628;6.559;3.386;2026-01-16T13:39:57.710263+00:00;temperature;40.20
4854;DHT22;3628;6.559;3.386;2026-01-16T13:50:46.348860+00:00;humidity;60.60
4854;DHT22;3628;6.559;3.386;2026-01-16T13:50:46.348860+00:00;temperature;39.20
4853;pms5003;3628;6.559;3.386;2026-01-16T13:56:03.507444+00:00;P2;50.75
4853;pms5003;3628;6.559;3.386;2026-01-16T13:56:03.507444+00:00;P1;69.75
4853;pms5003;3628;6.559;3.386;2026-01-16T13:56:03.507444+00:00;P0;33.00
4853;pms5003;3628;6.559;3.386;2026-01-16T14:01:27.657979+00:00;P2;50.00
4853;pms5003;3628;6.559;3.386;2026-01-16T14:01:27.657979+00:00;P1;66.00
4853;pms5003;3628;6.559;3.386;2026-01-16T14:01:27.657979+00:00;P0;32.00
4854;DHT22;3628;6.559;3.386;2026-01-16T14:01:45.110746+00:00;humidity;60.80
4854;DHT22;3628;6.559;3.386;2026-01-16T14:01:45.110746+00:00;temperature;38.90
4853;pms5003;3628;6.559;3.386;2026-01-16T14:07:02.365874+00:00;P2;49.75
4853;pms5003;3628;6.559;3.386;2026-01-16T14:07:02.365874+00:00;P1;66.75
4853;pms5003;3628;6.559;3.386;2026-01-16T14:07:02.365874+00:00;P0;31.50
4854;DHT22;3628;6.559;3.386;2026-01-16T14:07:19.738364+00:00;humidity;63.40
4854;DHT22;3628;6.559;3.386;2026-01-16T14:07:19.738364+00:00;temperature;37.90
4853;pms5003;3628;6.559;3.386;2026-01-16T14:12:36.948695+00:00;P2;47.80
4853;pms5003;3628;6.559;3.386;2026-01-16T14:12:36.948695+00:00;P1;64.60
4853;pms5003;3628;6.559;3.386;2026-01-16T14:12:36.948695+00:00;P0;31.20
4853;pms5003;3628;6.559;3.386;2026-01-16T14:18:11.508777+00:00;P2;45.50
4853;pms5003;3628;6.559;3.386;2026-01-16T14:18:11.508777+00:00;P1;64.50
4853;pms5003;3628;6.559;3.386;2026-01-16T14:18:11.508777+00:00;P0;30.75
4853;pms5003;3628;6.559;3.386;2026-01-16T14:23:46.086841+00:00;P2;49.00
4853;pms5003;3628;6.559;3.386;2026-01-16T14:23:46.086841+00:00;P1;67.60
4853;pms5003;3628;6.559;3.386;2026-01-16T14:23:46.086841+00:00;P0;32.00
4854;DHT22;3628;6.559;3.386;2026-01-16T14:24:03.441723+00:00;humidity;65.50
4854;DHT22;3628;6.559;3.386;2026-01-16T14:24:03.441723+00:00;temperature;36.90
4853;pms5003;3628;6.559;3.386;2026-01-16T14:29:20.615549+00:00;P2;47.75
4853;pms5003;3628;6.559;3.386;2026-01-16T14:29:20.615549+00:00;P1;63.75
4853;pms5003;3628;6.559;3.386;2026-01-16T14:29:20.615549+00:00;P0;31.00
4854;DHT22;3628;6.559;3.386;2026-01-16T14:29:37.967495+00:00;humidity;63.90
4854;DHT22;3628;6.559;3.386;2026-01-16T14:29:37.967495+00:00;temperature;37.60
4853;pms5003;3628;6.559;3.386;2026-01-16T14:34:55.309798+00:00;P2;46.75
4853;pms5003;3628;6.559;3.386;2026-01-16T14:34:55.309798+00:00;P1;62.75
4853;pms5003;3628;6.559;3.386;2026-01-16T14:34:55.309798+00:00;P0;31.00
4854;DHT22;3628;6.559;3.386;2026-01-16T14:35:12.647562+00:00;humidity;62.80
4854;DHT22;3628;6.559;3.386;2026-01-16T14:35:12.647562+00:00;temperature;38.30
4853;pms5003;3628;6.559;3.386;2026-01-16T14:40:32.757389+00:00;P2;47.25
4853;pms5003;3628;6.559;3.386;2026-01-16T14:40:32.757389+00:00;P1;63.25
4853;pms5003;3628;6.559;3.386;2026-01-16T14:40:32.757389+00:00;P0;31.25
4854;DHT22;3628;6.559;3.386;2026-01-16T14:40:50.126089+00:00;humidity;62.10
4854;DHT22;3628;6.559;3.386;2026-01-16T14:40:50.126089+00:00;temperature;38.60
4854;DHT22;3628;6.559;3.386;2026-01-16T14:46:24.672356+00:00;humidity;62.70
4854;DHT22;3628;6.559;3.386;2026-01-16T14:46:24.672356+00:00;temperature;38.30
4854;DHT22;3628;6.559;3.386;2026-01-16T15:12:55.303943+00:00;humidity;63.80
4854;DHT22;3628;6.559;3.386;2026-01-16T15:12:55.303943+00:00;temperature;37.90
4853;pms5003;3628;6.559;3.386;2026-01-16T15:18:12.521631+00:00;P2;44.50
4853;pms5003;3628;6.559;3.386;2026-01-16T15:18:12.521631+00:00;P1;64.50
4853;pms5003;3628;6.559;3.386;2026-01-16T15:18:12.521631+00:00;P0;28.50
4853;pms5003;3628;6.559;3.386;2026-01-16T15:23:36.225570+00:00;P2;44.00
4853;pms5003;3628;6.559;3.386;2026-01-16T15:23:36.225570+00:00;P1;61.40
4853;pms5003;3628;6.559;3.386;2026-01-16T15:23:36.225570+00:00;P0;28.00
4854;DHT22;3628;6.559;3.386;2026-01-16T15:29:28.192355+00:00;humidity;65.10
4854;DHT22;3628;6.559;3.386;2026-01-16T15:29:28.192355+00:00;temperature;37.40
4853;pms5003;3628;6.559;3.386;2026-01-16T15:34:45.400986+00:00;P2;45.50
4853;pms5003;3628;6.559;3.386;2026-01-16T15:34:45.400986+00:00;P1;62.00
4853;pms5003;3628;6.559;3.386;2026-01-16T15:34:45.400986+00:00;P0;28.50
4853;pms5003;3628;6.559;3.386;2026-01-16T15:40:09.250984+00:00;P2;46.00
4853;pms5003;3628;6.559;3.386;2026-01-16T15:40:09.250984+00:00;P1;62.75
4853;pms5003;3628;6.559;3.386;2026-01-16T15:40:09.250984+00:00;P0;29.00
4854;DHT22;3628;6.559;3.386;2026-01-16T15:40:26.665059+00:00;humidity;65.00
4854;DHT22;3628;6.559;3.386;2026-01-16T15:40:26.665059+00:00;temperature;37.30
4853;pms5003;3628;6.559;3.386;2026-01-16T15:45:43.831382+00:00;P2;44.00
4853;pms5003;3628;6.559;3.386;2026-01-16T15:45:43.831382+00:00;P1;64.00
4853;pms5003;3628;6.559;3.386;2026-01-16T15:45:43.831382+00:00;P0;28.00
4854;DHT22;3628;6.559;3.386;2026-01-16T15:46:01.185067+00:00;humidity;65.40
4854;DHT22;3628;6.559;3.386;2026-01-16T15:46:01.185067+00:00;temperature;37.00
4854;DHT22;3628;6.559;3.386;2026-01-16T15:51:25.348309+00:00;humidity;66.40
4854;DHT22;3628;6.559;3.386;2026-01-16T15:51:25.348309+00:00;temperature;36.60
4854;DHT22;3628;6.559;3.386;2026-01-16T15:57:00.080853+00:00;humidity;66.80
4854;DHT22;3628;6.559;3.386;2026-01-16T15:57:00.080853+00:00;temperature;36.50
4854;DHT22;3628;6.559;3.386;2026-01-16T16:02:34.620964+00:00;humidity;66.90
4854;DHT22;3628;6.559;3.386;2026-01-16T16:02:34.620964+00:00;temperature;36.40
4854;DHT22;3628;6.559;3.386;2026-01-16T16:08:09.140446+00:00;humidity;67.60
4854;DHT22;3628;6.559;3.386;2026-01-16T16:08:09.140446+00:00;temperature;36.10
4853;pms5003;3628;6.559;3.386;2026-01-16T16:50:06.903163+00:00;P2;45.50
4853;pms5003;3628;6.559;3.386;2026-01-16T16:50:06.903163+00:00;P1;56.00
4853;pms5003;3628;6.559;3.386;2026-01-16T16:50:06.903163+00:00;P0;29.00
4853;pms5003;3628;6.559;3.386;2026-01-16T17:00:57.924331+00:00;P2;46.00
4853;pms5003;3628;6.559;3.386;2026-01-16T17:00:57.924331+00:00;P1;63.00
4853;pms5003;3628;6.559;3.386;2026-01-16T17:00:57.924331+00:00;P0;29.00
4854;DHT22;3628;6.559;3.386;2026-01-16T17:06:29.083660+00:00;humidity;72.30
4854;DHT22;3628;6.559;3.386;2026-01-16T17:06:29.083660+00:00;temperature;34.30
4853;pms5003;3628;6.559;3.386;2026-01-16T17:16:59.812742+00:00;P2;47.75
4853;pms5003;3628;6.559;3.386;2026-01-16T17:16:59.812742+00:00;P1;65.75
4853;pms5003;3628;6.559;3.386;2026-01-16T17:16:59.812742+00:00;P0;30.25
4854;DHT22;3628;6.559;3.386;2026-01-16T17:17:17.188090+00:00;humidity;73.40
4854;DHT22;3628;6.559;3.386;2026-01-16T17:17:17.188090+00:00;temperature;34.00
4853;pms5003;3628;6.559;3.386;2026-01-16T17:22:34.364455+00:00;P2;42.25
4853;pms5003;3628;6.559;3.386;2026-01-16T17:22:34.364455+00:00;P1;55.25
4853;pms5003;3628;6.559;3.386;2026-01-16T17:22:34.364455+00:00;P0;26.25
4854;DHT22;3628;6.559;3.386;2026-01-16T17:22:51.803126+00:00;humidity;74.10
4854;DHT22;3628;6.559;3.386;2026-01-16T17:22:51.803126+00:00;temperature;33.80
4853;pms5003;3628;6.559;3.386;2026-01-16T17:28:09.229440+00:00;P2;49.50
4853;pms5003;3628;6.559;3.386;2026-01-16T17:28:09.229440+00:00;P1;67.25
4853;pms5003;3628;6.559;3.386;2026-01-16T17:28:09.229440+00:00;P0;31.00
4854;DHT22;3628;6.559;3.386;2026-01-16T17:28:26.857883+00:00;humidity;74.20
4854;DHT22;3628;6.559;3.386;2026-01-16T17:28:26.857883+00:00;temperature;33.80
4853;pms5003;3628;6.559;3.386;2026-01-16T17:33:43.971037+00:00;P2;51.75
4853;pms5003;3628;6.559;3.386;2026-01-16T17:33:43.971037+00:00;P1;71.25
4853;pms5003;3628;6.559;3.386;2026-01-16T17:33:43.971037+00:00;P0;32.50
4854;DHT22;3628;6.559;3.386;2026-01-16T17:34:01.341984+00:00;humidity;75.30
4854;DHT22;3628;6.559;3.386;2026-01-16T17:34:01.341984+00:00;temperature;33.40
4854;DHT22;3628;6.559;3.386;2026-01-16T17:39:25.511106+00:00;humidity;75.70
4854;DHT22;3628;6.559;3.386;2026-01-16T17:39:25.511106+00:00;temperature;33.40
4853;pms5003;3628;6.559;3.386;2026-01-16T17:50:06.751543+00:00;P2;48.40
4853;pms5003;3628;6.559;3.386;2026-01-16T17:50:06.751543+00:00;P1;67.00
4853;pms5003;3628;6.559;3.386;2026-01-16T17:50:06.751543+00:00;P0;31.00
4853;pms5003;3628;6.559;3.386;2026-01-16T17:55:30.738367+00:00;P2;46.00
4853;pms5003;3628;6.559;3.386;2026-01-16T17:55:30.738367+00:00;P1;64.00
4853;pms5003;3628;6.559;3.386;2026-01-16T17:55:30.738367+00:00;P0;29.00
4854;DHT22;3628;6.559;3.386;2026-01-16T18:06:25.763776+00:00;humidity;79.10
4854;DHT22;3628;6.559;3.386;2026-01-16T18:06:25.763776+00:00;temperature;32.70
4853;pms5003;3628;6.559;3.386;2026-01-16T18:11:43.077074+00:00;P2;44.00
4853;pms5003;3628;6.559;3.386;2026-01-16T18:11:43.077074+00:00;P1;58.00
4853;pms5003;3628;6.559;3.386;2026-01-16T18:11:43.077074+00:00;P0;29.00
4854;DHT22;3628;6.559;3.386;2026-01-16T18:12:00.553681+00:00;humidity;80.50
4854;DHT22;3628;6.559;3.386;2026-01-16T18:12:00.553681+00:00;temperature;32.50
4853;pms5003;3628;6.559;3.386;2026-01-16T18:17:17.812494+00:00;P2;48.00
4853;pms5003;3628;6.559;3.386;2026-01-16T18:17:17.812494+00:00;P1;67.75
4853;pms5003;3628;6.559;3.386;2026-01-16T18:17:17.812494+00:00;P0;31.50
4853;pms5003;3628;6.559;3.386;2026-01-16T18:22:41.742858+00:00;P2;43.50
4853;pms5003;3628;6.559;3.386;2026-01-16T18:22:41.742858+00:00;P1;59.00
4853;pms5003;3628;6.559;3.386;2026-01-16T18:22:41.742858+00:00;P0;28.00
4853;pms5003;3628;6.559;3.386;2026-01-16T18:28:06.048815+00:00;P2;44.67
4853;pms5003;3628;6.559;3.386;2026-01-16T18:28:06.048815+00:00;P1;58.33
4853;pms5003;3628;6.559;3.386;2026-01-16T18:28:06.048815+00:00;P0;29.00
4854;DHT22;3628;6.559;3.386;2026-01-16T18:28:23.429495+00:00;humidity;80.70
4854;DHT22;3628;6.559;3.386;2026-01-16T18:28:23.429495+00:00;temperature;32.40
4853;pms5003;3628;6.559;3.386;2026-01-16T18:33:40.675256+00:00;P2;45.50
4853;pms5003;3628;6.559;3.386;2026-01-16T18:33:40.675256+00:00;P1;62.50
4853;pms5003;3628;6.559;3.386;2026-01-16T18:33:40.675256+00:00;P0;29.25
4854;DHT22;3628;6.559;3.386;2026-01-16T18:33:58.141454+00:00;humidity;81.30
4854;DHT22;3628;6.559;3.386;2026-01-16T18:33:58.141454+00:00;temperature;32.30
4853;pms5003;3628;6.559;3.386;2026-01-16T18:39:15.476045+00:00;P2;43.00
4853;pms5003;3628;6.559;3.386;2026-01-16T18:39:15.476045+00:00;P1;57.00
4853;pms5003;3628;6.559;3.386;2026-01-16T18:39:15.476045+00:00;P0;26.50
4853;pms5003;3628;6.559;3.386;2026-01-16T18:44:50.203006+00:00;P2;44.00
4853;pms5003;3628;6.559;3.386;2026-01-16T18:44:50.203006+00:00;P1;64.00
4853;pms5003;3628;6.559;3.386;2026-01-16T18:44:50.203006+00:00;P0;28.00
4854;DHT22;3628;6.559;3.386;2026-01-16T18:45:07.820625+00:00;humidity;81.90
4854;DHT22;3628;6.559;3.386;2026-01-16T18:45:07.820625+00:00;temperature;32.30
4853;pms5003;3628;6.559;3.386;2026-01-16T18:55:48.794248+00:00;P2;44.00
4853;pms5003;3628;6.559;3.386;2026-01-16T18:55:48.794248+00:00;P1;57.67
4853;pms5003;3628;6.559;3.386;2026-01-16T18:55:48.794248+00:00;P0;28.00
4853;pms5003;3628;6.559;3.386;2026-01-16T19:01:12.633160+00:00;P2;44.60
4853;pms5003;3628;6.559;3.386;2026-01-16T19:01:12.633160+00:00;P1;61.40
4853;pms5003;3628;6.559;3.386;2026-01-16T19:01:12.633160+00:00;P0;28.80
4854;DHT22;3628;6.559;3.386;2026-01-16T19:01:30.124827+00:00;humidity;83.30
4854;DHT22;3628;6.559;3.386;2026-01-16T19:01:30.124827+00:00;temperature;32.20
4853;pms5003;3628;6.559;3.386;2026-01-16T19:06:47.442707+00:00;P2;46.75
4853;pms5003;3628;6.559;3.386;2026-01-16T19:06:47.442707+00:00;P1;64.50
4853;pms5003;3628;6.559;3.386;2026-01-16T19:06:47.442707+00:00;P0;29.00
4854;DHT22;3628;6.559;3.386;2026-01-16T19:07:07.727047+00:00;humidity;83.50
4854;DHT22;3628;6.559;3.386;2026-01-16T19:07:07.727047+00:00;temperature;32.20
4854;DHT22;3628;6.559;3.386;2026-01-16T19:12:31.935762+00:00;humidity;84.60
4854;DHT22;3628;6.559;3.386;2026-01-16T19:12:31.935762+00:00;temperature;32.20
4853;pms5003;3628;6.559;3.386;2026-01-16T19:23:13.014067+00:00;P2;49.00
4853;pms5003;3628;6.559;3.386;2026-01-16T19:23:13.014067+00:00;P1;68.20
4853;pms5003;3628;6.559;3.386;2026-01-16T19:23:13.014067+00:00;P0;31.00
4854;DHT22;3628;6.559;3.386;2026-01-16T19:23:33.206675+00:00;humidity;84.90
4854;DHT22;3628;6.559;3.386;2026-01-16T19:23:33.206675+00:00;temperature;32.10
4854;DHT22;3628;6.559;3.386;2026-01-16T19:28:58.503721+00:00;humidity;85.30
4854;DHT22;3628;6.559;3.386;2026-01-16T19:28:58.503721+00:00;temperature;32.10
4854;DHT22;3628;6.559;3.386;2026-01-16T19:34:25.005007+00:00;humidity;86.00
4854;DHT22;3628;6.559;3.386;2026-01-16T19:34:25.005007+00:00;temperature;32.00
4853;pms5003;3628;6.559;3.386;2026-01-16T19:39:39.601980+00:00;P2;46.25
4853;pms5003;3628;6.559;3.386;2026-01-16T19:39:39.601980+00:00;P1;65.00
4853;pms5003;3628;6.559;3.386;2026-01-16T19:39:39.601980+00:00;P0;28.00
4854;DHT22;3628;6.559;3.386;2026-01-16T19:39:57.022189+00:00;humidity;85.80
4854;DHT22;3628;6.559;3.386;2026-01-16T19:39:57.022189+00:00;temperature;32.00
4853;pms5003;3628;6.559;3.386;2026-01-16T19:45:14.311709+00:00;P2;40.00
4853;pms5003;3628;6.559;3.386;2026-01-16T19:45:14.311709+00:00;P1;56.33
4853;pms5003;3628;6.559;3.386;2026-01-16T19:45:14.311709+00:00;P0;26.00
4854;DHT22;3628;6.559;3.386;2026-01-16T19:45:31.837067+00:00;humidity;86.20
4854;DHT22;3628;6.559;3.386;2026-01-16T19:45:31.837067+00:00;temperature;32.00
4853;pms5003;3628;6.559;3.386;2026-01-16T19:50:49.117538+00:00;P2;41.00
4853;pms5003;3628;6.559;3.386;2026-01-16T19:50:49.117538+00:00;P1;59.00
4853;pms5003;3628;6.559;3.386;2026-01-16T19:50:49.117538+00:00;P0;25.33
4854;DHT22;3628;6.559;3.386;2026-01-16T19:51:07.573062+00:00;humidity;86.20
4854;DHT22;3628;6.559;3.386;2026-01-16T19:51:07.573062+00:00;temperature;32.00
4853;pms5003;3628;6.559;3.386;2026-01-16T19:56:24.808206+00:00;P2;43.00
4853;pms5003;3628;6.559;3.386;2026-01-16T19:56:24.808206+00:00;P1;63.00
4853;pms5003;3628;6.559;3.386;2026-01-16T19:56:24.808206+00:00;P0;28.00
4854;DHT22;3628;6.559;3.386;2026-01-16T19:56:42.424428+00:00;humidity;86.10
4854;DHT22;3628;6.559;3.386;2026-01-16T19:56:42.424428+00:00;temperature;31.90
4853;pms5003;3628;6.559;3.386;2026-01-16T20:02:00.740168+00:00;P2;42.40
4853;pms5003;3628;6.559;3.386;2026-01-16T20:02:00.740168+00:00;P1;61.20
4853;pms5003;3628;6.559;3.386;2026-01-16T20:02:00.740168+00:00;P0;27.60
4854;DHT22;3628;6.559;3.386;2026-01-16T20:02:18.264828+00:00;humidity;85.70
4854;DHT22;3628;6.559;3.386;2026-01-16T20:02:18.264828+00:00;temperature;32.00
4854;DHT22;3628;6.559;3.386;2026-01-16T20:07:42.235045+00:00;humidity;85.50
4854;DHT22;3628;6.559;3.386;2026-01-16T20:07:42.235045+00:00;temperature;31.90
4854;DHT22;3628;6.559;3.386;2026-01-16T20:13:08.758505+00:00;humidity;85.30
4854;DHT22;3628;6.559;3.386;2026-01-16T20:13:08.758505+00:00;temperature;31.90
4854;DHT22;3628;6.559;3.386;2026-01-16T20:18:33.834476+00:00;humidity;85.10
4854;DHT22;3628;6.559;3.386;2026-01-16T20:18:33.834476+00:00;temperature;32.00
4854;DHT22;3628;6.559;3.386;2026-01-16T20:24:09.284292+00:00;humidity;85.60
4854;DHT22;3628;6.559;3.386;2026-01-16T20:24:09.284292+00:00;temperature;31.90
4854;DHT22;3628;6.559;3.386;2026-01-16T20:29:35.259557+00:00;humidity;85.40
4854;DHT22;3628;6.559;3.386;2026-01-16T20:29:35.259557+00:00;temperature;31.80
4853;pms5003;3628;6.559;3.386;2026-01-16T20:50:40.258899+00:00;P2;46.00
4853;pms5003;3628;6.559;3.386;2026-01-16T20:50:40.258899+00:00;P1;62.00
4853;pms5003;3628;6.559;3.386;2026-01-16T20:50:40.258899+00:00;P0;30.00
4854;DHT22;3628;6.559;3.386;2026-01-16T20:50:57.599917+00:00;humidity;85.00
4854;DHT22;3628;6.559;3.386;2026-01-16T20:50:57.599917+00:00;temperature;31.90
4853;pms5003;3628;6.559;3.386;2026-01-16T20:56:14.801504+00:00;P2;55.80
4853;pms5003;3628;6.559;3.386;2026-01-16T20:56:14.801504+00:00;P1;77.40
4853;pms5003;3628;6.559;3.386;2026-01-16T20:56:14.801504+00:00;P0;36.00
4854;DHT22;3628;6.559;3.386;2026-01-16T20:56:32.146245+00:00;humidity;84.60
4854;DHT22;3628;6.559;3.386;2026-01-16T20:56:32.146245+00:00;temperature;31.90
4854;DHT22;3628;6.559;3.386;2026-01-16T21:01:56.190814+00:00;humidity;84.60
4854;DHT22;3628;6.559;3.386;2026-01-16T21:01:56.190814+00:00;temperature;31.80
4853;pms5003;3628;6.559;3.386;2026-01-16T21:07:13.358185+00:00;P2;55.00
4853;pms5003;3628;6.559;3.386;2026-01-16T21:07:13.358185+00:00;P1;72.25
4853;pms5003;3628;6.559;3.386;2026-01-16T21:07:13.358185+00:00;P0;34.00
4854;DHT22;3628;6.559;3.386;2026-01-16T21:07:30.696053+00:00;humidity;84.70
4854;DHT22;3628;6.559;3.386;2026-01-16T21:07:30.696053+00:00;temperature;31.80
4853;pms5003;3628;6.559;3.386;2026-01-16T21:12:50.806565+00:00;P2;55.75
4853;pms5003;3628;6.559;3.386;2026-01-16T21:12:50.806565+00:00;P1;80.00
4853;pms5003;3628;6.559;3.386;2026-01-16T21:12:50.806565+00:00;P0;34.25
4854;DHT22;3628;6.559;3.386;2026-01-16T21:13:10.804372+00:00;humidity;85.10
4854;DHT22;3628;6.559;3.386;2026-01-16T21:13:10.804372+00:00;temperature;31.80
4853;pms5003;3628;6.559;3.386;2026-01-16T21:18:27.969748+00:00;P2;48.00
4853;pms5003;3628;6.559;3.386;2026-01-16T21:18:27.969748+00:00;P1;70.50
4853;pms5003;3628;6.559;3.386;2026-01-16T21:18:27.969748+00:00;P0;30.00
4854;DHT22;3628;6.559;3.386;2026-01-16T21:18:45.384487+00:00;humidity;85.40
4854;DHT22;3628;6.559;3.386;2026-01-16T21:18:45.384487+00:00;temperature;31.70
4853;pms5003;3628;6.559;3.386;2026-01-16T21:24:02.607617+00:00;P2;51.00
4853;pms5003;3628;6.559;3.386;2026-01-16T21:24:02.607617+00:00;P1;75.75
4853;pms5003;3628;6.559;3.386;2026-01-16T21:24:02.607617+00:00;P0;32.00
4853;pms5003;3628;6.559;3.386;2026-01-16T21:35:07.546182+00:00;P2;52.75
4853;pms5003;3628;6.559;3.386;2026-01-16T21:35:07.546182+00:00;P1;75.75
4853;pms5003;3628;6.559;3.386;2026-01-16T21:35:07.546182+00:00;P0;33.00
4854;DHT22;3628;6.559;3.386;2026-01-16T21:35:24.902141+00:00;humidity;85.70
4854;DHT22;3628;6.559;3.386;2026-01-16T21:35:24.902141+00:00;temperature;31.80
4853;pms5003;3628;6.559;3.386;2026-01-16T21:40:42.143375+00:00;P2;53.75
4853;pms5003;3628;6.559;3.386;2026-01-16T21:40:42.143375+00:00;P1;74.50
4853;pms5003;3628;6.559;3.386;2026-01-16T21:40:42.143375+00:00;P0;34.50
4854;DHT22;3628;6.559;3.386;2026-01-16T21:40:59.512364+00:00;humidity;85.30
4854;DHT22;3628;6.559;3.386;2026-01-16T21:40:59.512364+00:00;temperature;31.80
4853;pms5003;3628;6.559;3.386;2026-01-16T21:46:16.683837+00:00;P2;55.75
4853;pms5003;3628;6.559;3.386;2026-01-16T21:46:16.683837+00:00;P1;75.00
4853;pms5003;3628;6.559;3.386;2026-01-16T21:46:16.683837+00:00;P0;33.25
4854;DHT22;3628;6.559;3.386;2026-01-16T21:46:34.191114+00:00;humidity;85.80
4854;DHT22;3628;6.559;3.386;2026-01-16T21:46:34.191114+00:00;temperature;31.70
4853;pms5003;3628;6.559;3.386;2026-01-16T21:51:51.366484+00:00;P2;63.25
4853;pms5003;3628;6.559;3.386;2026-01-16T21:51:51.366484+00:00;P1;80.75
4853;pms5003;3628;6.559;3.386;2026-01-16T21:51:51.366484+00:00;P0;36.00
4853;pms5003;3628;6.559;3.386;2026-01-16T21:57:15.415123+00:00;P2;61.25
4853;pms5003;3628;6.559;3.386;2026-01-16T21:57:15.415123+00:00;P1;80.00
4853;pms5003;3628;6.559;3.386;2026-01-16T21:57:15.415123+00:00;P0;35.75
4854;DHT22;3628;6.559;3.386;2026-01-16T21:57:32.738894+00:00;humidity;85.60
4854;DHT22;3628;6.559;3.386;2026-01-16T21:57:32.738894+00:00;temperature;31.70
4853;pms5003;3628;6.559;3.386;2026-01-16T22:02:49.912846+00:00;P2;73.00
4853;pms5003;3628;6.559;3.386;2026-01-16T22:02:49.912846+00:00;P1;91.80
4853;pms5003;3628;6.559;3.386;2026-01-16T22:02:49.912846+00:00;P0;41.00
4853;pms5003;3628;6.559;3.386;2026-01-16T22:08:13.808385+00:00;P2;67.50
4853;pms5003;3628;6.559;3.386;2026-01-16T22:08:13.808385+00:00;P1;85.00
4853;pms5003;3628;6.559;3.386;2026-01-16T22:08:13.808385+00:00;P0;39.00
4853;pms5003;3628;6.559;3.386;2026-01-16T22:13:48.334433+00:00;P2;53.50
4853;pms5003;3628;6.559;3.386;2026-01-16T22:13:48.334433+00:00;P1;73.75
4853;pms5003;3628;6.559;3.386;2026-01-16T22:13:48.334433+00:00;P0;34.00
4854;DHT22;3628;6.559;3.386;2026-01-16T22:14:05.663929+00:00;humidity;85.00
4854;DHT22;3628;6.559;3.386;2026-01-16T22:14:05.663929+00:00;temperature;31.70
4854;DHT22;3628;6.559;3.386;2026-01-16T22:19:29.578372+00:00;humidity;85.50
4854;DHT22;3628;6.559;3.386;2026-01-16T22:19:29.578372+00:00;temperature;31.60
4853;pms5003;3628;6.559;3.386;2026-01-16T22:24:46.806527+00:00;P2;56.75
4853;pms5003;3628;6.559;3.386;2026-01-16T22:24:46.806527+00:00;P1;76.00
4853;pms5003;3628;6.559;3.386;2026-01-16T22:24:46.806527+00:00;P0;34.00
4853;pms5003;3628;6.559;3.386;2026-01-16T22:30:21.352312+00:00;P2;58.00
4853;pms5003;3628;6.559;3.386;2026-01-16T22:30:21.352312+00:00;P1;78.40
4853;pms5003;3628;6.559;3.386;2026-01-16T22:30:21.352312+00:00;P0;35.00
4854;DHT22;3628;6.559;3.386;2026-01-16T22:30:38.815378+00:00;humidity;85.90
4854;DHT22;3628;6.559;3.386;2026-01-16T22:30:38.815378+00:00;temperature;31.50
4854;DHT22;3628;6.559;3.386;2026-01-16T22:36:13.310826+00:00;humidity;85.80
4854;DHT22;3628;6.559;3.386;2026-01-16T22:36:13.310826+00:00;temperature;31.60
4854;DHT22;3628;6.559;3.386;2026-01-16T22:41:47.857117+00:00;humidity;86.00
4854;DHT22;3628;6.559;3.386;2026-01-16T22:41:47.857117+00:00;temperature;31.70
4853;pms5003;3628;6.559;3.386;2026-01-16T22:47:05.110930+00:00;P2;62.75
4853;pms5003;3628;6.559;3.386;2026-01-16T22:47:05.110930+00:00;P1;79.75
4853;pms5003;3628;6.559;3.386;2026-01-16T22:47:05.110930+00:00;P0;37.25
4854;DHT22;3628;6.559;3.386;2026-01-16T22:47:22.439572+00:00;humidity;86.60
4854;DHT22;3628;6.559;3.386;2026-01-16T22:47:22.439572+00:00;temperature;31.50
4853;pms5003;3628;6.559;3.386;2026-01-16T22:52:39.635335+00:00;P2;57.00
4853;pms5003;3628;6.559;3.386;2026-01-16T22:52:39.635335+00:00;P1;75.50
4853;pms5003;3628;6.559;3.386;2026-01-16T22:52:39.635335+00:00;P0;35.00
4854;DHT22;3628;6.559;3.386;2026-01-16T22:52:57.059787+00:00;humidity;86.70
4854;DHT22;3628;6.559;3.386;2026-01-16T22:52:57.059787+00:00;temperature;31.50
4853;pms5003;3628;6.559;3.386;2026-01-16T22:58:14.238998+00:00;P2;55.75
4853;pms5003;3628;6.559;3.386;2026-01-16T22:58:14.238998+00:00;P1;76.00
4853;pms5003;3628;6.559;3.386;2026-01-16T22:58:14.238998+00:00;P0;35.00
4854;DHT22;3628;6.559;3.386;2026-01-16T22:58:31.619007+00:00;humidity;87.00
4854;DHT22;3628;6.559;3.386;2026-01-16T22:58:31.619007+00:00;temperature;31.50
4853;pms5003;3628;6.559;3.386;2026-01-16T23:03:48.966113+00:00;P2;60.75
4853;pms5003;3628;6.559;3.386;2026-01-16T23:03:48.966113+00:00;P1;80.00
4853;pms5003;3628;6.559;3.386;2026-01-16T23:03:48.966113+00:00;P0;35.50
4853;pms5003;3628;6.559;3.386;2026-01-16T23:09:13.163783+00:00;P2;57.00
4853;pms5003;3628;6.559;3.386;2026-01-16T23:09:13.163783+00:00;P1;76.50
4853;pms5003;3628;6.559;3.386;2026-01-16T23:09:13.163783+00:00;P0;35.00
4854;DHT22;3628;6.559;3.386;2026-01-16T23:09:30.512354+00:00;humidity;87.20
4854;DHT22;3628;6.559;3.386;2026-01-16T23:09:30.512354+00:00;temperature;31.40
4853;pms5003;3628;6.559;3.386;2026-01-16T23:14:47.700900+00:00;P2;52.50
4853;pms5003;3628;6.559;3.386;2026-01-16T23:14:47.700900+00:00;P1;74.25
4853;pms5003;3628;6.559;3.386;2026-01-16T23:14:47.700900+00:00;P0;32.50
4854;DHT22;3628;6.559;3.386;2026-01-16T23:15:05.026806+00:00;humidity;87.40
4854;DHT22;3628;6.559;3.386;2026-01-16T23:15:05.026806+00:00;temperature;31.30
4853;pms5003;3628;6.559;3.386;2026-01-16T23:20:22.331015+00:00;P2;48.00
4853;pms5003;3628;6.559;3.386;2026-01-16T23:20:22.331015+00:00;P1;66.25
4853;pms5003;3628;6.559;3.386;2026-01-16T23:20:22.331015+00:00;P0;30.00
4854;DHT22;3628;6.559;3.386;2026-01-16T23:20:39.696677+00:00;humidity;87.30
4854;DHT22;3628;6.559;3.386;2026-01-16T23:20:39.696677+00:00;temperature;31.40
4853;pms5003;3628;6.559;3.386;2026-01-16T23:25:56.880628+00:00;P2;47.20
4853;pms5003;3628;6.559;3.386;2026-01-16T23:25:56.880628+00:00;P1;67.40
4853;pms5003;3628;6.559;3.386;2026-01-16T23:25:56.880628+00:00;P0;29.60
4854;DHT22;3628;6.559;3.386;2026-01-16T23:26:14.232964+00:00;humidity;87.60
4854;DHT22;3628;6.559;3.386;2026-01-16T23:26:14.232964+00:00;temperature;31.40
4853;pms5003;3628;6.559;3.386;2026-01-16T23:31:31.398619+00:00;P2;46.00
4853;pms5003;3628;6.559;3.386;2026-01-16T23:31:31.398619+00:00;P1;61.75
4853;pms5003;3628;6.559;3.386;2026-01-16T23:31:31.398619+00:00;P0;29.00
4854;DHT22;3628;6.559;3.386;2026-01-16T23:31:48.868776+00:00;humidity;87.30
4854;DHT22;3628;6.559;3.386;2026-01-16T23:31:48.868776+00:00;temperature;31.40
4853;pms5003;3628;6.559;3.386;2026-01-16T23:37:06.008298+00:00;P2;49.00
4853;pms5003;3628;6.559;3.386;2026-01-16T23:37:06.008298+00:00;P1;66.75
4853;pms5003;3628;6.559;3.386;2026-01-16T23:37:06.008298+00:00;P0;31.00
4854;DHT22;3628;6.559;3.386;2026-01-16T23:37:23.372951+00:00;humidity;87.60
4854;DHT22;3628;6.559;3.386;2026-01-16T23:37:23.372951+00:00;temperature;31.30
4853;pms5003;3628;6.559;3.386;2026-01-16T23:42:40.534792+00:00;P2;51.33
4853;pms5003;3628;6.559;3.386;2026-01-16T23:42:40.534792+00:00;P1;70.00
4853;pms5003;3628;6.559;3.386;2026-01-16T23:42:40.534792+00:00;P0;32.00
4854;DHT22;3628;6.559;3.386;2026-01-16T23:42:57.874018+00:00;humidity;87.50
4854;DHT22;3628;6.559;3.386;2026-01-16T23:42:57.874018+00:00;temperature;31.30
4853;pms5003;3628;6.559;3.386;2026-01-16T23:48:15.053163+00:00;P2;52.00
4853;pms5003;3628;6.559;3.386;2026-01-16T23:48:15.053163+00:00;P1;72.40
4853;pms5003;3628;6.559;3.386;2026-01-16T23:48:15.053163+00:00;P0;33.40
4854;DHT22;3628;6.559;3.386;2026-01-16T23:48:32.381652+00:00;humidity;87.50
4854;DHT22;3628;6.559;3.386;2026-01-16T23:48:32.381652+00:00;temperature;31.30
4853;pms5003;3628;6.559;3.386;2026-01-16T23:53:49.552330+00:00;P2;56.67
4853;pms5003;3628;6.559;3.386;2026-01-16T23:53:49.552330+00:00;P1;78.33
4853;pms5003;3628;6.559;3.386;2026-01-16T23:53:49.552330+00:00;P0;34.00
4854;DHT22;3628;6.559;3.386;2026-01-16T23:54:06.922324+00:00;humidity;87.80
4854;DHT22;3628;6.559;3.386;2026-01-16T23:54:06.922324+00:00;temperature;31.30
4854;DHT22;3628;6.559;3.386;2026-01-16T23:59:30.658093+00:00;humidity;88.00
4854;DHT22;3628;6.559;3.386;2026-01-16T23:59:30.658093+00:00;temperature;31.20
4854;DHT22;3628;6.559;3.386;2026-01-17T00:04:54.779391+00:00;humidity;87.60
4854;DHT22;3628;6.559;3.386;2026-01-17T00:04:54.779391+00:00;temperature;31.30
4853;pms5003;3628;6.559;3.386;2026-01-17T00:10:11.939571+00:00;P2;89.25
4853;pms5003;3628;6.559;3.386;2026-01-17T00:10:11.939571+00:00;P1;109.50
4853;pms5003;3628;6.559;3.386;2026-01-17T00:10:11.939571+00:00;P0;48.50
4854;DHT22;3628;6.559;3.386;2026-01-17T00:10:29.281736+00:00;humidity;87.80
4854;DHT22;3628;6.559;3.386;2026-01-17T00:10:29.281736+00:00;temperature;31.30
4853;pms5003;3628;6.559;3.386;2026-01-17T00:15:46.459439+00:00;P2;75.33
4853;pms5003;3628;6.559;3.386;2026-01-17T00:15:46.459439+00:00;P1;94.00
4853;pms5003;3628;6.559;3.386;2026-01-17T00:15:46.459439+00:00;P0;43.33
4854;DHT22;3628;6.559;3.386;2026-01-17T00:16:03.803573+00:00;humidity;87.80
4854;DHT22;3628;6.559;3.386;2026-01-17T00:16:03.803573+00:00;temperature;31.30
4853;pms5003;3628;6.559;3.386;2026-01-17T00:21:20.998547+00:00;P2;86.75
4853;pms5003;3628;6.559;3.386;2026-01-17T00:21:20.998547+00:00;P1;105.25
4853;pms5003;3628;6.559;3.386;2026-01-17T00:21:20.998547+00:00;P0;52.50
4854;DHT22;3628;6.559;3.386;2026-01-17T00:21:38.346966+00:00;humidity;87.80
4854;DHT22;3628;6.559;3.386;2026-01-17T00:21:38.346966+00:00;temperature;31.20
4853;pms5003;3628;6.559;3.386;2026-01-17T00:26:55.495972+00:00;P2;80.25
4853;pms5003;3628;6.559;3.386;2026-01-17T00:26:55.495972+00:00;P1;103.00
4853;pms5003;3628;6.559;3.386;2026-01-17T00:26:55.495972+00:00;P0;49.75
4853;pms5003;3628;6.559;3.386;2026-01-17T00:32:19.295031+00:00;P2;83.25
4853;pms5003;3628;6.559;3.386;2026-01-17T00:32:19.295031+00:00;P1;98.50
4853;pms5003;3628;6.559;3.386;2026-01-17T00:32:19.295031+00:00;P0;47.75
4854;DHT22;3628;6.559;3.386;2026-01-17T00:32:36.627461+00:00;humidity;87.70
4854;DHT22;3628;6.559;3.386;2026-01-17T00:32:36.627461+00:00;temperature;31.20
4853;pms5003;3628;6.559;3.386;2026-01-17T00:37:53.988654+00:00;P2;86.00
4853;pms5003;3628;6.559;3.386;2026-01-17T00:37:53.988654+00:00;P1;105.50
4853;pms5003;3628;6.559;3.386;2026-01-17T00:37:53.988654+00:00;P0;49.00
4854;DHT22;3628;6.559;3.386;2026-01-17T00:38:11.442582+00:00;humidity;87.80
4854;DHT22;3628;6.559;3.386;2026-01-17T00:38:11.442582+00:00;temperature;31.20
4853;pms5003;3628;6.559;3.386;2026-01-17T00:43:28.679860+00:00;P2;82.75
4853;pms5003;3628;6.559;3.386;2026-01-17T00:43:28.679860+00:00;P1;100.00
4853;pms5003;3628;6.559;3.386;2026-01-17T00:43:28.679860+00:00;P0;48.50
4854;DHT22;3628;6.559;3.386;2026-01-17T00:43:45.981941+00:00;humidity;87.70
4854;DHT22;3628;6.559;3.386;2026-01-17T00:43:45.981941+00:00;temperature;31.20
4853;pms5003;3628;6.559;3.386;2026-01-17T00:49:03.181636+00:00;P2;89.00
4853;pms5003;3628;6.559;3.386;2026-01-17T00:49:03.181636+00:00;P1;109.67
4853;pms5003;3628;6.559;3.386;2026-01-17T00:49:03.181636+00:00;P0;49.67
4854;DHT22;3628;6.559;3.386;2026-01-17T00:49:20.476514+00:00;humidity;87.70
4854;DHT22;3628;6.559;3.386;2026-01-17T00:49:20.476514+00:00;temperature;31.20
4853;pms5003;3628;6.559;3.386;2026-01-17T00:54:37.658367+00:00;P2;67.50
4853;pms5003;3628;6.559;3.386;2026-01-17T00:54:37.658367+00:00;P1;84.75
4853;pms5003;3628;6.559;3.386;2026-01-17T00:54:37.658367+00:00;P0;39.00
4853;pms5003;3628;6.559;3.386;2026-01-17T01:00:01.600933+00:00;P2;50.00
4853;pms5003;3628;6.559;3.386;2026-01-17T01:00:01.600933+00:00;P1;69.00
4853;pms5003;3628;6.559;3.386;2026-01-17T01:00:01.600933+00:00;P0;31.50
4853;pms5003;3628;6.559;3.386;2026-01-17T01:05:25.162711+00:00;P2;43.40
4853;pms5003;3628;6.559;3.386;2026-01-17T01:05:25.162711+00:00;P1;57.40
4853;pms5003;3628;6.559;3.386;2026-01-17T01:05:25.162711+00:00;P0;27.40
4854;DHT22;3628;6.559;3.386;2026-01-17T01:05:42.539007+00:00;humidity;88.90
4854;DHT22;3628;6.559;3.386;2026-01-17T01:05:42.539007+00:00;temperature;31.00
4853;pms5003;3628;6.559;3.386;2026-01-17T01:10:59.697292+00:00;P2;47.25
4853;pms5003;3628;6.559;3.386;2026-01-17T01:10:59.697292+00:00;P1;66.50
4853;pms5003;3628;6.559;3.386;2026-01-17T01:10:59.697292+00:00;P0;30.00
4854;DHT22;3628;6.559;3.386;2026-01-17T01:11:17.129727+00:00;humidity;88.50
4854;DHT22;3628;6.559;3.386;2026-01-17T01:11:17.129727+00:00;temperature;31.00
4853;pms5003;3628;6.559;3.386;2026-01-17T01:16:34.301627+00:00;P2;45.50
4853;pms5003;3628;6.559;3.386;2026-01-17T01:16:34.301627+00:00;P1;61.25
4853;pms5003;3628;6.559;3.386;2026-01-17T01:16:34.301627+00:00;P0;28.75
4854;DHT22;3628;6.559;3.386;2026-01-17T01:16:51.703359+00:00;humidity;88.80
4854;DHT22;3628;6.559;3.386;2026-01-17T01:16:51.703359+00:00;temperature;31.00
4853;pms5003;3628;6.559;3.386;2026-01-17T01:22:08.838155+00:00;P2;45.00
4853;pms5003;3628;6.559;3.386;2026-01-17T01:22:08.838155+00:00;P1;57.00
4853;pms5003;3628;6.559;3.386;2026-01-17T01:22:08.838155+00:00;P0;28.25
4854;DHT22;3628;6.559;3.386;2026-01-17T01:22:26.201338+00:00;humidity;88.70
4854;DHT22;3628;6.559;3.386;2026-01-17T01:22:26.201338+00:00;temperature;31.00
4853;pms5003;3628;6.559;3.386;2026-01-17T06:02:33.118750+00:00;P2;60.75
4853;pms5003;3628;6.559;3.386;2026-01-17T06:02:33.118750+00:00;P1;76.25
4853;pms5003;3628;6.559;3.386;2026-01-17T06:02:33.118750+00:00;P0;39.25
4854;DHT22;3628;6.559;3.386;2026-01-17T06:02:50.468441+00:00;humidity;100.00
4854;DHT22;3628;6.559;3.386;2026-01-17T06:02:50.468441+00:00;temperature;29.20
4853;pms5003;3628;6.559;3.386;2026-01-17T06:08:07.686094+00:00;P2;61.00
4853;pms5003;3628;6.559;3.386;2026-01-17T06:08:07.686094+00:00;P1;77.00
4853;pms5003;3628;6.559;3.386;2026-01-17T06:08:07.686094+00:00;P0;39.00
4854;DHT22;3628;6.559;3.386;2026-01-17T06:08:25.033359+00:00;humidity;97.20
4854;DHT22;3628;6.559;3.386;2026-01-17T06:08:25.033359+00:00;temperature;30.10
4853;pms5003;3628;6.559;3.386;2026-01-17T06:13:42.239148+00:00;P2;58.20
4853;pms5003;3628;6.559;3.386;2026-01-17T06:13:42.239148+00:00;P1;76.60
4853;pms5003;3628;6.559;3.386;2026-01-17T06:13:42.239148+00:00;P0;36.00
4854;DHT22;3628;6.559;3.386;2026-01-17T06:13:59.595315+00:00;humidity;96.40
4854;DHT22;3628;6.559;3.386;2026-01-17T06:13:59.595315+00:00;temperature;30.10
4853;pms5003;3628;6.559;3.386;2026-01-17T10:05:29.457584+00:00;P2;46.00
4853;pms5003;3628;6.559;3.386;2026-01-17T10:05:29.457584+00:00;P1;62.00
4853;pms5003;3628;6.559;3.386;2026-01-17T10:05:29.457584+00:00;P0;30.00
4854;DHT22;3628;6.559;3.386;2026-01-17T10:05:46.879637+00:00;humidity;81.70
4854;DHT22;3628;6.559;3.386;2026-01-17T10:05:46.879637+00:00;temperature;32.50
4854;DHT22;3628;6.559;3.386;2026-01-17T10:11:21.044756+00:00;humidity;73.40
4854;DHT22;3628;6.559;3.386;2026-01-17T10:11:21.044756+00:00;temperature;35.90
4853;pms5003;3628;6.559;3.386;2026-01-17T10:16:38.616735+00:00;P2;46.00
4853;pms5003;3628;6.559;3.386;2026-01-17T10:16:38.616735+00:00;P1;63.40
4853;pms5003;3628;6.559;3.386;2026-01-17T10:16:38.616735+00:00;P0;30.00
4854;DHT22;3628;6.559;3.386;2026-01-17T10:16:56.234610+00:00;humidity;69.70
4854;DHT22;3628;6.559;3.386;2026-01-17T10:16:56.234610+00:00;temperature;37.00
4854;DHT22;3628;6.559;3.386;2026-01-17T11:18:49.465225+00:00;P2;49.25
4854;DHT22;3628;6.559;3.386;2026-01-17T11:18:49.465225+00:00;P1;68.50
4854;DHT22;3628;6.559;3.386;2026-01-17T11:18:49.465225+00:00;P0;32.50
4853;pms5003;3628;6.559;3.386;2026-01-17T11:52:02.367343+00:00;P2;46.75
4853;pms5003;3628;6.559;3.386;2026-01-17T11:52:02.367343+00:00;P1;64.25
4853;pms5003;3628;6.559;3.386;2026-01-17T11:52:02.367343+00:00;P0;30.75
4854;DHT22;3628;6.559;3.386;2026-01-17T12:04:59.692237+00:00;humidity;65.20
4854;DHT22;3628;6.559;3.386;2026-01-17T12:04:59.692237+00:00;temperature;35.30
4853;pms5003;3628;6.559;3.386;2026-01-17T12:10:16.903796+00:00;P2;43.00
4853;pms5003;3628;6.559;3.386;2026-01-17T12:10:16.903796+00:00;P1;56.00
4853;pms5003;3628;6.559;3.386;2026-01-17T12:10:16.903796+00:00;P0;29.00
4854;DHT22;3628;6.559;3.386;2026-01-17T12:10:34.358193+00:00;humidity;65.00
4854;DHT22;3628;6.559;3.386;2026-01-17T12:10:34.358193+00:00;temperature;35.50
4853;pms5003;3628;6.559;3.386;2026-01-17T12:15:51.480071+00:00;P2;44.00
4853;pms5003;3628;6.559;3.386;2026-01-17T12:15:51.480071+00:00;P1;58.80
4853;pms5003;3628;6.559;3.386;2026-01-17T12:15:51.480071+00:00;P0;30.00
4854;DHT22;3628;6.559;3.386;2026-01-17T12:16:08.865315+00:00;humidity;62.80
4854;DHT22;3628;6.559;3.386;2026-01-17T12:16:08.865315+00:00;temperature;36.10
4853;pms5003;3628;6.559;3.386;2026-01-17T12:21:26.060894+00:00;P2;42.75
4853;pms5003;3628;6.559;3.386;2026-01-17T12:21:26.060894+00:00;P1;60.00
4853;pms5003;3628;6.559;3.386;2026-01-17T12:21:26.060894+00:00;P0;27.75
4853;pms5003;3628;6.559;3.386;2026-01-17T12:31:26.743166+00:00;P2;44.25
4853;pms5003;3628;6.559;3.386;2026-01-17T12:31:26.743166+00:00;P1;63.25
4853;pms5003;3628;6.559;3.386;2026-01-17T12:31:26.743166+00:00;P0;29.00
4853;pms5003;3628;6.559;3.386;2026-01-17T12:36:50.720546+00:00;P2;44.40
4853;pms5003;3628;6.559;3.386;2026-01-17T12:36:50.720546+00:00;P1;61.40
4853;pms5003;3628;6.559;3.386;2026-01-17T12:36:50.720546+00:00;P0;27.40
4853;pms5003;3628;6.559;3.386;2026-01-17T12:47:30.953829+00:00;P2;43.50
4853;pms5003;3628;6.559;3.386;2026-01-17T12:47:30.953829+00:00;P1;62.25
4853;pms5003;3628;6.559;3.386;2026-01-17T12:47:30.953829+00:00;P0;29.00
4854;DHT22;3628;6.559;3.386;2026-01-17T12:47:48.327239+00:00;humidity;58.70
4854;DHT22;3628;6.559;3.386;2026-01-17T12:47:48.327239+00:00;temperature;38.30
4853;pms5003;3628;6.559;3.386;2026-01-17T12:53:05.489691+00:00;P2;42.40
4853;pms5003;3628;6.559;3.386;2026-01-17T12:53:05.489691+00:00;P1;63.20
4853;pms5003;3628;6.559;3.386;2026-01-17T12:53:05.489691+00:00;P0;27.20
4854;DHT22;3628;6.559;3.386;2026-01-17T12:53:22.826804+00:00;humidity;59.10
4854;DHT22;3628;6.559;3.386;2026-01-17T12:53:22.826804+00:00;temperature;38.00
4854;DHT22;3628;6.559;3.386;2026-01-17T12:58:46.748285+00:00;humidity;57.90
4854;DHT22;3628;6.559;3.386;2026-01-17T12:58:46.748285+00:00;temperature;38.60
4853;pms5003;3628;6.559;3.386;2026-01-17T13:04:04.163967+00:00;P2;44.80
4853;pms5003;3628;6.559;3.386;2026-01-17T13:04:04.163967+00:00;P1;66.60
4853;pms5003;3628;6.559;3.386;2026-01-17T13:04:04.163967+00:00;P0;29.40
4854;DHT22;3628;6.559;3.386;2026-01-17T13:09:56.241856+00:00;humidity;59.80
4854;DHT22;3628;6.559;3.386;2026-01-17T13:09:56.241856+00:00;temperature;37.60
4853;pms5003;3628;6.559;3.386;2026-01-17T13:15:13.487864+00:00;P2;47.00
4853;pms5003;3628;6.559;3.386;2026-01-17T13:15:13.487864+00:00;P1;62.00
4853;pms5003;3628;6.559;3.386;2026-01-17T13:15:13.487864+00:00;P0;30.00
4853;pms5003;3628;6.559;3.386;2026-01-17T13:20:37.268492+00:00;P2;44.80
4853;pms5003;3628;6.559;3.386;2026-01-17T13:20:37.268492+00:00;P1;64.20
4853;pms5003;3628;6.559;3.386;2026-01-17T13:20:37.268492+00:00;P0;29.20
4854;DHT22;3628;6.559;3.386;2026-01-17T13:20:54.716359+00:00;humidity;58.70
4854;DHT22;3628;6.559;3.386;2026-01-17T13:20:54.716359+00:00;temperature;38.20
4853;pms5003;3628;6.559;3.386;2026-01-17T13:31:36.191980+00:00;P2;42.33
4853;pms5003;3628;6.559;3.386;2026-01-17T13:31:36.191980+00:00;P1;55.67
4853;pms5003;3628;6.559;3.386;2026-01-17T13:31:36.191980+00:00;P0;28.00
4853;pms5003;3628;6.559;3.386;2026-01-17T13:36:59.973222+00:00;P2;44.00
4853;pms5003;3628;6.559;3.386;2026-01-17T13:36:59.973222+00:00;P1;61.75
4853;pms5003;3628;6.559;3.386;2026-01-17T13:36:59.973222+00:00;P0;29.00
4853;pms5003;3628;6.559;3.386;2026-01-17T13:47:37.757194+00:00;P2;44.00
4853;pms5003;3628;6.559;3.386;2026-01-17T13:47:37.757194+00:00;P1;66.50
4853;pms5003;3628;6.559;3.386;2026-01-17T13:47:37.757194+00:00;P0;28.00
4854;DHT22;3628;6.559;3.386;2026-01-17T13:47:55.213790+00:00;humidity;56.20
4854;DHT22;3628;6.559;3.386;2026-01-17T13:47:55.213790+00:00;temperature;39.20
4853;pms5003;3628;6.559;3.386;2026-01-17T13:53:12.451952+00:00;P2;45.00
4853;pms5003;3628;6.559;3.386;2026-01-17T13:53:12.451952+00:00;P1;61.00
4853;pms5003;3628;6.559;3.386;2026-01-17T13:53:12.451952+00:00;P0;29.00
4854;DHT22;3628;6.559;3.386;2026-01-17T13:53:29.812369+00:00;humidity;56.50
4854;DHT22;3628;6.559;3.386;2026-01-17T13:53:29.812369+00:00;temperature;38.90
4854;DHT22;3628;6.559;3.386;2026-01-17T14:05:22.681942+00:00;humidity;55.90
4854;DHT22;3628;6.559;3.386;2026-01-17T14:05:22.681942+00:00;temperature;39.60
4854;DHT22;3628;6.559;3.386;2026-01-17T14:14:47.936832+00:00;humidity;55.70
4854;DHT22;3628;6.559;3.386;2026-01-17T14:14:47.936832+00:00;temperature;39.40
4853;pms5003;3628;6.559;3.386;2026-01-17T14:27:00.617647+00:00;P2;45.25
4853;pms5003;3628;6.559;3.386;2026-01-17T14:27:00.617647+00:00;P1;65.75
4853;pms5003;3628;6.559;3.386;2026-01-17T14:27:00.617647+00:00;P0;29.00
4854;DHT22;3628;6.559;3.386;2026-01-17T14:30:49.009837+00:00;humidity;54.90
4854;DHT22;3628;6.559;3.386;2026-01-17T14:30:49.009837+00:00;temperature;39.60
4853;pms5003;3628;6.559;3.386;2026-01-17T14:36:06.280161+00:00;P2;43.00
4853;pms5003;3628;6.559;3.386;2026-01-17T14:36:06.280161+00:00;P1;64.75
4853;pms5003;3628;6.559;3.386;2026-01-17T14:36:06.280161+00:00;P0;28.00
4854;DHT22;3628;6.559;3.386;2026-01-17T14:36:23.661412+00:00;humidity;55.10
4854;DHT22;3628;6.559;3.386;2026-01-17T14:36:23.661412+00:00;temperature;39.50
4854;DHT22;3628;6.559;3.386;2026-01-17T14:41:47.449905+00:00;humidity;56.20
4854;DHT22;3628;6.559;3.386;2026-01-17T14:41:47.449905+00:00;temperature;38.80
4853;pms5003;3628;6.559;3.386;2026-01-17T14:47:04.645740+00:00;P2;43.40
4853;pms5003;3628;6.559;3.386;2026-01-17T14:47:04.645740+00:00;P1;63.20
4853;pms5003;3628;6.559;3.386;2026-01-17T14:47:04.645740+00:00;P0;28.00
4854;DHT22;3628;6.559;3.386;2026-01-17T14:47:22.034024+00:00;humidity;58.20
4854;DHT22;3628;6.559;3.386;2026-01-17T14:47:22.034024+00:00;temperature;37.70
4853;pms5003;3628;6.559;3.386;2026-01-17T14:52:39.240317+00:00;P2;45.75
4853;pms5003;3628;6.559;3.386;2026-01-17T14:52:39.240317+00:00;P1;64.75
4853;pms5003;3628;6.559;3.386;2026-01-17T14:52:39.240317+00:00;P0;27.75
4854;DHT22;3628;6.559;3.386;2026-01-17T14:52:56.626727+00:00;humidity;60.90
4854;DHT22;3628;6.559;3.386;2026-01-17T14:52:56.626727+00:00;temperature;36.70
4854;DHT22;3628;6.559;3.386;2026-01-17T15:03:44.834563+00:00;humidity;62.40
4854;DHT22;3628;6.559;3.386;2026-01-17T15:03:44.834563+00:00;temperature;35.90
4853;pms5003;3628;6.559;3.386;2026-01-17T15:09:02.038575+00:00;P2;46.00
4853;pms5003;3628;6.559;3.386;2026-01-17T15:09:02.038575+00:00;P1;63.20
4853;pms5003;3628;6.559;3.386;2026-01-17T15:09:02.038575+00:00;P0;29.00
4854;DHT22;3628;6.559;3.386;2026-01-17T15:09:19.397791+00:00;humidity;62.60
4854;DHT22;3628;6.559;3.386;2026-01-17T15:09:19.397791+00:00;temperature;35.80
4853;pms5003;3628;6.559;3.386;2026-01-17T15:14:36.710629+00:00;P2;45.00
4853;pms5003;3628;6.559;3.386;2026-01-17T15:14:36.710629+00:00;P1;62.00
4853;pms5003;3628;6.559;3.386;2026-01-17T15:14:36.710629+00:00;P0;28.00
4854;DHT22;3628;6.559;3.386;2026-01-17T15:14:54.042925+00:00;humidity;63.00
4854;DHT22;3628;6.559;3.386;2026-01-17T15:14:54.042925+00:00;temperature;35.60
4853;pms5003;3628;6.559;3.386;2026-01-17T15:25:24.397245+00:00;P2;50.50
4853;pms5003;3628;6.559;3.386;2026-01-17T15:25:24.397245+00:00;P1;72.00
4853;pms5003;3628;6.559;3.386;2026-01-17T15:25:24.397245+00:00;P0;32.00
4854;DHT22;3628;6.559;3.386;2026-01-17T15:31:08.398162+00:00;humidity;62.60
4854;DHT22;3628;6.559;3.386;2026-01-17T15:31:08.398162+00:00;temperature;35.60
4853;pms5003;3628;6.559;3.386;2026-01-17T15:36:25.411629+00:00;P2;49.00
4853;pms5003;3628;6.559;3.386;2026-01-17T15:36:25.411629+00:00;P1;67.00
4853;pms5003;3628;6.559;3.386;2026-01-17T15:36:25.411629+00:00;P0;31.00
4854;DHT22;3628;6.559;3.386;2026-01-17T15:47:20.810910+00:00;humidity;62.00
4854;DHT22;3628;6.559;3.386;2026-01-17T15:47:20.810910+00:00;temperature;35.40
4853;pms5003;3628;6.559;3.386;2026-01-17T15:52:38.016894+00:00;P2;52.50
4853;pms5003;3628;6.559;3.386;2026-01-17T15:52:38.016894+00:00;P1;69.75
4853;pms5003;3628;6.559;3.386;2026-01-17T15:52:38.016894+00:00;P0;32.00
4854;DHT22;3628;6.559;3.386;2026-01-17T15:52:55.497425+00:00;humidity;61.50
4854;DHT22;3628;6.559;3.386;2026-01-17T15:52:55.497425+00:00;temperature;35.40
4853;pms5003;3628;6.559;3.386;2026-01-17T15:58:12.747030+00:00;P2;50.50
4853;pms5003;3628;6.559;3.386;2026-01-17T15:58:12.747030+00:00;P1;70.00
4853;pms5003;3628;6.559;3.386;2026-01-17T15:58:12.747030+00:00;P0;32.00
4853;pms5003;3628;6.559;3.386;2026-01-17T16:08:52.740517+00:00;P2;52.00
4853;pms5003;3628;6.559;3.386;2026-01-17T16:08:52.740517+00:00;P1;74.25
4853;pms5003;3628;6.559;3.386;2026-01-17T16:08:52.740517+00:00;P0;33.00
4854;DHT22;3628;6.559;3.386;2026-01-17T16:09:10.239715+00:00;humidity;62.30
4854;DHT22;3628;6.559;3.386;2026-01-17T16:09:10.239715+00:00;temperature;34.70
4853;pms5003;3628;6.559;3.386;2026-01-17T16:14:27.563677+00:00;P2;51.25
4853;pms5003;3628;6.559;3.386;2026-01-17T16:14:27.563677+00:00;P1;70.50
4853;pms5003;3628;6.559;3.386;2026-01-17T16:14:27.563677+00:00;P0;32.25
4853;pms5003;3628;6.559;3.386;2026-01-17T16:59:02.190326+00:00;P2;50.60
4853;pms5003;3628;6.559;3.386;2026-01-17T16:59:02.190326+00:00;P1;72.00
4853;pms5003;3628;6.559;3.386;2026-01-17T16:59:02.190326+00:00;P0;32.20
4853;pms5003;3628;6.559;3.386;2026-01-17T17:04:26.059565+00:00;P2;57.50
4853;pms5003;3628;6.559;3.386;2026-01-17T17:04:26.059565+00:00;P1;79.00
4853;pms5003;3628;6.559;3.386;2026-01-17T17:04:26.059565+00:00;P0;34.25
4854;DHT22;3628;6.559;3.386;2026-01-17T17:06:47.641055+00:00;humidity;66.00
4854;DHT22;3628;6.559;3.386;2026-01-17T17:06:47.641055+00:00;temperature;33.30
4853;pms5003;3628;6.559;3.386;2026-01-17T17:10:00.812780+00:00;P2;102.00
4853;pms5003;3628;6.559;3.386;2026-01-17T17:10:00.812780+00:00;P1;126.50
4853;pms5003;3628;6.559;3.386;2026-01-17T17:10:00.812780+00:00;P0;59.75
4854;DHT22;3628;6.559;3.386;2026-01-17T17:10:18.258629+00:00;humidity;66.40
4854;DHT22;3628;6.559;3.386;2026-01-17T17:10:18.258629+00:00;temperature;33.10
4853;pms5003;3628;6.559;3.386;2026-01-17T17:15:35.509884+00:00;P2;70.20
4853;pms5003;3628;6.559;3.386;2026-01-17T17:15:35.509884+00:00;P1;89.60
4853;pms5003;3628;6.559;3.386;2026-01-17T17:15:35.509884+00:00;P0;42.60
4854;DHT22;3628;6.559;3.386;2026-01-17T17:15:53.106839+00:00;humidity;67.20
4854;DHT22;3628;6.559;3.386;2026-01-17T17:15:53.106839+00:00;temperature;33.00
4853;pms5003;3628;6.559;3.386;2026-01-17T17:23:10.676066+00:00;P2;73.50
4853;pms5003;3628;6.559;3.386;2026-01-17T17:23:10.676066+00:00;P1;93.50
4853;pms5003;3628;6.559;3.386;2026-01-17T17:23:10.676066+00:00;P0;43.75
4853;pms5003;3628;6.559;3.386;2026-01-17T17:58:21.894644+00:00;P2;62.00
4853;pms5003;3628;6.559;3.386;2026-01-17T17:58:21.894644+00:00;P1;79.00
4853;pms5003;3628;6.559;3.386;2026-01-17T17:58:21.894644+00:00;P0;41.00
4854;DHT22;3628;6.559;3.386;2026-01-17T17:58:39.179944+00:00;humidity;65.70
4854;DHT22;3628;6.559;3.386;2026-01-17T17:58:39.179944+00:00;temperature;32.60
4853;pms5003;3628;6.559;3.386;2026-01-17T18:20:12.658906+00:00;P2;90.75
4853;pms5003;3628;6.559;3.386;2026-01-17T18:20:12.658906+00:00;P1;120.75
4853;pms5003;3628;6.559;3.386;2026-01-17T18:20:12.658906+00:00;P0;53.25
4853;pms5003;3628;6.559;3.386;2026-01-17T18:36:14.435920+00:00;P2;59.50
4853;pms5003;3628;6.559;3.386;2026-01-17T18:36:14.435920+00:00;P1;75.25
4853;pms5003;3628;6.559;3.386;2026-01-17T18:36:14.435920+00:00;P0;37.00
4854;DHT22;3628;6.559;3.386;2026-01-17T18:41:55.753939+00:00;humidity;67.60
4854;DHT22;3628;6.559;3.386;2026-01-17T18:41:55.753939+00:00;temperature;32.20
4853;pms5003;3628;6.559;3.386;2026-01-17T18:47:12.944476+00:00;P2;49.25
4853;pms5003;3628;6.559;3.386;2026-01-17T18:47:12.944476+00:00;P1;67.75
4853;pms5003;3628;6.559;3.386;2026-01-17T18:47:12.944476+00:00;P0;32.00
4854;DHT22;3628;6.559;3.386;2026-01-17T18:47:30.266156+00:00;humidity;68.10
4854;DHT22;3628;6.559;3.386;2026-01-17T18:47:30.266156+00:00;temperature;32.00
4853;pms5003;3628;6.559;3.386;2026-01-17T18:52:47.442674+00:00;P2;48.50
4853;pms5003;3628;6.559;3.386;2026-01-17T18:52:47.442674+00:00;P1;68.25
4853;pms5003;3628;6.559;3.386;2026-01-17T18:52:47.442674+00:00;P0;32.00
4854;DHT22;3628;6.559;3.386;2026-01-17T18:53:04.818773+00:00;humidity;68.70
4854;DHT22;3628;6.559;3.386;2026-01-17T18:53:04.818773+00:00;temperature;31.90
4853;pms5003;3628;6.559;3.386;2026-01-17T19:03:45.966013+00:00;P2;49.50
4853;pms5003;3628;6.559;3.386;2026-01-17T19:03:45.966013+00:00;P1;68.25
4853;pms5003;3628;6.559;3.386;2026-01-17T19:03:45.966013+00:00;P0;33.00
4854;DHT22;3628;6.559;3.386;2026-01-17T19:04:03.359768+00:00;humidity;70.70
4854;DHT22;3628;6.559;3.386;2026-01-17T19:04:03.359768+00:00;temperature;31.80
4853;pms5003;3628;6.559;3.386;2026-01-17T19:09:20.586573+00:00;P2;51.00
4853;pms5003;3628;6.559;3.386;2026-01-17T19:09:20.586573+00:00;P1;70.50
4853;pms5003;3628;6.559;3.386;2026-01-17T19:09:20.586573+00:00;P0;33.00
4853;pms5003;3628;6.559;3.386;2026-01-17T19:15:49.820718+00:00;P2;49.00
4853;pms5003;3628;6.559;3.386;2026-01-17T19:15:49.820718+00:00;P1;62.00
4853;pms5003;3628;6.559;3.386;2026-01-17T19:15:49.820718+00:00;P0;32.25
4853;pms5003;3628;6.559;3.386;2026-01-17T19:20:08.659559+00:00;P2;49.25
4853;pms5003;3628;6.559;3.386;2026-01-17T19:20:08.659559+00:00;P1;68.25
4853;pms5003;3628;6.559;3.386;2026-01-17T19:20:08.659559+00:00;P0;32.00
4854;DHT22;3628;6.559;3.386;2026-01-17T19:20:26.004917+00:00;humidity;73.70
4854;DHT22;3628;6.559;3.386;2026-01-17T19:20:26.004917+00:00;temperature;31.60
4853;pms5003;3628;6.559;3.386;2026-01-17T19:25:43.149634+00:00;P2;52.00
4853;pms5003;3628;6.559;3.386;2026-01-17T19:25:43.149634+00:00;P1;68.00
4853;pms5003;3628;6.559;3.386;2026-01-17T19:25:43.149634+00:00;P0;34.00
4854;DHT22;3628;6.559;3.386;2026-01-17T19:26:00.503576+00:00;humidity;74.70
4854;DHT22;3628;6.559;3.386;2026-01-17T19:26:00.503576+00:00;temperature;31.40
4854;DHT22;3628;6.559;3.386;2026-01-17T20:13:37.683416+00:00;humidity;76.10
4854;DHT22;3628;6.559;3.386;2026-01-17T20:13:37.683416+00:00;temperature;31.30
4853;pms5003;3628;6.559;3.386;2026-01-17T20:20:09.537283+00:00;P2;50.00
4853;pms5003;3628;6.559;3.386;2026-01-17T20:20:09.537283+00:00;P1;68.50
4853;pms5003;3628;6.559;3.386;2026-01-17T20:20:09.537283+00:00;P0;33.00
4853;pms5003;3628;6.559;3.386;2026-01-17T20:24:22.728797+00:00;P2;48.75
4853;pms5003;3628;6.559;3.386;2026-01-17T20:24:22.728797+00:00;P1;66.00
4853;pms5003;3628;6.559;3.386;2026-01-17T20:24:22.728797+00:00;P0;32.25
4854;DHT22;3628;6.559;3.386;2026-01-17T20:24:40.099296+00:00;humidity;75.90
4854;DHT22;3628;6.559;3.386;2026-01-17T20:24:40.099296+00:00;temperature;31.30
4854;DHT22;3628;6.559;3.386;2026-01-17T20:30:20.127776+00:00;humidity;76.00
4854;DHT22;3628;6.559;3.386;2026-01-17T20:30:20.127776+00:00;temperature;31.40
4853;pms5003;3628;6.559;3.386;2026-01-17T20:35:34.531599+00:00;P2;54.67
4853;pms5003;3628;6.559;3.386;2026-01-17T20:35:34.531599+00:00;P1;71.33
4853;pms5003;3628;6.559;3.386;2026-01-17T20:35:34.531599+00:00;P0;35.00
4854;DHT22;3628;6.559;3.386;2026-01-17T20:35:54.373952+00:00;humidity;76.20
4854;DHT22;3628;6.559;3.386;2026-01-17T20:35:54.373952+00:00;temperature;31.40
4853;pms5003;3628;6.559;3.386;2026-01-17T20:41:16.661731+00:00;P2;52.75
4853;pms5003;3628;6.559;3.386;2026-01-17T20:41:16.661731+00:00;P1;68.75
4853;pms5003;3628;6.559;3.386;2026-01-17T20:41:16.661731+00:00;P0;34.00
4853;pms5003;3628;6.559;3.386;2026-01-17T20:47:43.876658+00:00;P2;53.50
4853;pms5003;3628;6.559;3.386;2026-01-17T20:47:43.876658+00:00;P1;74.00
4853;pms5003;3628;6.559;3.386;2026-01-17T20:47:43.876658+00:00;P0;37.00
4853;pms5003;3628;6.559;3.386;2026-01-17T20:52:02.176356+00:00;P2;64.50
4853;pms5003;3628;6.559;3.386;2026-01-17T20:52:02.176356+00:00;P1;83.00
4853;pms5003;3628;6.559;3.386;2026-01-17T20:52:02.176356+00:00;P0;44.00
4854;DHT22;3628;6.559;3.386;2026-01-17T20:52:19.497412+00:00;humidity;78.20
4854;DHT22;3628;6.559;3.386;2026-01-17T20:52:19.497412+00:00;temperature;31.20
4853;pms5003;3628;6.559;3.386;2026-01-18T06:00:28.534762+00:00;P2;53.60
4853;pms5003;3628;6.559;3.386;2026-01-18T06:00:28.534762+00:00;P1;74.00
4853;pms5003;3628;6.559;3.386;2026-01-18T06:00:28.534762+00:00;P0;34.00
4854;DHT22;3628;6.559;3.386;2026-01-18T10:15:57.523114+00:00;humidity;74.80
4854;DHT22;3628;6.559;3.386;2026-01-18T10:15:57.523114+00:00;temperature;34.60
4853;pms5003;3628;6.559;3.386;2026-01-18T10:21:14.818078+00:00;P2;44.00
4853;pms5003;3628;6.559;3.386;2026-01-18T10:21:14.818078+00:00;P1;62.33
4853;pms5003;3628;6.559;3.386;2026-01-18T10:21:14.818078+00:00;P0;28.33
4854;DHT22;3628;6.559;3.386;2026-01-18T10:21:32.520329+00:00;humidity;68.80
4854;DHT22;3628;6.559;3.386;2026-01-18T10:21:32.520329+00:00;temperature;37.20
4854;DHT22;3628;6.559;3.386;2026-01-18T10:37:26.169977+00:00;humidity;66.60
4854;DHT22;3628;6.559;3.386;2026-01-18T10:37:26.169977+00:00;temperature;37.40
4853;pms5003;3628;6.559;3.386;2026-01-18T10:42:43.334449+00:00;P2;49.25
4853;pms5003;3628;6.559;3.386;2026-01-18T10:42:43.334449+00:00;P1;67.75
4853;pms5003;3628;6.559;3.386;2026-01-18T10:42:43.334449+00:00;P0;33.00
4854;DHT22;3628;6.559;3.386;2026-01-18T10:43:00.748613+00:00;humidity;65.50
4854;DHT22;3628;6.559;3.386;2026-01-18T10:43:00.748613+00:00;temperature;37.60
4853;pms5003;3628;6.559;3.386;2026-01-18T10:48:17.913159+00:00;P2;44.00
4853;pms5003;3628;6.559;3.386;2026-01-18T10:48:17.913159+00:00;P1;60.60
4853;pms5003;3628;6.559;3.386;2026-01-18T10:48:17.913159+00:00;P0;28.80
4854;DHT22;3628;6.559;3.386;2026-01-18T10:48:35.220710+00:00;humidity;64.90
4854;DHT22;3628;6.559;3.386;2026-01-18T10:48:35.220710+00:00;temperature;37.50
4853;pms5003;3628;6.559;3.386;2026-01-18T10:59:06.311096+00:00;P2;47.25
4853;pms5003;3628;6.559;3.386;2026-01-18T10:59:06.311096+00:00;P1;69.75
4853;pms5003;3628;6.559;3.386;2026-01-18T10:59:06.311096+00:00;P0;31.00
4854;DHT22;3628;6.559;3.386;2026-01-18T10:59:23.674916+00:00;humidity;64.80
4854;DHT22;3628;6.559;3.386;2026-01-18T10:59:23.674916+00:00;temperature;37.20
4854;DHT22;3628;6.559;3.386;2026-01-18T11:10:40.456402+00:00;humidity;62.00
4854;DHT22;3628;6.559;3.386;2026-01-18T11:10:40.456402+00:00;temperature;38.60
4853;pms5003;3628;6.559;3.386;2026-01-18T11:15:57.748543+00:00;P2;50.25
4853;pms5003;3628;6.559;3.386;2026-01-18T11:15:57.748543+00:00;P1;65.50
4853;pms5003;3628;6.559;3.386;2026-01-18T11:15:57.748543+00:00;P0;33.00
4854;DHT22;3628;6.559;3.386;2026-01-18T11:16:15.089987+00:00;humidity;64.20
4854;DHT22;3628;6.559;3.386;2026-01-18T11:16:15.089987+00:00;temperature;37.50
4853;pms5003;3628;6.559;3.386;2026-01-18T11:21:32.247572+00:00;P2;48.00
4853;pms5003;3628;6.559;3.386;2026-01-18T11:21:32.247572+00:00;P1;67.40
4853;pms5003;3628;6.559;3.386;2026-01-18T11:21:32.247572+00:00;P0;32.00
4854;DHT22;3628;6.559;3.386;2026-01-18T11:21:49.591961+00:00;humidity;60.80
4854;DHT22;3628;6.559;3.386;2026-01-18T11:21:49.591961+00:00;temperature;38.50
4854;DHT22;3628;6.559;3.386;2026-01-18T11:27:13.342196+00:00;humidity;59.30
4854;DHT22;3628;6.559;3.386;2026-01-18T11:27:13.342196+00:00;temperature;39.20
4853;pms5003;3628;6.559;3.386;2026-01-18T11:32:30.503130+00:00;P2;46.00
4853;pms5003;3628;6.559;3.386;2026-01-18T11:32:30.503130+00:00;P1;62.50
4853;pms5003;3628;6.559;3.386;2026-01-18T11:32:30.503130+00:00;P0;30.00
4854;DHT22;3628;6.559;3.386;2026-01-18T11:38:11.604140+00:00;humidity;61.00
4854;DHT22;3628;6.559;3.386;2026-01-18T11:38:11.604140+00:00;temperature;39.10
4853;pms5003;3628;6.559;3.386;2026-01-18T11:43:28.906315+00:00;P2;44.25
4853;pms5003;3628;6.559;3.386;2026-01-18T11:43:28.906315+00:00;P1;60.25
4853;pms5003;3628;6.559;3.386;2026-01-18T11:43:28.906315+00:00;P0;28.00
4854;DHT22;3628;6.559;3.386;2026-01-18T11:43:46.233745+00:00;humidity;60.10
4854;DHT22;3628;6.559;3.386;2026-01-18T11:43:46.233745+00:00;temperature;39.50
4853;pms5003;3628;6.559;3.386;2026-01-18T11:49:03.389947+00:00;P2;45.00
4853;pms5003;3628;6.559;3.386;2026-01-18T11:49:03.389947+00:00;P1;64.33
4853;pms5003;3628;6.559;3.386;2026-01-18T11:49:03.389947+00:00;P0;29.00
4853;pms5003;3628;6.559;3.386;2026-01-18T12:28:08.075864+00:00;P2;43.00
4853;pms5003;3628;6.559;3.386;2026-01-18T12:28:08.075864+00:00;P1;61.25
4853;pms5003;3628;6.559;3.386;2026-01-18T12:28:08.075864+00:00;P0;27.00
4854;DHT22;3628;6.559;3.386;2026-01-18T12:33:49.506291+00:00;humidity;62.20
4854;DHT22;3628;6.559;3.386;2026-01-18T12:33:49.506291+00:00;temperature;38.10
4854;DHT22;3628;6.559;3.386;2026-01-18T12:39:13.527470+00:00;humidity;62.80
4854;DHT22;3628;6.559;3.386;2026-01-18T12:39:13.527470+00:00;temperature;37.80
4853;pms5003;3628;6.559;3.386;2026-01-18T12:44:30.968431+00:00;P2;42.00
4853;pms5003;3628;6.559;3.386;2026-01-18T12:44:30.968431+00:00;P1;57.00
4853;pms5003;3628;6.559;3.386;2026-01-18T12:44:30.968431+00:00;P0;27.00
4854;DHT22;3628;6.559;3.386;2026-01-18T12:44:48.328644+00:00;humidity;61.40
4854;DHT22;3628;6.559;3.386;2026-01-18T12:44:48.328644+00:00;temperature;38.40
4853;pms5003;3628;6.559;3.386;2026-01-18T12:55:40.402654+00:00;P2;43.50
4853;pms5003;3628;6.559;3.386;2026-01-18T12:55:40.402654+00:00;P1;62.00
4853;pms5003;3628;6.559;3.386;2026-01-18T12:55:40.402654+00:00;P0;27.00
4854;DHT22;3628;6.559;3.386;2026-01-18T13:01:24.690179+00:00;humidity;60.80
4854;DHT22;3628;6.559;3.386;2026-01-18T13:01:24.690179+00:00;temperature;38.60
4854;DHT22;3628;6.559;3.386;2026-01-18T13:06:48.462806+00:00;humidity;60.70
4854;DHT22;3628;6.559;3.386;2026-01-18T13:06:48.462806+00:00;temperature;38.90
4853;pms5003;3628;6.559;3.386;2026-01-18T13:33:02.059288+00:00;P2;44.00
4853;pms5003;3628;6.559;3.386;2026-01-18T13:33:02.059288+00:00;P1;62.00
4853;pms5003;3628;6.559;3.386;2026-01-18T13:33:02.059288+00:00;P0;28.00
4854;DHT22;3628;6.559;3.386;2026-01-18T13:33:21.455373+00:00;humidity;62.00
4854;DHT22;3628;6.559;3.386;2026-01-18T13:33:21.455373+00:00;temperature;37.90
4853;pms5003;3628;6.559;3.386;2026-01-18T13:38:36.621816+00:00;P2;41.40
4853;pms5003;3628;6.559;3.386;2026-01-18T13:38:36.621816+00:00;P1;57.60
4853;pms5003;3628;6.559;3.386;2026-01-18T13:38:36.621816+00:00;P0;26.60
4853;pms5003;3628;6.559;3.386;2026-01-18T13:44:03.255377+00:00;P2;45.25
4853;pms5003;3628;6.559;3.386;2026-01-18T13:44:03.255377+00:00;P1;61.00
4853;pms5003;3628;6.559;3.386;2026-01-18T13:44:03.255377+00:00;P0;28.00
4853;pms5003;3628;6.559;3.386;2026-01-18T13:49:33.309847+00:00;P2;41.50
4853;pms5003;3628;6.559;3.386;2026-01-18T13:49:33.309847+00:00;P1;56.75
4853;pms5003;3628;6.559;3.386;2026-01-18T13:49:33.309847+00:00;P0;26.00
4853;pms5003;3628;6.559;3.386;2026-01-18T13:55:00.251826+00:00;P2;44.75
4853;pms5003;3628;6.559;3.386;2026-01-18T13:55:00.251826+00:00;P1;61.00
4853;pms5003;3628;6.559;3.386;2026-01-18T13:55:00.251826+00:00;P0;28.00
4854;DHT22;3628;6.559;3.386;2026-01-18T13:55:17.588487+00:00;humidity;62.00
4854;DHT22;3628;6.559;3.386;2026-01-18T13:55:17.588487+00:00;temperature;37.80
4853;pms5003;3628;6.559;3.386;2026-01-18T14:05:58.944182+00:00;P2;45.60
4853;pms5003;3628;6.559;3.386;2026-01-18T14:05:58.944182+00:00;P1;63.40
4853;pms5003;3628;6.559;3.386;2026-01-18T14:05:58.944182+00:00;P0;28.60
4854;DHT22;3628;6.559;3.386;2026-01-18T14:06:16.525429+00:00;humidity;61.60
4854;DHT22;3628;6.559;3.386;2026-01-18T14:06:16.525429+00:00;temperature;38.20
4853;pms5003;3628;6.559;3.386;2026-01-18T14:11:36.556985+00:00;P2;39.40
4853;pms5003;3628;6.559;3.386;2026-01-18T14:11:36.556985+00:00;P1;51.80
4853;pms5003;3628;6.559;3.386;2026-01-18T14:11:36.556985+00:00;P0;25.40
4854;DHT22;3628;6.559;3.386;2026-01-18T14:11:56.741000+00:00;humidity;61.20
4854;DHT22;3628;6.559;3.386;2026-01-18T14:11:56.741000+00:00;temperature;38.50
4853;pms5003;3628;6.559;3.386;2026-01-18T14:17:14.040801+00:00;P2;41.25
4853;pms5003;3628;6.559;3.386;2026-01-18T14:17:14.040801+00:00;P1;49.75
4853;pms5003;3628;6.559;3.386;2026-01-18T14:17:14.040801+00:00;P0;26.00
4854;DHT22;3628;6.559;3.386;2026-01-18T14:17:31.382195+00:00;humidity;62.80
4854;DHT22;3628;6.559;3.386;2026-01-18T14:17:31.382195+00:00;temperature;38.10
4853;pms5003;3628;6.559;3.386;2026-01-18T14:22:48.594740+00:00;P2;43.20
4853;pms5003;3628;6.559;3.386;2026-01-18T14:22:48.594740+00:00;P1;60.00
4853;pms5003;3628;6.559;3.386;2026-01-18T14:22:48.594740+00:00;P0;26.20
4854;DHT22;3628;6.559;3.386;2026-01-18T14:23:08.854050+00:00;humidity;63.80
4854;DHT22;3628;6.559;3.386;2026-01-18T14:23:08.854050+00:00;temperature;37.80
4853;pms5003;3628;6.559;3.386;2026-01-18T14:28:23.109654+00:00;P2;43.25
4853;pms5003;3628;6.559;3.386;2026-01-18T14:28:23.109654+00:00;P1;60.25
4853;pms5003;3628;6.559;3.386;2026-01-18T14:28:23.109654+00:00;P0;27.00
4854;DHT22;3628;6.559;3.386;2026-01-18T14:28:40.485317+00:00;humidity;62.90
4854;DHT22;3628;6.559;3.386;2026-01-18T14:28:40.485317+00:00;temperature;38.20
4853;pms5003;3628;6.559;3.386;2026-01-18T14:33:57.642265+00:00;P2;39.00
4853;pms5003;3628;6.559;3.386;2026-01-18T14:33:57.642265+00:00;P1;58.50
4853;pms5003;3628;6.559;3.386;2026-01-18T14:33:57.642265+00:00;P0;25.00
4854;DHT22;3628;6.559;3.386;2026-01-18T14:34:19.920340+00:00;humidity;63.10
4854;DHT22;3628;6.559;3.386;2026-01-18T14:34:19.920340+00:00;temperature;38.10
4853;pms5003;3628;6.559;3.386;2026-01-18T14:39:34.794709+00:00;P2;41.25
4853;pms5003;3628;6.559;3.386;2026-01-18T14:39:34.794709+00:00;P1;60.50
4853;pms5003;3628;6.559;3.386;2026-01-18T14:39:34.794709+00:00;P0;26.50
4854;DHT22;3628;6.559;3.386;2026-01-18T14:39:54.695288+00:00;humidity;62.60
4854;DHT22;3628;6.559;3.386;2026-01-18T14:39:54.695288+00:00;temperature;38.20
4853;pms5003;3628;6.559;3.386;2026-01-18T14:45:11.854155+00:00;P2;42.00
4853;pms5003;3628;6.559;3.386;2026-01-18T14:45:11.854155+00:00;P1;58.00
4853;pms5003;3628;6.559;3.386;2026-01-18T14:45:11.854155+00:00;P0;27.00
4854;DHT22;3628;6.559;3.386;2026-01-18T14:45:29.259659+00:00;humidity;62.10
4854;DHT22;3628;6.559;3.386;2026-01-18T14:45:29.259659+00:00;temperature;38.10
4853;pms5003;3628;6.559;3.386;2026-01-18T14:50:49.391147+00:00;P2;39.75
4853;pms5003;3628;6.559;3.386;2026-01-18T14:50:49.391147+00:00;P1;54.25
4853;pms5003;3628;6.559;3.386;2026-01-18T14:50:49.391147+00:00;P0;26.25
4854;DHT22;3628;6.559;3.386;2026-01-18T14:51:09.411921+00:00;humidity;62.80
4854;DHT22;3628;6.559;3.386;2026-01-18T14:51:09.411921+00:00;temperature;37.40
4853;pms5003;3628;6.559;3.386;2026-01-18T14:56:28.686715+00:00;P2;42.75
4853;pms5003;3628;6.559;3.386;2026-01-18T14:56:28.686715+00:00;P1;60.50
4853;pms5003;3628;6.559;3.386;2026-01-18T14:56:28.686715+00:00;P0;27.25
4853;pms5003;3628;6.559;3.386;2026-01-18T15:01:50.278159+00:00;P2;44.00
4853;pms5003;3628;6.559;3.386;2026-01-18T15:01:50.278159+00:00;P1;62.75
4853;pms5003;3628;6.559;3.386;2026-01-18T15:01:50.278159+00:00;P0;28.50
4854;DHT22;3628;6.559;3.386;2026-01-18T15:02:07.729706+00:00;humidity;62.60
4854;DHT22;3628;6.559;3.386;2026-01-18T15:02:07.729706+00:00;temperature;37.50
4853;pms5003;3628;6.559;3.386;2026-01-18T15:07:27.857896+00:00;P2;41.80
4853;pms5003;3628;6.559;3.386;2026-01-18T15:07:27.857896+00:00;P1;55.80
4853;pms5003;3628;6.559;3.386;2026-01-18T15:07:27.857896+00:00;P0;27.00
4854;DHT22;3628;6.559;3.386;2026-01-18T15:07:45.319100+00:00;humidity;62.70
4854;DHT22;3628;6.559;3.386;2026-01-18T15:07:45.319100+00:00;temperature;37.40
4853;pms5003;3628;6.559;3.386;2026-01-18T15:13:09.588361+00:00;P2;42.00
4853;pms5003;3628;6.559;3.386;2026-01-18T15:13:09.588361+00:00;P1;55.50
4853;pms5003;3628;6.559;3.386;2026-01-18T15:13:09.588361+00:00;P0;26.00
4853;pms5003;3628;6.559;3.386;2026-01-18T15:18:29.164967+00:00;P2;45.00
4853;pms5003;3628;6.559;3.386;2026-01-18T15:18:29.164967+00:00;P1;65.25
4853;pms5003;3628;6.559;3.386;2026-01-18T15:18:29.164967+00:00;P0;29.00
4853;pms5003;3628;6.559;3.386;2026-01-18T15:24:06.486303+00:00;P2;43.00
4853;pms5003;3628;6.559;3.386;2026-01-18T15:24:06.486303+00:00;P1;59.25
4853;pms5003;3628;6.559;3.386;2026-01-18T15:24:06.486303+00:00;P0;28.00
4854;DHT22;3628;6.559;3.386;2026-01-18T15:24:29.273007+00:00;humidity;63.80
4854;DHT22;3628;6.559;3.386;2026-01-18T15:24:29.273007+00:00;temperature;36.80
4854;DHT22;3628;6.559;3.386;2026-01-18T15:29:56.138428+00:00;humidity;64.60
4854;DHT22;3628;6.559;3.386;2026-01-18T15:29:56.138428+00:00;temperature;37.10
4853;pms5003;3628;6.559;3.386;2026-01-18T15:35:13.343410+00:00;P2;45.00
4853;pms5003;3628;6.559;3.386;2026-01-18T15:35:13.343410+00:00;P1;64.00
4853;pms5003;3628;6.559;3.386;2026-01-18T15:35:13.343410+00:00;P0;28.00
4854;DHT22;3628;6.559;3.386;2026-01-18T15:35:33.385741+00:00;humidity;64.20
4854;DHT22;3628;6.559;3.386;2026-01-18T15:35:33.385741+00:00;temperature;37.10
4853;pms5003;3628;6.559;3.386;2026-01-18T15:40:47.897729+00:00;P2;45.75
4853;pms5003;3628;6.559;3.386;2026-01-18T15:40:47.897729+00:00;P1;61.75
4853;pms5003;3628;6.559;3.386;2026-01-18T15:40:47.897729+00:00;P0;29.50
4854;DHT22;3628;6.559;3.386;2026-01-18T15:41:10.784896+00:00;humidity;65.10
4854;DHT22;3628;6.559;3.386;2026-01-18T15:41:10.784896+00:00;temperature;36.90
4854;DHT22;3628;6.559;3.386;2026-01-18T15:46:53.039783+00:00;humidity;65.60
4854;DHT22;3628;6.559;3.386;2026-01-18T15:46:53.039783+00:00;temperature;36.70
4853;pms5003;3628;6.559;3.386;2026-01-18T15:52:08.031082+00:00;P2;40.00
4853;pms5003;3628;6.559;3.386;2026-01-18T15:52:08.031082+00:00;P1;52.00
4853;pms5003;3628;6.559;3.386;2026-01-18T15:52:08.031082+00:00;P0;26.00
4854;DHT22;3628;6.559;3.386;2026-01-18T15:52:27.956563+00:00;humidity;64.40
4854;DHT22;3628;6.559;3.386;2026-01-18T15:52:27.956563+00:00;temperature;36.50
4853;pms5003;3628;6.559;3.386;2026-01-18T15:57:47.884787+00:00;P2;42.00
4853;pms5003;3628;6.559;3.386;2026-01-18T15:57:47.884787+00:00;P1;62.50
4853;pms5003;3628;6.559;3.386;2026-01-18T15:57:47.884787+00:00;P0;26.75
4854;DHT22;3628;6.559;3.386;2026-01-18T15:58:08.106261+00:00;humidity;66.90
4854;DHT22;3628;6.559;3.386;2026-01-18T15:58:08.106261+00:00;temperature;36.30
4854;DHT22;3628;6.559;3.386;2026-01-18T16:03:45.575975+00:00;humidity;66.20
4854;DHT22;3628;6.559;3.386;2026-01-18T16:03:45.575975+00:00;temperature;36.40
4853;pms5003;3628;6.559;3.386;2026-01-18T16:09:05.725116+00:00;P2;42.00
4853;pms5003;3628;6.559;3.386;2026-01-18T16:09:05.725116+00:00;P1;56.50
4853;pms5003;3628;6.559;3.386;2026-01-18T16:09:05.725116+00:00;P0;27.50
4854;DHT22;3628;6.559;3.386;2026-01-18T16:14:47.015989+00:00;humidity;66.60
4854;DHT22;3628;6.559;3.386;2026-01-18T16:14:47.015989+00:00;temperature;36.10
4853;pms5003;3628;6.559;3.386;2026-01-18T16:20:04.198249+00:00;P2;41.25
4853;pms5003;3628;6.559;3.386;2026-01-18T16:20:04.198249+00:00;P1;57.25
4853;pms5003;3628;6.559;3.386;2026-01-18T16:20:04.198249+00:00;P0;27.00
4853;pms5003;3628;6.559;3.386;2026-01-18T16:25:28.111832+00:00;P2;43.00
4853;pms5003;3628;6.559;3.386;2026-01-18T16:25:28.111832+00:00;P1;57.00
4853;pms5003;3628;6.559;3.386;2026-01-18T16:25:28.111832+00:00;P0;27.00
4854;DHT22;3628;6.559;3.386;2026-01-18T16:25:48.359767+00:00;humidity;67.20
4854;DHT22;3628;6.559;3.386;2026-01-18T16:25:48.359767+00:00;temperature;35.50
4853;pms5003;3628;6.559;3.386;2026-01-18T16:31:05.646944+00:00;P2;42.00
4853;pms5003;3628;6.559;3.386;2026-01-18T16:31:05.646944+00:00;P1;56.50
4853;pms5003;3628;6.559;3.386;2026-01-18T16:31:05.646944+00:00;P0;28.00
4853;pms5003;3628;6.559;3.386;2026-01-18T16:36:41.420985+00:00;P2;44.50
4853;pms5003;3628;6.559;3.386;2026-01-18T16:36:41.420985+00:00;P1;62.00
4853;pms5003;3628;6.559;3.386;2026-01-18T16:36:41.420985+00:00;P0;27.75
4854;DHT22;3628;6.559;3.386;2026-01-18T16:36:58.756962+00:00;humidity;69.40
4854;DHT22;3628;6.559;3.386;2026-01-18T16:36:58.756962+00:00;temperature;35.30
4853;pms5003;3628;6.559;3.386;2026-01-18T16:42:18.950206+00:00;P2;42.00
4853;pms5003;3628;6.559;3.386;2026-01-18T16:42:18.950206+00:00;P1;57.75
4853;pms5003;3628;6.559;3.386;2026-01-18T16:42:18.950206+00:00;P0;28.00
4854;DHT22;3628;6.559;3.386;2026-01-18T16:42:36.344927+00:00;humidity;71.20
4854;DHT22;3628;6.559;3.386;2026-01-18T16:42:36.344927+00:00;temperature;35.00
4853;pms5003;3628;6.559;3.386;2026-01-18T16:47:53.581674+00:00;P2;43.67
4853;pms5003;3628;6.559;3.386;2026-01-18T16:47:53.581674+00:00;P1;67.67
4853;pms5003;3628;6.559;3.386;2026-01-18T16:47:53.581674+00:00;P0;28.67
4854;DHT22;3628;6.559;3.386;2026-01-18T16:53:23.986491+00:00;humidity;73.70
4854;DHT22;3628;6.559;3.386;2026-01-18T16:53:23.986491+00:00;temperature;34.10
4853;pms5003;3628;6.559;3.386;2026-01-18T17:04:18.745854+00:00;P2;42.00
4853;pms5003;3628;6.559;3.386;2026-01-18T17:04:18.745854+00:00;P1;62.00
4853;pms5003;3628;6.559;3.386;2026-01-18T17:04:18.745854+00:00;P0;24.75
4854;DHT22;3628;6.559;3.386;2026-01-18T17:04:36.095272+00:00;humidity;74.60
4854;DHT22;3628;6.559;3.386;2026-01-18T17:04:36.095272+00:00;temperature;33.70
4853;pms5003;3628;6.559;3.386;2026-01-18T17:09:53.282995+00:00;P2;42.75
4853;pms5003;3628;6.559;3.386;2026-01-18T17:09:53.282995+00:00;P1;59.75
4853;pms5003;3628;6.559;3.386;2026-01-18T17:09:53.282995+00:00;P0;27.75
4854;DHT22;3628;6.559;3.386;2026-01-18T17:10:10.615710+00:00;humidity;75.10
4854;DHT22;3628;6.559;3.386;2026-01-18T17:10:10.615710+00:00;temperature;33.70
4853;pms5003;3628;6.559;3.386;2026-01-18T17:20:52.043618+00:00;P2;43.80
4853;pms5003;3628;6.559;3.386;2026-01-18T17:20:52.043618+00:00;P1;59.40
4853;pms5003;3628;6.559;3.386;2026-01-18T17:20:52.043618+00:00;P0;28.00
4853;pms5003;3628;6.559;3.386;2026-01-18T17:26:26.551525+00:00;P2;41.50
4853;pms5003;3628;6.559;3.386;2026-01-18T17:26:26.551525+00:00;P1;52.50
4853;pms5003;3628;6.559;3.386;2026-01-18T17:26:26.551525+00:00;P0;27.00
4854;DHT22;3628;6.559;3.386;2026-01-18T17:26:43.927793+00:00;humidity;77.60
4854;DHT22;3628;6.559;3.386;2026-01-18T17:26:43.927793+00:00;temperature;32.90
4854;DHT22;3628;6.559;3.386;2026-01-18T17:32:10.911548+00:00;humidity;77.80
4854;DHT22;3628;6.559;3.386;2026-01-18T17:32:10.911548+00:00;temperature;32.80
4853;pms5003;3628;6.559;3.386;2026-01-18T17:37:31.127690+00:00;P2;45.50
4853;pms5003;3628;6.559;3.386;2026-01-18T17:37:31.127690+00:00;P1;62.00
4853;pms5003;3628;6.559;3.386;2026-01-18T17:37:31.127690+00:00;P0;28.00
4853;pms5003;3628;6.559;3.386;2026-01-18T17:43:13.669085+00:00;P2;41.25
4853;pms5003;3628;6.559;3.386;2026-01-18T17:43:13.669085+00:00;P1;60.25
4853;pms5003;3628;6.559;3.386;2026-01-18T17:43:13.669085+00:00;P0;25.75
4853;pms5003;3628;6.559;3.386;2026-01-18T17:48:35.378382+00:00;P2;42.00
4853;pms5003;3628;6.559;3.386;2026-01-18T17:48:35.378382+00:00;P1;61.75
4853;pms5003;3628;6.559;3.386;2026-01-18T17:48:35.378382+00:00;P0;27.00
4854;DHT22;3628;6.559;3.386;2026-01-18T17:54:08.773846+00:00;humidity;79.40
4854;DHT22;3628;6.559;3.386;2026-01-18T17:54:08.773846+00:00;temperature;32.50
4853;pms5003;3628;6.559;3.386;2026-01-18T17:59:25.974367+00:00;P2;44.00
4853;pms5003;3628;6.559;3.386;2026-01-18T17:59:25.974367+00:00;P1;65.33
4853;pms5003;3628;6.559;3.386;2026-01-18T17:59:25.974367+00:00;P0;28.00
4854;DHT22;3628;6.559;3.386;2026-01-18T17:59:43.314389+00:00;humidity;79.90
4854;DHT22;3628;6.559;3.386;2026-01-18T17:59:43.314389+00:00;temperature;32.30
4854;DHT22;3628;6.559;3.386;2026-01-18T18:05:18.614970+00:00;humidity;80.50
4854;DHT22;3628;6.559;3.386;2026-01-18T18:05:18.614970+00:00;temperature;32.20
4853;pms5003;3628;6.559;3.386;2026-01-18T18:10:36.568742+00:00;P2;47.20
4853;pms5003;3628;6.559;3.386;2026-01-18T18:10:36.568742+00:00;P1;65.40
4853;pms5003;3628;6.559;3.386;2026-01-18T18:10:36.568742+00:00;P0;30.40
4854;DHT22;3628;6.559;3.386;2026-01-18T18:16:16.186088+00:00;humidity;81.60
4854;DHT22;3628;6.559;3.386;2026-01-18T18:16:16.186088+00:00;temperature;32.00
4854;DHT22;3628;6.559;3.386;2026-01-18T18:27:02.722763+00:00;humidity;82.60
4854;DHT22;3628;6.559;3.386;2026-01-18T18:27:02.722763+00:00;temperature;32.00
4853;pms5003;3628;6.559;3.386;2026-01-18T18:32:22.850657+00:00;P2;40.50
4853;pms5003;3628;6.559;3.386;2026-01-18T18:32:22.850657+00:00;P1;57.50
4853;pms5003;3628;6.559;3.386;2026-01-18T18:32:22.850657+00:00;P0;26.00
4853;pms5003;3628;6.559;3.386;2026-01-18T19:49:58.406854+00:00;P2;51.00
4853;pms5003;3628;6.559;3.386;2026-01-18T19:49:58.406854+00:00;P1;69.50
4853;pms5003;3628;6.559;3.386;2026-01-18T19:49:58.406854+00:00;P0;32.00
4854;DHT22;3628;6.559;3.386;2026-01-18T19:50:15.760592+00:00;humidity;84.20
4854;DHT22;3628;6.559;3.386;2026-01-18T19:50:15.760592+00:00;temperature;31.90
4853;pms5003;3628;6.559;3.386;2026-01-18T19:55:35.984891+00:00;P2;51.50
4853;pms5003;3628;6.559;3.386;2026-01-18T19:55:35.984891+00:00;P1;68.25
4853;pms5003;3628;6.559;3.386;2026-01-18T19:55:35.984891+00:00;P0;33.00
4854;DHT22;3628;6.559;3.386;2026-01-18T19:55:53.339867+00:00;humidity;84.20
4854;DHT22;3628;6.559;3.386;2026-01-18T19:55:53.339867+00:00;temperature;31.80
4853;pms5003;3628;6.559;3.386;2026-01-18T20:01:19.461876+00:00;P2;52.25
4853;pms5003;3628;6.559;3.386;2026-01-18T20:01:19.461876+00:00;P1;76.75
4853;pms5003;3628;6.559;3.386;2026-01-18T20:01:19.461876+00:00;P0;34.00
4854;DHT22;3628;6.559;3.386;2026-01-18T20:01:36.820511+00:00;humidity;83.80
4854;DHT22;3628;6.559;3.386;2026-01-18T20:01:36.820511+00:00;temperature;31.90
4853;pms5003;3628;6.559;3.386;2026-01-18T20:23:26.329771+00:00;P2;49.50
4853;pms5003;3628;6.559;3.386;2026-01-18T20:23:26.329771+00:00;P1;68.75
4853;pms5003;3628;6.559;3.386;2026-01-18T20:23:26.329771+00:00;P0;30.75
4854;DHT22;3628;6.559;3.386;2026-01-18T20:23:52.253358+00:00;humidity;85.60
4854;DHT22;3628;6.559;3.386;2026-01-18T20:23:52.253358+00:00;temperature;31.70
4853;pms5003;3628;6.559;3.386;2026-01-18T20:34:44.582323+00:00;P2;50.00
4853;pms5003;3628;6.559;3.386;2026-01-18T20:34:44.582323+00:00;P1;69.00
4853;pms5003;3628;6.559;3.386;2026-01-18T20:34:44.582323+00:00;P0;31.25
4854;DHT22;3628;6.559;3.386;2026-01-18T20:35:01.968875+00:00;humidity;86.10
4854;DHT22;3628;6.559;3.386;2026-01-18T20:35:01.968875+00:00;temperature;31.80
4854;DHT22;3628;6.559;3.386;2026-01-18T20:40:28.987747+00:00;humidity;86.70
4854;DHT22;3628;6.559;3.386;2026-01-18T20:40:28.987747+00:00;temperature;31.70
4853;pms5003;3628;6.559;3.386;2026-01-18T20:45:46.204610+00:00;P2;48.75
4853;pms5003;3628;6.559;3.386;2026-01-18T20:45:46.204610+00:00;P1;68.25
4853;pms5003;3628;6.559;3.386;2026-01-18T20:45:46.204610+00:00;P0;31.25
4854;DHT22;3628;6.559;3.386;2026-01-18T20:46:03.568299+00:00;humidity;87.10
4854;DHT22;3628;6.559;3.386;2026-01-18T20:46:03.568299+00:00;temperature;31.70
4853;pms5003;3628;6.559;3.386;2026-01-18T20:51:20.735144+00:00;P2;47.00
4853;pms5003;3628;6.559;3.386;2026-01-18T20:51:20.735144+00:00;P1;66.50
4853;pms5003;3628;6.559;3.386;2026-01-18T20:51:20.735144+00:00;P0;30.50
4854;DHT22;3628;6.559;3.386;2026-01-18T20:51:46.735370+00:00;humidity;86.90
4854;DHT22;3628;6.559;3.386;2026-01-18T20:51:46.735370+00:00;temperature;31.60
4853;pms5003;3628;6.559;3.386;2026-01-18T20:57:09.867804+00:00;P2;49.00
4853;pms5003;3628;6.559;3.386;2026-01-18T20:57:09.867804+00:00;P1;70.00
4853;pms5003;3628;6.559;3.386;2026-01-18T20:57:09.867804+00:00;P0;31.00
4854;DHT22;3628;6.559;3.386;2026-01-18T20:57:27.342600+00:00;humidity;85.90
4854;DHT22;3628;6.559;3.386;2026-01-18T20:57:27.342600+00:00;temperature;31.70
4854;DHT22;3628;6.559;3.386;2026-01-18T21:08:15.555025+00:00;humidity;85.90
4854;DHT22;3628;6.559;3.386;2026-01-18T21:08:15.555025+00:00;temperature;31.60
4854;DHT22;3628;6.559;3.386;2026-01-18T21:13:50.233408+00:00;humidity;85.80
4854;DHT22;3628;6.559;3.386;2026-01-18T21:13:50.233408+00:00;temperature;31.60
4854;DHT22;3628;6.559;3.386;2026-01-18T21:19:14.035887+00:00;humidity;85.60
4854;DHT22;3628;6.559;3.386;2026-01-18T21:19:14.035887+00:00;temperature;31.60
4853;pms5003;3628;6.559;3.386;2026-01-18T21:24:31.443578+00:00;P2;45.25
4853;pms5003;3628;6.559;3.386;2026-01-18T21:24:31.443578+00:00;P1;58.00
4853;pms5003;3628;6.559;3.386;2026-01-18T21:24:31.443578+00:00;P0;28.00
4854;DHT22;3628;6.559;3.386;2026-01-18T21:24:48.733562+00:00;humidity;85.60
4854;DHT22;3628;6.559;3.386;2026-01-18T21:24:48.733562+00:00;temperature;31.60
4854;DHT22;3628;6.559;3.386;2026-01-18T21:30:12.927131+00:00;humidity;85.90
4854;DHT22;3628;6.559;3.386;2026-01-18T21:30:12.927131+00:00;temperature;31.50
4853;pms5003;3628;6.559;3.386;2026-01-18T21:35:30.076260+00:00;P2;46.50
4853;pms5003;3628;6.559;3.386;2026-01-18T21:35:30.076260+00:00;P1;61.50
4853;pms5003;3628;6.559;3.386;2026-01-18T21:35:30.076260+00:00;P0;29.75
4854;DHT22;3628;6.559;3.386;2026-01-18T21:35:47.464409+00:00;humidity;85.80
4854;DHT22;3628;6.559;3.386;2026-01-18T21:35:47.464409+00:00;temperature;31.60
4853;pms5003;3628;6.559;3.386;2026-01-18T21:41:04.668307+00:00;P2;43.25
4853;pms5003;3628;6.559;3.386;2026-01-18T21:41:04.668307+00:00;P1;60.25
4853;pms5003;3628;6.559;3.386;2026-01-18T21:41:04.668307+00:00;P0;27.75
4853;pms5003;3628;6.559;3.386;2026-01-18T21:46:39.244150+00:00;P2;44.00
4853;pms5003;3628;6.559;3.386;2026-01-18T21:46:39.244150+00:00;P1;57.00
4853;pms5003;3628;6.559;3.386;2026-01-18T21:46:39.244150+00:00;P0;28.00
4854;DHT22;3628;6.559;3.386;2026-01-18T21:46:56.597681+00:00;humidity;85.70
4854;DHT22;3628;6.559;3.386;2026-01-18T21:46:56.597681+00:00;temperature;31.50
4854;DHT22;3628;6.559;3.386;2026-01-18T21:52:20.460176+00:00;humidity;86.20
4854;DHT22;3628;6.559;3.386;2026-01-18T21:52:20.460176+00:00;temperature;31.40
4853;pms5003;3628;6.559;3.386;2026-01-18T21:57:37.733654+00:00;P2;46.00
4853;pms5003;3628;6.559;3.386;2026-01-18T21:57:37.733654+00:00;P1;58.50
4853;pms5003;3628;6.559;3.386;2026-01-18T21:57:37.733654+00:00;P0;29.00
4854;DHT22;3628;6.559;3.386;2026-01-18T21:57:57.972243+00:00;humidity;86.40
4854;DHT22;3628;6.559;3.386;2026-01-18T21:57:57.972243+00:00;temperature;31.30
4853;pms5003;3628;6.559;3.386;2026-01-18T22:03:15.173389+00:00;P2;42.50
4853;pms5003;3628;6.559;3.386;2026-01-18T22:03:15.173389+00:00;P1;60.00
4853;pms5003;3628;6.559;3.386;2026-01-18T22:03:15.173389+00:00;P0;27.75
4854;DHT22;3628;6.559;3.386;2026-01-18T22:03:35.519511+00:00;humidity;86.60
4854;DHT22;3628;6.559;3.386;2026-01-18T22:03:35.519511+00:00;temperature;31.30
4853;pms5003;3628;6.559;3.386;2026-01-18T22:14:16.856835+00:00;P2;44.50
4853;pms5003;3628;6.559;3.386;2026-01-18T22:14:16.856835+00:00;P1;61.75
4853;pms5003;3628;6.559;3.386;2026-01-18T22:14:16.856835+00:00;P0;27.75
4854;DHT22;3628;6.559;3.386;2026-01-18T22:14:34.189497+00:00;humidity;87.00
4854;DHT22;3628;6.559;3.386;2026-01-18T22:14:34.189497+00:00;temperature;31.20
4853;pms5003;3628;6.559;3.386;2026-01-18T22:19:51.361148+00:00;P2;43.75
4853;pms5003;3628;6.559;3.386;2026-01-18T22:19:51.361148+00:00;P1;62.25
4853;pms5003;3628;6.559;3.386;2026-01-18T22:19:51.361148+00:00;P0;28.25
4854;DHT22;3628;6.559;3.386;2026-01-18T22:20:08.722852+00:00;humidity;87.40
4854;DHT22;3628;6.559;3.386;2026-01-18T22:20:08.722852+00:00;temperature;31.30
4853;pms5003;3628;6.559;3.386;2026-01-18T22:25:26.216728+00:00;P2;48.00
4853;pms5003;3628;6.559;3.386;2026-01-18T22:25:26.216728+00:00;P1;64.25
4853;pms5003;3628;6.559;3.386;2026-01-18T22:25:26.216728+00:00;P0;30.00
4854;DHT22;3628;6.559;3.386;2026-01-18T22:25:43.754704+00:00;humidity;87.70
4854;DHT22;3628;6.559;3.386;2026-01-18T22:25:43.754704+00:00;temperature;31.30
4853;pms5003;3628;6.559;3.386;2026-01-18T22:31:00.904278+00:00;P2;45.75
4853;pms5003;3628;6.559;3.386;2026-01-18T22:31:00.904278+00:00;P1;64.00
4853;pms5003;3628;6.559;3.386;2026-01-18T22:31:00.904278+00:00;P0;29.00
4854;DHT22;3628;6.559;3.386;2026-01-18T22:31:18.238999+00:00;humidity;87.80
4854;DHT22;3628;6.559;3.386;2026-01-18T22:31:18.238999+00:00;temperature;31.20
4853;pms5003;3628;6.559;3.386;2026-01-18T22:41:59.163198+00:00;P2;46.00
4853;pms5003;3628;6.559;3.386;2026-01-18T22:41:59.163198+00:00;P1;63.25
4853;pms5003;3628;6.559;3.386;2026-01-18T22:41:59.163198+00:00;P0;29.00
4854;DHT22;3628;6.559;3.386;2026-01-18T22:42:16.535919+00:00;humidity;88.60
4854;DHT22;3628;6.559;3.386;2026-01-18T22:42:16.535919+00:00;temperature;31.20
4853;pms5003;3628;6.559;3.386;2026-01-18T22:47:33.690590+00:00;P2;43.00
4853;pms5003;3628;6.559;3.386;2026-01-18T22:47:33.690590+00:00;P1;59.75
4853;pms5003;3628;6.559;3.386;2026-01-18T22:47:33.690590+00:00;P0;29.00
4854;DHT22;3628;6.559;3.386;2026-01-18T22:47:51.033194+00:00;humidity;88.60
4854;DHT22;3628;6.559;3.386;2026-01-18T22:47:51.033194+00:00;temperature;31.20
4853;pms5003;3628;6.559;3.386;2026-01-18T22:53:08.207901+00:00;P2;42.75
4853;pms5003;3628;6.559;3.386;2026-01-18T22:53:08.207901+00:00;P1;59.75
4853;pms5003;3628;6.559;3.386;2026-01-18T22:53:08.207901+00:00;P0;27.25
4854;DHT22;3628;6.559;3.386;2026-01-18T22:53:25.555288+00:00;humidity;89.00
4854;DHT22;3628;6.559;3.386;2026-01-18T22:53:25.555288+00:00;temperature;31.20
4853;pms5003;3628;6.559;3.386;2026-01-18T22:58:42.915707+00:00;P2;46.00
4853;pms5003;3628;6.559;3.386;2026-01-18T22:58:42.915707+00:00;P1;62.00
4853;pms5003;3628;6.559;3.386;2026-01-18T22:58:42.915707+00:00;P0;27.75
4854;DHT22;3628;6.559;3.386;2026-01-18T22:59:00.395858+00:00;humidity;88.50
4854;DHT22;3628;6.559;3.386;2026-01-18T22:59:00.395858+00:00;temperature;31.30
4853;pms5003;3628;6.559;3.386;2026-01-18T23:04:17.521380+00:00;P2;45.50
4853;pms5003;3628;6.559;3.386;2026-01-18T23:04:17.521380+00:00;P1;65.00
4853;pms5003;3628;6.559;3.386;2026-01-18T23:04:17.521380+00:00;P0;28.25
4853;pms5003;3628;6.559;3.386;2026-01-18T23:09:52.191957+00:00;P2;49.00
4853;pms5003;3628;6.559;3.386;2026-01-18T23:09:52.191957+00:00;P1;67.75
4853;pms5003;3628;6.559;3.386;2026-01-18T23:09:52.191957+00:00;P0;31.00
4854;DHT22;3628;6.559;3.386;2026-01-18T23:10:09.495216+00:00;humidity;89.00
4854;DHT22;3628;6.559;3.386;2026-01-18T23:10:09.495216+00:00;temperature;31.20
4854;DHT22;3628;6.559;3.386;2026-01-18T23:20:46.776124+00:00;humidity;89.60
4854;DHT22;3628;6.559;3.386;2026-01-18T23:20:46.776124+00:00;temperature;31.10
4854;DHT22;3628;6.559;3.386;2026-01-18T23:26:10.675552+00:00;humidity;89.80
4854;DHT22;3628;6.559;3.386;2026-01-18T23:26:10.675552+00:00;temperature;31.00
4853;pms5003;3628;6.559;3.386;2026-01-18T23:31:27.879041+00:00;P2;45.00
4853;pms5003;3628;6.559;3.386;2026-01-18T23:31:27.879041+00:00;P1;58.00
4853;pms5003;3628;6.559;3.386;2026-01-18T23:31:27.879041+00:00;P0;29.00
4853;pms5003;3628;6.559;3.386;2026-01-18T23:36:52.092958+00:00;P2;44.00
4853;pms5003;3628;6.559;3.386;2026-01-18T23:36:52.092958+00:00;P1;59.25
4853;pms5003;3628;6.559;3.386;2026-01-18T23:36:52.092958+00:00;P0;27.25
4854;DHT22;3628;6.559;3.386;2026-01-18T23:37:09.694903+00:00;humidity;89.80
4854;DHT22;3628;6.559;3.386;2026-01-18T23:37:09.694903+00:00;temperature;31.00
4853;pms5003;3628;6.559;3.386;2026-01-18T23:42:26.987750+00:00;P2;44.00
4853;pms5003;3628;6.559;3.386;2026-01-18T23:42:26.987750+00:00;P1;61.20
4853;pms5003;3628;6.559;3.386;2026-01-18T23:42:26.987750+00:00;P0;27.20
4854;DHT22;3628;6.559;3.386;2026-01-18T23:42:44.328178+00:00;humidity;90.00
4854;DHT22;3628;6.559;3.386;2026-01-18T23:42:44.328178+00:00;temperature;30.90
4853;pms5003;3628;6.559;3.386;2026-01-19T06:03:54.480202+00:00;P2;53.50
4853;pms5003;3628;6.559;3.386;2026-01-19T06:03:54.480202+00:00;P1;73.00
4853;pms5003;3628;6.559;3.386;2026-01-19T06:03:54.480202+00:00;P0;33.00
4854;DHT22;3628;6.559;3.386;2026-01-19T06:04:11.836615+00:00;humidity;100.00
4854;DHT22;3628;6.559;3.386;2026-01-19T06:04:11.836615+00:00;temperature;29.20
4853;pms5003;3628;6.559;3.386;2026-01-19T06:09:29.039403+00:00;P2;57.75
4853;pms5003;3628;6.559;3.386;2026-01-19T06:09:29.039403+00:00;P1;76.50
4853;pms5003;3628;6.559;3.386;2026-01-19T06:09:29.039403+00:00;P0;34.00
4853;pms5003;3628;6.559;3.386;2026-01-19T10:02:16.837180+00:00;P2;40.25
4853;pms5003;3628;6.559;3.386;2026-01-19T10:02:16.837180+00:00;P1;54.00
4853;pms5003;3628;6.559;3.386;2026-01-19T10:02:16.837180+00:00;P0;26.25
4854;DHT22;3628;6.559;3.386;2026-01-19T10:02:34.172950+00:00;humidity;66.50
4854;DHT22;3628;6.559;3.386;2026-01-19T10:02:34.172950+00:00;temperature;37.50
4853;pms5003;3628;6.559;3.386;2026-01-19T10:07:51.400009+00:00;P2;43.00
4853;pms5003;3628;6.559;3.386;2026-01-19T10:07:51.400009+00:00;P1;59.00
4853;pms5003;3628;6.559;3.386;2026-01-19T10:07:51.400009+00:00;P0;28.00
4853;pms5003;3628;6.559;3.386;2026-01-19T11:26:22.184884+00:00;P2;45.00
4853;pms5003;3628;6.559;3.386;2026-01-19T11:26:22.184884+00:00;P1;63.00
4853;pms5003;3628;6.559;3.386;2026-01-19T11:26:22.184884+00:00;P0;29.00
4854;DHT22;3628;6.559;3.386;2026-01-19T11:26:39.621765+00:00;humidity;64.60
4854;DHT22;3628;6.559;3.386;2026-01-19T11:26:39.621765+00:00;temperature;37.50
4854;DHT22;3628;6.559;3.386;2026-01-19T11:40:49.706321+00:00;humidity;64.30
4854;DHT22;3628;6.559;3.386;2026-01-19T11:40:49.706321+00:00;temperature;37.10
4853;pms5003;3628;6.559;3.386;2026-01-19T11:51:33.761244+00:00;P2;42.50
4853;pms5003;3628;6.559;3.386;2026-01-19T11:51:33.761244+00:00;P1;61.00
4853;pms5003;3628;6.559;3.386;2026-01-19T11:51:33.761244+00:00;P0;27.00
4854;DHT22;3628;6.559;3.386;2026-01-19T11:57:09.815344+00:00;humidity;59.80
4854;DHT22;3628;6.559;3.386;2026-01-19T11:57:09.815344+00:00;temperature;38.90
4853;pms5003;3628;6.559;3.386;2026-01-19T12:02:27.035376+00:00;P2;40.25
4853;pms5003;3628;6.559;3.386;2026-01-19T12:02:27.035376+00:00;P1;60.25
4853;pms5003;3628;6.559;3.386;2026-01-19T12:02:27.035376+00:00;P0;25.75
4853;pms5003;3628;6.559;3.386;2026-01-19T12:58:45.374781+00:00;P2;40.00
4853;pms5003;3628;6.559;3.386;2026-01-19T12:58:45.374781+00:00;P1;51.60
4853;pms5003;3628;6.559;3.386;2026-01-19T12:58:45.374781+00:00;P0;26.00
4854;DHT22;3628;6.559;3.386;2026-01-19T12:59:02.775970+00:00;humidity;64.70
4854;DHT22;3628;6.559;3.386;2026-01-19T12:59:02.775970+00:00;temperature;36.90
4853;pms5003;3628;6.559;3.386;2026-01-19T13:04:54.871995+00:00;P2;38.67
4853;pms5003;3628;6.559;3.386;2026-01-19T13:04:54.871995+00:00;P1;52.00
4853;pms5003;3628;6.559;3.386;2026-01-19T13:04:54.871995+00:00;P0;24.00
4853;pms5003;3628;6.559;3.386;2026-01-19T13:19:04.779259+00:00;P2;46.00
4853;pms5003;3628;6.559;3.386;2026-01-19T13:19:04.779259+00:00;P1;64.00
4853;pms5003;3628;6.559;3.386;2026-01-19T13:19:04.779259+00:00;P0;30.00
4854;DHT22;3628;6.559;3.386;2026-01-19T13:19:22.069517+00:00;humidity;60.40
4854;DHT22;3628;6.559;3.386;2026-01-19T13:19:22.069517+00:00;temperature;36.10
4853;pms5003;3628;6.559;3.386;2026-01-19T13:33:44.735207+00:00;P2;49.00
4853;pms5003;3628;6.559;3.386;2026-01-19T13:33:44.735207+00:00;P1;61.80
4853;pms5003;3628;6.559;3.386;2026-01-19T13:33:44.735207+00:00;P0;32.00
4854;DHT22;3628;6.559;3.386;2026-01-19T13:34:02.090982+00:00;humidity;62.40
4854;DHT22;3628;6.559;3.386;2026-01-19T13:34:02.090982+00:00;temperature;36.00
4853;pms5003;3628;6.559;3.386;2026-01-19T13:44:08.255326+00:00;P2;49.00
4853;pms5003;3628;6.559;3.386;2026-01-19T13:44:08.255326+00:00;P1;68.25
4853;pms5003;3628;6.559;3.386;2026-01-19T13:44:08.255326+00:00;P0;31.00
4854;DHT22;3628;6.559;3.386;2026-01-19T14:01:21.449261+00:00;humidity;63.40
4854;DHT22;3628;6.559;3.386;2026-01-19T14:01:21.449261+00:00;temperature;36.50
4853;pms5003;3628;6.559;3.386;2026-01-19T14:15:46.365956+00:00;P2;43.75
4853;pms5003;3628;6.559;3.386;2026-01-19T14:15:46.365956+00:00;P1;60.75
4853;pms5003;3628;6.559;3.386;2026-01-19T14:15:46.365956+00:00;P0;27.75
4854;DHT22;3628;6.559;3.386;2026-01-19T15:27:16.363072+00:00;humidity;61.40
4854;DHT22;3628;6.559;3.386;2026-01-19T15:27:16.363072+00:00;temperature;38.20
4853;pms5003;3628;6.559;3.386;2026-01-19T15:31:52.697243+00:00;P2;41.33
4853;pms5003;3628;6.559;3.386;2026-01-19T15:31:52.697243+00:00;P1;62.67
4853;pms5003;3628;6.559;3.386;2026-01-19T15:31:52.697243+00:00;P0;26.00
4854;DHT22;3628;6.559;3.386;2026-01-19T15:51:30.681521+00:00;humidity;64.00
4854;DHT22;3628;6.559;3.386;2026-01-19T15:51:30.681521+00:00;temperature;37.90
4853;pms5003;3628;6.559;3.386;2026-01-19T15:57:58.677644+00:00;P2;38.25
4853;pms5003;3628;6.559;3.386;2026-01-19T15:57:58.677644+00:00;P1;52.75
4853;pms5003;3628;6.559;3.386;2026-01-19T15:57:58.677644+00:00;P0;23.00
4853;pms5003;3628;6.559;3.386;2026-01-19T17:17:30.856441+00:00;P2;44.25
4853;pms5003;3628;6.559;3.386;2026-01-19T17:17:30.856441+00:00;P1;62.00
4853;pms5003;3628;6.559;3.386;2026-01-19T17:17:30.856441+00:00;P0;28.00
4854;DHT22;3628;6.559;3.386;2026-01-19T17:17:48.136651+00:00;humidity;74.00
4854;DHT22;3628;6.559;3.386;2026-01-19T17:17:48.136651+00:00;temperature;34.10
4853;pms5003;3628;6.559;3.386;2026-01-19T17:23:05.230598+00:00;P2;45.00
4853;pms5003;3628;6.559;3.386;2026-01-19T17:23:05.230598+00:00;P1;64.80
4853;pms5003;3628;6.559;3.386;2026-01-19T17:23:05.230598+00:00;P0;30.00
4853;pms5003;3628;6.559;3.386;2026-01-19T17:28:32.070446+00:00;P2;44.67
4853;pms5003;3628;6.559;3.386;2026-01-19T17:28:32.070446+00:00;P1;63.00
4853;pms5003;3628;6.559;3.386;2026-01-19T17:28:32.070446+00:00;P0;28.67
4854;DHT22;3628;6.559;3.386;2026-01-19T17:28:49.383410+00:00;humidity;75.10
4854;DHT22;3628;6.559;3.386;2026-01-19T17:28:49.383410+00:00;temperature;33.80
4854;DHT22;3628;6.559;3.386;2026-01-19T17:34:13.082725+00:00;humidity;75.60
4854;DHT22;3628;6.559;3.386;2026-01-19T17:34:13.082725+00:00;temperature;33.60
4853;pms5003;3628;6.559;3.386;2026-01-19T17:39:30.381844+00:00;P2;43.75
4853;pms5003;3628;6.559;3.386;2026-01-19T17:39:30.381844+00:00;P1;61.00
4853;pms5003;3628;6.559;3.386;2026-01-19T17:39:30.381844+00:00;P0;26.25
4854;DHT22;3628;6.559;3.386;2026-01-19T17:39:47.691122+00:00;humidity;76.20
4854;DHT22;3628;6.559;3.386;2026-01-19T17:39:47.691122+00:00;temperature;33.60
4853;pms5003;3628;6.559;3.386;2026-01-19T17:45:04.859413+00:00;P2;42.00
4853;pms5003;3628;6.559;3.386;2026-01-19T17:45:04.859413+00:00;P1;57.80
4853;pms5003;3628;6.559;3.386;2026-01-19T17:45:04.859413+00:00;P0;26.00
4854;DHT22;3628;6.559;3.386;2026-01-19T17:45:22.254368+00:00;humidity;77.30
4854;DHT22;3628;6.559;3.386;2026-01-19T17:45:22.254368+00:00;temperature;33.30
4854;DHT22;3628;6.559;3.386;2026-01-19T17:50:46.132451+00:00;humidity;78.20
4854;DHT22;3628;6.559;3.386;2026-01-19T17:50:46.132451+00:00;temperature;33.00
4853;pms5003;3628;6.559;3.386;2026-01-19T17:56:03.372129+00:00;P2;50.40
4853;pms5003;3628;6.559;3.386;2026-01-19T17:56:03.372129+00:00;P1;69.80
4853;pms5003;3628;6.559;3.386;2026-01-19T17:56:03.372129+00:00;P0;31.80
4853;pms5003;3628;6.559;3.386;2026-01-19T18:01:27.835982+00:00;P2;46.40
4853;pms5003;3628;6.559;3.386;2026-01-19T18:01:27.835982+00:00;P1;63.80
4853;pms5003;3628;6.559;3.386;2026-01-19T18:01:27.835982+00:00;P0;29.40
4854;DHT22;3628;6.559;3.386;2026-01-19T18:01:45.270768+00:00;humidity;78.70
4854;DHT22;3628;6.559;3.386;2026-01-19T18:01:45.270768+00:00;temperature;33.40
4854;DHT22;3628;6.559;3.386;2026-01-19T18:30:47.299986+00:00;humidity;81.40
4854;DHT22;3628;6.559;3.386;2026-01-19T18:30:47.299986+00:00;temperature;32.60
4854;DHT22;3628;6.559;3.386;2026-01-19T18:36:21.821226+00:00;humidity;82.30
4854;DHT22;3628;6.559;3.386;2026-01-19T18:36:21.821226+00:00;temperature;32.50
4853;pms5003;3628;6.559;3.386;2026-01-19T18:47:03.250239+00:00;P2;41.75
4853;pms5003;3628;6.559;3.386;2026-01-19T18:47:03.250239+00:00;P1;56.25
4853;pms5003;3628;6.559;3.386;2026-01-19T18:47:03.250239+00:00;P0;26.50
4854;DHT22;3628;6.559;3.386;2026-01-19T18:47:20.640703+00:00;humidity;82.90
4854;DHT22;3628;6.559;3.386;2026-01-19T18:47:20.640703+00:00;temperature;32.30
4853;pms5003;3628;6.559;3.386;2026-01-19T18:52:37.819297+00:00;P2;41.50
4853;pms5003;3628;6.559;3.386;2026-01-19T18:52:37.819297+00:00;P1;55.75
4853;pms5003;3628;6.559;3.386;2026-01-19T18:52:37.819297+00:00;P0;27.00
4853;pms5003;3628;6.559;3.386;2026-01-19T18:58:01.731404+00:00;P2;45.33
4853;pms5003;3628;6.559;3.386;2026-01-19T18:58:01.731404+00:00;P1;62.67
4853;pms5003;3628;6.559;3.386;2026-01-19T18:58:01.731404+00:00;P0;28.33
4854;DHT22;3628;6.559;3.386;2026-01-19T18:58:19.182026+00:00;humidity;84.00
4854;DHT22;3628;6.559;3.386;2026-01-19T18:58:19.182026+00:00;temperature;32.20
4854;DHT22;3628;6.559;3.386;2026-01-19T19:03:53.760477+00:00;humidity;84.40
4854;DHT22;3628;6.559;3.386;2026-01-19T19:03:53.760477+00:00;temperature;32.10
4853;pms5003;3628;6.559;3.386;2026-01-19T19:09:11.160577+00:00;P2;52.40
4853;pms5003;3628;6.559;3.386;2026-01-19T19:09:11.160577+00:00;P1;68.80
4853;pms5003;3628;6.559;3.386;2026-01-19T19:09:11.160577+00:00;P0;33.60
4853;pms5003;3628;6.559;3.386;2026-01-19T19:16:00.695746+00:00;P2;50.67
4853;pms5003;3628;6.559;3.386;2026-01-19T19:16:00.695746+00:00;P1;68.33
4853;pms5003;3628;6.559;3.386;2026-01-19T19:16:00.695746+00:00;P0;31.33
4853;pms5003;3628;6.559;3.386;2026-01-20T06:12:03.520550+00:00;P2;68.00
4853;pms5003;3628;6.559;3.386;2026-01-20T06:12:03.520550+00:00;P1;84.00
4853;pms5003;3628;6.559;3.386;2026-01-20T06:12:03.520550+00:00;P0;41.00
4853;pms5003;3628;6.559;3.386;2026-01-20T06:17:27.172934+00:00;P2;77.00
4853;pms5003;3628;6.559;3.386;2026-01-20T06:17:27.172934+00:00;P1;85.00
4853;pms5003;3628;6.559;3.386;2026-01-20T06:17:27.172934+00:00;P0;49.00
4854;DHT22;3628;6.559;3.386;2026-01-20T06:17:44.512377+00:00;humidity;97.10
4854;DHT22;3628;6.559;3.386;2026-01-20T06:17:44.512377+00:00;temperature;30.50
4853;pms5003;3628;6.559;3.386;2026-01-21T09:14:40.073346+00:00;P2;43.60
4853;pms5003;3628;6.559;3.386;2026-01-21T09:14:40.073346+00:00;P1;62.60
4853;pms5003;3628;6.559;3.386;2026-01-21T09:14:40.073346+00:00;P0;29.40
4854;DHT22;3628;6.559;3.386;2026-01-21T09:14:44.141305+00:00;humidity;69.40
4854;DHT22;3628;6.559;3.386;2026-01-21T09:14:44.141305+00:00;temperature;34.60
4854;DHT22;3628;6.559;3.386;2026-01-21T09:20:08.200593+00:00;humidity;67.80
4854;DHT22;3628;6.559;3.386;2026-01-21T09:20:08.200593+00:00;temperature;34.70
4853;pms5003;3628;6.559;3.386;2026-01-21T09:25:25.402145+00:00;P2;47.00
4853;pms5003;3628;6.559;3.386;2026-01-21T09:25:25.402145+00:00;P1;62.25
4853;pms5003;3628;6.559;3.386;2026-01-21T09:25:25.402145+00:00;P0;30.75
4853;pms5003;3628;6.559;3.386;2026-01-21T09:32:02.645150+00:00;P2;47.00
4853;pms5003;3628;6.559;3.386;2026-01-21T09:32:02.645150+00:00;P1;64.25
4853;pms5003;3628;6.559;3.386;2026-01-21T09:32:02.645150+00:00;P0;30.75
4853;pms5003;3628;6.559;3.386;2026-01-21T09:36:24.149749+00:00;P2;45.00
4853;pms5003;3628;6.559;3.386;2026-01-21T09:36:24.149749+00:00;P1;61.25
4853;pms5003;3628;6.559;3.386;2026-01-21T09:36:24.149749+00:00;P0;30.00
4854;DHT22;3628;6.559;3.386;2026-01-21T09:36:44.400238+00:00;humidity;66.20
4854;DHT22;3628;6.559;3.386;2026-01-21T09:36:44.400238+00:00;temperature;35.00
4853;pms5003;3628;6.559;3.386;2026-01-21T09:44:38.209956+00:00;P2;47.00
4853;pms5003;3628;6.559;3.386;2026-01-21T09:44:38.209956+00:00;P1;67.00
4853;pms5003;3628;6.559;3.386;2026-01-21T09:44:38.209956+00:00;P0;30.75
4854;DHT22;3628;6.559;3.386;2026-01-21T09:55:04.887292+00:00;humidity;63.00
4854;DHT22;3628;6.559;3.386;2026-01-21T09:55:04.887292+00:00;temperature;36.20
4853;pms5003;3628;6.559;3.386;2026-01-21T10:00:22.008541+00:00;P2;41.50
4853;pms5003;3628;6.559;3.386;2026-01-21T10:00:22.008541+00:00;P1;59.50
4853;pms5003;3628;6.559;3.386;2026-01-21T10:00:22.008541+00:00;P0;26.50
4853;pms5003;3628;6.559;3.386;2026-01-21T10:05:56.503278+00:00;P2;51.00
4853;pms5003;3628;6.559;3.386;2026-01-21T10:05:56.503278+00:00;P1;66.50
4853;pms5003;3628;6.559;3.386;2026-01-21T10:05:56.503278+00:00;P0;34.50
4854;DHT22;3628;6.559;3.386;2026-01-21T10:06:13.868543+00:00;humidity;62.70
4854;DHT22;3628;6.559;3.386;2026-01-21T10:06:13.868543+00:00;temperature;36.40
4853;pms5003;3628;6.559;3.386;2026-01-21T10:11:31.062110+00:00;P2;41.50
4853;pms5003;3628;6.559;3.386;2026-01-21T10:11:31.062110+00:00;P1;57.25
4853;pms5003;3628;6.559;3.386;2026-01-21T10:11:31.062110+00:00;P0;27.00
4854;DHT22;3628;6.559;3.386;2026-01-21T10:11:51.267438+00:00;humidity;60.50
4854;DHT22;3628;6.559;3.386;2026-01-21T10:11:51.267438+00:00;temperature;36.60
4853;pms5003;3628;6.559;3.386;2026-01-21T10:17:08.588818+00:00;P2;42.00
4853;pms5003;3628;6.559;3.386;2026-01-21T10:17:08.588818+00:00;P1;61.25
4853;pms5003;3628;6.559;3.386;2026-01-21T10:17:08.588818+00:00;P0;27.75
4854;DHT22;3628;6.559;3.386;2026-01-21T10:17:25.835347+00:00;humidity;59.10
4854;DHT22;3628;6.559;3.386;2026-01-21T10:17:25.835347+00:00;temperature;37.80
4853;pms5003;3628;6.559;3.386;2026-01-21T10:22:43.120406+00:00;P2;42.00
4853;pms5003;3628;6.559;3.386;2026-01-21T10:22:43.120406+00:00;P1;59.75
4853;pms5003;3628;6.559;3.386;2026-01-21T10:22:43.120406+00:00;P0;28.00
4854;DHT22;3628;6.559;3.386;2026-01-21T10:23:00.534534+00:00;humidity;61.10
4854;DHT22;3628;6.559;3.386;2026-01-21T10:23:00.534534+00:00;temperature;36.80
4853;pms5003;3628;6.559;3.386;2026-01-21T10:48:30.075819+00:00;P2;38.50
4853;pms5003;3628;6.559;3.386;2026-01-21T10:48:30.075819+00:00;P1;55.00
4853;pms5003;3628;6.559;3.386;2026-01-21T10:48:30.075819+00:00;P0;26.00
4853;pms5003;3628;6.559;3.386;2026-01-21T10:53:14.117737+00:00;P2;40.40
4853;pms5003;3628;6.559;3.386;2026-01-21T10:53:14.117737+00:00;P1;58.20
4853;pms5003;3628;6.559;3.386;2026-01-21T10:53:14.117737+00:00;P0;26.40
4853;pms5003;3628;6.559;3.386;2026-01-21T11:11:04.707867+00:00;P2;43.00
4853;pms5003;3628;6.559;3.386;2026-01-21T11:11:04.707867+00:00;P1;57.50
4853;pms5003;3628;6.559;3.386;2026-01-21T11:11:04.707867+00:00;P0;28.00
4854;DHT22;3628;6.559;3.386;2026-01-21T11:11:24.942403+00:00;humidity;61.60
4854;DHT22;3628;6.559;3.386;2026-01-21T11:11:24.942403+00:00;temperature;36.20
4853;pms5003;3628;6.559;3.386;2026-01-21T11:16:42.188517+00:00;P2;42.00
4853;pms5003;3628;6.559;3.386;2026-01-21T11:16:42.188517+00:00;P1;61.60
4853;pms5003;3628;6.559;3.386;2026-01-21T11:16:42.188517+00:00;P0;28.00
4854;DHT22;3628;6.559;3.386;2026-01-21T11:16:59.527471+00:00;humidity;60.60
4854;DHT22;3628;6.559;3.386;2026-01-21T11:16:59.527471+00:00;temperature;36.40
4854;DHT22;3628;6.559;3.386;2026-01-21T11:35:19.515544+00:00;humidity;61.70
4854;DHT22;3628;6.559;3.386;2026-01-21T11:35:19.515544+00:00;temperature;36.10
4853;pms5003;3628;6.559;3.386;2026-01-21T11:54:43.901762+00:00;P2;46.40
4853;pms5003;3628;6.559;3.386;2026-01-21T11:54:43.901762+00:00;P1;63.60
4853;pms5003;3628;6.559;3.386;2026-01-21T11:54:43.901762+00:00;P0;30.60
4854;DHT22;3628;6.559;3.386;2026-01-21T12:06:18.042103+00:00;humidity;62.90
4854;DHT22;3628;6.559;3.386;2026-01-21T12:06:18.042103+00:00;temperature;35.50
4853;pms5003;3628;6.559;3.386;2026-01-21T12:11:35.512811+00:00;P2;45.75
4853;pms5003;3628;6.559;3.386;2026-01-21T12:11:35.512811+00:00;P1;59.75
4853;pms5003;3628;6.559;3.386;2026-01-21T12:11:35.512811+00:00;P0;29.25
4853;pms5003;3628;6.559;3.386;2026-01-21T12:17:29.329331+00:00;P2;44.20
4853;pms5003;3628;6.559;3.386;2026-01-21T12:17:29.329331+00:00;P1;62.00
4853;pms5003;3628;6.559;3.386;2026-01-21T12:17:29.329331+00:00;P0;28.40
4854;DHT22;3628;6.559;3.386;2026-01-21T12:17:44.164356+00:00;humidity;60.10
4854;DHT22;3628;6.559;3.386;2026-01-21T12:17:44.164356+00:00;temperature;36.30
4853;pms5003;3628;6.559;3.386;2026-01-21T12:45:06.026782+00:00;P2;46.00
4853;pms5003;3628;6.559;3.386;2026-01-21T12:45:06.026782+00:00;P1;65.75
4853;pms5003;3628;6.559;3.386;2026-01-21T12:45:06.026782+00:00;P0;30.00
4854;DHT22;3628;6.559;3.386;2026-01-21T12:55:18.149432+00:00;humidity;53.00
4854;DHT22;3628;6.559;3.386;2026-01-21T12:55:18.149432+00:00;temperature;39.30
4853;pms5003;3628;6.559;3.386;2026-01-21T13:05:49.075795+00:00;P2;44.00
4853;pms5003;3628;6.559;3.386;2026-01-21T13:05:49.075795+00:00;P1;55.75
4853;pms5003;3628;6.559;3.386;2026-01-21T13:05:49.075795+00:00;P0;29.00
4853;pms5003;3628;6.559;3.386;2026-01-21T13:11:12.858761+00:00;P2;41.25
4853;pms5003;3628;6.559;3.386;2026-01-21T13:11:12.858761+00:00;P1;56.50
4853;pms5003;3628;6.559;3.386;2026-01-21T13:11:12.858761+00:00;P0;27.00
4854;DHT22;3628;6.559;3.386;2026-01-21T13:11:30.186755+00:00;humidity;51.80
4854;DHT22;3628;6.559;3.386;2026-01-21T13:11:30.186755+00:00;temperature;39.60
4853;pms5003;3628;6.559;3.386;2026-01-21T13:16:47.340229+00:00;P2;44.50
4853;pms5003;3628;6.559;3.386;2026-01-21T13:16:47.340229+00:00;P1;62.75
4853;pms5003;3628;6.559;3.386;2026-01-21T13:16:47.340229+00:00;P0;29.00
4854;DHT22;3628;6.559;3.386;2026-01-21T13:48:28.732054+00:00;humidity;49.40
4854;DHT22;3628;6.559;3.386;2026-01-21T13:48:28.732054+00:00;temperature;40.50
4853;pms5003;3628;6.559;3.386;2026-01-21T13:59:10.092011+00:00;P2;48.75
4853;pms5003;3628;6.559;3.386;2026-01-21T13:59:10.092011+00:00;P1;68.50
4853;pms5003;3628;6.559;3.386;2026-01-21T13:59:10.092011+00:00;P0;31.75
4854;DHT22;3628;6.559;3.386;2026-01-21T13:59:27.422074+00:00;humidity;49.10
4854;DHT22;3628;6.559;3.386;2026-01-21T13:59:27.422074+00:00;temperature;40.40
4853;pms5003;3628;6.559;3.386;2026-01-21T14:04:44.754920+00:00;P2;43.50
4853;pms5003;3628;6.559;3.386;2026-01-21T14:04:44.754920+00:00;P1;61.00
4853;pms5003;3628;6.559;3.386;2026-01-21T14:04:44.754920+00:00;P0;28.50
4854;DHT22;3628;6.559;3.386;2026-01-21T14:05:02.283004+00:00;humidity;48.30
4854;DHT22;3628;6.559;3.386;2026-01-21T14:05:02.283004+00:00;temperature;40.40
4854;DHT22;3628;6.559;3.386;2026-01-21T14:10:26.488245+00:00;humidity;48.70
4854;DHT22;3628;6.559;3.386;2026-01-21T14:10:26.488245+00:00;temperature;41.10
4853;pms5003;3628;6.559;3.386;2026-01-21T14:15:43.696997+00:00;P2;40.00
4853;pms5003;3628;6.559;3.386;2026-01-21T14:15:43.696997+00:00;P1;57.75
4853;pms5003;3628;6.559;3.386;2026-01-21T14:15:43.696997+00:00;P0;28.00
4854;DHT22;3628;6.559;3.386;2026-01-21T14:16:01.117781+00:00;humidity;48.30
4854;DHT22;3628;6.559;3.386;2026-01-21T14:16:01.117781+00:00;temperature;40.80
4854;DHT22;3628;6.559;3.386;2026-01-21T14:22:21.291441+00:00;humidity;49.20
4854;DHT22;3628;6.559;3.386;2026-01-21T14:22:21.291441+00:00;temperature;40.50
4853;pms5003;3628;6.559;3.386;2026-01-21T14:26:45.211957+00:00;P2;41.75
4853;pms5003;3628;6.559;3.386;2026-01-21T14:26:45.211957+00:00;P1;57.50
4853;pms5003;3628;6.559;3.386;2026-01-21T14:26:45.211957+00:00;P0;27.75
4854;DHT22;3628;6.559;3.386;2026-01-21T14:27:02.567004+00:00;humidity;47.90
4854;DHT22;3628;6.559;3.386;2026-01-21T14:27:02.567004+00:00;temperature;41.10
4853;pms5003;3628;6.559;3.386;2026-01-21T14:32:19.798531+00:00;P2;63.60
4853;pms5003;3628;6.559;3.386;2026-01-21T14:32:19.798531+00:00;P1;75.80
4853;pms5003;3628;6.559;3.386;2026-01-21T14:32:19.798531+00:00;P0;44.00
4854;DHT22;3628;6.559;3.386;2026-01-21T14:32:37.147069+00:00;humidity;47.30
4854;DHT22;3628;6.559;3.386;2026-01-21T14:32:37.147069+00:00;temperature;41.80
4854;DHT22;3628;6.559;3.386;2026-01-21T14:38:11.804213+00:00;humidity;53.20
4854;DHT22;3628;6.559;3.386;2026-01-21T14:38:11.804213+00:00;temperature;40.60
4854;DHT22;3628;6.559;3.386;2026-01-21T14:43:36.063993+00:00;humidity;56.20
4854;DHT22;3628;6.559;3.386;2026-01-21T14:43:36.063993+00:00;temperature;39.40
4854;DHT22;3628;6.559;3.386;2026-01-21T14:49:58.844470+00:00;humidity;57.50
4854;DHT22;3628;6.559;3.386;2026-01-21T14:49:58.844470+00:00;temperature;38.90
4853;pms5003;3628;6.559;3.386;2026-01-21T14:54:17.603754+00:00;P2;75.50
4853;pms5003;3628;6.559;3.386;2026-01-21T14:54:17.603754+00:00;P1;85.75
4853;pms5003;3628;6.559;3.386;2026-01-21T14:54:17.603754+00:00;P0;52.75
4854;DHT22;3628;6.559;3.386;2026-01-21T14:54:34.979291+00:00;humidity;55.20
4854;DHT22;3628;6.559;3.386;2026-01-21T14:54:34.979291+00:00;temperature;39.20
4853;pms5003;3628;6.559;3.386;2026-01-21T15:05:16.441664+00:00;P2;57.75
4853;pms5003;3628;6.559;3.386;2026-01-21T15:05:16.441664+00:00;P1;75.00
4853;pms5003;3628;6.559;3.386;2026-01-21T15:05:16.441664+00:00;P0;41.00
4854;DHT22;3628;6.559;3.386;2026-01-21T15:05:33.748444+00:00;humidity;55.70
4854;DHT22;3628;6.559;3.386;2026-01-21T15:05:33.748444+00:00;temperature;38.60
4854;DHT22;3628;6.559;3.386;2026-01-21T15:12:55.965862+00:00;humidity;56.20
4854;DHT22;3628;6.559;3.386;2026-01-21T15:12:55.965862+00:00;temperature;38.7p
4854;DHT22;3628;6.559;3.386;2026-01-21T15:16:35.139431+00:00;humidity;57.20
4854;DHT22;3628;6.559;3.386;2026-01-21T15:16:35.139431+00:00;temperature;38.40
4853;pms5003;3628;6.559;3.386;2026-01-21T15:21:52.362628+00:00;P2;53.00
4853;pms5003;3628;6.559;3.386;2026-01-21T15:21:52.362628+00:00;P1;69.25
4853;pms5003;3628;6.559;3.386;2026-01-21T15:21:52.362628+00:00;P0;36.75
4854;DHT22;3628;6.559;3.386;2026-01-21T15:22:09.670923+00:00;humidity;56.30
4854;DHT22;3628;6.559;3.386;2026-01-21T15:22:09.670923+00:00;temperature;38.40
4854;DHT22;3628;6.559;3.386;2026-01-21T15:27:44.269783+00:00;humidity;57.10
4854;DHT22;3628;6.559;3.386;2026-01-21T15:27:44.269783+00:00;temperature;38.50
4853;pms5003;3628;6.559;3.386;2026-01-21T15:33:01.521896+00:00;P2;52.00
4853;pms5003;3628;6.559;3.386;2026-01-21T15:33:01.521896+00:00;P1;67.00
4853;pms5003;3628;6.559;3.386;2026-01-21T15:33:01.521896+00:00;P0;35.00
4854;DHT22;3628;6.559;3.386;2026-01-21T15:33:18.874084+00:00;humidity;58.00
4854;DHT22;3628;6.559;3.386;2026-01-21T15:33:18.874084+00:00;temperature;38.30
4853;pms5003;3628;6.559;3.386;2026-01-21T15:38:39.196332+00:00;P2;56.50
4853;pms5003;3628;6.559;3.386;2026-01-21T15:38:39.196332+00:00;P1;71.75
4853;pms5003;3628;6.559;3.386;2026-01-21T15:38:39.196332+00:00;P0;40.00
4854;DHT22;3628;6.559;3.386;2026-01-21T15:44:15.559936+00:00;humidity;58.50
4854;DHT22;3628;6.559;3.386;2026-01-21T15:44:15.559936+00:00;temperature;38.00
4853;pms5003;3628;6.559;3.386;2026-01-21T15:49:32.784008+00:00;P2;45.20
4853;pms5003;3628;6.559;3.386;2026-01-21T15:49:32.784008+00:00;P1;62.00
4853;pms5003;3628;6.559;3.386;2026-01-21T15:49:32.784008+00:00;P0;29.80
4854;DHT22;3628;6.559;3.386;2026-01-21T15:49:50.121951+00:00;humidity;59.00
4854;DHT22;3628;6.559;3.386;2026-01-21T15:49:50.121951+00:00;temperature;37.70
4853;pms5003;3628;6.559;3.386;2026-01-21T15:55:07.339770+00:00;P2;53.00
4853;pms5003;3628;6.559;3.386;2026-01-21T15:55:07.339770+00:00;P1;71.00
4853;pms5003;3628;6.559;3.386;2026-01-21T15:55:07.339770+00:00;P0;35.25
4854;DHT22;3628;6.559;3.386;2026-01-21T15:55:24.691403+00:00;humidity;59.60
4854;DHT22;3628;6.559;3.386;2026-01-21T15:55:24.691403+00:00;temperature;37.60
4853;pms5003;3628;6.559;3.386;2026-01-21T16:00:41.939897+00:00;P2;38.50
4853;pms5003;3628;6.559;3.386;2026-01-21T16:00:41.939897+00:00;P1;47.25
4853;pms5003;3628;6.559;3.386;2026-01-21T16:00:41.939897+00:00;P0;25.25
4854;DHT22;3628;6.559;3.386;2026-01-21T16:00:59.336258+00:00;humidity;59.40
4854;DHT22;3628;6.559;3.386;2026-01-21T16:00:59.336258+00:00;temperature;37.50
4853;pms5003;3628;6.559;3.386;2026-01-21T16:06:16.657729+00:00;P2;40.40
4853;pms5003;3628;6.559;3.386;2026-01-21T16:06:16.657729+00:00;P1;51.60
4853;pms5003;3628;6.559;3.386;2026-01-21T16:06:16.657729+00:00;P0;27.00
4854;DHT22;3628;6.559;3.386;2026-01-21T16:12:08.620694+00:00;humidity;62.80
4854;DHT22;3628;6.559;3.386;2026-01-21T16:12:08.620694+00:00;temperature;36.20
4854;DHT22;3628;6.559;3.386;2026-01-21T16:17:35.230433+00:00;humidity;63.50
4854;DHT22;3628;6.559;3.386;2026-01-21T16:17:35.230433+00:00;temperature;36.00
4853;pms5003;3628;6.559;3.386;2026-01-21T16:22:52.454497+00:00;P2;38.00
4853;pms5003;3628;6.559;3.386;2026-01-21T16:22:52.454497+00:00;P1;45.50
4853;pms5003;3628;6.559;3.386;2026-01-21T16:22:52.454497+00:00;P0;24.25
4854;DHT22;3628;6.559;3.386;2026-01-21T16:23:09.713714+00:00;humidity;63.30
4854;DHT22;3628;6.559;3.386;2026-01-21T16:23:09.713714+00:00;temperature;36.00
4853;pms5003;3628;6.559;3.386;2026-01-21T16:28:26.889235+00:00;P2;35.25
4853;pms5003;3628;6.559;3.386;2026-01-21T16:28:26.889235+00:00;P1;47.00
4853;pms5003;3628;6.559;3.386;2026-01-21T16:28:26.889235+00:00;P0;23.50
4854;DHT22;3628;6.559;3.386;2026-01-21T16:28:44.273401+00:00;humidity;63.60
4854;DHT22;3628;6.559;3.386;2026-01-21T16:28:44.273401+00:00;temperature;35.50
4854;DHT22;3628;6.559;3.386;2026-01-21T16:39:32.177310+00:00;humidity;63.80
4854;DHT22;3628;6.559;3.386;2026-01-21T16:39:32.177310+00:00;temperature;35.30
4854;DHT22;3628;6.559;3.386;2026-01-21T16:44:56.420164+00:00;humidity;64.40
4854;DHT22;3628;6.559;3.386;2026-01-21T16:44:56.420164+00:00;temperature;35.00
4853;pms5003;3628;6.559;3.386;2026-01-21T16:50:13.592162+00:00;P2;36.25
4853;pms5003;3628;6.559;3.386;2026-01-21T16:50:13.592162+00:00;P1;50.75
4853;pms5003;3628;6.559;3.386;2026-01-21T16:50:13.592162+00:00;P0;23.25
4854;DHT22;3628;6.559;3.386;2026-01-21T16:55:44.226750+00:00;humidity;64.40
4854;DHT22;3628;6.559;3.386;2026-01-21T16:55:44.226750+00:00;temperature;34.80
4854;DHT22;3628;6.559;3.386;2026-01-21T17:13:31.052948+00:00;humidity;67.20
4854;DHT22;3628;6.559;3.386;2026-01-21T17:13:31.052948+00:00;temperature;34.20
4853;pms5003;3628;6.559;3.386;2026-01-21T17:16:55.685830+00:00;P2;32.00
4853;pms5003;3628;6.559;3.386;2026-01-21T17:16:55.685830+00:00;P1;44.00
4853;pms5003;3628;6.559;3.386;2026-01-21T17:16:55.685830+00:00;P0;20.40
4854;DHT22;3628;6.559;3.386;2026-01-21T17:17:12.987267+00:00;humidity;69.00
4854;DHT22;3628;6.559;3.386;2026-01-21T17:17:12.987267+00:00;temperature;33.80
4854;DHT22;3628;6.559;3.386;2026-01-21T17:35:12.813380+00:00;humidity;70.70
4854;DHT22;3628;6.559;3.386;2026-01-21T17:35:12.813380+00:00;temperature;33.10
4854;DHT22;3628;6.559;3.386;2026-01-21T17:38:59.610992+00:00;humidity;70.80
4854;DHT22;3628;6.559;3.386;2026-01-21T17:38:59.610992+00:00;temperature;33.10
4853;pms5003;3628;6.559;3.386;2026-01-21T17:44:16.693303+00:00;P2;34.60
4853;pms5003;3628;6.559;3.386;2026-01-21T17:44:16.693303+00:00;P1;46.20
4853;pms5003;3628;6.559;3.386;2026-01-21T17:44:16.693303+00:00;P0;23.00
4853;pms5003;3628;6.559;3.386;2026-01-21T17:50:29.608535+00:00;P2;32.75
4853;pms5003;3628;6.559;3.386;2026-01-21T17:50:29.608535+00:00;P1;49.75
4853;pms5003;3628;6.559;3.386;2026-01-21T17:50:29.608535+00:00;P0;21.75
4853;pms5003;3628;6.559;3.386;2026-01-21T17:55:05.249040+00:00;P2;32.00
4853;pms5003;3628;6.559;3.386;2026-01-21T17:55:05.249040+00:00;P1;47.00
4853;pms5003;3628;6.559;3.386;2026-01-21T17:55:05.249040+00:00;P0;21.00
4854;DHT22;3628;6.559;3.386;2026-01-21T17:55:22.636587+00:00;humidity;70.60
4854;DHT22;3628;6.559;3.386;2026-01-21T17:55:22.636587+00:00;temperature;32.80
4853;pms5003;3628;6.559;3.386;2026-01-21T18:00:39.810222+00:00;P2;32.00
4853;pms5003;3628;6.559;3.386;2026-01-21T18:00:39.810222+00:00;P1;41.50
4853;pms5003;3628;6.559;3.386;2026-01-21T18:00:39.810222+00:00;P0;21.00
4854;DHT22;3628;6.559;3.386;2026-01-21T18:00:57.184773+00:00;humidity;71.00
4854;DHT22;3628;6.559;3.386;2026-01-21T18:00:57.184773+00:00;temperature;32.60
4854;DHT22;3628;6.559;3.386;2026-01-21T18:11:45.171312+00:00;humidity;72.30
4854;DHT22;3628;6.559;3.386;2026-01-21T18:11:45.171312+00:00;temperature;32.30
4854;DHT22;3628;6.559;3.386;2026-01-21T18:22:22.448897+00:00;humidity;75.80
4854;DHT22;3628;6.559;3.386;2026-01-21T18:22:22.448897+00:00;temperature;32.10
4853;pms5003;3628;6.559;3.386;2026-01-21T18:27:39.635364+00:00;P2;39.40
4853;pms5003;3628;6.559;3.386;2026-01-21T18:27:39.635364+00:00;P1;51.80
4853;pms5003;3628;6.559;3.386;2026-01-21T18:27:39.635364+00:00;P0;25.00
4854;DHT22;3628;6.559;3.386;2026-01-21T18:27:57.146402+00:00;humidity;76.50
4854;DHT22;3628;6.559;3.386;2026-01-21T18:27:57.146402+00:00;temperature;32.10
4853;pms5003;3628;6.559;3.386;2026-01-21T18:33:14.336471+00:00;P2;39.00
4853;pms5003;3628;6.559;3.386;2026-01-21T18:33:14.336471+00:00;P1;46.00
4853;pms5003;3628;6.559;3.386;2026-01-21T18:33:14.336471+00:00;P0;24.00
4854;DHT22;3628;6.559;3.386;2026-01-21T18:33:31.689684+00:00;humidity;78.20
4854;DHT22;3628;6.559;3.386;2026-01-21T18:33:31.689684+00:00;temperature;31.90
4853;pms5003;3628;6.559;3.386;2026-01-21T18:38:48.931130+00:00;P2;39.80
4853;pms5003;3628;6.559;3.386;2026-01-21T18:38:48.931130+00:00;P1;56.00
4853;pms5003;3628;6.559;3.386;2026-01-21T18:38:48.931130+00:00;P0;25.20
4853;pms5003;3628;6.559;3.386;2026-01-21T18:44:12.671459+00:00;P2;35.00
4853;pms5003;3628;6.559;3.386;2026-01-21T18:44:12.671459+00:00;P1;48.00
4853;pms5003;3628;6.559;3.386;2026-01-21T18:44:12.671459+00:00;P0;24.00
4854;DHT22;3628;6.559;3.386;2026-01-21T18:44:42.021605+00:00;humidity;79.40
4854;DHT22;3628;6.559;3.386;2026-01-21T18:44:42.021605+00:00;temperature;31.80
4853;pms5003;3628;6.559;3.386;2026-01-21T18:49:50.247441+00:00;P2;35.60
4853;pms5003;3628;6.559;3.386;2026-01-21T18:49:50.247441+00:00;P1;44.00
4853;pms5003;3628;6.559;3.386;2026-01-21T18:49:50.247441+00:00;P0;22.60
4854;DHT22;3628;6.559;3.386;2026-01-21T18:50:07.669679+00:00;humidity;79.60
4854;DHT22;3628;6.559;3.386;2026-01-21T18:50:07.669679+00:00;temperature;31.80
4854;DHT22;3628;6.559;3.386;2026-01-21T18:55:31.370038+00:00;humidity;80.30
4854;DHT22;3628;6.559;3.386;2026-01-21T18:55:31.370038+00:00;temperature;31.70
4853;pms5003;3628;6.559;3.386;2026-01-21T19:00:48.776912+00:00;P2;38.25
4853;pms5003;3628;6.559;3.386;2026-01-21T19:00:48.776912+00:00;P1;52.00
4853;pms5003;3628;6.559;3.386;2026-01-21T19:00:48.776912+00:00;P0;24.00
4854;DHT22;3628;6.559;3.386;2026-01-21T19:01:05.948848+00:00;humidity;80.60
4854;DHT22;3628;6.559;3.386;2026-01-21T19:01:05.948848+00:00;temperature;31.60
4853;pms5003;3628;6.559;3.386;2026-01-21T19:28:35.599368+00:00;humidity;83.10
4853;pms5003;3628;6.559;3.386;2026-01-21T19:28:35.599368+00:00;temperature;31.40
4853;pms5003;3628;6.559;3.386;2026-01-21T19:33:52.941223+00:00;P2;43.00
4853;pms5003;3628;6.559;3.386;2026-01-21T19:33:52.941223+00:00;P1;59.50
4853;pms5003;3628;6.559;3.386;2026-01-21T19:33:52.941223+00:00;P0;28.00
4854;DHT22;3628;6.559;3.386;2026-01-21T19:34:10.111377+00:00;humidity;83.80
4854;DHT22;3628;6.559;3.386;2026-01-21T19:34:10.111377+00:00;temperature;31.40
4854;DHT22;3628;6.559;3.386;2026-01-21T19:39:34.361015+00:00;humidity;83.90
4854;DHT22;3628;6.559;3.386;2026-01-21T19:39:34.361015+00:00;temperature;31.30
4853;pms5003;3628;6.559;3.386;2026-01-21T21:46:20.963141+00:00;P2;50.00
4853;pms5003;3628;6.559;3.386;2026-01-21T21:46:20.963141+00:00;P1;68.25
4853;pms5003;3628;6.559;3.386;2026-01-21T21:46:20.963141+00:00;P0;34.00
4854;DHT22;3628;6.559;3.386;2026-01-21T21:46:40.922987+00:00;humidity;87.60
4854;DHT22;3628;6.559;3.386;2026-01-21T21:46:40.922987+00:00;temperature;30.90
4853;pms5003;3628;6.559;3.386;2026-01-21T21:51:58.154329+00:00;P2;46.75
4853;pms5003;3628;6.559;3.386;2026-01-21T21:51:58.154329+00:00;P1;68.00
4853;pms5003;3628;6.559;3.386;2026-01-21T21:51:58.154329+00:00;P0;30.50
4853;pms5003;3628;6.559;3.386;2026-01-21T22:02:49.472302+00:00;P2;44.00
4853;pms5003;3628;6.559;3.386;2026-01-21T22:02:49.472302+00:00;P1;54.50
4853;pms5003;3628;6.559;3.386;2026-01-21T22:02:49.472302+00:00;P0;28.25
4854;DHT22;3628;6.559;3.386;2026-01-21T22:03:06.849226+00:00;humidity;87.80
4854;DHT22;3628;6.559;3.386;2026-01-21T22:03:06.849226+00:00;temperature;30.80
4853;pms5003;3628;6.559;3.386;2026-01-21T22:08:26.892792+00:00;P2;42.50
4853;pms5003;3628;6.559;3.386;2026-01-21T22:08:26.892792+00:00;P1;55.50
4853;pms5003;3628;6.559;3.386;2026-01-21T22:08:26.892792+00:00;P0;27.50
4854;DHT22;3628;6.559;3.386;2026-01-21T22:08:44.318483+00:00;humidity;88.20
4854;DHT22;3628;6.559;3.386;2026-01-21T22:08:44.318483+00:00;temperature;30.70
4854;DHT22;3628;6.559;3.386;2026-01-21T22:14:07.442147+00:00;humidity;87.80
4854;DHT22;3628;6.559;3.386;2026-01-21T22:14:07.442147+00:00;temperature;30.80
4854;DHT22;3628;6.559;3.386;2026-01-21T22:19:29.473973+00:00;humidity;88.20
4854;DHT22;3628;6.559;3.386;2026-01-21T22:19:29.473973+00:00;temperature;30.70
4853;pms5003;3628;6.559;3.386;2026-01-21T22:24:46.646098+00:00;P2;40.00
4853;pms5003;3628;6.559;3.386;2026-01-21T22:24:46.646098+00:00;P1;49.33
4853;pms5003;3628;6.559;3.386;2026-01-21T22:24:46.646098+00:00;P0;26.00
4854;DHT22;3628;6.559;3.386;2026-01-21T22:30:17.614734+00:00;humidity;88.10
4854;DHT22;3628;6.559;3.386;2026-01-21T22:30:17.614734+00:00;temperature;30.70
4853;pms5003;3628;6.559;3.386;2026-01-21T22:35:37.690223+00:00;P2;40.00
4853;pms5003;3628;6.559;3.386;2026-01-21T22:35:37.690223+00:00;P1;57.50
4853;pms5003;3628;6.559;3.386;2026-01-21T22:35:37.690223+00:00;P0;26.00
4854;DHT22;3628;6.559;3.386;2026-01-21T22:35:55.195498+00:00;humidity;88.30
4854;DHT22;3628;6.559;3.386;2026-01-21T22:35:55.195498+00:00;temperature;30.70
4853;pms5003;3628;6.559;3.386;2026-01-21T22:41:12.404152+00:00;P2;39.00
4853;pms5003;3628;6.559;3.386;2026-01-21T22:41:12.404152+00:00;P1;53.50
4853;pms5003;3628;6.559;3.386;2026-01-21T22:41:12.404152+00:00;P0;26.00
4853;pms5003;3628;6.559;3.386;2026-01-21T22:46:36.500281+00:00;P2;41.60
4853;pms5003;3628;6.559;3.386;2026-01-21T22:46:36.500281+00:00;P1;53.80
4853;pms5003;3628;6.559;3.386;2026-01-21T22:46:36.500281+00:00;P0;27.40
4854;DHT22;3628;6.559;3.386;2026-01-21T22:46:53.838490+00:00;humidity;88.50
4854;DHT22;3628;6.559;3.386;2026-01-21T22:46:53.838490+00:00;temperature;30.70
4853;pms5003;3628;6.559;3.386;2026-01-21T22:53:09.332692+00:00;P2;43.00
4853;pms5003;3628;6.559;3.386;2026-01-21T22:53:09.332692+00:00;P1;57.00
4853;pms5003;3628;6.559;3.386;2026-01-21T22:53:09.332692+00:00;P0;28.00
4853;pms5003;3628;6.559;3.386;2026-01-21T22:57:35.254843+00:00;P2;46.50
4853;pms5003;3628;6.559;3.386;2026-01-21T22:57:35.254843+00:00;P1;64.25
4853;pms5003;3628;6.559;3.386;2026-01-21T22:57:35.254843+00:00;P0;29.25
4854;DHT22;3628;6.559;3.386;2026-01-21T22:57:52.613872+00:00;humidity;88.30
4854;DHT22;3628;6.559;3.386;2026-01-21T22:57:52.613872+00:00;temperature;30.70
4853;pms5003;3628;6.559;3.386;2026-01-21T23:03:09.809503+00:00;P2;59.50
4853;pms5003;3628;6.559;3.386;2026-01-21T23:03:09.809503+00:00;P1;74.00
4853;pms5003;3628;6.559;3.386;2026-01-21T23:03:09.809503+00:00;P0;37.00
4854;DHT22;3628;6.559;3.386;2026-01-21T23:03:27.168213+00:00;humidity;88.70
4854;DHT22;3628;6.559;3.386;2026-01-21T23:03:27.168213+00:00;temperature;30.60
4853;pms5003;3628;6.559;3.386;2026-01-21T23:08:44.354240+00:00;P2;58.25
4853;pms5003;3628;6.559;3.386;2026-01-21T23:08:44.354240+00:00;P1;81.50
4853;pms5003;3628;6.559;3.386;2026-01-21T23:08:44.354240+00:00;P0;34.00
4854;DHT22;3628;6.559;3.386;2026-01-21T23:09:01.857847+00:00;humidity;88.80
4854;DHT22;3628;6.559;3.386;2026-01-21T23:09:01.857847+00:00;temperature;30.60
4853;pms5003;3628;6.559;3.386;2026-01-21T23:15:26.476007+00:00;P2;69.50
4853;pms5003;3628;6.559;3.386;2026-01-21T23:15:26.476007+00:00;P1;82.00
4853;pms5003;3628;6.559;3.386;2026-01-21T23:15:26.476007+00:00;P0;39.75
4854;DHT22;3628;6.559;3.386;2026-01-21T23:20:00.725561+00:00;humidity;89.50
4854;DHT22;3628;6.559;3.386;2026-01-21T23:20:00.725561+00:00;temperature;30.60
4853;pms5003;3628;6.559;3.386;2026-01-21T23:25:17.911515+00:00;P2;54.00
4853;pms5003;3628;6.559;3.386;2026-01-21T23:25:17.911515+00:00;P1;76.50
4853;pms5003;3628;6.559;3.386;2026-01-21T23:25:17.911515+00:00;P0;32.75
4854;DHT22;3628;6.559;3.386;2026-01-21T23:25:35.269363+00:00;humidity;89.60
4854;DHT22;3628;6.559;3.386;2026-01-21T23:25:35.269363+00:00;temperature;30.50
4853;pms5003;3628;6.559;3.386;2026-01-21T23:30:58.203162+00:00;P2;44.75
4853;pms5003;3628;6.559;3.386;2026-01-21T23:30:58.203162+00:00;P1;62.50
4853;pms5003;3628;6.559;3.386;2026-01-21T23:30:58.203162+00:00;P0;27.00
4854;DHT22;3628;6.559;3.386;2026-01-21T23:31:09.849077+00:00;humidity;89.20
4854;DHT22;3628;6.559;3.386;2026-01-21T23:31:09.849077+00:00;temperature;30.60
4853;pms5003;3628;6.559;3.386;2026-01-21T23:38:22.893708+00:00;P2;45.50
4853;pms5003;3628;6.559;3.386;2026-01-21T23:38:22.893708+00:00;P1;59.50
4853;pms5003;3628;6.559;3.386;2026-01-21T23:38:22.893708+00:00;P0;27.75
4854;DHT22;3628;6.559;3.386;2026-01-21T23:42:08.529271+00:00;humidity;89.80
4854;DHT22;3628;6.559;3.386;2026-01-21T23:42:08.529271+00:00;temperature;30.50
4854;DHT22;3628;6.559;3.386;2026-01-21T23:47:32.522734+00:00;humidity;90.20
4854;DHT22;3628;6.559;3.386;2026-01-21T23:47:32.522734+00:00;temperature;30.40
4853;pms5003;3628;6.559;3.386;2026-01-21T23:58:13.599070+00:00;P2;38.75
4853;pms5003;3628;6.559;3.386;2026-01-21T23:58:13.599070+00:00;P1;51.25
4853;pms5003;3628;6.559;3.386;2026-01-21T23:58:13.599070+00:00;P0;24.25
4853;pms5003;3628;6.559;3.386;2026-01-22T00:03:48.109854+00:00;P2;41.80
4853;pms5003;3628;6.559;3.386;2026-01-22T00:03:48.109854+00:00;P1;55.60
4853;pms5003;3628;6.559;3.386;2026-01-22T00:03:48.109854+00:00;P0;27.00
4854;DHT22;3628;6.559;3.386;2026-01-22T00:04:05.480080+00:00;humidity;90.80
4854;DHT22;3628;6.559;3.386;2026-01-22T00:04:05.480080+00:00;temperature;30.40
4853;pms5003;3628;6.559;3.386;2026-01-22T00:09:22.656751+00:00;P2;42.50
4853;pms5003;3628;6.559;3.386;2026-01-22T00:09:22.656751+00:00;P1;56.75
4853;pms5003;3628;6.559;3.386;2026-01-22T00:09:22.656751+00:00;P0;26.00
4853;pms5003;3628;6.559;3.386;2026-01-22T00:14:49.383552+00:00;P2;39.00
4853;pms5003;3628;6.559;3.386;2026-01-22T00:14:49.383552+00:00;P1;49.25
4853;pms5003;3628;6.559;3.386;2026-01-22T00:14:49.383552+00:00;P0;26.00
4853;pms5003;3628;6.559;3.386;2026-01-22T09:30:37.986468+00:00;P2;32.00
4853;pms5003;3628;6.559;3.386;2026-01-22T09:30:37.986468+00:00;P1;46.20
4853;pms5003;3628;6.559;3.386;2026-01-22T09:30:37.986468+00:00;P0;20.00
4853;pms5003;3628;6.559;3.386;2026-01-22T09:41:27.186025+00:00;P2;32.00
4853;pms5003;3628;6.559;3.386;2026-01-22T09:41:27.186025+00:00;P1;45.00
4853;pms5003;3628;6.559;3.386;2026-01-22T09:41:27.186025+00:00;P0;20.80
4853;pms5003;3628;6.559;3.386;2026-01-22T09:47:01.757409+00:00;P2;36.00
4853;pms5003;3628;6.559;3.386;2026-01-22T09:47:01.757409+00:00;P1;49.00
4853;pms5003;3628;6.559;3.386;2026-01-22T09:47:01.757409+00:00;P0;23.00
4854;DHT22;3628;6.559;3.386;2026-01-22T10:13:09.911713+00:00;humidity;73.50
4854;DHT22;3628;6.559;3.386;2026-01-22T10:13:09.911713+00:00;temperature;34.90
4853;pms5003;3628;6.559;3.386;2026-01-22T10:24:01.640356+00:00;P2;33.33
4853;pms5003;3628;6.559;3.386;2026-01-22T10:24:01.640356+00:00;P1;46.00
4853;pms5003;3628;6.559;3.386;2026-01-22T10:24:01.640356+00:00;P0;21.33
4854;DHT22;3628;6.559;3.386;2026-01-22T10:24:18.971989+00:00;humidity;68.90
4854;DHT22;3628;6.559;3.386;2026-01-22T10:24:18.971989+00:00;temperature;35.90
4853;pms5003;3628;6.559;3.386;2026-01-22T10:29:36.192108+00:00;P2;33.00
4853;pms5003;3628;6.559;3.386;2026-01-22T10:29:36.192108+00:00;P1;41.75
4853;pms5003;3628;6.559;3.386;2026-01-22T10:29:36.192108+00:00;P0;22.00
4854;DHT22;3628;6.559;3.386;2026-01-22T10:29:53.683999+00:00;humidity;69.80
4854;DHT22;3628;6.559;3.386;2026-01-22T10:29:53.683999+00:00;temperature;35.90
4854;DHT22;3628;6.559;3.386;2026-01-22T10:40:51.955577+00:00;humidity;69.50
4854;DHT22;3628;6.559;3.386;2026-01-22T10:40:51.955577+00:00;temperature;36.10
4853;pms5003;3628;6.559;3.386;2026-01-22T10:51:22.679684+00:00;P2;31.75
4853;pms5003;3628;6.559;3.386;2026-01-22T10:51:22.679684+00:00;P1;49.00
4853;pms5003;3628;6.559;3.386;2026-01-22T10:51:22.679684+00:00;P0;19.00
4854;DHT22;3628;6.559;3.386;2026-01-22T11:02:06.691914+00:00;humidity;66.90
4854;DHT22;3628;6.559;3.386;2026-01-22T11:02:06.691914+00:00;temperature;36.00
4854;DHT22;3628;6.559;3.386;2026-01-22T11:12:57.493296+00:00;humidity;62.90
4854;DHT22;3628;6.559;3.386;2026-01-22T11:12:57.493296+00:00;temperature;37.30
4853;pms5003;3628;6.559;3.386;2026-01-22T11:18:14.792047+00:00;P2;31.33
4853;pms5003;3628;6.559;3.386;2026-01-22T11:18:14.792047+00:00;P1;47.67
4853;pms5003;3628;6.559;3.386;2026-01-22T11:18:14.792047+00:00;P0;21.00
4854;DHT22;3628;6.559;3.386;2026-01-22T11:18:32.163751+00:00;humidity;62.60
4854;DHT22;3628;6.559;3.386;2026-01-22T11:18:32.163751+00:00;temperature;37.40
4854;DHT22;3628;6.559;3.386;2026-01-22T11:29:19.623880+00:00;humidity;60.40
4854;DHT22;3628;6.559;3.386;2026-01-22T11:29:19.623880+00:00;temperature;37.10
4853;pms5003;3628;6.559;3.386;2026-01-22T11:34:36.777089+00:00;P2;34.25
4853;pms5003;3628;6.559;3.386;2026-01-22T11:34:36.777089+00:00;P1;43.25
4853;pms5003;3628;6.559;3.386;2026-01-22T11:34:36.777089+00:00;P0;21.75
4854;DHT22;3628;6.559;3.386;2026-01-22T11:34:54.162518+00:00;humidity;60.30
4854;DHT22;3628;6.559;3.386;2026-01-22T11:34:54.162518+00:00;temperature;37.60
4853;pms5003;3628;6.559;3.386;2026-01-22T11:40:11.376117+00:00;P2;33.00
4853;pms5003;3628;6.559;3.386;2026-01-22T11:40:11.376117+00:00;P1;49.50
4853;pms5003;3628;6.559;3.386;2026-01-22T11:40:11.376117+00:00;P0;21.50
4854;DHT22;3628;6.559;3.386;2026-01-22T11:45:42.539758+00:00;humidity;62.20
4854;DHT22;3628;6.559;3.386;2026-01-22T11:45:42.539758+00:00;temperature;36.20
4853;pms5003;3628;6.559;3.386;2026-01-22T11:50:59.783730+00:00;P2;40.20
4853;pms5003;3628;6.559;3.386;2026-01-22T11:50:59.783730+00:00;P1;50.80
4853;pms5003;3628;6.559;3.386;2026-01-22T11:50:59.783730+00:00;P0;26.80
4854;DHT22;3628;6.559;3.386;2026-01-22T11:51:17.130939+00:00;humidity;60.20
4854;DHT22;3628;6.559;3.386;2026-01-22T11:51:17.130939+00:00;temperature;37.00
4853;pms5003;3628;6.559;3.386;2026-01-22T12:01:58.269240+00:00;P2;36.40
4853;pms5003;3628;6.559;3.386;2026-01-22T12:01:58.269240+00:00;P1;48.80
4853;pms5003;3628;6.559;3.386;2026-01-22T12:01:58.269240+00:00;P0;25.00
4854;DHT22;3628;6.559;3.386;2026-01-22T12:02:15.711566+00:00;humidity;59.30
4854;DHT22;3628;6.559;3.386;2026-01-22T12:02:15.711566+00:00;temperature;36.90
4853;pms5003;3628;6.559;3.386;2026-01-22T12:12:46.110191+00:00;P2;33.00
4853;pms5003;3628;6.559;3.386;2026-01-22T12:12:46.110191+00:00;P1;42.00
4853;pms5003;3628;6.559;3.386;2026-01-22T12:12:46.110191+00:00;P0;22.00
4854;DHT22;3628;6.559;3.386;2026-01-22T12:13:06.346558+00:00;humidity;58.00
4854;DHT22;3628;6.559;3.386;2026-01-22T12:13:06.346558+00:00;temperature;37.50
4854;DHT22;3628;6.559;3.386;2026-01-22T12:23:43.210277+00:00;humidity;56.60
4854;DHT22;3628;6.559;3.386;2026-01-22T12:23:43.210277+00:00;temperature;37.80
4853;pms5003;3628;6.559;3.386;2026-01-22T12:29:00.418871+00:00;P2;35.00
4853;pms5003;3628;6.559;3.386;2026-01-22T12:29:00.418871+00:00;P1;42.50
4853;pms5003;3628;6.559;3.386;2026-01-22T12:29:00.418871+00:00;P0;23.00
4853;pms5003;3628;6.559;3.386;2026-01-22T12:39:50.758906+00:00;P2;35.50
4853;pms5003;3628;6.559;3.386;2026-01-22T12:39:50.758906+00:00;P1;47.00
4853;pms5003;3628;6.559;3.386;2026-01-22T12:39:50.758906+00:00;P0;23.50
4854;DHT22;3628;6.559;3.386;2026-01-22T12:45:32.239056+00:00;humidity;57.20
4854;DHT22;3628;6.559;3.386;2026-01-22T12:45:32.239056+00:00;temperature;37.30
4854;DHT22;3628;6.559;3.386;2026-01-22T12:56:43.972473+00:00;humidity;57.30
4854;DHT22;3628;6.559;3.386;2026-01-22T12:56:43.972473+00:00;temperature;38.00
4853;pms5003;3628;6.559;3.386;2026-01-22T13:02:01.167002+00:00;P2;41.75
4853;pms5003;3628;6.559;3.386;2026-01-22T13:02:01.167002+00:00;P1;57.25
4853;pms5003;3628;6.559;3.386;2026-01-22T13:02:01.167002+00:00;P0;26.00
4854;DHT22;3628;6.559;3.386;2026-01-22T13:02:18.585764+00:00;humidity;59.30
4854;DHT22;3628;6.559;3.386;2026-01-22T13:02:18.585764+00:00;temperature;36.80
4853;pms5003;3628;6.559;3.386;2026-01-22T13:07:35.770050+00:00;P2;38.25
4853;pms5003;3628;6.559;3.386;2026-01-22T13:07:35.770050+00:00;P1;52.50
4853;pms5003;3628;6.559;3.386;2026-01-22T13:07:35.770050+00:00;P0;25.50
4853;pms5003;3628;6.559;3.386;2026-01-22T13:12:59.544918+00:00;P2;37.50
4853;pms5003;3628;6.559;3.386;2026-01-22T13:12:59.544918+00:00;P1;55.00
4853;pms5003;3628;6.559;3.386;2026-01-22T13:12:59.544918+00:00;P0;24.00
4853;pms5003;3628;6.559;3.386;2026-01-22T13:56:08.590689+00:00;P2;44.00
4853;pms5003;3628;6.559;3.386;2026-01-22T13:56:08.590689+00:00;P1;63.25
4853;pms5003;3628;6.559;3.386;2026-01-22T13:56:08.590689+00:00;P0;28.75
4854;DHT22;3628;6.559;3.386;2026-01-22T14:12:48.664272+00:00;humidity;57.10
4854;DHT22;3628;6.559;3.386;2026-01-22T14:12:48.664272+00:00;temperature;37.40
4854;DHT22;3628;6.559;3.386;2026-01-22T14:18:23.360476+00:00;humidity;54.70
4854;DHT22;3628;6.559;3.386;2026-01-22T14:18:23.360476+00:00;temperature;38.60
4854;DHT22;3628;6.559;3.386;2026-01-22T14:23:52.753885+00:00;humidity;54.50
4854;DHT22;3628;6.559;3.386;2026-01-22T14:23:52.753885+00:00;temperature;38.90
4854;DHT22;3628;6.559;3.386;2026-01-22T14:29:24.513800+00:00;humidity;54.80
4854;DHT22;3628;6.559;3.386;2026-01-22T14:29:24.513800+00:00;temperature;38.50
4853;pms5003;3628;6.559;3.386;2026-01-22T14:34:41.939525+00:00;P2;40.00
4853;pms5003;3628;6.559;3.386;2026-01-22T14:34:41.939525+00:00;P1;53.00
4853;pms5003;3628;6.559;3.386;2026-01-22T14:34:41.939525+00:00;P0;26.00
4853;pms5003;3628;6.559;3.386;2026-01-22T14:45:29.880323+00:00;P2;39.00
4853;pms5003;3628;6.559;3.386;2026-01-22T14:45:29.880323+00:00;P1;51.60
4853;pms5003;3628;6.559;3.386;2026-01-22T14:45:29.880323+00:00;P0;27.00
4854;DHT22;3628;6.559;3.386;2026-01-22T14:51:03.632245+00:00;humidity;52.10
4854;DHT22;3628;6.559;3.386;2026-01-22T14:51:03.632245+00:00;temperature;39.10
4854;DHT22;3628;6.559;3.386;2026-01-22T14:56:27.387715+00:00;humidity;52.70
4854;DHT22;3628;6.559;3.386;2026-01-22T14:56:27.387715+00:00;temperature;38.90
4854;DHT22;3628;6.559;3.386;2026-01-22T15:01:54.207153+00:00;humidity;52.00
4854;DHT22;3628;6.559;3.386;2026-01-22T15:01:54.207153+00:00;temperature;39.10
4854;DHT22;3628;6.559;3.386;2026-01-22T15:07:18.132624+00:00;humidity;52.60
4854;DHT22;3628;6.559;3.386;2026-01-22T15:07:18.132624+00:00;temperature;38.50
4853;pms5003;3628;6.559;3.386;2026-01-22T15:12:38.330178+00:00;P2;47.75
4853;pms5003;3628;6.559;3.386;2026-01-22T15:12:38.330178+00:00;P1;65.50
4853;pms5003;3628;6.559;3.386;2026-01-22T15:12:38.330178+00:00;P0;31.50
4854;DHT22;3628;6.559;3.386;2026-01-22T15:18:19.768881+00:00;humidity;55.10
4854;DHT22;3628;6.559;3.386;2026-01-22T15:18:19.768881+00:00;temperature;37.60
4853;pms5003;3628;6.559;3.386;2026-01-22T15:23:37.005652+00:00;P2;42.50
4853;pms5003;3628;6.559;3.386;2026-01-22T15:23:37.005652+00:00;P1;54.50
4853;pms5003;3628;6.559;3.386;2026-01-22T15:23:37.005652+00:00;P0;29.00
4854;DHT22;3628;6.559;3.386;2026-01-22T15:23:54.380572+00:00;humidity;56.10
4854;DHT22;3628;6.559;3.386;2026-01-22T15:23:54.380572+00:00;temperature;36.90
4854;DHT22;3628;6.559;3.386;2026-01-22T15:29:18.177283+00:00;humidity;55.40
4854;DHT22;3628;6.559;3.386;2026-01-22T15:29:18.177283+00:00;temperature;37.20
4853;pms5003;3628;6.559;3.386;2026-01-22T15:34:35.364699+00:00;P2;36.75
4853;pms5003;3628;6.559;3.386;2026-01-22T15:34:35.364699+00:00;P1;51.25
4853;pms5003;3628;6.559;3.386;2026-01-22T15:34:35.364699+00:00;P0;24.50
4854;DHT22;3628;6.559;3.386;2026-01-22T15:34:52.765343+00:00;humidity;61.50
4854;DHT22;3628;6.559;3.386;2026-01-22T15:34:52.765343+00:00;temperature;37.20
4853;pms5003;3628;6.559;3.386;2026-01-22T15:40:10.065040+00:00;P2;38.50
4853;pms5003;3628;6.559;3.386;2026-01-22T15:40:10.065040+00:00;P1;53.50
4853;pms5003;3628;6.559;3.386;2026-01-22T15:40:10.065040+00:00;P0;25.50
4854;DHT22;3628;6.559;3.386;2026-01-22T15:40:27.515343+00:00;humidity;61.00
4854;DHT22;3628;6.559;3.386;2026-01-22T15:40:27.515343+00:00;temperature;37.40
4853;pms5003;3628;6.559;3.386;2026-01-22T15:45:44.722353+00:00;P2;37.60
4853;pms5003;3628;6.559;3.386;2026-01-22T15:45:44.722353+00:00;P1;54.60
4853;pms5003;3628;6.559;3.386;2026-01-22T15:45:44.722353+00:00;P0;24.40
4854;DHT22;3628;6.559;3.386;2026-01-22T15:46:02.147295+00:00;humidity;60.50
4854;DHT22;3628;6.559;3.386;2026-01-22T15:46:02.147295+00:00;temperature;37.40
4853;pms5003;3628;6.559;3.386;2026-01-22T15:51:19.345402+00:00;P2;39.33
4853;pms5003;3628;6.559;3.386;2026-01-22T15:51:19.345402+00:00;P1;53.00
4853;pms5003;3628;6.559;3.386;2026-01-22T15:51:19.345402+00:00;P0;24.33
4854;DHT22;3628;6.559;3.386;2026-01-22T15:51:36.770608+00:00;humidity;62.00
4854;DHT22;3628;6.559;3.386;2026-01-22T15:51:36.770608+00:00;temperature;37.20
4853;pms5003;3628;6.559;3.386;2026-01-22T15:56:53.985479+00:00;P2;36.75
4853;pms5003;3628;6.559;3.386;2026-01-22T15:56:53.985479+00:00;P1;49.25
4853;pms5003;3628;6.559;3.386;2026-01-22T15:56:53.985479+00:00;P0;23.75
4854;DHT22;3628;6.559;3.386;2026-01-22T15:57:11.551451+00:00;humidity;63.50
4854;DHT22;3628;6.559;3.386;2026-01-22T15:57:11.551451+00:00;temperature;36.50
4854;DHT22;3628;6.559;3.386;2026-01-22T16:02:35.221356+00:00;humidity;62.60
4854;DHT22;3628;6.559;3.386;2026-01-22T16:02:35.221356+00:00;temperature;36.60
4853;pms5003;3628;6.559;3.386;2026-01-22T16:07:52.460913+00:00;P2;36.75
4853;pms5003;3628;6.559;3.386;2026-01-22T16:07:52.460913+00:00;P1;52.00
4853;pms5003;3628;6.559;3.386;2026-01-22T16:07:52.460913+00:00;P0;25.00
4854;DHT22;3628;6.559;3.386;2026-01-22T16:08:09.929792+00:00;humidity;62.20
4854;DHT22;3628;6.559;3.386;2026-01-22T16:08:09.929792+00:00;temperature;36.60
4853;pms5003;3628;6.559;3.386;2026-01-22T16:13:27.282254+00:00;P2;35.50
4853;pms5003;3628;6.559;3.386;2026-01-22T16:13:27.282254+00:00;P1;45.50
4853;pms5003;3628;6.559;3.386;2026-01-22T16:13:27.282254+00:00;P0;25.00
4854;DHT22;3628;6.559;3.386;2026-01-22T16:13:44.737551+00:00;humidity;64.20
4854;DHT22;3628;6.559;3.386;2026-01-22T16:13:44.737551+00:00;temperature;36.50
4853;pms5003;3628;6.559;3.386;2026-01-22T16:19:01.960331+00:00;P2;38.75
4853;pms5003;3628;6.559;3.386;2026-01-22T16:19:01.960331+00:00;P1;53.50
4853;pms5003;3628;6.559;3.386;2026-01-22T16:19:01.960331+00:00;P0;25.25
4854;DHT22;3628;6.559;3.386;2026-01-22T16:19:19.412318+00:00;humidity;65.10
4854;DHT22;3628;6.559;3.386;2026-01-22T16:19:19.412318+00:00;temperature;36.10
4853;pms5003;3628;6.559;3.386;2026-01-22T16:24:36.645014+00:00;P2;40.00
4853;pms5003;3628;6.559;3.386;2026-01-22T16:24:36.645014+00:00;P1;53.00
4853;pms5003;3628;6.559;3.386;2026-01-22T16:24:36.645014+00:00;P0;27.00
4854;DHT22;3628;6.559;3.386;2026-01-22T16:24:54.041771+00:00;humidity;66.50
4854;DHT22;3628;6.559;3.386;2026-01-22T16:24:54.041771+00:00;temperature;35.40
4853;pms5003;3628;6.559;3.386;2026-01-22T16:30:11.284322+00:00;P2;42.00
4853;pms5003;3628;6.559;3.386;2026-01-22T16:30:11.284322+00:00;P1;60.00
4853;pms5003;3628;6.559;3.386;2026-01-22T16:30:11.284322+00:00;P0;27.25
4854;DHT22;3628;6.559;3.386;2026-01-22T16:30:28.734293+00:00;humidity;67.30
4854;DHT22;3628;6.559;3.386;2026-01-22T16:30:28.734293+00:00;temperature;35.30
4854;DHT22;3628;6.559;3.386;2026-01-22T16:36:03.310554+00:00;humidity;67.70
4854;DHT22;3628;6.559;3.386;2026-01-22T16:36:03.310554+00:00;temperature;35.20
4853;pms5003;3628;6.559;3.386;2026-01-22T16:41:20.655525+00:00;P2;49.50
4853;pms5003;3628;6.559;3.386;2026-01-22T16:41:20.655525+00:00;P1;66.00
4853;pms5003;3628;6.559;3.386;2026-01-22T16:41:20.655525+00:00;P0;32.75
4854;DHT22;3628;6.559;3.386;2026-01-22T16:41:38.087489+00:00;humidity;68.40
4854;DHT22;3628;6.559;3.386;2026-01-22T16:41:38.087489+00:00;temperature;35.00
4853;pms5003;3628;6.559;3.386;2026-01-22T16:52:11.822749+00:00;P2;38.00
4853;pms5003;3628;6.559;3.386;2026-01-22T16:52:11.822749+00:00;P1;52.75
4853;pms5003;3628;6.559;3.386;2026-01-22T16:52:11.822749+00:00;P0;26.00
4854;DHT22;3628;6.559;3.386;2026-01-22T16:52:29.345358+00:00;humidity;69.20
4854;DHT22;3628;6.559;3.386;2026-01-22T16:52:29.345358+00:00;temperature;34.70
4854;DHT22;3628;6.559;3.386;2026-01-22T16:57:53.553595+00:00;humidity;70.50
4854;DHT22;3628;6.559;3.386;2026-01-22T16:57:53.553595+00:00;temperature;34.30
4853;pms5003;3628;6.559;3.386;2026-01-22T17:03:10.729420+00:00;P2;38.00
4853;pms5003;3628;6.559;3.386;2026-01-22T17:03:10.729420+00:00;P1;52.00
4853;pms5003;3628;6.559;3.386;2026-01-22T17:03:10.729420+00:00;P0;26.00
4854;DHT22;3628;6.559;3.386;2026-01-22T17:03:28.193961+00:00;humidity;70.90
4854;DHT22;3628;6.559;3.386;2026-01-22T17:03:28.193961+00:00;temperature;34.20
4854;DHT22;3628;6.559;3.386;2026-01-22T17:08:51.950981+00:00;humidity;71.10
4854;DHT22;3628;6.559;3.386;2026-01-22T17:08:51.950981+00:00;temperature;34.20
4854;DHT22;3628;6.559;3.386;2026-01-22T17:14:26.689199+00:00;humidity;71.40
4854;DHT22;3628;6.559;3.386;2026-01-22T17:14:26.689199+00:00;temperature;34.00
4854;DHT22;3628;6.559;3.386;2026-01-22T17:19:43.978819+00:00;P2;37.00
4854;DHT22;3628;6.559;3.386;2026-01-22T17:19:43.978819+00:00;P1;47.00
4854;DHT22;3628;6.559;3.386;2026-01-22T17:19:43.978819+00:00;P0;23.00
4854;DHT22;3628;6.559;3.386;2026-01-22T17:20:01.405492+00:00;humidity;72.30
4854;DHT22;3628;6.559;3.386;2026-01-22T17:20:01.405492+00:00;temperature;33.80
4853;pms5003;3628;6.559;3.386;2026-01-22T18:54:37.429410+00:00;P2;36.00
4853;pms5003;3628;6.559;3.386;2026-01-22T18:54:37.429410+00:00;P1;52.00
4853;pms5003;3628;6.559;3.386;2026-01-22T18:54:37.429410+00:00;P0;22.00
4853;pms5003;3628;6.559;3.386;2026-01-22T19:00:01.206661+00:00;P2;35.80
4853;pms5003;3628;6.559;3.386;2026-01-22T19:00:01.206661+00:00;P1;46.80
4853;pms5003;3628;6.559;3.386;2026-01-22T19:00:01.206661+00:00;P0;23.00
4853;pms5003;3628;6.559;3.386;2026-01-22T19:10:49.200353+00:00;P2;34.25
4853;pms5003;3628;6.559;3.386;2026-01-22T19:10:49.200353+00:00;P1;48.00
4853;pms5003;3628;6.559;3.386;2026-01-22T19:10:49.200353+00:00;P0;23.00
4854;DHT22;3628;6.559;3.386;2026-01-22T19:11:06.550489+00:00;humidity;77.00
4854;DHT22;3628;6.559;3.386;2026-01-22T19:11:06.550489+00:00;temperature;32.20
4853;pms5003;3628;6.559;3.386;2026-01-22T19:16:23.718718+00:00;P2;36.00
4853;pms5003;3628;6.559;3.386;2026-01-22T19:16:23.718718+00:00;P1;48.00
4853;pms5003;3628;6.559;3.386;2026-01-22T19:16:23.718718+00:00;P0;23.75
4854;DHT22;3628;6.559;3.386;2026-01-22T19:16:41.069538+00:00;humidity;77.50
4854;DHT22;3628;6.559;3.386;2026-01-22T19:16:41.069538+00:00;temperature;32.00
4853;pms5003;3628;6.559;3.386;2026-01-22T19:21:58.274998+00:00;P2;38.50
4853;pms5003;3628;6.559;3.386;2026-01-22T19:21:58.274998+00:00;P1;48.00
4853;pms5003;3628;6.559;3.386;2026-01-22T19:21:58.274998+00:00;P0;24.50
4854;DHT22;3628;6.559;3.386;2026-01-22T19:22:15.731654+00:00;humidity;77.60
4854;DHT22;3628;6.559;3.386;2026-01-22T19:22:15.731654+00:00;temperature;32.00
4853;pms5003;3628;6.559;3.386;2026-01-22T19:27:32.953497+00:00;P2;36.40
4853;pms5003;3628;6.559;3.386;2026-01-22T19:27:32.953497+00:00;P1;47.40
4853;pms5003;3628;6.559;3.386;2026-01-22T19:27:32.953497+00:00;P0;23.00
4854;DHT22;3628;6.559;3.386;2026-01-22T19:27:50.328882+00:00;humidity;77.40
4854;DHT22;3628;6.559;3.386;2026-01-22T19:27:50.328882+00:00;temperature;32.10
4853;pms5003;3628;6.559;3.386;2026-01-22T19:33:07.504237+00:00;P2;39.00
4853;pms5003;3628;6.559;3.386;2026-01-22T19:33:07.504237+00:00;P1;49.00
4853;pms5003;3628;6.559;3.386;2026-01-22T19:33:07.504237+00:00;P0;26.00
4854;DHT22;3628;6.559;3.386;2026-01-22T19:33:24.857890+00:00;humidity;77.80
4854;DHT22;3628;6.559;3.386;2026-01-22T19:33:24.857890+00:00;temperature;32.00
4854;DHT22;3628;6.559;3.386;2026-01-22T19:38:42.037649+00:00;P2;38.00
4854;DHT22;3628;6.559;3.386;2026-01-22T19:38:42.037649+00:00;P1;51.80
4854;DHT22;3628;6.559;3.386;2026-01-22T19:38:42.037649+00:00;P0;26.00
4854;DHT22;3628;6.559;3.386;2026-01-22T19:38:59.371940+00:00;humidity;77.70
4854;DHT22;3628;6.559;3.386;2026-01-22T19:38:59.371940+00:00;temperature;32.00
4853;pms5003;3628;6.559;3.386;2026-01-22T19:44:16.570225+00:00;P2;40.00
4853;pms5003;3628;6.559;3.386;2026-01-22T19:44:16.570225+00:00;P1;53.40
4853;pms5003;3628;6.559;3.386;2026-01-22T19:44:16.570225+00:00;P0;26.40
4853;pms5003;3628;6.559;3.386;2026-01-22T19:49:40.630663+00:00;P2;44.00
4853;pms5003;3628;6.559;3.386;2026-01-22T19:49:40.630663+00:00;P1;59.40
4853;pms5003;3628;6.559;3.386;2026-01-22T19:49:40.630663+00:00;P0;29.00
4854;DHT22;3628;6.559;3.386;2026-01-22T19:49:57.969578+00:00;humidity;77.90
4854;DHT22;3628;6.559;3.386;2026-01-22T19:49:57.969578+00:00;temperature;32.00
4853;pms5003;3628;6.559;3.386;2026-01-22T19:55:15.286766+00:00;P2;34.00
4853;pms5003;3628;6.559;3.386;2026-01-22T19:55:15.286766+00:00;P1;44.75
4853;pms5003;3628;6.559;3.386;2026-01-22T19:55:15.286766+00:00;P0;24.00
4854;DHT22;3628;6.559;3.386;2026-01-22T19:55:32.638637+00:00;humidity;77.90
4854;DHT22;3628;6.559;3.386;2026-01-22T19:55:32.638637+00:00;temperature;32.00
4853;pms5003;3628;6.559;3.386;2026-01-22T20:00:49.817361+00:00;P2;38.00
4853;pms5003;3628;6.559;3.386;2026-01-22T20:00:49.817361+00:00;P1;53.00
4853;pms5003;3628;6.559;3.386;2026-01-22T20:00:49.817361+00:00;P0;26.00
4854;DHT22;3628;6.559;3.386;2026-01-22T20:01:07.166634+00:00;humidity;78.30
4854;DHT22;3628;6.559;3.386;2026-01-22T20:01:07.166634+00:00;temperature;31.90
4853;pms5003;3628;6.559;3.386;2026-01-22T20:06:24.332596+00:00;P2;37.33
4853;pms5003;3628;6.559;3.386;2026-01-22T20:06:24.332596+00:00;P1;48.33
4853;pms5003;3628;6.559;3.386;2026-01-22T20:06:24.332596+00:00;P0;24.00
4854;DHT22;3628;6.559;3.386;2026-01-22T20:06:41.693051+00:00;humidity;78.60
4854;DHT22;3628;6.559;3.386;2026-01-22T20:06:41.693051+00:00;temperature;31.90
4853;pms5003;3628;6.559;3.386;2026-01-22T20:11:58.863071+00:00;P2;39.00
4853;pms5003;3628;6.559;3.386;2026-01-22T20:11:58.863071+00:00;P1;51.50
4853;pms5003;3628;6.559;3.386;2026-01-22T20:11:58.863071+00:00;P0;26.00
4854;DHT22;3628;6.559;3.386;2026-01-22T20:12:16.273788+00:00;humidity;79.00
4854;DHT22;3628;6.559;3.386;2026-01-22T20:12:16.273788+00:00;temperature;31.90
4853;pms5003;3628;6.559;3.386;2026-01-22T20:17:33.433897+00:00;P2;38.80
4853;pms5003;3628;6.559;3.386;2026-01-22T20:17:33.433897+00:00;P1;56.80
4853;pms5003;3628;6.559;3.386;2026-01-22T20:17:33.433897+00:00;P0;27.00
4854;DHT22;3628;6.559;3.386;2026-01-22T20:17:50.810854+00:00;humidity;78.80
4854;DHT22;3628;6.559;3.386;2026-01-22T20:17:50.810854+00:00;temperature;31.90
4853;pms5003;3628;6.559;3.386;2026-01-22T20:23:07.977605+00:00;P2;38.00
4853;pms5003;3628;6.559;3.386;2026-01-22T20:23:07.977605+00:00;P1;52.00
4853;pms5003;3628;6.559;3.386;2026-01-22T20:23:07.977605+00:00;P0;27.00
4854;DHT22;3628;6.559;3.386;2026-01-22T20:23:25.435822+00:00;humidity;78.90
4854;DHT22;3628;6.559;3.386;2026-01-22T20:23:25.435822+00:00;temperature;32.00
4853;pms5003;3628;6.559;3.386;2026-01-22T20:28:42.613936+00:00;P2;40.80
4853;pms5003;3628;6.559;3.386;2026-01-22T20:28:42.613936+00:00;P1;57.80
4853;pms5003;3628;6.559;3.386;2026-01-22T20:28:42.613936+00:00;P0;26.60
4854;DHT22;3628;6.559;3.386;2026-01-22T20:28:59.949981+00:00;humidity;78.80
4854;DHT22;3628;6.559;3.386;2026-01-22T20:28:59.949981+00:00;temperature;32.00
4854;DHT22;3628;6.559;3.386;2026-01-22T20:34:23.656883+00:00;humidity;79.20
4854;DHT22;3628;6.559;3.386;2026-01-22T20:34:23.656883+00:00;temperature;31.90
4853;pms5003;3628;6.559;3.386;2026-01-22T20:44:54.132830+00:00;P2;42.60
4853;pms5003;3628;6.559;3.386;2026-01-22T20:44:54.132830+00:00;P1;53.60
4853;pms5003;3628;6.559;3.386;2026-01-22T20:44:54.132830+00:00;P0;27.20
4854;DHT22;3628;6.559;3.386;2026-01-22T20:45:11.786731+00:00;humidity;79.70
4854;DHT22;3628;6.559;3.386;2026-01-22T20:45:11.786731+00:00;temperature;31.80
4854;DHT22;3628;6.559;3.386;2026-01-22T20:50:46.612026+00:00;humidity;80.00
4854;DHT22;3628;6.559;3.386;2026-01-22T20:50:46.612026+00:00;temperature;31.70
4853;pms5003;3628;6.559;3.386;2026-01-22T20:56:03.911860+00:00;P2;45.00
4853;pms5003;3628;6.559;3.386;2026-01-22T20:56:03.911860+00:00;P1;59.00
4853;pms5003;3628;6.559;3.386;2026-01-22T20:56:03.911860+00:00;P0;29.00
4854;DHT22;3628;6.559;3.386;2026-01-22T20:56:21.507762+00:00;humidity;79.80
4854;DHT22;3628;6.559;3.386;2026-01-22T20:56:21.507762+00:00;temperature;31.70
4853;pms5003;3628;6.559;3.386;2026-01-22T21:07:02.858786+00:00;P2;41.00
4853;pms5003;3628;6.559;3.386;2026-01-22T21:07:02.858786+00:00;P1;52.50
4853;pms5003;3628;6.559;3.386;2026-01-22T21:07:02.858786+00:00;P0;28.00
4854;DHT22;3628;6.559;3.386;2026-01-22T21:07:20.116630+00:00;humidity;79.90
4854;DHT22;3628;6.559;3.386;2026-01-22T21:07:20.116630+00:00;temperature;31.70
4853;pms5003;3628;6.559;3.386;2026-01-22T21:12:37.296046+00:00;P2;43.50
4853;pms5003;3628;6.559;3.386;2026-01-22T21:12:37.296046+00:00;P1;59.50
4853;pms5003;3628;6.559;3.386;2026-01-22T21:12:37.296046+00:00;P0;28.00
4854;DHT22;3628;6.559;3.386;2026-01-22T21:12:54.628596+00:00;humidity;80.60
4854;DHT22;3628;6.559;3.386;2026-01-22T21:12:54.628596+00:00;temperature;31.60
4853;pms5003;3628;6.559;3.386;2026-01-22T21:21:38.315163+00:00;P2;46.00
4853;pms5003;3628;6.559;3.386;2026-01-22T21:21:38.315163+00:00;P1;61.25
4853;pms5003;3628;6.559;3.386;2026-01-22T21:21:38.315163+00:00;P0;31.00
4854;DHT22;3628;6.559;3.386;2026-01-22T21:21:55.695787+00:00;humidity;80.90
4854;DHT22;3628;6.559;3.386;2026-01-22T21:21:55.695787+00:00;temperature;31.60
4853;pms5003;3628;6.559;3.386;2026-01-22T21:27:18.914078+00:00;P2;46.00
4853;pms5003;3628;6.559;3.386;2026-01-22T21:27:18.914078+00:00;P1;65.00
4853;pms5003;3628;6.559;3.386;2026-01-22T21:27:18.914078+00:00;P0;32.00
4854;DHT22;3628;6.559;3.386;2026-01-22T21:27:38.910326+00:00;humidity;81.10
4854;DHT22;3628;6.559;3.386;2026-01-22T21:27:38.910326+00:00;temperature;31.50
4854;DHT22;3628;6.559;3.386;2026-01-22T21:33:08.703527+00:00;humidity;81.30
4854;DHT22;3628;6.559;3.386;2026-01-22T21:33:08.703527+00:00;temperature;31.50
4853;pms5003;3628;6.559;3.386;2026-01-22T21:38:25.879477+00:00;P2;46.40
4853;pms5003;3628;6.559;3.386;2026-01-22T21:38:25.879477+00:00;P1;62.00
4853;pms5003;3628;6.559;3.386;2026-01-22T21:38:25.879477+00:00;P0;31.00
4854;DHT22;3628;6.559;3.386;2026-01-22T21:38:43.229362+00:00;humidity;81.80
4854;DHT22;3628;6.559;3.386;2026-01-22T21:38:43.229362+00:00;temperature;31.40
4853;pms5003;3628;6.559;3.386;2026-01-22T21:44:00.416589+00:00;P2;45.50
4853;pms5003;3628;6.559;3.386;2026-01-22T21:44:00.416589+00:00;P1;62.25
4853;pms5003;3628;6.559;3.386;2026-01-22T21:44:00.416589+00:00;P0;30.25
4853;pms5003;3628;6.559;3.386;2026-01-22T21:49:24.324874+00:00;P2;42.50
4853;pms5003;3628;6.559;3.386;2026-01-22T21:49:24.324874+00:00;P1;57.50
4853;pms5003;3628;6.559;3.386;2026-01-22T21:49:24.324874+00:00;P0;28.00
4854;DHT22;3628;6.559;3.386;2026-01-22T21:49:41.777472+00:00;humidity;81.80
4854;DHT22;3628;6.559;3.386;2026-01-22T21:49:41.777472+00:00;temperature;31.40
4854;DHT22;3628;6.559;3.386;2026-01-22T21:55:08.426104+00:00;humidity;81.90
4854;DHT22;3628;6.559;3.386;2026-01-22T21:55:08.426104+00:00;temperature;31.30
4853;pms5003;3628;6.559;3.386;2026-01-22T22:00:25.648894+00:00;P2;45.50
4853;pms5003;3628;6.559;3.386;2026-01-22T22:00:25.648894+00:00;P1;59.50
4853;pms5003;3628;6.559;3.386;2026-01-22T22:00:25.648894+00:00;P0;30.00
4854;DHT22;3628;6.559;3.386;2026-01-22T22:00:43.032987+00:00;humidity;81.90
4854;DHT22;3628;6.559;3.386;2026-01-22T22:00:43.032987+00:00;temperature;31.30
4853;pms5003;3628;6.559;3.386;2026-01-22T22:06:00.223062+00:00;P2;50.00
4853;pms5003;3628;6.559;3.386;2026-01-22T22:06:00.223062+00:00;P1;70.00
4853;pms5003;3628;6.559;3.386;2026-01-22T22:06:00.223062+00:00;P0;32.00
4854;DHT22;3628;6.559;3.386;2026-01-22T22:06:17.590004+00:00;humidity;82.30
4854;DHT22;3628;6.559;3.386;2026-01-22T22:06:17.590004+00:00;temperature;31.20
4853;pms5003;3628;6.559;3.386;2026-01-22T22:11:34.762054+00:00;P2;51.50
4853;pms5003;3628;6.559;3.386;2026-01-22T22:11:34.762054+00:00;P1;68.50
4853;pms5003;3628;6.559;3.386;2026-01-22T22:11:34.762054+00:00;P0;34.00
4854;DHT22;3628;6.559;3.386;2026-01-22T22:11:52.117569+00:00;humidity;82.50
4854;DHT22;3628;6.559;3.386;2026-01-22T22:11:52.117569+00:00;temperature;31.20
4853;pms5003;3628;6.559;3.386;2026-01-22T22:17:09.295567+00:00;P2;63.50
4853;pms5003;3628;6.559;3.386;2026-01-22T22:17:09.295567+00:00;P1;78.50
4853;pms5003;3628;6.559;3.386;2026-01-22T22:17:09.295567+00:00;P0;40.25
4854;DHT22;3628;6.559;3.386;2026-01-22T22:17:26.665795+00:00;humidity;82.40
4854;DHT22;3628;6.559;3.386;2026-01-22T22:17:26.665795+00:00;temperature;31.20
4853;pms5003;3628;6.559;3.386;2026-01-22T22:28:07.552309+00:00;P2;126.25
4853;pms5003;3628;6.559;3.386;2026-01-22T22:28:07.552309+00:00;P1;145.25
4853;pms5003;3628;6.559;3.386;2026-01-22T22:28:07.552309+00:00;P0;73.00
4854;DHT22;3628;6.559;3.386;2026-01-22T22:28:24.890618+00:00;humidity;82.70
4854;DHT22;3628;6.559;3.386;2026-01-22T22:28:24.890618+00:00;temperature;31.20
4853;pms5003;3628;6.559;3.386;2026-01-22T22:33:42.105215+00:00;P2;140.50
4853;pms5003;3628;6.559;3.386;2026-01-22T22:33:42.105215+00:00;P1;150.50
4853;pms5003;3628;6.559;3.386;2026-01-22T22:33:42.105215+00:00;P0;79.00
4853;pms5003;3628;6.559;3.386;2026-01-22T22:39:06.224871+00:00;P2;126.50
4853;pms5003;3628;6.559;3.386;2026-01-22T22:39:06.224871+00:00;P1;146.50
4853;pms5003;3628;6.559;3.386;2026-01-22T22:39:06.224871+00:00;P0;74.00
4854;DHT22;3628;6.559;3.386;2026-01-22T22:39:23.590478+00:00;humidity;82.80
4854;DHT22;3628;6.559;3.386;2026-01-22T22:39:23.590478+00:00;temperature;31.20
4853;pms5003;3628;6.559;3.386;2026-01-22T22:44:40.799632+00:00;P2;100.00
4853;pms5003;3628;6.559;3.386;2026-01-22T22:44:40.799632+00:00;P1;117.40
4853;pms5003;3628;6.559;3.386;2026-01-22T22:44:40.799632+00:00;P0;60.00
4854;DHT22;3628;6.559;3.386;2026-01-22T22:44:58.146127+00:00;humidity;83.20
4854;DHT22;3628;6.559;3.386;2026-01-22T22:44:58.146127+00:00;temperature;31.10
4853;pms5003;3628;6.559;3.386;2026-01-22T22:50:15.331107+00:00;P2;98.20
4853;pms5003;3628;6.559;3.386;2026-01-22T22:50:15.331107+00:00;P1;111.40
4853;pms5003;3628;6.559;3.386;2026-01-22T22:50:15.331107+00:00;P0;60.60
4854;DHT22;3628;6.559;3.386;2026-01-22T22:50:32.691961+00:00;humidity;83.30
4854;DHT22;3628;6.559;3.386;2026-01-22T22:50:32.691961+00:00;temperature;31.10
4853;pms5003;3628;6.559;3.386;2026-01-22T22:55:49.848624+00:00;P2;80.00
4853;pms5003;3628;6.559;3.386;2026-01-22T22:55:49.848624+00:00;P1;96.33
4853;pms5003;3628;6.559;3.386;2026-01-22T22:55:49.848624+00:00;P0;51.00
4854;DHT22;3628;6.559;3.386;2026-01-22T22:56:07.152181+00:00;humidity;83.00
4854;DHT22;3628;6.559;3.386;2026-01-22T22:56:07.152181+00:00;temperature;31.10
4853;pms5003;3628;6.559;3.386;2026-01-22T23:01:24.465640+00:00;P2;70.75
4853;pms5003;3628;6.559;3.386;2026-01-22T23:01:24.465640+00:00;P1;84.50
4853;pms5003;3628;6.559;3.386;2026-01-22T23:01:24.465640+00:00;P0;47.75
4854;DHT22;3628;6.559;3.386;2026-01-22T23:01:41.816172+00:00;humidity;83.70
4854;DHT22;3628;6.559;3.386;2026-01-22T23:01:41.816172+00:00;temperature;31.00
4853;pms5003;3628;6.559;3.386;2026-01-22T23:06:58.993389+00:00;P2;73.25
4853;pms5003;3628;6.559;3.386;2026-01-22T23:06:58.993389+00:00;P1;84.25
4853;pms5003;3628;6.559;3.386;2026-01-22T23:06:58.993389+00:00;P0;45.00
4854;DHT22;3628;6.559;3.386;2026-01-22T23:07:16.343247+00:00;humidity;83.70
4854;DHT22;3628;6.559;3.386;2026-01-22T23:07:16.343247+00:00;temperature;31.00
4853;pms5003;3628;6.559;3.386;2026-01-22T23:12:33.580601+00:00;P2;61.00
4853;pms5003;3628;6.559;3.386;2026-01-22T23:12:33.580601+00:00;P1;76.00
4853;pms5003;3628;6.559;3.386;2026-01-22T23:12:33.580601+00:00;P0;41.00
4853;pms5003;3628;6.559;3.386;2026-01-22T23:18:08.108643+00:00;P2;65.50
4853;pms5003;3628;6.559;3.386;2026-01-22T23:18:08.108643+00:00;P1;78.25
4853;pms5003;3628;6.559;3.386;2026-01-22T23:18:08.108643+00:00;P0;45.00
4853;pms5003;3628;6.559;3.386;2026-01-22T23:23:32.049765+00:00;P2;63.00
4853;pms5003;3628;6.559;3.386;2026-01-22T23:23:32.049765+00:00;P1;77.80
4853;pms5003;3628;6.559;3.386;2026-01-22T23:23:32.049765+00:00;P0;43.00
4854;DHT22;3628;6.559;3.386;2026-01-22T23:23:49.390805+00:00;humidity;84.90
4854;DHT22;3628;6.559;3.386;2026-01-22T23:23:49.390805+00:00;temperature;30.80
4854;DHT22;3628;6.559;3.386;2026-01-22T23:29:13.141373+00:00;humidity;85.30
4854;DHT22;3628;6.559;3.386;2026-01-22T23:29:13.141373+00:00;temperature;30.70
4853;pms5003;3628;6.559;3.386;2026-01-22T23:34:30.295697+00:00;P2;61.25
4853;pms5003;3628;6.559;3.386;2026-01-22T23:34:30.295697+00:00;P1;75.00
4853;pms5003;3628;6.559;3.386;2026-01-22T23:34:30.295697+00:00;P0;42.75
4854;DHT22;3628;6.559;3.386;2026-01-22T23:34:47.765981+00:00;humidity;85.50
4854;DHT22;3628;6.559;3.386;2026-01-22T23:34:47.765981+00:00;temperature;30.60
4854;DHT22;3628;6.559;3.386;2026-01-22T23:45:25.085032+00:00;humidity;85.60
4854;DHT22;3628;6.559;3.386;2026-01-22T23:45:25.085032+00:00;temperature;30.60
4853;pms5003;3628;6.559;3.386;2026-01-22T23:50:42.286579+00:00;P2;76.25
4853;pms5003;3628;6.559;3.386;2026-01-22T23:50:42.286579+00:00;P1;88.00
4853;pms5003;3628;6.559;3.386;2026-01-22T23:50:42.286579+00:00;P0;50.00
4853;pms5003;3628;6.559;3.386;2026-01-22T23:56:06.036132+00:00;P2;86.00
4853;pms5003;3628;6.559;3.386;2026-01-22T23:56:06.036132+00:00;P1;100.50
4853;pms5003;3628;6.559;3.386;2026-01-22T23:56:06.036132+00:00;P0;54.25
4854;DHT22;3628;6.559;3.386;2026-01-22T23:56:23.370967+00:00;humidity;85.80
4854;DHT22;3628;6.559;3.386;2026-01-22T23:56:23.370967+00:00;temperature;30.60
4854;DHT22;3628;6.559;3.386;2026-01-23T00:01:57.922070+00:00;humidity;85.90
4854;DHT22;3628;6.559;3.386;2026-01-23T00:01:57.922070+00:00;temperature;30.60
4854;DHT22;3628;6.559;3.386;2026-01-23T00:07:21.774606+00:00;humidity;86.30
4854;DHT22;3628;6.559;3.386;2026-01-23T00:07:21.774606+00:00;temperature;30.50
4854;DHT22;3628;6.559;3.386;2026-01-23T00:12:56.339135+00:00;humidity;86.20
4854;DHT22;3628;6.559;3.386;2026-01-23T00:12:56.339135+00:00;temperature;30.50
4853;pms5003;3628;6.559;3.386;2026-01-23T00:18:13.621182+00:00;P2;101.00
4853;pms5003;3628;6.559;3.386;2026-01-23T00:18:13.621182+00:00;P1;115.50
4853;pms5003;3628;6.559;3.386;2026-01-23T00:18:13.621182+00:00;P0;62.75
4854;DHT22;3628;6.559;3.386;2026-01-23T00:18:30.954009+00:00;humidity;86.60
4854;DHT22;3628;6.559;3.386;2026-01-23T00:18:30.954009+00:00;temperature;30.40
4853;pms5003;3628;6.559;3.386;2026-01-23T00:23:48.168899+00:00;P2;94.50
4853;pms5003;3628;6.559;3.386;2026-01-23T00:23:48.168899+00:00;P1;112.25
4853;pms5003;3628;6.559;3.386;2026-01-23T00:23:48.168899+00:00;P0;58.75
4854;DHT22;3628;6.559;3.386;2026-01-23T00:24:05.541693+00:00;humidity;86.80
4854;DHT22;3628;6.559;3.386;2026-01-23T00:24:05.541693+00:00;temperature;30.40
4854;DHT22;3628;6.559;3.386;2026-01-23T00:29:29.343395+00:00;humidity;86.80
4854;DHT22;3628;6.559;3.386;2026-01-23T00:29:29.343395+00:00;temperature;30.40
4853;pms5003;3628;6.559;3.386;2026-01-23T00:40:21.257789+00:00;P2;116.50
4853;pms5003;3628;6.559;3.386;2026-01-23T00:40:21.257789+00:00;P1;133.00
4853;pms5003;3628;6.559;3.386;2026-01-23T00:40:21.257789+00:00;P0;73.00
4854;DHT22;3628;6.559;3.386;2026-01-23T00:40:38.575512+00:00;humidity;86.60
4854;DHT22;3628;6.559;3.386;2026-01-23T00:40:38.575512+00:00;temperature;30.50
4853;pms5003;3628;6.559;3.386;2026-01-23T00:45:55.772889+00:00;P2;93.33
4853;pms5003;3628;6.559;3.386;2026-01-23T00:45:55.772889+00:00;P1;104.67
4853;pms5003;3628;6.559;3.386;2026-01-23T00:45:55.772889+00:00;P0;61.00
4854;DHT22;3628;6.559;3.386;2026-01-23T00:46:13.170528+00:00;humidity;86.70
4854;DHT22;3628;6.559;3.386;2026-01-23T00:46:13.170528+00:00;temperature;30.50
4854;DHT22;3628;6.559;3.386;2026-01-23T00:57:01.135074+00:00;humidity;87.00
4854;DHT22;3628;6.559;3.386;2026-01-23T00:57:01.135074+00:00;temperature;30.30
4853;pms5003;3628;6.559;3.386;2026-01-23T01:02:18.452316+00:00;P2;81.50
4853;pms5003;3628;6.559;3.386;2026-01-23T01:02:18.452316+00:00;P1;98.00
4853;pms5003;3628;6.559;3.386;2026-01-23T01:02:18.452316+00:00;P0;55.00
4854;DHT22;3628;6.559;3.386;2026-01-23T01:02:35.801087+00:00;humidity;87.10
4854;DHT22;3628;6.559;3.386;2026-01-23T01:02:35.801087+00:00;temperature;30.30
4854;DHT22;3628;6.559;3.386;2026-01-23T01:07:59.828355+00:00;humidity;87.10
4854;DHT22;3628;6.559;3.386;2026-01-23T01:07:59.828355+00:00;temperature;30.30
4853;pms5003;3628;6.559;3.386;2026-01-23T01:13:16.990726+00:00;P2;74.40
4853;pms5003;3628;6.559;3.386;2026-01-23T01:13:16.990726+00:00;P1;84.20
4853;pms5003;3628;6.559;3.386;2026-01-23T01:13:16.990726+00:00;P0;47.00
4854;DHT22;3628;6.559;3.386;2026-01-23T01:13:34.374270+00:00;humidity;86.90
4854;DHT22;3628;6.559;3.386;2026-01-23T01:13:34.374270+00:00;temperature;30.40
4853;pms5003;3628;6.559;3.386;2026-01-23T06:01:46.182768+00:00;P2;64.00
4853;pms5003;3628;6.559;3.386;2026-01-23T06:01:46.182768+00:00;P1;79.50
4853;pms5003;3628;6.559;3.386;2026-01-23T06:01:46.182768+00:00;P0;43.00
4854;DHT22;3628;6.559;3.386;2026-01-23T06:07:38.034079+00:00;humidity;97.70
4854;DHT22;3628;6.559;3.386;2026-01-23T06:07:38.034079+00:00;temperature;27.60
4854;DHT22;3628;6.559;3.386;2026-01-23T09:08:00.468502+00:00;humidity;37.20
4854;DHT22;3628;6.559;3.386;2026-01-23T09:08:00.468502+00:00;temperature;32.30
4853;pms5003;3628;6.559;3.386;2026-01-23T09:13:17.667758+00:00;P2;63.50
4853;pms5003;3628;6.559;3.386;2026-01-23T09:13:17.667758+00:00;P1;79.75
4853;pms5003;3628;6.559;3.386;2026-01-23T09:13:17.667758+00:00;P0;42.50
4854;DHT22;3628;6.559;3.386;2026-01-23T09:13:35.039107+00:00;humidity;38.00
4854;DHT22;3628;6.559;3.386;2026-01-23T09:13:35.039107+00:00;temperature;33.70
4854;DHT22;3628;6.559;3.386;2026-01-23T09:35:00.860681+00:00;humidity;33.10
4854;DHT22;3628;6.559;3.386;2026-01-23T09:35:00.860681+00:00;temperature;34.30
4854;DHT22;3628;6.559;3.386;2026-01-23T09:45:59.627550+00:00;humidity;31.90
4854;DHT22;3628;6.559;3.386;2026-01-23T09:45:59.627550+00:00;temperature;34.70
4853;pms5003;3628;6.559;3.386;2026-01-23T10:12:23.718072+00:00;P2;48.33
4853;pms5003;3628;6.559;3.386;2026-01-23T10:12:23.718072+00:00;P1;63.33
4853;pms5003;3628;6.559;3.386;2026-01-23T10:12:23.718072+00:00;P0;33.33
4853;pms5003;3628;6.559;3.386;2026-01-23T10:23:52.676215+00:00;P2;53.00
4853;pms5003;3628;6.559;3.386;2026-01-23T10:23:52.676215+00:00;P1;70.50
4853;pms5003;3628;6.559;3.386;2026-01-23T10:23:52.676215+00:00;P0;37.00
4854;DHT22;3628;6.559;3.386;2026-01-23T10:33:56.177214+00:00;humidity;30.50
4854;DHT22;3628;6.559;3.386;2026-01-23T10:33:56.177214+00:00;temperature;35.90
4854;DHT22;3628;6.559;3.386;2026-01-23T10:39:30.620403+00:00;humidity;31.60
4854;DHT22;3628;6.559;3.386;2026-01-23T10:39:30.620403+00:00;temperature;36.20
4853;pms5003;3628;6.559;3.386;2026-01-23T10:45:41.915754+00:00;P2;59.00
4853;pms5003;3628;6.559;3.386;2026-01-23T10:45:41.915754+00:00;P1;75.00
4853;pms5003;3628;6.559;3.386;2026-01-23T10:45:41.915754+00:00;P0;40.00
4853;pms5003;3628;6.559;3.386;2026-01-23T10:50:11.994598+00:00;P2;57.80
4853;pms5003;3628;6.559;3.386;2026-01-23T10:50:11.994598+00:00;P1;71.40
4853;pms5003;3628;6.559;3.386;2026-01-23T10:50:11.994598+00:00;P0;41.00
4854;DHT22;3628;6.559;3.386;2026-01-23T10:50:29.351251+00:00;humidity;30.60
4854;DHT22;3628;6.559;3.386;2026-01-23T10:50:29.351251+00:00;temperature;36.70
4854;DHT22;3628;6.559;3.386;2026-01-23T10:55:53.419617+00:00;humidity;29.50
4854;DHT22;3628;6.559;3.386;2026-01-23T10:55:53.419617+00:00;temperature;36.90
4854;DHT22;3628;6.559;3.386;2026-01-23T11:01:27.935031+00:00;humidity;29.90
4854;DHT22;3628;6.559;3.386;2026-01-23T11:01:27.935031+00:00;temperature;37.40
4853;pms5003;3628;6.559;3.386;2026-01-23T11:12:09.476792+00:00;P2;54.00
4853;pms5003;3628;6.559;3.386;2026-01-23T11:12:09.476792+00:00;P1;73.25
4853;pms5003;3628;6.559;3.386;2026-01-23T11:12:09.476792+00:00;P0;39.50
4854;DHT22;3628;6.559;3.386;2026-01-23T11:12:26.835771+00:00;humidity;29.10
4854;DHT22;3628;6.559;3.386;2026-01-23T11:12:26.835771+00:00;temperature;37.80
4854;DHT22;3628;6.559;3.386;2026-01-23T11:17:44.014561+00:00;P2;61.00
4854;DHT22;3628;6.559;3.386;2026-01-23T11:17:44.014561+00:00;P1;78.20
4854;DHT22;3628;6.559;3.386;2026-01-23T11:17:44.014561+00:00;P0;43.80
4854;DHT22;3628;6.559;3.386;2026-01-23T11:18:01.351137+00:00;humidity;28.80
4854;DHT22;3628;6.559;3.386;2026-01-23T11:18:01.351137+00:00;temperature;37.60
4853;pms5003;3628;6.559;3.386;2026-01-23T11:25:18.054698+00:00;P2;57.50
4853;pms5003;3628;6.559;3.386;2026-01-23T11:25:18.054698+00:00;P1;74.00
4853;pms5003;3628;6.559;3.386;2026-01-23T11:25:18.054698+00:00;P0;41.00
4853;pms5003;3628;6.559;3.386;2026-01-23T11:28:42.758504+00:00;P2;62.80
4853;pms5003;3628;6.559;3.386;2026-01-23T11:28:42.758504+00:00;P1;81.60
4853;pms5003;3628;6.559;3.386;2026-01-23T11:28:42.758504+00:00;P0;43.00
4853;pms5003;3628;6.559;3.386;2026-01-23T11:34:26.718687+00:00;P2;61.00
4853;pms5003;3628;6.559;3.386;2026-01-23T11:34:26.718687+00:00;P1;77.00
4853;pms5003;3628;6.559;3.386;2026-01-23T11:34:26.718687+00:00;P0;43.00
4853;pms5003;3628;6.559;3.386;2026-01-23T11:39:31.156414+00:00;P2;54.75
4853;pms5003;3628;6.559;3.386;2026-01-23T11:39:31.156414+00:00;P1;72.50
4853;pms5003;3628;6.559;3.386;2026-01-23T11:39:31.156414+00:00;P0;37.50
4854;DHT22;3628;6.559;3.386;2026-01-23T11:39:48.513663+00:00;humidity;28.70
4854;DHT22;3628;6.559;3.386;2026-01-23T11:39:48.513663+00:00;temperature;38.60
4853;pms5003;3628;6.559;3.386;2026-01-23T11:45:05.692514+00:00;P2;58.25
4853;pms5003;3628;6.559;3.386;2026-01-23T11:45:05.692514+00:00;P1;75.00
4853;pms5003;3628;6.559;3.386;2026-01-23T11:45:05.692514+00:00;P0;41.00
4854;DHT22;3628;6.559;3.386;2026-01-23T11:45:23.077849+00:00;humidity;28.40
4854;DHT22;3628;6.559;3.386;2026-01-23T11:45:23.077849+00:00;temperature;38.70
4853;pms5003;3628;6.559;3.386;2026-01-23T11:51:39.928229+00:00;P2;71.00
4853;pms5003;3628;6.559;3.386;2026-01-23T11:51:39.928229+00:00;P1;88.50
4853;pms5003;3628;6.559;3.386;2026-01-23T11:51:39.928229+00:00;P0;50.00
4853;pms5003;3628;6.559;3.386;2026-01-23T11:56:04.010431+00:00;P2;63.00
4853;pms5003;3628;6.559;3.386;2026-01-23T11:56:04.010431+00:00;P1;79.75
4853;pms5003;3628;6.559;3.386;2026-01-23T11:56:04.010431+00:00;P0;44.00
4854;DHT22;3628;6.559;3.386;2026-01-23T12:01:34.583200+00:00;humidity;30.50
4854;DHT22;3628;6.559;3.386;2026-01-23T12:01:34.583200+00:00;temperature;38.40
4854;DHT22;3628;6.559;3.386;2026-01-23T12:07:09.214818+00:00;humidity;30.80
4854;DHT22;3628;6.559;3.386;2026-01-23T12:07:09.214818+00:00;temperature;38.40
4854;DHT22;3628;6.559;3.386;2026-01-23T12:12:43.907392+00:00;humidity;31.00
4854;DHT22;3628;6.559;3.386;2026-01-23T12:12:43.907392+00:00;temperature;38.30
4853;pms5003;3628;6.559;3.386;2026-01-23T12:18:01.244931+00:00;P2;63.25
4853;pms5003;3628;6.559;3.386;2026-01-23T12:18:01.244931+00:00;P1;77.75
4853;pms5003;3628;6.559;3.386;2026-01-23T12:18:01.244931+00:00;P0;44.75
4854;DHT22;3628;6.559;3.386;2026-01-23T12:18:18.706729+00:00;humidity;30.50
4854;DHT22;3628;6.559;3.386;2026-01-23T12:18:18.706729+00:00;temperature;38.50
4854;DHT22;3628;6.559;3.386;2026-01-23T12:29:06.136312+00:00;humidity;30.30
4854;DHT22;3628;6.559;3.386;2026-01-23T12:29:06.136312+00:00;temperature;39.60
4853;pms5003;3628;6.559;3.386;2026-01-23T12:45:04.257375+00:00;P2;61.33
4853;pms5003;3628;6.559;3.386;2026-01-23T12:45:04.257375+00:00;P1;73.33
4853;pms5003;3628;6.559;3.386;2026-01-23T12:45:04.257375+00:00;P0;41.67
4853;pms5003;3628;6.559;3.386;2026-01-23T12:50:27.984416+00:00;P2;60.00
4853;pms5003;3628;6.559;3.386;2026-01-23T12:50:27.984416+00:00;P1;76.00
4853;pms5003;3628;6.559;3.386;2026-01-23T12:50:27.984416+00:00;P0;40.00
4854;DHT22;3628;6.559;3.386;2026-01-23T12:50:45.344311+00:00;humidity;29.30
4854;DHT22;3628;6.559;3.386;2026-01-23T12:50:45.344311+00:00;temperature;40.90
4853;pms5003;3628;6.559;3.386;2026-01-23T12:56:02.545920+00:00;P2;62.50
4853;pms5003;3628;6.559;3.386;2026-01-23T12:56:02.545920+00:00;P1;79.00
4853;pms5003;3628;6.559;3.386;2026-01-23T12:56:02.545920+00:00;P0;46.25
4853;pms5003;3628;6.559;3.386;2026-01-23T13:01:26.302119+00:00;P2;54.80
4853;pms5003;3628;6.559;3.386;2026-01-23T13:01:26.302119+00:00;P1;73.00
4853;pms5003;3628;6.559;3.386;2026-01-23T13:01:26.302119+00:00;P0;40.60
4853;pms5003;3628;6.559;3.386;2026-01-23T13:07:41.130204+00:00;P2;53.00
4853;pms5003;3628;6.559;3.386;2026-01-23T13:07:41.130204+00:00;P1;72.25
4853;pms5003;3628;6.559;3.386;2026-01-23T13:07:41.130204+00:00;P0;39.25
4854;DHT22;3628;6.559;3.386;2026-01-23T13:12:31.709330+00:00;humidity;28.00
4854;DHT22;3628;6.559;3.386;2026-01-23T13:12:31.709330+00:00;temperature;40.50
4854;DHT22;3628;6.559;3.386;2026-01-23T13:33:50.615159+00:00;humidity;25.40
4854;DHT22;3628;6.559;3.386;2026-01-23T13:33:50.615159+00:00;temperature;42.30
4853;pms5003;3628;6.559;3.386;2026-01-23T13:39:07.818177+00:00;P2;47.50
4853;pms5003;3628;6.559;3.386;2026-01-23T13:39:07.818177+00:00;P1;66.50
4853;pms5003;3628;6.559;3.386;2026-01-23T13:39:07.818177+00:00;P0;32.75
4854;DHT22;3628;6.559;3.386;2026-01-23T13:39:25.170381+00:00;humidity;24.20
4854;DHT22;3628;6.559;3.386;2026-01-23T13:39:25.170381+00:00;temperature;42.40
4853;pms5003;3628;6.559;3.386;2026-01-23T13:44:42.391494+00:00;P2;46.67
4853;pms5003;3628;6.559;3.386;2026-01-23T13:44:42.391494+00:00;P1;60.00
4853;pms5003;3628;6.559;3.386;2026-01-23T13:44:42.391494+00:00;P0;33.00
4854;DHT22;3628;6.559;3.386;2026-01-23T13:44:59.750995+00:00;humidity;25.10
4854;DHT22;3628;6.559;3.386;2026-01-23T13:44:59.750995+00:00;temperature;42.10
4853;pms5003;3628;6.559;3.386;2026-01-23T13:51:06.892446+00:00;P2;47.00
4853;pms5003;3628;6.559;3.386;2026-01-23T13:51:06.892446+00:00;P1;59.50
4853;pms5003;3628;6.559;3.386;2026-01-23T13:51:06.892446+00:00;P0;32.00
4853;pms5003;3628;6.559;3.386;2026-01-23T13:55:41.273653+00:00;P2;42.25
4853;pms5003;3628;6.559;3.386;2026-01-23T13:55:41.273653+00:00;P1;60.75
4853;pms5003;3628;6.559;3.386;2026-01-23T13:55:41.273653+00:00;P0;28.00
4854;DHT22;3628;6.559;3.386;2026-01-23T13:55:58.654934+00:00;humidity;24.50
4854;DHT22;3628;6.559;3.386;2026-01-23T13:55:58.654934+00:00;temperature;42.70
4853;pms5003;3628;6.559;3.386;2026-01-23T14:01:15.834347+00:00;P2;43.75
4853;pms5003;3628;6.559;3.386;2026-01-23T14:01:15.834347+00:00;P1;57.75
4853;pms5003;3628;6.559;3.386;2026-01-23T14:01:15.834347+00:00;P0;30.25
4854;DHT22;3628;6.559;3.386;2026-01-23T14:01:33.160001+00:00;humidity;24.20
4854;DHT22;3628;6.559;3.386;2026-01-23T14:01:33.160001+00:00;temperature;42.10
4853;pms5003;3628;6.559;3.386;2026-01-23T14:06:50.349479+00:00;P2;47.75
4853;pms5003;3628;6.559;3.386;2026-01-23T14:06:50.349479+00:00;P1;65.25
4853;pms5003;3628;6.559;3.386;2026-01-23T14:06:50.349479+00:00;P0;32.00
4854;DHT22;3628;6.559;3.386;2026-01-23T14:12:23.911583+00:00;humidity;24.60
4854;DHT22;3628;6.559;3.386;2026-01-23T14:12:23.911583+00:00;temperature;41.90
4853;pms5003;3628;6.559;3.386;2026-01-23T14:33:42.383439+00:00;P2;51.00
4853;pms5003;3628;6.559;3.386;2026-01-23T14:33:42.383439+00:00;P1;68.33
4853;pms5003;3628;6.559;3.386;2026-01-23T14:33:42.383439+00:00;P0;37.33
4854;DHT22;3628;6.559;3.386;2026-01-23T14:33:59.753268+00:00;humidity;30.20
4854;DHT22;3628;6.559;3.386;2026-01-23T14:33:59.753268+00:00;temperature;43.;0
4853;pms5003;3628;6.559;3.386;2026-01-23T14:39:16.913995+00:00;P2;67.75
4853;pms5003;3628;6.559;3.386;2026-01-23T14:39:16.913995+00:00;P1;77.75
4853;pms5003;3628;6.559;3.386;2026-01-23T14:39:16.913995+00:00;P0;47.00
4854;DHT22;3628;6.559;3.386;2026-01-23T14:39:34.282576+00:00;humidity;28.10
4854;DHT22;3628;6.559;3.386;2026-01-23T14:39:34.282576+00:00;temperature;43.80
4853;pms5003;3628;6.559;3.386;2026-01-23T14:44:51.483223+00:00;P2;69.00
4853;pms5003;3628;6.559;3.386;2026-01-23T14:44:51.483223+00:00;P1;77.00
4853;pms5003;3628;6.559;3.386;2026-01-23T14:44:51.483223+00:00;P0;49.00
4854;DHT22;3628;6.559;3.386;2026-01-23T14:45:08.838590+00:00;humidity;31.70
4854;DHT22;3628;6.559;3.386;2026-01-23T14:45:08.838590+00:00;temperature;43.80
4853;pms5003;3628;6.559;3.386;2026-01-23T15:01:03.748103+00:00;P2;63.50
4853;pms5003;3628;6.559;3.386;2026-01-23T15:01:03.748103+00:00;P1;76.25
4853;pms5003;3628;6.559;3.386;2026-01-23T15:01:03.748103+00:00;P0;45.75
4854;DHT22;3628;6.559;3.386;2026-01-23T15:06:48.121729+00:00;humidity;30.50
4854;DHT22;3628;6.559;3.386;2026-01-23T15:06:48.121729+00:00;temperature;41.40
4854;DHT22;3628;6.559;3.386;2026-01-23T15:12:12.418839+00:00;humidity;31.30
4854;DHT22;3628;6.559;3.386;2026-01-23T15:12:12.418839+00:00;temperature;41.60
4853;pms5003;3628;6.559;3.386;2026-01-23T15:17:29.578110+00:00;P2;83.20
4853;pms5003;3628;6.559;3.386;2026-01-23T15:17:29.578110+00:00;P1;93.20
4853;pms5003;3628;6.559;3.386;2026-01-23T15:17:29.578110+00:00;P0;58.60
4854;DHT22;3628;6.559;3.386;2026-01-23T15:17:47.045375+00:00;humidity;31.20
4854;DHT22;3628;6.559;3.386;2026-01-23T15:17:47.045375+00:00;temperature;42.00
4854;DHT22;3628;6.559;3.386;2026-01-23T15:23:11.243783+00:00;humidity;30.80
4854;DHT22;3628;6.559;3.386;2026-01-23T15:23:11.243783+00:00;temperature;42.00
4854;DHT22;3628;6.559;3.386;2026-01-23T15:28:35.280888+00:00;humidity;30.70
4854;DHT22;3628;6.559;3.386;2026-01-23T15:28:35.280888+00:00;temperature;42.10
4853;pms5003;3628;6.559;3.386;2026-01-23T15:39:08.402751+00:00;P2;99.00
4853;pms5003;3628;6.559;3.386;2026-01-23T15:39:08.402751+00:00;P1;112.75
4853;pms5003;3628;6.559;3.386;2026-01-23T15:39:08.402751+00:00;P0;68.75
4854;DHT22;3628;6.559;3.386;2026-01-23T15:39:25.956137+00:00;humidity;34.60
4854;DHT22;3628;6.559;3.386;2026-01-23T15:39:25.956137+00:00;temperature;40.60
4853;pms5003;3628;6.559;3.386;2026-01-23T15:49:56.341828+00:00;P2;74.25
4853;pms5003;3628;6.559;3.386;2026-01-23T15:49:56.341828+00:00;P1;89.50
4853;pms5003;3628;6.559;3.386;2026-01-23T15:49:56.341828+00:00;P0;54.50
4853;pms5003;3628;6.559;3.386;2026-01-23T15:55:30.521604+00:00;P2;71.40
4853;pms5003;3628;6.559;3.386;2026-01-23T15:55:30.521604+00:00;P1;84.80
4853;pms5003;3628;6.559;3.386;2026-01-23T15:55:30.521604+00:00;P0;50.40
4853;pms5003;3628;6.559;3.386;2026-01-23T16:00:54.829208+00:00;P2;69.00
4853;pms5003;3628;6.559;3.386;2026-01-23T16:00:54.829208+00:00;P1;81.67
4853;pms5003;3628;6.559;3.386;2026-01-23T16:00:54.829208+00:00;P0;50.33
4854;DHT22;3628;6.559;3.386;2026-01-23T16:12:00.053157+00:00;humidity;40.90
4854;DHT22;3628;6.559;3.386;2026-01-23T16:12:00.053157+00:00;temperature;38.80
4853;pms5003;3628;6.559;3.386;2026-01-23T16:17:48.347757+00:00;P2;70.75
4853;pms5003;3628;6.559;3.386;2026-01-23T16:17:48.347757+00:00;P1;87.00
4853;pms5003;3628;6.559;3.386;2026-01-23T16:17:48.347757+00:00;P0;47.75
4853;pms5003;3628;6.559;3.386;2026-01-23T16:44:41.987407+00:00;P2;56.75
4853;pms5003;3628;6.559;3.386;2026-01-23T16:44:41.987407+00:00;P1;75.00
4853;pms5003;3628;6.559;3.386;2026-01-23T16:44:41.987407+00:00;P0;39.00
4853;pms5003;3628;6.559;3.386;2026-01-23T16:50:05.832297+00:00;P2;54.00
4853;pms5003;3628;6.559;3.386;2026-01-23T16:50:05.832297+00:00;P1;71.20
4853;pms5003;3628;6.559;3.386;2026-01-23T16:50:05.832297+00:00;P0;39.00
4854;DHT22;3628;6.559;3.386;2026-01-23T16:50:23.190980+00:00;humidity;49.20
4854;DHT22;3628;6.559;3.386;2026-01-23T16:50:23.190980+00:00;temperature;36.20
4853;pms5003;3628;6.559;3.386;2026-01-23T16:55:40.390432+00:00;P2;55.25
4853;pms5003;3628;6.559;3.386;2026-01-23T16:55:40.390432+00:00;P1;73.25
4853;pms5003;3628;6.559;3.386;2026-01-23T16:55:40.390432+00:00;P0;38.75
4854;DHT22;3628;6.559;3.386;2026-01-23T16:55:57.756690+00:00;humidity;48.80
4854;DHT22;3628;6.559;3.386;2026-01-23T16:55:57.756690+00:00;temperature;35.80
4853;pms5003;3628;6.559;3.386;2026-01-23T17:01:14.985719+00:00;P2;61.00
4853;pms5003;3628;6.559;3.386;2026-01-23T17:01:14.985719+00:00;P1;77.67
4853;pms5003;3628;6.559;3.386;2026-01-23T17:01:14.985719+00:00;P0;42.00
4854;DHT22;3628;6.559;3.386;2026-01-23T17:01:32.495958+00:00;humidity;47.80
4854;DHT22;3628;6.559;3.386;2026-01-23T17:01:32.495958+00:00;temperature;35.60
4853;pms5003;3628;6.559;3.386;2026-01-23T17:06:50.822745+00:00;P2;53.00
4853;pms5003;3628;6.559;3.386;2026-01-23T17:06:50.822745+00:00;P1;68.75
4853;pms5003;3628;6.559;3.386;2026-01-23T17:06:50.822745+00:00;P0;35.25
4854;DHT22;3628;6.559;3.386;2026-01-23T17:12:32.116782+00:00;humidity;49.40
4854;DHT22;3628;6.559;3.386;2026-01-23T17:12:32.116782+00:00;temperature;35.30
4854;DHT22;3628;6.559;3.386;2026-01-23T17:17:56.006336+00:00;humidity;49.40
4854;DHT22;3628;6.559;3.386;2026-01-23T17:17:56.006336+00:00;temperature;34.90
4854;DHT22;3628;6.559;3.386;2026-01-23T17:23:30.537953+00:00;humidity;50.40
4854;DHT22;3628;6.559;3.386;2026-01-23T17:23:30.537953+00:00;temperature;34.60
4854;DHT22;3628;6.559;3.386;2026-01-23T17:29:05.076101+00:00;humidity;52.10
4854;DHT22;3628;6.559;3.386;2026-01-23T17:29:05.076101+00:00;temperature;34.30
4853;pms5003;3628;6.559;3.386;2026-01-23T17:34:22.269870+00:00;P2;59.25
4853;pms5003;3628;6.559;3.386;2026-01-23T17:34:22.269870+00:00;P1;75.00
4853;pms5003;3628;6.559;3.386;2026-01-23T17:34:22.269870+00:00;P0;42.00
4853;pms5003;3628;6.559;3.386;2026-01-23T17:39:54.086060+00:00;P2;63.25
4853;pms5003;3628;6.559;3.386;2026-01-23T17:39:54.086060+00:00;P1;77.25
4853;pms5003;3628;6.559;3.386;2026-01-23T17:39:54.086060+00:00;P0;42.50
4854;DHT22;3628;6.559;3.386;2026-01-23T17:40:03.987558+00:00;humidity;54.40
4854;DHT22;3628;6.559;3.386;2026-01-23T17:40:03.987558+00:00;temperature;34.00
4853;pms5003;3628;6.559;3.386;2026-01-23T17:45:21.217018+00:00;P2;51.00
4853;pms5003;3628;6.559;3.386;2026-01-23T17:45:21.217018+00:00;P1;70.00
4853;pms5003;3628;6.559;3.386;2026-01-23T17:45:21.217018+00:00;P0;36.00
4854;DHT22;3628;6.559;3.386;2026-01-23T17:45:38.611332+00:00;humidity;55.50
4854;DHT22;3628;6.559;3.386;2026-01-23T17:45:38.611332+00:00;temperature;33.70
4853;pms5003;3628;6.559;3.386;2026-01-23T17:50:55.844071+00:00;P2;58.75
4853;pms5003;3628;6.559;3.386;2026-01-23T17:50:55.844071+00:00;P1;76.75
4853;pms5003;3628;6.559;3.386;2026-01-23T17:50:55.844071+00:00;P0;41.00
4853;pms5003;3628;6.559;3.386;2026-01-23T17:56:20.103865+00:00;P2;52.00
4853;pms5003;3628;6.559;3.386;2026-01-23T17:56:20.103865+00:00;P1;70.67
4853;pms5003;3628;6.559;3.386;2026-01-23T17:56:20.103865+00:00;P0;36.00
4854;DHT22;3628;6.559;3.386;2026-01-23T17:56:37.537198+00:00;humidity;57.60
4854;DHT22;3628;6.559;3.386;2026-01-23T17:56:37.537198+00:00;temperature;33.30
4853;pms5003;3628;6.559;3.386;2026-01-23T18:03:30.556818+00:00;P2;58.50
4853;pms5003;3628;6.559;3.386;2026-01-23T18:03:30.556818+00:00;P1;74.00
4853;pms5003;3628;6.559;3.386;2026-01-23T18:03:30.556818+00:00;P0;39.00
4853;pms5003;3628;6.559;3.386;2026-01-23T18:07:18.921438+00:00;P2;51.00
4853;pms5003;3628;6.559;3.386;2026-01-23T18:07:18.921438+00:00;P1;72.00
4853;pms5003;3628;6.559;3.386;2026-01-23T18:07:18.921438+00:00;P0;35.00
4853;pms5003;3628;6.559;3.386;2026-01-23T18:12:56.406928+00:00;P2;51.00
4853;pms5003;3628;6.559;3.386;2026-01-23T18:12:56.406928+00:00;P1;71.00
4853;pms5003;3628;6.559;3.386;2026-01-23T18:12:56.406928+00:00;P0;35.00
4854;DHT22;3628;6.559;3.386;2026-01-23T18:13:10.910086+00:00;humidity;62.00
4854;DHT22;3628;6.559;3.386;2026-01-23T18:13:10.910086+00:00;temperature;33.00
4853;pms5003;3628;6.559;3.386;2026-01-23T18:18:28.208864+00:00;P2;48.00
4853;pms5003;3628;6.559;3.386;2026-01-23T18:18:28.208864+00:00;P1;66.00
4853;pms5003;3628;6.559;3.386;2026-01-23T18:18:28.208864+00:00;P0;32.00
4853;pms5003;3628;6.559;3.386;2026-01-23T18:34:46.070545+00:00;P2;49.00
4853;pms5003;3628;6.559;3.386;2026-01-23T18:34:46.070545+00:00;P1;68.00
4853;pms5003;3628;6.559;3.386;2026-01-23T18:34:46.070545+00:00;P0;33.00
4853;pms5003;3628;6.559;3.386;2026-01-23T18:44:16.349380+00:00;P2;51.00
4853;pms5003;3628;6.559;3.386;2026-01-23T18:44:16.349380+00:00;P1;72.60
4853;pms5003;3628;6.559;3.386;2026-01-23T18:44:16.349380+00:00;P0;33.00
4853;pms5003;3628;6.559;3.386;2026-01-23T18:45:44.959770+00:00;P2;50.25
4853;pms5003;3628;6.559;3.386;2026-01-23T18:45:44.959770+00:00;P1;70.25
4853;pms5003;3628;6.559;3.386;2026-01-23T18:45:44.959770+00:00;P0;33.00
4853;pms5003;3628;6.559;3.386;2026-01-23T18:51:08.950164+00:00;P2;48.20
4853;pms5003;3628;6.559;3.386;2026-01-23T18:51:08.950164+00:00;P1;62.40
4853;pms5003;3628;6.559;3.386;2026-01-23T18:51:08.950164+00:00;P0;32.60
4854;DHT22;3628;6.559;3.386;2026-01-23T18:51:26.316966+00:00;humidity;68.30
4854;DHT22;3628;6.559;3.386;2026-01-23T18:51:26.316966+00:00;temperature;32.10
4853;pms5003;3628;6.559;3.386;2026-01-23T18:56:43.541505+00:00;P2;46.00
4853;pms5003;3628;6.559;3.386;2026-01-23T18:56:43.541505+00:00;P1;58.50
4853;pms5003;3628;6.559;3.386;2026-01-23T18:56:43.541505+00:00;P0;30.50
4854;DHT22;3628;6.559;3.386;2026-01-23T18:57:00.891941+00:00;humidity;68.60
4854;DHT22;3628;6.559;3.386;2026-01-23T18:57:00.891941+00:00;temperature;32.10
4853;pms5003;3628;6.559;3.386;2026-01-23T19:02:18.111950+00:00;P2;49.25
4853;pms5003;3628;6.559;3.386;2026-01-23T19:02:18.111950+00:00;P1;68.25
4853;pms5003;3628;6.559;3.386;2026-01-23T19:02:18.111950+00:00;P0;32.00
4854;DHT22;3628;6.559;3.386;2026-01-23T19:02:35.641143+00:00;humidity;69.10
4854;DHT22;3628;6.559;3.386;2026-01-23T19:02:35.641143+00:00;temperature;32.00
4854;DHT22;3628;6.559;3.386;2026-01-23T19:08:10.243718+00:00;humidity;70.20
4854;DHT22;3628;6.559;3.386;2026-01-23T19:08:10.243718+00:00;temperature;31.90
4853;pms5003;3628;6.559;3.386;2026-01-23T19:13:27.572500+00:00;P2;51.00
4853;pms5003;3628;6.559;3.386;2026-01-23T19:13:27.572500+00:00;P1;68.50
4853;pms5003;3628;6.559;3.386;2026-01-23T19:13:27.572500+00:00;P0;33.75
4853;pms5003;3628;6.559;3.386;2026-01-23T19:19:08.174588+00:00;P2;51.33
4853;pms5003;3628;6.559;3.386;2026-01-23T19:19:08.174588+00:00;P1;73.33
4853;pms5003;3628;6.559;3.386;2026-01-23T19:19:08.174588+00:00;P0;32.33
4854;DHT22;3628;6.559;3.386;2026-01-23T19:19:25.580713+00:00;humidity;71.30
4854;DHT22;3628;6.559;3.386;2026-01-23T19:19:25.580713+00:00;temperature;31.90
4853;pms5003;3628;6.559;3.386;2026-01-23T19:24:42.897056+00:00;P2;51.00
4853;pms5003;3628;6.559;3.386;2026-01-23T19:24:42.897056+00:00;P1;68.00
4853;pms5003;3628;6.559;3.386;2026-01-23T19:24:42.897056+00:00;P0;34.00
4854;DHT22;3628;6.559;3.386;2026-01-23T19:25:00.282922+00:00;humidity;72.30
4854;DHT22;3628;6.559;3.386;2026-01-23T19:25:00.282922+00:00;temperature;31.70
4853;pms5003;3628;6.559;3.386;2026-01-23T19:30:17.475899+00:00;P2;60.25
4853;pms5003;3628;6.559;3.386;2026-01-23T19:30:17.475899+00:00;P1;75.75
4853;pms5003;3628;6.559;3.386;2026-01-23T19:30:17.475899+00:00;P0;41.00
4854;DHT22;3628;6.559;3.386;2026-01-23T19:30:38.539497+00:00;humidity;72.50
4854;DHT22;3628;6.559;3.386;2026-01-23T19:30:38.539497+00:00;temperature;31.70
4853;pms5003;3628;6.559;3.386;2026-01-23T19:35:55.405840+00:00;P2;53.60
4853;pms5003;3628;6.559;3.386;2026-01-23T19:35:55.405840+00:00;P1;70.60
4853;pms5003;3628;6.559;3.386;2026-01-23T19:35:55.405840+00:00;P0;37.60
4853;pms5003;3628;6.559;3.386;2026-01-23T19:41:28.129083+00:00;P2;50.00
4853;pms5003;3628;6.559;3.386;2026-01-23T19:41:28.129083+00:00;P1;68.00
4853;pms5003;3628;6.559;3.386;2026-01-23T19:41:28.129083+00:00;P0;34.00
4853;pms5003;3628;6.559;3.386;2026-01-23T19:46:52.073519+00:00;P2;54.75
4853;pms5003;3628;6.559;3.386;2026-01-23T19:46:52.073519+00:00;P1;72.75
4853;pms5003;3628;6.559;3.386;2026-01-23T19:46:52.073519+00:00;P0;36.75
4853;pms5003;3628;6.559;3.386;2026-01-23T19:52:16.476362+00:00;P2;53.00
4853;pms5003;3628;6.559;3.386;2026-01-23T19:52:16.476362+00:00;P1;73.25
4853;pms5003;3628;6.559;3.386;2026-01-23T19:52:16.476362+00:00;P0;35.00
4854;DHT22;3628;6.559;3.386;2026-01-23T19:52:33.975169+00:00;humidity;73.30
4854;DHT22;3628;6.559;3.386;2026-01-23T19:52:33.975169+00:00;temperature;31.60
4853;pms5003;3628;6.559;3.386;2026-01-23T19:57:54.083419+00:00;P2;54.00
4853;pms5003;3628;6.559;3.386;2026-01-23T19:57:54.083419+00:00;P1;72.25
4853;pms5003;3628;6.559;3.386;2026-01-23T19:57:54.083419+00:00;P0;35.00
4854;DHT22;3628;6.559;3.386;2026-01-23T19:58:14.252071+00:00;humidity;73.70
4854;DHT22;3628;6.559;3.386;2026-01-23T19:58:14.252071+00:00;temperature;31.60
4853;pms5003;3628;6.559;3.386;2026-01-23T20:03:31.591931+00:00;P2;57.00
4853;pms5003;3628;6.559;3.386;2026-01-23T20:03:31.591931+00:00;P1;72.20
4853;pms5003;3628;6.559;3.386;2026-01-23T20:03:31.591931+00:00;P0;39.20
4854;DHT22;3628;6.559;3.386;2026-01-23T20:03:54.565158+00:00;humidity;73.80
4854;DHT22;3628;6.559;3.386;2026-01-23T20:03:54.565158+00:00;temperature;31.60
4853;pms5003;3628;6.559;3.386;2026-01-23T20:14:47.728385+00:00;P2;53.80
4853;pms5003;3628;6.559;3.386;2026-01-23T20:14:47.728385+00:00;P1;74.80
4853;pms5003;3628;6.559;3.386;2026-01-23T20:14:47.728385+00:00;P0;36.40
4854;DHT22;3628;6.559;3.386;2026-01-23T20:15:13.718410+00:00;humidity;74.30
4854;DHT22;3628;6.559;3.386;2026-01-23T20:15:13.718410+00:00;temperature;31.40
4854;DHT22;3628;6.559;3.386;2026-01-23T20:32:22.668294+00:00;humidity;74.40
4854;DHT22;3628;6.559;3.386;2026-01-23T20:32:22.668294+00:00;temperature;31.50
4853;pms5003;3628;6.559;3.386;2026-01-23T20:36:23.255259+00:00;P2;58.00
4853;pms5003;3628;6.559;3.386;2026-01-23T20:36:23.255259+00:00;P1;77.00
4853;pms5003;3628;6.559;3.386;2026-01-23T20:36:23.255259+00:00;P0;37.75
4854;DHT22;3628;6.559;3.386;2026-01-23T20:36:40.659420+00:00;humidity;74.40
4854;DHT22;3628;6.559;3.386;2026-01-23T20:36:40.659420+00:00;temperature;31.50
4853;pms5003;3628;6.559;3.386;2026-01-23T20:41:57.848655+00:00;P2;53.00
4853;pms5003;3628;6.559;3.386;2026-01-23T20:41:57.848655+00:00;P1;73.00
4853;pms5003;3628;6.559;3.386;2026-01-23T20:41:57.848655+00:00;P0;36.00
4854;DHT22;3628;6.559;3.386;2026-01-23T20:42:15.350232+00:00;humidity;74.80
4854;DHT22;3628;6.559;3.386;2026-01-23T20:42:15.350232+00:00;temperature;31.40
4854;DHT22;3628;6.559;3.386;2026-01-23T20:49:07.185615+00:00;humidity;75.20
4854;DHT22;3628;6.559;3.386;2026-01-23T20:49:07.185615+00:00;temperature;31.30
4853;pms5003;3628;6.559;3.386;2026-01-23T20:52:56.527159+00:00;P2;53.40
4853;pms5003;3628;6.559;3.386;2026-01-23T20:52:56.527159+00:00;P1;72.20
4853;pms5003;3628;6.559;3.386;2026-01-23T20:52:56.527159+00:00;P0;37.40
4854;DHT22;3628;6.559;3.386;2026-01-23T20:53:13.897086+00:00;humidity;75.30
4854;DHT22;3628;6.559;3.386;2026-01-23T20:53:13.897086+00:00;temperature;31.30
4853;pms5003;3628;6.559;3.386;2026-01-23T20:58:31.134320+00:00;P2;54.50
4853;pms5003;3628;6.559;3.386;2026-01-23T20:58:31.134320+00:00;P1;72.25
4853;pms5003;3628;6.559;3.386;2026-01-23T20:58:31.134320+00:00;P0;36.00
4854;DHT22;3628;6.559;3.386;2026-01-23T20:58:48.586055+00:00;humidity;75.40
4854;DHT22;3628;6.559;3.386;2026-01-23T20:58:48.586055+00:00;temperature;31.40
4853;pms5003;3628;6.559;3.386;2026-01-23T21:30:10.147683+00:00;P2;61.75
4853;pms5003;3628;6.559;3.386;2026-01-23T21:30:10.147683+00:00;P1;76.75
4853;pms5003;3628;6.559;3.386;2026-01-23T21:30:10.147683+00:00;P0;40.50
4854;DHT22;3628;6.559;3.386;2026-01-23T21:35:06.043314+00:00;humidity;78.80
4854;DHT22;3628;6.559;3.386;2026-01-23T21:35:06.043314+00:00;temperature;31.20
4853;pms5003;3628;6.559;3.386;2026-01-23T21:40:23.229180+00:00;P2;63.00
4853;pms5003;3628;6.559;3.386;2026-01-23T21:40:23.229180+00:00;P1;75.50
4853;pms5003;3628;6.559;3.386;2026-01-23T21:40:23.229180+00:00;P0;42.00
4854;DHT22;3628;6.559;3.386;2026-01-23T21:40:40.575451+00:00;humidity;79.80
4854;DHT22;3628;6.559;3.386;2026-01-23T21:40:40.575451+00:00;temperature;31.10
4853;pms5003;3628;6.559;3.386;2026-01-23T21:45:57.916967+00:00;P2;63.00
4853;pms5003;3628;6.559;3.386;2026-01-23T21:45:57.916967+00:00;P1;77.00
4853;pms5003;3628;6.559;3.386;2026-01-23T21:45:57.916967+00:00;P0;39.50
4854;DHT22;3628;6.559;3.386;2026-01-23T21:46:15.286364+00:00;humidity;79.90
4854;DHT22;3628;6.559;3.386;2026-01-23T21:46:15.286364+00:00;temperature;31.20
4854;DHT22;3628;6.559;3.386;2026-01-23T21:51:39.503447+00:00;humidity;80.50
4854;DHT22;3628;6.559;3.386;2026-01-23T21:51:39.503447+00:00;temperature;31.10
4853;pms5003;3628;6.559;3.386;2026-01-23T21:56:56.734950+00:00;P2;53.80
4853;pms5003;3628;6.559;3.386;2026-01-23T21:56:56.734950+00:00;P1;72.20
4853;pms5003;3628;6.559;3.386;2026-01-23T21:56:56.734950+00:00;P0;37.40
4853;pms5003;3628;6.559;3.386;2026-01-23T22:02:31.639133+00:00;P2;60.25
4853;pms5003;3628;6.559;3.386;2026-01-23T22:02:31.639133+00:00;P1;76.00
4853;pms5003;3628;6.559;3.386;2026-01-23T22:02:31.639133+00:00;P0;39.50
4854;DHT22;3628;6.559;3.386;2026-01-23T22:02:49.167740+00:00;humidity;81.90
4854;DHT22;3628;6.559;3.386;2026-01-23T22:02:49.167740+00:00;temperature;31.00
4853;pms5003;3628;6.559;3.386;2026-01-23T22:08:06.110059+00:00;P2;65.50
4853;pms5003;3628;6.559;3.386;2026-01-23T22:08:06.110059+00:00;P1;79.00
4853;pms5003;3628;6.559;3.386;2026-01-23T22:08:06.110059+00:00;P0;42.50
4854;DHT22;3628;6.559;3.386;2026-01-23T22:08:23.473092+00:00;humidity;82.40
4854;DHT22;3628;6.559;3.386;2026-01-23T22:08:23.473092+00:00;temperature;31.00
4853;pms5003;3628;6.559;3.386;2026-01-23T22:13:40.757227+00:00;P2;58.25
4853;pms5003;3628;6.559;3.386;2026-01-23T22:13:40.757227+00:00;P1;75.00
4853;pms5003;3628;6.559;3.386;2026-01-23T22:13:40.757227+00:00;P0;40.75
4854;DHT22;3628;6.559;3.386;2026-01-23T22:19:11.808309+00:00;humidity;82.90
4854;DHT22;3628;6.559;3.386;2026-01-23T22:19:11.808309+00:00;temperature;31.00
4853;pms5003;3628;6.559;3.386;2026-01-23T22:24:28.947714+00:00;P2;61.75
4853;pms5003;3628;6.559;3.386;2026-01-23T22:24:28.947714+00:00;P1;78.50
4853;pms5003;3628;6.559;3.386;2026-01-23T22:24:28.947714+00:00;P0;38.25
4853;pms5003;3628;6.559;3.386;2026-01-23T22:30:03.601159+00:00;P2;61.00
4853;pms5003;3628;6.559;3.386;2026-01-23T22:30:03.601159+00:00;P1;78.00
4853;pms5003;3628;6.559;3.386;2026-01-23T22:30:03.601159+00:00;P0;38.67
4853;pms5003;3628;6.559;3.386;2026-01-23T22:35:38.315052+00:00;P2;58.75
4853;pms5003;3628;6.559;3.386;2026-01-23T22:35:38.315052+00:00;P1;74.50
4853;pms5003;3628;6.559;3.386;2026-01-23T22:35:38.315052+00:00;P0;40.50
4853;pms5003;3628;6.559;3.386;2026-01-23T22:41:12.923708+00:00;P2;61.75
4853;pms5003;3628;6.559;3.386;2026-01-23T22:41:12.923708+00:00;P1;75.00
4853;pms5003;3628;6.559;3.386;2026-01-23T22:41:12.923708+00:00;P0;42.00
4854;DHT22;3628;6.559;3.386;2026-01-23T22:41:30.355978+00:00;humidity;84.70
4854;DHT22;3628;6.559;3.386;2026-01-23T22:41:30.355978+00:00;temperature;30.90
4853;pms5003;3628;6.559;3.386;2026-01-23T22:48:15.843854+00:00;P2;62.50
4853;pms5003;3628;6.559;3.386;2026-01-23T22:48:15.843854+00:00;P1;73.25
4853;pms5003;3628;6.559;3.386;2026-01-23T22:48:15.843854+00:00;P0;40.75
4853;pms5003;3628;6.559;3.386;2026-01-23T22:52:12.924443+00:00;P2;53.67
4853;pms5003;3628;6.559;3.386;2026-01-23T22:52:12.924443+00:00;P1;72.00
4853;pms5003;3628;6.559;3.386;2026-01-23T22:52:12.924443+00:00;P0;37.00
4854;DHT22;3628;6.559;3.386;2026-01-23T22:52:30.402051+00:00;humidity;84.70
4854;DHT22;3628;6.559;3.386;2026-01-23T22:52:30.402051+00:00;temperature;30.90
4853;pms5003;3628;6.559;3.386;2026-01-23T22:57:47.644479+00:00;P2;54.50
4853;pms5003;3628;6.559;3.386;2026-01-23T22:57:47.644479+00:00;P1;73.00
4853;pms5003;3628;6.559;3.386;2026-01-23T22:57:47.644479+00:00;P0;36.00
4854;DHT22;3628;6.559;3.386;2026-01-23T22:58:05.226569+00:00;humidity;84.30
4854;DHT22;3628;6.559;3.386;2026-01-23T22:58:05.226569+00:00;temperature;30.90
4853;pms5003;3628;6.559;3.386;2026-01-23T23:05:17.142469+00:00;P2;64.50
4853;pms5003;3628;6.559;3.386;2026-01-23T23:05:17.142469+00:00;P1;77.25
4853;pms5003;3628;6.559;3.386;2026-01-23T23:05:17.142469+00:00;P0;44.75
4853;pms5003;3628;6.559;3.386;2026-01-23T23:08:46.843443+00:00;P2;53.25
4853;pms5003;3628;6.559;3.386;2026-01-23T23:08:46.843443+00:00;P1;71.00
4853;pms5003;3628;6.559;3.386;2026-01-23T23:08:46.843443+00:00;P0;35.00
4854;DHT22;3628;6.559;3.386;2026-01-23T23:09:07.231248+00:00;humidity;83.50
4854;DHT22;3628;6.559;3.386;2026-01-23T23:09:07.231248+00:00;temperature;30.90
4853;pms5003;3628;6.559;3.386;2026-01-23T23:14:24.478013+00:00;P2;58.00
4853;pms5003;3628;6.559;3.386;2026-01-23T23:14:24.478013+00:00;P1;77.50
4853;pms5003;3628;6.559;3.386;2026-01-23T23:14:24.478013+00:00;P0;40.25
4854;DHT22;3628;6.559;3.386;2026-01-23T23:14:41.996298+00:00;humidity;83.20
4854;DHT22;3628;6.559;3.386;2026-01-23T23:14:41.996298+00:00;temperature;30.80
4853;pms5003;3628;6.559;3.386;2026-01-23T23:20:02.058944+00:00;P2;55.25
4853;pms5003;3628;6.559;3.386;2026-01-23T23:20:02.058944+00:00;P1;69.75
4853;pms5003;3628;6.559;3.386;2026-01-23T23:20:02.058944+00:00;P0;35.00
4853;pms5003;3628;6.559;3.386;2026-01-23T23:25:26.024706+00:00;P2;51.00
4853;pms5003;3628;6.559;3.386;2026-01-23T23:25:26.024706+00:00;P1;67.50
4853;pms5003;3628;6.559;3.386;2026-01-23T23:25:26.024706+00:00;P0;33.00
4854;DHT22;3628;6.559;3.386;2026-01-23T23:31:07.766146+00:00;humidity;81.00
4854;DHT22;3628;6.559;3.386;2026-01-23T23:31:07.766146+00:00;temperature;30.80
4853;pms5003;3628;6.559;3.386;2026-01-23T23:36:25.161668+00:00;P2;57.00
4853;pms5003;3628;6.559;3.386;2026-01-23T23:36:25.161668+00:00;P1;69.50
4853;pms5003;3628;6.559;3.386;2026-01-23T23:36:25.161668+00:00;P0;41.00
4854;DHT22;3628;6.559;3.386;2026-01-23T23:36:42.797714+00:00;humidity;80.90
4854;DHT22;3628;6.559;3.386;2026-01-23T23:36:42.797714+00:00;temperature;30.80
4853;pms5003;3628;6.559;3.386;2026-01-23T23:43:06.664867+00:00;P2;57.25
4853;pms5003;3628;6.559;3.386;2026-01-23T23:43:06.664867+00:00;P1;74.00
4853;pms5003;3628;6.559;3.386;2026-01-23T23:43:06.664867+00:00;P0;37.50
4853;pms5003;3628;6.559;3.386;2026-01-23T23:47:24.319795+00:00;P2;53.60
4853;pms5003;3628;6.559;3.386;2026-01-23T23:47:24.319795+00:00;P1;74.60
4853;pms5003;3628;6.559;3.386;2026-01-23T23:47:24.319795+00:00;P0;35.20
4854;DHT22;3628;6.559;3.386;2026-01-23T23:47:41.702313+00:00;humidity;79.90
4854;DHT22;3628;6.559;3.386;2026-01-23T23:47:41.702313+00:00;temperature;30.90
4853;pms5003;3628;6.559;3.386;2026-01-23T23:52:58.938732+00:00;P2;64.25
4853;pms5003;3628;6.559;3.386;2026-01-23T23:52:58.938732+00:00;P1;78.25
4853;pms5003;3628;6.559;3.386;2026-01-23T23:52:58.938732+00:00;P0;43.00
4853;pms5003;3628;6.559;3.386;2026-01-23T23:58:46.832729+00:00;P2;63.00
4853;pms5003;3628;6.559;3.386;2026-01-23T23:58:46.832729+00:00;P1;75.00
4853;pms5003;3628;6.559;3.386;2026-01-23T23:58:46.832729+00:00;P0;43.50
4854;DHT22;3628;6.559;3.386;2026-01-24T00:04:04.673243+00:00;humidity;78.80
4854;DHT22;3628;6.559;3.386;2026-01-24T00:04:04.673243+00:00;temperature;30.90
4853;pms5003;3628;6.559;3.386;2026-01-24T00:09:21.973945+00:00;P2;71.00
4853;pms5003;3628;6.559;3.386;2026-01-24T00:09:21.973945+00:00;P1;85.75
4853;pms5003;3628;6.559;3.386;2026-01-24T00:09:21.973945+00:00;P0;46.50
4854;DHT22;3628;6.559;3.386;2026-01-24T00:09:39.326091+00:00;humidity;78.70
4854;DHT22;3628;6.559;3.386;2026-01-24T00:09:39.326091+00:00;temperature;30.90
4853;pms5003;3628;6.559;3.386;2026-01-24T00:14:56.517867+00:00;P2;62.00
4853;pms5003;3628;6.559;3.386;2026-01-24T00:14:56.517867+00:00;P1;77.60
4853;pms5003;3628;6.559;3.386;2026-01-24T00:14:56.517867+00:00;P0;42.40
4854;DHT22;3628;6.559;3.386;2026-01-24T00:15:13.856415+00:00;humidity;78.80
4854;DHT22;3628;6.559;3.386;2026-01-24T00:15:13.856415+00:00;temperature;30.90
4853;pms5003;3628;6.559;3.386;2026-01-24T00:20:31.113369+00:00;P2;68.00
4853;pms5003;3628;6.559;3.386;2026-01-24T00:20:31.113369+00:00;P1;81.00
4853;pms5003;3628;6.559;3.386;2026-01-24T00:20:31.113369+00:00;P0;43.00
4854;DHT22;3628;6.559;3.386;2026-01-24T00:20:48.462833+00:00;humidity;78.50
4854;DHT22;3628;6.559;3.386;2026-01-24T00:20:48.462833+00:00;temperature;30.80
4854;DHT22;3628;6.559;3.386;2026-01-24T00:26:23.085920+00:00;humidity;78.50
4854;DHT22;3628;6.559;3.386;2026-01-24T00:26:23.085920+00:00;temperature;30.80
4854;DHT22;3628;6.559;3.386;2026-01-24T00:31:46.934495+00:00;humidity;78.40
4854;DHT22;3628;6.559;3.386;2026-01-24T00:31:46.934495+00:00;temperature;30.80
4853;pms5003;3628;6.559;3.386;2026-01-24T00:37:04.262864+00:00;P2;67.33
4853;pms5003;3628;6.559;3.386;2026-01-24T00:37:04.262864+00:00;P1;83.33
4853;pms5003;3628;6.559;3.386;2026-01-24T00:37:04.262864+00:00;P0;45.00
4854;DHT22;3628;6.559;3.386;2026-01-24T00:37:21.599196+00:00;humidity;78.10
4854;DHT22;3628;6.559;3.386;2026-01-24T00:37:21.599196+00:00;temperature;30.90
4853;pms5003;3628;6.559;3.386;2026-01-24T00:42:38.843177+00:00;P2;66.67
4853;pms5003;3628;6.559;3.386;2026-01-24T00:42:38.843177+00:00;P1;77.33
4853;pms5003;3628;6.559;3.386;2026-01-24T00:42:38.843177+00:00;P0;46.33
4854;DHT22;3628;6.559;3.386;2026-01-24T00:42:56.129840+00:00;humidity;78.10
4854;DHT22;3628;6.559;3.386;2026-01-24T00:42:56.129840+00:00;temperature;30.90
4853;pms5003;3628;6.559;3.386;2026-01-24T00:48:13.304282+00:00;P2;70.25
4853;pms5003;3628;6.559;3.386;2026-01-24T00:48:13.304282+00:00;P1;88.25
4853;pms5003;3628;6.559;3.386;2026-01-24T00:48:13.304282+00:00;P0;45.75
4854;DHT22;3628;6.559;3.386;2026-01-24T00:48:30.628698+00:00;humidity;78.00
4854;DHT22;3628;6.559;3.386;2026-01-24T00:48:30.628698+00:00;temperature;30.90
4853;pms5003;3628;6.559;3.386;2026-01-24T03:25:54.810636+00:00;P2;191.50
4853;pms5003;3628;6.559;3.386;2026-01-24T03:25:54.810636+00:00;P1;222.75
4853;pms5003;3628;6.559;3.386;2026-01-24T03:25:54.810636+00:00;P0;115.75
4854;DHT22;3628;6.559;3.386;2026-01-24T03:26:12.348523+00:00;humidity;82.80
4854;DHT22;3628;6.559;3.386;2026-01-24T03:26:12.348523+00:00;temperature;29.90
4853;pms5003;3628;6.559;3.386;2026-01-24T03:31:29.457862+00:00;P2;156.50
4853;pms5003;3628;6.559;3.386;2026-01-24T03:31:29.457862+00:00;P1;180.50
4853;pms5003;3628;6.559;3.386;2026-01-24T03:31:29.457862+00:00;P0;96.50
4854;DHT22;3628;6.559;3.386;2026-01-24T03:31:46.840064+00:00;humidity;83.20
4854;DHT22;3628;6.559;3.386;2026-01-24T03:31:46.840064+00:00;temperature;29.80
4854;DHT22;3628;6.559;3.386;2026-01-24T03:38:27.186905+00:00;humidity;83.60
4854;DHT22;3628;6.559;3.386;2026-01-24T03:38:27.186905+00:00;temperature;29.80
4853;pms5003;3628;6.559;3.386;2026-01-24T03:42:28.004607+00:00;P2;209.50
4853;pms5003;3628;6.559;3.386;2026-01-24T03:42:28.004607+00:00;P1;225.50
4853;pms5003;3628;6.559;3.386;2026-01-24T03:42:28.004607+00:00;P0;127.00
4854;DHT22;3628;6.559;3.386;2026-01-24T03:42:45.380538+00:00;humidity;84.00
4854;DHT22;3628;6.559;3.386;2026-01-24T03:42:45.380538+00:00;temperature;29.70
4853;pms5003;3628;6.559;3.386;2026-01-24T03:50:03.889870+00:00;P2;177.75
4853;pms5003;3628;6.559;3.386;2026-01-24T03:50:03.889870+00:00;P1;201.50
4853;pms5003;3628;6.559;3.386;2026-01-24T03:50:03.889870+00:00;P0;114.50
4853;pms5003;3628;6.559;3.386;2026-01-24T03:53:26.881830+00:00;P2;168.25
4853;pms5003;3628;6.559;3.386;2026-01-24T03:53:26.881830+00:00;P1;187.75
4853;pms5003;3628;6.559;3.386;2026-01-24T03:53:26.881830+00:00;P0;112.00
4854;DHT22;3628;6.559;3.386;2026-01-24T03:53:44.360557+00:00;humidity;85.90
4854;DHT22;3628;6.559;3.386;2026-01-24T03:53:44.360557+00:00;temperature;29.10
4853;pms5003;3628;6.559;3.386;2026-01-24T03:59:01.712080+00:00;P2;161.00
4853;pms5003;3628;6.559;3.386;2026-01-24T03:59:01.712080+00:00;P1;174.75
4853;pms5003;3628;6.559;3.386;2026-01-24T03:59:01.712080+00:00;P0;104.25
4853;pms5003;3628;6.559;3.386;2026-01-24T04:04:36.207121+00:00;P2;148.25
4853;pms5003;3628;6.559;3.386;2026-01-24T04:04:36.207121+00:00;P1;164.00
4853;pms5003;3628;6.559;3.386;2026-01-24T04:04:36.207121+00:00;P0;96.50
4854;DHT22;3628;6.559;3.386;2026-01-24T04:04:53.594495+00:00;humidity;86.50
4854;DHT22;3628;6.559;3.386;2026-01-24T04:04:53.594495+00:00;temperature;28.60
4853;pms5003;3628;6.559;3.386;2026-01-24T04:12:28.132583+00:00;P2;146.20
4853;pms5003;3628;6.559;3.386;2026-01-24T04:12:28.132583+00:00;P1;166.80
4853;pms5003;3628;6.559;3.386;2026-01-24T04:12:28.132583+00:00;P0;94.20
4853;pms5003;3628;6.559;3.386;2026-01-24T04:15:34.902724+00:00;P2;135.00
4853;pms5003;3628;6.559;3.386;2026-01-24T04:15:34.902724+00:00;P1;158.75
4853;pms5003;3628;6.559;3.386;2026-01-24T04:15:34.902724+00:00;P0;88.75
4854;DHT22;3628;6.559;3.386;2026-01-24T04:15:52.248328+00:00;humidity;86.70
4854;DHT22;3628;6.559;3.386;2026-01-24T04:15:52.248328+00:00;temperature;28.40
4853;pms5003;3628;6.559;3.386;2026-01-24T04:21:09.435544+00:00;P2;146.00
4853;pms5003;3628;6.559;3.386;2026-01-24T04:21:09.435544+00:00;P1;157.67
4853;pms5003;3628;6.559;3.386;2026-01-24T04:21:09.435544+00:00;P0;93.33
4854;DHT22;3628;6.559;3.386;2026-01-24T04:21:26.787058+00:00;humidity;87.30
4854;DHT22;3628;6.559;3.386;2026-01-24T04:21:26.787058+00:00;temperature;28.20
4853;pms5003;3628;6.559;3.386;2026-01-24T04:26:43.966101+00:00;P2;138.00
4853;pms5003;3628;6.559;3.386;2026-01-24T04:26:43.966101+00:00;P1;151.50
4853;pms5003;3628;6.559;3.386;2026-01-24T04:26:43.966101+00:00;P0;91.00
4853;pms5003;3628;6.559;3.386;2026-01-24T04:32:07.846365+00:00;P2;146.60
4853;pms5003;3628;6.559;3.386;2026-01-24T04:32:07.846365+00:00;P1;164.00
4853;pms5003;3628;6.559;3.386;2026-01-24T04:32:07.846365+00:00;P0;94.20
4854;DHT22;3628;6.559;3.386;2026-01-24T04:32:25.220934+00:00;humidity;87.80
4854;DHT22;3628;6.559;3.386;2026-01-24T04:32:25.220934+00:00;temperature;28.20
4853;pms5003;3628;6.559;3.386;2026-01-24T04:37:42.405732+00:00;P2;139.40
4853;pms5003;3628;6.559;3.386;2026-01-24T04:37:42.405732+00:00;P1;151.40
4853;pms5003;3628;6.559;3.386;2026-01-24T04:37:42.405732+00:00;P0;90.40
4854;DHT22;3628;6.559;3.386;2026-01-24T04:37:59.763843+00:00;humidity;87.90
4854;DHT22;3628;6.559;3.386;2026-01-24T04:37:59.763843+00:00;temperature;28.10
4853;pms5003;3628;6.559;3.386;2026-01-24T04:43:16.961089+00:00;P2;145.60
4853;pms5003;3628;6.559;3.386;2026-01-24T04:43:16.961089+00:00;P1;157.60
4853;pms5003;3628;6.559;3.386;2026-01-24T04:43:16.961089+00:00;P0;94.40
4854;DHT22;3628;6.559;3.386;2026-01-24T04:43:34.303644+00:00;humidity;88.10
4854;DHT22;3628;6.559;3.386;2026-01-24T04:43:34.303644+00:00;temperature;28.10
4853;pms5003;3628;6.559;3.386;2026-01-24T04:48:51.630159+00:00;P2;145.00
4853;pms5003;3628;6.559;3.386;2026-01-24T04:48:51.630159+00:00;P1;159.75
4853;pms5003;3628;6.559;3.386;2026-01-24T04:48:51.630159+00:00;P0;92.00
4854;DHT22;3628;6.559;3.386;2026-01-24T04:49:08.967658+00:00;humidity;88.50
4854;DHT22;3628;6.559;3.386;2026-01-24T04:49:08.967658+00:00;temperature;28.00
4853;pms5003;3628;6.559;3.386;2026-01-24T04:54:26.158472+00:00;P2;140.50
4853;pms5003;3628;6.559;3.386;2026-01-24T04:54:26.158472+00:00;P1;156.00
4853;pms5003;3628;6.559;3.386;2026-01-24T04:54:26.158472+00:00;P0;92.00
4854;DHT22;3628;6.559;3.386;2026-01-24T04:54:43.512633+00:00;humidity;89.00
4854;DHT22;3628;6.559;3.386;2026-01-24T04:54:43.512633+00:00;temperature;27.90
4854;DHT22;3628;6.559;3.386;2026-01-24T05:00:07.424241+00:00;humidity;89.10
4854;DHT22;3628;6.559;3.386;2026-01-24T05:00:07.424241+00:00;temperature;27.90
4853;pms5003;3628;6.559;3.386;2026-01-24T05:05:24.602034+00:00;P2;144.50
4853;pms5003;3628;6.559;3.386;2026-01-24T05:05:24.602034+00:00;P1;156.75
4853;pms5003;3628;6.559;3.386;2026-01-24T05:05:24.602034+00:00;P0;94.00
4854;DHT22;3628;6.559;3.386;2026-01-24T05:05:41.962871+00:00;humidity;89.20
4854;DHT22;3628;6.559;3.386;2026-01-24T05:05:41.962871+00:00;temperature;27.90
4853;pms5003;3628;6.559;3.386;2026-01-24T05:10:59.149138+00:00;P2;150.50
4853;pms5003;3628;6.559;3.386;2026-01-24T05:10:59.149138+00:00;P1;160.00
4853;pms5003;3628;6.559;3.386;2026-01-24T05:10:59.149138+00:00;P0;97.50
4854;DHT22;3628;6.559;3.386;2026-01-24T05:11:16.481240+00:00;humidity;89.30
4854;DHT22;3628;6.559;3.386;2026-01-24T05:11:16.481240+00:00;temperature;28.00
4853;pms5003;3628;6.559;3.386;2026-01-24T06:03:13.185869+00:00;P2;168.80
4853;pms5003;3628;6.559;3.386;2026-01-24T06:03:13.185869+00:00;P1;183.60
4853;pms5003;3628;6.559;3.386;2026-01-24T06:03:13.185869+00:00;P0;108.20
4854;DHT22;3628;6.559;3.386;2026-01-24T06:03:30.594259+00:00;humidity;95.80
4854;DHT22;3628;6.559;3.386;2026-01-24T06:03:30.594259+00:00;temperature;27.40
4853;pms5003;3628;6.559;3.386;2026-01-24T06:08:47.907727+00:00;P2;161.00
4853;pms5003;3628;6.559;3.386;2026-01-24T06:08:47.907727+00:00;P1;178.50
4853;pms5003;3628;6.559;3.386;2026-01-24T06:08:47.907727+00:00;P0;103.50
4854;DHT22;3628;6.559;3.386;2026-01-24T06:09:05.357211+00:00;humidity;92.00
4854;DHT22;3628;6.559;3.386;2026-01-24T06:09:05.357211+00:00;temperature;28.00
4854;DHT22;3628;6.559;3.386;2026-01-24T06:14:40.058801+00:00;humidity;92.10
4854;DHT22;3628;6.559;3.386;2026-01-24T06:14:40.058801+00:00;temperature;27.90
4854;DHT22;3628;6.559;3.386;2026-01-24T10:20:31.728802+00:00;humidity;61.40
4854;DHT22;3628;6.559;3.386;2026-01-24T10:20:31.728802+00:00;temperature;37.90
4853;pms5003;3628;6.559;3.386;2026-01-24T10:25:48.987087+00:00;P2;54.00
4853;pms5003;3628;6.559;3.386;2026-01-24T10:25:48.987087+00:00;P1;68.33
4853;pms5003;3628;6.559;3.386;2026-01-24T10:25:48.987087+00:00;P0;34.00
4854;DHT22;3628;6.559;3.386;2026-01-24T10:26:06.337323+00:00;humidity;61.00
4854;DHT22;3628;6.559;3.386;2026-01-24T10:26:06.337323+00:00;temperature;37.80
4853;pms5003;3628;6.559;3.386;2026-01-24T10:31:23.545801+00:00;P2;57.50
4853;pms5003;3628;6.559;3.386;2026-01-24T10:31:23.545801+00:00;P1;75.00
4853;pms5003;3628;6.559;3.386;2026-01-24T10:31:23.545801+00:00;P0;36.50
4854;DHT22;3628;6.559;3.386;2026-01-24T10:31:41.038858+00:00;humidity;57.90
4854;DHT22;3628;6.559;3.386;2026-01-24T10:31:41.038858+00:00;temperature;39.00
4853;pms5003;3628;6.559;3.386;2026-01-24T10:36:58.258740+00:00;P2;53.75
4853;pms5003;3628;6.559;3.386;2026-01-24T10:36:58.258740+00:00;P1;72.50
4853;pms5003;3628;6.559;3.386;2026-01-24T10:36:58.258740+00:00;P0;34.50
4854;DHT22;3628;6.559;3.386;2026-01-24T10:37:15.617066+00:00;humidity;58.00
4854;DHT22;3628;6.559;3.386;2026-01-24T10:37:15.617066+00:00;temperature;39.00
4853;pms5003;3628;6.559;3.386;2026-01-24T10:52:40.523495+00:00;P2;50.00
4853;pms5003;3628;6.559;3.386;2026-01-24T10:52:40.523495+00:00;P1;64.75
4853;pms5003;3628;6.559;3.386;2026-01-24T10:52:40.523495+00:00;P0;34.00
4854;DHT22;3628;6.559;3.386;2026-01-24T10:52:57.895286+00:00;humidity;55.70
4854;DHT22;3628;6.559;3.386;2026-01-24T10:52:57.895286+00:00;temperature;39.00
4853;pms5003;3628;6.559;3.386;2026-01-24T10:58:15.096449+00:00;P2;48.50
4853;pms5003;3628;6.559;3.386;2026-01-24T10:58:15.096449+00:00;P1;61.00
4853;pms5003;3628;6.559;3.386;2026-01-24T10:58:15.096449+00:00;P0;31.75
4853;pms5003;3628;6.559;3.386;2026-01-24T11:03:39.027621+00:00;P2;50.40
4853;pms5003;3628;6.559;3.386;2026-01-24T11:03:39.027621+00:00;P1;71.40
4853;pms5003;3628;6.559;3.386;2026-01-24T11:03:39.027621+00:00;P0;33.00
4854;DHT22;3628;6.559;3.386;2026-01-24T11:03:56.378839+00:00;humidity;51.50
4854;DHT22;3628;6.559;3.386;2026-01-24T11:03:56.378839+00:00;temperature;40.20
4853;pms5003;3628;6.559;3.386;2026-01-24T11:09:13.573971+00:00;P2;51.00
4853;pms5003;3628;6.559;3.386;2026-01-24T11:09:13.573971+00:00;P1;68.50
4853;pms5003;3628;6.559;3.386;2026-01-24T11:09:13.573971+00:00;P0;34.00
4853;pms5003;3628;6.559;3.386;2026-01-24T11:25:25.327257+00:00;P2;92.50
4853;pms5003;3628;6.559;3.386;2026-01-24T11:25:25.327257+00:00;P1;110.75
4853;pms5003;3628;6.559;3.386;2026-01-24T11:25:25.327257+00:00;P0;61.00
4854;DHT22;3628;6.559;3.386;2026-01-24T11:30:55.951584+00:00;humidity;63.10
4854;DHT22;3628;6.559;3.386;2026-01-24T11:30:55.951584+00:00;temperature;37.00
4854;DHT22;3628;6.559;3.386;2026-01-24T11:36:30.462135+00:00;humidity;62.00
4854;DHT22;3628;6.559;3.386;2026-01-24T11:36:30.462135+00:00;temperature;37.60
4853;pms5003;3628;6.559;3.386;2026-01-24T11:41:47.785858+00:00;P2;104.00
4853;pms5003;3628;6.559;3.386;2026-01-24T11:41:47.785858+00:00;P1;119.75
4853;pms5003;3628;6.559;3.386;2026-01-24T11:41:47.785858+00:00;P0;66.75
4853;pms5003;3628;6.559;3.386;2026-01-24T11:47:22.350206+00:00;P2;91.50
4853;pms5003;3628;6.559;3.386;2026-01-24T11:47:22.350206+00:00;P1;107.00
4853;pms5003;3628;6.559;3.386;2026-01-24T11:47:22.350206+00:00;P0;58.00
4853;pms5003;3628;6.559;3.386;2026-01-24T11:52:46.422071+00:00;P2;101.50
4853;pms5003;3628;6.559;3.386;2026-01-24T11:52:46.422071+00:00;P1;114.50
4853;pms5003;3628;6.559;3.386;2026-01-24T11:52:46.422071+00:00;P0;67.50
4853;pms5003;3628;6.559;3.386;2026-01-24T11:58:10.633857+00:00;P2;81.40
4853;pms5003;3628;6.559;3.386;2026-01-24T11:58:10.633857+00:00;P1;102.40
4853;pms5003;3628;6.559;3.386;2026-01-24T11:58:10.633857+00:00;P0;55.00
4854;DHT22;3628;6.559;3.386;2026-01-24T12:03:41.232469+00:00;humidity;61.70
4854;DHT22;3628;6.559;3.386;2026-01-24T12:03:41.232469+00:00;temperature;37.70
4853;pms5003;3628;6.559;3.386;2026-01-24T12:08:58.555981+00:00;P2;71.25
4853;pms5003;3628;6.559;3.386;2026-01-24T12:08:58.555981+00:00;P1;83.50
4853;pms5003;3628;6.559;3.386;2026-01-24T12:08:58.555981+00:00;P0;46.25
4854;DHT22;3628;6.559;3.386;2026-01-24T12:09:16.043105+00:00;humidity;61.10
4854;DHT22;3628;6.559;3.386;2026-01-24T12:09:16.043105+00:00;temperature;37.80
4854;DHT22;3628;6.559;3.386;2026-01-24T12:14:39.865406+00:00;humidity;61.20
4854;DHT22;3628;6.559;3.386;2026-01-24T12:14:39.865406+00:00;temperature;37.60
4854;DHT22;3628;6.559;3.386;2026-01-24T12:20:06.904821+00:00;humidity;64.70
4854;DHT22;3628;6.559;3.386;2026-01-24T12:20:06.904821+00:00;temperature;36.50
4853;pms5003;3628;6.559;3.386;2026-01-24T12:25:24.153532+00:00;P2;56.50
4853;pms5003;3628;6.559;3.386;2026-01-24T12:25:24.153532+00:00;P1;75.25
4853;pms5003;3628;6.559;3.386;2026-01-24T12:25:24.153532+00:00;P0;35.25
4853;pms5003;3628;6.559;3.386;2026-01-24T12:31:01.624034+00:00;P2;52.00
4853;pms5003;3628;6.559;3.386;2026-01-24T12:31:01.624034+00:00;P1;72.50
4853;pms5003;3628;6.559;3.386;2026-01-24T12:31:01.624034+00:00;P0;34.75
4854;DHT22;3628;6.559;3.386;2026-01-24T12:31:19.026840+00:00;humidity;62.10
4854;DHT22;3628;6.559;3.386;2026-01-24T12:31:19.026840+00:00;temperature;37.80
4854;DHT22;3628;6.559;3.386;2026-01-24T12:36:53.925533+00:00;humidity;61.60
4854;DHT22;3628;6.559;3.386;2026-01-24T12:36:53.925533+00:00;temperature;37.70
4854;DHT22;3628;6.559;3.386;2026-01-24T12:42:18.458066+00:00;humidity;61.70
4854;DHT22;3628;6.559;3.386;2026-01-24T12:42:18.458066+00:00;temperature;37.70
4853;pms5003;3628;6.559;3.386;2026-01-24T12:47:35.629389+00:00;P2;50.60
4853;pms5003;3628;6.559;3.386;2026-01-24T12:47:35.629389+00:00;P1;67.20
4853;pms5003;3628;6.559;3.386;2026-01-24T12:47:35.629389+00:00;P0;32.60
4853;pms5003;3628;6.559;3.386;2026-01-24T12:52:59.876287+00:00;P2;49.00
4853;pms5003;3628;6.559;3.386;2026-01-24T12:52:59.876287+00:00;P1;68.50
4853;pms5003;3628;6.559;3.386;2026-01-24T12:52:59.876287+00:00;P0;33.00
4854;DHT22;3628;6.559;3.386;2026-01-24T12:53:17.292458+00:00;humidity;60.60
4854;DHT22;3628;6.559;3.386;2026-01-24T12:53:17.292458+00:00;temperature;38.40
4853;pms5003;3628;6.559;3.386;2026-01-24T13:03:59.060072+00:00;P2;46.00
4853;pms5003;3628;6.559;3.386;2026-01-24T13:03:59.060072+00:00;P1;63.00
4853;pms5003;3628;6.559;3.386;2026-01-24T13:03:59.060072+00:00;P0;30.50
4854;DHT22;3628;6.559;3.386;2026-01-24T13:04:16.721763+00:00;humidity;60.00
4854;DHT22;3628;6.559;3.386;2026-01-24T13:04:16.721763+00:00;temperature;38.00
4853;pms5003;3628;6.559;3.386;2026-01-24T13:14:57.690615+00:00;P2;49.50
4853;pms5003;3628;6.559;3.386;2026-01-24T13:14:57.690615+00:00;P1;65.50
4853;pms5003;3628;6.559;3.386;2026-01-24T13:14:57.690615+00:00;P0;32.50
4854;DHT22;3628;6.559;3.386;2026-01-24T13:25:52.082689+00:00;humidity;56.40
4854;DHT22;3628;6.559;3.386;2026-01-24T13:25:52.082689+00:00;temperature;39.20
4853;pms5003;3628;6.559;3.386;2026-01-24T13:31:09.276026+00:00;P2;46.00
4853;pms5003;3628;6.559;3.386;2026-01-24T13:31:09.276026+00:00;P1;62.50
4853;pms5003;3628;6.559;3.386;2026-01-24T13:31:09.276026+00:00;P0;3.00
4853;pms5003;3628;6.559;3.386;2026-01-24T13:36:33.182879+00:00;P2;45.33
4853;pms5003;3628;6.559;3.386;2026-01-24T13:36:33.182879+00:00;P1;64.33
4853;pms5003;3628;6.559;3.386;2026-01-24T13:36:33.182879+00:00;P0;30.33
4854;DHT22;3628;6.559;3.386;2026-01-24T13:36:50.647599+00:00;humidity;57.70
4854;DHT22;3628;6.559;3.386;2026-01-24T13:36:50.647599+00:00;temperature;38.80
4853;pms5003;3628;6.559;3.386;2026-01-24T13:42:08.142382+00:00;P2;43.00
4853;pms5003;3628;6.559;3.386;2026-01-24T13:42:08.142382+00:00;P1;55.00
4853;pms5003;3628;6.559;3.386;2026-01-24T13:42:08.142382+00:00;P0;29.00
4854;DHT22;3628;6.559;3.386;2026-01-24T13:42:28.618905+00:00;humidity;60.60
4854;DHT22;3628;6.559;3.386;2026-01-24T13:42:28.618905+00:00;temperature;37.70
4854;DHT22;3628;6.559;3.386;2026-01-24T13:48:02.942292+00:00;humidity;58.80
4854;DHT22;3628;6.559;3.386;2026-01-24T13:48:02.942292+00:00;temperature;38.40
4853;pms5003;3628;6.559;3.386;2026-01-24T13:58:41.812718+00:00;P2;47.00
4853;pms5003;3628;6.559;3.386;2026-01-24T13:58:41.812718+00:00;P1;61.00
4853;pms5003;3628;6.559;3.386;2026-01-24T13:58:41.812718+00:00;P0;31.00
4853;pms5003;3628;6.559;3.386;2026-01-24T14:04:05.710376+00:00;P2;45.00
4853;pms5003;3628;6.559;3.386;2026-01-24T14:04:05.710376+00:00;P1;60.60
4853;pms5003;3628;6.559;3.386;2026-01-24T14:04:05.710376+00:00;P0;30.00
4853;pms5003;3628;6.559;3.386;2026-01-24T14:09:29.974362+00:00;P2;46.00
4853;pms5003;3628;6.559;3.386;2026-01-24T14:09:29.974362+00:00;P1;63.00
4853;pms5003;3628;6.559;3.386;2026-01-24T14:09:29.974362+00:00;P0;31.00
4853;pms5003;3628;6.559;3.386;2026-01-24T14:14:54.096774+00:00;P2;45.33
4853;pms5003;3628;6.559;3.386;2026-01-24T14:14:54.096774+00:00;P1;61.00
4853;pms5003;3628;6.559;3.386;2026-01-24T14:14:54.096774+00:00;P0;30.00
4854;DHT22;3628;6.559;3.386;2026-01-24T14:15:11.508636+00:00;humidity;57.90
4854;DHT22;3628;6.559;3.386;2026-01-24T14:15:11.508636+00:00;temperature;38.50
4854;DHT22;3628;6.559;3.386;2026-01-24T14:26:03.252592+00:00;humidity;57.30
4854;DHT22;3628;6.559;3.386;2026-01-24T14:26:03.252592+00:00;temperature;39.10
4853;pms5003;3628;6.559;3.386;2026-01-24T14:31:20.410798+00:00;P2;44.50
4853;pms5003;3628;6.559;3.386;2026-01-24T14:31:20.410798+00:00;P1;62.50
4853;pms5003;3628;6.559;3.386;2026-01-24T14:31:20.410798+00:00;P0;29.50
4854;DHT22;3628;6.559;3.386;2026-01-24T14:31:38.013488+00:00;humidity;58.00
4854;DHT22;3628;6.559;3.386;2026-01-24T14:31:38.013488+00:00;temperature;38.70
4854;DHT22;3628;6.559;3.386;2026-01-24T14:37:02.414710+00:00;humidity;59.00
4854;DHT22;3628;6.559;3.386;2026-01-24T14:37:02.414710+00:00;temperature;38.40
4853;pms5003;3628;6.559;3.386;2026-01-24T14:42:19.575646+00:00;P2;44.00
4853;pms5003;3628;6.559;3.386;2026-01-24T14:42:19.575646+00:00;P1;61.00
4853;pms5003;3628;6.559;3.386;2026-01-24T14:42:19.575646+00:00;P0;28.50
4854;DHT22;3628;6.559;3.386;2026-01-24T14:42:36.967359+00:00;humidity;60.10
4854;DHT22;3628;6.559;3.386;2026-01-24T14:42:36.967359+00:00;temperature;38.00
4853;pms5003;3628;6.559;3.386;2026-01-24T14:47:54.263747+00:00;P2;45.00
4853;pms5003;3628;6.559;3.386;2026-01-24T14:47:54.263747+00:00;P1;59.50
4853;pms5003;3628;6.559;3.386;2026-01-24T14:47:54.263747+00:00;P0;30.00
4853;pms5003;3628;6.559;3.386;2026-01-24T14:53:18.362544+00:00;P2;43.80
4853;pms5003;3628;6.559;3.386;2026-01-24T14:53:18.362544+00:00;P1;57.40
4853;pms5003;3628;6.559;3.386;2026-01-24T14:53:18.362544+00:00;P0;29.00
4854;DHT22;3628;6.559;3.386;2026-01-24T14:53:35.922971+00:00;humidity;60.50
4854;DHT22;3628;6.559;3.386;2026-01-24T14:53:35.922971+00:00;temperature;37.80
4853;pms5003;3628;6.559;3.386;2026-01-24T14:58:53.097043+00:00;P2;44.00
4853;pms5003;3628;6.559;3.386;2026-01-24T14:58:53.097043+00:00;P1;60.50
4853;pms5003;3628;6.559;3.386;2026-01-24T14:58:53.097043+00:00;P0;29.00
4854;DHT22;3628;6.559;3.386;2026-01-24T14:59:10.491677+00:00;humidity;60.40
4854;DHT22;3628;6.559;3.386;2026-01-24T14:59:10.491677+00:00;temperature;37.90
4853;pms5003;3628;6.559;3.386;2026-01-24T15:04:27.641478+00:00;P2;44.50
4853;pms5003;3628;6.559;3.386;2026-01-24T15:04:27.641478+00:00;P1;56.25
4853;pms5003;3628;6.559;3.386;2026-01-24T15:04:27.641478+00:00;P0;29.00
4853;pms5003;3628;6.559;3.386;2026-01-24T15:09:51.362462+00:00;P2;44.00
4853;pms5003;3628;6.559;3.386;2026-01-24T15:09:51.362462+00:00;P1;59.50
4853;pms5003;3628;6.559;3.386;2026-01-24T15:09:51.362462+00:00;P0;30.00
4854;DHT22;3628;6.559;3.386;2026-01-24T15:15:32.888962+00:00;humidity;62.50
4854;DHT22;3628;6.559;3.386;2026-01-24T15:15:32.888962+00:00;temperature;37.00
4853;pms5003;3628;6.559;3.386;2026-01-24T15:20:50.105056+00:00;P2;46.00
4853;pms5003;3628;6.559;3.386;2026-01-24T15:20:50.105056+00:00;P1;63.50
4853;pms5003;3628;6.559;3.386;2026-01-24T15:20:50.105056+00:00;P0;31.00
4854;DHT22;3628;6.559;3.386;2026-01-24T15:21:07.476822+00:00;humidity;62.60
4854;DHT22;3628;6.559;3.386;2026-01-24T15:21:07.476822+00:00;temperature;36.80
4853;pms5003;3628;6.559;3.386;2026-01-24T15:26:24.633143+00:00;P2;44.00
4853;pms5003;3628;6.559;3.386;2026-01-24T15:26:24.633143+00:00;P1;61.50
4853;pms5003;3628;6.559;3.386;2026-01-24T15:26:24.633143+00:00;P0;29.00
4854;DHT22;3628;6.559;3.386;2026-01-24T15:26:42.074692+00:00;humidity;63.20
4854;DHT22;3628;6.559;3.386;2026-01-24T15:26:42.074692+00:00;temperature;36.60
4853;pms5003;3628;6.559;3.386;2026-01-24T15:37:23.190883+00:00;P2;42.60
4853;pms5003;3628;6.559;3.386;2026-01-24T15:37:23.190883+00:00;P1;60.60
4853;pms5003;3628;6.559;3.386;2026-01-24T15:37:23.190883+00:00;P0;28.60
4853;pms5003;3628;6.559;3.386;2026-01-24T15:42:47.215179+00:00;P2;45.25
4853;pms5003;3628;6.559;3.386;2026-01-24T15:42:47.215179+00:00;P1;64.50
4853;pms5003;3628;6.559;3.386;2026-01-24T15:42:47.215179+00:00;P0;31.00
4854;DHT22;3628;6.559;3.386;2026-01-24T15:43:04.643551+00:00;humidity;63.90
4854;DHT22;3628;6.559;3.386;2026-01-24T15:43:04.643551+00:00;temperature;36.30
4853;pms5003;3628;6.559;3.386;2026-01-24T15:48:21.800982+00:00;P2;43.75
4853;pms5003;3628;6.559;3.386;2026-01-24T15:48:21.800982+00:00;P1;61.00
4853;pms5003;3628;6.559;3.386;2026-01-24T15:48:21.800982+00:00;P0;28.25
4854;DHT22;3628;6.559;3.386;2026-01-24T15:48:39.212632+00:00;humidity;64.60
4854;DHT22;3628;6.559;3.386;2026-01-24T15:48:39.212632+00:00;temperature;36.10
4853;pms5003;3628;6.559;3.386;2026-01-24T15:53:56.353628+00:00;P2;44.00
4853;pms5003;3628;6.559;3.386;2026-01-24T15:53:56.353628+00:00;P1;62.00
4853;pms5003;3628;6.559;3.386;2026-01-24T15:53:56.353628+00:00;P0;29.00
4854;DHT22;3628;6.559;3.386;2026-01-24T15:59:38.020646+00:00;humidity;65.00
4854;DHT22;3628;6.559;3.386;2026-01-24T15:59:38.020646+00:00;temperature;36.00
4853;pms5003;3628;6.559;3.386;2026-01-24T16:04:55.411194+00:00;P2;44.40
4853;pms5003;3628;6.559;3.386;2026-01-24T16:04:55.411194+00:00;P1;62.00
4853;pms5003;3628;6.559;3.386;2026-01-24T16:04:55.411194+00:00;P0;28.00
4853;pms5003;3628;6.559;3.386;2026-01-24T16:10:19.756546+00:00;P2;44.00
4853;pms5003;3628;6.559;3.386;2026-01-24T16:10:19.756546+00:00;P1;58.50
4853;pms5003;3628;6.559;3.386;2026-01-24T16:10:19.756546+00:00;P0;30.00
4853;pms5003;3628;6.559;3.386;2026-01-24T16:15:54.332283+00:00;P2;46.00
4853;pms5003;3628;6.559;3.386;2026-01-24T16:15:54.332283+00:00;P1;64.00
4853;pms5003;3628;6.559;3.386;2026-01-24T16:15:54.332283+00:00;P0;30.75
4854;DHT22;3628;6.559;3.386;2026-01-24T16:16:11.645678+00:00;humidity;66.30
4854;DHT22;3628;6.559;3.386;2026-01-24T16:16:11.645678+00:00;temperature;35.40
4854;DHT22;3628;6.559;3.386;2026-01-24T16:37:27.780998+00:00;humidity;68.40
4854;DHT22;3628;6.559;3.386;2026-01-24T16:37:27.780998+00:00;temperature;34.70
4853;pms5003;3628;6.559;3.386;2026-01-24T16:42:45.068220+00:00;P2;45.75
4853;pms5003;3628;6.559;3.386;2026-01-24T16:42:45.068220+00:00;P1;63.50
4853;pms5003;3628;6.559;3.386;2026-01-24T16:42:45.068220+00:00;P0;31.00
4854;DHT22;3628;6.559;3.386;2026-01-24T16:43:02.489769+00:00;humidity;68.70
4854;DHT22;3628;6.559;3.386;2026-01-24T16:43:02.489769+00:00;temperature;34.60
4854;DHT22;3628;6.559;3.386;2026-01-24T16:48:37.273380+00:00;humidity;70.00
4854;DHT22;3628;6.559;3.386;2026-01-24T16:48:37.273380+00:00;temperature;34.10
4854;DHT22;3628;6.559;3.386;2026-01-24T16:54:01.741553+00:00;humidity;70.70
4854;DHT22;3628;6.559;3.386;2026-01-24T16:54:01.741553+00:00;temperature;34.10
4854;DHT22;3628;6.559;3.386;2026-01-24T16:59:25.912224+00:00;humidity;70.40
4854;DHT22;3628;6.559;3.386;2026-01-24T16:59:25.912224+00:00;temperature;33.90
4853;pms5003;3628;6.559;3.386;2026-01-24T17:04:43.080078+00:00;P2;46.75
4853;pms5003;3628;6.559;3.386;2026-01-24T17:04:43.080078+00:00;P1;62.00
4853;pms5003;3628;6.559;3.386;2026-01-24T17:04:43.080078+00:00;P0;30.25
4854;DHT22;3628;6.559;3.386;2026-01-24T17:05:00.446324+00:00;humidity;71.10
4854;DHT22;3628;6.559;3.386;2026-01-24T17:05:00.446324+00:00;temperature;33.90
4853;pms5003;3628;6.559;3.386;2026-01-24T17:15:41.536358+00:00;P2;47.50
4853;pms5003;3628;6.559;3.386;2026-01-24T17:15:41.536358+00:00;P1;61.50
4853;pms5003;3628;6.559;3.386;2026-01-24T17:15:41.536358+00:00;P0;32.00
4854;DHT22;3628;6.559;3.386;2026-01-24T17:15:59.007140+00:00;humidity;73.10
4854;DHT22;3628;6.559;3.386;2026-01-24T17:15:59.007140+00:00;temperature;33.40
4854;DHT22;3628;6.559;3.386;2026-01-24T17:21:33.811863+00:00;humidity;74.30
4854;DHT22;3628;6.559;3.386;2026-01-24T17:21:33.811863+00:00;temperature;33.10
4854;DHT22;3628;6.559;3.386;2026-01-24T17:26:58.056777+00:00;humidity;74.60
4854;DHT22;3628;6.559;3.386;2026-01-24T17:26:58.056777+00:00;temperature;33.20
4853;pms5003;3628;6.559;3.386;2026-01-24T17:37:28.103912+00:00;P2;46.25
4853;pms5003;3628;6.559;3.386;2026-01-24T17:37:28.103912+00:00;P1;66.25
4853;pms5003;3628;6.559;3.386;2026-01-24T17:37:28.103912+00:00;P0;30.75
4854;DHT22;3628;6.559;3.386;2026-01-24T17:37:45.710322+00:00;humidity;75.70
4854;DHT22;3628;6.559;3.386;2026-01-24T17:37:45.710322+00:00;temperature;32.90
4854;DHT22;3628;6.559;3.386;2026-01-24T17:43:03.027961+00:00;P2;48.50
4854;DHT22;3628;6.559;3.386;2026-01-24T17:43:03.027961+00:00;P1;65.25
4854;DHT22;3628;6.559;3.386;2026-01-24T17:43:03.027961+00:00;P0;32.00
4854;DHT22;3628;6.559;3.386;2026-01-24T17:43:20.549328+00:00;humidity;76.00
4854;DHT22;3628;6.559;3.386;2026-01-24T17:43:20.549328+00:00;temperature;32.70
4854;DHT22;3628;6.559;3.386;2026-01-24T17:48:55.387205+00:00;humidity;77.00
4854;DHT22;3628;6.559;3.386;2026-01-24T17:48:55.387205+00:00;temperature;32.60
4853;pms5003;3628;6.559;3.386;2026-01-24T17:54:12.697280+00:00;P2;48.00
4853;pms5003;3628;6.559;3.386;2026-01-24T17:54:12.697280+00:00;P1;66.50
4853;pms5003;3628;6.559;3.386;2026-01-24T17:54:12.697280+00:00;P0;30.75
4854;DHT22;3628;6.559;3.386;2026-01-24T17:54:30.174145+00:00;humidity;77.50
4854;DHT22;3628;6.559;3.386;2026-01-24T17:54:30.174145+00:00;temperature;32.50
4853;pms5003;3628;6.559;3.386;2026-01-24T17:59:47.503975+00:00;P2;46.75
4853;pms5003;3628;6.559;3.386;2026-01-24T17:59:47.503975+00:00;P1;63.50
4853;pms5003;3628;6.559;3.386;2026-01-24T17:59:47.503975+00:00;P0;29.00
4853;pms5003;3628;6.559;3.386;2026-01-24T18:05:11.486090+00:00;P2;46.25
4853;pms5003;3628;6.559;3.386;2026-01-24T18:05:11.486090+00:00;P1;66.50
4853;pms5003;3628;6.559;3.386;2026-01-24T18:05:11.486090+00:00;P0;31.00
4854;DHT22;3628;6.559;3.386;2026-01-24T18:05:29.018292+00:00;humidity;79.50
4854;DHT22;3628;6.559;3.386;2026-01-24T18:05:29.018292+00:00;temperature;32.20
4854;DHT22;3628;6.559;3.386;2026-01-24T18:10:53.307153+00:00;humidity;80.30
4854;DHT22;3628;6.559;3.386;2026-01-24T18:10:53.307153+00:00;temperature;32.10
4854;DHT22;3628;6.559;3.386;2026-01-24T18:16:20.363596+00:00;humidity;80.50
4854;DHT22;3628;6.559;3.386;2026-01-24T18:16:20.363596+00:00;temperature;32.00
4853;pms5003;3628;6.559;3.386;2026-01-24T18:21:37.635044+00:00;P2;48.33
4853;pms5003;3628;6.559;3.386;2026-01-24T18:21:37.635044+00:00;P1;68.67
4853;pms5003;3628;6.559;3.386;2026-01-24T18:21:37.635044+00:00;P0;33.33
4854;DHT22;3628;6.559;3.386;2026-01-24T18:21:55.193260+00:00;humidity;80.40
4854;DHT22;3628;6.559;3.386;2026-01-24T18:21:55.193260+00:00;temperature;32.10
4853;pms5003;3628;6.559;3.386;2026-01-24T18:27:12.659994+00:00;P2;56.00
4853;pms5003;3628;6.559;3.386;2026-01-24T18:27:12.659994+00:00;P1;75.50
4853;pms5003;3628;6.559;3.386;2026-01-24T18:27:12.659994+00:00;P0;35.50
4854;DHT22;3628;6.559;3.386;2026-01-24T18:27:30.117964+00:00;humidity;80.50
4854;DHT22;3628;6.559;3.386;2026-01-24T18:27:30.117964+00:00;temperature;32.00
4854;DHT22;3628;6.559;3.386;2026-01-24T18:33:04.961721+00:00;humidity;80.70
4854;DHT22;3628;6.559;3.386;2026-01-24T18:33:04.961721+00:00;temperature;32.10
4853;pms5003;3628;6.559;3.386;2026-01-24T19:31:04.024855+00:00;P2;50.00
4853;pms5003;3628;6.559;3.386;2026-01-24T19:31:04.024855+00:00;P1;66.50
4853;pms5003;3628;6.559;3.386;2026-01-24T19:31:04.024855+00:00;P0;32.00
4853;pms5003;3628;6.559;3.386;2026-01-24T19:36:34.323986+00:00;P2;46.00
4853;pms5003;3628;6.559;3.386;2026-01-24T19:36:34.323986+00:00;P1;61.50
4853;pms5003;3628;6.559;3.386;2026-01-24T19:36:34.323986+00:00;P0;30.50
4854;DHT22;3628;6.559;3.386;2026-01-24T19:36:54.184833+00:00;humidity;83.80
4854;DHT22;3628;6.559;3.386;2026-01-24T19:36:54.184833+00:00;temperature;31.60
4853;pms5003;3628;6.559;3.386;2026-01-24T19:42:20.308325+00:00;P2;44.25
4853;pms5003;3628;6.559;3.386;2026-01-24T19:42:20.308325+00:00;P1;54.75
4853;pms5003;3628;6.559;3.386;2026-01-24T19:42:20.308325+00:00;P0;28.75
4853;pms5003;3628;6.559;3.386;2026-01-24T19:47:49.757544+00:00;P2;42.50
4853;pms5003;3628;6.559;3.386;2026-01-24T19:47:49.757544+00:00;P1;55.50
4853;pms5003;3628;6.559;3.386;2026-01-24T19:47:49.757544+00:00;P0;27.50
4854;DHT22;3628;6.559;3.386;2026-01-24T19:48:04.881987+00:00;humidity;83.50
4854;DHT22;3628;6.559;3.386;2026-01-24T19:48:04.881987+00:00;temperature;31.60
4854;DHT22;3628;6.559;3.386;2026-01-24T19:58:41.995055+00:00;humidity;84.10
4854;DHT22;3628;6.559;3.386;2026-01-24T19:58:41.995055+00:00;temperature;31.50
4853;pms5003;3628;6.559;3.386;2026-01-24T20:09:16.023692+00:00;P2;45.00
4853;pms5003;3628;6.559;3.386;2026-01-24T20:09:16.023692+00:00;P1;59.00
4853;pms5003;3628;6.559;3.386;2026-01-24T20:09:16.023692+00:00;P0;29.33
4854;DHT22;3628;6.559;3.386;2026-01-24T20:09:42.021664+00:00;humidity;84.70
4854;DHT22;3628;6.559;3.386;2026-01-24T20:09:42.021664+00:00;temperature;31.40
4853;pms5003;3628;6.559;3.386;2026-01-24T20:15:02.272573+00:00;P2;43.60
4853;pms5003;3628;6.559;3.386;2026-01-24T20:15:02.272573+00:00;P1;60.00
4853;pms5003;3628;6.559;3.386;2026-01-24T20:15:02.272573+00:00;P0;29.00
4854;DHT22;3628;6.559;3.386;2026-01-24T21:13:49.890230+00:00;humidity;84.20
4854;DHT22;3628;6.559;3.386;2026-01-24T21:13:49.890230+00:00;temperature;31.30
4853;pms5003;3628;6.559;3.386;2026-01-24T21:19:10.291730+00:00;P2;42.00
4853;pms5003;3628;6.559;3.386;2026-01-24T21:19:10.291730+00:00;P1;57.00
4853;pms5003;3628;6.559;3.386;2026-01-24T21:19:10.291730+00:00;P0;27.00
4854;DHT22;3628;6.559;3.386;2026-01-24T21:19:27.628753+00:00;humidity;83.70
4854;DHT22;3628;6.559;3.386;2026-01-24T21:19:27.628753+00:00;temperature;31.40
4853;pms5003;3628;6.559;3.386;2026-01-24T21:24:50.785275+00:00;P2;42.00
4853;pms5003;3628;6.559;3.386;2026-01-24T21:24:50.785275+00:00;P1;58.67
4853;pms5003;3628;6.559;3.386;2026-01-24T21:24:50.785275+00:00;P0;27.33
4854;DHT22;3628;6.559;3.386;2026-01-24T21:25:13.747928+00:00;humidity;84.00
4854;DHT22;3628;6.559;3.386;2026-01-24T21:25:13.747928+00:00;temperature;31.20
4853;pms5003;3628;6.559;3.386;2026-01-24T21:30:33.929576+00:00;P2;42.50
4853;pms5003;3628;6.559;3.386;2026-01-24T21:30:33.929576+00:00;P1;60.25
4853;pms5003;3628;6.559;3.386;2026-01-24T21:30:33.929576+00:00;P0;27.00
4854;DHT22;3628;6.559;3.386;2026-01-24T21:31:00.270994+00:00;humidity;83.90
4854;DHT22;3628;6.559;3.386;2026-01-24T21:31:00.270994+00:00;temperature;31.20
4854;DHT22;3628;6.559;3.386;2026-01-24T21:36:25.955489+00:00;humidity;84.20
4854;DHT22;3628;6.559;3.386;2026-01-24T21:36:25.955489+00:00;temperature;31.20
4854;DHT22;3628;6.559;3.386;2026-01-24T21:41:50.065547+00:00;humidity;84.00
4854;DHT22;3628;6.559;3.386;2026-01-24T21:41:50.065547+00:00;temperature;31.20
4853;pms5003;3628;6.559;3.386;2026-01-24T21:47:07.407174+00:00;P2;43.00
4853;pms5003;3628;6.559;3.386;2026-01-24T21:47:07.407174+00:00;P1;61.75
4853;pms5003;3628;6.559;3.386;2026-01-24T21:47:07.407174+00:00;P0;27.75
4854;DHT22;3628;6.559;3.386;2026-01-24T21:47:24.986601+00:00;humidity;84.00
4854;DHT22;3628;6.559;3.386;2026-01-24T21:47:24.986601+00:00;temperature;31.20
4854;DHT22;3628;6.559;3.386;2026-01-24T21:52:51.443121+00:00;humidity;84.10
4854;DHT22;3628;6.559;3.386;2026-01-24T21:52:51.443121+00:00;temperature;31.10
4853;pms5003;3628;6.559;3.386;2026-01-24T21:58:05.983723+00:00;P2;45.75
4853;pms5003;3628;6.559;3.386;2026-01-24T21:58:05.983723+00:00;P1;64.00
4853;pms5003;3628;6.559;3.386;2026-01-24T21:58:05.983723+00:00;P0;29.00
4853;pms5003;3628;6.559;3.386;2026-01-24T22:03:30.126686+00:00;P2;48.00
4853;pms5003;3628;6.559;3.386;2026-01-24T22:03:30.126686+00:00;P1;65.00
4853;pms5003;3628;6.559;3.386;2026-01-24T22:03:30.126686+00:00;P0;31.00
4854;DHT22;3628;6.559;3.386;2026-01-24T22:03:47.472212+00:00;humidity;83.50
4854;DHT22;3628;6.559;3.386;2026-01-24T22:03:47.472212+00:00;temperature;31.20
4853;pms5003;3628;6.559;3.386;2026-01-24T22:09:04.846396+00:00;P2;47.50
4853;pms5003;3628;6.559;3.386;2026-01-24T22:09:04.846396+00:00;P1;64.00
4853;pms5003;3628;6.559;3.386;2026-01-24T22:09:04.846396+00:00;P0;31.00
4854;DHT22;3628;6.559;3.386;2026-01-24T22:09:22.370976+00:00;humidity;83.70
4854;DHT22;3628;6.559;3.386;2026-01-24T22:09:22.370976+00:00;temperature;31.10
4853;pms5003;3628;6.559;3.386;2026-01-24T22:14:42.296631+00:00;P2;48.00
4853;pms5003;3628;6.559;3.386;2026-01-24T22:14:42.296631+00:00;P1;64.75
4853;pms5003;3628;6.559;3.386;2026-01-24T22:14:42.296631+00:00;P0;31.00
4854;DHT22;3628;6.559;3.386;2026-01-24T22:14:57.176509+00:00;humidity;83.70
4854;DHT22;3628;6.559;3.386;2026-01-24T22:14:57.176509+00:00;temperature;31.10
4853;pms5003;3628;6.559;3.386;2026-01-24T22:20:14.368497+00:00;P2;45.25
4853;pms5003;3628;6.559;3.386;2026-01-24T22:20:14.368497+00:00;P1;63.75
4853;pms5003;3628;6.559;3.386;2026-01-24T22:20:14.368497+00:00;P0;30.25
4854;DHT22;3628;6.559;3.386;2026-01-24T22:20:31.828046+00:00;humidity;83.80
4854;DHT22;3628;6.559;3.386;2026-01-24T22:20:31.828046+00:00;temperature;31.20
4853;pms5003;3628;6.559;3.386;2026-01-24T22:25:49.218780+00:00;P2;48.40
4853;pms5003;3628;6.559;3.386;2026-01-24T22:25:49.218780+00:00;P1;65.20
4853;pms5003;3628;6.559;3.386;2026-01-24T22:25:49.218780+00:00;P0;32.40
4854;DHT22;3628;6.559;3.386;2026-01-24T22:26:06.654305+00:00;humidity;83.90
4854;DHT22;3628;6.559;3.386;2026-01-24T22:26:06.654305+00:00;temperature;31.10
4854;DHT22;3628;6.559;3.386;2026-01-24T22:31:30.884638+00:00;humidity;84.30
4854;DHT22;3628;6.559;3.386;2026-01-24T22:31:30.884638+00:00;temperature;31.10
4853;pms5003;3628;6.559;3.386;2026-01-24T22:36:50.853025+00:00;P2;46.75
4853;pms5003;3628;6.559;3.386;2026-01-24T22:36:50.853025+00:00;P1;60.75
4853;pms5003;3628;6.559;3.386;2026-01-24T22:36:50.853025+00:00;P0;30.50
4854;DHT22;3628;6.559;3.386;2026-01-24T22:37:08.197956+00:00;humidity;84.30
4854;DHT22;3628;6.559;3.386;2026-01-24T22:37:08.197956+00:00;temperature;31.10
4854;DHT22;3628;6.559;3.386;2026-01-24T22:42:31.945225+00:00;humidity;84.70
4854;DHT22;3628;6.559;3.386;2026-01-24T22:42:31.945225+00:00;temperature;31.00
4854;DHT22;3628;6.559;3.386;2026-01-24T22:47:55.921031+00:00;humidity;84.80
4854;DHT22;3628;6.559;3.386;2026-01-24T22:47:55.921031+00:00;temperature;31.00
4854;DHT22;3628;6.559;3.386;2026-01-24T22:53:22.624077+00:00;humidity;85.00
4854;DHT22;3628;6.559;3.386;2026-01-24T22:53:22.624077+00:00;temperature;31.00
4854;DHT22;3628;6.559;3.386;2026-01-24T22:58:46.501276+00:00;humidity;85.20
4854;DHT22;3628;6.559;3.386;2026-01-24T22:58:46.501276+00:00;temperature;31.00
4853;pms5003;3628;6.559;3.386;2026-01-24T23:04:03.698613+00:00;P2;44.75
4853;pms5003;3628;6.559;3.386;2026-01-24T23:04:03.698613+00:00;P1;59.25
4853;pms5003;3628;6.559;3.386;2026-01-24T23:04:03.698613+00:00;P0;28.75
4853;pms5003;3628;6.559;3.386;2026-01-24T23:09:27.451454+00:00;P2;42.33
4853;pms5003;3628;6.559;3.386;2026-01-24T23:09:27.451454+00:00;P1;58.00
4853;pms5003;3628;6.559;3.386;2026-01-24T23:09:27.451454+00:00;P0;27.33
4854;DHT22;3628;6.559;3.386;2026-01-24T23:09:44.980730+00:00;humidity;85.70
4854;DHT22;3628;6.559;3.386;2026-01-24T23:09:44.980730+00:00;temperature;30.90
4853;pms5003;3628;6.559;3.386;2026-01-24T23:15:02.167704+00:00;P2;42.50
4853;pms5003;3628;6.559;3.386;2026-01-24T23:15:02.167704+00:00;P1;58.00
4853;pms5003;3628;6.559;3.386;2026-01-24T23:15:02.167704+00:00;P0;28.00
4854;DHT22;3628;6.559;3.386;2026-01-24T23:15:19.460116+00:00;humidity;85.90
4854;DHT22;3628;6.559;3.386;2026-01-24T23:15:19.460116+00:00;temperature;30.90
4853;pms5003;3628;6.559;3.386;2026-01-24T23:20:36.691633+00:00;P2;41.25
4853;pms5003;3628;6.559;3.386;2026-01-24T23:20:36.691633+00:00;P1;56.25
4853;pms5003;3628;6.559;3.386;2026-01-24T23:20:36.691633+00:00;P0;26.75
4854;DHT22;3628;6.559;3.386;2026-01-24T23:20:54.031197+00:00;humidity;86.10
4854;DHT22;3628;6.559;3.386;2026-01-24T23:20:54.031197+00:00;temperature;30.90
4853;pms5003;3628;6.559;3.386;2026-01-24T23:26:11.259970+00:00;P2;40.00
4853;pms5003;3628;6.559;3.386;2026-01-24T23:26:11.259970+00:00;P1;56.60
4853;pms5003;3628;6.559;3.386;2026-01-24T23:26:11.259970+00:00;P0;28.00
4853;pms5003;3628;6.559;3.386;2026-01-24T23:36:59.202713+00:00;P2;43.00
4853;pms5003;3628;6.559;3.386;2026-01-24T23:36:59.202713+00:00;P1;59.67
4853;pms5003;3628;6.559;3.386;2026-01-24T23:36:59.202713+00:00;P0;28.33
4853;pms5003;3628;6.559;3.386;2026-01-24T23:42:33.628293+00:00;P2;47.00
4853;pms5003;3628;6.559;3.386;2026-01-24T23:42:33.628293+00:00;P1;65.50
4853;pms5003;3628;6.559;3.386;2026-01-24T23:42:33.628293+00:00;P0;30.25
4853;pms5003;3628;6.559;3.386;2026-01-24T23:47:57.936190+00:00;P2;59.00
4853;pms5003;3628;6.559;3.386;2026-01-24T23:47:57.936190+00:00;P1;74.00
4853;pms5003;3628;6.559;3.386;2026-01-24T23:47:57.936190+00:00;P0;36.00
4853;pms5003;3628;6.559;3.386;2026-01-24T23:53:21.697144+00:00;P2;63.25
4853;pms5003;3628;6.559;3.386;2026-01-24T23:53:21.697144+00:00;P1;77.75
4853;pms5003;3628;6.559;3.386;2026-01-24T23:53:21.697144+00:00;P0;39.00
4854;DHT22;3628;6.559;3.386;2026-01-24T23:53:39.076404+00:00;humidity;87.70
4854;DHT22;3628;6.559;3.386;2026-01-24T23:53:39.076404+00:00;temperature;30.80
4853;pms5003;3628;6.559;3.386;2026-01-24T23:58:56.264111+00:00;P2;82.33
4853;pms5003;3628;6.559;3.386;2026-01-24T23:58:56.264111+00:00;P1;108.00
4853;pms5003;3628;6.559;3.386;2026-01-24T23:58:56.264111+00:00;P0;47.33
4853;pms5003;3628;6.559;3.386;2026-01-25T00:04:20.336185+00:00;P2;77.75
4853;pms5003;3628;6.559;3.386;2026-01-25T00:04:20.336185+00:00;P1;98.25
4853;pms5003;3628;6.559;3.386;2026-01-25T00:04:20.336185+00:00;P0;45.00
4854;DHT22;3628;6.559;3.386;2026-01-25T00:04:37.831474+00:00;humidity;88.00
4854;DHT22;3628;6.559;3.386;2026-01-25T00:04:37.831474+00:00;temperature;30.80
4854;DHT22;3628;6.559;3.386;2026-01-25T00:10:12.359392+00:00;humidity;88.20
4854;DHT22;3628;6.559;3.386;2026-01-25T00:10:12.359392+00:00;temperature;30.70
4853;pms5003;3628;6.559;3.386;2026-01-25T00:15:29.719610+00:00;P2;57.00
4853;pms5003;3628;6.559;3.386;2026-01-25T00:15:29.719610+00:00;P1;76.25
4853;pms5003;3628;6.559;3.386;2026-01-25T00:15:29.719610+00:00;P0;38.75
4854;DHT22;3628;6.559;3.386;2026-01-25T00:15:47.069558+00:00;humidity;88.50
4854;DHT22;3628;6.559;3.386;2026-01-25T00:15:47.069558+00:00;temperature;30.70
4854;DHT22;3628;6.559;3.386;2026-01-25T00:21:21.711025+00:00;humidity;88.80
4854;DHT22;3628;6.559;3.386;2026-01-25T00:21:21.711025+00:00;temperature;30.60
4853;pms5003;3628;6.559;3.386;2026-01-25T06:03:06.714585+00:00;P2;67.00
4853;pms5003;3628;6.559;3.386;2026-01-25T06:03:06.714585+00:00;P1;79.40
4853;pms5003;3628;6.559;3.386;2026-01-25T06:03:06.714585+00:00;P0;43.00
4854;DHT22;3628;6.559;3.386;2026-01-25T06:03:24.072663+00:00;humidity;100.00
4854;DHT22;3628;6.559;3.386;2026-01-25T06:03:24.072663+00:00;temperature;27.90
4853;pms5003;3628;6.559;3.386;2026-01-25T06:08:41.307462+00:00;P2;61.50
4853;pms5003;3628;6.559;3.386;2026-01-25T06:08:41.307462+00:00;P1;77.75
4853;pms5003;3628;6.559;3.386;2026-01-25T06:08:41.307462+00:00;P0;39.00
4853;pms5003;3628;6.559;3.386;2026-01-25T06:08:58.605634+00:00;humidity;100.00
4853;pms5003;3628;6.559;3.386;2026-01-25T06:08:58.605634+00:00;temperature;28.90
4853;pms5003;3628;6.559;3.386;2026-01-25T06:14:15.793675+00:00;P2;61.00
4853;pms5003;3628;6.559;3.386;2026-01-25T06:14:15.793675+00:00;P1;76.33
4853;pms5003;3628;6.559;3.386;2026-01-25T06:14:15.793675+00:00;P0;37.67
4854;DHT22;3628;6.559;3.386;2026-01-25T06:14:33.154417+00:00;humidity;100.00
4854;DHT22;3628;6.559;3.386;2026-01-25T06:14:33.154417+00:00;temperature;28.90
4853;pms5003;3628;6.559;3.386;2026-01-25T09:26:02.572720+00:00;P2;49.67
4853;pms5003;3628;6.559;3.386;2026-01-25T09:26:02.572720+00:00;P1;66.00
4853;pms5003;3628;6.559;3.386;2026-01-25T09:26:02.572720+00:00;P0;32.00
4853;pms5003;3628;6.559;3.386;2026-01-25T09:31:26.553411+00:00;P2;44.50
4853;pms5003;3628;6.559;3.386;2026-01-25T09:31:26.553411+00:00;P1;62.25
4853;pms5003;3628;6.559;3.386;2026-01-25T09:31:26.553411+00:00;P0;28.75
4854;DHT22;3628;6.559;3.386;2026-01-25T09:31:43.853994+00:00;humidity;71.00
4854;DHT22;3628;6.559;3.386;2026-01-25T09:31:43.853994+00:00;temperature;36.30
4853;pms5003;3628;6.559;3.386;2026-01-25T09:37:01.096786+00:00;P2;48.00
4853;pms5003;3628;6.559;3.386;2026-01-25T09:37:01.096786+00:00;P1;65.00
4853;pms5003;3628;6.559;3.386;2026-01-25T09:37:01.096786+00:00;P0;32.00
4854;DHT22;3628;6.559;3.386;2026-01-25T09:37:18.451646+00:00;humidity;68.90
4854;DHT22;3628;6.559;3.386;2026-01-25T09:37:18.451646+00:00;temperature;36.90
4853;pms5003;3628;6.559;3.386;2026-01-25T09:42:35.676806+00:00;P2;45.75
4853;pms5003;3628;6.559;3.386;2026-01-25T09:42:35.676806+00:00;P1;62.00
4853;pms5003;3628;6.559;3.386;2026-01-25T09:42:35.676806+00:00;P0;30.00
4854;DHT22;3628;6.559;3.386;2026-01-25T09:42:53.077367+00:00;humidity;67.80
4854;DHT22;3628;6.559;3.386;2026-01-25T09:42:53.077367+00:00;temperature;37.10
4853;pms5003;3628;6.559;3.386;2026-01-25T10:20:10.540742+00:00;P2;48.50
4853;pms5003;3628;6.559;3.386;2026-01-25T10:20:10.540742+00:00;P1;68.50
4853;pms5003;3628;6.559;3.386;2026-01-25T10:20:10.540742+00:00;P0;32.00
4854;DHT22;3628;6.559;3.386;2026-01-25T10:20:28.035343+00:00;humidity;62.80
4854;DHT22;3628;6.559;3.386;2026-01-25T10:20:28.035343+00:00;temperature;38.20
4854;DHT22;3628;6.559;3.386;2026-01-25T10:26:51.151942+00:00;humidity;62.00
4854;DHT22;3628;6.559;3.386;2026-01-25T10:26:51.151942+00:00;temperature;38.40
4853;pms5003;3628;6.559;3.386;2026-01-25T10:31:09.395083+00:00;P2;46.00
4853;pms5003;3628;6.559;3.386;2026-01-25T10:31:09.395083+00:00;P1;59.75
4853;pms5003;3628;6.559;3.386;2026-01-25T10:31:09.395083+00:00;P0;31.00
4854;DHT22;3628;6.559;3.386;2026-01-25T10:31:26.764399+00:00;humidity;59.50
4854;DHT22;3628;6.559;3.386;2026-01-25T10:31:26.764399+00:00;temperature;39.00
4853;pms5003;3628;6.559;3.386;2026-01-25T10:41:56.867227+00:00;P2;46.25
4853;pms5003;3628;6.559;3.386;2026-01-25T10:41:56.867227+00:00;P1;64.50
4853;pms5003;3628;6.559;3.386;2026-01-25T10:41:56.867227+00:00;P0;31.00
4854;DHT22;3628;6.559;3.386;2026-01-25T10:42:14.217350+00:00;humidity;57.50
4854;DHT22;3628;6.559;3.386;2026-01-25T10:42:14.217350+00:00;temperature;39.90
4853;pms5003;3628;6.559;3.386;2026-01-25T10:49:05.893647+00:00;P2;44.75
4853;pms5003;3628;6.559;3.386;2026-01-25T10:49:05.893647+00:00;P1;63.75
4853;pms5003;3628;6.559;3.386;2026-01-25T10:49:05.893647+00:00;P0;30.00
4854;DHT22;3628;6.559;3.386;2026-01-25T10:53:05.434012+00:00;humidity;55.50
4854;DHT22;3628;6.559;3.386;2026-01-25T10:53:05.434012+00:00;temperature;39.70
4854;DHT22;3628;6.559;3.386;2026-01-25T10:58:32.241951+00:00;humidity;57.00
4854;DHT22;3628;6.559;3.386;2026-01-25T10:58:32.241951+00:00;temperature;39.60
4854;DHT22;3628;6.559;3.386;2026-01-25T11:04:42.037913+00:00;humidity;55.60
4854;DHT22;3628;6.559;3.386;2026-01-25T11:04:42.037913+00:00;temperature;39.20
4854;DHT22;3628;6.559;3.386;2026-01-25T11:09:20.169106+00:00;humidity;54.60
4854;DHT22;3628;6.559;3.386;2026-01-25T11:09:20.169106+00:00;temperature;39.50
4853;pms5003;3628;6.559;3.386;2026-01-25T11:21:05.639558+00:00;P2;48.75
4853;pms5003;3628;6.559;3.386;2026-01-25T11:21:05.639558+00:00;P1;66.50
4853;pms5003;3628;6.559;3.386;2026-01-25T11:21:05.639558+00:00;P0;31.75
4853;pms5003;3628;6.559;3.386;2026-01-25T11:25:15.323054+00:00;P2;49.00
4853;pms5003;3628;6.559;3.386;2026-01-25T11:25:15.323054+00:00;P1;64.75
4853;pms5003;3628;6.559;3.386;2026-01-25T11:25:15.323054+00:00;P0;33.00
4854;DHT22;3628;6.559;3.386;2026-01-25T11:25:32.688583+00:00;humidity;52.00
4854;DHT22;3628;6.559;3.386;2026-01-25T11:25:32.688583+00:00;temperature;39.70
4853;pms5003;3628;6.559;3.386;2026-01-25T11:30:49.957285+00:00;P2;47.00
4853;pms5003;3628;6.559;3.386;2026-01-25T11:30:49.957285+00:00;P1;62.25
4853;pms5003;3628;6.559;3.386;2026-01-25T11:30:49.957285+00:00;P0;31.50
4854;DHT22;3628;6.559;3.386;2026-01-25T11:36:20.496728+00:00;humidity;51.70
4854;DHT22;3628;6.559;3.386;2026-01-25T11:36:20.496728+00:00;temperature;40.90
4854;DHT22;3628;6.559;3.386;2026-01-25T11:47:19.442492+00:00;humidity;48.50
4854;DHT22;3628;6.559;3.386;2026-01-25T11:47:19.442492+00:00;temperature;41.00
4853;pms5003;3628;6.559;3.386;2026-01-25T11:57:52.893177+00:00;P2;49.50
4853;pms5003;3628;6.559;3.386;2026-01-25T11:57:52.893177+00:00;P1;66.75
4853;pms5003;3628;6.559;3.386;2026-01-25T11:57:52.893177+00:00;P0;32.50
4854;DHT22;3628;6.559;3.386;2026-01-25T11:58:10.276946+00:00;humidity;46.80
4854;DHT22;3628;6.559;3.386;2026-01-25T11:58:10.276946+00:00;temperature;41.60
4853;pms5003;3628;6.559;3.386;2026-01-25T12:03:27.492048+00:00;P2;48.67
4853;pms5003;3628;6.559;3.386;2026-01-25T12:03:27.492048+00:00;P1;64.67
4853;pms5003;3628;6.559;3.386;2026-01-25T12:03:27.492048+00:00;P0;33.00
4854;DHT22;3628;6.559;3.386;2026-01-25T12:09:11.566433+00:00;humidity;45.90
4854;DHT22;3628;6.559;3.386;2026-01-25T12:09:11.566433+00:00;temperature;42.30
4854;DHT22;3628;6.559;3.386;2026-01-25T12:14:46.392790+00:00;humidity;45.80
4854;DHT22;3628;6.559;3.386;2026-01-25T12:14:46.392790+00:00;temperature;42.10
4854;DHT22;3628;6.559;3.386;2026-01-25T12:20:12.658367+00:00;humidity;44.80
4854;DHT22;3628;6.559;3.386;2026-01-25T12:20:12.658367+00:00;temperature;41.90
4854;DHT22;3628;6.559;3.386;2026-01-25T12:25:39.280049+00:00;humidity;45.30
4854;DHT22;3628;6.559;3.386;2026-01-25T12:25:39.280049+00:00;temperature;41.00
4854;DHT22;3628;6.559;3.386;2026-01-25T12:31:13.962756+00:00;humidity;44.70
4854;DHT22;3628;6.559;3.386;2026-01-25T12:31:13.962756+00:00;temperature;41.30
4853;pms5003;3628;6.559;3.386;2026-01-25T12:36:31.239265+00:00;P2;51.50
4853;pms5003;3628;6.559;3.386;2026-01-25T12:36:31.239265+00:00;P1;69.25
4853;pms5003;3628;6.559;3.386;2026-01-25T12:36:31.239265+00:00;P0;34.00
4854;DHT22;3628;6.559;3.386;2026-01-25T12:36:48.588977+00:00;humidity;44.70
4854;DHT22;3628;6.559;3.386;2026-01-25T12:36:48.588977+00:00;temperature;41.80
4853;pms5003;3628;6.559;3.386;2026-01-25T12:43:49.649006+00:00;P2;50.75
4853;pms5003;3628;6.559;3.386;2026-01-25T12:43:49.649006+00:00;P1;65.50
4853;pms5003;3628;6.559;3.386;2026-01-25T12:43:49.649006+00:00;P0;33.00
4853;pms5003;3628;6.559;3.386;2026-01-25T12:57:58.070821+00:00;P2;50.50
4853;pms5003;3628;6.559;3.386;2026-01-25T12:57:58.070821+00:00;P1;70.25
4853;pms5003;3628;6.559;3.386;2026-01-25T12:57:58.070821+00:00;P0;33.75
4853;pms5003;3628;6.559;3.386;2026-01-25T13:04:24.308089+00:00;P2;46.60
4853;pms5003;3628;6.559;3.386;2026-01-25T13:04:24.308089+00:00;P1;62.20
4853;pms5003;3628;6.559;3.386;2026-01-25T13:04:24.308089+00:00;P0;31.40
4853;pms5003;3628;6.559;3.386;2026-01-25T13:08:57.102111+00:00;P2;42.75
4853;pms5003;3628;6.559;3.386;2026-01-25T13:08:57.102111+00:00;P1;59.75
4853;pms5003;3628;6.559;3.386;2026-01-25T13:08:57.102111+00:00;P0;29.50
4854;DHT22;3628;6.559;3.386;2026-01-25T13:09:14.580235+00:00;humidity;39.50
4854;DHT22;3628;6.559;3.386;2026-01-25T13:09:14.580235+00:00;temperature;40.50
4853;pms5003;3628;6.559;3.386;2026-01-25T13:14:31.835249+00:00;P2;46.00
4853;pms5003;3628;6.559;3.386;2026-01-25T13:14:31.835249+00:00;P1;63.00
4853;pms5003;3628;6.559;3.386;2026-01-25T13:14:31.835249+00:00;P0;30.60
4854;DHT22;3628;6.559;3.386;2026-01-25T13:14:49.420989+00:00;humidity;39.50
4854;DHT22;3628;6.559;3.386;2026-01-25T13:14:49.420989+00:00;temperature;40.80
4853;pms5003;3628;6.559;3.386;2026-01-25T13:20:06.662322+00:00;P2;42.75
4853;pms5003;3628;6.559;3.386;2026-01-25T13:20:06.662322+00:00;P1;52.25
4853;pms5003;3628;6.559;3.386;2026-01-25T13:20:06.662322+00:00;P0;29.25
4854;DHT22;3628;6.559;3.386;2026-01-25T13:20:24.181494+00:00;humidity;40.30
4854;DHT22;3628;6.559;3.386;2026-01-25T13:20:24.181494+00:00;temperature;40.90
4853;pms5003;3628;6.559;3.386;2026-01-25T13:25:41.337361+00:00;P2;42.50
4853;pms5003;3628;6.559;3.386;2026-01-25T13:25:41.337361+00:00;P1;57.00
4853;pms5003;3628;6.559;3.386;2026-01-25T13:25:41.337361+00:00;P0;28.00
4854;DHT22;3628;6.559;3.386;2026-01-25T13:25:58.684868+00:00;humidity;40.10
4854;DHT22;3628;6.559;3.386;2026-01-25T13:25:58.684868+00:00;temperature;41.40
4853;pms5003;3628;6.559;3.386;2026-01-25T13:31:16.042269+00:00;P2;44.00
4853;pms5003;3628;6.559;3.386;2026-01-25T13:31:16.042269+00:00;P1;63.00
4853;pms5003;3628;6.559;3.386;2026-01-25T13:31:16.042269+00:00;P0;28.33
4854;DHT22;3628;6.559;3.386;2026-01-25T13:42:00.217590+00:00;humidity;39.90
4854;DHT22;3628;6.559;3.386;2026-01-25T13:42:00.217590+00:00;temperature;41.60
4853;pms5003;3628;6.559;3.386;2026-01-25T13:47:17.310709+00:00;P2;46.00
4853;pms5003;3628;6.559;3.386;2026-01-25T13:47:17.310709+00:00;P1;61.75
4853;pms5003;3628;6.559;3.386;2026-01-25T13:47:17.310709+00:00;P0;31.00
4853;pms5003;3628;6.559;3.386;2026-01-25T13:52:51.851770+00:00;P2;42.00
4853;pms5003;3628;6.559;3.386;2026-01-25T13:52:51.851770+00:00;P1;57.50
4853;pms5003;3628;6.559;3.386;2026-01-25T13:52:51.851770+00:00;P0;28.00
4854;DHT22;3628;6.559;3.386;2026-01-25T13:53:09.270748+00:00;humidity;41.10
4854;DHT22;3628;6.559;3.386;2026-01-25T13:53:09.270748+00:00;temperature;41.30
4853;pms5003;3628;6.559;3.386;2026-01-25T14:00:03.770221+00:00;P2;42.75
4853;pms5003;3628;6.559;3.386;2026-01-25T14:00:03.770221+00:00;P1;58.00
4853;pms5003;3628;6.559;3.386;2026-01-25T14:00:03.770221+00:00;P0;28.00
4853;pms5003;3628;6.559;3.386;2026-01-25T14:03:50.661341+00:00;P2;43.40
4853;pms5003;3628;6.559;3.386;2026-01-25T14:03:50.661341+00:00;P1;57.40
4853;pms5003;3628;6.559;3.386;2026-01-25T14:03:50.661341+00:00;P0;30.00
4854;DHT22;3628;6.559;3.386;2026-01-25T14:04:10.846619+00:00;humidity;40.20
4854;DHT22;3628;6.559;3.386;2026-01-25T14:04:10.846619+00:00;temperature;42.70
4853;pms5003;3628;6.559;3.386;2026-01-25T14:09:28.037309+00:00;P2;45.25
4853;pms5003;3628;6.559;3.386;2026-01-25T14:09:28.037309+00:00;P1;64.25
4853;pms5003;3628;6.559;3.386;2026-01-25T14:09:28.037309+00:00;P0;29.00
4854;DHT22;3628;6.559;3.386;2026-01-25T14:09:45.339011+00:00;humidity;41.00
4854;DHT22;3628;6.559;3.386;2026-01-25T14:09:45.339011+00:00;temperature;42.80
4853;pms5003;3628;6.559;3.386;2026-01-25T14:15:02.545618+00:00;P2;45.00
4853;pms5003;3628;6.559;3.386;2026-01-25T14:15:02.545618+00:00;P1;57.00
4853;pms5003;3628;6.559;3.386;2026-01-25T14:15:02.545618+00:00;P0;31.00
4854;DHT22;3628;6.559;3.386;2026-01-25T14:20:34.059188+00:00;humidity;41.90
4854;DHT22;3628;6.559;3.386;2026-01-25T14:20:34.059188+00:00;temperature;42.20
4854;DHT22;3628;6.559;3.386;2026-01-25T14:26:01.022350+00:00;humidity;43.70
4854;DHT22;3628;6.559;3.386;2026-01-25T14:26:01.022350+00:00;temperature;41.20
4853;pms5003;3628;6.559;3.386;2026-01-25T14:36:40.745893+00:00;P2;50.00
4853;pms5003;3628;6.559;3.386;2026-01-25T14:36:40.745893+00:00;P1;68.00
4853;pms5003;3628;6.559;3.386;2026-01-25T14:36:40.745893+00:00;P0;34.00
4854;DHT22;3628;6.559;3.386;2026-01-25T14:36:58.163265+00:00;humidity;43.90
4854;DHT22;3628;6.559;3.386;2026-01-25T14:36:58.163265+00:00;temperature;40.90
4853;pms5003;3628;6.559;3.386;2026-01-25T14:42:15.395113+00:00;P2;50.25
4853;pms5003;3628;6.559;3.386;2026-01-25T14:42:15.395113+00:00;P1;66.50
4853;pms5003;3628;6.559;3.386;2026-01-25T14:42:15.395113+00:00;P0;33.50
4854;DHT22;3628;6.559;3.386;2026-01-25T14:47:48.896621+00:00;humidity;44.20
4854;DHT22;3628;6.559;3.386;2026-01-25T14:47:48.896621+00:00;temperature;41.80
4853;pms5003;3628;6.559;3.386;2026-01-25T14:58:30.286928+00:00;P2;48.33
4853;pms5003;3628;6.559;3.386;2026-01-25T14:58:30.286928+00:00;P1;70.00
4853;pms5003;3628;6.559;3.386;2026-01-25T14:58:30.286928+00:00;P0;33.00
4853;pms5003;3628;6.559;3.386;2026-01-25T15:04:22.907698+00:00;P2;48.00
4853;pms5003;3628;6.559;3.386;2026-01-25T15:04:22.907698+00:00;P1;67.75
4853;pms5003;3628;6.559;3.386;2026-01-25T15:04:22.907698+00:00;P0;32.00
4854;DHT22;3628;6.559;3.386;2026-01-25T15:09:47.558645+00:00;humidity;52.90
4854;DHT22;3628;6.559;3.386;2026-01-25T15:09:47.558645+00:00;temperature;40.50
4853;pms5003;3628;6.559;3.386;2026-01-25T15:15:07.697778+00:00;P2;47.00
4853;pms5003;3628;6.559;3.386;2026-01-25T15:15:07.697778+00:00;P1;62.75
4853;pms5003;3628;6.559;3.386;2026-01-25T15:15:07.697778+00:00;P0;32.00
4854;DHT22;3628;6.559;3.386;2026-01-25T15:15:25.185480+00:00;humidity;48.40
4854;DHT22;3628;6.559;3.386;2026-01-25T15:15:25.185480+00:00;temperature;40.90
4854;DHT22;3628;6.559;3.386;2026-01-25T15:20:55.184881+00:00;humidity;54.10
4854;DHT22;3628;6.559;3.386;2026-01-25T15:20:55.184881+00:00;temperature;40.30
4853;pms5003;3628;6.559;3.386;2026-01-25T15:31:53.695266+00:00;P2;44.00
4853;pms5003;3628;6.559;3.386;2026-01-25T15:31:53.695266+00:00;P1;62.00
4853;pms5003;3628;6.559;3.386;2026-01-25T15:31:53.695266+00:00;P0;30.00
4854;DHT22;3628;6.559;3.386;2026-01-25T15:32:11.183985+00:00;humidity;55.90
4854;DHT22;3628;6.559;3.386;2026-01-25T15:32:11.183985+00:00;temperature;39.30
4853;pms5003;3628;6.559;3.386;2026-01-25T15:38:02.186115+00:00;P2;46.00
4853;pms5003;3628;6.559;3.386;2026-01-25T15:38:02.186115+00:00;P1;60.67
4853;pms5003;3628;6.559;3.386;2026-01-25T15:38:02.186115+00:00;P0;31.00
4853;pms5003;3628;6.559;3.386;2026-01-25T15:43:00.226860+00:00;P2;47.00
4853;pms5003;3628;6.559;3.386;2026-01-25T15:43:00.226860+00:00;P1;63.00
4853;pms5003;3628;6.559;3.386;2026-01-25T15:43:00.226860+00:00;P0;31.00
4854;DHT22;3628;6.559;3.386;2026-01-25T15:48:23.603021+00:00;humidity;60.70
4854;DHT22;3628;6.559;3.386;2026-01-25T15:48:23.603021+00:00;temperature;38.10
4853;pms5003;3628;6.559;3.386;2026-01-25T15:55:21.795086+00:00;P2;46.00
4853;pms5003;3628;6.559;3.386;2026-01-25T15:55:21.795086+00:00;P1;62.00
4853;pms5003;3628;6.559;3.386;2026-01-25T15:55:21.795086+00:00;P0;32.00
4853;pms5003;3628;6.559;3.386;2026-01-25T15:59:04.992613+00:00;P2;45.80
4853;pms5003;3628;6.559;3.386;2026-01-25T15:59:04.992613+00:00;P1;62.80
4853;pms5003;3628;6.559;3.386;2026-01-25T15:59:04.992613+00:00;P0;30.20
4853;pms5003;3628;6.559;3.386;2026-01-25T16:04:43.239823+00:00;P2;44.25
4853;pms5003;3628;6.559;3.386;2026-01-25T16:04:43.239823+00:00;P1;60.25
4853;pms5003;3628;6.559;3.386;2026-01-25T16:04:43.239823+00:00;P0;29.50
4853;pms5003;3628;6.559;3.386;2026-01-25T16:20:31.566714+00:00;P2;44.00
4853;pms5003;3628;6.559;3.386;2026-01-25T16:20:31.566714+00:00;P1;56.33
4853;pms5003;3628;6.559;3.386;2026-01-25T16:20:31.566714+00:00;P0;29.00
4854;DHT22;3628;6.559;3.386;2026-01-25T16:20:49.034304+00:00;humidity;65.50
4854;DHT22;3628;6.559;3.386;2026-01-25T16:20:49.034304+00:00;temperature;36.70
4853;pms5003;3628;6.559;3.386;2026-01-25T16:27:56.435833+00:00;P2;44.00
4853;pms5003;3628;6.559;3.386;2026-01-25T16:27:56.435833+00:00;P1;62.00
4853;pms5003;3628;6.559;3.386;2026-01-25T16:27:56.435833+00:00;P0;28.50
4853;pms5003;3628;6.559;3.386;2026-01-25T16:31:30.922243+00:00;P2;43.00
4853;pms5003;3628;6.559;3.386;2026-01-25T16:31:30.922243+00:00;P1;59.50
4853;pms5003;3628;6.559;3.386;2026-01-25T16:31:30.922243+00:00;P0;28.00
4854;DHT22;3628;6.559;3.386;2026-01-25T16:31:48.282194+00:00;humidity;66.10
4854;DHT22;3628;6.559;3.386;2026-01-25T16:31:48.282194+00:00;temperature;36.30
4854;DHT22;3628;6.559;3.386;2026-01-25T16:37:12.134034+00:00;humidity;67.30
4854;DHT22;3628;6.559;3.386;2026-01-25T16:37:12.134034+00:00;temperature;36.10
4853;pms5003;3628;6.559;3.386;2026-01-25T16:42:29.336385+00:00;P2;45.50
4853;pms5003;3628;6.559;3.386;2026-01-25T16:42:29.336385+00:00;P1;62.00
4853;pms5003;3628;6.559;3.386;2026-01-25T16:42:29.336385+00:00;P0;29.25
4854;DHT22;3628;6.559;3.386;2026-01-25T16:42:46.710871+00:00;humidity;68.10
4854;DHT22;3628;6.559;3.386;2026-01-25T16:42:46.710871+00:00;temperature;35.80
4853;pms5003;3628;6.559;3.386;2026-01-25T16:53:38.541804+00:00;P2;52.75
4853;pms5003;3628;6.559;3.386;2026-01-25T16:53:38.541804+00:00;P1;75.00
4853;pms5003;3628;6.559;3.386;2026-01-25T16:53:38.541804+00:00;P0;33.00
4854;DHT22;3628;6.559;3.386;2026-01-25T16:53:56.024531+00:00;humidity;70.10
4854;DHT22;3628;6.559;3.386;2026-01-25T16:53:56.024531+00:00;temperature;35.10
4853;pms5003;3628;6.559;3.386;2026-01-25T16:59:57.276929+00:00;P2;52.00
4853;pms5003;3628;6.559;3.386;2026-01-25T16:59:57.276929+00:00;P1;72.25
4853;pms5003;3628;6.559;3.386;2026-01-25T16:59:57.276929+00:00;P0;34.00
4853;pms5003;3628;6.559;3.386;2026-01-25T17:04:38.025662+00:00;P2;52.25
4853;pms5003;3628;6.559;3.386;2026-01-25T17:04:38.025662+00:00;P1;73.00
4853;pms5003;3628;6.559;3.386;2026-01-25T17:04:38.025662+00:00;P0;33.50
4853;pms5003;3628;6.559;3.386;2026-01-25T17:10:02.010804+00:00;P2;53.50
4853;pms5003;3628;6.559;3.386;2026-01-25T17:10:02.010804+00:00;P1;72.50
4853;pms5003;3628;6.559;3.386;2026-01-25T17:10:02.010804+00:00;P0;34.00
4854;DHT22;3628;6.559;3.386;2026-01-25T17:10:19.374853+00:00;humidity;72.90
4854;DHT22;3628;6.559;3.386;2026-01-25T17:10:19.374853+00:00;temperature;34.30
4853;pms5003;3628;6.559;3.386;2026-01-25T17:15:36.665225+00:00;P2;56.25
4853;pms5003;3628;6.559;3.386;2026-01-25T17:15:36.665225+00:00;P1;75.25
4853;pms5003;3628;6.559;3.386;2026-01-25T17:15:36.665225+00:00;P0;35.00
4853;pms5003;3628;6.559;3.386;2026-01-25T17:21:00.607226+00:00;P2;57.33
4853;pms5003;3628;6.559;3.386;2026-01-25T17:21:00.607226+00:00;P1;77.00
4853;pms5003;3628;6.559;3.386;2026-01-25T17:21:00.607226+00:00;P0;35.00
4854;DHT22;3628;6.559;3.386;2026-01-25T17:21:18.074730+00:00;humidity;75.20
4854;DHT22;3628;6.559;3.386;2026-01-25T17:21:18.074730+00:00;temperature;33.80
4854;DHT22;3628;6.559;3.386;2026-01-25T17:26:53.154621+00:00;humidity;76.10
4854;DHT22;3628;6.559;3.386;2026-01-25T17:26:53.154621+00:00;temperature;33.60
4854;DHT22;3628;6.559;3.386;2026-01-25T17:32:17.202978+00:00;humidity;77.00
4854;DHT22;3628;6.559;3.386;2026-01-25T17:32:17.202978+00:00;temperature;33.40
4853;pms5003;3628;6.559;3.386;2026-01-25T17:42:47.478608+00:00;P2;49.80
4853;pms5003;3628;6.559;3.386;2026-01-25T17:42:47.478608+00:00;P1;69.40
4853;pms5003;3628;6.559;3.386;2026-01-25T17:42:47.478608+00:00;P0;31.60
4853;pms5003;3628;6.559;3.386;2026-01-25T17:48:11.808196+00:00;P2;46.50
4853;pms5003;3628;6.559;3.386;2026-01-25T17:48:11.808196+00:00;P1;60.50
4853;pms5003;3628;6.559;3.386;2026-01-25T17:48:11.808196+00:00;P0;30.50
4854;DHT22;3628;6.559;3.386;2026-01-25T17:48:29.246933+00:00;humidity;77.70
4854;DHT22;3628;6.559;3.386;2026-01-25T17:48:29.246933+00:00;temperature;32.90
4853;pms5003;3628;6.559;3.386;2026-01-25T17:59:00.213114+00:00;P2;47.00
4853;pms5003;3628;6.559;3.386;2026-01-25T17:59:00.213114+00:00;P1;63.50
4853;pms5003;3628;6.559;3.386;2026-01-25T17:59:00.213114+00:00;P0;30.25
4854;DHT22;3628;6.559;3.386;2026-01-25T17:59:17.632927+00:00;humidity;79.60
4854;DHT22;3628;6.559;3.386;2026-01-25T17:59:17.632927+00:00;temperature;32.60
4853;pms5003;3628;6.559;3.386;2026-01-25T18:09:48.608188+00:00;P2;46.00
4853;pms5003;3628;6.559;3.386;2026-01-25T18:09:48.608188+00:00;P1;56.00
4853;pms5003;3628;6.559;3.386;2026-01-25T18:09:48.608188+00:00;P0;30.00
4854;DHT22;3628;6.559;3.386;2026-01-25T18:10:06.081211+00:00;humidity;80.20
4854;DHT22;3628;6.559;3.386;2026-01-25T18:10:06.081211+00:00;temperature;32.40
4853;pms5003;3628;6.559;3.386;2026-01-25T18:15:23.302995+00:00;P2;50.00
4853;pms5003;3628;6.559;3.386;2026-01-25T18:15:23.302995+00:00;P1;68.20
4853;pms5003;3628;6.559;3.386;2026-01-25T18:15:23.302995+00:00;P0;32.60
4854;DHT22;3628;6.559;3.386;2026-01-25T18:15:40.778403+00:00;humidity;80.20
4854;DHT22;3628;6.559;3.386;2026-01-25T18:15:40.778403+00:00;temperature;32.50
4854;DHT22;3628;6.559;3.386;2026-01-25T18:21:18.289454+00:00;humidity;82.20
4854;DHT22;3628;6.559;3.386;2026-01-25T18:21:18.289454+00:00;temperature;32.30
4853;pms5003;3628;6.559;3.386;2026-01-25T18:27:11.974462+00:00;P2;47.00
4853;pms5003;3628;6.559;3.386;2026-01-25T18:27:11.974462+00:00;P1;62.75
4853;pms5003;3628;6.559;3.386;2026-01-25T18:27:11.974462+00:00;P0;32.00
4854;DHT22;3628;6.559;3.386;2026-01-25T19:35:19.001844+00:00;humidity;85.50
4854;DHT22;3628;6.559;3.386;2026-01-25T19:35:19.001844+00:00;temperature;31.70
4854;DHT22;3628;6.559;3.386;2026-01-25T19:42:27.758549+00:00;humidity;85.50
4854;DHT22;3628;6.559;3.386;2026-01-25T19:42:27.758549+00:00;temperature;31.70
4854;DHT22;3628;6.559;3.386;2026-01-25T19:46:22.441110+00:00;humidity;86.00
4854;DHT22;3628;6.559;3.386;2026-01-25T19:46:22.441110+00:00;temperature;31.70
4853;pms5003;3628;6.559;3.386;2026-01-25T19:51:42.481661+00:00;P2;49.25
4853;pms5003;3628;6.559;3.386;2026-01-25T19:51:42.481661+00:00;P1;67.50
4853;pms5003;3628;6.559;3.386;2026-01-25T19:51:42.481661+00:00;P0;32.75
4854;DHT22;3628;6.559;3.386;2026-01-25T19:51:59.864601+00:00;humidity;86.90
4854;DHT22;3628;6.559;3.386;2026-01-25T19:51:59.864601+00:00;temperature;31.60
4854;DHT22;3628;6.559;3.386;2026-01-25T19:57:29.872444+00:00;humidity;87.20
4854;DHT22;3628;6.559;3.386;2026-01-25T19:57:29.872444+00:00;temperature;31.60
4853;pms5003;3628;6.559;3.386;2026-01-25T20:02:47.192986+00:00;P2;47.75
4853;pms5003;3628;6.559;3.386;2026-01-25T20:02:47.192986+00:00;P1;62.75
4853;pms5003;3628;6.559;3.386;2026-01-25T20:02:47.192986+00:00;P0;31.00
4854;DHT22;3628;6.559;3.386;2026-01-25T20:03:04.512710+00:00;humidity;87.00
4854;DHT22;3628;6.559;3.386;2026-01-25T20:03:04.512710+00:00;temperature;31.60
4853;pms5003;3628;6.559;3.386;2026-01-25T20:08:24.642333+00:00;P2;47.25
4853;pms5003;3628;6.559;3.386;2026-01-25T20:08:24.642333+00:00;P1;60.75
4853;pms5003;3628;6.559;3.386;2026-01-25T20:08:24.642333+00:00;P0;31.25
4853;pms5003;3628;6.559;3.386;2026-01-25T20:13:57.507420+00:00;P2;47.67
4853;pms5003;3628;6.559;3.386;2026-01-25T20:13:57.507420+00:00;P1;65.67
4853;pms5003;3628;6.559;3.386;2026-01-25T20:13:57.507420+00:00;P0;31.00
4853;pms5003;3628;6.559;3.386;2026-01-25T20:19:21.238334+00:00;P2;46.00
4853;pms5003;3628;6.559;3.386;2026-01-25T20:19:21.238334+00:00;P1;64.67
4853;pms5003;3628;6.559;3.386;2026-01-25T20:19:21.238334+00:00;P0;31.00
4854;DHT22;3628;6.559;3.386;2026-01-25T20:19:41.212410+00:00;humidity;87.80
4854;DHT22;3628;6.559;3.386;2026-01-25T20:19:41.212410+00:00;temperature;31.60
4854;DHT22;3628;6.559;3.386;2026-01-25T20:25:10.965825+00:00;humidity;88.70
4854;DHT22;3628;6.559;3.386;2026-01-25T20:25:10.965825+00:00;temperature;31.40
4854;DHT22;3628;6.559;3.386;2026-01-25T20:30:53.944644+00:00;humidity;89.00
4854;DHT22;3628;6.559;3.386;2026-01-25T20:30:53.944644+00:00;temperature;31.40
4854;DHT22;3628;6.559;3.386;2026-01-25T20:36:17.679400+00:00;humidity;89.40
4854;DHT22;3628;6.559;3.386;2026-01-25T20:36:17.679400+00:00;temperature;31.50
4853;pms5003;3628;6.559;3.386;2026-01-25T20:46:50.793831+00:00;P2;43.25
4853;pms5003;3628;6.559;3.386;2026-01-25T20:46:50.793831+00:00;P1;53.75
4853;pms5003;3628;6.559;3.386;2026-01-25T20:46:50.793831+00:00;P0;28.00
4854;DHT22;3628;6.559;3.386;2026-01-25T20:47:08.165872+00:00;humidity;89.50
4854;DHT22;3628;6.559;3.386;2026-01-25T20:47:08.165872+00:00;temperature;31.40
4853;pms5003;3628;6.559;3.386;2026-01-25T20:52:25.356290+00:00;P2;45.75
4853;pms5003;3628;6.559;3.386;2026-01-25T20:52:25.356290+00:00;P1;61.00
4853;pms5003;3628;6.559;3.386;2026-01-25T20:52:25.356290+00:00;P0;31.00
4854;DHT22;3628;6.559;3.386;2026-01-25T20:52:48.314183+00:00;humidity;89.70
4854;DHT22;3628;6.559;3.386;2026-01-25T20:52:48.314183+00:00;temperature;31.30
4853;pms5003;3628;6.559;3.386;2026-01-25T20:58:05.493648+00:00;P2;46.00
4853;pms5003;3628;6.559;3.386;2026-01-25T20:58:05.493648+00:00;P1;62.25
4853;pms5003;3628;6.559;3.386;2026-01-25T20:58:05.493648+00:00;P0;30.50
4854;DHT22;3628;6.559;3.386;2026-01-25T20:58:25.428017+00:00;humidity;89.90
4854;DHT22;3628;6.559;3.386;2026-01-25T20:58:25.428017+00:00;temperature;31.30
4853;pms5003;3628;6.559;3.386;2026-01-25T21:03:45.576331+00:00;P2;46.75
4853;pms5003;3628;6.559;3.386;2026-01-25T21:03:45.576331+00:00;P1;64.50
4853;pms5003;3628;6.559;3.386;2026-01-25T21:03:45.576331+00:00;P0;30.25
4854;DHT22;3628;6.559;3.386;2026-01-25T21:04:02.947980+00:00;humidity;90.10
4854;DHT22;3628;6.559;3.386;2026-01-25T21:04:02.947980+00:00;temperature;31.30
4853;pms5003;3628;6.559;3.386;2026-01-25T21:09:23.103475+00:00;P2;45.00
4853;pms5003;3628;6.559;3.386;2026-01-25T21:09:23.103475+00:00;P1;58.67
4853;pms5003;3628;6.559;3.386;2026-01-25T21:09:23.103475+00:00;P0;29.33
4854;DHT22;3628;6.559;3.386;2026-01-25T21:09:43.114599+00:00;humidity;90.30
4854;DHT22;3628;6.559;3.386;2026-01-25T21:09:43.114599+00:00;temperature;31.30
4853;pms5003;3628;6.559;3.386;2026-01-25T21:15:03.159765+00:00;P2;50.60
4853;pms5003;3628;6.559;3.386;2026-01-25T21:15:03.159765+00:00;P1;70.00
4853;pms5003;3628;6.559;3.386;2026-01-25T21:15:03.159765+00:00;P0;33.00
4854;DHT22;3628;6.559;3.386;2026-01-25T21:15:20.518676+00:00;humidity;90.10
4854;DHT22;3628;6.559;3.386;2026-01-25T21:15:20.518676+00:00;temperature;31.30
4854;DHT22;3628;6.559;3.386;2026-01-25T21:20:47.302764+00:00;humidity;90.20
4854;DHT22;3628;6.559;3.386;2026-01-25T21:20:47.302764+00:00;temperature;31.30
4853;pms5003;3628;6.559;3.386;2026-01-25T21:26:04.407663+00:00;P2;57.50
4853;pms5003;3628;6.559;3.386;2026-01-25T21:26:04.407663+00:00;P1;73.50
4853;pms5003;3628;6.559;3.386;2026-01-25T21:26:04.407663+00:00;P0;35.00
4854;DHT22;3628;6.559;3.386;2026-01-25T21:26:21.803065+00:00;humidity;90.40
4854;DHT22;3628;6.559;3.386;2026-01-25T21:26:21.803065+00:00;temperature;31.30
4854;DHT22;3628;6.559;3.386;2026-01-25T21:32:55.007607+00:00;humidity;90.60
4854;DHT22;3628;6.559;3.386;2026-01-25T21:32:55.007607+00:00;temperature;31.30
4853;pms5003;3628;6.559;3.386;2026-01-25T21:37:06.003073+00:00;P2;53.00
4853;pms5003;3628;6.559;3.386;2026-01-25T21:37:06.003073+00:00;P1;72.20
4853;pms5003;3628;6.559;3.386;2026-01-25T21:37:06.003073+00:00;P0;32.80
4853;pms5003;3628;6.559;3.386;2026-01-25T21:44:09.344045+00:00;P2;51.00
4853;pms5003;3628;6.559;3.386;2026-01-25T21:44:09.344045+00:00;P1;68.50
4853;pms5003;3628;6.559;3.386;2026-01-25T21:44:09.344045+00:00;P0;33.50
4853;pms5003;3628;6.559;3.386;2026-01-25T21:49:10.570631+00:00;P2;52.40
4853;pms5003;3628;6.559;3.386;2026-01-25T21:49:10.570631+00:00;P1;70.40
4853;pms5003;3628;6.559;3.386;2026-01-25T21:49:10.570631+00:00;P0;32.00
4853;pms5003;3628;6.559;3.386;2026-01-25T21:54:38.207531+00:00;P2;52.00
4853;pms5003;3628;6.559;3.386;2026-01-25T21:54:38.207531+00:00;P1;72.25
4853;pms5003;3628;6.559;3.386;2026-01-25T21:54:38.207531+00:00;P0;33.00
4854;DHT22;3628;6.559;3.386;2026-01-25T21:54:55.595945+00:00;humidity;91.30
4854;DHT22;3628;6.559;3.386;2026-01-25T21:54:55.595945+00:00;temperature;31.20
4854;DHT22;3628;6.559;3.386;2026-01-25T22:00:19.430780+00:00;humidity;91.60
4854;DHT22;3628;6.559;3.386;2026-01-25T22:00:19.430780+00:00;temperature;31.20
4854;DHT22;3628;6.559;3.386;2026-01-25T22:05:43.587338+00:00;humidity;91.60
4854;DHT22;3628;6.559;3.386;2026-01-25T22:05:43.587338+00:00;temperature;31.20
4853;pms5003;3628;6.559;3.386;2026-01-25T22:12:49.325363+00:00;P2;65.25
4853;pms5003;3628;6.559;3.386;2026-01-25T22:12:49.325363+00:00;P1;82.00
4853;pms5003;3628;6.559;3.386;2026-01-25T22:12:49.325363+00:00;P0;38.75
4853;pms5003;3628;6.559;3.386;2026-01-25T22:16:25.233194+00:00;P2;57.25
4853;pms5003;3628;6.559;3.386;2026-01-25T22:16:25.233194+00:00;P1;73.00
4853;pms5003;3628;6.559;3.386;2026-01-25T22:16:25.233194+00:00;P0;37.00
4854;DHT22;3628;6.559;3.386;2026-01-25T22:16:42.720770+00:00;humidity;92.10
4854;DHT22;3628;6.559;3.386;2026-01-25T22:16:42.720770+00:00;temperature;31.10
4854;DHT22;3628;6.559;3.386;2026-01-25T22:22:06.423188+00:00;humidity;92.40
4854;DHT22;3628;6.559;3.386;2026-01-25T22:22:06.423188+00:00;temperature;31.00
4853;pms5003;3628;6.559;3.386;2026-01-25T22:27:23.651447+00:00;P2;53.25
4853;pms5003;3628;6.559;3.386;2026-01-25T22:27:23.651447+00:00;P1;74.00
4853;pms5003;3628;6.559;3.386;2026-01-25T22:27:23.651447+00:00;P0;33.50
4854;DHT22;3628;6.559;3.386;2026-01-25T22:27:41.007786+00:00;humidity;92.50
4854;DHT22;3628;6.559;3.386;2026-01-25T22:27:41.007786+00:00;temperature;31.10
4853;pms5003;3628;6.559;3.386;2026-01-25T22:32:58.233793+00:00;P2;46.00
4853;pms5003;3628;6.559;3.386;2026-01-25T22:32:58.233793+00:00;P1;66.00
4853;pms5003;3628;6.559;3.386;2026-01-25T22:32:58.233793+00:00;P0;30.00
4854;DHT22;3628;6.559;3.386;2026-01-25T22:33:15.606880+00:00;humidity;92.90
4854;DHT22;3628;6.559;3.386;2026-01-25T22:33:15.606880+00:00;temperature;31.00
4853;pms5003;3628;6.559;3.386;2026-01-25T22:38:32.836817+00:00;P2;45.50
4853;pms5003;3628;6.559;3.386;2026-01-25T22:38:32.836817+00:00;P1;62.50
4853;pms5003;3628;6.559;3.386;2026-01-25T22:38:32.836817+00:00;P0;29.75
4854;DHT22;3628;6.559;3.386;2026-01-25T22:38:50.228120+00:00;humidity;93.20
4854;DHT22;3628;6.559;3.386;2026-01-25T22:38:50.228120+00:00;temperature;30.90
4853;pms5003;3628;6.559;3.386;2026-01-25T22:44:07.464976+00:00;P2;46.00
4853;pms5003;3628;6.559;3.386;2026-01-25T22:44:07.464976+00:00;P1;62.75
4853;pms5003;3628;6.559;3.386;2026-01-25T22:44:07.464976+00:00;P0;29.00
4854;DHT22;3628;6.559;3.386;2026-01-25T22:49:38.373560+00:00;humidity;93.00
4854;DHT22;3628;6.559;3.386;2026-01-25T22:49:38.373560+00:00;temperature;31.00
4854;DHT22;3628;6.559;3.386;2026-01-25T22:55:13.078017+00:00;humidity;93.10
4854;DHT22;3628;6.559;3.386;2026-01-25T22:55:13.078017+00:00;temperature;30.90
4853;pms5003;3628;6.559;3.386;2026-01-25T23:00:30.220814+00:00;P2;51.67
4853;pms5003;3628;6.559;3.386;2026-01-25T23:00:30.220814+00:00;P1;69.67
4853;pms5003;3628;6.559;3.386;2026-01-25T23:00:30.220814+00:00;P0;34.33
4854;DHT22;3628;6.559;3.386;2026-01-25T23:00:47.551811+00:00;humidity;93.10
4854;DHT22;3628;6.559;3.386;2026-01-25T23:00:47.551811+00:00;temperature;30.90
4853;pms5003;3628;6.559;3.386;2026-01-25T23:06:04.858707+00:00;P2;50.50
4853;pms5003;3628;6.559;3.386;2026-01-25T23:06:04.858707+00:00;P1;64.00
4853;pms5003;3628;6.559;3.386;2026-01-25T23:06:04.858707+00:00;P0;33.25
4853;pms5003;3628;6.559;3.386;2026-01-25T23:16:42.231008+00:00;P2;51.25
4853;pms5003;3628;6.559;3.386;2026-01-25T23:16:42.231008+00:00;P1;71.00
4853;pms5003;3628;6.559;3.386;2026-01-25T23:16:42.231008+00:00;P0;33.25
4854;DHT22;3628;6.559;3.386;2026-01-25T23:16:59.573097+00:00;humidity;93.10
4854;DHT22;3628;6.559;3.386;2026-01-25T23:16:59.573097+00:00;temperature;30.90
4853;pms5003;3628;6.559;3.386;2026-01-25T23:22:16.732342+00:00;P2;48.67
4853;pms5003;3628;6.559;3.386;2026-01-25T23:22:16.732342+00:00;P1;65.67
4853;pms5003;3628;6.559;3.386;2026-01-25T23:22:16.732342+00:00;P0;31.67
4853;pms5003;3628;6.559;3.386;2026-01-25T23:27:51.534705+00:00;P2;46.75
4853;pms5003;3628;6.559;3.386;2026-01-25T23:27:51.534705+00:00;P1;63.75
4853;pms5003;3628;6.559;3.386;2026-01-25T23:27:51.534705+00:00;P0;29.75
4853;pms5003;3628;6.559;3.386;2026-01-25T23:33:18.648493+00:00;P2;49.00
4853;pms5003;3628;6.559;3.386;2026-01-25T23:33:18.648493+00:00;P1;67.00
4853;pms5003;3628;6.559;3.386;2026-01-25T23:33:18.648493+00:00;P0;31.00
4854;DHT22;3628;6.559;3.386;2026-01-25T23:38:49.712930+00:00;humidity;92.40
4854;DHT22;3628;6.559;3.386;2026-01-25T23:38:49.712930+00:00;temperature;31.00
4853;pms5003;3628;6.559;3.386;2026-01-25T23:44:07.012875+00:00;P2;44.50
4853;pms5003;3628;6.559;3.386;2026-01-25T23:44:07.012875+00:00;P1;55.00
4853;pms5003;3628;6.559;3.386;2026-01-25T23:44:07.012875+00:00;P0;29.25
4854;DHT22;3628;6.559;3.386;2026-01-25T23:44:24.415254+00:00;humidity;92.20
4854;DHT22;3628;6.559;3.386;2026-01-25T23:44:24.415254+00:00;temperature;31.00
4853;pms5003;3628;6.559;3.386;2026-01-25T23:49:41.662447+00:00;P2;43.40
4853;pms5003;3628;6.559;3.386;2026-01-25T23:49:41.662447+00:00;P1;57.20
4853;pms5003;3628;6.559;3.386;2026-01-25T23:49:41.662447+00:00;P0;28.40
4853;pms5003;3628;6.559;3.386;2026-01-25T23:55:05.761037+00:00;P2;45.25
4853;pms5003;3628;6.559;3.386;2026-01-25T23:55:05.761037+00:00;P1;58.50
4853;pms5003;3628;6.559;3.386;2026-01-25T23:55:05.761037+00:00;P0;29.00
4853;pms5003;3628;6.559;3.386;2026-01-26T00:16:33.881599+00:00;P2;52.00
4853;pms5003;3628;6.559;3.386;2026-01-26T00:16:33.881599+00:00;P1;67.00
4853;pms5003;3628;6.559;3.386;2026-01-26T00:16:33.881599+00:00;P0;34.00
4854;DHT22;3628;6.559;3.386;2026-01-26T00:16:51.325221+00:00;humidity;92.60
4854;DHT22;3628;6.559;3.386;2026-01-26T00:16:51.325221+00:00;temperature;30.80
4853;pms5003;3628;6.559;3.386;2026-01-26T00:23:15.972330+00:00;P2;57.75
4853;pms5003;3628;6.559;3.386;2026-01-26T00:23:15.972330+00:00;P1;72.75
4853;pms5003;3628;6.559;3.386;2026-01-26T00:23:15.972330+00:00;P0;37.00
4853;pms5003;3628;6.559;3.386;2026-01-26T00:27:32.827929+00:00;P2;55.20
4853;pms5003;3628;6.559;3.386;2026-01-26T00:27:32.827929+00:00;P1;73.40
4853;pms5003;3628;6.559;3.386;2026-01-26T00:27:32.827929+00:00;P0;35.00
4854;DHT22;3628;6.559;3.386;2026-01-26T00:27:50.224686+00:00;humidity;91.80
4854;DHT22;3628;6.559;3.386;2026-01-26T00:27:50.224686+00:00;temperature;31.00
4854;DHT22;3628;6.559;3.386;2026-01-26T00:33:14.419783+00:00;humidity;91.60
4854;DHT22;3628;6.559;3.386;2026-01-26T00:33:14.419783+00:00;temperature;31.00
4853;pms5003;3628;6.559;3.386;2026-01-26T00:38:55.741709+00:00;P2;50.50
4853;pms5003;3628;6.559;3.386;2026-01-26T00:38:55.741709+00:00;P1;65.50
4853;pms5003;3628;6.559;3.386;2026-01-26T00:38:55.741709+00:00;P0;33.50
4853;pms5003;3628;6.559;3.386;2026-01-26T00:43:56.053092+00:00;P2;56.00
4853;pms5003;3628;6.559;3.386;2026-01-26T00:43:56.053092+00:00;P1;73.50
4853;pms5003;3628;6.559;3.386;2026-01-26T00:43:56.053092+00:00;P0;35.00
4854;DHT22;3628;6.559;3.386;2026-01-26T00:44:13.484873+00:00;humidity;92.40
4854;DHT22;3628;6.559;3.386;2026-01-26T00:44:13.484873+00:00;temperature;30.80
4853;pms5003;3628;6.559;3.386;2026-01-26T06:04:54.284903+00:00;P2;52.25
4853;pms5003;3628;6.559;3.386;2026-01-26T06:04:54.284903+00:00;P1;71.00
4853;pms5003;3628;6.559;3.386;2026-01-26T06:04:54.284903+00:00;P0;32.75
4854;DHT22;3628;6.559;3.386;2026-01-26T06:05:11.732874+00:00;humidity;100.00
4854;DHT22;3628;6.559;3.386;2026-01-26T06:05:11.732874+00:00;temperature;28.80
4853;pms5003;3628;6.559;3.386;2026-01-26T10:11:51.945432+00:00;P2;44.40
4853;pms5003;3628;6.559;3.386;2026-01-26T10:11:51.945432+00:00;P1;61.00
4853;pms5003;3628;6.559;3.386;2026-01-26T10:11:51.945432+00:00;P0;31.00
4853;pms5003;3628;6.559;3.386;2026-01-26T10:17:15.961011+00:00;P2;40.25
4853;pms5003;3628;6.559;3.386;2026-01-26T10:17:15.961011+00:00;P1;58.00
4853;pms5003;3628;6.559;3.386;2026-01-26T10:17:15.961011+00:00;P0;27.75
4854;DHT22;3628;6.559;3.386;2026-01-26T10:17:33.363148+00:00;humidity;56.80
4854;DHT22;3628;6.559;3.386;2026-01-26T10:17:33.363148+00:00;temperature;38.20
4853;pms5003;3628;6.559;3.386;2026-01-26T10:22:50.596180+00:00;P2;44.50
4853;pms5003;3628;6.559;3.386;2026-01-26T10:22:50.596180+00:00;P1;59.50
4853;pms5003;3628;6.559;3.386;2026-01-26T10:22:50.596180+00:00;P0;29.75
4853;pms5003;3628;6.559;3.386;2026-01-26T10:28:25.115725+00:00;P2;44.00
4853;pms5003;3628;6.559;3.386;2026-01-26T10:28:25.115725+00:00;P1;60.20
4853;pms5003;3628;6.559;3.386;2026-01-26T10:28:25.115725+00:00;P0;29.60
4854;DHT22;3628;6.559;3.386;2026-01-26T10:28:42.552128+00:00;humidity;52.90
4854;DHT22;3628;6.559;3.386;2026-01-26T10:28:42.552128+00:00;temperature;39.30
4853;pms5003;3628;6.559;3.386;2026-01-26T10:33:59.790709+00:00;P2;44.00
4853;pms5003;3628;6.559;3.386;2026-01-26T10:33:59.790709+00:00;P1;55.60
4853;pms5003;3628;6.559;3.386;2026-01-26T10:33:59.790709+00:00;P0;30.00
4854;DHT22;3628;6.559;3.386;2026-01-26T10:34:17.140638+00:00;humidity;54.50
4854;DHT22;3628;6.559;3.386;2026-01-26T10:34:17.140638+00:00;temperature;38.50
4854;DHT22;3628;6.559;3.386;2026-01-26T10:39:40.996124+00:00;humidity;51.20
4854;DHT22;3628;6.559;3.386;2026-01-26T10:39:40.996124+00:00;temperature;38.70
4853;pms5003;3628;6.559;3.386;2026-01-26T10:44:58.178546+00:00;P2;45.50
4853;pms5003;3628;6.559;3.386;2026-01-26T10:44:58.178546+00:00;P1;62.50
4853;pms5003;3628;6.559;3.386;2026-01-26T10:44:58.178546+00:00;P0;30.00
4854;DHT22;3628;6.559;3.386;2026-01-26T10:45:15.537849+00:00;humidity;53.30
4854;DHT22;3628;6.559;3.386;2026-01-26T10:45:15.537849+00:00;temperature;38.60
4853;pms5003;3628;6.559;3.386;2026-01-26T10:50:32.690103+00:00;P2;44.00
4853;pms5003;3628;6.559;3.386;2026-01-26T10:50:32.690103+00:00;P1;60.75
4853;pms5003;3628;6.559;3.386;2026-01-26T10:50:32.690103+00:00;P0;29.00
4854;DHT22;3628;6.559;3.386;2026-01-26T10:50:50.042009+00:00;humidity;51.10
4854;DHT22;3628;6.559;3.386;2026-01-26T10:50:50.042009+00:00;temperature;39.30
4853;pms5003;3628;6.559;3.386;2026-01-26T10:56:07.224924+00:00;P2;43.20
4853;pms5003;3628;6.559;3.386;2026-01-26T10:56:07.224924+00:00;P1;59.00
4853;pms5003;3628;6.559;3.386;2026-01-26T10:56:07.224924+00:00;P0;29.00
4853;pms5003;3628;6.559;3.386;2026-01-26T11:01:41.880467+00:00;P2;49.50
4853;pms5003;3628;6.559;3.386;2026-01-26T11:01:41.880467+00:00;P1;66.50
4853;pms5003;3628;6.559;3.386;2026-01-26T11:01:41.880467+00:00;P0;33.00
4854;DHT22;3628;6.559;3.386;2026-01-26T11:07:15.913846+00:00;humidity;51.30
4854;DHT22;3628;6.559;3.386;2026-01-26T11:07:15.913846+00:00;temperature;39.60
4853;pms5003;3628;6.559;3.386;2026-01-26T11:12:33.146178+00:00;P2;44.00
4853;pms5003;3628;6.559;3.386;2026-01-26T11:12:33.146178+00:00;P1;61.50
4853;pms5003;3628;6.559;3.386;2026-01-26T11:12:33.146178+00:00;P0;29.25
4853;pms5003;3628;6.559;3.386;2026-01-26T11:17:57.098690+00:00;P2;44.00
4853;pms5003;3628;6.559;3.386;2026-01-26T11:17:57.098690+00:00;P1;56.50
4853;pms5003;3628;6.559;3.386;2026-01-26T11:17:57.098690+00:00;P0;28.00
4854;DHT22;3628;6.559;3.386;2026-01-26T11:18:14.462504+00:00;humidity;48.60
4854;DHT22;3628;6.559;3.386;2026-01-26T11:18:14.462504+00:00;temperature;40.30
4853;pms5003;3628;6.559;3.386;2026-01-26T11:23:31.693379+00:00;P2;46.00
4853;pms5003;3628;6.559;3.386;2026-01-26T11:23:31.693379+00:00;P1;63.25
4853;pms5003;3628;6.559;3.386;2026-01-26T11:23:31.693379+00:00;P0;30.00
4854;DHT22;3628;6.559;3.386;2026-01-26T11:23:49.069638+00:00;humidity;47.90
4854;DHT22;3628;6.559;3.386;2026-01-26T11:23:49.069638+00:00;temperature;40.50
4853;pms5003;3628;6.559;3.386;2026-01-26T11:29:06.271676+00:00;P2;47.00
4853;pms5003;3628;6.559;3.386;2026-01-26T11:29:06.271676+00:00;P1;64.00
4853;pms5003;3628;6.559;3.386;2026-01-26T11:29:06.271676+00:00;P0;32.50
4854;DHT22;3628;6.559;3.386;2026-01-26T11:29:26.761337+00:00;humidity;47.60
4854;DHT22;3628;6.559;3.386;2026-01-26T11:29:26.761337+00:00;temperature;40.70
4853;pms5003;3628;6.559;3.386;2026-01-26T11:34:43.829544+00:00;P2;46.00
4853;pms5003;3628;6.559;3.386;2026-01-26T11:34:43.829544+00:00;P1;58.00
4853;pms5003;3628;6.559;3.386;2026-01-26T11:34:43.829544+00:00;P0;31.00
4854;DHT22;3628;6.559;3.386;2026-01-26T11:35:01.511226+00:00;humidity;47.50
4854;DHT22;3628;6.559;3.386;2026-01-26T11:35:01.511226+00:00;temperature;40.70
4853;pms5003;3628;6.559;3.386;2026-01-26T11:40:18.560386+00:00;P2;45.40
4853;pms5003;3628;6.559;3.386;2026-01-26T11:40:18.560386+00:00;P1;60.80
4853;pms5003;3628;6.559;3.386;2026-01-26T11:40:18.560386+00:00;P0;30.00
4853;pms5003;3628;6.559;3.386;2026-01-26T11:51:07.188808+00:00;P2;47.00
4853;pms5003;3628;6.559;3.386;2026-01-26T11:51:07.188808+00:00;P1;64.00
4853;pms5003;3628;6.559;3.386;2026-01-26T11:51:07.188808+00:00;P0;30.75
4853;pms5003;3628;6.559;3.386;2026-01-26T11:56:31.264320+00:00;P2;45.60
4853;pms5003;3628;6.559;3.386;2026-01-26T11:56:31.264320+00:00;P1;59.60
4853;pms5003;3628;6.559;3.386;2026-01-26T11:56:31.264320+00:00;P0;30.60
4854;DHT22;3628;6.559;3.386;2026-01-26T11:56:48.694337+00:00;humidity;43.70
4854;DHT22;3628;6.559;3.386;2026-01-26T11:56:48.694337+00:00;temperature;41.60
4853;pms5003;3628;6.559;3.386;2026-01-26T12:02:05.802535+00:00;P2;45.25
4853;pms5003;3628;6.559;3.386;2026-01-26T12:02:05.802535+00:00;P1;62.25
4853;pms5003;3628;6.559;3.386;2026-01-26T12:02:05.802535+00:00;P0;30.50
4854;DHT22;3628;6.559;3.386;2026-01-26T12:07:47.124403+00:00;humidity;39.90
4854;DHT22;3628;6.559;3.386;2026-01-26T12:07:47.124403+00:00;temperature;40.30
4854;DHT22;3628;6.559;3.386;2026-01-26T12:13:21.757426+00:00;humidity;38.60
4854;DHT22;3628;6.559;3.386;2026-01-26T12:13:21.757426+00:00;temperature;41.30
4854;DHT22;3628;6.559;3.386;2026-01-26T12:24:02.149958+00:00;humidity;42.50
4854;DHT22;3628;6.559;3.386;2026-01-26T12:24:02.149958+00:00;temperature;40.30
4853;pms5003;3628;6.559;3.386;2026-01-26T12:34:43.232712+00:00;P2;46.00
4853;pms5003;3628;6.559;3.386;2026-01-26T12:34:43.232712+00:00;P1;65.00
4853;pms5003;3628;6.559;3.386;2026-01-26T12:34:43.232712+00:00;P0;31.00
4854;DHT22;3628;6.559;3.386;2026-01-26T12:35:00.587308+00:00;humidity;44.30
4854;DHT22;3628;6.559;3.386;2026-01-26T12:35:00.587308+00:00;temperature;39.80
4853;pms5003;3628;6.559;3.386;2026-01-26T12:40:17.770202+00:00;P2;48.00
4853;pms5003;3628;6.559;3.386;2026-01-26T12:40:17.770202+00:00;P1;61.00
4853;pms5003;3628;6.559;3.386;2026-01-26T12:40:17.770202+00:00;P0;33.00
4854;DHT22;3628;6.559;3.386;2026-01-26T12:40:35.143999+00:00;humidity;43.20
4854;DHT22;3628;6.559;3.386;2026-01-26T12:40:35.143999+00:00;temperature;39.90
4853;pms5003;3628;6.559;3.386;2026-01-26T12:45:52.318115+00:00;P2;47.00
4853;pms5003;3628;6.559;3.386;2026-01-26T12:45:52.318115+00:00;P1;61.80
4853;pms5003;3628;6.559;3.386;2026-01-26T12:45:52.318115+00:00;P0;31.80
4853;pms5003;3628;6.559;3.386;2026-01-26T12:46:09.650041+00:00;humidity;47.90
4853;pms5003;3628;6.559;3.386;2026-01-26T12:46:09.650041+00:00;temperature;39.40
4853;pms5003;3628;6.559;3.386;2026-01-26T12:51:26.815493+00:00;P2;44.00
4853;pms5003;3628;6.559;3.386;2026-01-26T12:51:26.815493+00:00;P1;55.67
4853;pms5003;3628;6.559;3.386;2026-01-26T12:51:26.815493+00:00;P0;29.33
4853;pms5003;3628;6.559;3.386;2026-01-26T13:02:15.057917+00:00;P2;45.50
4853;pms5003;3628;6.559;3.386;2026-01-26T13:02:15.057917+00:00;P1;63.00
4853;pms5003;3628;6.559;3.386;2026-01-26T13:02:15.057917+00:00;P0;31.00
4854;DHT22;3628;6.559;3.386;2026-01-26T13:07:45.973642+00:00;humidity;41.40
4854;DHT22;3628;6.559;3.386;2026-01-26T13:07:45.973642+00:00;temperature;39.80
4854;DHT22;3628;6.559;3.386;2026-01-26T13:13:20.089975+00:00;humidity;41.50
4854;DHT22;3628;6.559;3.386;2026-01-26T13:13:20.089975+00:00;temperature;40.40
4853;pms5003;3628;6.559;3.386;2026-01-26T13:18:37.284708+00:00;P2;45.50
4853;pms5003;3628;6.559;3.386;2026-01-26T13:18:37.284708+00:00;P1;60.75
4853;pms5003;3628;6.559;3.386;2026-01-26T13:18:37.284708+00:00;P0;30.75
4854;DHT22;3628;6.559;3.386;2026-01-26T13:29:20.793884+00:00;humidity;42.40
4854;DHT22;3628;6.559;3.386;2026-01-26T13:29:20.793884+00:00;temperature;40.50
4853;pms5003;3628;6.559;3.386;2026-01-26T13:39:51.727065+00:00;P2;46.00
4853;pms5003;3628;6.559;3.386;2026-01-26T13:39:51.727065+00:00;P1;61.60
4853;pms5003;3628;6.559;3.386;2026-01-26T13:39:51.727065+00:00;P0;32.00
4854;DHT22;3628;6.559;3.386;2026-01-26T13:40:09.097735+00:00;humidity;41.30
4854;DHT22;3628;6.559;3.386;2026-01-26T13:40:09.097735+00:00;temperature;41.10
4853;pms5003;3628;6.559;3.386;2026-01-26T13:45:26.370185+00:00;P2;44.00
4853;pms5003;3628;6.559;3.386;2026-01-26T13:45:26.370185+00:00;P1;62.75
4853;pms5003;3628;6.559;3.386;2026-01-26T13:45:26.370185+00:00;P0;30.00
4854;DHT22;3628;6.559;3.386;2026-01-26T13:45:43.749218+00:00;humidity;47.80
4854;DHT22;3628;6.559;3.386;2026-01-26T13:45:43.749218+00:00;temperature;40.00
4853;pms5003;3628;6.559;3.386;2026-01-26T13:51:01.055194+00:00;P2;45.00
4853;pms5003;3628;6.559;3.386;2026-01-26T13:51:01.055194+00:00;P1;59.25
4853;pms5003;3628;6.559;3.386;2026-01-26T13:51:01.055194+00:00;P0;31.00
4854;DHT22;3628;6.559;3.386;2026-01-26T13:51:18.409657+00:00;humidity;46.60
4854;DHT22;3628;6.559;3.386;2026-01-26T13:51:18.409657+00:00;temperature;39.80
4854;DHT22;3628;6.559;3.386;2026-01-26T13:56:42.556718+00:00;humidity;41.30
4854;DHT22;3628;6.559;3.386;2026-01-26T13:56:42.556718+00:00;temperature;40.60
4854;DHT22;3628;6.559;3.386;2026-01-26T14:02:06.747916+00:00;humidity;45.20
4854;DHT22;3628;6.559;3.386;2026-01-26T14:02:06.747916+00:00;temperature;41.00
4854;DHT22;3628;6.559;3.386;2026-01-26T14:12:55.091658+00:00;humidity;44.60
4854;DHT22;3628;6.559;3.386;2026-01-26T14:12:55.091658+00:00;temperature;41.70
4853;pms5003;3628;6.559;3.386;2026-01-26T14:18:12.267586+00:00;P2;46.00
4853;pms5003;3628;6.559;3.386;2026-01-26T14:18:12.267586+00:00;P1;61.00
4853;pms5003;3628;6.559;3.386;2026-01-26T14:18:12.267586+00:00;P0;32.40
4853;pms5003;3628;6.559;3.386;2026-01-26T14:23:41.914343+00:00;P2;45.25
4853;pms5003;3628;6.559;3.386;2026-01-26T14:23:41.914343+00:00;P1;60.75
4853;pms5003;3628;6.559;3.386;2026-01-26T14:23:41.914343+00:00;P0;30.50
4853;pms5003;3628;6.559;3.386;2026-01-26T14:29:05.825869+00:00;P2;47.25
4853;pms5003;3628;6.559;3.386;2026-01-26T14:29:05.825869+00:00;P1;61.25
4853;pms5003;3628;6.559;3.386;2026-01-26T14:29:05.825869+00:00;P0;31.75
4854;DHT22;3628;6.559;3.386;2026-01-26T14:29:23.263065+00:00;humidity;40.60
4854;DHT22;3628;6.559;3.386;2026-01-26T14:29:23.263065+00:00;temperature;41.70
4854;DHT22;3628;6.559;3.386;2026-01-26T14:34:57.885395+00:00;humidity;41.50
4854;DHT22;3628;6.559;3.386;2026-01-26T14:34:57.885395+00:00;temperature;42.30
4854;DHT22;3628;6.559;3.386;2026-01-26T14:40:24.547190+00:00;humidity;46.50
4854;DHT22;3628;6.559;3.386;2026-01-26T14:40:24.547190+00:00;temperature;41.90
4853;pms5003;3628;6.559;3.386;2026-01-26T14:56:51.287831+00:00;P2;51.00
4853;pms5003;3628;6.559;3.386;2026-01-26T14:56:51.287831+00:00;P1;69.50
4853;pms5003;3628;6.559;3.386;2026-01-26T14:56:51.287831+00:00;P0;35.00
4854;DHT22;3628;6.559;3.386;2026-01-26T14:57:08.635243+00:00;humidity;50.80
4854;DHT22;3628;6.559;3.386;2026-01-26T14:57:08.635243+00:00;temperature;40.70
4854;DHT22;3628;6.559;3.386;2026-01-26T15:02:32.407322+00:00;humidity;52.60
4854;DHT22;3628;6.559;3.386;2026-01-26T15:02:32.407322+00:00;temperature;39.70
4853;pms5003;3628;6.559;3.386;2026-01-26T15:18:30.427635+00:00;P2;70.00
4853;pms5003;3628;6.559;3.386;2026-01-26T15:18:30.427635+00:00;P1;83.00
4853;pms5003;3628;6.559;3.386;2026-01-26T15:18:30.427635+00:00;P0;48.50
4854;DHT22;3628;6.559;3.386;2026-01-26T15:18:47.810837+00:00;humidity;53.30
4854;DHT22;3628;6.559;3.386;2026-01-26T15:18:47.810837+00:00;temperature;39.00
4853;pms5003;3628;6.559;3.386;2026-01-26T15:24:04.973853+00:00;P2;50.00
4853;pms5003;3628;6.559;3.386;2026-01-26T15:24:04.973853+00:00;P1;62.00
4853;pms5003;3628;6.559;3.386;2026-01-26T15:24:04.973853+00:00;P0;33.00
4854;DHT22;3628;6.559;3.386;2026-01-26T15:24:22.351710+00:00;humidity;55.00
4854;DHT22;3628;6.559;3.386;2026-01-26T15:24:22.351710+00:00;temperature;38.70
4853;pms5003;3628;6.559;3.386;2026-01-26T15:29:39.676541+00:00;P2;48.75
4853;pms5003;3628;6.559;3.386;2026-01-26T15:29:39.676541+00:00;P1;61.75
4853;pms5003;3628;6.559;3.386;2026-01-26T15:29:39.676541+00:00;P0;31.50
4854;DHT22;3628;6.559;3.386;2026-01-26T15:29:57.013896+00:00;humidity;55.90
4854;DHT22;3628;6.559;3.386;2026-01-26T15:29:57.013896+00:00;temperature;38.50
4853;pms5003;3628;6.559;3.386;2026-01-26T15:35:14.225955+00:00;P2;52.00
4853;pms5003;3628;6.559;3.386;2026-01-26T15:35:14.225955+00:00;P1;69.00
4853;pms5003;3628;6.559;3.386;2026-01-26T15:35:14.225955+00:00;P0;34.00
4854;DHT22;3628;6.559;3.386;2026-01-26T15:35:31.580257+00:00;humidity;55.20
4854;DHT22;3628;6.559;3.386;2026-01-26T15:35:31.580257+00:00;temperature;38.50
4853;pms5003;3628;6.559;3.386;2026-01-26T15:40:48.806895+00:00;P2;49.75
4853;pms5003;3628;6.559;3.386;2026-01-26T15:40:48.806895+00:00;P1;65.00
4853;pms5003;3628;6.559;3.386;2026-01-26T15:40:48.806895+00:00;P0;32.00
4853;pms5003;3628;6.559;3.386;2026-01-26T15:46:12.873567+00:00;P2;47.67
4853;pms5003;3628;6.559;3.386;2026-01-26T15:46:12.873567+00:00;P1;63.00
4853;pms5003;3628;6.559;3.386;2026-01-26T15:46:12.873567+00:00;P0;33.00
4854;DHT22;3628;6.559;3.386;2026-01-26T15:46:30.231493+00:00;humidity;55.40
4854;DHT22;3628;6.559;3.386;2026-01-26T15:46:30.231493+00:00;temperature;38.40
4853;pms5003;3628;6.559;3.386;2026-01-26T15:51:47.387070+00:00;P2;48.00
4853;pms5003;3628;6.559;3.386;2026-01-26T15:51:47.387070+00:00;P1;66.50
4853;pms5003;3628;6.559;3.386;2026-01-26T15:51:47.387070+00:00;P0;32.00
4854;DHT22;3628;6.559;3.386;2026-01-26T15:52:04.749834+00:00;humidity;56.30
4854;DHT22;3628;6.559;3.386;2026-01-26T15:52:04.749834+00:00;temperature;38.10
4853;pms5003;3628;6.559;3.386;2026-01-26T15:57:21.919468+00:00;P2;51.25
4853;pms5003;3628;6.559;3.386;2026-01-26T15:57:21.919468+00:00;P1;69.75
4853;pms5003;3628;6.559;3.386;2026-01-26T15:57:21.919468+00:00;P0;33.25
4853;pms5003;3628;6.559;3.386;2026-01-26T16:02:45.958795+00:00;P2;51.00
4853;pms5003;3628;6.559;3.386;2026-01-26T16:02:45.958795+00:00;P1;64.33
4853;pms5003;3628;6.559;3.386;2026-01-26T16:02:45.958795+00:00;P0;34.00
4854;DHT22;3628;6.559;3.386;2026-01-26T16:19:05.023360+00:00;humidity;58.80
4854;DHT22;3628;6.559;3.386;2026-01-26T16:19:05.023360+00:00;temperature;36.80
4854;DHT22;3628;6.559;3.386;2026-01-26T16:24:29.191046+00:00;humidity;59.30
4854;DHT22;3628;6.559;3.386;2026-01-26T16:24:29.191046+00:00;temperature;36.30
4854;DHT22;3628;6.559;3.386;2026-01-26T16:30:03.860433+00:00;humidity;59.10
4854;DHT22;3628;6.559;3.386;2026-01-26T16:30:03.860433+00:00;temperature;36.30
4853;pms5003;3628;6.559;3.386;2026-01-26T16:45:58.082661+00:00;P2;49.00
4853;pms5003;3628;6.559;3.386;2026-01-26T16:45:58.082661+00:00;P1;65.00
4853;pms5003;3628;6.559;3.386;2026-01-26T16:45:58.082661+00:00;P0;32.00
4854;DHT22;3628;6.559;3.386;2026-01-26T16:51:29.005206+00:00;humidity;60.60
4854;DHT22;3628;6.559;3.386;2026-01-26T16:51:29.005206+00:00;temperature;35.40
4854;DHT22;3628;6.559;3.386;2026-01-26T16:57:03.524677+00:00;humidity;60.40
4854;DHT22;3628;6.559;3.386;2026-01-26T16:57:03.524677+00:00;temperature;35.20
4853;pms5003;3628;6.559;3.386;2026-01-26T17:02:20.691006+00:00;P2;52.00
4853;pms5003;3628;6.559;3.386;2026-01-26T17:02:20.691006+00:00;P1;69.50
4853;pms5003;3628;6.559;3.386;2026-01-26T17:02:20.691006+00:00;P0;34.25
4854;DHT22;3628;6.559;3.386;2026-01-26T17:02:38.178039+00:00;humidity;61.10
4854;DHT22;3628;6.559;3.386;2026-01-26T17:02:38.178039+00:00;temperature;35.20
4853;pms5003;3628;6.559;3.386;2026-01-26T17:13:09.082675+00:00;P2;50.00
4853;pms5003;3628;6.559;3.386;2026-01-26T17:13:09.082675+00:00;P1;64.60
4853;pms5003;3628;6.559;3.386;2026-01-26T17:13:09.082675+00:00;P0;33.00
4854;DHT22;3628;6.559;3.386;2026-01-26T17:13:26.428359+00:00;humidity;62.30
4854;DHT22;3628;6.559;3.386;2026-01-26T17:13:26.428359+00:00;temperature;34.50
4853;pms5003;3628;6.559;3.386;2026-01-26T17:18:43.667555+00:00;P2;51.40
4853;pms5003;3628;6.559;3.386;2026-01-26T17:18:43.667555+00:00;P1;69.60
4853;pms5003;3628;6.559;3.386;2026-01-26T17:18:43.667555+00:00;P0;34.00
4854;DHT22;3628;6.559;3.386;2026-01-26T17:24:15.097747+00:00;humidity;64.20
4854;DHT22;3628;6.559;3.386;2026-01-26T17:24:15.097747+00:00;temperature;33.90
4853;pms5003;3628;6.559;3.386;2026-01-26T17:29:32.346088+00:00;P2;50.75
4853;pms5003;3628;6.559;3.386;2026-01-26T17:29:32.346088+00:00;P1;68.00
4853;pms5003;3628;6.559;3.386;2026-01-26T17:29:32.346088+00:00;P0;33.50
4854;DHT22;3628;6.559;3.386;2026-01-26T17:29:49.721804+00:00;humidity;64.80
4854;DHT22;3628;6.559;3.386;2026-01-26T17:29:49.721804+00:00;temperature;33.80
4853;pms5003;3628;6.559;3.386;2026-01-26T17:35:06.883263+00:00;P2;50.00
4853;pms5003;3628;6.559;3.386;2026-01-26T17:35:06.883263+00:00;P1;66.50
4853;pms5003;3628;6.559;3.386;2026-01-26T17:35:06.883263+00:00;P0;33.00
4854;DHT22;3628;6.559;3.386;2026-01-26T17:35:24.217451+00:00;humidity;65.40
4854;DHT22;3628;6.559;3.386;2026-01-26T17:35:24.217451+00:00;temperature;33.50
4853;pms5003;3628;6.559;3.386;2026-01-26T17:40:41.402314+00:00;P2;48.75
4853;pms5003;3628;6.559;3.386;2026-01-26T17:40:41.402314+00:00;P1;67.75
4853;pms5003;3628;6.559;3.386;2026-01-26T17:40:41.402314+00:00;P0;32.50
4854;DHT22;3628;6.559;3.386;2026-01-26T17:40:58.750495+00:00;humidity;66.30
4854;DHT22;3628;6.559;3.386;2026-01-26T17:40:58.750495+00:00;temperature;33.40
4853;pms5003;3628;6.559;3.386;2026-01-26T17:46:15.982939+00:00;P2;48.50
4853;pms5003;3628;6.559;3.386;2026-01-26T17:46:15.982939+00:00;P1;61.50
4853;pms5003;3628;6.559;3.386;2026-01-26T17:46:15.982939+00:00;P0;32.50
4854;DHT22;3628;6.559;3.386;2026-01-26T17:46:36.241893+00:00;humidity;67.10
4854;DHT22;3628;6.559;3.386;2026-01-26T17:46:36.241893+00:00;temperature;33.30
4853;pms5003;3628;6.559;3.386;2026-01-26T17:51:53.409564+00:00;P2;45.75
4853;pms5003;3628;6.559;3.386;2026-01-26T17:51:53.409564+00:00;P1;59.75
4853;pms5003;3628;6.559;3.386;2026-01-26T17:51:53.409564+00:00;P0;30.00
4854;DHT22;3628;6.559;3.386;2026-01-26T17:52:10.744880+00:00;humidity;67.70
4854;DHT22;3628;6.559;3.386;2026-01-26T17:52:10.744880+00:00;temperature;33.20
4853;pms5003;3628;6.559;3.386;2026-01-26T17:57:27.949790+00:00;P2;49.50
4853;pms5003;3628;6.559;3.386;2026-01-26T17:57:27.949790+00:00;P1;60.50
4853;pms5003;3628;6.559;3.386;2026-01-26T17:57:27.949790+00:00;P0;32.50
4853;pms5003;3628;6.559;3.386;2026-01-26T18:02:52.151148+00:00;P2;45.00
4853;pms5003;3628;6.559;3.386;2026-01-26T18:02:52.151148+00:00;P1;61.67
4853;pms5003;3628;6.559;3.386;2026-01-26T18:02:52.151148+00:00;P0;30.00
4854;DHT22;3628;6.559;3.386;2026-01-26T18:08:33.495332+00:00;humidity;69.70
4854;DHT22;3628;6.559;3.386;2026-01-26T18:08:33.495332+00:00;temperature;32.80
4854;DHT22;3628;6.559;3.386;2026-01-26T18:19:24.642320+00:00;humidity;70.80
4854;DHT22;3628;6.559;3.386;2026-01-26T18:19:24.642320+00:00;temperature;32.60
4853;pms5003;3628;6.559;3.386;2026-01-26T18:24:42.016151+00:00;P2;50.00
4853;pms5003;3628;6.559;3.386;2026-01-26T18:24:42.016151+00:00;P1;67.75
4853;pms5003;3628;6.559;3.386;2026-01-26T18:24:42.016151+00:00;P0;34.00
4854;DHT22;3628;6.559;3.386;2026-01-26T18:24:59.444810+00:00;humidity;71.10
4854;DHT22;3628;6.559;3.386;2026-01-26T18:24:59.444810+00:00;temperature;32.70
4853;pms5003;3628;6.559;3.386;2026-01-26T18:30:16.670920+00:00;P2;48.00
4853;pms5003;3628;6.559;3.386;2026-01-26T18:30:16.670920+00:00;P1;66.25
4853;pms5003;3628;6.559;3.386;2026-01-26T18:30:16.670920+00:00;P0;31.75
4854;DHT22;3628;6.559;3.386;2026-01-26T18:35:47.915930+00:00;humidity;72.00
4854;DHT22;3628;6.559;3.386;2026-01-26T18:35:47.915930+00:00;temperature;32.50
4854;DHT22;3628;6.559;3.386;2026-01-26T18:41:13.050456+00:00;humidity;72.80
4854;DHT22;3628;6.559;3.386;2026-01-26T18:41:13.050456+00:00;temperature;32.30
4853;pms5003;3628;6.559;3.386;2026-01-26T18:46:30.253605+00:00;P2;50.25
4853;pms5003;3628;6.559;3.386;2026-01-26T18:46:30.253605+00:00;P1;69.50
4853;pms5003;3628;6.559;3.386;2026-01-26T18:46:30.253605+00:00;P0;33.50
4853;pms5003;3628;6.559;3.386;2026-01-26T18:52:04.792202+00:00;P2;48.75
4853;pms5003;3628;6.559;3.386;2026-01-26T18:52:04.792202+00:00;P1;66.50
4853;pms5003;3628;6.559;3.386;2026-01-26T18:52:04.792202+00:00;P0;32.75
4854;DHT22;3628;6.559;3.386;2026-01-26T18:52:22.132340+00:00;humidity;73.60
4854;DHT22;3628;6.559;3.386;2026-01-26T18:52:22.132340+00:00;temperature;32.30
4854;DHT22;3628;6.559;3.386;2026-01-26T18:57:46.008767+00:00;humidity;74.10
4854;DHT22;3628;6.559;3.386;2026-01-26T18:57:46.008767+00:00;temperature;32.30
4853;pms5003;3628;6.559;3.386;2026-01-26T19:03:03.187346+00:00;P2;45.50
4853;pms5003;3628;6.559;3.386;2026-01-26T19:03:03.187346+00:00;P1;63.50
4853;pms5003;3628;6.559;3.386;2026-01-26T19:03:03.187346+00:00;P0;31.50
4854;DHT22;3628;6.559;3.386;2026-01-26T19:03:20.572682+00:00;humidity;74.60
4854;DHT22;3628;6.559;3.386;2026-01-26T19:03:20.572682+00:00;temperature;32.20
4854;DHT22;3628;6.559;3.386;2026-01-26T19:08:55.282508+00:00;humidity;75.10
4854;DHT22;3628;6.559;3.386;2026-01-26T19:08:55.282508+00:00;temperature;32.10
4853;pms5003;3628;6.559;3.386;2026-01-26T19:14:12.477321+00:00;P2;46.50
4853;pms5003;3628;6.559;3.386;2026-01-26T19:14:12.477321+00:00;P1;61.00
4853;pms5003;3628;6.559;3.386;2026-01-26T19:14:12.477321+00:00;P0;31.50
4854;DHT22;3628;6.559;3.386;2026-01-26T19:14:29.821451+00:00;humidity;75.50
4854;DHT22;3628;6.559;3.386;2026-01-26T19:14:29.821451+00:00;temperature;32.10
4853;pms5003;3628;6.559;3.386;2026-01-26T19:30:37.313703+00:00;P2;45.00
4853;pms5003;3628;6.559;3.386;2026-01-26T19:30:37.313703+00:00;P1;58.00
4853;pms5003;3628;6.559;3.386;2026-01-26T19:30:37.313703+00:00;P0;31.00
4854;DHT22;3628;6.559;3.386;2026-01-26T19:30:54.637928+00:00;humidity;77.00
4854;DHT22;3628;6.559;3.386;2026-01-26T19:30:54.637928+00:00;temperature;31.90
4854;DHT22;3628;6.559;3.386;2026-01-26T19:41:45.053579+00:00;humidity;77.40
4854;DHT22;3628;6.559;3.386;2026-01-26T19:41:45.053579+00:00;temperature;31.90
4854;DHT22;3628;6.559;3.386;2026-01-26T19:47:31.147166+00:00;humidity;77.80
4854;DHT22;3628;6.559;3.386;2026-01-26T19:47:31.147166+00:00;temperature;31.90
4853;pms5003;3628;6.559;3.386;2026-01-26T19:52:54.325430+00:00;P2;49.33
4853;pms5003;3628;6.559;3.386;2026-01-26T19:52:54.325430+00:00;P1;68.00
4853;pms5003;3628;6.559;3.386;2026-01-26T19:52:54.325430+00:00;P0;32.00
4854;DHT22;3628;6.559;3.386;2026-01-26T19:53:11.696555+00:00;humidity;77.70
4854;DHT22;3628;6.559;3.386;2026-01-26T19:53:11.696555+00:00;temperature;31.90
4854;DHT22;3628;6.559;3.386;2026-01-26T19:58:35.592733+00:00;humidity;77.80
4854;DHT22;3628;6.559;3.386;2026-01-26T19:58:35.592733+00:00;temperature;31.70
4854;DHT22;3628;6.559;3.386;2026-01-26T20:30:41.809559+00:00;humidity;79.40
4854;DHT22;3628;6.559;3.386;2026-01-26T20:30:41.809559+00:00;temperature;31.70
4853;pms5003;3628;6.559;3.386;2026-01-26T20:41:22.702114+00:00;P2;46.00
4853;pms5003;3628;6.559;3.386;2026-01-26T20:41:22.702114+00:00;P1;61.00
4853;pms5003;3628;6.559;3.386;2026-01-26T20:41:22.702114+00:00;P0;30.00
4853;pms5003;3628;6.559;3.386;2026-01-26T20:46:49.792277+00:00;P2;45.60
4853;pms5003;3628;6.559;3.386;2026-01-26T20:46:49.792277+00:00;P1;62.80
4853;pms5003;3628;6.559;3.386;2026-01-26T20:46:49.792277+00:00;P0;30.00
4854;DHT22;3628;6.559;3.386;2026-01-26T20:47:07.195245+00:00;humidity;80.00
4854;DHT22;3628;6.559;3.386;2026-01-26T20:47:07.195245+00:00;temperature;31.50
4853;pms5003;3628;6.559;3.386;2026-01-26T20:52:24.389695+00:00;P2;46.00
4853;pms5003;3628;6.559;3.386;2026-01-26T20:52:24.389695+00:00;P1;60.00
4853;pms5003;3628;6.559;3.386;2026-01-26T20:52:24.389695+00:00;P0;31.00
4853;pms5003;3628;6.559;3.386;2026-01-26T20:57:48.207874+00:00;P2;44.00
4853;pms5003;3628;6.559;3.386;2026-01-26T20:57:48.207874+00:00;P1;59.00
4853;pms5003;3628;6.559;3.386;2026-01-26T20:57:48.207874+00:00;P0;29.00
4854;DHT22;3628;6.559;3.386;2026-01-26T20:58:05.840085+00:00;humidity;81.00
4854;DHT22;3628;6.559;3.386;2026-01-26T20:58:05.840085+00:00;temperature;31.60
4853;pms5003;3628;6.559;3.386;2026-01-26T21:03:23.005280+00:00;P2;44.60
4853;pms5003;3628;6.559;3.386;2026-01-26T21:03:23.005280+00:00;P1;62.60
4853;pms5003;3628;6.559;3.386;2026-01-26T21:03:23.005280+00:00;P0;29.60
4854;DHT22;3628;6.559;3.386;2026-01-26T21:03:40.452051+00:00;humidity;81.20
4854;DHT22;3628;6.559;3.386;2026-01-26T21:03:40.452051+00:00;temperature;31.50
4854;DHT22;3628;6.559;3.386;2026-01-26T21:09:04.629436+00:00;humidity;81.30
4854;DHT22;3628;6.559;3.386;2026-01-26T21:09:04.629436+00:00;temperature;31.60
4853;pms5003;3628;6.559;3.386;2026-01-26T21:14:21.802124+00:00;P2;45.00
4853;pms5003;3628;6.559;3.386;2026-01-26T21:14:21.802124+00:00;P1;60.50
4853;pms5003;3628;6.559;3.386;2026-01-26T21:14:21.802124+00:00;P0;29.75
4854;DHT22;3628;6.559;3.386;2026-01-26T21:14:39.191810+00:00;humidity;81.80
4854;DHT22;3628;6.559;3.386;2026-01-26T21:14:39.191810+00:00;temperature;31.40
4853;pms5003;3628;6.559;3.386;2026-01-26T21:19:56.335312+00:00;P2;43.00
4853;pms5003;3628;6.559;3.386;2026-01-26T21:19:56.335312+00:00;P1;56.25
4853;pms5003;3628;6.559;3.386;2026-01-26T21:19:56.335312+00:00;P0;30.25
4854;DHT22;3628;6.559;3.386;2026-01-26T21:25:37.718501+00:00;humidity;82.60
4854;DHT22;3628;6.559;3.386;2026-01-26T21:25:37.718501+00:00;temperature;31.40
4853;pms5003;3628;6.559;3.386;2026-01-26T21:30:54.928358+00:00;P2;45.75
4853;pms5003;3628;6.559;3.386;2026-01-26T21:30:54.928358+00:00;P1;62.00
4853;pms5003;3628;6.559;3.386;2026-01-26T21:30:54.928358+00:00;P0;29.25
4854;DHT22;3628;6.559;3.386;2026-01-26T21:31:12.418852+00:00;humidity;82.80
4854;DHT22;3628;6.559;3.386;2026-01-26T21:31:12.418852+00:00;temperature;31.30
4854;DHT22;3628;6.559;3.386;2026-01-26T21:40:30.559779+00:00;humidity;82.50
4854;DHT22;3628;6.559;3.386;2026-01-26T21:40:30.559779+00:00;temperature;31.40
4853;pms5003;3628;6.559;3.386;2026-01-26T21:45:47.818510+00:00;P2;46.00
4853;pms5003;3628;6.559;3.386;2026-01-26T21:45:47.818510+00:00;P1;63.25
4853;pms5003;3628;6.559;3.386;2026-01-26T21:45:47.818510+00:00;P0;30.50
4854;DHT22;3628;6.559;3.386;2026-01-26T21:46:05.153605+00:00;humidity;82.90
4854;DHT22;3628;6.559;3.386;2026-01-26T21:46:05.153605+00:00;temperature;31.40
4853;pms5003;3628;6.559;3.386;2026-01-26T21:51:22.547543+00:00;P2;45.00
4853;pms5003;3628;6.559;3.386;2026-01-26T21:51:22.547543+00:00;P1;61.25
4853;pms5003;3628;6.559;3.386;2026-01-26T21:51:22.547543+00:00;P0;30.50
4854;DHT22;3628;6.559;3.386;2026-01-26T21:51:40.218441+00:00;humidity;82.70
4854;DHT22;3628;6.559;3.386;2026-01-26T21:51:40.218441+00:00;temperature;31.40
4853;pms5003;3628;6.559;3.386;2026-01-26T22:02:12.259914+00:00;P2;48.00
4853;pms5003;3628;6.559;3.386;2026-01-26T22:02:12.259914+00:00;P1;66.75
4853;pms5003;3628;6.559;3.386;2026-01-26T22:02:12.259914+00:00;P0;31.00
4854;DHT22;3628;6.559;3.386;2026-01-26T22:02:29.647681+00:00;humidity;83.80
4854;DHT22;3628;6.559;3.386;2026-01-26T22:02:29.647681+00:00;temperature;31.30
4853;pms5003;3628;6.559;3.386;2026-01-26T22:07:46.828534+00:00;P2;45.00
4853;pms5003;3628;6.559;3.386;2026-01-26T22:07:46.828534+00:00;P1;64.50
4853;pms5003;3628;6.559;3.386;2026-01-26T22:07:46.828534+00:00;P0;29.75
4853;pms5003;3628;6.559;3.386;2026-01-26T22:13:21.442424+00:00;P2;45.00
4853;pms5003;3628;6.559;3.386;2026-01-26T22:13:21.442424+00:00;P1;64.75
4853;pms5003;3628;6.559;3.386;2026-01-26T22:13:21.442424+00:00;P0;29.00
4854;DHT22;3628;6.559;3.386;2026-01-26T22:19:02.887095+00:00;humidity;84.60
4854;DHT22;3628;6.559;3.386;2026-01-26T22:19:02.887095+00:00;temperature;31.10
4853;pms5003;3628;6.559;3.386;2026-01-26T22:24:20.146781+00:00;P2;45.67
4853;pms5003;3628;6.559;3.386;2026-01-26T22:24:20.146781+00:00;P1;62.67
4853;pms5003;3628;6.559;3.386;2026-01-26T22:24:20.146781+00:00;P0;30.00
4854;DHT22;3628;6.559;3.386;2026-01-26T22:24:37.403536+00:00;humidity;84.70
4854;DHT22;3628;6.559;3.386;2026-01-26T22:24:37.403536+00:00;temperature;31.10
4853;pms5003;3628;6.559;3.386;2026-01-26T22:29:54.698516+00:00;P2;47.40
4853;pms5003;3628;6.559;3.386;2026-01-26T22:29:54.698516+00:00;P1;64.80
4853;pms5003;3628;6.559;3.386;2026-01-26T22:29:54.698516+00:00;P0;32.40
4853;pms5003;3628;6.559;3.386;2026-01-26T22:35:21.676250+00:00;P2;52.00
4853;pms5003;3628;6.559;3.386;2026-01-26T22:35:21.676250+00:00;P1;69.80
4853;pms5003;3628;6.559;3.386;2026-01-26T22:35:21.676250+00:00;P0;34.00
4854;DHT22;3628;6.559;3.386;2026-01-26T22:35:39.049452+00:00;humidity;85.20
4854;DHT22;3628;6.559;3.386;2026-01-26T22:35:39.049452+00:00;temperature;31.10
4854;DHT22;3628;6.559;3.386;2026-01-26T22:41:02.785931+00:00;humidity;85.60
4854;DHT22;3628;6.559;3.386;2026-01-26T22:41:02.785931+00:00;temperature;31.00
4853;pms5003;3628;6.559;3.386;2026-01-26T22:51:43.990907+00:00;P2;48.00
4853;pms5003;3628;6.559;3.386;2026-01-26T22:51:43.990907+00:00;P1;67.00
4853;pms5003;3628;6.559;3.386;2026-01-26T22:51:43.990907+00:00;P0;32.00
4854;DHT22;3628;6.559;3.386;2026-01-26T22:52:01.241941+00:00;humidity;85.40
4854;DHT22;3628;6.559;3.386;2026-01-26T22:52:01.241941+00:00;temperature;31.00
4853;pms5003;3628;6.559;3.386;2026-01-26T22:57:18.453251+00:00;P2;47.40
4853;pms5003;3628;6.559;3.386;2026-01-26T22:57:18.453251+00:00;P1;59.60
4853;pms5003;3628;6.559;3.386;2026-01-26T22:57:18.453251+00:00;P0;30.60
4854;DHT22;3628;6.559;3.386;2026-01-26T22:57:35.809588+00:00;humidity;85.20
4854;DHT22;3628;6.559;3.386;2026-01-26T22:57:35.809588+00:00;temperature;31.10
4854;DHT22;3628;6.559;3.386;2026-01-26T23:02:59.542633+00:00;humidity;85.70
4854;DHT22;3628;6.559;3.386;2026-01-26T23:02:59.542633+00:00;temperature;31.00
4853;pms5003;3628;6.559;3.386;2026-01-26T23:08:16.862603+00:00;P2;45.50
4853;pms5003;3628;6.559;3.386;2026-01-26T23:08:16.862603+00:00;P1;61.75
4853;pms5003;3628;6.559;3.386;2026-01-26T23:08:16.862603+00:00;P0;30.00
4854;DHT22;3628;6.559;3.386;2026-01-26T23:08:34.277717+00:00;humidity;85.70
4854;DHT22;3628;6.559;3.386;2026-01-26T23:08:34.277717+00:00;temperature;30.90
4853;pms5003;3628;6.559;3.386;2026-01-26T23:13:51.458735+00:00;P2;49.50
4853;pms5003;3628;6.559;3.386;2026-01-26T23:13:51.458735+00:00;P1;67.50
4853;pms5003;3628;6.559;3.386;2026-01-26T23:13:51.458735+00:00;P0;31.50
4853;pms5003;3628;6.559;3.386;2026-01-26T23:19:16.005113+00:00;P2;47.75
4853;pms5003;3628;6.559;3.386;2026-01-26T23:19:16.005113+00:00;P1;66.00
4853;pms5003;3628;6.559;3.386;2026-01-26T23:19:16.005113+00:00;P0;30.75
4854;DHT22;3628;6.559;3.386;2026-01-26T23:19:33.000851+00:00;humidity;85.90
4854;DHT22;3628;6.559;3.386;2026-01-26T23:19:33.000851+00:00;temperature;30.90
4854;DHT22;3628;6.559;3.386;2026-01-26T23:25:07.476169+00:00;humidity;85.40
4854;DHT22;3628;6.559;3.386;2026-01-26T23:25:07.476169+00:00;temperature;31.00
4854;DHT22;3628;6.559;3.386;2026-01-26T23:30:31.229620+00:00;humidity;85.50
4854;DHT22;3628;6.559;3.386;2026-01-26T23:30:31.229620+00:00;temperature;30.90
4853;pms5003;3628;6.559;3.386;2026-01-26T23:35:48.431444+00:00;P2;46.75
4853;pms5003;3628;6.559;3.386;2026-01-26T23:35:48.431444+00:00;P1;64.75
4853;pms5003;3628;6.559;3.386;2026-01-26T23:35:48.431444+00:00;P0;31.00
4854;DHT22;3628;6.559;3.386;2026-01-26T23:36:06.098304+00:00;humidity;85.60
4854;DHT22;3628;6.559;3.386;2026-01-26T23:36:06.098304+00:00;temperature;30.80
4853;pms5003;3628;6.559;3.386;2026-01-26T23:41:22.835752+00:00;P2;46.75
4853;pms5003;3628;6.559;3.386;2026-01-26T23:41:22.835752+00:00;P1;63.50
4853;pms5003;3628;6.559;3.386;2026-01-26T23:41:22.835752+00:00;P0;31.50
4854;DHT22;3628;6.559;3.386;2026-01-26T23:41:40.349279+00:00;humidity;85.50
4854;DHT22;3628;6.559;3.386;2026-01-26T23:41:40.349279+00:00;temperature;30.90
4853;pms5003;3628;6.559;3.386;2026-01-26T23:46:57.507834+00:00;P2;46.00
4853;pms5003;3628;6.559;3.386;2026-01-26T23:46:57.507834+00:00;P1;62.00
4853;pms5003;3628;6.559;3.386;2026-01-26T23:46:57.507834+00:00;P0;30.00
4854;DHT22;3628;6.559;3.386;2026-01-26T23:47:14.922219+00:00;humidity;85.70
4854;DHT22;3628;6.559;3.386;2026-01-26T23:47:14.922219+00:00;temperature;30.80
4853;pms5003;3628;6.559;3.386;2026-01-26T23:52:32.102832+00:00;P2;45.00
4853;pms5003;3628;6.559;3.386;2026-01-26T23:52:32.102832+00:00;P1;59.33
4853;pms5003;3628;6.559;3.386;2026-01-26T23:52:32.102832+00:00;P0;29.33
4853;pms5003;3628;6.559;3.386;2026-01-26T23:57:55.900233+00:00;P2;60.50
4853;pms5003;3628;6.559;3.386;2026-01-26T23:57:55.900233+00:00;P1;77.75
4853;pms5003;3628;6.559;3.386;2026-01-26T23:57:55.900233+00:00;P0;38.50
4854;DHT22;3628;6.559;3.386;2026-01-26T23:58:13.244344+00:00;humidity;86.10
4854;DHT22;3628;6.559;3.386;2026-01-26T23:58:13.244344+00:00;temperature;30.80
4853;pms5003;3628;6.559;3.386;2026-01-27T00:03:30.467054+00:00;P2;61.20
4853;pms5003;3628;6.559;3.386;2026-01-27T00:03:30.467054+00:00;P1;77.80
4853;pms5003;3628;6.559;3.386;2026-01-27T00:03:30.467054+00:00;P0;37.00
4854;DHT22;3628;6.559;3.386;2026-01-27T00:03:47.758771+00:00;humidity;86.50
4854;DHT22;3628;6.559;3.386;2026-01-27T00:03:47.758771+00:00;temperature;30.70
4853;pms5003;3628;6.559;3.386;2026-01-27T00:09:04.977397+00:00;P2;57.00
4853;pms5003;3628;6.559;3.386;2026-01-27T00:09:04.977397+00:00;P1;75.00
4853;pms5003;3628;6.559;3.386;2026-01-27T00:09:04.977397+00:00;P0;35.50
4854;DHT22;3628;6.559;3.386;2026-01-27T00:09:22.331598+00:00;humidity;86.80
4854;DHT22;3628;6.559;3.386;2026-01-27T00:09:22.331598+00:00;temperature;30.70
4853;pms5003;3628;6.559;3.386;2026-01-27T00:14:39.638662+00:00;P2;53.00
4853;pms5003;3628;6.559;3.386;2026-01-27T00:14:39.638662+00:00;P1;72.75
4853;pms5003;3628;6.559;3.386;2026-01-27T00:14:39.638662+00:00;P0;34.50
4854;DHT22;3628;6.559;3.386;2026-01-27T00:20:09.922673+00:00;humidity;86.80
4854;DHT22;3628;6.559;3.386;2026-01-27T00:20:09.922673+00:00;temperature;30.70
4854;DHT22;3628;6.559;3.386;2026-01-27T00:25:33.671103+00:00;humidity;87.40
4854;DHT22;3628;6.559;3.386;2026-01-27T00:25:33.671103+00:00;temperature;30.70
4854;DHT22;3628;6.559;3.386;2026-01-27T00:31:08.221183+00:00;humidity;87.60
4854;DHT22;3628;6.559;3.386;2026-01-27T00:31:08.221183+00:00;temperature;30.60
4853;pms5003;3628;6.559;3.386;2026-01-27T00:36:25.381455+00:00;P2;46.40
4853;pms5003;3628;6.559;3.386;2026-01-27T00:36:25.381455+00:00;P1;62.60
4853;pms5003;3628;6.559;3.386;2026-01-27T00:36:25.381455+00:00;P0;30.00
4854;DHT22;3628;6.559;3.386;2026-01-27T00:36:42.718958+00:00;humidity;87.70
4854;DHT22;3628;6.559;3.386;2026-01-27T00:36:42.718958+00:00;temperature;30.60
4853;pms5003;3628;6.559;3.386;2026-01-27T00:42:00.126665+00:00;P2;46.50
4853;pms5003;3628;6.559;3.386;2026-01-27T00:42:00.126665+00:00;P1;63.00
4853;pms5003;3628;6.559;3.386;2026-01-27T00:42:00.126665+00:00;P0;29.00
4854;DHT22;3628;6.559;3.386;2026-01-27T00:42:17.452712+00:00;humidity;88.20
4854;DHT22;3628;6.559;3.386;2026-01-27T00:42:17.452712+00:00;temperature;30.50
4854;DHT22;3628;6.559;3.386;2026-01-27T01:24:17.280677+00:00;humidity;87.50
4854;DHT22;3628;6.559;3.386;2026-01-27T01:24:17.280677+00:00;temperature;30.60
4854;DHT22;3628;6.559;3.386;2026-01-27T01:29:41.330195+00:00;humidity;87.30
4854;DHT22;3628;6.559;3.386;2026-01-27T01:29:41.330195+00:00;temperature;30.70
4853;pms5003;3628;6.559;3.386;2026-01-27T01:34:58.512871+00:00;P2;52.25
4853;pms5003;3628;6.559;3.386;2026-01-27T01:34:58.512871+00:00;P1;71.25
4853;pms5003;3628;6.559;3.386;2026-01-27T01:34:58.512871+00:00;P0;33.50
4854;DHT22;3628;6.559;3.386;2026-01-27T01:35:15.892972+00:00;humidity;87.10
4854;DHT22;3628;6.559;3.386;2026-01-27T01:35:15.892972+00:00;temperature;30.70
4853;pms5003;3628;6.559;3.386;2026-01-27T01:40:33.084337+00:00;P2;54.33
4853;pms5003;3628;6.559;3.386;2026-01-27T01:40:33.084337+00:00;P1;71.00
4853;pms5003;3628;6.559;3.386;2026-01-27T01:40:33.084337+00:00;P0;36.00
4854;DHT22;3628;6.559;3.386;2026-01-27T01:46:14.662967+00:00;humidity;87.40
4854;DHT22;3628;6.559;3.386;2026-01-27T01:46:14.662967+00:00;temperature;30.60
4854;DHT22;3628;6.559;3.386;2026-01-27T01:51:49.201782+00:00;humidity;87.60
4854;DHT22;3628;6.559;3.386;2026-01-27T01:51:49.201782+00:00;temperature;30.50
4853;pms5003;3628;6.559;3.386;2026-01-27T01:57:06.380483+00:00;P2;53.75
4853;pms5003;3628;6.559;3.386;2026-01-27T01:57:06.380483+00:00;P1;71.75
4853;pms5003;3628;6.559;3.386;2026-01-27T01:57:06.380483+00:00;P0;35.75
4853;pms5003;3628;6.559;3.386;2026-01-27T02:02:33.225198+00:00;P2;55.80
4853;pms5003;3628;6.559;3.386;2026-01-27T02:02:33.225198+00:00;P1;73.80
4853;pms5003;3628;6.559;3.386;2026-01-27T02:02:33.225198+00:00;P0;35.80
4853;pms5003;3628;6.559;3.386;2026-01-27T02:08:07.737919+00:00;P2;54.00
4853;pms5003;3628;6.559;3.386;2026-01-27T02:08:07.737919+00:00;P1;70.00
4853;pms5003;3628;6.559;3.386;2026-01-27T02:08:07.737919+00:00;P0;34.50
4854;DHT22;3628;6.559;3.386;2026-01-27T02:08:25.150762+00:00;humidity;87.60
4854;DHT22;3628;6.559;3.386;2026-01-27T02:08:25.150762+00:00;temperature;30.50
4853;pms5003;3628;6.559;3.386;2026-01-27T02:13:42.318320+00:00;P2;51.00
4853;pms5003;3628;6.559;3.386;2026-01-27T02:13:42.318320+00:00;P1;73.33
4853;pms5003;3628;6.559;3.386;2026-01-27T02:13:42.318320+00:00;P0;34.00
4854;DHT22;3628;6.559;3.386;2026-01-27T02:19:23.608528+00:00;humidity;88.10
4854;DHT22;3628;6.559;3.386;2026-01-27T02:19:23.608528+00:00;temperature;30.40
4853;pms5003;3628;6.559;3.386;2026-01-27T02:24:41.077778+00:00;P2;56.75
4853;pms5003;3628;6.559;3.386;2026-01-27T02:24:41.077778+00:00;P1;73.00
4853;pms5003;3628;6.559;3.386;2026-01-27T02:24:41.077778+00:00;P0;36.75
4854;DHT22;3628;6.559;3.386;2026-01-27T02:24:58.325108+00:00;humidity;88.20
4854;DHT22;3628;6.559;3.386;2026-01-27T02:24:58.325108+00:00;temperature;30.30
4854;DHT22;3628;6.559;3.386;2026-01-27T02:30:22.123147+00:00;humidity;88.60
4854;DHT22;3628;6.559;3.386;2026-01-27T02:30:22.123147+00:00;temperature;30.20
4853;pms5003;3628;6.559;3.386;2026-01-27T02:35:39.327569+00:00;P2;57.50
4853;pms5003;3628;6.559;3.386;2026-01-27T02:35:39.327569+00:00;P1;73.75
4853;pms5003;3628;6.559;3.386;2026-01-27T02:35:39.327569+00:00;P0;37.50
4854;DHT22;3628;6.559;3.386;2026-01-27T02:41:20.887771+00:00;humidity;88.00
4854;DHT22;3628;6.559;3.386;2026-01-27T02:41:20.887771+00:00;temperature;30.40
4853;pms5003;3628;6.559;3.386;2026-01-27T02:46:38.095435+00:00;P2;55.50
4853;pms5003;3628;6.559;3.386;2026-01-27T02:46:38.095435+00:00;P1;72.50
4853;pms5003;3628;6.559;3.386;2026-01-27T02:46:38.095435+00:00;P0;36.50
4854;DHT22;3628;6.559;3.386;2026-01-27T02:46:55.584009+00:00;humidity;88.00
4854;DHT22;3628;6.559;3.386;2026-01-27T02:46:55.584009+00:00;temperature;30.40
4853;pms5003;3628;6.559;3.386;2026-01-27T02:57:36.081149+00:00;P2;57.75
4853;pms5003;3628;6.559;3.386;2026-01-27T02:57:36.081149+00:00;P1;77.00
4853;pms5003;3628;6.559;3.386;2026-01-27T02:57:36.081149+00:00;P0;35.50
4854;DHT22;3628;6.559;3.386;2026-01-27T02:57:53.425626+00:00;humidity;87.60
4854;DHT22;3628;6.559;3.386;2026-01-27T02:57:53.425626+00:00;temperature;30.50
4853;pms5003;3628;6.559;3.386;2026-01-27T03:03:10.616481+00:00;P2;69.00
4853;pms5003;3628;6.559;3.386;2026-01-27T03:03:10.616481+00:00;P1;85.00
4853;pms5003;3628;6.559;3.386;2026-01-27T03:03:10.616481+00:00;P0;42.00
4854;DHT22;3628;6.559;3.386;2026-01-27T03:03:27.954924+00:00;humidity;88.10
4854;DHT22;3628;6.559;3.386;2026-01-27T03:03:27.954924+00:00;temperature;30.40
4853;pms5003;3628;6.559;3.386;2026-01-27T03:08:45.156591+00:00;P2;95.25
4853;pms5003;3628;6.559;3.386;2026-01-27T03:08:45.156591+00:00;P1;112.00
4853;pms5003;3628;6.559;3.386;2026-01-27T03:08:45.156591+00:00;P0;58.00
4854;DHT22;3628;6.559;3.386;2026-01-27T03:09:02.501581+00:00;humidity;87.60
4854;DHT22;3628;6.559;3.386;2026-01-27T03:09:02.501581+00:00;temperature;30.50
4854;DHT22;3628;6.559;3.386;2026-01-27T03:14:26.511062+00:00;humidity;88.00
4854;DHT22;3628;6.559;3.386;2026-01-27T03:14:26.511062+00:00;temperature;30.40
4853;pms5003;3628;6.559;3.386;2026-01-27T03:19:43.746734+00:00;P2;85.50
4853;pms5003;3628;6.559;3.386;2026-01-27T03:19:43.746734+00:00;P1;107.25
4853;pms5003;3628;6.559;3.386;2026-01-27T03:19:43.746734+00:00;P0;57.00
4854;DHT22;3628;6.559;3.386;2026-01-27T03:20:01.257862+00:00;humidity;87.90
4854;DHT22;3628;6.559;3.386;2026-01-27T03:20:01.257862+00:00;temperature;30.40
4853;pms5003;3628;6.559;3.386;2026-01-27T03:30:32.003617+00:00;P2;69.00
4853;pms5003;3628;6.559;3.386;2026-01-27T03:30:32.003617+00:00;P1;78.50
4853;pms5003;3628;6.559;3.386;2026-01-27T03:30:32.003617+00:00;P0;44.25
4854;DHT22;3628;6.559;3.386;2026-01-27T03:36:05.833386+00:00;humidity;88.80
4854;DHT22;3628;6.559;3.386;2026-01-27T03:36:05.833386+00:00;temperature;30.10
4853;pms5003;3628;6.559;3.386;2026-01-27T03:41:23.033642+00:00;P2;105.00
4853;pms5003;3628;6.559;3.386;2026-01-27T03:41:23.033642+00:00;P1;115.25
4853;pms5003;3628;6.559;3.386;2026-01-27T03:41:23.033642+00:00;P0;67.75
4854;DHT22;3628;6.559;3.386;2026-01-27T03:41:40.421664+00:00;humidity;88.50
4854;DHT22;3628;6.559;3.386;2026-01-27T03:41:40.421664+00:00;temperature;30.10
4854;DHT22;3628;6.559;3.386;2026-01-27T03:47:14.974817+00:00;humidity;88.20
4854;DHT22;3628;6.559;3.386;2026-01-27T03:47:14.974817+00:00;temperature;29.50
4853;pms5003;3628;6.559;3.386;2026-01-27T03:57:45.783793+00:00;P2;109.75
4853;pms5003;3628;6.559;3.386;2026-01-27T03:57:45.783793+00:00;P1;133.50
4853;pms5003;3628;6.559;3.386;2026-01-27T03:57:45.783793+00:00;P0;71.00
4853;pms5003;3628;6.559;3.386;2026-01-27T04:03:20.476986+00:00;P2;128.80
4853;pms5003;3628;6.559;3.386;2026-01-27T04:03:20.476986+00:00;P1;151.20
4853;pms5003;3628;6.559;3.386;2026-01-27T04:03:20.476986+00:00;P0;82.20
4853;pms5003;3628;6.559;3.386;2026-01-27T04:08:54.707842+00:00;P2;127.25
4853;pms5003;3628;6.559;3.386;2026-01-27T04:08:54.707842+00:00;P1;151.00
4853;pms5003;3628;6.559;3.386;2026-01-27T04:08:54.707842+00:00;P0;75.25
4853;pms5003;3628;6.559;3.386;2026-01-27T04:14:21.458256+00:00;P2;121.25
4853;pms5003;3628;6.559;3.386;2026-01-27T04:14:21.458256+00:00;P1;143.00
4853;pms5003;3628;6.559;3.386;2026-01-27T04:14:21.458256+00:00;P0;74.75
4854;DHT22;3628;6.559;3.386;2026-01-27T04:14:38.818196+00:00;humidity;89.70
4854;DHT22;3628;6.559;3.386;2026-01-27T04:14:38.818196+00:00;temperature;28.70
4853;pms5003;3628;6.559;3.386;2026-01-27T04:19:56.022266+00:00;P2;117.25
4853;pms5003;3628;6.559;3.386;2026-01-27T04:19:56.022266+00:00;P1;131.25
4853;pms5003;3628;6.559;3.386;2026-01-27T04:19:56.022266+00:00;P0;70.25
4854;DHT22;3628;6.559;3.386;2026-01-27T04:20:13.408477+00:00;humidity;90.10
4854;DHT22;3628;6.559;3.386;2026-01-27T04:20:13.408477+00:00;temperature;28.60
4853;pms5003;3628;6.559;3.386;2026-01-27T04:25:33.497635+00:00;P2;114.50
4853;pms5003;3628;6.559;3.386;2026-01-27T04:25:33.497635+00:00;P1;128.00
4853;pms5003;3628;6.559;3.386;2026-01-27T04:25:33.497635+00:00;P0;71.75
4853;pms5003;3628;6.559;3.386;2026-01-27T04:30:57.407795+00:00;P2;104.50
4853;pms5003;3628;6.559;3.386;2026-01-27T04:30:57.407795+00:00;P1;119.00
4853;pms5003;3628;6.559;3.386;2026-01-27T04:30:57.407795+00:00;P0;64.50
4854;DHT22;3628;6.559;3.386;2026-01-27T04:31:14.803114+00:00;humidity;90.40
4854;DHT22;3628;6.559;3.386;2026-01-27T04:31:14.803114+00:00;temperature;28.60
4853;pms5003;3628;6.559;3.386;2026-01-27T04:36:32.007093+00:00;P2;101.50
4853;pms5003;3628;6.559;3.386;2026-01-27T04:36:32.007093+00:00;P1;117.25
4853;pms5003;3628;6.559;3.386;2026-01-27T04:36:32.007093+00:00;P0;64.50
4854;DHT22;3628;6.559;3.386;2026-01-27T04:36:49.502404+00:00;humidity;90.60
4854;DHT22;3628;6.559;3.386;2026-01-27T04:36:49.502404+00:00;temperature;28.60
4853;pms5003;3628;6.559;3.386;2026-01-27T04:42:06.751527+00:00;P2;101.00
4853;pms5003;3628;6.559;3.386;2026-01-27T04:42:06.751527+00:00;P1;113.33
4853;pms5003;3628;6.559;3.386;2026-01-27T04:42:06.751527+00:00;P0;62.00
4854;DHT22;3628;6.559;3.386;2026-01-27T04:42:24.202463+00:00;humidity;90.70
4854;DHT22;3628;6.559;3.386;2026-01-27T04:42:24.202463+00:00;temperature;28.60
4853;pms5003;3628;6.559;3.386;2026-01-27T06:03:48.688704+00:00;P2;87.25
4853;pms5003;3628;6.559;3.386;2026-01-27T06:03:48.688704+00:00;P1;103.75
4853;pms5003;3628;6.559;3.386;2026-01-27T06:03:48.688704+00:00;P0;56.00
4854;DHT22;3628;6.559;3.386;2026-01-27T06:04:06.035630+00:00;humidity;97.50
4854;DHT22;3628;6.559;3.386;2026-01-27T06:04:06.035630+00:00;temperature;28.30
4853;pms5003;3628;6.559;3.386;2026-01-27T06:09:23.238633+00:00;P2;88.00
4853;pms5003;3628;6.559;3.386;2026-01-27T06:09:23.238633+00:00;P1;99.25
4853;pms5003;3628;6.559;3.386;2026-01-27T06:09:23.238633+00:00;P0;57.75
4854;DHT22;3628;6.559;3.386;2026-01-27T06:09:40.587128+00:00;humidity;93.10
4854;DHT22;3628;6.559;3.386;2026-01-27T06:09:40.587128+00:00;temperature;29.10
4854;DHT22;3628;6.559;3.386;2026-01-27T09:49:13.813295+00:00;humidity;68.20
4854;DHT22;3628;6.559;3.386;2026-01-27T09:49:13.813295+00:00;temperature;36.30
4853;pms5003;3628;6.559;3.386;2026-01-27T09:58:16.792778+00:00;P2;46.00
4853;pms5003;3628;6.559;3.386;2026-01-27T09:58:16.792778+00:00;P1;61.25
4853;pms5003;3628;6.559;3.386;2026-01-27T09:58:16.792778+00:00;P0;31.25
4854;DHT22;3628;6.559;3.386;2026-01-27T09:58:34.234555+00:00;humidity;63.00
4854;DHT22;3628;6.559;3.386;2026-01-27T09:58:34.234555+00:00;temperature;37.80
4853;pms5003;3628;6.559;3.386;2026-01-27T10:15:31.359198+00:00;P2;47.80
4853;pms5003;3628;6.559;3.386;2026-01-27T10:15:31.359198+00:00;P1;64.40
4853;pms5003;3628;6.559;3.386;2026-01-27T10:15:31.359198+00:00;P0;32.00
4853;pms5003;3628;6.559;3.386;2026-01-27T10:21:06.027581+00:00;P2;48.00
4853;pms5003;3628;6.559;3.386;2026-01-27T10:21:06.027581+00:00;P1;60.20
4853;pms5003;3628;6.559;3.386;2026-01-27T10:21:06.027581+00:00;P0;32.00
4853;pms5003;3628;6.559;3.386;2026-01-27T10:26:40.660139+00:00;P2;46.25
4853;pms5003;3628;6.559;3.386;2026-01-27T10:26:40.660139+00:00;P1;60.25
4853;pms5003;3628;6.559;3.386;2026-01-27T10:26:40.660139+00:00;P0;31.25
4853;pms5003;3628;6.559;3.386;2026-01-27T10:32:49.224715+00:00;P2;47.33
4853;pms5003;3628;6.559;3.386;2026-01-27T10:32:49.224715+00:00;P1;62.33
4853;pms5003;3628;6.559;3.386;2026-01-27T10:32:49.224715+00:00;P0;32.00
4854;DHT22;3628;6.559;3.386;2026-01-27T10:39:15.686642+00:00;humidity;58.90
4854;DHT22;3628;6.559;3.386;2026-01-27T10:39:15.686642+00:00;temperature;38.20
4854;DHT22;3628;6.559;3.386;2026-01-27T10:43:10.048533+00:00;humidity;59.90
4854;DHT22;3628;6.559;3.386;2026-01-27T10:43:10.048533+00:00;temperature;38.10
4853;pms5003;3628;6.559;3.386;2026-01-27T10:48:27.239726+00:00;P2;47.00
4853;pms5003;3628;6.559;3.386;2026-01-27T10:48:27.239726+00:00;P1;62.25
4853;pms5003;3628;6.559;3.386;2026-01-27T10:48:27.239726+00:00;P0;31.00
4854;DHT22;3628;6.559;3.386;2026-01-27T10:48:44.645168+00:00;humidity;59.20
4854;DHT22;3628;6.559;3.386;2026-01-27T10:48:44.645168+00:00;temperature;38.10
4853;pms5003;3628;6.559;3.386;2026-01-27T10:54:19.141823+00:00;P2;51.25
4853;pms5003;3628;6.559;3.386;2026-01-27T10:54:19.141823+00:00;P1;70.75
4853;pms5003;3628;6.559;3.386;2026-01-27T10:54:19.141823+00:00;P0;35.00
4853;pms5003;3628;6.559;3.386;2026-01-27T11:09:42.163314+00:00;P2;52.00
4853;pms5003;3628;6.559;3.386;2026-01-27T11:09:42.163314+00:00;P1;70.00
4853;pms5003;3628;6.559;3.386;2026-01-27T11:09:42.163314+00:00;P0;35.00
4853;pms5003;3628;6.559;3.386;2026-01-27T11:20:57.533886+00:00;P2;52.33
4853;pms5003;3628;6.559;3.386;2026-01-27T11:20:57.533886+00:00;P1;68.67
4853;pms5003;3628;6.559;3.386;2026-01-27T11:20:57.533886+00:00;P0;37.00
4854;DHT22;3628;6.559;3.386;2026-01-27T11:21:14.904221+00:00;humidity;60.10
4854;DHT22;3628;6.559;3.386;2026-01-27T11:21:14.904221+00:00;temperature;37.60
4854;DHT22;3628;6.559;3.386;2026-01-27T11:26:49.498261+00:00;humidity;58.50
4854;DHT22;3628;6.559;3.386;2026-01-27T11:26:49.498261+00:00;temperature;38.10
4853;pms5003;3628;6.559;3.386;2026-01-27T11:33:42.088548+00:00;P2;58.00
4853;pms5003;3628;6.559;3.386;2026-01-27T11:33:42.088548+00:00;P1;72.25
4853;pms5003;3628;6.559;3.386;2026-01-27T11:33:42.088548+00:00;P0;38.00
4853;pms5003;3628;6.559;3.386;2026-01-27T11:37:30.896072+00:00;P2;56.60
4853;pms5003;3628;6.559;3.386;2026-01-27T11:37:30.896072+00:00;P1;73.20
4853;pms5003;3628;6.559;3.386;2026-01-27T11:37:30.896072+00:00;P0;36.80
4854;DHT22;3628;6.559;3.386;2026-01-27T11:37:48.272280+00:00;humidity;56.30
4854;DHT22;3628;6.559;3.386;2026-01-27T11:37:48.272280+00:00;temperature;39.70
4854;DHT22;3628;6.559;3.386;2026-01-27T11:43:12.459029+00:00;humidity;54.90
4854;DHT22;3628;6.559;3.386;2026-01-27T11:43:12.459029+00:00;temperature;40.40
4853;pms5003;3628;6.559;3.386;2026-01-27T11:53:35.682994+00:00;P2;61.00
4853;pms5003;3628;6.559;3.386;2026-01-27T11:53:35.682994+00:00;P1;78.00
4853;pms5003;3628;6.559;3.386;2026-01-27T11:53:35.682994+00:00;P0;40.75
4854;DHT22;3628;6.559;3.386;2026-01-27T11:53:53.023130+00:00;humidity;56.90
4854;DHT22;3628;6.559;3.386;2026-01-27T11:53:53.023130+00:00;temperature;39.20
4853;pms5003;3628;6.559;3.386;2026-01-27T12:02:53.621347+00:00;P2;59.50
4853;pms5003;3628;6.559;3.386;2026-01-27T12:02:53.621347+00:00;P1;75.25
4853;pms5003;3628;6.559;3.386;2026-01-27T12:02:53.621347+00:00;P0;40.25
4854;DHT22;3628;6.559;3.386;2026-01-27T12:03:11.083681+00:00;humidity;58.60
4854;DHT22;3628;6.559;3.386;2026-01-27T12:03:11.083681+00:00;temperature;38.10
4853;pms5003;3628;6.559;3.386;2026-01-27T12:22:32.682762+00:00;P2;54.00
4853;pms5003;3628;6.559;3.386;2026-01-27T12:22:32.682762+00:00;P1;72.80
4853;pms5003;3628;6.559;3.386;2026-01-27T12:22:32.682762+00:00;P0;35.80
4853;pms5003;3628;6.559;3.386;2026-01-27T12:27:56.951401+00:00;P2;53.00
4853;pms5003;3628;6.559;3.386;2026-01-27T12:27:56.951401+00:00;P1;70.00
4853;pms5003;3628;6.559;3.386;2026-01-27T12:27:56.951401+00:00;P0;35.00
4854;DHT22;3628;6.559;3.386;2026-01-27T12:28:14.224736+00:00;humidity;59.40
4854;DHT22;3628;6.559;3.386;2026-01-27T12:28:14.224736+00:00;temperature;37.70
4854;DHT22;3628;6.559;3.386;2026-01-27T12:33:40.826519+00:00;humidity;56.50
4854;DHT22;3628;6.559;3.386;2026-01-27T12:33:40.826519+00:00;temperature;39.50
4853;pms5003;3628;6.559;3.386;2026-01-27T12:38:58.121762+00:00;P2;51.00
4853;pms5003;3628;6.559;3.386;2026-01-27T12:38:58.121762+00:00;P1;67.50
4853;pms5003;3628;6.559;3.386;2026-01-27T12:38:58.121762+00:00;P0;35.00
4854;DHT22;3628;6.559;3.386;2026-01-27T12:39:15.401497+00:00;humidity;54.90
4854;DHT22;3628;6.559;3.386;2026-01-27T12:39:15.401497+00:00;temperature;40.00
4853;pms5003;3628;6.559;3.386;2026-01-27T12:49:56.555420+00:00;P2;51.00
4853;pms5003;3628;6.559;3.386;2026-01-27T12:49:56.555420+00:00;P1;70.00
4853;pms5003;3628;6.559;3.386;2026-01-27T12:49:56.555420+00:00;P0;33.75
4854;DHT22;3628;6.559;3.386;2026-01-27T12:50:14.023580+00:00;humidity;54.50
4854;DHT22;3628;6.559;3.386;2026-01-27T12:50:14.023580+00:00;temperature;40.00
4853;pms5003;3628;6.559;3.386;2026-01-27T12:55:31.159529+00:00;P2;48.00
4853;pms5003;3628;6.559;3.386;2026-01-27T12:55:31.159529+00:00;P1;67.00
4853;pms5003;3628;6.559;3.386;2026-01-27T12:55:31.159529+00:00;P0;33.50
4853;pms5003;3628;6.559;3.386;2026-01-27T13:01:05.738041+00:00;P2;48.40
4853;pms5003;3628;6.559;3.386;2026-01-27T13:01:05.738041+00:00;P1;62.60
4853;pms5003;3628;6.559;3.386;2026-01-27T13:01:05.738041+00:00;P0;31.40
4853;pms5003;3628;6.559;3.386;2026-01-27T13:06:29.542909+00:00;P2;47.00
4853;pms5003;3628;6.559;3.386;2026-01-27T13:06:29.542909+00:00;P1;68.50
4853;pms5003;3628;6.559;3.386;2026-01-27T13:06:29.542909+00:00;P0;32.00
4854;DHT22;3628;6.559;3.386;2026-01-27T13:06:46.904808+00:00;humidity;54.90
4854;DHT22;3628;6.559;3.386;2026-01-27T13:06:46.904808+00:00;temperature;39.60
4853;pms5003;3628;6.559;3.386;2026-01-27T13:12:04.074277+00:00;P2;45.60
4853;pms5003;3628;6.559;3.386;2026-01-27T13:12:04.074277+00:00;P1;61.60
4853;pms5003;3628;6.559;3.386;2026-01-27T13:12:04.074277+00:00;P0;30.00
4853;pms5003;3628;6.559;3.386;2026-01-27T13:17:38.620489+00:00;P2;46.75
4853;pms5003;3628;6.559;3.386;2026-01-27T13:17:38.620489+00:00;P1;63.25
4853;pms5003;3628;6.559;3.386;2026-01-27T13:17:38.620489+00:00;P0;31.75
4853;pms5003;3628;6.559;3.386;2026-01-27T13:23:31.429852+00:00;P2;43.00
4853;pms5003;3628;6.559;3.386;2026-01-27T13:23:31.429852+00:00;P1;61.80
4853;pms5003;3628;6.559;3.386;2026-01-27T13:23:31.429852+00:00;P0;29.80
4854;DHT22;3628;6.559;3.386;2026-01-27T13:28:33.703450+00:00;humidity;54.30
4854;DHT22;3628;6.559;3.386;2026-01-27T13:28:33.703450+00:00;temperature;39.70
4853;pms5003;3628;6.559;3.386;2026-01-27T13:33:50.879560+00:00;P2;45.67
4853;pms5003;3628;6.559;3.386;2026-01-27T13:33:50.879560+00:00;P1;58.33
4853;pms5003;3628;6.559;3.386;2026-01-27T13:33:50.879560+00:00;P0;31.33
4854;DHT22;3628;6.559;3.386;2026-01-27T13:34:08.201539+00:00;humidity;54.60
4854;DHT22;3628;6.559;3.386;2026-01-27T13:34:08.201539+00:00;temperature;39.60
4853;pms5003;3628;6.559;3.386;2026-01-27T13:39:50.108565+00:00;P2;45.33
4853;pms5003;3628;6.559;3.386;2026-01-27T13:39:50.108565+00:00;P1;62.00
4853;pms5003;3628;6.559;3.386;2026-01-27T13:39:50.108565+00:00;P0;31.00
4853;pms5003;3628;6.559;3.386;2026-01-27T13:44:49.784917+00:00;P2;47.67
4853;pms5003;3628;6.559;3.386;2026-01-27T13:44:49.784917+00:00;P1;65.67
4853;pms5003;3628;6.559;3.386;2026-01-27T13:44:49.784917+00:00;P0;32.67
4853;pms5003;3628;6.559;3.386;2026-01-27T13:50:24.317561+00:00;P2;44.00
4853;pms5003;3628;6.559;3.386;2026-01-27T13:50:24.317561+00:00;P1;60.25
4853;pms5003;3628;6.559;3.386;2026-01-27T13:50:24.317561+00:00;P0;30.75
4854;DHT22;3628;6.559;3.386;2026-01-27T13:50:41.680737+00:00;humidity;54.70
4854;DHT22;3628;6.559;3.386;2026-01-27T13:50:41.680737+00:00;temperature;38.80
4854;DHT22;3628;6.559;3.386;2026-01-27T13:56:16.226837+00:00;humidity;54.90
4854;DHT22;3628;6.559;3.386;2026-01-27T13:56:16.226837+00:00;temperature;38.80
4853;pms5003;3628;6.559;3.386;2026-01-27T14:02:46.289716+00:00;P2;47.25
4853;pms5003;3628;6.559;3.386;2026-01-27T14:02:46.289716+00:00;P1;57.50
4853;pms5003;3628;6.559;3.386;2026-01-27T14:02:46.289716+00:00;P0;32.25
4853;pms5003;3628;6.559;3.386;2026-01-27T14:06:57.743709+00:00;P2;46.75
4853;pms5003;3628;6.559;3.386;2026-01-27T14:06:57.743709+00:00;P1;63.50
4853;pms5003;3628;6.559;3.386;2026-01-27T14:06:57.743709+00:00;P0;31.25
4854;DHT22;3628;6.559;3.386;2026-01-27T14:07:15.114865+00:00;humidity;54.80
4854;DHT22;3628;6.559;3.386;2026-01-27T14:07:15.114865+00:00;temperature;39.00
4853;pms5003;3628;6.559;3.386;2026-01-27T14:12:32.284951+00:00;P2;44.00
4853;pms5003;3628;6.559;3.386;2026-01-27T14:12:32.284951+00:00;P1;62.00
4853;pms5003;3628;6.559;3.386;2026-01-27T14:12:32.284951+00:00;P0;28.33
4854;DHT22;3628;6.559;3.386;2026-01-27T14:12:49.650620+00:00;humidity;55.10
4854;DHT22;3628;6.559;3.386;2026-01-27T14:12:49.650620+00:00;temperature;38.70
4853;pms5003;3628;6.559;3.386;2026-01-27T14:23:20.262197+00:00;P2;45.50
4853;pms5003;3628;6.559;3.386;2026-01-27T14:23:20.262197+00:00;P1;61.50
4853;pms5003;3628;6.559;3.386;2026-01-27T14:23:20.262197+00:00;P0;30.25
4854;DHT22;3628;6.559;3.386;2026-01-27T14:23:37.627266+00:00;humidity;53.30
4854;DHT22;3628;6.559;3.386;2026-01-27T14:23:37.627266+00:00;temperature;39.60
4853;pms5003;3628;6.559;3.386;2026-01-27T14:28:54.801955+00:00;P2;44.00
4853;pms5003;3628;6.559;3.386;2026-01-27T14:28:54.801955+00:00;P1;57.50
4853;pms5003;3628;6.559;3.386;2026-01-27T14:28:54.801955+00:00;P0;29.50
4854;DHT22;3628;6.559;3.386;2026-01-27T14:29:12.105129+00:00;humidity;53.70
4854;DHT22;3628;6.559;3.386;2026-01-27T14:29:12.105129+00:00;temperature;39.10
4854;DHT22;3628;6.559;3.386;2026-01-27T14:34:35.854621+00:00;humidity;53.20
4854;DHT22;3628;6.559;3.386;2026-01-27T14:34:35.854621+00:00;temperature;38.90
4854;DHT22;3628;6.559;3.386;2026-01-27T14:39:59.815589+00:00;humidity;52.90
4854;DHT22;3628;6.559;3.386;2026-01-27T14:39:59.815589+00:00;temperature;39.30
4854;DHT22;3628;6.559;3.386;2026-01-27T14:46:04.257833+00:00;humidity;52.90
4854;DHT22;3628;6.559;3.386;2026-01-27T14:46:04.257833+00:00;temperature;39.00
4853;pms5003;3628;6.559;3.386;2026-01-27T14:50:40.973163+00:00;P2;44.00
4853;pms5003;3628;6.559;3.386;2026-01-27T14:50:40.973163+00:00;P1;59.67
4853;pms5003;3628;6.559;3.386;2026-01-27T14:50:40.973163+00:00;P0;30.00
4854;DHT22;3628;6.559;3.386;2026-01-27T14:50:58.343418+00:00;humidity;52.40
4854;DHT22;3628;6.559;3.386;2026-01-27T14:50:58.343418+00:00;temperature;38.90
4853;pms5003;3628;6.559;3.386;2026-01-27T14:56:15.504665+00:00;P2;45.40
4853;pms5003;3628;6.559;3.386;2026-01-27T14:56:15.504665+00:00;P1;62.40
4853;pms5003;3628;6.559;3.386;2026-01-27T14:56:15.504665+00:00;P0;30.40
4854;DHT22;3628;6.559;3.386;2026-01-27T14:56:32.878842+00:00;humidity;53.50
4854;DHT22;3628;6.559;3.386;2026-01-27T14:56:32.878842+00:00;temperature;38.90
4853;pms5003;3628;6.559;3.386;2026-01-27T15:01:50.093982+00:00;P2;43.00
4853;pms5003;3628;6.559;3.386;2026-01-27T15:01:50.093982+00:00;P1;58.00
4853;pms5003;3628;6.559;3.386;2026-01-27T15:01:50.093982+00:00;P0;30.00
4854;DHT22;3628;6.559;3.386;2026-01-27T15:02:07.426024+00:00;humidity;55.30
4854;DHT22;3628;6.559;3.386;2026-01-27T15:02:07.426024+00:00;temperature;38.80
4854;DHT22;3628;6.559;3.386;2026-01-27T15:07:31.215552+00:00;humidity;55.50
4854;DHT22;3628;6.559;3.386;2026-01-27T15:07:31.215552+00:00;temperature;38.50
4853;pms5003;3628;6.559;3.386;2026-01-27T15:12:51.280723+00:00;P2;44.00
4853;pms5003;3628;6.559;3.386;2026-01-27T15:12:51.280723+00:00;P1;62.25
4853;pms5003;3628;6.559;3.386;2026-01-27T15:12:51.280723+00:00;P0;30.00
4854;DHT22;3628;6.559;3.386;2026-01-27T15:13:08.744276+00:00;humidity;56.30
4854;DHT22;3628;6.559;3.386;2026-01-27T15:13:08.744276+00:00;temperature;38.30
4853;pms5003;3628;6.559;3.386;2026-01-27T15:18:25.942894+00:00;P2;44.25
4853;pms5003;3628;6.559;3.386;2026-01-27T15:18:25.942894+00:00;P1;59.00
4853;pms5003;3628;6.559;3.386;2026-01-27T15:18:25.942894+00:00;P0;30.00
4854;DHT22;3628;6.559;3.386;2026-01-27T15:18:43.286015+00:00;humidity;56.90
4854;DHT22;3628;6.559;3.386;2026-01-27T15:18:43.286015+00:00;temperature;37.90
4853;pms5003;3628;6.559;3.386;2026-01-27T15:29:17.109932+00:00;P2;46.00
4853;pms5003;3628;6.559;3.386;2026-01-27T15:29:17.109932+00:00;P1;64.25
4853;pms5003;3628;6.559;3.386;2026-01-27T15:29:17.109932+00:00;P0;31.00
4854;DHT22;3628;6.559;3.386;2026-01-27T15:40:12.311486+00:00;humidity;56.50
4854;DHT22;3628;6.559;3.386;2026-01-27T15:40:12.311486+00:00;temperature;38.20
4853;pms5003;3628;6.559;3.386;2026-01-27T15:45:29.529644+00:00;P2;43.40
4853;pms5003;3628;6.559;3.386;2026-01-27T15:45:29.529644+00:00;P1;56.60
4853;pms5003;3628;6.559;3.386;2026-01-27T15:45:29.529644+00:00;P0;29.00
4854;DHT22;3628;6.559;3.386;2026-01-27T15:45:46.888304+00:00;humidity;56.80
4854;DHT22;3628;6.559;3.386;2026-01-27T15:45:46.888304+00:00;temperature;38.10
4853;pms5003;3628;6.559;3.386;2026-01-27T16:01:44.476113+00:00;P2;45.00
4853;pms5003;3628;6.559;3.386;2026-01-27T16:01:44.476113+00:00;P1;61.50
4853;pms5003;3628;6.559;3.386;2026-01-27T16:01:44.476113+00:00;P0;30.50
4854;DHT22;3628;6.559;3.386;2026-01-27T16:02:01.808029+00:00;humidity;58.40
4854;DHT22;3628;6.559;3.386;2026-01-27T16:02:01.808029+00:00;temperature;37.60
4853;pms5003;3628;6.559;3.386;2026-01-27T16:07:19.120720+00:00;P2;46.00
4853;pms5003;3628;6.559;3.386;2026-01-27T16:07:19.120720+00:00;P1;61.25
4853;pms5003;3628;6.559;3.386;2026-01-27T16:07:19.120720+00:00;P0;31.00
4854;DHT22;3628;6.559;3.386;2026-01-27T16:07:36.465407+00:00;humidity;59.30
4854;DHT22;3628;6.559;3.386;2026-01-27T16:07:36.465407+00:00;temperature;37.20
4854;DHT22;3628;6.559;3.386;2026-01-27T16:18:24.975863+00:00;humidity;61.90
4854;DHT22;3628;6.559;3.386;2026-01-27T16:18:24.975863+00:00;temperature;36.80
4854;DHT22;3628;6.559;3.386;2026-01-27T16:23:48.716590+00:00;humidity;63.00
4854;DHT22;3628;6.559;3.386;2026-01-27T16:23:48.716590+00:00;temperature;36.80
4854;DHT22;3628;6.559;3.386;2026-01-27T16:29:15.512459+00:00;humidity;63.00
4854;DHT22;3628;6.559;3.386;2026-01-27T16:29:15.512459+00:00;temperature;36.60
4853;pms5003;3628;6.559;3.386;2026-01-27T16:35:54.455671+00:00;P2;43.50
4853;pms5003;3628;6.559;3.386;2026-01-27T16:35:54.455671+00:00;P1;60.25
4853;pms5003;3628;6.559;3.386;2026-01-27T16:35:54.455671+00:00;P0;27.75
4853;pms5003;3628;6.559;3.386;2026-01-27T16:39:57.079335+00:00;P2;46.00
4853;pms5003;3628;6.559;3.386;2026-01-27T16:39:57.079335+00:00;P1;61.50
4853;pms5003;3628;6.559;3.386;2026-01-27T16:39:57.079335+00:00;P0;30.75
4853;pms5003;3628;6.559;3.386;2026-01-27T16:45:55.216642+00:00;P2;46.50
4853;pms5003;3628;6.559;3.386;2026-01-27T16:45:55.216642+00:00;P1;61.00
4853;pms5003;3628;6.559;3.386;2026-01-27T16:45:55.216642+00:00;P0;31.00
4853;pms5003;3628;6.559;3.386;2026-01-27T16:50:48.305475+00:00;P2;48.25
4853;pms5003;3628;6.559;3.386;2026-01-27T16:50:48.305475+00:00;P1;63.50
4853;pms5003;3628;6.559;3.386;2026-01-27T16:50:48.305475+00:00;P0;32.50
4854;DHT22;3628;6.559;3.386;2026-01-27T16:51:03.414643+00:00;humidity;66.30
4854;DHT22;3628;6.559;3.386;2026-01-27T16:51:03.414643+00:00;temperature;35.70
4853;pms5003;3628;6.559;3.386;2026-01-27T17:01:33.953044+00:00;P2;48.25
4853;pms5003;3628;6.559;3.386;2026-01-27T17:01:33.953044+00:00;P1;65.75
4853;pms5003;3628;6.559;3.386;2026-01-27T17:01:33.953044+00:00;P0;33.00
4853;pms5003;3628;6.559;3.386;2026-01-27T17:07:08.731380+00:00;P2;48.00
4853;pms5003;3628;6.559;3.386;2026-01-27T17:07:08.731380+00:00;P1;67.00
4853;pms5003;3628;6.559;3.386;2026-01-27T17:07:08.731380+00:00;P0;32.67
4853;pms5003;3628;6.559;3.386;2026-01-27T17:12:32.689703+00:00;P2;49.00
4853;pms5003;3628;6.559;3.386;2026-01-27T17:12:32.689703+00:00;P1;63.80
4853;pms5003;3628;6.559;3.386;2026-01-27T17:12:32.689703+00:00;P0;31.40
4854;DHT22;3628;6.559;3.386;2026-01-27T17:12:50.129485+00:00;humidity;71.00
4854;DHT22;3628;6.559;3.386;2026-01-27T17:12:50.129485+00:00;temperature;34.20
4853;pms5003;3628;6.559;3.386;2026-01-27T17:18:07.329235+00:00;P2;49.00
4853;pms5003;3628;6.559;3.386;2026-01-27T17:18:07.329235+00:00;P1;67.50
4853;pms5003;3628;6.559;3.386;2026-01-27T17:18:07.329235+00:00;P0;32.00
4854;DHT22;3628;6.559;3.386;2026-01-27T17:18:24.798490+00:00;humidity;72.40
4854;DHT22;3628;6.559;3.386;2026-01-27T17:18:24.798490+00:00;temperature;33.90
4853;pms5003;3628;6.559;3.386;2026-01-27T17:23:42.012814+00:00;P2;48.25
4853;pms5003;3628;6.559;3.386;2026-01-27T17:23:42.012814+00:00;P1;64.50
4853;pms5003;3628;6.559;3.386;2026-01-27T17:23:42.012814+00:00;P0;33.00
4854;DHT22;3628;6.559;3.386;2026-01-27T17:23:59.365767+00:00;humidity;73.70
4854;DHT22;3628;6.559;3.386;2026-01-27T17:23:59.365767+00:00;temperature;33.80
4853;pms5003;3628;6.559;3.386;2026-01-27T17:29:16.643689+00:00;P2;51.00
4853;pms5003;3628;6.559;3.386;2026-01-27T17:29:16.643689+00:00;P1;67.20
4853;pms5003;3628;6.559;3.386;2026-01-27T17:29:16.643689+00:00;P0;34.00
4853;pms5003;3628;6.559;3.386;2026-01-27T17:34:41.112018+00:00;P2;51.75
4853;pms5003;3628;6.559;3.386;2026-01-27T17:34:41.112018+00:00;P1;71.25
4853;pms5003;3628;6.559;3.386;2026-01-27T17:34:41.112018+00:00;P0;34.00
4854;DHT22;3628;6.559;3.386;2026-01-27T17:34:58.647440+00:00;humidity;74.60
4854;DHT22;3628;6.559;3.386;2026-01-27T17:34:58.647440+00:00;temperature;33.60
4853;pms5003;3628;6.559;3.386;2026-01-27T17:41:57.569604+00:00;P2;51.00
4853;pms5003;3628;6.559;3.386;2026-01-27T17:41:57.569604+00:00;P1;67.00
4853;pms5003;3628;6.559;3.386;2026-01-27T17:41:57.569604+00:00;P0;33.00
4854;DHT22;3628;6.559;3.386;2026-01-27T17:45:47.108399+00:00;humidity;75.80
4854;DHT22;3628;6.559;3.386;2026-01-27T17:45:47.108399+00:00;temperature;33.30
4853;pms5003;3628;6.559;3.386;2026-01-27T17:51:04.290446+00:00;P2;57.00
4853;pms5003;3628;6.559;3.386;2026-01-27T17:51:04.290446+00:00;P1;79.00
4853;pms5003;3628;6.559;3.386;2026-01-27T17:51:04.290446+00:00;P0;36.75
4854;DHT22;3628;6.559;3.386;2026-01-27T17:51:21.686353+00:00;humidity;76.30
4854;DHT22;3628;6.559;3.386;2026-01-27T17:51:21.686353+00:00;temperature;33.20
4853;pms5003;3628;6.559;3.386;2026-01-27T18:02:13.352424+00:00;P2;53.50
4853;pms5003;3628;6.559;3.386;2026-01-27T18:02:13.352424+00:00;P1;71.00
4853;pms5003;3628;6.559;3.386;2026-01-27T18:02:13.352424+00:00;P0;35.00
4854;DHT22;3628;6.559;3.386;2026-01-27T18:02:30.689563+00:00;humidity;77.30
4854;DHT22;3628;6.559;3.386;2026-01-27T18:02:30.689563+00:00;temperature;32.90
4853;pms5003;3628;6.559;3.386;2026-01-27T18:07:47.862865+00:00;P2;55.00
4853;pms5003;3628;6.559;3.386;2026-01-27T18:07:47.862865+00:00;P1;73.20
4853;pms5003;3628;6.559;3.386;2026-01-27T18:07:47.862865+00:00;P0;35.40
4854;DHT22;3628;6.559;3.386;2026-01-27T18:08:05.392882+00:00;humidity;78.60
4854;DHT22;3628;6.559;3.386;2026-01-27T18:08:05.392882+00:00;temperature;32.70
4853;pms5003;3628;6.559;3.386;2026-01-27T18:13:22.548985+00:00;P2;62.25
4853;pms5003;3628;6.559;3.386;2026-01-27T18:13:22.548985+00:00;P1;77.25
4853;pms5003;3628;6.559;3.386;2026-01-27T18:13:22.548985+00:00;P0;39.25
4853;pms5003;3628;6.559;3.386;2026-01-27T18:18:46.623047+00:00;P2;61.25
4853;pms5003;3628;6.559;3.386;2026-01-27T18:18:46.623047+00:00;P1;74.75
4853;pms5003;3628;6.559;3.386;2026-01-27T18:18:46.623047+00:00;P0;39.00
4854;DHT22;3628;6.559;3.386;2026-01-27T18:19:03.948352+00:00;humidity;79.10
4854;DHT22;3628;6.559;3.386;2026-01-27T18:19:03.948352+00:00;temperature;32.50
4853;pms5003;3628;6.559;3.386;2026-01-27T18:24:21.132634+00:00;P2;54.75
4853;pms5003;3628;6.559;3.386;2026-01-27T18:24:21.132634+00:00;P1;74.25
4853;pms5003;3628;6.559;3.386;2026-01-27T18:24:21.132634+00:00;P0;33.50
4854;DHT22;3628;6.559;3.386;2026-01-27T18:24:38.435717+00:00;humidity;79.90
4854;DHT22;3628;6.559;3.386;2026-01-27T18:24:38.435717+00:00;temperature;32.40
4853;pms5003;3628;6.559;3.386;2026-01-27T18:40:46.302228+00:00;P2;49.75
4853;pms5003;3628;6.559;3.386;2026-01-27T18:40:46.302228+00:00;P1;66.00
4853;pms5003;3628;6.559;3.386;2026-01-27T18:40:46.302228+00:00;P0;33.00
4854;DHT22;3628;6.559;3.386;2026-01-27T18:41:03.673419+00:00;humidity;80.90
4854;DHT22;3628;6.559;3.386;2026-01-27T18:41:03.673419+00:00;temperature;32.30
4853;pms5003;3628;6.559;3.386;2026-01-27T18:46:21.002521+00:00;P2;51.25
4853;pms5003;3628;6.559;3.386;2026-01-27T18:46:21.002521+00:00;P1;70.50
4853;pms5003;3628;6.559;3.386;2026-01-27T18:46:21.002521+00:00;P0;34.00
4854;DHT22;3628;6.559;3.386;2026-01-27T18:46:38.384055+00:00;humidity;80.50
4854;DHT22;3628;6.559;3.386;2026-01-27T18:46:38.384055+00:00;temperature;32.40
4853;pms5003;3628;6.559;3.386;2026-01-27T18:51:55.486194+00:00;P2;51.00
4853;pms5003;3628;6.559;3.386;2026-01-27T18:51:55.486194+00:00;P1;65.75
4853;pms5003;3628;6.559;3.386;2026-01-27T18:51:55.486194+00:00;P0;34.00
4854;DHT22;3628;6.559;3.386;2026-01-27T18:52:12.824190+00:00;humidity;81.30
4854;DHT22;3628;6.559;3.386;2026-01-27T18:52:12.824190+00:00;temperature;32.20
4854;DHT22;3628;6.559;3.386;2026-01-27T18:57:50.277892+00:00;humidity;82.50
4854;DHT22;3628;6.559;3.386;2026-01-27T18:57:50.277892+00:00;temperature;32.00
4853;pms5003;3628;6.559;3.386;2026-01-27T19:03:07.447155+00:00;P2;51.00
4853;pms5003;3628;6.559;3.386;2026-01-27T19:03:07.447155+00:00;P1;64.00
4853;pms5003;3628;6.559;3.386;2026-01-27T19:03:07.447155+00:00;P0;34.00
4854;DHT22;3628;6.559;3.386;2026-01-27T19:03:24.816082+00:00;humidity;82.40
4854;DHT22;3628;6.559;3.386;2026-01-27T19:03:24.816082+00:00;temperature;32.00
4853;pms5003;3628;6.559;3.386;2026-01-27T21:02:49.737751+00:00;P2;47.00
4853;pms5003;3628;6.559;3.386;2026-01-27T21:02:49.737751+00:00;P1;64.50
4853;pms5003;3628;6.559;3.386;2026-01-27T21:02:49.737751+00:00;P0;30.75
4853;pms5003;3628;6.559;3.386;2026-01-27T21:08:13.658419+00:00;P2;47.25
4853;pms5003;3628;6.559;3.386;2026-01-27T21:08:13.658419+00:00;P1;65.50
4853;pms5003;3628;6.559;3.386;2026-01-27T21:08:13.658419+00:00;P0;30.75
4854;DHT22;3628;6.559;3.386;2026-01-27T21:08:31.011153+00:00;humidity;86.40
4854;DHT22;3628;6.559;3.386;2026-01-27T21:08:31.011153+00:00;temperature;31.50
4853;pms5003;3628;6.559;3.386;2026-01-27T21:13:48.193259+00:00;P2;43.80
4853;pms5003;3628;6.559;3.386;2026-01-27T21:13:48.193259+00:00;P1;56.00
4853;pms5003;3628;6.559;3.386;2026-01-27T21:13:48.193259+00:00;P0;27.20
4854;DHT22;3628;6.559;3.386;2026-01-27T21:14:05.563354+00:00;humidity;86.20
4854;DHT22;3628;6.559;3.386;2026-01-27T21:14:05.563354+00:00;temperature;31.50
4853;pms5003;3628;6.559;3.386;2026-01-27T21:19:22.732891+00:00;P2;44.25
4853;pms5003;3628;6.559;3.386;2026-01-27T21:19:22.732891+00:00;P1;62.50
4853;pms5003;3628;6.559;3.386;2026-01-27T21:19:22.732891+00:00;P0;30.25
4854;DHT22;3628;6.559;3.386;2026-01-27T21:19:40.307446+00:00;humidity;85.90
4854;DHT22;3628;6.559;3.386;2026-01-27T21:19:40.307446+00:00;temperature;31.50
4853;pms5003;3628;6.559;3.386;2026-01-27T21:24:57.592408+00:00;P2;45.67
4853;pms5003;3628;6.559;3.386;2026-01-27T21:24:57.592408+00:00;P1;62.33
4853;pms5003;3628;6.559;3.386;2026-01-27T21:24:57.592408+00:00;P0;29.00
4854;DHT22;3628;6.559;3.386;2026-01-27T21:25:14.886557+00:00;humidity;86.10
4854;DHT22;3628;6.559;3.386;2026-01-27T21:25:14.886557+00:00;temperature;31.40
4853;pms5003;3628;6.559;3.386;2026-01-27T21:30:31.958407+00:00;P2;50.00
4853;pms5003;3628;6.559;3.386;2026-01-27T21:30:31.958407+00:00;P1;67.00
4853;pms5003;3628;6.559;3.386;2026-01-27T21:30:31.958407+00:00;P0;33.67
4854;DHT22;3628;6.559;3.386;2026-01-27T21:30:49.300415+00:00;humidity;86.00
4854;DHT22;3628;6.559;3.386;2026-01-27T21:30:49.300415+00:00;temperature;31.30
4853;pms5003;3628;6.559;3.386;2026-01-27T21:36:06.490229+00:00;P2;49.25
4853;pms5003;3628;6.559;3.386;2026-01-27T21:36:06.490229+00:00;P1;65.25
4853;pms5003;3628;6.559;3.386;2026-01-27T21:36:06.490229+00:00;P0;32.75
4854;DHT22;3628;6.559;3.386;2026-01-27T21:36:23.826768+00:00;humidity;85.90
4854;DHT22;3628;6.559;3.386;2026-01-27T21:36:23.826768+00:00;temperature;31.40
4853;pms5003;3628;6.559;3.386;2026-01-27T21:41:40.997135+00:00;P2;51.50
4853;pms5003;3628;6.559;3.386;2026-01-27T21:41:40.997135+00:00;P1;70.00
4853;pms5003;3628;6.559;3.386;2026-01-27T21:41:40.997135+00:00;P0;33.00
4854;DHT22;3628;6.559;3.386;2026-01-27T21:41:58.374336+00:00;humidity;86.00
4854;DHT22;3628;6.559;3.386;2026-01-27T21:41:58.374336+00:00;temperature;31.40
4853;pms5003;3628;6.559;3.386;2026-01-27T21:47:15.567843+00:00;P2;47.50
4853;pms5003;3628;6.559;3.386;2026-01-27T21:47:15.567843+00:00;P1;63.75
4853;pms5003;3628;6.559;3.386;2026-01-27T21:47:15.567843+00:00;P0;31.50
4854;DHT22;3628;6.559;3.386;2026-01-27T21:47:33.047972+00:00;humidity;86.20
4854;DHT22;3628;6.559;3.386;2026-01-27T21:47:33.047972+00:00;temperature;31.40
4853;pms5003;3628;6.559;3.386;2026-01-27T21:58:03.637565+00:00;P2;48.40
4853;pms5003;3628;6.559;3.386;2026-01-27T21:58:03.637565+00:00;P1;66.00
4853;pms5003;3628;6.559;3.386;2026-01-27T21:58:03.637565+00:00;P0;33.00
4853;pms5003;3628;6.559;3.386;2026-01-27T22:03:38.341175+00:00;P2;48.00
4853;pms5003;3628;6.559;3.386;2026-01-27T22:03:38.341175+00:00;P1;66.25
4853;pms5003;3628;6.559;3.386;2026-01-27T22:03:38.341175+00:00;P0;31.25
4853;pms5003;3628;6.559;3.386;2026-01-27T22:10:15.909825+00:00;P2;47.25
4853;pms5003;3628;6.559;3.386;2026-01-27T22:10:15.909825+00:00;P1;62.50
4853;pms5003;3628;6.559;3.386;2026-01-27T22:10:15.909825+00:00;P0;30.50
4853;pms5003;3628;6.559;3.386;2026-01-27T22:14:26.434965+00:00;P2;47.75
4853;pms5003;3628;6.559;3.386;2026-01-27T22:14:26.434965+00:00;P1;65.00
4853;pms5003;3628;6.559;3.386;2026-01-27T22:14:26.434965+00:00;P0;31.25
4854;DHT22;3628;6.559;3.386;2026-01-27T22:14:43.771129+00:00;humidity;86.50
4854;DHT22;3628;6.559;3.386;2026-01-27T22:14:43.771129+00:00;temperature;31.30
4853;pms5003;3628;6.559;3.386;2026-01-27T22:20:00.949744+00:00;P2;49.00
4853;pms5003;3628;6.559;3.386;2026-01-27T22:20:00.949744+00:00;P1;64.00
4853;pms5003;3628;6.559;3.386;2026-01-27T22:20:00.949744+00:00;P0;32.60
4854;DHT22;3628;6.559;3.386;2026-01-27T22:20:18.286984+00:00;humidity;86.70
4854;DHT22;3628;6.559;3.386;2026-01-27T22:20:18.286984+00:00;temperature;31.30
4853;pms5003;3628;6.559;3.386;2026-01-27T22:25:35.494838+00:00;P2;51.50
4853;pms5003;3628;6.559;3.386;2026-01-27T22:25:35.494838+00:00;P1;70.25
4853;pms5003;3628;6.559;3.386;2026-01-27T22:25:35.494838+00:00;P0;34.00
4853;pms5003;3628;6.559;3.386;2026-01-27T22:31:56.855996+00:00;P2;51.00
4853;pms5003;3628;6.559;3.386;2026-01-27T22:31:56.855996+00:00;P1;68.00
4853;pms5003;3628;6.559;3.386;2026-01-27T22:31:56.855996+00:00;P0;34.00
4853;pms5003;3628;6.559;3.386;2026-01-27T22:36:24.026909+00:00;P2;49.00
4853;pms5003;3628;6.559;3.386;2026-01-27T22:36:24.026909+00:00;P1;66.33
4853;pms5003;3628;6.559;3.386;2026-01-27T22:36:24.026909+00:00;P0;33.00
4854;DHT22;3628;6.559;3.386;2026-01-27T22:36:41.366141+00:00;humidity;86.80
4854;DHT22;3628;6.559;3.386;2026-01-27T22:36:41.366141+00:00;temperature;31.20
4853;pms5003;3628;6.559;3.386;2026-01-27T22:41:58.589339+00:00;P2;49.50
4853;pms5003;3628;6.559;3.386;2026-01-27T22:41:58.589339+00:00;P1;62.00
4853;pms5003;3628;6.559;3.386;2026-01-27T22:41:58.589339+00:00;P0;32.00
4853;pms5003;3628;6.559;3.386;2026-01-27T22:49:00.765657+00:00;P2;48.00
4853;pms5003;3628;6.559;3.386;2026-01-27T22:49:00.765657+00:00;P1;62.67
4853;pms5003;3628;6.559;3.386;2026-01-27T22:49:00.765657+00:00;P0;31.33
4853;pms5003;3628;6.559;3.386;2026-01-27T22:52:46.896571+00:00;P2;47.00
4853;pms5003;3628;6.559;3.386;2026-01-27T22:52:46.896571+00:00;P1;63.75
4853;pms5003;3628;6.559;3.386;2026-01-27T22:52:46.896571+00:00;P0;30.00
4853;pms5003;3628;6.559;3.386;2026-01-27T22:58:11.125697+00:00;P2;48.50
4853;pms5003;3628;6.559;3.386;2026-01-27T22:58:11.125697+00:00;P1;66.00
4853;pms5003;3628;6.559;3.386;2026-01-27T22:58:11.125697+00:00;P0;31.50
4853;pms5003;3628;6.559;3.386;2026-01-27T23:03:45.614708+00:00;P2;45.20
4853;pms5003;3628;6.559;3.386;2026-01-27T23:03:45.614708+00:00;P1;61.80
4853;pms5003;3628;6.559;3.386;2026-01-27T23:03:45.614708+00:00;P0;30.80
4854;DHT22;3628;6.559;3.386;2026-01-27T23:04:02.976663+00:00;humidity;87.70
4854;DHT22;3628;6.559;3.386;2026-01-27T23:04:02.976663+00:00;temperature;31.00
4854;DHT22;3628;6.559;3.386;2026-01-27T23:09:29.777080+00:00;humidity;87.90
4854;DHT22;3628;6.559;3.386;2026-01-27T23:09:29.777080+00:00;temperature;31.00
4853;pms5003;3628;6.559;3.386;2026-01-27T23:14:46.931729+00:00;P2;46.00
4853;pms5003;3628;6.559;3.386;2026-01-27T23:14:46.931729+00:00;P1;62.00
4853;pms5003;3628;6.559;3.386;2026-01-27T23:14:46.931729+00:00;P0;31.50
4853;pms5003;3628;6.559;3.386;2026-01-27T23:21:27.736590+00:00;P2;47.75
4853;pms5003;3628;6.559;3.386;2026-01-27T23:21:27.736590+00:00;P1;61.25
4853;pms5003;3628;6.559;3.386;2026-01-27T23:21:27.736590+00:00;P0;31.00
4853;pms5003;3628;6.559;3.386;2026-01-27T23:30:51.708252+00:00;P2;48.50
4853;pms5003;3628;6.559;3.386;2026-01-27T23:30:51.708252+00:00;P1;65.25
4853;pms5003;3628;6.559;3.386;2026-01-27T23:30:51.708252+00:00;P0;33.00
4853;pms5003;3628;6.559;3.386;2026-01-27T23:36:15.566015+00:00;P2;50.33
4853;pms5003;3628;6.559;3.386;2026-01-27T23:36:15.566015+00:00;P1;65.33
4853;pms5003;3628;6.559;3.386;2026-01-27T23:36:15.566015+00:00;P0;32.33
4854;DHT22;3628;6.559;3.386;2026-01-27T23:36:33.036115+00:00;humidity;88.30
4854;DHT22;3628;6.559;3.386;2026-01-27T23:36:33.036115+00:00;temperature;31.00
4854;DHT22;3628;6.559;3.386;2026-01-27T23:41:57.089715+00:00;humidity;88.70
4854;DHT22;3628;6.559;3.386;2026-01-27T23:41:57.089715+00:00;temperature;30.80
4854;DHT22;3628;6.559;3.386;2026-01-27T23:47:21.361903+00:00;humidity;88.30
4854;DHT22;3628;6.559;3.386;2026-01-27T23:47:21.361903+00:00;temperature;30.90
4853;pms5003;3628;6.559;3.386;2026-01-27T23:52:38.554493+00:00;P2;50.75
4853;pms5003;3628;6.559;3.386;2026-01-27T23:52:38.554493+00:00;P1;66.00
4853;pms5003;3628;6.559;3.386;2026-01-27T23:52:38.554493+00:00;P0;33.50
4854;DHT22;3628;6.559;3.386;2026-01-27T23:52:55.896796+00:00;humidity;88.50
4854;DHT22;3628;6.559;3.386;2026-01-27T23:52:55.896796+00:00;temperature;30.90
4854;DHT22;3628;6.559;3.386;2026-01-27T23:58:30.455210+00:00;humidity;88.70
4854;DHT22;3628;6.559;3.386;2026-01-27T23:58:30.455210+00:00;temperature;30.80
4853;pms5003;3628;6.559;3.386;2026-01-28T06:04:17.691247+00:00;P2;73.50
4853;pms5003;3628;6.559;3.386;2026-01-28T06:04:17.691247+00:00;P1;87.00
4853;pms5003;3628;6.559;3.386;2026-01-28T06:04:17.691247+00:00;P0;44.75
4854;DHT22;3628;6.559;3.386;2026-01-28T10:01:37.229462+00:00;humidity;65.90
4854;DHT22;3628;6.559;3.386;2026-01-28T10:01:37.229462+00:00;temperature;37.10
4853;pms5003;3628;6.559;3.386;2026-01-28T10:06:54.421022+00:00;P2;52.25
4853;pms5003;3628;6.559;3.386;2026-01-28T10:06:54.421022+00:00;P1;70.50
4853;pms5003;3628;6.559;3.386;2026-01-28T10:06:54.421022+00:00;P0;34.75
4854;DHT22;3628;6.559;3.386;2026-01-28T10:07:11.794898+00:00;humidity;67.80
4854;DHT22;3628;6.559;3.386;2026-01-28T10:07:11.794898+00:00;temperature;36.10
4853;pms5003;3628;6.559;3.386;2026-01-28T10:12:28.970478+00:00;P2;51.25
4853;pms5003;3628;6.559;3.386;2026-01-28T10:12:28.970478+00:00;P1;68.50
4853;pms5003;3628;6.559;3.386;2026-01-28T10:12:28.970478+00:00;P0;33.75
4854;DHT22;3628;6.559;3.386;2026-01-28T10:12:46.321423+00:00;humidity;65.80
4854;DHT22;3628;6.559;3.386;2026-01-28T10:12:46.321423+00:00;temperature;37.00
4853;pms5003;3628;6.559;3.386;2026-01-28T10:44:13.829000+00:00;P2;51.00
4853;pms5003;3628;6.559;3.386;2026-01-28T10:44:13.829000+00:00;P1;69.40
4853;pms5003;3628;6.559;3.386;2026-01-28T10:44:13.829000+00:00;P0;34.00
4854;DHT22;3628;6.559;3.386;2026-01-28T10:49:44.532768+00:00;humidity;63.20
4854;DHT22;3628;6.559;3.386;2026-01-28T10:49:44.532768+00:00;temperature;37.60
4854;DHT22;3628;6.559;3.386;2026-01-28T10:58:27.228473+00:00;humidity;60.20
4854;DHT22;3628;6.559;3.386;2026-01-28T10:58:27.228473+00:00;temperature;38.90
4853;pms5003;3628;6.559;3.386;2026-01-28T11:51:05.870650+00:00;P2;73.50
4853;pms5003;3628;6.559;3.386;2026-01-28T11:51:05.870650+00:00;P1;83.50
4853;pms5003;3628;6.559;3.386;2026-01-28T11:51:05.870650+00:00;P0;45.75
4854;DHT22;3628;6.559;3.386;2026-01-28T11:51:23.230928+00:00;humidity;59.50
4854;DHT22;3628;6.559;3.386;2026-01-28T11:51:23.230928+00:00;temperature;38.80
4853;pms5003;3628;6.559;3.386;2026-01-28T11:56:40.435337+00:00;P2;64.00
4853;pms5003;3628;6.559;3.386;2026-01-28T11:56:40.435337+00:00;P1;76.50
4853;pms5003;3628;6.559;3.386;2026-01-28T11:56:40.435337+00:00;P0;41.25
4854;DHT22;3628;6.559;3.386;2026-01-28T11:56:57.803523+00:00;humidity;60.70
4854;DHT22;3628;6.559;3.386;2026-01-28T11:56:57.803523+00:00;temperature;38.90
4853;pms5003;3628;6.559;3.386;2026-01-28T12:13:17.858273+00:00;P2;72.75
4853;pms5003;3628;6.559;3.386;2026-01-28T12:13:17.858273+00:00;P1;84.50
4853;pms5003;3628;6.559;3.386;2026-01-28T12:13:17.858273+00:00;P0;48.00
4854;DHT22;3628;6.559;3.386;2026-01-28T12:13:35.279843+00:00;humidity;60.00
4854;DHT22;3628;6.559;3.386;2026-01-28T12:13:35.279843+00:00;temperature;38.80
4853;pms5003;3628;6.559;3.386;2026-01-28T12:24:50.515305+00:00;P2;63.00
4853;pms5003;3628;6.559;3.386;2026-01-28T12:24:50.515305+00:00;P1;77.50
4853;pms5003;3628;6.559;3.386;2026-01-28T12:24:50.515305+00:00;P0;43.50
4854;DHT22;3628;6.559;3.386;2026-01-28T12:25:07.846987+00:00;humidity;62.90
4854;DHT22;3628;6.559;3.386;2026-01-28T12:25:07.846987+00:00;temperature;37.40
4853;pms5003;3628;6.559;3.386;2026-01-28T12:54:36.116165+00:00;P2;46.00
4853;pms5003;3628;6.559;3.386;2026-01-28T12:54:36.116165+00:00;P1;63.00
4853;pms5003;3628;6.559;3.386;2026-01-28T12:54:36.116165+00:00;P0;31.00
4854;DHT22;3628;6.559;3.386;2026-01-28T12:54:53.473555+00:00;humidity;64.40
4854;DHT22;3628;6.559;3.386;2026-01-28T12:54:53.473555+00:00;temperature;36.50
4854;DHT22;3628;6.559;3.386;2026-01-28T13:01:03.623095+00:00;humidity;64.70
4854;DHT22;3628;6.559;3.386;2026-01-28T13:01:03.623095+00:00;temperature;36.20
4853;pms5003;3628;6.559;3.386;2026-01-28T13:07:09.252765+00:00;P2;45.50
4853;pms5003;3628;6.559;3.386;2026-01-28T13:07:09.252765+00:00;P1;55.00
4853;pms5003;3628;6.559;3.386;2026-01-28T13:07:09.252765+00:00;P0;31.00
4853;pms5003;3628;6.559;3.386;2026-01-28T13:13:03.816442+00:00;P2;48.00
4853;pms5003;3628;6.559;3.386;2026-01-28T13:13:03.816442+00:00;P1;66.20
4853;pms5003;3628;6.559;3.386;2026-01-28T13:13:03.816442+00:00;P0;33.00
4854;DHT22;3628;6.559;3.386;2026-01-28T13:19:06.215015+00:00;humidity;62.50
4854;DHT22;3628;6.559;3.386;2026-01-28T13:19:06.215015+00:00;temperature;36.70
4853;pms5003;3628;6.559;3.386;2026-01-28T13:24:23.503704+00:00;P2;45.00
4853;pms5003;3628;6.559;3.386;2026-01-28T13:24:23.503704+00:00;P1;61.00
4853;pms5003;3628;6.559;3.386;2026-01-28T13:24:23.503704+00:00;P0;28.00
4854;DHT22;3628;6.559;3.386;2026-01-28T13:40:40.914555+00:00;humidity;57.10
4854;DHT22;3628;6.559;3.386;2026-01-28T13:40:40.914555+00:00;temperature;39.40
4854;DHT22;3628;6.559;3.386;2026-01-28T13:49:34.442029+00:00;humidity;56.10
4854;DHT22;3628;6.559;3.386;2026-01-28T13:49:34.442029+00:00;temperature;40.00
4854;DHT22;3628;6.559;3.386;2026-01-28T14:04:15.966728+00:00;humidity;56.50
4854;DHT22;3628;6.559;3.386;2026-01-28T14:04:15.966728+00:00;temperature;39.90
4853;pms5003;3628;6.559;3.386;2026-01-28T14:14:57.070948+00:00;P2;44.00
4853;pms5003;3628;6.559;3.386;2026-01-28T14:14:57.070948+00:00;P1;58.00
4853;pms5003;3628;6.559;3.386;2026-01-28T14:14:57.070948+00:00;P0;29.00
4854;DHT22;3628;6.559;3.386;2026-01-28T14:15:14.615385+00:00;humidity;57.50
4854;DHT22;3628;6.559;3.386;2026-01-28T14:15:14.615385+00:00;temperature;39.60
4854;DHT22;3628;6.559;3.386;2026-01-28T14:20:38.387133+00:00;humidity;57.10
4854;DHT22;3628;6.559;3.386;2026-01-28T14:20:38.387133+00:00;temperature;39.50
4853;pms5003;3628;6.559;3.386;2026-01-28T14:34:03.230186+00:00;P2;42.00
4853;pms5003;3628;6.559;3.386;2026-01-28T14:34:03.230186+00:00;P1;57.25
4853;pms5003;3628;6.559;3.386;2026-01-28T14:34:03.230186+00:00;P0;29.00
4853;pms5003;3628;6.559;3.386;2026-01-28T14:39:37.788204+00:00;P2;44.00
4853;pms5003;3628;6.559;3.386;2026-01-28T14:39:37.788204+00:00;P1;63.50
4853;pms5003;3628;6.559;3.386;2026-01-28T14:39:37.788204+00:00;P0;28.50
4853;pms5003;3628;6.559;3.386;2026-01-28T14:45:01.977221+00:00;P2;41.25
4853;pms5003;3628;6.559;3.386;2026-01-28T14:45:01.977221+00:00;P1;55.00
4853;pms5003;3628;6.559;3.386;2026-01-28T14:45:01.977221+00:00;P0;28.25
4854;DHT22;3628;6.559;3.386;2026-01-28T14:45:19.296357+00:00;humidity;58.60
4854;DHT22;3628;6.559;3.386;2026-01-28T14:45:19.296357+00:00;temperature;38.90
4853;pms5003;3628;6.559;3.386;2026-01-28T14:58:07.702862+00:00;P2;43.50
4853;pms5003;3628;6.559;3.386;2026-01-28T14:58:07.702862+00:00;P1;60.50
4853;pms5003;3628;6.559;3.386;2026-01-28T14:58:07.702862+00:00;P0;27.50
4854;DHT22;3628;6.559;3.386;2026-01-28T14:58:25.219881+00:00;humidity;58.70
4854;DHT22;3628;6.559;3.386;2026-01-28T14:58:25.219881+00:00;temperature;39.10
4853;pms5003;3628;6.559;3.386;2026-01-28T15:03:42.541256+00:00;P2;41.00
4853;pms5003;3628;6.559;3.386;2026-01-28T15:03:42.541256+00:00;P1;54.50
4853;pms5003;3628;6.559;3.386;2026-01-28T15:03:42.541256+00:00;P0;28.00
4854;DHT22;3628;6.559;3.386;2026-01-28T15:04:00.174170+00:00;humidity;59.40
4854;DHT22;3628;6.559;3.386;2026-01-28T15:04:00.174170+00:00;temperature;38.70
4853;pms5003;3628;6.559;3.386;2026-01-28T15:09:17.504173+00:00;P2;43.00
4853;pms5003;3628;6.559;3.386;2026-01-28T15:09:17.504173+00:00;P1;58.00
4853;pms5003;3628;6.559;3.386;2026-01-28T15:09:17.504173+00:00;P0;29.00
4853;pms5003;3628;6.559;3.386;2026-01-28T15:14:52.479443+00:00;P2;39.33
4853;pms5003;3628;6.559;3.386;2026-01-28T15:14:52.479443+00:00;P1;55.33
4853;pms5003;3628;6.559;3.386;2026-01-28T15:14:52.479443+00:00;P0;27.33
4853;pms5003;3628;6.559;3.386;2026-01-28T15:20:16.492615+00:00;P2;44.75
4853;pms5003;3628;6.559;3.386;2026-01-28T15:20:16.492615+00:00;P1;60.00
4853;pms5003;3628;6.559;3.386;2026-01-28T15:20:16.492615+00:00;P0;30.50
4854;DHT22;3628;6.559;3.386;2026-01-28T15:20:34.034721+00:00;humidity;60.00
4854;DHT22;3628;6.559;3.386;2026-01-28T15:20:34.034721+00:00;temperature;38.40
4853;pms5003;3628;6.559;3.386;2026-01-28T15:25:51.384614+00:00;P2;42.00
4853;pms5003;3628;6.559;3.386;2026-01-28T15:25:51.384614+00:00;P1;54.60
4853;pms5003;3628;6.559;3.386;2026-01-28T15:25:51.384614+00:00;P0;28.00
4854;DHT22;3628;6.559;3.386;2026-01-28T15:26:08.931585+00:00;humidity;60.10
4854;DHT22;3628;6.559;3.386;2026-01-28T15:26:08.931585+00:00;temperature;38.10
4853;pms5003;3628;6.559;3.386;2026-01-28T16:21:55.550982+00:00;P2;47.00
4853;pms5003;3628;6.559;3.386;2026-01-28T16:21:55.550982+00:00;P1;62.60
4853;pms5003;3628;6.559;3.386;2026-01-28T16:21:55.550982+00:00;P0;30.00
4853;pms5003;3628;6.559;3.386;2026-01-28T17:05:28.475785+00:00;P2;53.50
4853;pms5003;3628;6.559;3.386;2026-01-28T17:05:28.475785+00:00;P1;72.75
4853;pms5003;3628;6.559;3.386;2026-01-28T17:05:28.475785+00:00;P0;35.00
4854;DHT22;3628;6.559;3.386;2026-01-28T17:05:45.868117+00:00;humidity;68.90
4854;DHT22;3628;6.559;3.386;2026-01-28T17:05:45.868117+00:00;temperature;34.60
4853;pms5003;3628;6.559;3.386;2026-01-28T17:11:03.055114+00:00;P2;51.75
4853;pms5003;3628;6.559;3.386;2026-01-28T17:11:03.055114+00:00;P1;72.75
4853;pms5003;3628;6.559;3.386;2026-01-28T17:11:03.055114+00:00;P0;34.25
4854;DHT22;3628;6.559;3.386;2026-01-28T17:11:20.500628+00:00;humidity;70.50
4854;DHT22;3628;6.559;3.386;2026-01-28T17:11:20.500628+00:00;temperature;34.20
4854;DHT22;3628;6.559;3.386;2026-01-28T17:16:47.493858+00:00;humidity;70.50
4854;DHT22;3628;6.559;3.386;2026-01-28T17:16:47.493858+00:00;temperature;34.20
4853;pms5003;3628;6.559;3.386;2026-01-28T17:22:04.670549+00:00;P2;50.00
4853;pms5003;3628;6.559;3.386;2026-01-28T17:22:04.670549+00:00;P1;70.00
4853;pms5003;3628;6.559;3.386;2026-01-28T17:22:04.670549+00:00;P0;31.75
4854;DHT22;3628;6.559;3.386;2026-01-28T17:27:35.849839+00:00;humidity;71.90
4854;DHT22;3628;6.559;3.386;2026-01-28T17:27:35.849839+00:00;temperature;34.00
4853;pms5003;3628;6.559;3.386;2026-01-28T17:32:53.022594+00:00;P2;48.00
4853;pms5003;3628;6.559;3.386;2026-01-28T17:32:53.022594+00:00;P1;66.00
4853;pms5003;3628;6.559;3.386;2026-01-28T17:32:53.022594+00:00;P0;30.25
4853;pms5003;3628;6.559;3.386;2026-01-28T17:38:16.735835+00:00;P2;55.60
4853;pms5003;3628;6.559;3.386;2026-01-28T17:38:16.735835+00:00;P1;74.60
4853;pms5003;3628;6.559;3.386;2026-01-28T17:38:16.735835+00:00;P0;35.40
4854;DHT22;3628;6.559;3.386;2026-01-28T17:38:34.232454+00:00;humidity;73.10
4854;DHT22;3628;6.559;3.386;2026-01-28T17:38:34.232454+00:00;temperature;33.50
4854;DHT22;3628;6.559;3.386;2026-01-28T17:43:58.040809+00:00;humidity;74.20
4854;DHT22;3628;6.559;3.386;2026-01-28T17:43:58.040809+00:00;temperature;33.20
4854;DHT22;3628;6.559;3.386;2026-01-28T17:49:21.760099+00:00;humidity;74.80
4854;DHT22;3628;6.559;3.386;2026-01-28T17:49:21.760099+00:00;temperature;33.20
4853;pms5003;3628;6.559;3.386;2026-01-28T17:54:38.936366+00:00;P2;52.25
4853;pms5003;3628;6.559;3.386;2026-01-28T17:54:38.936366+00:00;P1;70.75
4853;pms5003;3628;6.559;3.386;2026-01-28T17:54:38.936366+00:00;P0;34.00
4854;DHT22;3628;6.559;3.386;2026-01-28T18:00:12.573349+00:00;humidity;75.40
4854;DHT22;3628;6.559;3.386;2026-01-28T18:00:12.573349+00:00;temperature;33.10
4854;DHT22;3628;6.559;3.386;2026-01-28T18:22:18.538039+00:00;humidity;77.90
4854;DHT22;3628;6.559;3.386;2026-01-28T18:22:18.538039+00:00;temperature;32.60
4854;DHT22;3628;6.559;3.386;2026-01-28T18:27:52.698985+00:00;humidity;78.20
4854;DHT22;3628;6.559;3.386;2026-01-28T18:27:52.698985+00:00;temperature;32.60
4853;pms5003;3628;6.559;3.386;2026-01-28T18:33:10.179306+00:00;P2;45.50
4853;pms5003;3628;6.559;3.386;2026-01-28T18:33:10.179306+00:00;P1;62.00
4853;pms5003;3628;6.559;3.386;2026-01-28T18:33:10.179306+00:00;P0;30.00
4854;DHT22;3628;6.559;3.386;2026-01-28T18:33:27.699585+00:00;humidity;78.90
4854;DHT22;3628;6.559;3.386;2026-01-28T18:33:27.699585+00:00;temperature;32.50
4853;pms5003;3628;6.559;3.386;2026-01-28T18:44:08.687913+00:00;P2;46.00
4853;pms5003;3628;6.559;3.386;2026-01-28T18:44:08.687913+00:00;P1;61.25
4853;pms5003;3628;6.559;3.386;2026-01-28T18:44:08.687913+00:00;P0;31.00
4854;DHT22;3628;6.559;3.386;2026-01-28T18:44:26.195025+00:00;humidity;79.20
4854;DHT22;3628;6.559;3.386;2026-01-28T18:44:26.195025+00:00;temperature;32.30
4853;pms5003;3628;6.559;3.386;2026-01-28T18:49:43.379130+00:00;P2;48.75
4853;pms5003;3628;6.559;3.386;2026-01-28T18:49:43.379130+00:00;P1;66.25
4853;pms5003;3628;6.559;3.386;2026-01-28T18:49:43.379130+00:00;P0;31.75
4854;DHT22;3628;6.559;3.386;2026-01-28T18:50:00.773769+00:00;humidity;79.90
4854;DHT22;3628;6.559;3.386;2026-01-28T18:50:00.773769+00:00;temperature;32.30
4854;DHT22;3628;6.559;3.386;2026-01-28T19:00:48.474308+00:00;humidity;80.70
4854;DHT22;3628;6.559;3.386;2026-01-28T19:00:48.474308+00:00;temperature;32.20
4853;pms5003;3628;6.559;3.386;2026-01-28T19:06:05.686520+00:00;P2;48.00
4853;pms5003;3628;6.559;3.386;2026-01-28T19:06:05.686520+00:00;P1;63.25
4853;pms5003;3628;6.559;3.386;2026-01-28T19:06:05.686520+00:00;P0;30.50
4854;DHT22;3628;6.559;3.386;2026-01-28T19:06:23.066603+00:00;humidity;81.30
4854;DHT22;3628;6.559;3.386;2026-01-28T19:06:23.066603+00:00;temperature;32.10
4853;pms5003;3628;6.559;3.386;2026-01-28T19:11:40.251002+00:00;P2;47.00
4853;pms5003;3628;6.559;3.386;2026-01-28T19:11:40.251002+00:00;P1;63.00
4853;pms5003;3628;6.559;3.386;2026-01-28T19:11:40.251002+00:00;P0;32.00
4854;DHT22;3628;6.559;3.386;2026-01-28T19:11:57.606569+00:00;humidity;81.60
4854;DHT22;3628;6.559;3.386;2026-01-28T19:11:57.606569+00:00;temperature;32.00
4853;pms5003;3628;6.559;3.386;2026-01-28T19:17:14.776489+00:00;P2;50.50
4853;pms5003;3628;6.559;3.386;2026-01-28T19:17:14.776489+00:00;P1;66.25
4853;pms5003;3628;6.559;3.386;2026-01-28T19:17:14.776489+00:00;P0;32.75
4853;pms5003;3628;6.559;3.386;2026-01-28T19:28:26.788068+00:00;P2;52.75
4853;pms5003;3628;6.559;3.386;2026-01-28T19:28:26.788068+00:00;P1;71.75
4853;pms5003;3628;6.559;3.386;2026-01-28T19:28:26.788068+00:00;P0;33.25
4853;pms5003;3628;6.559;3.386;2026-01-28T19:33:53.405485+00:00;P2;54.50
4853;pms5003;3628;6.559;3.386;2026-01-28T19:33:53.405485+00:00;P1;74.50
4853;pms5003;3628;6.559;3.386;2026-01-28T19:33:53.405485+00:00;P0;35.00
4854;DHT22;3628;6.559;3.386;2026-01-28T19:34:10.799036+00:00;humidity;82.10
4854;DHT22;3628;6.559;3.386;2026-01-28T19:34:10.799036+00:00;temperature;32.00
4853;pms5003;3628;6.559;3.386;2026-01-28T19:39:27.969989+00:00;P2;50.60
4853;pms5003;3628;6.559;3.386;2026-01-28T19:39:27.969989+00:00;P1;71.40
4853;pms5003;3628;6.559;3.386;2026-01-28T19:39:27.969989+00:00;P0;33.60
4854;DHT22;3628;6.559;3.386;2026-01-28T20:27:10.597745+00:00;humidity;84.80
4854;DHT22;3628;6.559;3.386;2026-01-28T20:27:10.597745+00:00;temperature;31.80
4853;pms5003;3628;6.559;3.386;2026-01-29T06:02:39.209740+00:00;P2;73.00
4853;pms5003;3628;6.559;3.386;2026-01-29T06:02:39.209740+00:00;P1;86.75
4853;pms5003;3628;6.559;3.386;2026-01-29T06:02:39.209740+00:00;P0;47.50
4853;pms5003;3628;6.559;3.386;2026-01-29T06:08:03.647988+00:00;P2;75.25
4853;pms5003;3628;6.559;3.386;2026-01-29T06:08:03.647988+00:00;P1;85.25
4853;pms5003;3628;6.559;3.386;2026-01-29T06:08:03.647988+00:00;P0;48.25
4854;DHT22;3628;6.559;3.386;2026-01-29T06:08:20.880528+00:00;humidity;94.60
4854;DHT22;3628;6.559;3.386;2026-01-29T06:08:20.880528+00:00;temperature;29.60
4853;pms5003;3628;6.559;3.386;2026-01-29T09:54:37.240877+00:00;P2;45.00
4853;pms5003;3628;6.559;3.386;2026-01-29T09:54:37.240877+00:00;P1;57.00
4853;pms5003;3628;6.559;3.386;2026-01-29T09:54:37.240877+00:00;P0;31.00
4854;DHT22;3628;6.559;3.386;2026-01-29T09:54:51.833153+00:00;humidity;65.20
4854;DHT22;3628;6.559;3.386;2026-01-29T09:54:51.833153+00:00;temperature;38.10
4853;pms5003;3628;6.559;3.386;2026-01-29T10:00:09.066395+00:00;P2;45.25
4853;pms5003;3628;6.559;3.386;2026-01-29T10:00:09.066395+00:00;P1;56.50
4853;pms5003;3628;6.559;3.386;2026-01-29T10:00:09.066395+00:00;P0;31.00
4854;DHT22;3628;6.559;3.386;2026-01-29T10:00:26.464262+00:00;humidity;65.10
4854;DHT22;3628;6.559;3.386;2026-01-29T10:00:26.464262+00:00;temperature;37.70
4853;pms5003;3628;6.559;3.386;2026-01-29T10:07:53.086916+00:00;P2;44.00
4853;pms5003;3628;6.559;3.386;2026-01-29T10:07:53.086916+00:00;P1;61.50
4853;pms5003;3628;6.559;3.386;2026-01-29T10:07:53.086916+00:00;P0;31.00
4854;DHT22;3628;6.559;3.386;2026-01-29T10:14:11.461147+00:00;humidity;64.80
4854;DHT22;3628;6.559;3.386;2026-01-29T10:14:11.461147+00:00;temperature;37.70
4853;pms5003;3628;6.559;3.386;2026-01-29T10:41:17.118500+00:00;P2;48.00
4853;pms5003;3628;6.559;3.386;2026-01-29T10:41:17.118500+00:00;P1;62.40
4853;pms5003;3628;6.559;3.386;2026-01-29T10:41:17.118500+00:00;P0;32.00
4854;DHT22;3628;6.559;3.386;2026-01-29T10:41:37.358546+00:00;humidity;63.90
4854;DHT22;3628;6.559;3.386;2026-01-29T10:41:37.358546+00:00;temperature;38.10
4853;pms5003;3628;6.559;3.386;2026-01-29T10:46:54.553709+00:00;P2;43.60
4853;pms5003;3628;6.559;3.386;2026-01-29T10:46:54.553709+00:00;P1;60.80
4853;pms5003;3628;6.559;3.386;2026-01-29T10:46:54.553709+00:00;P0;30.60
4853;pms5003;3628;6.559;3.386;2026-01-29T10:52:46.606525+00:00;P2;48.20
4853;pms5003;3628;6.559;3.386;2026-01-29T10:52:46.606525+00:00;P1;61.00
4853;pms5003;3628;6.559;3.386;2026-01-29T10:52:46.606525+00:00;P0;32.00
4854;DHT22;3628;6.559;3.386;2026-01-29T10:53:03.957495+00:00;humidity;60.10
4854;DHT22;3628;6.559;3.386;2026-01-29T10:53:03.957495+00:00;temperature;39.50
4853;pms5003;3628;6.559;3.386;2026-01-29T11:02:49.369550+00:00;P2;52.00
4853;pms5003;3628;6.559;3.386;2026-01-29T11:02:49.369550+00:00;P1;68.25
4853;pms5003;3628;6.559;3.386;2026-01-29T11:02:49.369550+00:00;P0;35.00
4853;pms5003;3628;6.559;3.386;2026-01-29T11:14:07.542057+00:00;P2;54.50
4853;pms5003;3628;6.559;3.386;2026-01-29T11:14:07.542057+00:00;P1;67.50
4853;pms5003;3628;6.559;3.386;2026-01-29T11:14:07.542057+00:00;P0;35.00
4854;DHT22;3628;6.559;3.386;2026-01-29T11:14:24.950143+00:00;humidity;63.60
4854;DHT22;3628;6.559;3.386;2026-01-29T11:14:24.950143+00:00;temperature;38.00
4854;DHT22;3628;6.559;3.386;2026-01-29T11:19:59.776279+00:00;humidity;60.50
4854;DHT22;3628;6.559;3.386;2026-01-29T11:19:59.776279+00:00;temperature;39.40
4854;DHT22;3628;6.559;3.386;2026-01-29T11:30:36.938235+00:00;humidity;58.30
4854;DHT22;3628;6.559;3.386;2026-01-29T11:30:36.938235+00:00;temperature;40.70
4853;pms5003;3628;6.559;3.386;2026-01-29T12:12:31.544586+00:00;P2;52.25
4853;pms5003;3628;6.559;3.386;2026-01-29T12:12:31.544586+00:00;P1;72.25
4853;pms5003;3628;6.559;3.386;2026-01-29T12:12:31.544586+00:00;P0;34.50
4854;DHT22;3628;6.559;3.386;2026-01-29T12:12:48.859234+00:00;humidity;68.20
4854;DHT22;3628;6.559;3.386;2026-01-29T12:12:48.859234+00:00;temperature;36.30
4854;DHT22;3628;6.559;3.386;2026-01-29T12:18:23.405210+00:00;humidity;67.90
4854;DHT22;3628;6.559;3.386;2026-01-29T12:18:23.405210+00:00;temperature;36.50
4854;DHT22;3628;6.559;3.386;2026-01-29T12:23:57.933548+00:00;humidity;64.20
4854;DHT22;3628;6.559;3.386;2026-01-29T12:23:57.933548+00:00;temperature;38.10
4854;DHT22;3628;6.559;3.386;2026-01-29T12:29:21.995197+00:00;humidity;62.40
4854;DHT22;3628;6.559;3.386;2026-01-29T12:29:21.995197+00:00;temperature;38.80
4854;DHT22;3628;6.559;3.386;2026-01-29T12:41:15.683410+00:00;humidity;62.40
4854;DHT22;3628;6.559;3.386;2026-01-29T12:41:15.683410+00:00;temperature;38.60
4853;pms5003;3628;6.559;3.386;2026-01-29T12:51:23.871744+00:00;P2;53.00
4853;pms5003;3628;6.559;3.386;2026-01-29T12:51:23.871744+00:00;P1;72.25
4853;pms5003;3628;6.559;3.386;2026-01-29T12:51:23.871744+00:00;P0;36.50
4853;pms5003;3628;6.559;3.386;2026-01-29T13:15:09.134707+00:00;P2;51.40
4853;pms5003;3628;6.559;3.386;2026-01-29T13:15:09.134707+00:00;P1;62.80
4853;pms5003;3628;6.559;3.386;2026-01-29T13:15:09.134707+00:00;P0;35.20
4854;DHT22;3628;6.559;3.386;2026-01-29T13:15:26.432049+00:00;humidity;64.80
4854;DHT22;3628;6.559;3.386;2026-01-29T13:15:26.432049+00:00;temperature;37.50
4854;DHT22;3628;6.559;3.386;2026-01-29T13:21:00.985690+00:00;humidity;65.70
4854;DHT22;3628;6.559;3.386;2026-01-29T13:21:00.985690+00:00;temperature;37.20
4853;pms5003;3628;6.559;3.386;2026-01-29T13:31:34.319748+00:00;P2;48.40
4853;pms5003;3628;6.559;3.386;2026-01-29T13:31:34.319748+00:00;P1;66.20
4853;pms5003;3628;6.559;3.386;2026-01-29T13:31:34.319748+00:00;P0;33.00
4854;DHT22;3628;6.559;3.386;2026-01-29T13:31:51.599229+00:00;humidity;60.60
4854;DHT22;3628;6.559;3.386;2026-01-29T13:31:51.599229+00:00;temperature;39.10
4854;DHT22;3628;6.559;3.386;2026-01-29T13:42:28.568003+00:00;humidity;59.60
4854;DHT22;3628;6.559;3.386;2026-01-29T13:42:28.568003+00:00;temperature;39.70
4854;DHT22;3628;6.559;3.386;2026-01-29T13:47:52.487285+00:00;humidity;59.10
4854;DHT22;3628;6.559;3.386;2026-01-29T13:47:52.487285+00:00;temperature;40.00
4854;DHT22;3628;6.559;3.386;2026-01-29T14:04:04.876724+00:00;humidity;60.10
4854;DHT22;3628;6.559;3.386;2026-01-29T14:04:04.876724+00:00;temperature;39.60
4854;DHT22;3628;6.559;3.386;2026-01-29T14:09:28.709682+00:00;humidity;61.10
4854;DHT22;3628;6.559;3.386;2026-01-29T14:09:28.709682+00:00;temperature;39.40
4853;pms5003;3628;6.559;3.386;2026-01-29T14:14:46.000398+00:00;P2;48.25
4853;pms5003;3628;6.559;3.386;2026-01-29T14:14:46.000398+00:00;P1;67.50
4853;pms5003;3628;6.559;3.386;2026-01-29T14:14:46.000398+00:00;P0;33.00
4854;DHT22;3628;6.559;3.386;2026-01-29T14:15:03.306937+00:00;humidity;60.70
4854;DHT22;3628;6.559;3.386;2026-01-29T14:15:03.306937+00:00;temperature;39.50
4853;pms5003;3628;6.559;3.386;2026-01-29T14:20:20.474153+00:00;P2;47.00
4853;pms5003;3628;6.559;3.386;2026-01-29T14:20:20.474153+00:00;P1;58.33
4853;pms5003;3628;6.559;3.386;2026-01-29T14:20:20.474153+00:00;P0;31.33
4853;pms5003;3628;6.559;3.386;2026-01-29T14:31:08.380389+00:00;P2;47.00
4853;pms5003;3628;6.559;3.386;2026-01-29T14:31:08.380389+00:00;P1;62.25
4853;pms5003;3628;6.559;3.386;2026-01-29T14:31:08.380389+00:00;P0;29.75
4854;DHT22;3628;6.559;3.386;2026-01-29T14:31:25.967185+00:00;humidity;65.00
4854;DHT22;3628;6.559;3.386;2026-01-29T14:31:25.967185+00:00;temperature;37.40
4853;pms5003;3628;6.559;3.386;2026-01-29T14:36:43.115144+00:00;P2;46.60
4853;pms5003;3628;6.559;3.386;2026-01-29T14:36:43.115144+00:00;P1;65.60
4853;pms5003;3628;6.559;3.386;2026-01-29T14:36:43.115144+00:00;P0;30.80
4854;DHT22;3628;6.559;3.386;2026-01-29T14:42:34.971673+00:00;humidity;61.50
4854;DHT22;3628;6.559;3.386;2026-01-29T14:42:34.971673+00:00;temperature;39.30
4854;DHT22;3628;6.559;3.386;2026-01-29T14:47:59.507822+00:00;humidity;61.60
4854;DHT22;3628;6.559;3.386;2026-01-29T14:47:59.507822+00:00;temperature;39.30
4854;DHT22;3628;6.559;3.386;2026-01-29T14:53:16.764741+00:00;P2;45.20
4854;DHT22;3628;6.559;3.386;2026-01-29T14:53:16.764741+00:00;P1;59.00
4854;DHT22;3628;6.559;3.386;2026-01-29T14:53:16.764741+00:00;P0;31.00
4853;pms5003;3628;6.559;3.386;2026-01-29T14:58:40.999702+00:00;P2;48.00
4853;pms5003;3628;6.559;3.386;2026-01-29T14:58:40.999702+00:00;P1;64.00
4853;pms5003;3628;6.559;3.386;2026-01-29T14:58:40.999702+00:00;P0;32.75
4854;DHT22;3628;6.559;3.386;2026-01-29T15:04:22.283065+00:00;humidity;62.20
4854;DHT22;3628;6.559;3.386;2026-01-29T15:04:22.283065+00:00;temperature;38.80
4853;pms5003;3628;6.559;3.386;2026-01-29T15:09:39.631762+00:00;P2;48.00
4853;pms5003;3628;6.559;3.386;2026-01-29T15:09:39.631762+00:00;P1;65.00
4853;pms5003;3628;6.559;3.386;2026-01-29T15:09:39.631762+00:00;P0;32.25
4854;DHT22;3628;6.559;3.386;2026-01-29T15:09:57.134958+00:00;humidity;62.10
4854;DHT22;3628;6.559;3.386;2026-01-29T15:09:57.134958+00:00;temperature;38.60
4853;pms5003;3628;6.559;3.386;2026-01-29T15:20:38.606451+00:00;P2;47.00
4853;pms5003;3628;6.559;3.386;2026-01-29T15:20:38.606451+00:00;P1;63.20
4853;pms5003;3628;6.559;3.386;2026-01-29T15:20:38.606451+00:00;P0;31.60
4854;DHT22;3628;6.559;3.386;2026-01-29T15:20:56.027397+00:00;humidity;63.40
4854;DHT22;3628;6.559;3.386;2026-01-29T15:20:56.027397+00:00;temperature;38.20
4853;pms5003;3628;6.559;3.386;2026-01-29T15:26:13.267965+00:00;P2;46.40
4853;pms5003;3628;6.559;3.386;2026-01-29T15:26:13.267965+00:00;P1;57.40
4853;pms5003;3628;6.559;3.386;2026-01-29T15:26:13.267965+00:00;P0;32.00
4853;pms5003;3628;6.559;3.386;2026-01-29T15:43:41.320726+00:00;P2;43.33
4853;pms5003;3628;6.559;3.386;2026-01-29T15:43:41.320726+00:00;P1;59.33
4853;pms5003;3628;6.559;3.386;2026-01-29T15:43:41.320726+00:00;P0;30.00
4854;DHT22;3628;6.559;3.386;2026-01-29T15:53:02.828434+00:00;humidity;66.00
4854;DHT22;3628;6.559;3.386;2026-01-29T15:53:02.828434+00:00;temperature;37.20
4853;pms5003;3628;6.559;3.386;2026-01-29T15:58:20.137445+00:00;P2;43.00
4853;pms5003;3628;6.559;3.386;2026-01-29T15:58:20.137445+00:00;P1;58.75
4853;pms5003;3628;6.559;3.386;2026-01-29T15:58:20.137445+00:00;P0;28.00
4854;DHT22;3628;6.559;3.386;2026-01-29T15:58:37.639603+00:00;humidity;66.20
4854;DHT22;3628;6.559;3.386;2026-01-29T15:58:37.639603+00:00;temperature;37.30
4854;DHT22;3628;6.559;3.386;2026-01-29T16:09:17.599196+00:00;humidity;66.60
4854;DHT22;3628;6.559;3.386;2026-01-29T16:09:17.599196+00:00;temperature;37.20
4853;pms5003;3628;6.559;3.386;2026-01-29T16:14:34.873366+00:00;P2;44.00
4853;pms5003;3628;6.559;3.386;2026-01-29T16:14:34.873366+00:00;P1;62.75
4853;pms5003;3628;6.559;3.386;2026-01-29T16:14:34.873366+00:00;P0;29.00
4854;DHT22;3628;6.559;3.386;2026-01-29T16:14:52.279345+00:00;humidity;68.60
4854;DHT22;3628;6.559;3.386;2026-01-29T16:14:52.279345+00:00;temperature;36.60
4853;pms5003;3628;6.559;3.386;2026-01-29T16:20:09.577540+00:00;P2;47.20
4853;pms5003;3628;6.559;3.386;2026-01-29T16:20:09.577540+00:00;P1;58.80
4853;pms5003;3628;6.559;3.386;2026-01-29T16:20:09.577540+00:00;P0;31.00
4854;DHT22;3628;6.559;3.386;2026-01-29T16:26:01.202354+00:00;humidity;70.30
4854;DHT22;3628;6.559;3.386;2026-01-29T16:26:01.202354+00:00;temperature;36.00
4853;pms5003;3628;6.559;3.386;2026-01-29T16:31:18.345819+00:00;P2;48.00
4853;pms5003;3628;6.559;3.386;2026-01-29T16:31:18.345819+00:00;P1;62.40
4853;pms5003;3628;6.559;3.386;2026-01-29T16:31:18.345819+00:00;P0;32.00
4854;DHT22;3628;6.559;3.386;2026-01-29T16:31:35.889467+00:00;humidity;70.30
4854;DHT22;3628;6.559;3.386;2026-01-29T16:31:35.889467+00:00;temperature;36.10
4853;pms5003;3628;6.559;3.386;2026-01-29T16:36:53.125095+00:00;P2;55.50
4853;pms5003;3628;6.559;3.386;2026-01-29T16:36:53.125095+00:00;P1;69.75
4853;pms5003;3628;6.559;3.386;2026-01-29T16:36:53.125095+00:00;P0;35.75
4854;DHT22;3628;6.559;3.386;2026-01-29T16:37:10.505832+00:00;humidity;70.20
4854;DHT22;3628;6.559;3.386;2026-01-29T16:37:10.505832+00:00;temperature;35.80
4853;pms5003;3628;6.559;3.386;2026-01-29T16:47:51.894004+00:00;P2;49.25
4853;pms5003;3628;6.559;3.386;2026-01-29T16:47:51.894004+00:00;P1;66.25
4853;pms5003;3628;6.559;3.386;2026-01-29T16:47:51.894004+00:00;P0;33.00
4854;DHT22;3628;6.559;3.386;2026-01-29T16:48:09.437150+00:00;humidity;72.50
4854;DHT22;3628;6.559;3.386;2026-01-29T16:48:09.437150+00:00;temperature;35.10
4854;DHT22;3628;6.559;3.386;2026-01-29T16:53:33.205946+00:00;humidity;73.10
4854;DHT22;3628;6.559;3.386;2026-01-29T16:53:33.205946+00:00;temperature;35.00
4853;pms5003;3628;6.559;3.386;2026-01-29T16:58:53.414077+00:00;P2;44.75
4853;pms5003;3628;6.559;3.386;2026-01-29T16:58:53.414077+00:00;P1;62.75
4853;pms5003;3628;6.559;3.386;2026-01-29T16:58:53.414077+00:00;P0;29.00
4854;DHT22;3628;6.559;3.386;2026-01-29T17:04:35.048899+00:00;humidity;75.40
4854;DHT22;3628;6.559;3.386;2026-01-29T17:04:35.048899+00:00;temperature;34.60
4854;DHT22;3628;6.559;3.386;2026-01-29T17:09:59.170487+00:00;humidity;76.50
4854;DHT22;3628;6.559;3.386;2026-01-29T17:09:59.170487+00:00;temperature;34.20
4854;DHT22;3628;6.559;3.386;2026-01-29T17:15:33.731560+00:00;humidity;76.00
4854;DHT22;3628;6.559;3.386;2026-01-29T17:15:33.731560+00:00;temperature;34.00
4853;pms5003;3628;6.559;3.386;2026-01-29T17:20:51.092982+00:00;P2;39.67
4853;pms5003;3628;6.559;3.386;2026-01-29T17:20:51.092982+00:00;P1;52.67
4853;pms5003;3628;6.559;3.386;2026-01-29T17:20:51.092982+00:00;P0;25.67
4854;DHT22;3628;6.559;3.386;2026-01-29T17:31:35.250851+00:00;humidity;77.10
4854;DHT22;3628;6.559;3.386;2026-01-29T17:31:35.250851+00:00;temperature;33.20
4853;pms5003;3628;6.559;3.386;2026-01-29T17:36:52.357704+00:00;P2;45.50
4853;pms5003;3628;6.559;3.386;2026-01-29T17:36:52.357704+00:00;P1;56.00
4853;pms5003;3628;6.559;3.386;2026-01-29T17:36:52.357704+00:00;P0;31.00
4854;DHT22;3628;6.559;3.386;2026-01-29T17:37:09.828239+00:00;humidity;77.70
4854;DHT22;3628;6.559;3.386;2026-01-29T17:37:09.828239+00:00;temperature;33.10
4853;pms5003;3628;6.559;3.386;2026-01-29T17:42:27.158881+00:00;P2;44.50
4853;pms5003;3628;6.559;3.386;2026-01-29T17:42:27.158881+00:00;P1;61.50
4853;pms5003;3628;6.559;3.386;2026-01-29T17:42:27.158881+00:00;P0;30.00
4854;DHT22;3628;6.559;3.386;2026-01-29T17:42:44.575889+00:00;humidity;78.90
4854;DHT22;3628;6.559;3.386;2026-01-29T17:42:44.575889+00:00;temperature;33.00
4854;DHT22;3628;6.559;3.386;2026-01-29T18:34:17.613424+00:00;humidity;80.70
4854;DHT22;3628;6.559;3.386;2026-01-29T18:34:17.613424+00:00;temperature;32.40
4853;pms5003;3628;6.559;3.386;2026-01-29T18:39:34.946380+00:00;P2;41.60
4853;pms5003;3628;6.559;3.386;2026-01-29T18:39:34.946380+00:00;P1;53.20
4853;pms5003;3628;6.559;3.386;2026-01-29T18:39:34.946380+00:00;P0;28.00
4853;pms5003;3628;6.559;3.386;2026-01-29T18:45:02.129244+00:00;P2;41.00
4853;pms5003;3628;6.559;3.386;2026-01-29T18:45:02.129244+00:00;P1;55.50
4853;pms5003;3628;6.559;3.386;2026-01-29T18:45:02.129244+00:00;P0;28.00
4854;DHT22;3628;6.559;3.386;2026-01-29T18:45:19.587141+00:00;humidity;80.40
4854;DHT22;3628;6.559;3.386;2026-01-29T18:45:19.587141+00:00;temperature;32.50
4853;pms5003;3628;6.559;3.386;2026-01-29T18:50:38.045140+00:00;P2;43.00
4853;pms5003;3628;6.559;3.386;2026-01-29T18:50:38.045140+00:00;P1;61.50
4853;pms5003;3628;6.559;3.386;2026-01-29T18:50:38.045140+00:00;P0;28.00
4854;DHT22;3628;6.559;3.386;2026-01-29T18:50:55.389353+00:00;humidity;81.80
4854;DHT22;3628;6.559;3.386;2026-01-29T18:50:55.389353+00:00;temperature;32.30
4853;pms5003;3628;6.559;3.386;2026-01-29T18:56:12.775502+00:00;P2;43.00
4853;pms5003;3628;6.559;3.386;2026-01-29T18:56:12.775502+00:00;P1;54.00
4853;pms5003;3628;6.559;3.386;2026-01-29T18:56:12.775502+00:00;P0;27.00
4854;DHT22;3628;6.559;3.386;2026-01-29T18:56:30.366722+00:00;humidity;82.30
4854;DHT22;3628;6.559;3.386;2026-01-29T18:56:30.366722+00:00;temperature;32.30
4853;pms5003;3628;6.559;3.386;2026-01-29T19:01:47.545525+00:00;P2;41.60
4853;pms5003;3628;6.559;3.386;2026-01-29T19:01:47.545525+00:00;P1;56.80
4853;pms5003;3628;6.559;3.386;2026-01-29T19:01:47.545525+00:00;P0;26.60
4854;DHT22;3628;6.559;3.386;2026-01-29T19:02:05.077776+00:00;humidity;83.50
4854;DHT22;3628;6.559;3.386;2026-01-29T19:02:05.077776+00:00;temperature;32.20
4853;pms5003;3628;6.559;3.386;2026-01-29T19:07:22.403754+00:00;P2;45.00
4853;pms5003;3628;6.559;3.386;2026-01-29T19:07:22.403754+00:00;P1;60.00
4853;pms5003;3628;6.559;3.386;2026-01-29T19:07:22.403754+00:00;P0;28.50
4854;DHT22;3628;6.559;3.386;2026-01-29T19:07:39.689131+00:00;humidity;84.20
4854;DHT22;3628;6.559;3.386;2026-01-29T19:07:39.689131+00:00;temperature;32.00
4853;pms5003;3628;6.559;3.386;2026-01-29T19:12:56.989936+00:00;P2;45.50
4853;pms5003;3628;6.559;3.386;2026-01-29T19:12:56.989936+00:00;P1;61.75
4853;pms5003;3628;6.559;3.386;2026-01-29T19:12:56.989936+00:00;P0;28.50
4853;pms5003;3628;6.559;3.386;2026-01-29T19:19:02.645370+00:00;P2;42.75
4853;pms5003;3628;6.559;3.386;2026-01-29T19:19:02.645370+00:00;P1;55.50
4853;pms5003;3628;6.559;3.386;2026-01-29T19:19:02.645370+00:00;P0;28.00
4854;DHT22;3628;6.559;3.386;2026-01-29T19:23:54.912712+00:00;humidity;84.10
4854;DHT22;3628;6.559;3.386;2026-01-29T19:23:54.912712+00:00;temperature;32.00
4853;pms5003;3628;6.559;3.386;2026-01-29T19:29:15.204767+00:00;P2;42.20
4853;pms5003;3628;6.559;3.386;2026-01-29T19:29:15.204767+00:00;P1;56.00
4853;pms5003;3628;6.559;3.386;2026-01-29T19:29:15.204767+00:00;P0;27.40
4853;pms5003;3628;6.559;3.386;2026-01-29T19:34:39.005163+00:00;P2;45.25
4853;pms5003;3628;6.559;3.386;2026-01-29T19:34:39.005163+00:00;P1;61.50
4853;pms5003;3628;6.559;3.386;2026-01-29T19:34:39.005163+00:00;P0;30.00
4854;DHT22;3628;6.559;3.386;2026-01-29T19:34:56.501682+00:00;humidity;84.00
4854;DHT22;3628;6.559;3.386;2026-01-29T19:34:56.501682+00:00;temperature;32.10
4853;pms5003;3628;6.559;3.386;2026-01-29T19:40:13.936227+00:00;P2;43.00
4853;pms5003;3628;6.559;3.386;2026-01-29T19:40:13.936227+00:00;P1;58.00
4853;pms5003;3628;6.559;3.386;2026-01-29T19:40:13.936227+00:00;P0;28.00
4854;DHT22;3628;6.559;3.386;2026-01-29T19:40:31.141963+00:00;humidity;83.30
4854;DHT22;3628;6.559;3.386;2026-01-29T19:40:31.141963+00:00;temperature;32.00
4853;pms5003;3628;6.559;3.386;2026-01-29T19:45:49.457184+00:00;P2;42.00
4853;pms5003;3628;6.559;3.386;2026-01-29T19:45:49.457184+00:00;P1;51.00
4853;pms5003;3628;6.559;3.386;2026-01-29T19:45:49.457184+00:00;P0;27.00
4854;DHT22;3628;6.559;3.386;2026-01-29T19:46:07.021783+00:00;humidity;83.30
4854;DHT22;3628;6.559;3.386;2026-01-29T19:46:07.021783+00:00;temperature;32.00
4854;DHT22;3628;6.559;3.386;2026-01-29T19:51:41.096333+00:00;humidity;83.70
4854;DHT22;3628;6.559;3.386;2026-01-29T19:51:41.096333+00:00;temperature;32.10
4853;pms5003;3628;6.559;3.386;2026-01-29T19:56:58.444370+00:00;P2;51.75
4853;pms5003;3628;6.559;3.386;2026-01-29T19:56:58.444370+00:00;P1;70.75
4853;pms5003;3628;6.559;3.386;2026-01-29T19:56:58.444370+00:00;P0;32.50
4854;DHT22;3628;6.559;3.386;2026-01-29T19:57:15.791414+00:00;humidity;84.40
4854;DHT22;3628;6.559;3.386;2026-01-29T19:57:15.791414+00:00;temperature;32.00
4854;DHT22;3628;6.559;3.386;2026-01-29T20:02:40.322074+00:00;humidity;84.80
4854;DHT22;3628;6.559;3.386;2026-01-29T20:02:40.322074+00:00;temperature;32.00
4853;pms5003;3628;6.559;3.386;2026-01-29T20:07:57.564149+00:00;P2;52.00
4853;pms5003;3628;6.559;3.386;2026-01-29T20:07:57.564149+00:00;P1;72.25
4853;pms5003;3628;6.559;3.386;2026-01-29T20:07:57.564149+00:00;P0;33.00
4853;pms5003;3628;6.559;3.386;2026-01-29T20:13:21.524043+00:00;P2;47.80
4853;pms5003;3628;6.559;3.386;2026-01-29T20:13:21.524043+00:00;P1;67.00
4853;pms5003;3628;6.559;3.386;2026-01-29T20:13:21.524043+00:00;P0;31.80
4853;pms5003;3628;6.559;3.386;2026-01-29T20:18:45.495759+00:00;P2;47.50
4853;pms5003;3628;6.559;3.386;2026-01-29T20:18:45.495759+00:00;P1;62.50
4853;pms5003;3628;6.559;3.386;2026-01-29T20:18:45.495759+00:00;P0;30.50
4854;DHT22;3628;6.559;3.386;2026-01-29T20:19:03.026889+00:00;humidity;85.20
4854;DHT22;3628;6.559;3.386;2026-01-29T20:19:03.026889+00:00;temperature;31.90
4853;pms5003;3628;6.559;3.386;2026-01-29T20:24:20.214340+00:00;P2;49.00
4853;pms5003;3628;6.559;3.386;2026-01-29T20:24:20.214340+00:00;P1;67.20
4853;pms5003;3628;6.559;3.386;2026-01-29T20:24:20.214340+00:00;P0;31.00
4854;DHT22;3628;6.559;3.386;2026-01-29T20:24:37.629923+00:00;humidity;85.30
4854;DHT22;3628;6.559;3.386;2026-01-29T20:24:37.629923+00:00;temperature;31.90
4853;pms5003;3628;6.559;3.386;2026-01-29T20:52:06.621881+00:00;P2;42.75
4853;pms5003;3628;6.559;3.386;2026-01-29T20:52:06.621881+00:00;P1;59.00
4853;pms5003;3628;6.559;3.386;2026-01-29T20:52:06.621881+00:00;P0;27.00
4854;DHT22;3628;6.559;3.386;2026-01-29T20:56:24.516152+00:00;humidity;85.00
4854;DHT22;3628;6.559;3.386;2026-01-29T20:56:24.516152+00:00;temperature;31.80
4854;DHT22;3628;6.559;3.386;2026-01-29T21:07:08.361482+00:00;humidity;85.20
4854;DHT22;3628;6.559;3.386;2026-01-29T21:07:08.361482+00:00;temperature;31.90
4854;DHT22;3628;6.559;3.386;2026-01-29T21:12:32.570206+00:00;humidity;85.30
4854;DHT22;3628;6.559;3.386;2026-01-29T21:12:32.570206+00:00;temperature;31.60
4853;pms5003;3628;6.559;3.386;2026-01-29T21:17:52.623622+00:00;P2;46.25
4853;pms5003;3628;6.559;3.386;2026-01-29T21:17:52.623622+00:00;P1;66.00
4853;pms5003;3628;6.559;3.386;2026-01-29T21:17:52.623622+00:00;P0;31.00
4853;pms5003;3628;6.559;3.386;2026-01-29T21:34:01.770241+00:00;P2;42.75
4853;pms5003;3628;6.559;3.386;2026-01-29T21:34:01.770241+00:00;P1;53.25
4853;pms5003;3628;6.559;3.386;2026-01-29T21:34:01.770241+00:00;P0;27.25
4854;DHT22;3628;6.559;3.386;2026-01-29T21:34:19.196795+00:00;humidity;84.30
4854;DHT22;3628;6.559;3.386;2026-01-29T21:34:19.196795+00:00;temperature;31.70
4853;pms5003;3628;6.559;3.386;2026-01-29T21:39:36.350900+00:00;P2;36.00
4853;pms5003;3628;6.559;3.386;2026-01-29T21:39:36.350900+00:00;P1;50.25
4853;pms5003;3628;6.559;3.386;2026-01-29T21:39:36.350900+00:00;P0;25.00
4854;DHT22;3628;6.559;3.386;2026-01-29T21:39:53.706664+00:00;humidity;84.50
4854;DHT22;3628;6.559;3.386;2026-01-29T21:39:53.706664+00:00;temperature;31.70
4853;pms5003;3628;6.559;3.386;2026-01-29T21:45:10.884508+00:00;P2;37.80
4853;pms5003;3628;6.559;3.386;2026-01-29T21:45:10.884508+00:00;P1;49.40
4853;pms5003;3628;6.559;3.386;2026-01-29T21:45:10.884508+00:00;P0;25.80
4854;DHT22;3628;6.559;3.386;2026-01-29T21:45:28.237760+00:00;humidity;84.60
4854;DHT22;3628;6.559;3.386;2026-01-29T21:45:28.237760+00:00;temperature;31.70
4854;DHT22;3628;6.559;3.386;2026-01-29T21:50:52.185092+00:00;humidity;84.50
4854;DHT22;3628;6.559;3.386;2026-01-29T21:50:52.185092+00:00;temperature;31.70
4853;pms5003;3628;6.559;3.386;2026-01-29T21:56:09.362207+00:00;P2;35.60
4853;pms5003;3628;6.559;3.386;2026-01-29T21:56:09.362207+00:00;P1;49.00
4853;pms5003;3628;6.559;3.386;2026-01-29T21:56:09.362207+00:00;P0;24.80
4854;DHT22;3628;6.559;3.386;2026-01-29T21:56:26.800992+00:00;humidity;85.20
4854;DHT22;3628;6.559;3.386;2026-01-29T21:56:26.800992+00:00;temperature;31.60
4854;DHT22;3628;6.559;3.386;2026-01-29T22:01:53.930724+00:00;humidity;84.80
4854;DHT22;3628;6.559;3.386;2026-01-29T22:01:53.930724+00:00;temperature;31.70
4853;pms5003;3628;6.559;3.386;2026-01-29T22:12:24.097697+00:00;P2;39.60
4853;pms5003;3628;6.559;3.386;2026-01-29T22:12:24.097697+00:00;P1;51.40
4853;pms5003;3628;6.559;3.386;2026-01-29T22:12:24.097697+00:00;P0;25.60
4854;DHT22;3628;6.559;3.386;2026-01-29T22:12:41.472065+00:00;humidity;85.20
4854;DHT22;3628;6.559;3.386;2026-01-29T22:12:41.472065+00:00;temperature;31.60
4853;pms5003;3628;6.559;3.386;2026-01-29T22:17:58.649732+00:00;P2;39.25
4853;pms5003;3628;6.559;3.386;2026-01-29T22:17:58.649732+00:00;P1;55.00
4853;pms5003;3628;6.559;3.386;2026-01-29T22:17:58.649732+00:00;P0;25.50
4854;DHT22;3628;6.559;3.386;2026-01-29T22:23:45.845828+00:00;humidity;85.90
4854;DHT22;3628;6.559;3.386;2026-01-29T22:23:45.845828+00:00;temperature;31.50
4853;pms5003;3628;6.559;3.386;2026-01-30T06:18:23.078023+00:00;P2;53.40
4853;pms5003;3628;6.559;3.386;2026-01-30T06:18:23.078023+00:00;P1;68.00
4853;pms5003;3628;6.559;3.386;2026-01-30T06:18:23.078023+00:00;P0;33.80
4854;DHT22;3628;6.559;3.386;2026-01-30T06:18:40.402133+00:00;humidity;98.00
4854;DHT22;3628;6.559;3.386;2026-01-30T06:18:40.402133+00:00;temperature;29.90
4854;DHT22;3628;6.559;3.386;2026-01-30T06:29:38.736355+00:00;humidity;93.50
4854;DHT22;3628;6.559;3.386;2026-01-30T06:29:38.736355+00:00;temperature;30.80
4854;DHT22;3628;6.559;3.386;2026-01-30T13:46:36.720030+00:00;humidity;62.10
4854;DHT22;3628;6.559;3.386;2026-01-30T13:46:36.720030+00:00;temperature;38.30
4853;pms5003;3628;6.559;3.386;2026-01-30T13:51:54.205907+00:00;P2;47.33
4853;pms5003;3628;6.559;3.386;2026-01-30T13:51:54.205907+00:00;P1;66.67
4853;pms5003;3628;6.559;3.386;2026-01-30T13:51:54.205907+00:00;P0;32.33
4854;DHT22;3628;6.559;3.386;2026-01-30T13:57:25.124075+00:00;humidity;56.40
4854;DHT22;3628;6.559;3.386;2026-01-30T13:57:25.124075+00:00;temperature;39.00
4853;pms5003;3628;6.559;3.386;2026-01-30T14:02:45.348900+00:00;P2;48.50
4853;pms5003;3628;6.559;3.386;2026-01-30T14:02:45.348900+00:00;P1;64.25
4853;pms5003;3628;6.559;3.386;2026-01-30T14:02:45.348900+00:00;P0;32.00
4854;DHT22;3628;6.559;3.386;2026-01-30T14:03:02.793584+00:00;humidity;59.20
4854;DHT22;3628;6.559;3.386;2026-01-30T14:03:02.793584+00:00;temperature;37.60
4853;pms5003;3628;6.559;3.386;2026-01-30T14:08:20.037952+00:00;P2;45.50
4853;pms5003;3628;6.559;3.386;2026-01-30T14:08:20.037952+00:00;P1;59.50
4853;pms5003;3628;6.559;3.386;2026-01-30T14:08:20.037952+00:00;P0;31.00
4854;DHT22;3628;6.559;3.386;2026-01-30T14:08:37.552976+00:00;humidity;57.80
4854;DHT22;3628;6.559;3.386;2026-01-30T14:08:37.552976+00:00;temperature;38.00
4853;pms5003;3628;6.559;3.386;2026-01-30T14:13:54.654502+00:00;P2;46.00
4853;pms5003;3628;6.559;3.386;2026-01-30T14:13:54.654502+00:00;P1;57.25
4853;pms5003;3628;6.559;3.386;2026-01-30T14:13:54.654502+00:00;P0;32.00
4853;pms5003;3628;6.559;3.386;2026-01-30T14:24:47.369713+00:00;P2;45.75
4853;pms5003;3628;6.559;3.386;2026-01-30T14:24:47.369713+00:00;P1;62.25
4853;pms5003;3628;6.559;3.386;2026-01-30T14:24:47.369713+00:00;P0;31.00
4854;DHT22;3628;6.559;3.386;2026-01-30T14:25:04.917966+00:00;humidity;54.10
4854;DHT22;3628;6.559;3.386;2026-01-30T14:25:04.917966+00:00;temperature;40.10
4853;pms5003;3628;6.559;3.386;2026-01-30T14:30:22.070930+00:00;P2;45.40
4853;pms5003;3628;6.559;3.386;2026-01-30T14:30:22.070930+00:00;P1;63.20
4853;pms5003;3628;6.559;3.386;2026-01-30T14:30:22.070930+00:00;P0;30.40
4854;DHT22;3628;6.559;3.386;2026-01-30T14:30:39.582535+00:00;humidity;54.70
4854;DHT22;3628;6.559;3.386;2026-01-30T14:30:39.582535+00:00;temperature;39.50
4854;DHT22;3628;6.559;3.386;2026-01-30T14:36:03.229894+00:00;humidity;54.10
4854;DHT22;3628;6.559;3.386;2026-01-30T14:36:03.229894+00:00;temperature;39.70
4854;DHT22;3628;6.559;3.386;2026-01-30T14:41:29.892271+00:00;humidity;54.30
4854;DHT22;3628;6.559;3.386;2026-01-30T14:41:29.892271+00:00;temperature;39.90
4853;pms5003;3628;6.559;3.386;2026-01-30T14:46:47.065282+00:00;P2;46.60
4853;pms5003;3628;6.559;3.386;2026-01-30T14:46:47.065282+00:00;P1;63.00
4853;pms5003;3628;6.559;3.386;2026-01-30T14:46:47.065282+00:00;P0;32.60
4854;DHT22;3628;6.559;3.386;2026-01-30T14:47:04.406137+00:00;humidity;55.30
4854;DHT22;3628;6.559;3.386;2026-01-30T14:47:04.406137+00:00;temperature;38.90
4853;pms5003;3628;6.559;3.386;2026-01-30T14:58:23.005710+00:00;P2;58.67
4853;pms5003;3628;6.559;3.386;2026-01-30T14:58:23.005710+00:00;P1;75.67
4853;pms5003;3628;6.559;3.386;2026-01-30T14:58:23.005710+00:00;P0;37.33
4854;DHT22;3628;6.559;3.386;2026-01-30T14:58:40.336051+00:00;humidity;60.10
4854;DHT22;3628;6.559;3.386;2026-01-30T14:58:40.336051+00:00;temperature;37.00
4854;DHT22;3628;6.559;3.386;2026-01-30T15:04:14.886041+00:00;humidity;60.50
4854;DHT22;3628;6.559;3.386;2026-01-30T15:04:14.886041+00:00;temperature;36.90
4853;pms5003;3628;6.559;3.386;2026-01-30T15:09:32.121148+00:00;P2;56.33
4853;pms5003;3628;6.559;3.386;2026-01-30T15:09:32.121148+00:00;P1;72.33
4853;pms5003;3628;6.559;3.386;2026-01-30T15:09:32.121148+00:00;P0;38.00
4854;DHT22;3628;6.559;3.386;2026-01-30T15:09:49.437779+00:00;humidity;59.10
4854;DHT22;3628;6.559;3.386;2026-01-30T15:09:49.437779+00:00;temperature;37.20
4853;pms5003;3628;6.559;3.386;2026-01-30T15:37:21.340281+00:00;P2;43.50
4853;pms5003;3628;6.559;3.386;2026-01-30T15:37:21.340281+00:00;P1;57.50
4853;pms5003;3628;6.559;3.386;2026-01-30T15:37:21.340281+00:00;P0;28.50
4854;DHT22;3628;6.559;3.386;2026-01-30T15:37:38.687474+00:00;humidity;55.90
4854;DHT22;3628;6.559;3.386;2026-01-30T15:37:38.687474+00:00;temperature;38.30
4853;pms5003;3628;6.559;3.386;2026-01-30T15:42:56.109909+00:00;P2;41.00
4853;pms5003;3628;6.559;3.386;2026-01-30T15:42:56.109909+00:00;P1;50.50
4853;pms5003;3628;6.559;3.386;2026-01-30T15:42:56.109909+00:00;P0;28.00
4853;pms5003;3628;6.559;3.386;2026-01-30T16:16:20.787703+00:00;P2;39.50
4853;pms5003;3628;6.559;3.386;2026-01-30T16:16:20.787703+00:00;P1;51.50
4853;pms5003;3628;6.559;3.386;2026-01-30T16:16:20.787703+00:00;P0;25.50
4854;DHT22;3628;6.559;3.386;2026-01-30T17:20:48.370780+00:00;humidity;77.10
4854;DHT22;3628;6.559;3.386;2026-01-30T17:20:48.370780+00:00;temperature;32.90
4853;pms5003;3628;6.559;3.386;2026-01-30T17:26:05.702140+00:00;P2;44.00
4853;pms5003;3628;6.559;3.386;2026-01-30T17:26:05.702140+00:00;P1;56.00
4853;pms5003;3628;6.559;3.386;2026-01-30T17:26:05.702140+00:00;P0;28.75
4854;DHT22;3628;6.559;3.386;2026-01-30T17:26:23.138444+00:00;humidity;77.80
4854;DHT22;3628;6.559;3.386;2026-01-30T17:26:23.138444+00:00;temperature;32.60
4854;DHT22;3628;6.559;3.386;2026-01-30T17:32:09.256654+00:00;humidity;77.80
4854;DHT22;3628;6.559;3.386;2026-01-30T17:32:09.256654+00:00;temperature;32.50
4854;DHT22;3628;6.559;3.386;2026-01-30T17:37:33.149439+00:00;humidity;77.90
4854;DHT22;3628;6.559;3.386;2026-01-30T17:37:33.149439+00:00;temperature;32.40
4853;pms5003;3628;6.559;3.386;2026-01-30T17:48:03.244273+00:00;P2;46.00
4853;pms5003;3628;6.559;3.386;2026-01-30T17:48:03.244273+00:00;P1;57.60
4853;pms5003;3628;6.559;3.386;2026-01-30T17:48:03.244273+00:00;P0;30.00
4854;DHT22;3628;6.559;3.386;2026-01-30T17:54:01.021228+00:00;humidity;78.00
4854;DHT22;3628;6.559;3.386;2026-01-30T17:54:01.021228+00:00;temperature;32.00
4853;pms5003;3628;6.559;3.386;2026-01-30T17:59:21.073369+00:00;P2;45.50
4853;pms5003;3628;6.559;3.386;2026-01-30T17:59:21.073369+00:00;P1;60.75
4853;pms5003;3628;6.559;3.386;2026-01-30T17:59:21.073369+00:00;P0;29.00
4853;pms5003;3628;6.559;3.386;2026-01-30T18:30:28.668538+00:00;P2;42.33
4853;pms5003;3628;6.559;3.386;2026-01-30T18:30:28.668538+00:00;P1;54.67
4853;pms5003;3628;6.559;3.386;2026-01-30T18:30:28.668538+00:00;P0;28.67
4854;DHT22;3628;6.559;3.386;2026-01-30T18:30:46.322168+00:00;humidity;83.80
4854;DHT22;3628;6.559;3.386;2026-01-30T18:30:46.322168+00:00;temperature;31.40
4854;DHT22;3628;6.559;3.386;2026-01-30T18:36:10.443216+00:00;humidity;84.40
4854;DHT22;3628;6.559;3.386;2026-01-30T18:36:10.443216+00:00;temperature;31.30
4853;pms5003;3628;6.559;3.386;2026-01-30T18:41:27.674588+00:00;P2;44.20
4853;pms5003;3628;6.559;3.386;2026-01-30T18:41:27.674588+00:00;P1;57.20
4853;pms5003;3628;6.559;3.386;2026-01-30T18:41:27.674588+00:00;P0;29.00
4853;pms5003;3628;6.559;3.386;2026-01-30T18:52:39.548634+00:00;P2;42.80
4853;pms5003;3628;6.559;3.386;2026-01-30T18:52:39.548634+00:00;P1;52.80
4853;pms5003;3628;6.559;3.386;2026-01-30T18:52:39.548634+00:00;P0;28.00
4854;DHT22;3628;6.559;3.386;2026-01-30T18:52:57.004817+00:00;humidity;84.90
4854;DHT22;3628;6.559;3.386;2026-01-30T18:52:57.004817+00:00;temperature;31.30
4853;pms5003;3628;6.559;3.386;2026-01-30T18:58:14.186910+00:00;P2;43.50
4853;pms5003;3628;6.559;3.386;2026-01-30T18:58:14.186910+00:00;P1;60.50
4853;pms5003;3628;6.559;3.386;2026-01-30T18:58:14.186910+00:00;P0;29.00
4853;pms5003;3628;6.559;3.386;2026-01-30T19:03:49.198596+00:00;P2;43.75
4853;pms5003;3628;6.559;3.386;2026-01-30T19:03:49.198596+00:00;P1;58.25
4853;pms5003;3628;6.559;3.386;2026-01-30T19:03:49.198596+00:00;P0;28.50
4854;DHT22;3628;6.559;3.386;2026-01-30T19:04:06.552027+00:00;humidity;85.30
4854;DHT22;3628;6.559;3.386;2026-01-30T19:04:06.552027+00:00;temperature;31.00
4853;pms5003;3628;6.559;3.386;2026-01-30T19:09:23.739344+00:00;P2;45.75
4853;pms5003;3628;6.559;3.386;2026-01-30T19:09:23.739344+00:00;P1;60.50
4853;pms5003;3628;6.559;3.386;2026-01-30T19:09:23.739344+00:00;P0;29.50
4854;DHT22;3628;6.559;3.386;2026-01-30T19:09:41.132265+00:00;humidity;85.60
4854;DHT22;3628;6.559;3.386;2026-01-30T19:09:41.132265+00:00;temperature;30.90
4853;pms5003;3628;6.559;3.386;2026-01-30T19:14:58.284537+00:00;P2;46.00
4853;pms5003;3628;6.559;3.386;2026-01-30T19:14:58.284537+00:00;P1;61.50
4853;pms5003;3628;6.559;3.386;2026-01-30T19:14:58.284537+00:00;P0;29.75
4854;DHT22;3628;6.559;3.386;2026-01-30T19:15:15.697875+00:00;humidity;85.50
4854;DHT22;3628;6.559;3.386;2026-01-30T19:15:15.697875+00:00;temperature;31.00
4853;pms5003;3628;6.559;3.386;2026-01-30T19:20:33.180748+00:00;P2;43.75
4853;pms5003;3628;6.559;3.386;2026-01-30T19:20:33.180748+00:00;P1;54.00
4853;pms5003;3628;6.559;3.386;2026-01-30T19:20:33.180748+00:00;P0;28.75
4854;DHT22;3628;6.559;3.386;2026-01-30T19:20:50.678976+00:00;humidity;85.70
4854;DHT22;3628;6.559;3.386;2026-01-30T19:20:50.678976+00:00;temperature;30.90
4853;pms5003;3628;6.559;3.386;2026-01-30T19:26:07.867384+00:00;P2;46.00
4853;pms5003;3628;6.559;3.386;2026-01-30T19:26:07.867384+00:00;P1;62.00
4853;pms5003;3628;6.559;3.386;2026-01-30T19:26:07.867384+00:00;P0;30.40
4854;DHT22;3628;6.559;3.386;2026-01-30T19:26:25.232989+00:00;humidity;85.80
4854;DHT22;3628;6.559;3.386;2026-01-30T19:26:25.232989+00:00;temperature;30.90
4853;pms5003;3628;6.559;3.386;2026-01-30T19:31:42.413568+00:00;P2;49.00
4853;pms5003;3628;6.559;3.386;2026-01-30T19:31:42.413568+00:00;P1;66.25
4853;pms5003;3628;6.559;3.386;2026-01-30T19:31:42.413568+00:00;P0;33.00
4853;pms5003;3628;6.559;3.386;2026-01-30T19:37:06.621153+00:00;P2;50.50
4853;pms5003;3628;6.559;3.386;2026-01-30T19:37:06.621153+00:00;P1;68.75
4853;pms5003;3628;6.559;3.386;2026-01-30T19:37:06.621153+00:00;P0;32.75
4854;DHT22;3628;6.559;3.386;2026-01-30T19:37:24.061896+00:00;humidity;86.20
4854;DHT22;3628;6.559;3.386;2026-01-30T19:37:24.061896+00:00;temperature;30.90
4853;pms5003;3628;6.559;3.386;2026-01-30T19:42:41.264799+00:00;P2;50.00
4853;pms5003;3628;6.559;3.386;2026-01-30T19:42:41.264799+00:00;P1;66.00
4853;pms5003;3628;6.559;3.386;2026-01-30T19:42:41.264799+00:00;P0;32.00
4854;DHT22;3628;6.559;3.386;2026-01-30T19:42:58.667898+00:00;humidity;86.40
4854;DHT22;3628;6.559;3.386;2026-01-30T19:42:58.667898+00:00;temperature;30.80
4853;pms5003;3628;6.559;3.386;2026-01-30T19:48:15.888827+00:00;P2;49.00
4853;pms5003;3628;6.559;3.386;2026-01-30T19:48:15.888827+00:00;P1;66.25
4853;pms5003;3628;6.559;3.386;2026-01-30T19:48:15.888827+00:00;P0;32.00
4854;DHT22;3628;6.559;3.386;2026-01-30T19:48:33.506157+00:00;humidity;86.50
4854;DHT22;3628;6.559;3.386;2026-01-30T19:48:33.506157+00:00;temperature;30.70
4853;pms5003;3628;6.559;3.386;2026-01-30T19:53:50.768803+00:00;P2;49.80
4853;pms5003;3628;6.559;3.386;2026-01-30T19:53:50.768803+00:00;P1;66.00
4853;pms5003;3628;6.559;3.386;2026-01-30T19:53:50.768803+00:00;P0;32.80
4853;pms5003;3628;6.559;3.386;2026-01-30T19:59:25.613308+00:00;P2;50.50
4853;pms5003;3628;6.559;3.386;2026-01-30T19:59:25.613308+00:00;P1;66.25
4853;pms5003;3628;6.559;3.386;2026-01-30T19:59:25.613308+00:00;P0;33.25
4854;DHT22;3628;6.559;3.386;2026-01-30T19:59:43.049131+00:00;humidity;86.90
4854;DHT22;3628;6.559;3.386;2026-01-30T19:59:43.049131+00:00;temperature;30.70
4853;pms5003;3628;6.559;3.386;2026-01-30T20:05:00.314181+00:00;P2;55.00
4853;pms5003;3628;6.559;3.386;2026-01-30T20:05:00.314181+00:00;P1;75.50
4853;pms5003;3628;6.559;3.386;2026-01-30T20:05:00.314181+00:00;P0;37.00
4854;DHT22;3628;6.559;3.386;2026-01-30T20:05:17.653841+00:00;humidity;87.00
4854;DHT22;3628;6.559;3.386;2026-01-30T20:05:17.653841+00:00;temperature;30.70
4853;pms5003;3628;6.559;3.386;2026-01-30T20:10:52.273844+00:00;humidity;87.00
4853;pms5003;3628;6.559;3.386;2026-01-30T20:10:52.273844+00:00;temperature;30.70
4854;DHT22;3628;6.559;3.386;2026-01-31T09:51:30.762361+00:00;humidity;73.60
4854;DHT22;3628;6.559;3.386;2026-01-31T09:51:30.762361+00:00;temperature;35.60
4853;pms5003;3628;6.559;3.386;2026-01-31T10:02:11.973666+00:00;P2;74.67
4853;pms5003;3628;6.559;3.386;2026-01-31T10:02:11.973666+00:00;P1;86.67
4853;pms5003;3628;6.559;3.386;2026-01-31T10:02:11.973666+00:00;P0;50.00
4854;DHT22;3628;6.559;3.386;2026-01-31T10:02:29.555305+00:00;humidity;73.80
4854;DHT22;3628;6.559;3.386;2026-01-31T10:02:29.555305+00:00;temperature;36.70
4853;pms5003;3628;6.559;3.386;2026-01-31T10:26:03.817429+00:00;humidity;70.00
4853;pms5003;3628;6.559;3.386;2026-01-31T10:26:03.817429+00:00;temperature;35.70
4853;pms5003;3628;6.559;3.386;2026-01-31T10:31:21.062950+00:00;P2;41.67
4853;pms5003;3628;6.559;3.386;2026-01-31T10:31:21.062950+00:00;P1;57.33
4853;pms5003;3628;6.559;3.386;2026-01-31T10:31:21.062950+00:00;P0;28.00
4854;DHT22;3628;6.559;3.386;2026-01-31T10:31:38.483196+00:00;humidity;73.00
4854;DHT22;3628;6.559;3.386;2026-01-31T10:31:38.483196+00:00;temperature;35.70
4853;pms5003;3628;6.559;3.386;2026-01-31T10:37:31.979689+00:00;P2;42.00
4853;pms5003;3628;6.559;3.386;2026-01-31T10:37:31.979689+00:00;P1;55.00
4853;pms5003;3628;6.559;3.386;2026-01-31T10:37:31.979689+00:00;P0;27.00
4853;pms5003;3628;6.559;3.386;2026-01-31T10:42:20.041763+00:00;P2;42.00
4853;pms5003;3628;6.559;3.386;2026-01-31T10:42:20.041763+00:00;P1;54.00
4853;pms5003;3628;6.559;3.386;2026-01-31T10:42:20.041763+00:00;P0;28.00
4854;DHT22;3628;6.559;3.386;2026-01-31T10:42:37.460706+00:00;humidity;67.00
4854;DHT22;3628;6.559;3.386;2026-01-31T10:42:37.460706+00:00;temperature;37.60
4853;pms5003;3628;6.559;3.386;2026-01-31T10:47:54.718286+00:00;P2;42.40
4853;pms5003;3628;6.559;3.386;2026-01-31T10:47:54.718286+00:00;P1;53.20
4853;pms5003;3628;6.559;3.386;2026-01-31T10:47:54.718286+00:00;P0;27.40
4854;DHT22;3628;6.559;3.386;2026-01-31T10:48:12.244934+00:00;humidity;65.10
4854;DHT22;3628;6.559;3.386;2026-01-31T10:48:12.244934+00:00;temperature;38.20
4853;pms5003;3628;6.559;3.386;2026-01-31T10:53:38.198024+00:00;P2;41.40
4853;pms5003;3628;6.559;3.386;2026-01-31T10:53:38.198024+00:00;P1;54.60
4853;pms5003;3628;6.559;3.386;2026-01-31T10:53:38.198024+00:00;P0;27.60
4854;DHT22;3628;6.559;3.386;2026-01-31T10:53:47.053079+00:00;humidity;64.90
4854;DHT22;3628;6.559;3.386;2026-01-31T10:53:47.053079+00:00;temperature;37.60
4854;DHT22;3628;6.559;3.386;2026-01-31T10:59:11.078223+00:00;humidity;66.10
4854;DHT22;3628;6.559;3.386;2026-01-31T10:59:11.078223+00:00;temperature;36.90
4853;pms5003;3628;6.559;3.386;2026-01-31T11:04:28.362432+00:00;P2;42.00
4853;pms5003;3628;6.559;3.386;2026-01-31T11:04:28.362432+00:00;P1;55.00
4853;pms5003;3628;6.559;3.386;2026-01-31T11:04:28.362432+00:00;P0;28.00
4854;DHT22;3628;6.559;3.386;2026-01-31T11:04:45.872975+00:00;humidity;64.90
4854;DHT22;3628;6.559;3.386;2026-01-31T11:04:45.872975+00:00;temperature;37.60
4854;DHT22;3628;6.559;3.386;2026-01-31T11:10:10.203352+00:00;humidity;63.30
4854;DHT22;3628;6.559;3.386;2026-01-31T11:10:10.203352+00:00;temperature;38.40
4853;pms5003;3628;6.559;3.386;2026-01-31T11:15:27.388485+00:00;P2;41.25
4853;pms5003;3628;6.559;3.386;2026-01-31T11:15:27.388485+00:00;P1;56.75
4853;pms5003;3628;6.559;3.386;2026-01-31T11:15:27.388485+00:00;P0;26.50
4854;DHT22;3628;6.559;3.386;2026-01-31T11:21:08.195948+00:00;humidity;62.50
4854;DHT22;3628;6.559;3.386;2026-01-31T11:21:08.195948+00:00;temperature;38.50
4853;pms5003;3628;6.559;3.386;2026-01-31T11:26:40.820504+00:00;P2;42.00
4853;pms5003;3628;6.559;3.386;2026-01-31T11:26:40.820504+00:00;P1;57.40
4853;pms5003;3628;6.559;3.386;2026-01-31T11:26:40.820504+00:00;P0;28.00
4854;DHT22;3628;6.559;3.386;2026-01-31T11:26:42.797759+00:00;humidity;60.90
4854;DHT22;3628;6.559;3.386;2026-01-31T11:26:42.797759+00:00;temperature;39.20
4853;pms5003;3628;6.559;3.386;2026-01-31T11:32:00.139166+00:00;P2;41.50
4853;pms5003;3628;6.559;3.386;2026-01-31T11:32:00.139166+00:00;P1;55.75
4853;pms5003;3628;6.559;3.386;2026-01-31T11:32:00.139166+00:00;P0;27.00
4854;DHT22;3628;6.559;3.386;2026-01-31T11:32:17.591440+00:00;humidity;62.60
4854;DHT22;3628;6.559;3.386;2026-01-31T11:32:17.591440+00:00;temperature;38.50
4854;DHT22;3628;6.559;3.386;2026-01-31T11:37:41.450493+00:00;humidity;63.00
4854;DHT22;3628;6.559;3.386;2026-01-31T11:37:41.450493+00:00;temperature;37.80
4854;DHT22;3628;6.559;3.386;2026-01-31T11:48:29.369675+00:00;humidity;61.60
4854;DHT22;3628;6.559;3.386;2026-01-31T11:48:29.369675+00:00;temperature;38.80
4853;pms5003;3628;6.559;3.386;2026-01-31T11:53:46.587765+00:00;P2;42.50
4853;pms5003;3628;6.559;3.386;2026-01-31T11:53:46.587765+00:00;P1;58.75
4853;pms5003;3628;6.559;3.386;2026-01-31T11:53:46.587765+00:00;P0;28.00
4854;DHT22;3628;6.559;3.386;2026-01-31T11:54:03.934770+00:00;humidity;61.70
4854;DHT22;3628;6.559;3.386;2026-01-31T11:54:03.934770+00:00;temperature;38.50
4853;pms5003;3628;6.559;3.386;2026-01-31T11:59:21.381762+00:00;P2;41.75
4853;pms5003;3628;6.559;3.386;2026-01-31T11:59:21.381762+00:00;P1;56.25
4853;pms5003;3628;6.559;3.386;2026-01-31T11:59:21.381762+00:00;P0;27.75
4853;pms5003;3628;6.559;3.386;2026-01-31T12:04:45.612033+00:00;P2;44.00
4853;pms5003;3628;6.559;3.386;2026-01-31T12:04:45.612033+00:00;P1;52.40
4853;pms5003;3628;6.559;3.386;2026-01-31T12:04:45.612033+00:00;P0;29.00
4854;DHT22;3628;6.559;3.386;2026-01-31T12:05:03.221863+00:00;humidity;61.40
4854;DHT22;3628;6.559;3.386;2026-01-31T12:05:03.221863+00:00;temperature;38.60
4853;pms5003;3628;6.559;3.386;2026-01-31T12:10:20.415949+00:00;P2;45.00
4853;pms5003;3628;6.559;3.386;2026-01-31T12:10:20.415949+00:00;P1;62.00
4853;pms5003;3628;6.559;3.386;2026-01-31T12:10:20.415949+00:00;P0;29.25
4854;DHT22;3628;6.559;3.386;2026-01-31T12:26:19.253024+00:00;humidity;60.40
4854;DHT22;3628;6.559;3.386;2026-01-31T12:26:19.253024+00:00;temperature;39.00
4854;DHT22;3628;6.559;3.386;2026-01-31T12:31:45.826916+00:00;humidity;59.90
4854;DHT22;3628;6.559;3.386;2026-01-31T12:31:45.826916+00:00;temperature;39.20
4854;DHT22;3628;6.559;3.386;2026-01-31T12:42:44.463288+00:00;humidity;58.40
4854;DHT22;3628;6.559;3.386;2026-01-31T12:42:44.463288+00:00;temperature;40.00
4853;pms5003;3628;6.559;3.386;2026-01-31T12:48:44.094435+00:00;P2;40.00
4853;pms5003;3628;6.559;3.386;2026-01-31T12:48:44.094435+00:00;P1;53.00
4853;pms5003;3628;6.559;3.386;2026-01-31T12:48:44.094435+00:00;P0;26.00
4853;pms5003;3628;6.559;3.386;2026-01-31T12:53:47.700791+00:00;P2;42.00
4853;pms5003;3628;6.559;3.386;2026-01-31T12:53:47.700791+00:00;P1;51.75
4853;pms5003;3628;6.559;3.386;2026-01-31T12:53:47.700791+00:00;P0;27.75
4853;pms5003;3628;6.559;3.386;2026-01-31T12:58:53.267280+00:00;P2;43.00
4853;pms5003;3628;6.559;3.386;2026-01-31T12:58:53.267280+00:00;P1;52.40
4853;pms5003;3628;6.559;3.386;2026-01-31T12:58:53.267280+00:00;P0;28.00
4854;DHT22;3628;6.559;3.386;2026-01-31T12:59:10.820019+00:00;humidity;60.50
4854;DHT22;3628;6.559;3.386;2026-01-31T12:59:10.820019+00:00;temperature;39.20
4854;DHT22;3628;6.559;3.386;2026-01-31T13:04:34.856926+00:00;humidity;62.20
4854;DHT22;3628;6.559;3.386;2026-01-31T13:04:34.856926+00:00;temperature;38.00
4853;pms5003;3628;6.559;3.386;2026-01-31T13:15:05.349513+00:00;P2;40.80
4853;pms5003;3628;6.559;3.386;2026-01-31T13:15:05.349513+00:00;P1;57.20
4853;pms5003;3628;6.559;3.386;2026-01-31T13:15:05.349513+00:00;P0;27.40
4853;pms5003;3628;6.559;3.386;2026-01-31T13:20:29.191164+00:00;P2;42.60
4853;pms5003;3628;6.559;3.386;2026-01-31T13:20:29.191164+00:00;P1;53.00
4853;pms5003;3628;6.559;3.386;2026-01-31T13:20:29.191164+00:00;P0;28.00
4853;pms5003;3628;6.559;3.386;2026-01-31T13:25:53.323243+00:00;P2;40.75
4853;pms5003;3628;6.559;3.386;2026-01-31T13:25:53.323243+00:00;P1;50.50
4853;pms5003;3628;6.559;3.386;2026-01-31T13:25:53.323243+00:00;P0;28.00
4854;DHT22;3628;6.559;3.386;2026-01-31T13:26:13.632051+00:00;humidity;61.30
4854;DHT22;3628;6.559;3.386;2026-01-31T13:26:13.632051+00:00;temperature;38.80
4854;DHT22;3628;6.559;3.386;2026-01-31T13:31:35.029902+00:00;humidity;61.50
4854;DHT22;3628;6.559;3.386;2026-01-31T13:31:35.029902+00:00;temperature;38.70
4853;pms5003;3628;6.559;3.386;2026-01-31T13:36:52.514579+00:00;P2;40.00
4853;pms5003;3628;6.559;3.386;2026-01-31T13:36:52.514579+00:00;P1;49.50
4853;pms5003;3628;6.559;3.386;2026-01-31T13:36:52.514579+00:00;P0;27.00
4854;DHT22;3628;6.559;3.386;2026-01-31T13:47:40.491887+00:00;humidity;61.30
4854;DHT22;3628;6.559;3.386;2026-01-31T13:47:40.491887+00:00;temperature;38.60
4853;pms5003;3628;6.559;3.386;2026-01-31T13:52:57.949952+00:00;P2;43.00
4853;pms5003;3628;6.559;3.386;2026-01-31T13:52:57.949952+00:00;P1;58.25
4853;pms5003;3628;6.559;3.386;2026-01-31T13:52:57.949952+00:00;P0;28.75
4854;DHT22;3628;6.559;3.386;2026-01-31T13:58:53.430660+00:00;humidity;60.80
4854;DHT22;3628;6.559;3.386;2026-01-31T13:58:53.430660+00:00;temperature;38.60
4853;pms5003;3628;6.559;3.386;2026-01-31T14:04:10.643233+00:00;P2;44.00
4853;pms5003;3628;6.559;3.386;2026-01-31T14:04:10.643233+00:00;P1;60.75
4853;pms5003;3628;6.559;3.386;2026-01-31T14:04:10.643233+00:00;P0;28.00
4853;pms5003;3628;6.559;3.386;2026-01-31T14:09:34.462126+00:00;P2;40.20
4853;pms5003;3628;6.559;3.386;2026-01-31T14:09:34.462126+00:00;P1;54.60
4853;pms5003;3628;6.559;3.386;2026-01-31T14:09:34.462126+00:00;P0;27.00
4853;pms5003;3628;6.559;3.386;2026-01-31T14:14:59.014104+00:00;P2;44.75
4853;pms5003;3628;6.559;3.386;2026-01-31T14:14:59.014104+00:00;P1;60.50
4853;pms5003;3628;6.559;3.386;2026-01-31T14:14:59.014104+00:00;P0;30.25
4854;DHT22;3628;6.559;3.386;2026-01-31T14:15:16.463481+00:00;humidity;60.10
4854;DHT22;3628;6.559;3.386;2026-01-31T14:15:16.463481+00:00;temperature;38.90
4853;pms5003;3628;6.559;3.386;2026-01-31T14:20:33.741751+00:00;P2;46.50
4853;pms5003;3628;6.559;3.386;2026-01-31T14:20:33.741751+00:00;P1;63.50
4853;pms5003;3628;6.559;3.386;2026-01-31T14:20:33.741751+00:00;P0;31.50
4854;DHT22;3628;6.559;3.386;2026-01-31T14:20:51.133623+00:00;humidity;59.70
4854;DHT22;3628;6.559;3.386;2026-01-31T14:20:51.133623+00:00;temperature;39.00
4853;pms5003;3628;6.559;3.386;2026-01-31T14:26:08.447339+00:00;P2;43.00
4853;pms5003;3628;6.559;3.386;2026-01-31T14:26:08.447339+00:00;P1;53.75
4853;pms5003;3628;6.559;3.386;2026-01-31T14:26:08.447339+00:00;P0;29.00
4853;pms5003;3628;6.559;3.386;2026-01-31T14:31:32.669820+00:00;P2;46.00
4853;pms5003;3628;6.559;3.386;2026-01-31T14:31:32.669820+00:00;P1;58.00
4853;pms5003;3628;6.559;3.386;2026-01-31T14:31:32.669820+00:00;P0;29.00
4854;DHT22;3628;6.559;3.386;2026-01-31T14:31:50.166719+00:00;humidity;60.80
4854;DHT22;3628;6.559;3.386;2026-01-31T14:31:50.166719+00:00;temperature;38.50
4853;pms5003;3628;6.559;3.386;2026-01-31T14:37:07.359708+00:00;P2;44.75
4853;pms5003;3628;6.559;3.386;2026-01-31T14:37:07.359708+00:00;P1;60.75
4853;pms5003;3628;6.559;3.386;2026-01-31T14:37:07.359708+00:00;P0;29.00
4854;DHT22;3628;6.559;3.386;2026-01-31T14:42:40.967466+00:00;humidity;61.40
4854;DHT22;3628;6.559;3.386;2026-01-31T14:42:40.967466+00:00;temperature;38.20
4854;DHT22;3628;6.559;3.386;2026-01-31T14:48:07.915699+00:00;humidity;62.70
4854;DHT22;3628;6.559;3.386;2026-01-31T14:48:07.915699+00:00;temperature;38.30
4853;pms5003;3628;6.559;3.386;2026-01-31T14:53:22.365273+00:00;P2;43.20
4853;pms5003;3628;6.559;3.386;2026-01-31T14:53:22.365273+00:00;P1;58.60
4853;pms5003;3628;6.559;3.386;2026-01-31T14:53:22.365273+00:00;P0;30.00
4854;DHT22;3628;6.559;3.386;2026-01-31T14:53:39.979400+00:00;humidity;62.90
4854;DHT22;3628;6.559;3.386;2026-01-31T14:53:39.979400+00:00;temperature;37.80
4853;pms5003;3628;6.559;3.386;2026-01-31T14:58:57.145409+00:00;P2;41.00
4853;pms5003;3628;6.559;3.386;2026-01-31T14:58:57.145409+00:00;P1;60.25
4853;pms5003;3628;6.559;3.386;2026-01-31T14:58:57.145409+00:00;P0;28.00
4854;DHT22;3628;6.559;3.386;2026-01-31T15:04:38.447424+00:00;humidity;63.90
4854;DHT22;3628;6.559;3.386;2026-01-31T15:04:38.447424+00:00;temperature;37.90
4853;pms5003;3628;6.559;3.386;2026-01-31T15:09:55.731784+00:00;P2;45.00
4853;pms5003;3628;6.559;3.386;2026-01-31T15:09:55.731784+00:00;P1;63.75
4853;pms5003;3628;6.559;3.386;2026-01-31T15:09:55.731784+00:00;P0;29.00
4854;DHT22;3628;6.559;3.386;2026-01-31T15:10:13.184428+00:00;humidity;63.30
4854;DHT22;3628;6.559;3.386;2026-01-31T15:10:13.184428+00:00;temperature;38.30
4853;pms5003;3628;6.559;3.386;2026-01-31T15:15:30.396797+00:00;P2;45.75
4853;pms5003;3628;6.559;3.386;2026-01-31T15:15:30.396797+00:00;P1;59.75
4853;pms5003;3628;6.559;3.386;2026-01-31T15:15:30.396797+00:00;P0;30.00
4854;DHT22;3628;6.559;3.386;2026-01-31T15:15:47.897118+00:00;humidity;64.50
4854;DHT22;3628;6.559;3.386;2026-01-31T15:15:47.897118+00:00;temperature;37.80
4853;pms5003;3628;6.559;3.386;2026-01-31T15:21:05.112174+00:00;P2;44.80
4853;pms5003;3628;6.559;3.386;2026-01-31T15:21:05.112174+00:00;P1;61.00
4853;pms5003;3628;6.559;3.386;2026-01-31T15:21:05.112174+00:00;P0;29.00
4854;DHT22;3628;6.559;3.386;2026-01-31T15:21:22.570541+00:00;humidity;65.40
4854;DHT22;3628;6.559;3.386;2026-01-31T15:21:22.570541+00:00;temperature;37.70
4854;DHT22;3628;6.559;3.386;2026-01-31T15:26:46.532802+00:00;humidity;65.60
4854;DHT22;3628;6.559;3.386;2026-01-31T15:26:46.532802+00:00;temperature;37.40
4854;DHT22;3628;6.559;3.386;2026-01-31T15:32:10.323556+00:00;humidity;65.40
4854;DHT22;3628;6.559;3.386;2026-01-31T15:32:10.323556+00:00;temperature;37.60
4853;pms5003;3628;6.559;3.386;2026-01-31T15:43:47.072106+00:00;P2;45.00
4853;pms5003;3628;6.559;3.386;2026-01-31T15:43:47.072106+00:00;P1;64.75
4853;pms5003;3628;6.559;3.386;2026-01-31T15:43:47.072106+00:00;P0;29.50
4854;DHT22;3628;6.559;3.386;2026-01-31T16:25:59.332903+00:00;humidity;70.50
4854;DHT22;3628;6.559;3.386;2026-01-31T16:25:59.332903+00:00;temperature;35.90
4854;DHT22;3628;6.559;3.386;2026-01-31T16:31:23.161477+00:00;humidity;71.70
4854;DHT22;3628;6.559;3.386;2026-01-31T16:31:23.161477+00:00;temperature;35.60
4853;pms5003;3628;6.559;3.386;2026-01-31T16:36:40.552035+00:00;P2;46.80
4853;pms5003;3628;6.559;3.386;2026-01-31T16:36:40.552035+00:00;P1;63.40
4853;pms5003;3628;6.559;3.386;2026-01-31T16:36:40.552035+00:00;P0;29.00
4853;pms5003;3628;6.559;3.386;2026-01-31T16:42:04.396117+00:00;P2;49.20
4853;pms5003;3628;6.559;3.386;2026-01-31T16:42:04.396117+00:00;P1;64.60
4853;pms5003;3628;6.559;3.386;2026-01-31T16:42:04.396117+00:00;P0;31.80
4853;pms5003;3628;6.559;3.386;2026-01-31T16:47:28.559744+00:00;P2;43.75
4853;pms5003;3628;6.559;3.386;2026-01-31T16:47:28.559744+00:00;P1;61.50
4853;pms5003;3628;6.559;3.386;2026-01-31T16:47:28.559744+00:00;P0;28.75
4853;pms5003;3628;6.559;3.386;2026-01-31T16:52:53.714901+00:00;P2;44.00
4853;pms5003;3628;6.559;3.386;2026-01-31T16:52:53.714901+00:00;P1;63.00
4853;pms5003;3628;6.559;3.386;2026-01-31T16:52:53.714901+00:00;P0;27.50
4854;DHT22;3628;6.559;3.386;2026-01-31T16:53:11.207535+00:00;humidity;73.60
4854;DHT22;3628;6.559;3.386;2026-01-31T16:53:11.207535+00:00;temperature;34.80
4853;pms5003;3628;6.559;3.386;2026-01-31T16:58:28.431798+00:00;P2;42.60
4853;pms5003;3628;6.559;3.386;2026-01-31T16:58:28.431798+00:00;P1;59.60
4853;pms5003;3628;6.559;3.386;2026-01-31T16:58:28.431798+00:00;P0;27.00
4854;DHT22;3628;6.559;3.386;2026-01-31T17:04:05.288468+00:00;humidity;76.10
4854;DHT22;3628;6.559;3.386;2026-01-31T17:04:05.288468+00:00;temperature;34.10
4854;DHT22;3628;6.559;3.386;2026-01-31T17:09:40.041405+00:00;humidity;76.90
4854;DHT22;3628;6.559;3.386;2026-01-31T17:09:40.041405+00:00;temperature;33.90
4853;pms5003;3628;6.559;3.386;2026-01-31T17:14:57.251904+00:00;P2;41.50
4853;pms5003;3628;6.559;3.386;2026-01-31T17:14:57.251904+00:00;P1;58.25
4853;pms5003;3628;6.559;3.386;2026-01-31T17:14:57.251904+00:00;P0;26.50
4853;pms5003;3628;6.559;3.386;2026-01-31T17:20:21.533252+00:00;P2;49.25
4853;pms5003;3628;6.559;3.386;2026-01-31T17:20:21.533252+00:00;P1;66.75
4853;pms5003;3628;6.559;3.386;2026-01-31T17:20:21.533252+00:00;P0;32.50
4854;DHT22;3628;6.559;3.386;2026-01-31T17:20:39.067364+00:00;humidity;79.20
4854;DHT22;3628;6.559;3.386;2026-01-31T17:20:39.067364+00:00;temperature;33.50
4854;DHT22;3628;6.559;3.386;2026-01-31T17:26:02.855723+00:00;humidity;79.80
4854;DHT22;3628;6.559;3.386;2026-01-31T17:26:02.855723+00:00;temperature;33.30
4853;pms5003;3628;6.559;3.386;2026-01-31T17:31:20.123589+00:00;P2;39.00
4853;pms5003;3628;6.559;3.386;2026-01-31T17:31:20.123589+00:00;P1;48.50
4853;pms5003;3628;6.559;3.386;2026-01-31T17:31:20.123589+00:00;P0;26.50
4853;pms5003;3628;6.559;3.386;2026-01-31T17:36:47.227120+00:00;P2;40.00
4853;pms5003;3628;6.559;3.386;2026-01-31T17:36:47.227120+00:00;P1;56.00
4853;pms5003;3628;6.559;3.386;2026-01-31T17:36:47.227120+00:00;P0;26.00
4854;DHT22;3628;6.559;3.386;2026-01-31T17:37:04.687258+00:00;humidity;80.90
4854;DHT22;3628;6.559;3.386;2026-01-31T17:37:04.687258+00:00;temperature;33.20
4853;pms5003;3628;6.559;3.386;2026-01-31T17:42:21.978109+00:00;P2;43.00
4853;pms5003;3628;6.559;3.386;2026-01-31T17:42:21.978109+00:00;P1;57.00
4853;pms5003;3628;6.559;3.386;2026-01-31T17:42:21.978109+00:00;P0;30.00
4854;DHT22;3628;6.559;3.386;2026-01-31T17:42:39.407015+00:00;humidity;82.00
4854;DHT22;3628;6.559;3.386;2026-01-31T17:42:39.407015+00:00;temperature;33.00
4853;pms5003;3628;6.559;3.386;2026-01-31T17:47:59.393830+00:00;P2;43.80
4853;pms5003;3628;6.559;3.386;2026-01-31T17:47:59.393830+00:00;P1;61.40
4853;pms5003;3628;6.559;3.386;2026-01-31T17:47:59.393830+00:00;P0;27.00
4853;pms5003;3628;6.559;3.386;2026-01-31T17:53:20.681288+00:00;P2;43.80
4853;pms5003;3628;6.559;3.386;2026-01-31T17:53:20.681288+00:00;P1;60.80
4853;pms5003;3628;6.559;3.386;2026-01-31T17:53:20.681288+00:00;P0;28.00
4853;pms5003;3628;6.559;3.386;2026-01-31T18:04:32.985019+00:00;P2;42.00
4853;pms5003;3628;6.559;3.386;2026-01-31T18:04:32.985019+00:00;P1;55.00
4853;pms5003;3628;6.559;3.386;2026-01-31T18:04:32.985019+00:00;P0;26.25
4853;pms5003;3628;6.559;3.386;2026-01-31T18:09:24.680501+00:00;P2;44.00
4853;pms5003;3628;6.559;3.386;2026-01-31T18:09:24.680501+00:00;P1;59.50
4853;pms5003;3628;6.559;3.386;2026-01-31T18:09:24.680501+00:00;P0;28.50
4854;DHT22;3628;6.559;3.386;2026-01-31T18:20:29.472605+00:00;humidity;83.70
4854;DHT22;3628;6.559;3.386;2026-01-31T18:20:29.472605+00:00;temperature;32.50
4854;DHT22;3628;6.559;3.386;2026-01-31T18:26:09.645801+00:00;humidity;83.70
4854;DHT22;3628;6.559;3.386;2026-01-31T18:26:09.645801+00:00;temperature;32.20
4853;pms5003;3628;6.559;3.386;2026-01-31T18:31:29.856258+00:00;P2;40.00
4853;pms5003;3628;6.559;3.386;2026-01-31T18:31:29.856258+00:00;P1;56.75
4853;pms5003;3628;6.559;3.386;2026-01-31T18:31:29.856258+00:00;P0;26.00
4853;pms5003;3628;6.559;3.386;2026-01-31T18:36:54.258785+00:00;P2;37.25
4853;pms5003;3628;6.559;3.386;2026-01-31T18:36:54.258785+00:00;P1;51.00
4853;pms5003;3628;6.559;3.386;2026-01-31T18:36:54.258785+00:00;P0;25.00
4853;pms5003;3628;6.559;3.386;2026-01-31T19:20:30.959940+00:00;P2;45.00
4853;pms5003;3628;6.559;3.386;2026-01-31T19:20:30.959940+00:00;P1;63.00
4853;pms5003;3628;6.559;3.386;2026-01-31T19:20:30.959940+00:00;P0;29.00
4853;pms5003;3628;6.559;3.386;2026-01-31T19:25:54.839104+00:00;P2;47.00
4853;pms5003;3628;6.559;3.386;2026-01-31T19:25:54.839104+00:00;P1;66.25
4853;pms5003;3628;6.559;3.386;2026-01-31T19:25:54.839104+00:00;P0;30.75
4854;DHT22;3628;6.559;3.386;2026-01-31T19:26:12.377686+00:00;humidity;86.60
4854;DHT22;3628;6.559;3.386;2026-01-31T19:26:12.377686+00:00;temperature;31.80
4853;pms5003;3628;6.559;3.386;2026-01-31T19:31:29.693271+00:00;P2;44.50
4853;pms5003;3628;6.559;3.386;2026-01-31T19:31:29.693271+00:00;P1;61.00
4853;pms5003;3628;6.559;3.386;2026-01-31T19:31:29.693271+00:00;P0;28.75
4854;DHT22;3628;6.559;3.386;2026-01-31T19:31:47.186310+00:00;humidity;86.90
4854;DHT22;3628;6.559;3.386;2026-01-31T19:31:47.186310+00:00;temperature;31.80
4853;pms5003;3628;6.559;3.386;2026-01-31T19:37:04.483316+00:00;P2;43.75
4853;pms5003;3628;6.559;3.386;2026-01-31T19:37:04.483316+00:00;P1;57.25
4853;pms5003;3628;6.559;3.386;2026-01-31T19:37:04.483316+00:00;P0;27.75
4854;DHT22;3628;6.559;3.386;2026-01-31T19:37:22.102667+00:00;humidity;87.00
4854;DHT22;3628;6.559;3.386;2026-01-31T19:37:22.102667+00:00;temperature;31.80
4854;DHT22;3628;6.559;3.386;2026-01-31T19:42:46.404471+00:00;humidity;87.00
4854;DHT22;3628;6.559;3.386;2026-01-31T19:42:46.404471+00:00;temperature;31.80
4854;DHT22;3628;6.559;3.386;2026-01-31T19:53:26.773662+00:00;humidity;87.10
4854;DHT22;3628;6.559;3.386;2026-01-31T19:53:26.773662+00:00;temperature;31.80
4853;pms5003;3628;6.559;3.386;2026-01-31T19:58:44.084070+00:00;P2;44.25
4853;pms5003;3628;6.559;3.386;2026-01-31T19:58:44.084070+00:00;P1;59.25
4853;pms5003;3628;6.559;3.386;2026-01-31T19:58:44.084070+00:00;P0;29.25
4854;DHT22;3628;6.559;3.386;2026-01-31T19:59:01.685913+00:00;humidity;87.20
4854;DHT22;3628;6.559;3.386;2026-01-31T19:59:01.685913+00:00;temperature;31.70
4853;pms5003;3628;6.559;3.386;2026-01-31T20:04:18.961163+00:00;P2;43.00
4853;pms5003;3628;6.559;3.386;2026-01-31T20:04:18.961163+00:00;P1;60.60
4853;pms5003;3628;6.559;3.386;2026-01-31T20:04:18.961163+00:00;P0;29.00
4854;DHT22;3628;6.559;3.386;2026-01-31T20:04:36.554647+00:00;humidity;87.50
4854;DHT22;3628;6.559;3.386;2026-01-31T20:04:36.554647+00:00;temperature;31.60
4853;pms5003;3628;6.559;3.386;2026-01-31T20:09:53.914836+00:00;P2;41.40
4853;pms5003;3628;6.559;3.386;2026-01-31T20:09:53.914836+00:00;P1;55.00
4853;pms5003;3628;6.559;3.386;2026-01-31T20:09:53.914836+00:00;P0;27.40
4853;pms5003;3628;6.559;3.386;2026-01-31T20:15:18.239913+00:00;P2;44.75
4853;pms5003;3628;6.559;3.386;2026-01-31T20:15:18.239913+00:00;P1;60.00
4853;pms5003;3628;6.559;3.386;2026-01-31T20:15:18.239913+00:00;P0;27.50
4853;pms5003;3628;6.559;3.386;2026-01-31T20:20:42.620459+00:00;P2;43.50
4853;pms5003;3628;6.559;3.386;2026-01-31T20:20:42.620459+00:00;P1;58.00
4853;pms5003;3628;6.559;3.386;2026-01-31T20:20:42.620459+00:00;P0;28.00
4853;pms5003;3628;6.559;3.386;2026-01-31T20:26:07.106997+00:00;P2;42.00
4853;pms5003;3628;6.559;3.386;2026-01-31T20:26:07.106997+00:00;P1;55.00
4853;pms5003;3628;6.559;3.386;2026-01-31T20:26:07.106997+00:00;P0;28.00
4854;DHT22;3628;6.559;3.386;2026-01-31T20:26:24.864886+00:00;humidity;87.60
4854;DHT22;3628;6.559;3.386;2026-01-31T20:26:24.864886+00:00;temperature;31.70
4854;DHT22;3628;6.559;3.386;2026-01-31T20:31:59.726365+00:00;humidity;88.10
4854;DHT22;3628;6.559;3.386;2026-01-31T20:31:59.726365+00:00;temperature;31.60
4853;pms5003;3628;6.559;3.386;2026-01-31T20:37:17.086112+00:00;P2;45.00
4853;pms5003;3628;6.559;3.386;2026-01-31T20:37:17.086112+00:00;P1;56.00
4853;pms5003;3628;6.559;3.386;2026-01-31T20:37:17.086112+00:00;P0;28.50
4854;DHT22;3628;6.559;3.386;2026-01-31T20:37:34.644865+00:00;humidity;87.80
4854;DHT22;3628;6.559;3.386;2026-01-31T20:37:34.644865+00:00;temperature;31.70
4853;pms5003;3628;6.559;3.386;2026-01-31T20:48:13.223380+00:00;P2;44.00
4853;pms5003;3628;6.559;3.386;2026-01-31T20:48:13.223380+00:00;P1;55.75
4853;pms5003;3628;6.559;3.386;2026-01-31T20:48:13.223380+00:00;P0;29.00
4853;pms5003;3628;6.559;3.386;2026-01-31T20:53:29.335482+00:00;P2;43.50
4853;pms5003;3628;6.559;3.386;2026-01-31T20:53:29.335482+00:00;P1;56.50
4853;pms5003;3628;6.559;3.386;2026-01-31T20:53:29.335482+00:00;P0;28.50
4854;DHT22;3628;6.559;3.386;2026-01-31T20:53:46.928152+00:00;humidity;88.60
4854;DHT22;3628;6.559;3.386;2026-01-31T20:53:46.928152+00:00;temperature;31.60
4853;pms5003;3628;6.559;3.386;2026-01-31T20:59:04.233716+00:00;P2;44.67
4853;pms5003;3628;6.559;3.386;2026-01-31T20:59:04.233716+00:00;P1;60.67
4853;pms5003;3628;6.559;3.386;2026-01-31T20:59:04.233716+00:00;P0;28.67
4854;DHT22;3628;6.559;3.386;2026-01-31T20:59:21.783297+00:00;humidity;88.60
4854;DHT22;3628;6.559;3.386;2026-01-31T20:59:21.783297+00:00;temperature;31.60
4853;pms5003;3628;6.559;3.386;2026-01-31T21:04:39.228420+00:00;P2;41.20
4853;pms5003;3628;6.559;3.386;2026-01-31T21:04:39.228420+00:00;P1;57.20
4853;pms5003;3628;6.559;3.386;2026-01-31T21:04:39.228420+00:00;P0;27.20
4854;DHT22;3628;6.559;3.386;2026-01-31T21:04:59.661603+00:00;humidity;89.00
4854;DHT22;3628;6.559;3.386;2026-01-31T21:04:59.661603+00:00;temperature;31.60
4853;pms5003;3628;6.559;3.386;2026-01-31T21:10:16.980938+00:00;P2;45.60
4853;pms5003;3628;6.559;3.386;2026-01-31T21:10:16.980938+00:00;P1;61.20
4853;pms5003;3628;6.559;3.386;2026-01-31T21:10:16.980938+00:00;P0;30.00
4854;DHT22;3628;6.559;3.386;2026-01-31T21:10:34.608579+00:00;humidity;88.80
4854;DHT22;3628;6.559;3.386;2026-01-31T21:10:34.608579+00:00;temperature;31.60
4853;pms5003;3628;6.559;3.386;2026-01-31T21:15:51.775732+00:00;P2;45.00
4853;pms5003;3628;6.559;3.386;2026-01-31T21:15:51.775732+00:00;P1;61.75
4853;pms5003;3628;6.559;3.386;2026-01-31T21:15:51.775732+00:00;P0;28.50
4854;DHT22;3628;6.559;3.386;2026-01-31T21:16:09.281881+00:00;humidity;89.00
4854;DHT22;3628;6.559;3.386;2026-01-31T21:16:09.281881+00:00;temperature;31.60
4853;pms5003;3628;6.559;3.386;2026-01-31T21:22:07.136605+00:00;P2;44.00
4853;pms5003;3628;6.559;3.386;2026-01-31T21:22:07.136605+00:00;P1;60.75
4853;pms5003;3628;6.559;3.386;2026-01-31T21:22:07.136605+00:00;P0;28.00
4853;pms5003;3628;6.559;3.386;2026-01-31T21:26:50.987313+00:00;P2;44.00
4853;pms5003;3628;6.559;3.386;2026-01-31T21:26:50.987313+00:00;P1;61.60
4853;pms5003;3628;6.559;3.386;2026-01-31T21:26:50.987313+00:00;P0;29.00
4854;DHT22;3628;6.559;3.386;2026-01-31T21:27:08.570870+00:00;humidity;89.00
4854;DHT22;3628;6.559;3.386;2026-01-31T21:27:08.570870+00:00;temperature;31.50
4853;pms5003;3628;6.559;3.386;2026-01-31T21:32:25.914294+00:00;P2;44.50
4853;pms5003;3628;6.559;3.386;2026-01-31T21:32:25.914294+00:00;P1;62.00
4853;pms5003;3628;6.559;3.386;2026-01-31T21:32:25.914294+00:00;P0;28.00
4854;DHT22;3628;6.559;3.386;2026-01-31T21:32:43.547240+00:00;humidity;88.90
4854;DHT22;3628;6.559;3.386;2026-01-31T21:32:43.547240+00:00;temperature;31.50
4853;pms5003;3628;6.559;3.386;2026-01-31T21:38:00.886123+00:00;P2;44.50
4853;pms5003;3628;6.559;3.386;2026-01-31T21:38:00.886123+00:00;P1;55.25
4853;pms5003;3628;6.559;3.386;2026-01-31T21:38:00.886123+00:00;P0;30.00
4854;DHT22;3628;6.559;3.386;2026-01-31T21:38:18.454345+00:00;humidity;89.20
4854;DHT22;3628;6.559;3.386;2026-01-31T21:38:18.454345+00:00;temperature;31.50
4853;pms5003;3628;6.559;3.386;2026-01-31T21:43:35.733522+00:00;P2;44.25
4853;pms5003;3628;6.559;3.386;2026-01-31T21:43:35.733522+00:00;P1;58.50
4853;pms5003;3628;6.559;3.386;2026-01-31T21:43:35.733522+00:00;P0;29.75
4854;DHT22;3628;6.559;3.386;2026-01-31T21:43:53.218973+00:00;humidity;89.50
4854;DHT22;3628;6.559;3.386;2026-01-31T21:43:53.218973+00:00;temperature;31.40
4853;pms5003;3628;6.559;3.386;2026-01-31T21:54:24.189251+00:00;P2;42.80
4853;pms5003;3628;6.559;3.386;2026-01-31T21:54:24.189251+00:00;P1;57.00
4853;pms5003;3628;6.559;3.386;2026-01-31T21:54:24.189251+00:00;P0;28.80
4854;DHT22;3628;6.559;3.386;2026-01-31T21:54:41.586287+00:00;humidity;89.50
4854;DHT22;3628;6.559;3.386;2026-01-31T21:54:41.586287+00:00;temperature;31.30
4854;DHT22;3628;6.559;3.386;2026-01-31T22:05:18.516182+00:00;humidity;89.70
4854;DHT22;3628;6.559;3.386;2026-01-31T22:05:18.516182+00:00;temperature;31.40
4853;pms5003;3628;6.559;3.386;2026-01-31T22:14:23.453972+00:00;P2;45.00
4853;pms5003;3628;6.559;3.386;2026-01-31T22:14:23.453972+00:00;P1;56.40
4853;pms5003;3628;6.559;3.386;2026-01-31T22:14:23.453972+00:00;P0;29.00
4854;DHT22;3628;6.559;3.386;2026-01-31T22:20:05.255835+00:00;humidity;89.90
4854;DHT22;3628;6.559;3.386;2026-01-31T22:20:05.255835+00:00;temperature;31.20
4853;pms5003;3628;6.559;3.386;2026-01-31T22:25:22.527255+00:00;P2;44.00
4853;pms5003;3628;6.559;3.386;2026-01-31T22:25:22.527255+00:00;P1;59.75
4853;pms5003;3628;6.559;3.386;2026-01-31T22:25:22.527255+00:00;P0;29.00
4854;DHT22;3628;6.559;3.386;2026-01-31T22:25:39.957861+00:00;humidity;89.60
4854;DHT22;3628;6.559;3.386;2026-01-31T22:25:39.957861+00:00;temperature;31.30
4853;pms5003;3628;6.559;3.386;2026-01-31T22:30:57.413867+00:00;P2;47.00
4853;pms5003;3628;6.559;3.386;2026-01-31T22:30:57.413867+00:00;P1;63.00
4853;pms5003;3628;6.559;3.386;2026-01-31T22:30:57.413867+00:00;P0;31.00
4854;DHT22;3628;6.559;3.386;2026-01-31T22:36:38.645981+00:00;humidity;90.60
4854;DHT22;3628;6.559;3.386;2026-01-31T22:36:38.645981+00:00;temperature;31.10
4854;DHT22;3628;6.559;3.386;2026-01-31T22:42:02.817425+00:00;humidity;90.40
4854;DHT22;3628;6.559;3.386;2026-01-31T22:42:02.817425+00:00;temperature;31.20
4854;DHT22;3628;6.559;3.386;2026-01-31T22:47:26.574653+00:00;humidity;90.90
4854;DHT22;3628;6.559;3.386;2026-01-31T22:47:26.574653+00:00;temperature;31.00
4853;pms5003;3628;6.559;3.386;2026-01-31T22:52:44.022993+00:00;P2;47.67
4853;pms5003;3628;6.559;3.386;2026-01-31T22:52:44.022993+00:00;P1;64.33
4853;pms5003;3628;6.559;3.386;2026-01-31T22:52:44.022993+00:00;P0;29.00
4854;DHT22;3628;6.559;3.386;2026-01-31T22:53:04.392593+00:00;humidity;90.80
4854;DHT22;3628;6.559;3.386;2026-01-31T22:53:04.392593+00:00;temperature;31.10
4853;pms5003;3628;6.559;3.386;2026-01-31T23:15:12.209178+00:00;P2;44.00
4853;pms5003;3628;6.559;3.386;2026-01-31T23:15:12.209178+00:00;P1;58.50
4853;pms5003;3628;6.559;3.386;2026-01-31T23:15:12.209178+00:00;P0;29.00
4853;pms5003;3628;6.559;3.386;2026-01-31T23:19:25.924428+00:00;P2;45.50
4853;pms5003;3628;6.559;3.386;2026-01-31T23:19:25.924428+00:00;P1;62.50
4853;pms5003;3628;6.559;3.386;2026-01-31T23:19:25.924428+00:00;P0;28.75
4854;DHT22;3628;6.559;3.386;2026-01-31T23:19:43.354522+00:00;humidity;91.30
4854;DHT22;3628;6.559;3.386;2026-01-31T23:19:43.354522+00:00;temperature;31.10
4853;pms5003;3628;6.559;3.386;2026-01-31T23:25:00.572543+00:00;P2;45.00
4853;pms5003;3628;6.559;3.386;2026-01-31T23:25:00.572543+00:00;P1;58.00
4853;pms5003;3628;6.559;3.386;2026-01-31T23:25:00.572543+00:00;P0;29.00
4854;DHT22;3628;6.559;3.386;2026-01-31T23:25:17.971668+00:00;humidity;91.40
4854;DHT22;3628;6.559;3.386;2026-01-31T23:25:17.971668+00:00;temperature;31.10
4853;pms5003;3628;6.559;3.386;2026-01-31T23:30:35.184831+00:00;P2;44.00
4853;pms5003;3628;6.559;3.386;2026-01-31T23:30:35.184831+00:00;P1;57.00
4853;pms5003;3628;6.559;3.386;2026-01-31T23:30:35.184831+00:00;P0;28.75
