sensor_id;sensor_type;location;lat;lon;timestamp;value_type;value
4853;pms5003;3628;6.559;3.386;2025-11-14T19:04:12.452434+00:00;P2;28.00
4853;pms5003;3628;6.559;3.386;2025-11-14T19:04:12.452434+00:00;P1;37.75
4853;pms5003;3628;6.559;3.386;2025-11-14T19:04:12.452434+00:00;P0;17.75
4853;pms5003;3628;6.559;3.386;2025-11-16T23:10:45.172620+00:00;P2;28.00
4853;pms5003;3628;6.559;3.386;2025-11-16T23:10:45.172620+00:00;P1;32.50
4853;pms5003;3628;6.559;3.386;2025-11-16T23:10:45.172620+00:00;P0;18.00
4853;pms5003;3628;6.559;3.386;2025-11-18T11:57:50.096189+00:00;P2;42.25
4853;pms5003;3628;6.559;3.386;2025-11-18T11:57:50.096189+00:00;P1;50.50
4853;pms5003;3628;6.559;3.386;2025-11-18T11:57:50.096189+00:00;P0;28.00
4853;pms5003;3628;6.559;3.386;2025-11-20T15:34:18.518148+00:00;P2;29.00
4853;pms5003;3628;6.559;3.386;2025-11-20T15:34:18.518148+00:00;P1;35.67
4853;pms5003;3628;6.559;3.386;2025-11-20T15:34:18.518148+00:00;P0;19.33
4853;pms5003;3628;6.559;3.386;2025-11-26T13:26:02.811689+00:00;P2;30.25
4853;pms5003;3628;6.559;3.386;2025-11-26T13:26:02.811689+00:00;P1;33.75
4853;pms5003;3628;6.559;3.386;2025-11-26T13:26:02.811689+00:00;P0;21.50
4854;DHT22;3628;6.559;3.386;2025-11-26T13:26:19.879757+00:00;humidity;65.70
4854;DHT22;3628;6.559;3.386;2025-11-26T13:26:19.879757+00:00;temperature;36.80
4853;pms5003;3628;6.559;3.386;2025-11-26T13:31:37.244729+00:00;P2;30.00
4853;pms5003;3628;6.559;3.386;2025-11-26T13:31:37.244729+00:00;P1;43.00
4853;pms5003;3628;6.559;3.386;2025-11-26T13:31:37.244729+00:00;P0;21.00
4853;pms5003;3628;6.559;3.386;2025-11-26T13:42:14.731394+00:00;P2;32.00
4853;pms5003;3628;6.559;3.386;2025-11-26T13:42:14.731394+00:00;P1;38.00
4853;pms5003;3628;6.559;3.386;2025-11-26T13:42:14.731394+00:00;P0;21.40
4854;DHT22;3628;6.559;3.386;2025-11-26T13:47:56.053648+00:00;humidity;67.70
4854;DHT22;3628;6.559;3.386;2025-11-26T13:47:56.053648+00:00;temperature;36.10
4853;pms5003;3628;6.559;3.386;2025-11-26T13:58:26.599542+00:00;P2;29.20
4853;pms5003;3628;6.559;3.386;2025-11-26T13:58:26.599542+00:00;P1;29.20
4853;pms5003;3628;6.559;3.386;2025-11-26T13:58:26.599542+00:00;P0;20.20
4853;pms5003;3628;6.559;3.386;2025-11-26T14:03:53.512862+00:00;P2;28.50
4853;pms5003;3628;6.559;3.386;2025-11-26T14:03:53.512862+00:00;P1;37.75
4853;pms5003;3628;6.559;3.386;2025-11-26T14:03:53.512862+00:00;P0;19.00
4854;DHT22;3628;6.559;3.386;2025-11-26T14:04:13.773050+00:00;humidity;65.80
4854;DHT22;3628;6.559;3.386;2025-11-26T14:04:13.773050+00:00;temperature;37.10
4854;DHT22;3628;6.559;3.386;2025-11-26T14:15:12.099833+00:00;humidity;63.90
4854;DHT22;3628;6.559;3.386;2025-11-26T14:15:12.099833+00:00;temperature;37.70
4853;pms5003;3628;6.559;3.386;2025-11-26T14:21:20.492300+00:00;P2;30.00
4853;pms5003;3628;6.559;3.386;2025-11-26T14:21:20.492300+00:00;P1;32.50
4853;pms5003;3628;6.559;3.386;2025-11-26T14:21:20.492300+00:00;P0;20.50
4853;pms5003;3628;6.559;3.386;2025-11-26T14:25:53.584873+00:00;P2;29.50
4853;pms5003;3628;6.559;3.386;2025-11-26T14:25:53.584873+00:00;P1;39.50
4853;pms5003;3628;6.559;3.386;2025-11-26T14:25:53.584873+00:00;P0;19.25
4854;DHT22;3628;6.559;3.386;2025-11-26T14:26:10.959183+00:00;humidity;65.90
4854;DHT22;3628;6.559;3.386;2025-11-26T14:26:10.959183+00:00;temperature;36.90
4853;pms5003;3628;6.559;3.386;2025-11-26T14:31:28.154245+00:00;P2;28.00
4853;pms5003;3628;6.559;3.386;2025-11-26T14:31:28.154245+00:00;P1;34.00
4853;pms5003;3628;6.559;3.386;2025-11-26T14:31:28.154245+00:00;P0;20.00
4854;DHT22;3628;6.559;3.386;2025-11-26T14:31:45.489403+00:00;humidity;66.20
4854;DHT22;3628;6.559;3.386;2025-11-26T14:31:45.489403+00:00;temperature;36.60
4853;pms5003;3628;6.559;3.386;2025-11-26T14:37:02.715282+00:00;P2;27.60
4853;pms5003;3628;6.559;3.386;2025-11-26T14:37:02.715282+00:00;P1;29.80
4853;pms5003;3628;6.559;3.386;2025-11-26T14:37:02.715282+00:00;P0;19.20
4853;pms5003;3628;6.559;3.386;2025-11-26T14:42:26.951685+00:00;P2;28.50
4853;pms5003;3628;6.559;3.386;2025-11-26T14:42:26.951685+00:00;P1;30.50
4853;pms5003;3628;6.559;3.386;2025-11-26T14:42:26.951685+00:00;P0;19.50
4854;DHT22;3628;6.559;3.386;2025-11-26T14:47:57.689252+00:00;humidity;62.40
4854;DHT22;3628;6.559;3.386;2025-11-26T14:47:57.689252+00:00;temperature;38.10
4853;pms5003;3628;6.559;3.386;2025-11-26T14:58:29.188196+00:00;P2;28.50
4853;pms5003;3628;6.559;3.386;2025-11-26T14:58:29.188196+00:00;P1;39.50
4853;pms5003;3628;6.559;3.386;2025-11-26T14:58:29.188196+00:00;P0;19.25
4854;DHT22;3628;6.559;3.386;2025-11-26T14:58:46.462550+00:00;humidity;64.20
4854;DHT22;3628;6.559;3.386;2025-11-26T14:58:46.462550+00:00;temperature;37.30
4853;pms5003;3628;6.559;3.386;2025-11-26T15:04:04.023855+00:00;P2;30.00
4853;pms5003;3628;6.559;3.386;2025-11-26T15:04:04.023855+00:00;P1;30.00
4853;pms5003;3628;6.559;3.386;2025-11-26T15:04:04.023855+00:00;P0;20.40
4853;pms5003;3628;6.559;3.386;2025-11-26T15:09:27.624814+00:00;P2;31.40
4853;pms5003;3628;6.559;3.386;2025-11-26T15:09:27.624814+00:00;P1;45.40
4853;pms5003;3628;6.559;3.386;2025-11-26T15:09:27.624814+00:00;P0;22.00
4854;DHT22;3628;6.559;3.386;2025-11-26T15:09:44.993228+00:00;humidity;63.80
4854;DHT22;3628;6.559;3.386;2025-11-26T15:09:44.993228+00:00;temperature;37.30
4853;pms5003;3628;6.559;3.386;2025-11-26T15:20:26.178132+00:00;P2;26.75
4853;pms5003;3628;6.559;3.386;2025-11-26T15:20:26.178132+00:00;P1;32.25
4853;pms5003;3628;6.559;3.386;2025-11-26T15:20:26.178132+00:00;P0;17.00
4854;DHT22;3628;6.559;3.386;2025-11-26T15:20:43.533020+00:00;humidity;65.00
4854;DHT22;3628;6.559;3.386;2025-11-26T15:20:43.533020+00:00;temperature;37.20
4853;pms5003;3628;6.559;3.386;2025-11-26T15:26:00.886049+00:00;P2;28.50
4853;pms5003;3628;6.559;3.386;2025-11-26T15:26:00.886049+00:00;P1;28.50
4853;pms5003;3628;6.559;3.386;2025-11-26T15:26:00.886049+00:00;P0;20.00
4854;DHT22;3628;6.559;3.386;2025-11-26T15:26:18.288451+00:00;humidity;65.40
4854;DHT22;3628;6.559;3.386;2025-11-26T15:26:18.288451+00:00;temperature;36.70
4853;pms5003;3628;6.559;3.386;2025-11-26T15:31:35.493749+00:00;P2;24.00
4853;pms5003;3628;6.559;3.386;2025-11-26T15:31:35.493749+00:00;P1;29.50
4853;pms5003;3628;6.559;3.386;2025-11-26T15:31:35.493749+00:00;P0;17.50
4854;DHT22;3628;6.559;3.386;2025-11-26T15:31:52.860976+00:00;humidity;65.70
4854;DHT22;3628;6.559;3.386;2025-11-26T15:31:52.860976+00:00;temperature;36.50
4853;pms5003;3628;6.559;3.386;2025-11-26T15:37:10.057429+00:00;P2;27.00
4853;pms5003;3628;6.559;3.386;2025-11-26T15:37:10.057429+00:00;P1;28.25
4853;pms5003;3628;6.559;3.386;2025-11-26T15:37:10.057429+00:00;P0;18.00
4854;DHT22;3628;6.559;3.386;2025-11-26T15:37:27.586423+00:00;humidity;65.50
4854;DHT22;3628;6.559;3.386;2025-11-26T15:37:27.586423+00:00;temperature;36.60
4853;pms5003;3628;6.559;3.386;2025-11-26T15:42:44.808016+00:00;P2;30.25
4853;pms5003;3628;6.559;3.386;2025-11-26T15:42:44.808016+00:00;P1;44.50
4853;pms5003;3628;6.559;3.386;2025-11-26T15:42:44.808016+00:00;P0;20.75
4854;DHT22;3628;6.559;3.386;2025-11-26T15:43:02.399786+00:00;humidity;65.30
4854;DHT22;3628;6.559;3.386;2025-11-26T15:43:02.399786+00:00;temperature;36.50
4853;pms5003;3628;6.559;3.386;2025-11-26T15:48:19.566311+00:00;P2;26.75
4853;pms5003;3628;6.559;3.386;2025-11-26T15:48:19.566311+00:00;P1;31.00
4853;pms5003;3628;6.559;3.386;2025-11-26T15:48:19.566311+00:00;P0;19.00
4853;pms5003;3628;6.559;3.386;2025-11-26T15:53:43.362494+00:00;P2;30.00
4853;pms5003;3628;6.559;3.386;2025-11-26T15:53:43.362494+00:00;P1;33.80
4853;pms5003;3628;6.559;3.386;2025-11-26T15:53:43.362494+00:00;P0;20.00
4854;DHT22;3628;6.559;3.386;2025-11-26T15:54:00.726801+00:00;humidity;66.10
4854;DHT22;3628;6.559;3.386;2025-11-26T15:54:00.726801+00:00;temperature;36.10
4853;pms5003;3628;6.559;3.386;2025-11-26T15:59:18.086403+00:00;P2;33.00
4853;pms5003;3628;6.559;3.386;2025-11-26T15:59:18.086403+00:00;P1;43.80
4853;pms5003;3628;6.559;3.386;2025-11-26T15:59:18.086403+00:00;P0;22.60
4854;DHT22;3628;6.559;3.386;2025-11-26T16:05:10.049871+00:00;humidity;67.40
4854;DHT22;3628;6.559;3.386;2025-11-26T16:05:10.049871+00:00;temperature;36.10
4853;pms5003;3628;6.559;3.386;2025-11-26T16:10:27.228866+00:00;P2;33.00
4853;pms5003;3628;6.559;3.386;2025-11-26T16:10:27.228866+00:00;P1;38.00
4853;pms5003;3628;6.559;3.386;2025-11-26T16:10:27.228866+00:00;P0;22.00
4854;DHT22;3628;6.559;3.386;2025-11-26T16:10:44.649705+00:00;humidity;68.40
4854;DHT22;3628;6.559;3.386;2025-11-26T16:10:44.649705+00:00;temperature;35.70
4853;pms5003;3628;6.559;3.386;2025-11-26T16:16:01.905333+00:00;P2;35.60
4853;pms5003;3628;6.559;3.386;2025-11-26T16:16:01.905333+00:00;P1;49.60
4853;pms5003;3628;6.559;3.386;2025-11-26T16:16:01.905333+00:00;P0;24.00
4854;DHT22;3628;6.559;3.386;2025-11-26T16:16:19.616925+00:00;humidity;68.90
4854;DHT22;3628;6.559;3.386;2025-11-26T16:16:19.616925+00:00;temperature;35.60
4854;DHT22;3628;6.559;3.386;2025-11-26T16:21:53.858030+00:00;humidity;69.60
4854;DHT22;3628;6.559;3.386;2025-11-26T16:21:53.858030+00:00;temperature;35.20
4854;DHT22;3628;6.559;3.386;2025-11-26T16:27:17.721116+00:00;humidity;70.40
4854;DHT22;3628;6.559;3.386;2025-11-26T16:27:17.721116+00:00;temperature;35.00
4853;pms5003;3628;6.559;3.386;2025-11-26T16:37:53.853838+00:00;P2;32.00
4853;pms5003;3628;6.559;3.386;2025-11-26T16:37:53.853838+00:00;P1;44.50
4853;pms5003;3628;6.559;3.386;2025-11-26T16:37:53.853838+00:00;P0;21.50
4854;DHT22;3628;6.559;3.386;2025-11-26T16:43:25.119950+00:00;humidity;71.60
4854;DHT22;3628;6.559;3.386;2025-11-26T16:43:25.119950+00:00;temperature;34.40
4853;pms5003;3628;6.559;3.386;2025-11-26T16:48:42.399081+00:00;P2;34.75
4853;pms5003;3628;6.559;3.386;2025-11-26T16:48:42.399081+00:00;P1;49.00
4853;pms5003;3628;6.559;3.386;2025-11-26T16:48:42.399081+00:00;P0;22.50
4854;DHT22;3628;6.559;3.386;2025-11-26T16:48:59.853262+00:00;humidity;72.60
4854;DHT22;3628;6.559;3.386;2025-11-26T16:48:59.853262+00:00;temperature;34.10
4853;pms5003;3628;6.559;3.386;2025-11-26T16:54:17.124216+00:00;P2;38.25
4853;pms5003;3628;6.559;3.386;2025-11-26T16:54:17.124216+00:00;P1;48.25
4853;pms5003;3628;6.559;3.386;2025-11-26T16:54:17.124216+00:00;P0;25.25
4853;pms5003;3628;6.559;3.386;2025-11-26T16:59:43.755258+00:00;P2;39.50
4853;pms5003;3628;6.559;3.386;2025-11-26T16:59:43.755258+00:00;P1;55.25
4853;pms5003;3628;6.559;3.386;2025-11-26T16:59:43.755258+00:00;P0;25.50
4854;DHT22;3628;6.559;3.386;2025-11-26T17:00:01.324698+00:00;humidity;74.50
4854;DHT22;3628;6.559;3.386;2025-11-26T17:00:01.324698+00:00;temperature;33.50
4853;pms5003;3628;6.559;3.386;2025-11-26T17:05:18.381967+00:00;P2;45.00
4853;pms5003;3628;6.559;3.386;2025-11-26T17:05:18.381967+00:00;P1;62.75
4853;pms5003;3628;6.559;3.386;2025-11-26T17:05:18.381967+00:00;P0;30.00
4854;DHT22;3628;6.559;3.386;2025-11-26T17:05:35.887891+00:00;humidity;75.30
4854;DHT22;3628;6.559;3.386;2025-11-26T17:05:35.887891+00:00;temperature;33.40
4854;DHT22;3628;6.559;3.386;2025-11-26T17:10:59.933776+00:00;humidity;76.30
4854;DHT22;3628;6.559;3.386;2025-11-26T17:10:59.933776+00:00;temperature;33.00
4853;pms5003;3628;6.559;3.386;2025-11-26T17:16:17.188584+00:00;P2;40.25
4853;pms5003;3628;6.559;3.386;2025-11-26T17:16:17.188584+00:00;P1;52.75
4853;pms5003;3628;6.559;3.386;2025-11-26T17:16:17.188584+00:00;P0;25.00
4854;DHT22;3628;6.559;3.386;2025-11-26T17:16:34.567616+00:00;humidity;76.90
4854;DHT22;3628;6.559;3.386;2025-11-26T17:16:34.567616+00:00;temperature;32.80
4853;pms5003;3628;6.559;3.386;2025-11-26T17:21:51.764038+00:00;P2;43.00
4853;pms5003;3628;6.559;3.386;2025-11-26T17:21:51.764038+00:00;P1;59.50
4853;pms5003;3628;6.559;3.386;2025-11-26T17:21:51.764038+00:00;P0;27.00
4854;DHT22;3628;6.559;3.386;2025-11-26T17:49:20.527821+00:00;humidity;78.70
4854;DHT22;3628;6.559;3.386;2025-11-26T17:49:20.527821+00:00;temperature;32.00
4854;DHT22;3628;6.559;3.386;2025-11-26T18:05:11.464860+00:00;humidity;80.40
4854;DHT22;3628;6.559;3.386;2025-11-26T18:05:11.464860+00:00;temperature;31.80
4853;pms5003;3628;6.559;3.386;2025-11-26T18:10:28.563920+00:00;P2;30.00
4853;pms5003;3628;6.559;3.386;2025-11-26T18:10:28.563920+00:00;P1;33.00
4853;pms5003;3628;6.559;3.386;2025-11-26T18:10:28.563920+00:00;P0;20.00
4854;DHT22;3628;6.559;3.386;2025-11-26T18:10:46.271688+00:00;humidity;80.70
4854;DHT22;3628;6.559;3.386;2025-11-26T18:10:46.271688+00:00;temperature;31.70
4853;pms5003;3628;6.559;3.386;2025-11-26T18:16:03.558510+00:00;P2;28.80
4853;pms5003;3628;6.559;3.386;2025-11-26T18:16:03.558510+00:00;P1;35.00
4853;pms5003;3628;6.559;3.386;2025-11-26T18:16:03.558510+00:00;P0;19.40
4854;DHT22;3628;6.559;3.386;2025-11-26T18:16:20.881092+00:00;humidity;80.80
4854;DHT22;3628;6.559;3.386;2025-11-26T18:16:20.881092+00:00;temperature;31.70
4853;pms5003;3628;6.559;3.386;2025-11-26T18:21:38.438688+00:00;P2;32.00
4853;pms5003;3628;6.559;3.386;2025-11-26T18:21:38.438688+00:00;P1;43.00
4853;pms5003;3628;6.559;3.386;2025-11-26T18:21:38.438688+00:00;P0;20.00
4853;pms5003;3628;6.559;3.386;2025-11-26T18:27:13.064695+00:00;P2;27.00
4853;pms5003;3628;6.559;3.386;2025-11-26T18:27:13.064695+00:00;P1;30.00
4853;pms5003;3628;6.559;3.386;2025-11-26T18:27:13.064695+00:00;P0;18.00
4854;DHT22;3628;6.559;3.386;2025-11-26T18:27:30.752223+00:00;humidity;80.90
4854;DHT22;3628;6.559;3.386;2025-11-26T18:27:30.752223+00:00;temperature;31.60
4853;pms5003;3628;6.559;3.386;2025-11-26T18:32:48.866376+00:00;P2;30.00
4853;pms5003;3628;6.559;3.386;2025-11-26T18:32:48.866376+00:00;P1;45.50
4853;pms5003;3628;6.559;3.386;2025-11-26T18:32:48.866376+00:00;P0;20.00
4854;DHT22;3628;6.559;3.386;2025-11-26T18:33:06.461346+00:00;humidity;80.60
4854;DHT22;3628;6.559;3.386;2025-11-26T18:33:06.461346+00:00;temperature;31.60
4853;pms5003;3628;6.559;3.386;2025-11-26T18:38:26.431757+00:00;P2;30.00
4853;pms5003;3628;6.559;3.386;2025-11-26T18:38:26.431757+00:00;P1;39.00
4853;pms5003;3628;6.559;3.386;2025-11-26T18:38:26.431757+00:00;P0;20.00
4854;DHT22;3628;6.559;3.386;2025-11-26T18:38:41.314737+00:00;humidity;81.40
4854;DHT22;3628;6.559;3.386;2025-11-26T18:38:41.314737+00:00;temperature;31.50
4854;DHT22;3628;6.559;3.386;2025-11-26T18:44:05.002152+00:00;humidity;82.20
4854;DHT22;3628;6.559;3.386;2025-11-26T18:44:05.002152+00:00;temperature;31.50
4853;pms5003;3628;6.559;3.386;2025-11-26T18:49:22.459341+00:00;P2;29.50
4853;pms5003;3628;6.559;3.386;2025-11-26T18:49:22.459341+00:00;P1;37.50
4853;pms5003;3628;6.559;3.386;2025-11-26T18:49:22.459341+00:00;P0;20.50
4854;DHT22;3628;6.559;3.386;2025-11-26T18:49:39.886508+00:00;humidity;82.50
4854;DHT22;3628;6.559;3.386;2025-11-26T18:49:39.886508+00:00;temperature;31.40
4853;pms5003;3628;6.559;3.386;2025-11-26T18:54:57.151257+00:00;P2;29.40
4853;pms5003;3628;6.559;3.386;2025-11-26T18:54:57.151257+00:00;P1;42.20
4853;pms5003;3628;6.559;3.386;2025-11-26T18:54:57.151257+00:00;P0;20.00
4854;DHT22;3628;6.559;3.386;2025-11-26T18:55:15.456821+00:00;humidity;82.70
4854;DHT22;3628;6.559;3.386;2025-11-26T18:55:15.456821+00:00;temperature;31.50
4853;pms5003;3628;6.559;3.386;2025-11-26T19:00:33.001990+00:00;P2;33.00
4853;pms5003;3628;6.559;3.386;2025-11-26T19:00:33.001990+00:00;P1;38.50
4853;pms5003;3628;6.559;3.386;2025-11-26T19:00:33.001990+00:00;P0;21.25
4854;DHT22;3628;6.559;3.386;2025-11-26T19:06:03.745140+00:00;humidity;82.90
4854;DHT22;3628;6.559;3.386;2025-11-26T19:06:03.745140+00:00;temperature;31.40
4854;DHT22;3628;6.559;3.386;2025-11-26T19:11:28.193472+00:00;humidity;83.10
4854;DHT22;3628;6.559;3.386;2025-11-26T19:11:28.193472+00:00;temperature;31.40
4853;pms5003;3628;6.559;3.386;2025-11-26T19:16:45.478072+00:00;P2;32.00
4853;pms5003;3628;6.559;3.386;2025-11-26T19:16:45.478072+00:00;P1;44.50
4853;pms5003;3628;6.559;3.386;2025-11-26T19:16:45.478072+00:00;P0;21.50
4853;pms5003;3628;6.559;3.386;2025-11-26T19:22:23.069935+00:00;P2;33.00
4853;pms5003;3628;6.559;3.386;2025-11-26T19:22:23.069935+00:00;P1;45.40
4853;pms5003;3628;6.559;3.386;2025-11-26T19:22:23.069935+00:00;P0;22.00
4854;DHT22;3628;6.559;3.386;2025-11-26T19:22:40.449411+00:00;humidity;83.70
4854;DHT22;3628;6.559;3.386;2025-11-26T19:22:40.449411+00:00;temperature;31.30
4853;pms5003;3628;6.559;3.386;2025-11-26T19:37:13.469031+00:00;P2;32.50
4853;pms5003;3628;6.559;3.386;2025-11-26T19:37:13.469031+00:00;P1;46.75
4853;pms5003;3628;6.559;3.386;2025-11-26T19:37:13.469031+00:00;P0;22.00
4854;DHT22;3628;6.559;3.386;2025-11-26T19:37:30.645000+00:00;humidity;83.30
4854;DHT22;3628;6.559;3.386;2025-11-26T19:37:30.645000+00:00;temperature;31.30
4853;pms5003;3628;6.559;3.386;2025-11-26T19:42:47.909939+00:00;P2;30.00
4853;pms5003;3628;6.559;3.386;2025-11-26T19:42:47.909939+00:00;P1;34.80
4853;pms5003;3628;6.559;3.386;2025-11-26T19:42:47.909939+00:00;P0;20.40
4854;DHT22;3628;6.559;3.386;2025-11-26T19:43:05.246192+00:00;humidity;83.40
4854;DHT22;3628;6.559;3.386;2025-11-26T19:43:05.246192+00:00;temperature;31.30
4853;pms5003;3628;6.559;3.386;2025-11-26T19:48:22.444684+00:00;P2;30.50
4853;pms5003;3628;6.559;3.386;2025-11-26T19:48:22.444684+00:00;P1;32.25
4853;pms5003;3628;6.559;3.386;2025-11-26T19:48:22.444684+00:00;P0;19.50
4853;pms5003;3628;6.559;3.386;2025-11-26T19:53:57.179030+00:00;P2;30.00
4853;pms5003;3628;6.559;3.386;2025-11-26T19:53:57.179030+00:00;P1;41.60
4853;pms5003;3628;6.559;3.386;2025-11-26T19:53:57.179030+00:00;P0;20.00
4854;DHT22;3628;6.559;3.386;2025-11-26T19:54:14.647444+00:00;humidity;83.70
4854;DHT22;3628;6.559;3.386;2025-11-26T19:54:14.647444+00:00;temperature;31.20
4853;pms5003;3628;6.559;3.386;2025-11-26T19:59:31.936786+00:00;P2;33.50
4853;pms5003;3628;6.559;3.386;2025-11-26T19:59:31.936786+00:00;P1;39.00
4853;pms5003;3628;6.559;3.386;2025-11-26T19:59:31.936786+00:00;P0;22.00
4854;DHT22;3628;6.559;3.386;2025-11-26T19:59:49.514296+00:00;humidity;84.00
4854;DHT22;3628;6.559;3.386;2025-11-26T19:59:49.514296+00:00;temperature;31.10
4853;pms5003;3628;6.559;3.386;2025-11-26T20:05:06.725762+00:00;P2;30.50
4853;pms5003;3628;6.559;3.386;2025-11-26T20:05:06.725762+00:00;P1;40.00
4853;pms5003;3628;6.559;3.386;2025-11-26T20:05:06.725762+00:00;P0;20.75
4854;DHT22;3628;6.559;3.386;2025-11-26T20:05:24.634877+00:00;humidity;84.00
4854;DHT22;3628;6.559;3.386;2025-11-26T20:05:24.634877+00:00;temperature;31.20
4853;pms5003;3628;6.559;3.386;2025-11-26T20:10:41.936614+00:00;P2;34.00
4853;pms5003;3628;6.559;3.386;2025-11-26T20:10:41.936614+00:00;P1;39.00
4853;pms5003;3628;6.559;3.386;2025-11-26T20:10:41.936614+00:00;P0;23.00
4853;pms5003;3628;6.559;3.386;2025-11-26T20:16:06.051220+00:00;P2;32.75
4853;pms5003;3628;6.559;3.386;2025-11-26T20:16:06.051220+00:00;P1;46.50
4853;pms5003;3628;6.559;3.386;2025-11-26T20:16:06.051220+00:00;P0;22.75
4854;DHT22;3628;6.559;3.386;2025-11-26T20:16:23.546587+00:00;humidity;83.90
4854;DHT22;3628;6.559;3.386;2025-11-26T20:16:23.546587+00:00;temperature;31.20
4853;pms5003;3628;6.559;3.386;2025-11-26T20:21:40.829433+00:00;P2;33.50
4853;pms5003;3628;6.559;3.386;2025-11-26T20:21:40.829433+00:00;P1;36.50
4853;pms5003;3628;6.559;3.386;2025-11-26T20:21:40.829433+00:00;P0;22.00
4853;pms5003;3628;6.559;3.386;2025-11-26T20:27:06.456745+00:00;P2;31.25
4853;pms5003;3628;6.559;3.386;2025-11-26T20:27:06.456745+00:00;P1;45.00
4853;pms5003;3628;6.559;3.386;2025-11-26T20:27:06.456745+00:00;P0;22.00
4854;DHT22;3628;6.559;3.386;2025-11-26T20:27:24.062867+00:00;humidity;84.10
4854;DHT22;3628;6.559;3.386;2025-11-26T20:27:24.062867+00:00;temperature;31.20
4853;pms5003;3628;6.559;3.386;2025-11-26T20:32:41.068793+00:00;P2;30.75
4853;pms5003;3628;6.559;3.386;2025-11-26T20:32:41.068793+00:00;P1;43.25
4853;pms5003;3628;6.559;3.386;2025-11-26T20:32:41.068793+00:00;P0;19.25
4854;DHT22;3628;6.559;3.386;2025-11-26T20:32:58.772867+00:00;humidity;84.40
4854;DHT22;3628;6.559;3.386;2025-11-26T20:32:58.772867+00:00;temperature;31.10
4854;DHT22;3628;6.559;3.386;2025-11-26T20:38:23.464391+00:00;humidity;84.90
4854;DHT22;3628;6.559;3.386;2025-11-26T20:38:23.464391+00:00;temperature;31.00
4853;pms5003;3628;6.559;3.386;2025-11-26T20:43:40.984880+00:00;P2;33.00
4853;pms5003;3628;6.559;3.386;2025-11-26T20:43:40.984880+00:00;P1;45.25
4853;pms5003;3628;6.559;3.386;2025-11-26T20:43:40.984880+00:00;P0;22.00
4854;DHT22;3628;6.559;3.386;2025-11-26T20:43:58.622841+00:00;humidity;84.70
4854;DHT22;3628;6.559;3.386;2025-11-26T20:43:58.622841+00:00;temperature;31.00
4853;pms5003;3628;6.559;3.386;2025-11-26T20:49:16.158256+00:00;P2;31.60
4853;pms5003;3628;6.559;3.386;2025-11-26T20:49:16.158256+00:00;P1;36.60
4853;pms5003;3628;6.559;3.386;2025-11-26T20:49:16.158256+00:00;P0;20.60
4854;DHT22;3628;6.559;3.386;2025-11-26T20:49:34.154863+00:00;humidity;85.10
4854;DHT22;3628;6.559;3.386;2025-11-26T20:49:34.154863+00:00;temperature;31.00
4853;pms5003;3628;6.559;3.386;2025-11-26T20:54:51.058721+00:00;P2;31.25
4853;pms5003;3628;6.559;3.386;2025-11-26T20:54:51.058721+00:00;P1;40.50
4853;pms5003;3628;6.559;3.386;2025-11-26T20:54:51.058721+00:00;P0;20.00
4854;DHT22;3628;6.559;3.386;2025-11-26T20:55:08.757413+00:00;humidity;85.00
4854;DHT22;3628;6.559;3.386;2025-11-26T20:55:08.757413+00:00;temperature;31.00
4853;pms5003;3628;6.559;3.386;2025-11-26T21:00:26.011495+00:00;P2;37.00
4853;pms5003;3628;6.559;3.386;2025-11-26T21:00:26.011495+00:00;P1;51.50
4853;pms5003;3628;6.559;3.386;2025-11-26T21:00:26.011495+00:00;P0;23.00
4854;DHT22;3628;6.559;3.386;2025-11-26T21:00:43.526974+00:00;humidity;84.90
4854;DHT22;3628;6.559;3.386;2025-11-26T21:00:43.526974+00:00;temperature;31.00
4853;pms5003;3628;6.559;3.386;2025-11-26T21:06:00.898863+00:00;P2;33.00
4853;pms5003;3628;6.559;3.386;2025-11-26T21:06:00.898863+00:00;P1;35.00
4853;pms5003;3628;6.559;3.386;2025-11-26T21:06:00.898863+00:00;P0;22.00
4854;DHT22;3628;6.559;3.386;2025-11-26T21:06:18.836670+00:00;humidity;85.30
4854;DHT22;3628;6.559;3.386;2025-11-26T21:06:18.836670+00:00;temperature;30.90
4853;pms5003;3628;6.559;3.386;2025-11-26T21:11:36.098115+00:00;P2;30.00
4853;pms5003;3628;6.559;3.386;2025-11-26T21:11:36.098115+00:00;P1;39.50
4853;pms5003;3628;6.559;3.386;2025-11-26T21:11:36.098115+00:00;P0;20.50
4854;DHT22;3628;6.559;3.386;2025-11-26T21:11:54.153795+00:00;humidity;85.40
4854;DHT22;3628;6.559;3.386;2025-11-26T21:11:54.153795+00:00;temperature;30.90
4853;pms5003;3628;6.559;3.386;2025-11-26T21:17:11.307710+00:00;P2;32.80
4853;pms5003;3628;6.559;3.386;2025-11-26T21:17:11.307710+00:00;P1;37.60
4853;pms5003;3628;6.559;3.386;2025-11-26T21:17:11.307710+00:00;P0;22.00
4854;DHT22;3628;6.559;3.386;2025-11-26T21:17:28.805656+00:00;humidity;85.70
4854;DHT22;3628;6.559;3.386;2025-11-26T21:17:28.805656+00:00;temperature;30.90
4853;pms5003;3628;6.559;3.386;2025-11-26T21:22:46.197527+00:00;P2;35.00
4853;pms5003;3628;6.559;3.386;2025-11-26T21:22:46.197527+00:00;P1;43.50
4853;pms5003;3628;6.559;3.386;2025-11-26T21:22:46.197527+00:00;P0;23.00
4854;DHT22;3628;6.559;3.386;2025-11-26T21:23:03.602355+00:00;humidity;85.70
4854;DHT22;3628;6.559;3.386;2025-11-26T21:23:03.602355+00:00;temperature;30.90
4853;pms5003;3628;6.559;3.386;2025-11-26T21:28:20.647711+00:00;P2;32.80
4853;pms5003;3628;6.559;3.386;2025-11-26T21:28:20.647711+00:00;P1;45.00
4853;pms5003;3628;6.559;3.386;2025-11-26T21:28:20.647711+00:00;P0;21.20
4854;DHT22;3628;6.559;3.386;2025-11-26T21:28:38.052209+00:00;humidity;85.80
4854;DHT22;3628;6.559;3.386;2025-11-26T21:28:38.052209+00:00;temperature;30.90
4854;DHT22;3628;6.559;3.386;2025-11-26T21:34:12.707352+00:00;humidity;86.10
4854;DHT22;3628;6.559;3.386;2025-11-26T21:34:12.707352+00:00;temperature;30.80
4853;pms5003;3628;6.559;3.386;2025-11-26T21:39:29.844789+00:00;P2;32.40
4853;pms5003;3628;6.559;3.386;2025-11-26T21:39:29.844789+00:00;P1;36.60
4853;pms5003;3628;6.559;3.386;2025-11-26T21:39:29.844789+00:00;P0;21.20
4853;pms5003;3628;6.559;3.386;2025-11-26T21:44:53.835372+00:00;P2;33.00
4853;pms5003;3628;6.559;3.386;2025-11-26T21:44:53.835372+00:00;P1;48.50
4853;pms5003;3628;6.559;3.386;2025-11-26T21:44:53.835372+00:00;P0;22.00
4853;pms5003;3628;6.559;3.386;2025-11-26T21:45:11.109691+00:00;humidity;86.40
4853;pms5003;3628;6.559;3.386;2025-11-26T21:45:11.109691+00:00;temperature;30.80
4853;pms5003;3628;6.559;3.386;2025-11-26T21:50:28.370057+00:00;P2;33.25
4853;pms5003;3628;6.559;3.386;2025-11-26T21:50:28.370057+00:00;P1;49.75
4853;pms5003;3628;6.559;3.386;2025-11-26T21:50:28.370057+00:00;P0;22.25
4854;DHT22;3628;6.559;3.386;2025-11-26T21:50:45.774162+00:00;humidity;86.40
4854;DHT22;3628;6.559;3.386;2025-11-26T21:50:45.774162+00:00;temperature;30.80
4853;pms5003;3628;6.559;3.386;2025-11-26T21:56:02.981808+00:00;P2;31.00
4853;pms5003;3628;6.559;3.386;2025-11-26T21:56:02.981808+00:00;P1;40.75
4853;pms5003;3628;6.559;3.386;2025-11-26T21:56:02.981808+00:00;P0;21.50
4853;pms5003;3628;6.559;3.386;2025-11-26T22:01:37.550658+00:00;P2;32.00
4853;pms5003;3628;6.559;3.386;2025-11-26T22:01:37.550658+00:00;P1;46.00
4853;pms5003;3628;6.559;3.386;2025-11-26T22:01:37.550658+00:00;P0;21.50
4854;DHT22;3628;6.559;3.386;2025-11-26T22:01:55.150670+00:00;humidity;86.60
4854;DHT22;3628;6.559;3.386;2025-11-26T22:01:55.150670+00:00;temperature;30.80
4854;DHT22;3628;6.559;3.386;2025-11-26T22:07:19.031126+00:00;humidity;86.70
4854;DHT22;3628;6.559;3.386;2025-11-26T22:07:19.031126+00:00;temperature;30.70
4853;pms5003;3628;6.559;3.386;2025-11-26T22:12:36.262669+00:00;P2;29.50
4853;pms5003;3628;6.559;3.386;2025-11-26T22:12:36.262669+00:00;P1;29.50
4853;pms5003;3628;6.559;3.386;2025-11-26T22:12:36.262669+00:00;P0;19.50
4854;DHT22;3628;6.559;3.386;2025-11-26T22:12:53.766752+00:00;humidity;86.80
4854;DHT22;3628;6.559;3.386;2025-11-26T22:12:53.766752+00:00;temperature;30.70
4853;pms5003;3628;6.559;3.386;2025-11-26T22:18:11.213927+00:00;P2;31.50
4853;pms5003;3628;6.559;3.386;2025-11-26T22:18:11.213927+00:00;P1;40.00
4853;pms5003;3628;6.559;3.386;2025-11-26T22:18:11.213927+00:00;P0;21.75
4854;DHT22;3628;6.559;3.386;2025-11-26T22:18:29.133764+00:00;humidity;86.80
4854;DHT22;3628;6.559;3.386;2025-11-26T22:18:29.133764+00:00;temperature;30.70
4854;DHT22;3628;6.559;3.386;2025-11-26T22:23:52.645233+00:00;humidity;87.20
4854;DHT22;3628;6.559;3.386;2025-11-26T22:23:52.645233+00:00;temperature;30.60
4853;pms5003;3628;6.559;3.386;2025-11-26T22:29:10.253914+00:00;P2;31.25
4853;pms5003;3628;6.559;3.386;2025-11-26T22:29:10.253914+00:00;P1;46.50
4853;pms5003;3628;6.559;3.386;2025-11-26T22:29:10.253914+00:00;P0;21.75
4854;DHT22;3628;6.559;3.386;2025-11-26T22:29:27.743425+00:00;humidity;87.00
4854;DHT22;3628;6.559;3.386;2025-11-26T22:29:27.743425+00:00;temperature;30.70
4853;pms5003;3628;6.559;3.386;2025-11-26T22:34:45.052997+00:00;P2;32.50
4853;pms5003;3628;6.559;3.386;2025-11-26T22:34:45.052997+00:00;P1;45.50
4853;pms5003;3628;6.559;3.386;2025-11-26T22:34:45.052997+00:00;P0;22.00
4853;pms5003;3628;6.559;3.386;2025-11-26T22:40:20.297772+00:00;P2;32.75
4853;pms5003;3628;6.559;3.386;2025-11-26T22:40:20.297772+00:00;P1;38.25
4853;pms5003;3628;6.559;3.386;2025-11-26T22:40:20.297772+00:00;P0;22.00
4854;DHT22;3628;6.559;3.386;2025-11-26T22:40:37.797306+00:00;humidity;87.40
4854;DHT22;3628;6.559;3.386;2025-11-26T22:40:37.797306+00:00;temperature;30.60
4853;pms5003;3628;6.559;3.386;2025-11-26T22:45:55.092877+00:00;P2;31.50
4853;pms5003;3628;6.559;3.386;2025-11-26T22:45:55.092877+00:00;P1;44.75
4853;pms5003;3628;6.559;3.386;2025-11-26T22:45:55.092877+00:00;P0;21.75
4854;DHT22;3628;6.559;3.386;2025-11-26T22:46:12.867700+00:00;humidity;87.50
4854;DHT22;3628;6.559;3.386;2025-11-26T22:46:12.867700+00:00;temperature;30.60
4853;pms5003;3628;6.559;3.386;2025-11-26T22:51:33.144460+00:00;P2;30.00
4853;pms5003;3628;6.559;3.386;2025-11-26T22:51:33.144460+00:00;P1;37.80
4853;pms5003;3628;6.559;3.386;2025-11-26T22:51:33.144460+00:00;P0;20.00
4854;DHT22;3628;6.559;3.386;2025-11-26T22:51:50.578818+00:00;humidity;87.90
4854;DHT22;3628;6.559;3.386;2025-11-26T22:51:50.578818+00:00;temperature;30.50
4854;DHT22;3628;6.559;3.386;2025-11-26T22:57:14.547527+00:00;humidity;87.80
4854;DHT22;3628;6.559;3.386;2025-11-26T22:57:14.547527+00:00;temperature;30.50
4853;pms5003;3628;6.559;3.386;2025-11-26T23:02:31.754159+00:00;P2;32.20
4853;pms5003;3628;6.559;3.386;2025-11-26T23:02:31.754159+00:00;P1;41.40
4853;pms5003;3628;6.559;3.386;2025-11-26T23:02:31.754159+00:00;P0;22.00
4854;DHT22;3628;6.559;3.386;2025-11-26T23:08:01.965954+00:00;humidity;88.00
4854;DHT22;3628;6.559;3.386;2025-11-26T23:08:01.965954+00:00;temperature;30.60
4853;pms5003;3628;6.559;3.386;2025-11-26T23:13:19.308224+00:00;P2;30.40
4853;pms5003;3628;6.559;3.386;2025-11-26T23:13:19.308224+00:00;P1;39.00
4853;pms5003;3628;6.559;3.386;2025-11-26T23:13:19.308224+00:00;P0;21.80
4854;DHT22;3628;6.559;3.386;2025-11-26T23:18:49.692808+00:00;humidity;87.90
4854;DHT22;3628;6.559;3.386;2025-11-26T23:18:49.692808+00:00;temperature;30.70
4853;pms5003;3628;6.559;3.386;2025-11-26T23:24:06.905911+00:00;P2;33.00
4853;pms5003;3628;6.559;3.386;2025-11-26T23:24:06.905911+00:00;P1;38.00
4853;pms5003;3628;6.559;3.386;2025-11-26T23:24:06.905911+00:00;P0;22.00
4854;DHT22;3628;6.559;3.386;2025-11-26T23:24:24.246651+00:00;humidity;88.00
4854;DHT22;3628;6.559;3.386;2025-11-26T23:24:24.246651+00:00;temperature;30.60
4854;DHT22;3628;6.559;3.386;2025-11-26T23:29:58.917129+00:00;humidity;87.80
4854;DHT22;3628;6.559;3.386;2025-11-26T23:29:58.917129+00:00;temperature;30.70
4853;pms5003;3628;6.559;3.386;2025-11-26T23:35:16.372960+00:00;P2;32.50
4853;pms5003;3628;6.559;3.386;2025-11-26T23:35:16.372960+00:00;P1;45.00
4853;pms5003;3628;6.559;3.386;2025-11-26T23:35:16.372960+00:00;P0;21.50
4854;DHT22;3628;6.559;3.386;2025-11-26T23:35:33.741400+00:00;humidity;87.70
4854;DHT22;3628;6.559;3.386;2025-11-26T23:35:33.741400+00:00;temperature;30.70
4854;DHT22;3628;6.559;3.386;2025-11-26T23:40:57.953168+00:00;humidity;87.50
4854;DHT22;3628;6.559;3.386;2025-11-26T23:40:57.953168+00:00;temperature;30.80
4853;pms5003;3628;6.559;3.386;2025-11-26T23:46:14.987607+00:00;P2;32.25
4853;pms5003;3628;6.559;3.386;2025-11-26T23:46:14.987607+00:00;P1;44.25
4853;pms5003;3628;6.559;3.386;2025-11-26T23:46:14.987607+00:00;P0;20.75
4853;pms5003;3628;6.559;3.386;2025-11-26T23:51:39.185272+00:00;P2;28.25
4853;pms5003;3628;6.559;3.386;2025-11-26T23:51:39.185272+00:00;P1;29.50
4853;pms5003;3628;6.559;3.386;2025-11-26T23:51:39.185272+00:00;P0;17.50
4853;pms5003;3628;6.559;3.386;2025-11-26T23:57:03.031650+00:00;P2;27.00
4853;pms5003;3628;6.559;3.386;2025-11-26T23:57:03.031650+00:00;P1;41.50
4853;pms5003;3628;6.559;3.386;2025-11-26T23:57:03.031650+00:00;P0;15.25
4854;DHT22;3628;6.559;3.386;2025-11-26T23:57:20.385729+00:00;humidity;87.70
4854;DHT22;3628;6.559;3.386;2025-11-26T23:57:20.385729+00:00;temperature;30.70
4854;DHT22;3628;6.559;3.386;2025-11-27T00:07:58.024414+00:00;humidity;87.70
4854;DHT22;3628;6.559;3.386;2025-11-27T00:07:58.024414+00:00;temperature;30.70
4853;pms5003;3628;6.559;3.386;2025-11-27T10:49:11.180712+00:00;P2;33.67
4853;pms5003;3628;6.559;3.386;2025-11-27T10:49:11.180712+00:00;P1;44.00
4853;pms5003;3628;6.559;3.386;2025-11-27T10:49:11.180712+00:00;P0;22.00
4854;DHT22;3628;6.559;3.386;2025-11-27T11:59:37.479565+00:00;humidity;71.00
4854;DHT22;3628;6.559;3.386;2025-11-27T11:59:37.479565+00:00;temperature;34.90
4853;pms5003;3628;6.559;3.386;2025-11-27T12:33:06.925611+00:00;P2;27.20
4853;pms5003;3628;6.559;3.386;2025-11-27T12:33:06.925611+00:00;P1;30.00
4853;pms5003;3628;6.559;3.386;2025-11-27T12:33:06.925611+00:00;P0;19.00
4854;DHT22;3628;6.559;3.386;2025-11-27T12:33:24.265805+00:00;humidity;64.60
4854;DHT22;3628;6.559;3.386;2025-11-27T12:33:24.265805+00:00;temperature;37.70
4853;pms5003;3628;6.559;3.386;2025-11-27T12:44:08.557209+00:00;P2;25.60
4853;pms5003;3628;6.559;3.386;2025-11-27T12:44:08.557209+00:00;P1;37.00
4853;pms5003;3628;6.559;3.386;2025-11-27T12:44:08.557209+00:00;P0;17.60
4854;DHT22;3628;6.559;3.386;2025-11-27T12:44:25.904380+00:00;humidity;60.20
4854;DHT22;3628;6.559;3.386;2025-11-27T12:44:25.904380+00:00;temperature;39.10
4854;DHT22;3628;6.559;3.386;2025-11-27T12:49:49.978282+00:00;humidity;60.80
4854;DHT22;3628;6.559;3.386;2025-11-27T12:49:49.978282+00:00;temperature;38.60
4854;DHT22;3628;6.559;3.386;2025-11-27T12:55:14.133157+00:00;humidity;61.40
4854;DHT22;3628;6.559;3.386;2025-11-27T12:55:14.133157+00:00;temperature;38.40
4853;pms5003;3628;6.559;3.386;2025-11-27T13:00:31.471489+00:00;P2;26.40
4853;pms5003;3628;6.559;3.386;2025-11-27T13:00:31.471489+00:00;P1;29.00
4853;pms5003;3628;6.559;3.386;2025-11-27T13:00:31.471489+00:00;P0;19.00
4853;pms5003;3628;6.559;3.386;2025-11-27T13:06:06.078543+00:00;P2;27.50
4853;pms5003;3628;6.559;3.386;2025-11-27T13:06:06.078543+00:00;P1;29.50
4853;pms5003;3628;6.559;3.386;2025-11-27T13:06:06.078543+00:00;P0;18.00
4854;DHT22;3628;6.559;3.386;2025-11-27T13:06:23.440945+00:00;humidity;65.20
4854;DHT22;3628;6.559;3.386;2025-11-27T13:06:23.440945+00:00;temperature;36.90
4853;pms5003;3628;6.559;3.386;2025-11-27T13:11:40.686166+00:00;P2;30.25
4853;pms5003;3628;6.559;3.386;2025-11-27T13:11:40.686166+00:00;P1;39.50
4853;pms5003;3628;6.559;3.386;2025-11-27T13:11:40.686166+00:00;P0;21.25
4854;DHT22;3628;6.559;3.386;2025-11-27T13:11:58.083741+00:00;humidity;63.60
4854;DHT22;3628;6.559;3.386;2025-11-27T13:11:58.083741+00:00;temperature;38.10
4853;pms5003;3628;6.559;3.386;2025-11-27T13:17:15.279165+00:00;P2;26.00
4853;pms5003;3628;6.559;3.386;2025-11-27T13:17:15.279165+00:00;P1;30.50
4853;pms5003;3628;6.559;3.386;2025-11-27T13:17:15.279165+00:00;P0;18.50
4854;DHT22;3628;6.559;3.386;2025-11-27T13:17:35.570840+00:00;humidity;61.40
4854;DHT22;3628;6.559;3.386;2025-11-27T13:17:35.570840+00:00;temperature;38.60
4853;pms5003;3628;6.559;3.386;2025-11-27T13:22:52.753525+00:00;P2;31.00
4853;pms5003;3628;6.559;3.386;2025-11-27T13:22:52.753525+00:00;P1;43.25
4853;pms5003;3628;6.559;3.386;2025-11-27T13:22:52.753525+00:00;P0;20.50
4853;pms5003;3628;6.559;3.386;2025-11-27T13:28:17.066512+00:00;P2;30.00
4853;pms5003;3628;6.559;3.386;2025-11-27T13:28:17.066512+00:00;P1;30.00
4853;pms5003;3628;6.559;3.386;2025-11-27T13:28:17.066512+00:00;P0;21.50
4854;DHT22;3628;6.559;3.386;2025-11-27T13:33:58.246091+00:00;humidity;67.10
4854;DHT22;3628;6.559;3.386;2025-11-27T13:33:58.246091+00:00;temperature;35.40
4853;pms5003;3628;6.559;3.386;2025-11-27T13:43:45.434719+00:00;P2;34.67
4853;pms5003;3628;6.559;3.386;2025-11-27T13:43:45.434719+00:00;P1;41.67
4853;pms5003;3628;6.559;3.386;2025-11-27T13:43:45.434719+00:00;P0;22.00
4853;pms5003;3628;6.559;3.386;2025-11-27T13:49:41.440292+00:00;P2;33.00
4853;pms5003;3628;6.559;3.386;2025-11-27T13:49:41.440292+00:00;P1;46.25
4853;pms5003;3628;6.559;3.386;2025-11-27T13:49:41.440292+00:00;P0;22.00
4853;pms5003;3628;6.559;3.386;2025-11-27T14:18:50.366920+00:00;P2;33.25
4853;pms5003;3628;6.559;3.386;2025-11-27T14:18:50.366920+00:00;P1;37.50
4853;pms5003;3628;6.559;3.386;2025-11-27T14:18:50.366920+00:00;P0;22.00
4853;pms5003;3628;6.559;3.386;2025-11-27T14:24:47.880164+00:00;P2;37.00
4853;pms5003;3628;6.559;3.386;2025-11-27T14:24:47.880164+00:00;P1;51.75
4853;pms5003;3628;6.559;3.386;2025-11-27T14:24:47.880164+00:00;P0;24.00
4853;pms5003;3628;6.559;3.386;2025-11-27T15:11:16.771360+00:00;P2;27.50
4853;pms5003;3628;6.559;3.386;2025-11-27T15:11:16.771360+00:00;P1;27.50
4853;pms5003;3628;6.559;3.386;2025-11-27T15:11:16.771360+00:00;P0;20.00
4854;DHT22;3628;6.559;3.386;2025-11-27T15:11:34.408211+00:00;humidity;74.20
4854;DHT22;3628;6.559;3.386;2025-11-27T15:11:34.408211+00:00;temperature;33.40
4853;pms5003;3628;6.559;3.386;2025-11-27T16:45:00.621085+00:00;P2;27.60
4853;pms5003;3628;6.559;3.386;2025-11-27T16:45:00.621085+00:00;P1;36.80
4853;pms5003;3628;6.559;3.386;2025-11-27T16:45:00.621085+00:00;P0;20.00
4853;pms5003;3628;6.559;3.386;2025-11-27T16:50:24.390312+00:00;P2;27.00
4853;pms5003;3628;6.559;3.386;2025-11-27T16:50:24.390312+00:00;P1;31.00
4853;pms5003;3628;6.559;3.386;2025-11-27T16:50:24.390312+00:00;P0;18.00
4853;pms5003;3628;6.559;3.386;2025-11-27T16:58:57.546416+00:00;P2;32.00
4853;pms5003;3628;6.559;3.386;2025-11-27T16:58:57.546416+00:00;P1;35.50
4853;pms5003;3628;6.559;3.386;2025-11-27T16:58:57.546416+00:00;P0;22.00
4854;DHT22;3628;6.559;3.386;2025-11-27T16:59:15.052385+00:00;humidity;79.80
4854;DHT22;3628;6.559;3.386;2025-11-27T16:59:15.052385+00:00;temperature;32.30
4853;pms5003;3628;6.559;3.386;2025-11-27T17:49:12.764230+00:00;P2;30.00
4853;pms5003;3628;6.559;3.386;2025-11-27T17:49:12.764230+00:00;P1;34.50
4853;pms5003;3628;6.559;3.386;2025-11-27T17:49:12.764230+00:00;P0;19.75
4854;DHT22;3628;6.559;3.386;2025-11-27T17:49:30.097874+00:00;humidity;81.50
4854;DHT22;3628;6.559;3.386;2025-11-27T17:49:30.097874+00:00;temperature;32.00
4853;pms5003;3628;6.559;3.386;2025-11-27T17:54:47.483996+00:00;P2;26.75
4853;pms5003;3628;6.559;3.386;2025-11-27T17:54:47.483996+00:00;P1;36.00
4853;pms5003;3628;6.559;3.386;2025-11-27T17:54:47.483996+00:00;P0;17.00
4853;pms5003;3628;6.559;3.386;2025-11-27T18:00:22.093765+00:00;P2;33.00
4853;pms5003;3628;6.559;3.386;2025-11-27T18:00:22.093765+00:00;P1;38.20
4853;pms5003;3628;6.559;3.386;2025-11-27T18:00:22.093765+00:00;P0;23.00
4853;pms5003;3628;6.559;3.386;2025-11-27T18:05:56.614464+00:00;P2;31.50
4853;pms5003;3628;6.559;3.386;2025-11-27T18:05:56.614464+00:00;P1;39.75
4853;pms5003;3628;6.559;3.386;2025-11-27T18:05:56.614464+00:00;P0;19.75
4854;DHT22;3628;6.559;3.386;2025-11-27T18:06:13.980126+00:00;humidity;83.50
4854;DHT22;3628;6.559;3.386;2025-11-27T18:06:13.980126+00:00;temperature;31.70
4853;pms5003;3628;6.559;3.386;2025-11-27T18:11:31.508699+00:00;P2;31.00
4853;pms5003;3628;6.559;3.386;2025-11-27T18:11:31.508699+00:00;P1;37.50
4853;pms5003;3628;6.559;3.386;2025-11-27T18:11:31.508699+00:00;P0;21.50
4854;DHT22;3628;6.559;3.386;2025-11-27T18:11:48.852480+00:00;humidity;83.50
4854;DHT22;3628;6.559;3.386;2025-11-27T18:11:48.852480+00:00;temperature;31.60
4854;DHT22;3628;6.559;3.386;2025-11-27T18:17:12.899435+00:00;humidity;83.50
4854;DHT22;3628;6.559;3.386;2025-11-27T18:17:12.899435+00:00;temperature;31.50
4853;pms5003;3628;6.559;3.386;2025-11-27T18:22:30.859599+00:00;P2;25.25
4853;pms5003;3628;6.559;3.386;2025-11-27T18:22:30.859599+00:00;P1;37.00
4853;pms5003;3628;6.559;3.386;2025-11-27T18:22:30.859599+00:00;P0;18.00
4854;DHT22;3628;6.559;3.386;2025-11-27T18:22:47.995073+00:00;humidity;83.40
4854;DHT22;3628;6.559;3.386;2025-11-27T18:22:47.995073+00:00;temperature;31.60
4853;pms5003;3628;6.559;3.386;2025-11-27T18:28:05.148924+00:00;P2;31.40
4853;pms5003;3628;6.559;3.386;2025-11-27T18:28:05.148924+00:00;P1;35.40
4853;pms5003;3628;6.559;3.386;2025-11-27T18:28:05.148924+00:00;P0;21.60
4853;pms5003;3628;6.559;3.386;2025-11-28T05:40:29.188123+00:00;P2;46.00
4853;pms5003;3628;6.559;3.386;2025-11-28T05:40:29.188123+00:00;P1;62.75
4853;pms5003;3628;6.559;3.386;2025-11-28T05:40:29.188123+00:00;P0;30.00
4853;pms5003;3628;6.559;3.386;2025-11-28T05:45:53.174192+00:00;P2;47.00
4853;pms5003;3628;6.559;3.386;2025-11-28T05:45:53.174192+00:00;P1;59.67
4853;pms5003;3628;6.559;3.386;2025-11-28T05:45:53.174192+00:00;P0;31.00
4854;DHT22;3628;6.559;3.386;2025-11-28T05:46:10.492028+00:00;humidity;90.70
4854;DHT22;3628;6.559;3.386;2025-11-28T05:46:10.492028+00:00;temperature;30.00
4853;pms5003;3628;6.559;3.386;2025-11-28T05:51:27.788987+00:00;P2;46.25
4853;pms5003;3628;6.559;3.386;2025-11-28T05:51:27.788987+00:00;P1;64.75
4853;pms5003;3628;6.559;3.386;2025-11-28T05:51:27.788987+00:00;P0;31.75
4853;pms5003;3628;6.559;3.386;2025-11-28T10:59:27.675565+00:00;P2;28.60
4853;pms5003;3628;6.559;3.386;2025-11-28T10:59:27.675565+00:00;P1;31.00
4853;pms5003;3628;6.559;3.386;2025-11-28T10:59:27.675565+00:00;P0;19.40
4853;pms5003;3628;6.559;3.386;2025-11-28T11:04:51.475053+00:00;P2;35.25
4853;pms5003;3628;6.559;3.386;2025-11-28T11:04:51.475053+00:00;P1;43.p0
4853;pms5003;3628;6.559;3.386;2025-11-28T11:04:51.475053+00:00;P0;24.00
4854;DHT22;3628;6.559;3.386;2025-11-28T11:05:08.816260+00:00;humidity;65.20
4854;DHT22;3628;6.559;3.386;2025-11-28T11:05:08.816260+00:00;temperature;37.50
4853;pms5003;3628;6.559;3.386;2025-11-28T11:54:03.885664+00:00;P2;25.00
4853;pms5003;3628;6.559;3.386;2025-11-28T11:54:03.885664+00:00;P1;35.50
4853;pms5003;3628;6.559;3.386;2025-11-28T11:54:03.885664+00:00;P0;18.00
4854;DHT22;3628;6.559;3.386;2025-11-28T11:59:45.486337+00:00;humidity;62.20
4854;DHT22;3628;6.559;3.386;2025-11-28T11:59:45.486337+00:00;temperature;38.40
4853;pms5003;3628;6.559;3.386;2025-11-28T12:05:02.757485+00:00;P2;29.50
4853;pms5003;3628;6.559;3.386;2025-11-28T12:05:02.757485+00:00;P1;33.50
4853;pms5003;3628;6.559;3.386;2025-11-28T12:05:02.757485+00:00;P0;19.50
4853;pms5003;3628;6.559;3.386;2025-11-28T12:25:02.557020+00:00;P2;29.50
4853;pms5003;3628;6.559;3.386;2025-11-28T12:25:02.557020+00:00;P1;41.50
4853;pms5003;3628;6.559;3.386;2025-11-28T12:25:02.557020+00:00;P0;19.00
4854;DHT22;3628;6.559;3.386;2025-11-28T12:25:19.926669+00:00;humidity;65.80
4854;DHT22;3628;6.559;3.386;2025-11-28T12:25:19.926669+00:00;temperature;36.20
4853;pms5003;3628;6.559;3.386;2025-11-28T12:51:44.027226+00:00;P2;33.00
4853;pms5003;3628;6.559;3.386;2025-11-28T12:51:44.027226+00:00;P1;43.00
4853;pms5003;3628;6.559;3.386;2025-11-28T12:51:44.027226+00:00;P0;22.00
4854;DHT22;3628;6.559;3.386;2025-11-28T13:00:01.582102+00:00;humidity;62.20
4854;DHT22;3628;6.559;3.386;2025-11-28T13:00:01.582102+00:00;temperature;37.90
4854;DHT22;3628;6.559;3.386;2025-11-28T13:05:25.789912+00:00;humidity;61.60
4854;DHT22;3628;6.559;3.386;2025-11-28T13:05:25.789912+00:00;temperature;37.90
4853;pms5003;3628;6.559;3.386;2025-11-28T13:10:42.952908+00:00;P2;29.00
4853;pms5003;3628;6.559;3.386;2025-11-28T13:10:42.952908+00:00;P1;35.50
4853;pms5003;3628;6.559;3.386;2025-11-28T13:10:42.952908+00:00;P0;19.50
4853;pms5003;3628;6.559;3.386;2025-11-28T13:16:17.571947+00:00;P2;27.50
4853;pms5003;3628;6.559;3.386;2025-11-28T13:16:17.571947+00:00;P1;35.25
4853;pms5003;3628;6.559;3.386;2025-11-28T13:16:17.571947+00:00;P0;19.50
4853;pms5003;3628;6.559;3.386;2025-11-28T13:21:41.605536+00:00;P2;29.50
4853;pms5003;3628;6.559;3.386;2025-11-28T13:21:41.605536+00:00;P1;32.00
4853;pms5003;3628;6.559;3.386;2025-11-28T13:21:41.605536+00:00;P0;20.00
4853;pms5003;3628;6.559;3.386;2025-11-28T13:27:16.189086+00:00;P2;27.00
4853;pms5003;3628;6.559;3.386;2025-11-28T13:27:16.189086+00:00;P1;31.00
4853;pms5003;3628;6.559;3.386;2025-11-28T13:27:16.189086+00:00;P0;19.75
4854;DHT22;3628;6.559;3.386;2025-11-28T13:27:33.677930+00:00;humidity;62.60
4854;DHT22;3628;6.559;3.386;2025-11-28T13:27:33.677930+00:00;temperature;38.00
4853;pms5003;3628;6.559;3.386;2025-11-28T13:32:50.869284+00:00;P2;26.00
4853;pms5003;3628;6.559;3.386;2025-11-28T13:32:50.869284+00:00;P1;28.60
4853;pms5003;3628;6.559;3.386;2025-11-28T13:32:50.869284+00:00;P0;19.80
4854;DHT22;3628;6.559;3.386;2025-11-28T13:33:11.377770+00:00;humidity;61.70
4854;DHT22;3628;6.559;3.386;2025-11-28T13:33:11.377770+00:00;temperature;38.40
4853;pms5003;3628;6.559;3.386;2025-11-28T13:39:03.278626+00:00;P2;24.40
4853;pms5003;3628;6.559;3.386;2025-11-28T13:39:03.278626+00:00;P1;36.00
4853;pms5003;3628;6.559;3.386;2025-11-28T13:39:03.278626+00:00;P0;15.80
4854;DHT22;3628;6.559;3.386;2025-11-28T13:39:20.743414+00:00;humidity;63.90
4854;DHT22;3628;6.559;3.386;2025-11-28T13:39:20.743414+00:00;temperature;37.10
4854;DHT22;3628;6.559;3.386;2025-11-28T13:55:25.424060+00:00;humidity;61.30
4854;DHT22;3628;6.559;3.386;2025-11-28T13:55:25.424060+00:00;temperature;38.60
4854;DHT22;3628;6.559;3.386;2025-11-28T14:00:49.181743+00:00;humidity;63.00
4854;DHT22;3628;6.559;3.386;2025-11-28T14:00:49.181743+00:00;temperature;37.80
4853;pms5003;3628;6.559;3.386;2025-11-28T14:06:06.388142+00:00;P2;29.40
4853;pms5003;3628;6.559;3.386;2025-11-28T14:06:06.388142+00:00;P1;35.00
4853;pms5003;3628;6.559;3.386;2025-11-28T14:06:06.388142+00:00;P0;19.60
4853;pms5003;3628;6.559;3.386;2025-11-28T14:11:41.073468+00:00;P2;29.75
4853;pms5003;3628;6.559;3.386;2025-11-28T14:11:41.073468+00:00;P1;37.00
4853;pms5003;3628;6.559;3.386;2025-11-28T14:11:41.073468+00:00;P0;20.00
4853;pms5003;3628;6.559;3.386;2025-11-28T14:17:15.649626+00:00;P2;27.00
4853;pms5003;3628;6.559;3.386;2025-11-28T14:17:15.649626+00:00;P1;35.20
4853;pms5003;3628;6.559;3.386;2025-11-28T14:17:15.649626+00:00;P0;18.00
4853;pms5003;3628;6.559;3.386;2025-11-28T14:22:50.274632+00:00;P2;24.50
4853;pms5003;3628;6.559;3.386;2025-11-28T14:22:50.274632+00:00;P1;32.00
4853;pms5003;3628;6.559;3.386;2025-11-28T14:22:50.274632+00:00;P0;17.00
4854;DHT22;3628;6.559;3.386;2025-11-28T14:23:07.658007+00:00;humidity;64.40
4854;DHT22;3628;6.559;3.386;2025-11-28T14:23:07.658007+00:00;temperature;37.10
4854;DHT22;3628;6.559;3.386;2025-11-28T14:28:31.771260+00:00;humidity;63.20
4854;DHT22;3628;6.559;3.386;2025-11-28T14:28:31.771260+00:00;temperature;37.80
4853;pms5003;3628;6.559;3.386;2025-11-28T14:33:48.998835+00:00;P2;25.00
4853;pms5003;3628;6.559;3.386;2025-11-28T14:33:48.998835+00:00;P1;27.50
4853;pms5003;3628;6.559;3.386;2025-11-28T14:33:48.998835+00:00;P0;19.00
4854;DHT22;3628;6.559;3.386;2025-11-28T14:34:06.383183+00:00;humidity;64.70
4854;DHT22;3628;6.559;3.386;2025-11-28T14:34:06.383183+00:00;temperature;36.80
4853;pms5003;3628;6.559;3.386;2025-11-28T14:39:23.728290+00:00;P2;25.50
4853;pms5003;3628;6.559;3.386;2025-11-28T14:39:23.728290+00:00;P1;28.00
4853;pms5003;3628;6.559;3.386;2025-11-28T14:39:23.728290+00:00;P0;18.00
4854;DHT22;3628;6.559;3.386;2025-11-28T14:39:41.095406+00:00;humidity;64.70
4854;DHT22;3628;6.559;3.386;2025-11-28T14:39:41.095406+00:00;temperature;37.00
4853;pms5003;3628;6.559;3.386;2025-11-28T14:44:58.338661+00:00;P2;27.25
4853;pms5003;3628;6.559;3.386;2025-11-28T14:44:58.338661+00:00;P1;34.75
4853;pms5003;3628;6.559;3.386;2025-11-28T14:44:58.338661+00:00;P0;20.00
4854;DHT22;3628;6.559;3.386;2025-11-28T14:45:15.713575+00:00;humidity;65.40
4854;DHT22;3628;6.559;3.386;2025-11-28T14:45:15.713575+00:00;temperature;36.60
4853;pms5003;3628;6.559;3.386;2025-11-28T14:50:32.960406+00:00;P2;23.50
4853;pms5003;3628;6.559;3.386;2025-11-28T14:50:32.960406+00:00;P1;29.50
4853;pms5003;3628;6.559;3.386;2025-11-28T14:50:32.960406+00:00;P0;17.25
4854;DHT22;3628;6.559;3.386;2025-11-28T14:56:03.817417+00:00;humidity;66.30
4854;DHT22;3628;6.559;3.386;2025-11-28T14:56:03.817417+00:00;temperature;36.10
4853;pms5003;3628;6.559;3.386;2025-11-28T15:01:21.041886+00:00;P2;23.20
4853;pms5003;3628;6.559;3.386;2025-11-28T15:01:21.041886+00:00;P1;35.20
4853;pms5003;3628;6.559;3.386;2025-11-28T15:01:21.041886+00:00;P0;19.00
4853;pms5003;3628;6.559;3.386;2025-11-28T15:06:45.063846+00:00;P2;27.00
4853;pms5003;3628;6.559;3.386;2025-11-28T15:06:45.063846+00:00;P1;30.75
4853;pms5003;3628;6.559;3.386;2025-11-28T15:06:45.063846+00:00;P0;20.00
4854;DHT22;3628;6.559;3.386;2025-11-28T15:07:02.508115+00:00;humidity;68.20
4854;DHT22;3628;6.559;3.386;2025-11-28T15:07:02.508115+00:00;temperature;35.80
4853;pms5003;3628;6.559;3.386;2025-11-28T15:12:19.691464+00:00;P2;24.25
4853;pms5003;3628;6.559;3.386;2025-11-28T15:12:19.691464+00:00;P1;37.75
4853;pms5003;3628;6.559;3.386;2025-11-28T15:12:19.691464+00:00;P0;16.25
4854;DHT22;3628;6.559;3.386;2025-11-28T15:12:37.078847+00:00;humidity;67.00
4854;DHT22;3628;6.559;3.386;2025-11-28T15:12:37.078847+00:00;temperature;36.20
4853;pms5003;3628;6.559;3.386;2025-11-28T15:17:54.313147+00:00;P2;27.80
4853;pms5003;3628;6.559;3.386;2025-11-28T15:17:54.313147+00:00;P1;39.40
4853;pms5003;3628;6.559;3.386;2025-11-28T15:17:54.313147+00:00;P0;20.00
4854;DHT22;3628;6.559;3.386;2025-11-28T15:18:11.696621+00:00;humidity;66.60
4854;DHT22;3628;6.559;3.386;2025-11-28T15:18:11.696621+00:00;temperature;36.10
4854;DHT22;3628;6.559;3.386;2025-11-28T15:23:38.542391+00:00;humidity;67.70
4854;DHT22;3628;6.559;3.386;2025-11-28T15:23:38.542391+00:00;temperature;36.10
4854;DHT22;3628;6.559;3.386;2025-11-28T15:29:02.404383+00:00;humidity;66.60
4854;DHT22;3628;6.559;3.386;2025-11-28T15:29:02.404383+00:00;temperature;36.80
4854;DHT22;3628;6.559;3.386;2025-11-28T15:34:26.309340+00:00;humidity;65.20
4854;DHT22;3628;6.559;3.386;2025-11-28T15:34:26.309340+00:00;temperature;37.20
4853;pms5003;3628;6.559;3.386;2025-11-28T15:39:43.538003+00:00;P2;28.50
4853;pms5003;3628;6.559;3.386;2025-11-28T15:39:43.538003+00:00;P1;38.75
4853;pms5003;3628;6.559;3.386;2025-11-28T15:39:43.538003+00:00;P0;19.50
4853;pms5003;3628;6.559;3.386;2025-11-28T15:50:34.884727+00:00;P2;31.25
4853;pms5003;3628;6.559;3.386;2025-11-28T15:50:34.884727+00:00;P1;36.25
4853;pms5003;3628;6.559;3.386;2025-11-28T15:50:34.884727+00:00;P0;20.25
4854;DHT22;3628;6.559;3.386;2025-11-28T15:50:52.233181+00:00;humidity;67.80
4854;DHT22;3628;6.559;3.386;2025-11-28T15:50:52.233181+00:00;temperature;36.10
4853;pms5003;3628;6.559;3.386;2025-11-28T15:56:09.525869+00:00;P2;35.33
4853;pms5003;3628;6.559;3.386;2025-11-28T15:56:09.525869+00:00;P1;45.00
4853;pms5003;3628;6.559;3.386;2025-11-28T15:56:09.525869+00:00;P0;22.33
4854;DHT22;3628;6.559;3.386;2025-11-28T15:56:26.930220+00:00;humidity;68.60
4854;DHT22;3628;6.559;3.386;2025-11-28T15:56:26.930220+00:00;temperature;36.00
4854;DHT22;3628;6.559;3.386;2025-11-28T16:02:01.447821+00:00;humidity;69.20
4854;DHT22;3628;6.559;3.386;2025-11-28T16:02:01.447821+00:00;temperature;35.90
4853;pms5003;3628;6.559;3.386;2025-11-28T16:07:18.663986+00:00;P2;28.00
4853;pms5003;3628;6.559;3.386;2025-11-28T16:07:18.663986+00:00;P1;31.25
4853;pms5003;3628;6.559;3.386;2025-11-28T16:07:18.663986+00:00;P0;17.25
4854;DHT22;3628;6.559;3.386;2025-11-28T16:07:36.058455+00:00;humidity;69.80
4854;DHT22;3628;6.559;3.386;2025-11-28T16:07:36.058455+00:00;temperature;35.50
4853;pms5003;3628;6.559;3.386;2025-11-28T16:12:53.261873+00:00;P2;34.50
4853;pms5003;3628;6.559;3.386;2025-11-28T16:12:53.261873+00:00;P1;48.25
4853;pms5003;3628;6.559;3.386;2025-11-28T16:12:53.261873+00:00;P0;23.75
4854;DHT22;3628;6.559;3.386;2025-11-28T16:13:10.781074+00:00;humidity;69.70
4854;DHT22;3628;6.559;3.386;2025-11-28T16:13:10.781074+00:00;temperature;35.20
4853;pms5003;3628;6.559;3.386;2025-11-28T16:18:30.892400+00:00;P2;31.25
4853;pms5003;3628;6.559;3.386;2025-11-28T16:18:30.892400+00:00;P1;40.75
4853;pms5003;3628;6.559;3.386;2025-11-28T16:18:30.892400+00:00;P0;20.50
4854;DHT22;3628;6.559;3.386;2025-11-28T16:18:48.360612+00:00;humidity;69.90
4854;DHT22;3628;6.559;3.386;2025-11-28T16:18:48.360612+00:00;temperature;35.40
4853;pms5003;3628;6.559;3.386;2025-11-28T16:24:05.481579+00:00;P2;24.50
4853;pms5003;3628;6.559;3.386;2025-11-28T16:24:05.481579+00:00;P1;27.50
4853;pms5003;3628;6.559;3.386;2025-11-28T16:24:05.481579+00:00;P0;16.50
4854;DHT22;3628;6.559;3.386;2025-11-28T16:24:22.863506+00:00;humidity;69.80
4854;DHT22;3628;6.559;3.386;2025-11-28T16:24:22.863506+00:00;temperature;35.30
4854;DHT22;3628;6.559;3.386;2025-11-28T16:29:47.062209+00:00;humidity;71.00
4854;DHT22;3628;6.559;3.386;2025-11-28T16:29:47.062209+00:00;temperature;34.90
4853;pms5003;3628;6.559;3.386;2025-11-28T16:35:04.327725+00:00;P2;34.00
4853;pms5003;3628;6.559;3.386;2025-11-28T16:35:04.327725+00:00;P1;39.33
4853;pms5003;3628;6.559;3.386;2025-11-28T16:35:04.327725+00:00;P0;23.00
4854;DHT22;3628;6.559;3.386;2025-11-28T16:35:24.573459+00:00;humidity;71.50
4854;DHT22;3628;6.559;3.386;2025-11-28T16:35:24.573459+00:00;temperature;34.80
4853;pms5003;3628;6.559;3.386;2025-11-28T16:40:41.807127+00:00;P2;36.20
4853;pms5003;3628;6.559;3.386;2025-11-28T16:40:41.807127+00:00;P1;50.20
4853;pms5003;3628;6.559;3.386;2025-11-28T16:40:41.807127+00:00;P0;23.80
4854;DHT22;3628;6.559;3.386;2025-11-28T16:40:59.162482+00:00;humidity;72.60
4854;DHT22;3628;6.559;3.386;2025-11-28T16:40:59.162482+00:00;temperature;34.30
4853;pms5003;3628;6.559;3.386;2025-11-28T16:46:16.407310+00:00;P2;39.20
4853;pms5003;3628;6.559;3.386;2025-11-28T16:46:16.407310+00:00;P1;55.40
4853;pms5003;3628;6.559;3.386;2025-11-28T16:46:16.407310+00:00;P0;23.60
4853;pms5003;3628;6.559;3.386;2025-11-28T17:03:02.924449+00:00;P2;38.00
4853;pms5003;3628;6.559;3.386;2025-11-28T17:03:02.924449+00:00;P1;55.00
4853;pms5003;3628;6.559;3.386;2025-11-28T17:03:02.924449+00:00;P0;24.00
4853;pms5003;3628;6.559;3.386;2025-11-28T17:08:26.969528+00:00;P2;35.00
4853;pms5003;3628;6.559;3.386;2025-11-28T17:08:26.969528+00:00;P1;49.25
4853;pms5003;3628;6.559;3.386;2025-11-28T17:08:26.969528+00:00;P0;21.25
4854;DHT22;3628;6.559;3.386;2025-11-28T17:13:58.112095+00:00;humidity;77.30
4854;DHT22;3628;6.559;3.386;2025-11-28T17:13:58.112095+00:00;temperature;32.90
4853;pms5003;3628;6.559;3.386;2025-11-28T17:19:18.288867+00:00;P2;24.00
4853;pms5003;3628;6.559;3.386;2025-11-28T17:19:18.288867+00:00;P1;38.20
4853;pms5003;3628;6.559;3.386;2025-11-28T17:19:18.288867+00:00;P0;16.00
4854;DHT22;3628;6.559;3.386;2025-11-28T17:19:35.714324+00:00;humidity;78.40
4854;DHT22;3628;6.559;3.386;2025-11-28T17:19:35.714324+00:00;temperature;32.70
4854;DHT22;3628;6.559;3.386;2025-11-28T17:30:12.799798+00:00;humidity;79.70
4854;DHT22;3628;6.559;3.386;2025-11-28T17:30:12.799798+00:00;temperature;32.40
4854;DHT22;3628;6.559;3.386;2025-11-28T17:49:01.864568+00:00;humidity;79.00
4854;DHT22;3628;6.559;3.386;2025-11-28T17:49:01.864568+00:00;temperature;32.50
4853;pms5003;3628;6.559;3.386;2025-11-28T17:54:19.661961+00:00;P2;30.75
4853;pms5003;3628;6.559;3.386;2025-11-28T17:54:19.661961+00:00;P1;41.75
4853;pms5003;3628;6.559;3.386;2025-11-28T17:54:19.661961+00:00;P0;19.50
4854;DHT22;3628;6.559;3.386;2025-11-28T17:54:36.523924+00:00;humidity;80.20
4854;DHT22;3628;6.559;3.386;2025-11-28T17:54:36.523924+00:00;temperature;32.10
4853;pms5003;3628;6.559;3.386;2025-11-28T17:59:53.644572+00:00;P2;24.50
4853;pms5003;3628;6.559;3.386;2025-11-28T17:59:53.644572+00:00;P1;27.50
4853;pms5003;3628;6.559;3.386;2025-11-28T17:59:53.644572+00:00;P0;16.50
4854;DHT22;3628;6.559;3.386;2025-11-28T18:05:24.300133+00:00;humidity;81.50
4854;DHT22;3628;6.559;3.386;2025-11-28T18:05:24.300133+00:00;temperature;32.00
4854;DHT22;3628;6.559;3.386;2025-11-28T18:10:48.373400+00:00;humidity;81.30
4854;DHT22;3628;6.559;3.386;2025-11-28T18:10:48.373400+00:00;temperature;32.00
4853;pms5003;3628;6.559;3.386;2025-11-28T18:16:05.829036+00:00;P2;26.60
4853;pms5003;3628;6.559;3.386;2025-11-28T18:16:05.829036+00:00;P1;33.00
4853;pms5003;3628;6.559;3.386;2025-11-28T18:16:05.829036+00:00;P0;18.60
4853;pms5003;3628;6.559;3.386;2025-11-28T18:21:40.459132+00:00;P2;28.75
4853;pms5003;3628;6.559;3.386;2025-11-28T18:21:40.459132+00:00;P1;33.25
4853;pms5003;3628;6.559;3.386;2025-11-28T18:21:40.459132+00:00;P0;19.00
4854;DHT22;3628;6.559;3.386;2025-11-28T18:21:57.952282+00:00;humidity;81.00
4854;DHT22;3628;6.559;3.386;2025-11-28T18:21:57.952282+00:00;temperature;31.90
4854;DHT22;3628;6.559;3.386;2025-11-28T18:27:32.585478+00:00;humidity;81.30
4854;DHT22;3628;6.559;3.386;2025-11-28T18:27:32.585478+00:00;temperature;31.80
4853;pms5003;3628;6.559;3.386;2025-11-28T18:32:49.770516+00:00;P2;26.00
4853;pms5003;3628;6.559;3.386;2025-11-28T18:32:49.770516+00:00;P1;30.50
4853;pms5003;3628;6.559;3.386;2025-11-28T18:32:49.770516+00:00;P0;18.00
4854;DHT22;3628;6.559;3.386;2025-11-28T18:33:07.271874+00:00;humidity;82.10
4854;DHT22;3628;6.559;3.386;2025-11-28T18:33:07.271874+00:00;temperature;31.80
4854;DHT22;3628;6.559;3.386;2025-11-28T18:38:34.047735+00:00;humidity;82.80
4854;DHT22;3628;6.559;3.386;2025-11-28T18:38:34.047735+00:00;temperature;31.70
4853;pms5003;3628;6.559;3.386;2025-11-28T18:47:36.216348+00:00;P2;27.00
4853;pms5003;3628;6.559;3.386;2025-11-28T18:47:36.216348+00:00;P1;30.00
4853;pms5003;3628;6.559;3.386;2025-11-28T18:47:36.216348+00:00;P0;18.00
4854;DHT22;3628;6.559;3.386;2025-11-28T18:47:53.578225+00:00;humidity;82.70
4854;DHT22;3628;6.559;3.386;2025-11-28T18:47:53.578225+00:00;temperature;31.70
4853;pms5003;3628;6.559;3.386;2025-11-28T19:14:46.865101+00:00;P2;25.00
4853;pms5003;3628;6.559;3.386;2025-11-28T19:14:46.865101+00:00;P1;29.60
4853;pms5003;3628;6.559;3.386;2025-11-28T19:14:46.865101+00:00;P0;16.00
4853;pms5003;3628;6.559;3.386;2025-11-28T19:20:10.814214+00:00;P2;26.00
4853;pms5003;3628;6.559;3.386;2025-11-28T19:20:10.814214+00:00;P1;28.50
4853;pms5003;3628;6.559;3.386;2025-11-28T19:20:10.814214+00:00;P0;18.00
4854;DHT22;3628;6.559;3.386;2025-11-28T19:20:28.186902+00:00;humidity;83.00
4854;DHT22;3628;6.559;3.386;2025-11-28T19:20:28.186902+00:00;temperature;31.70
4853;pms5003;3628;6.559;3.386;2025-11-28T19:25:45.515435+00:00;P2;29.00
4853;pms5003;3628;6.559;3.386;2025-11-28T19:25:45.515435+00:00;P1;31.25
4853;pms5003;3628;6.559;3.386;2025-11-28T19:25:45.515435+00:00;P0;20.00
4854;DHT22;3628;6.559;3.386;2025-11-28T19:31:16.088568+00:00;humidity;83.70
4854;DHT22;3628;6.559;3.386;2025-11-28T19:31:16.088568+00:00;temperature;31.60
4854;DHT22;3628;6.559;3.386;2025-11-28T19:36:40.287988+00:00;humidity;84.50
4854;DHT22;3628;6.559;3.386;2025-11-28T19:36:40.287988+00:00;temperature;31.30
4853;pms5003;3628;6.559;3.386;2025-11-28T19:41:57.520408+00:00;P2;29.25
4853;pms5003;3628;6.559;3.386;2025-11-28T19:41:57.520408+00:00;P1;33.00
4853;pms5003;3628;6.559;3.386;2025-11-28T19:41:57.520408+00:00;P0;16.00
4854;DHT22;3628;6.559;3.386;2025-11-28T19:42:14.879413+00:00;humidity;90.40
4854;DHT22;3628;6.559;3.386;2025-11-28T19:42:14.879413+00:00;temperature;25.20
4853;pms5003;3628;6.559;3.386;2025-11-28T19:52:48.098697+00:00;P2;32.50
4853;pms5003;3628;6.559;3.386;2025-11-28T19:52:48.098697+00:00;P1;44.50
4853;pms5003;3628;6.559;3.386;2025-11-28T19:52:48.098697+00:00;P0;19.50
4854;DHT22;3628;6.559;3.386;2025-11-28T19:53:05.675190+00:00;humidity;97.60
4854;DHT22;3628;6.559;3.386;2025-11-28T19:53:05.675190+00:00;temperature;23.40
4853;pms5003;3628;6.559;3.386;2025-11-28T19:58:22.710334+00:00;P2;35.75
4853;pms5003;3628;6.559;3.386;2025-11-28T19:58:22.710334+00:00;P1;41.00
4853;pms5003;3628;6.559;3.386;2025-11-28T19:58:22.710334+00:00;P0;23.75
4854;DHT22;3628;6.559;3.386;2025-11-28T19:58:40.098651+00:00;humidity;99.60
4854;DHT22;3628;6.559;3.386;2025-11-28T19:58:40.098651+00:00;temperature;23.20
4854;DHT22;3628;6.559;3.386;2025-11-28T20:04:04.334596+00:00;humidity;100.00
4854;DHT22;3628;6.559;3.386;2025-11-28T20:04:04.334596+00:00;temperature;23.40
4853;pms5003;3628;6.559;3.386;2025-11-28T20:09:22.678784+00:00;P2;43.75
4853;pms5003;3628;6.559;3.386;2025-11-28T20:09:22.678784+00:00;P1;60.00
4853;pms5003;3628;6.559;3.386;2025-11-28T20:09:22.678784+00:00;P0;27.25
4853;pms5003;3628;6.559;3.386;2025-11-28T20:14:46.038875+00:00;P2;35.50
4853;pms5003;3628;6.559;3.386;2025-11-28T20:14:46.038875+00:00;P1;48.50
4853;pms5003;3628;6.559;3.386;2025-11-28T20:14:46.038875+00:00;P0;23.50
4853;pms5003;3628;6.559;3.386;2025-11-28T20:20:09.928548+00:00;P2;40.25
4853;pms5003;3628;6.559;3.386;2025-11-28T20:20:09.928548+00:00;P1;56.00
4853;pms5003;3628;6.559;3.386;2025-11-28T20:20:09.928548+00:00;P0;24.00
4854;DHT22;3628;6.559;3.386;2025-11-28T20:20:27.298675+00:00;humidity;100.00
4854;DHT22;3628;6.559;3.386;2025-11-28T20:20:27.298675+00:00;temperature;24.60
4853;pms5003;3628;6.559;3.386;2025-11-28T20:25:44.560048+00:00;P2;40.00
4853;pms5003;3628;6.559;3.386;2025-11-28T20:25:44.560048+00:00;P1;52.60
4853;pms5003;3628;6.559;3.386;2025-11-28T20:25:44.560048+00:00;P0;26.00
4853;pms5003;3628;6.559;3.386;2025-11-28T20:31:11.641694+00:00;P2;38.00
4853;pms5003;3628;6.559;3.386;2025-11-28T20:31:11.641694+00:00;P1;45.50
4853;pms5003;3628;6.559;3.386;2025-11-28T20:31:11.641694+00:00;P0;24.00
4854;DHT22;3628;6.559;3.386;2025-11-28T20:31:29.065071+00:00;humidity;100.00
4854;DHT22;3628;6.559;3.386;2025-11-28T20:31:29.065071+00:00;temperature;24.60
4853;pms5003;3628;6.559;3.386;2025-11-28T20:36:46.275788+00:00;P2;40.75
4853;pms5003;3628;6.559;3.386;2025-11-28T20:36:46.275788+00:00;P1;56.00
4853;pms5003;3628;6.559;3.386;2025-11-28T20:36:46.275788+00:00;P0;26.50
4854;DHT22;3628;6.559;3.386;2025-11-28T20:37:03.681888+00:00;humidity;100.00
4854;DHT22;3628;6.559;3.386;2025-11-28T20:37:03.681888+00:00;temperature;25.00
4853;pms5003;3628;6.559;3.386;2025-11-28T20:42:20.888319+00:00;P2;40.67
4853;pms5003;3628;6.559;3.386;2025-11-28T20:42:20.888319+00:00;P1;48.00
4853;pms5003;3628;6.559;3.386;2025-11-28T20:42:20.888319+00:00;P0;27.00
4853;pms5003;3628;6.559;3.386;2025-11-28T20:47:45.101026+00:00;P2;46.00
4853;pms5003;3628;6.559;3.386;2025-11-28T20:47:45.101026+00:00;P1;58.00
4853;pms5003;3628;6.559;3.386;2025-11-28T20:47:45.101026+00:00;P0;30.00
4853;pms5003;3628;6.559;3.386;2025-11-28T20:53:08.852440+00:00;P2;43.00
4853;pms5003;3628;6.559;3.386;2025-11-28T20:53:08.852440+00:00;P1;56.25
4853;pms5003;3628;6.559;3.386;2025-11-28T20:53:08.852440+00:00;P0;28.00
4854;DHT22;3628;6.559;3.386;2025-11-28T20:53:26.222615+00:00;humidity;95.20
4854;DHT22;3628;6.559;3.386;2025-11-28T20:53:26.222615+00:00;temperature;25.40
4853;pms5003;3628;6.559;3.386;2025-11-28T20:59:50.081628+00:00;P2;42.00
4853;pms5003;3628;6.559;3.386;2025-11-28T20:59:50.081628+00:00;P1;49.75
4853;pms5003;3628;6.559;3.386;2025-11-28T20:59:50.081628+00:00;P0;26.00
4854;DHT22;3628;6.559;3.386;2025-11-28T21:04:23.295144+00:00;humidity;87.60
4854;DHT22;3628;6.559;3.386;2025-11-28T21:04:23.295144+00:00;temperature;25.90
4853;pms5003;3628;6.559;3.386;2025-11-28T21:09:40.705266+00:00;P2;43.50
4853;pms5003;3628;6.559;3.386;2025-11-28T21:09:40.705266+00:00;P1;56.50
4853;pms5003;3628;6.559;3.386;2025-11-28T21:09:40.705266+00:00;P0;28.00
4854;DHT22;3628;6.559;3.386;2025-11-28T21:09:58.390465+00:00;humidity;86.20
4854;DHT22;3628;6.559;3.386;2025-11-28T21:09:58.390465+00:00;temperature;26.50
4853;pms5003;3628;6.559;3.386;2025-11-28T21:15:18.449698+00:00;P2;45.75
4853;pms5003;3628;6.559;3.386;2025-11-28T21:15:18.449698+00:00;P1;63.00
4853;pms5003;3628;6.559;3.386;2025-11-28T21:15:18.449698+00:00;P0;27.75
4854;DHT22;3628;6.559;3.386;2025-11-28T21:15:35.818670+00:00;humidity;86.60
4854;DHT22;3628;6.559;3.386;2025-11-28T21:15:35.818670+00:00;temperature;26.90
4853;pms5003;3628;6.559;3.386;2025-11-28T21:20:53.090385+00:00;P2;44.00
4853;pms5003;3628;6.559;3.386;2025-11-28T21:20:53.090385+00:00;P1;62.00
4853;pms5003;3628;6.559;3.386;2025-11-28T21:20:53.090385+00:00;P0;28.00
4854;DHT22;3628;6.559;3.386;2025-11-28T21:21:10.388136+00:00;humidity;84.40
4854;DHT22;3628;6.559;3.386;2025-11-28T21:21:10.388136+00:00;temperature;27.20
4853;pms5003;3628;6.559;3.386;2025-11-28T21:31:51.572390+00:00;P2;40.00
4853;pms5003;3628;6.559;3.386;2025-11-28T21:31:51.572390+00:00;P1;51.50
4853;pms5003;3628;6.559;3.386;2025-11-28T21:31:51.572390+00:00;P0;27.00
4854;DHT22;3628;6.559;3.386;2025-11-28T21:32:09.007675+00:00;humidity;83.20
4854;DHT22;3628;6.559;3.386;2025-11-28T21:32:09.007675+00:00;temperature;27.60
4853;pms5003;3628;6.559;3.386;2025-11-28T21:37:26.207689+00:00;P2;40.00
4853;pms5003;3628;6.559;3.386;2025-11-28T21:37:26.207689+00:00;P1;54.25
4853;pms5003;3628;6.559;3.386;2025-11-28T21:37:26.207689+00:00;P0;25.00
4854;DHT22;3628;6.559;3.386;2025-11-28T21:37:43.510876+00:00;humidity;83.80
4854;DHT22;3628;6.559;3.386;2025-11-28T21:37:43.510876+00:00;temperature;27.70
4853;pms5003;3628;6.559;3.386;2025-11-28T21:43:00.808034+00:00;P2;41.00
4853;pms5003;3628;6.559;3.386;2025-11-28T21:43:00.808034+00:00;P1;50.50
4853;pms5003;3628;6.559;3.386;2025-11-28T21:43:00.808034+00:00;P0;28.00
4854;DHT22;3628;6.559;3.386;2025-11-28T21:43:18.208812+00:00;humidity;83.40
4854;DHT22;3628;6.559;3.386;2025-11-28T21:43:18.208812+00:00;temperature;27.80
4853;pms5003;3628;6.559;3.386;2025-11-28T21:48:35.496922+00:00;P2;42.00
4853;pms5003;3628;6.559;3.386;2025-11-28T21:48:35.496922+00:00;P1;57.50
4853;pms5003;3628;6.559;3.386;2025-11-28T21:48:35.496922+00:00;P0;28.00
4854;DHT22;3628;6.559;3.386;2025-11-28T21:48:53.098996+00:00;humidity;84.20
4854;DHT22;3628;6.559;3.386;2025-11-28T21:48:53.098996+00:00;temperature;27.80
4853;pms5003;3628;6.559;3.386;2025-11-28T21:54:10.124918+00:00;P2;42.75
4853;pms5003;3628;6.559;3.386;2025-11-28T21:54:10.124918+00:00;P1;53.75
4853;pms5003;3628;6.559;3.386;2025-11-28T21:54:10.124918+00:00;P0;29.25
4854;DHT22;3628;6.559;3.386;2025-11-28T21:54:27.503906+00:00;humidity;85.40
4854;DHT22;3628;6.559;3.386;2025-11-28T21:54:27.503906+00:00;temperature;27.90
4853;pms5003;3628;6.559;3.386;2025-11-29T08:16:12.910185+00:00;P2;44.00
4853;pms5003;3628;6.559;3.386;2025-11-29T08:16:12.910185+00:00;P1;60.00
4853;pms5003;3628;6.559;3.386;2025-11-29T08:16:12.910185+00:00;P0;29.00
4854;DHT22;3628;6.559;3.386;2025-11-29T08:16:30.266824+00:00;humidity;68.00
4854;DHT22;3628;6.559;3.386;2025-11-29T08:16:30.266824+00:00;temperature;34.90
4853;pms5003;3628;6.559;3.386;2025-11-29T08:21:47.518577+00:00;P2;45.60
4853;pms5003;3628;6.559;3.386;2025-11-29T08:21:47.518577+00:00;P1;61.80
4853;pms5003;3628;6.559;3.386;2025-11-29T08:21:47.518577+00:00;P0;30.60
4854;DHT22;3628;6.559;3.386;2025-11-29T08:22:05.147936+00:00;humidity;67.10
4854;DHT22;3628;6.559;3.386;2025-11-29T08:22:05.147936+00:00;temperature;35.70
4853;pms5003;3628;6.559;3.386;2025-11-29T08:27:22.258401+00:00;P2;48.00
4853;pms5003;3628;6.559;3.386;2025-11-29T08:27:22.258401+00:00;P1;62.40
4853;pms5003;3628;6.559;3.386;2025-11-29T08:27:22.258401+00:00;P0;31.00
4854;DHT22;3628;6.559;3.386;2025-11-29T08:27:39.856576+00:00;humidity;65.30
4854;DHT22;3628;6.559;3.386;2025-11-29T08:27:39.856576+00:00;temperature;36.40
4853;pms5003;3628;6.559;3.386;2025-11-29T08:38:10.015537+00:00;P2;43.25
4853;pms5003;3628;6.559;3.386;2025-11-29T08:38:10.015537+00:00;P1;57.25
4853;pms5003;3628;6.559;3.386;2025-11-29T08:38:10.015537+00:00;P0;28.00
4854;DHT22;3628;6.559;3.386;2025-11-29T08:38:27.436900+00:00;humidity;61.80
4854;DHT22;3628;6.559;3.386;2025-11-29T08:38:27.436900+00:00;temperature;38.40
4854;DHT22;3628;6.559;3.386;2025-11-29T08:43:44.615551+00:00;P2;35.00
4854;DHT22;3628;6.559;3.386;2025-11-29T08:43:44.615551+00:00;P1;47.80
4854;DHT22;3628;6.559;3.386;2025-11-29T08:43:44.615551+00:00;P0;25.00
4854;DHT22;3628;6.559;3.386;2025-11-29T08:49:30.457516+00:00;humidity;63.10
4854;DHT22;3628;6.559;3.386;2025-11-29T08:49:30.457516+00:00;temperature;38.70
4854;DHT22;3628;6.559;3.386;2025-11-29T08:55:05.023515+00:00;humidity;62.80
4854;DHT22;3628;6.559;3.386;2025-11-29T08:55:05.023515+00:00;temperature;38.50
4853;pms5003;3628;6.559;3.386;2025-11-29T09:00:22.241733+00:00;P2;35.60
4853;pms5003;3628;6.559;3.386;2025-11-29T09:00:22.241733+00:00;P1;40.20
4853;pms5003;3628;6.559;3.386;2025-11-29T09:00:22.241733+00:00;P0;25.60
4854;DHT22;3628;6.559;3.386;2025-11-29T09:00:39.547365+00:00;humidity;62.60
4854;DHT22;3628;6.559;3.386;2025-11-29T09:00:39.547365+00:00;temperature;38.50
4854;DHT22;3628;6.559;3.386;2025-11-29T09:07:50.905179+00:00;humidity;62.20
4854;DHT22;3628;6.559;3.386;2025-11-29T09:07:50.905179+00:00;temperature;39.00
4853;pms5003;3628;6.559;3.386;2025-11-29T09:13:08.088248+00:00;P2;33.00
4853;pms5003;3628;6.559;3.386;2025-11-29T09:13:08.088248+00:00;P1;36.00
4853;pms5003;3628;6.559;3.386;2025-11-29T09:13:08.088248+00:00;P0;23.00
4854;DHT22;3628;6.559;3.386;2025-11-29T09:13:25.488517+00:00;humidity;62.40
4854;DHT22;3628;6.559;3.386;2025-11-29T09:13:25.488517+00:00;temperature;38.10
4854;DHT22;3628;6.559;3.386;2025-11-29T09:24:16.493789+00:00;humidity;62.60
4854;DHT22;3628;6.559;3.386;2025-11-29T09:24:16.493789+00:00;temperature;37.70
4853;pms5003;3628;6.559;3.386;2025-11-29T09:29:33.735929+00:00;P2;30.00
4853;pms5003;3628;6.559;3.386;2025-11-29T09:29:33.735929+00:00;P1;35.75
4853;pms5003;3628;6.559;3.386;2025-11-29T09:29:33.735929+00:00;P0;21.00
4854;DHT22;3628;6.559;3.386;2025-11-29T09:29:51.326576+00:00;humidity;62.70
4854;DHT22;3628;6.559;3.386;2025-11-29T09:29:51.326576+00:00;temperature;38.20
4853;pms5003;3628;6.559;3.386;2025-11-29T09:40:24.466609+00:00;P2;34.50
4853;pms5003;3628;6.559;3.386;2025-11-29T09:40:24.466609+00:00;P1;44.25
4853;pms5003;3628;6.559;3.386;2025-11-29T09:40:24.466609+00:00;P0;23.00
4854;DHT22;3628;6.559;3.386;2025-11-29T09:46:06.383135+00:00;humidity;60.90
4854;DHT22;3628;6.559;3.386;2025-11-29T09:46:06.383135+00:00;temperature;38.40
4853;pms5003;3628;6.559;3.386;2025-11-29T10:11:49.661192+00:00;P2;34.33
4853;pms5003;3628;6.559;3.386;2025-11-29T10:11:49.661192+00:00;P1;46.67
4853;pms5003;3628;6.559;3.386;2025-11-29T10:11:49.661192+00:00;P0;23.33
4853;pms5003;3628;6.559;3.386;2025-11-29T10:17:51.078373+00:00;P2;34.50
4853;pms5003;3628;6.559;3.386;2025-11-29T10:17:51.078373+00:00;P1;46.50
4853;pms5003;3628;6.559;3.386;2025-11-29T10:17:51.078373+00:00;P0;22.50
4854;DHT22;3628;6.559;3.386;2025-11-29T10:18:08.358317+00:00;humidity;67.70
4854;DHT22;3628;6.559;3.386;2025-11-29T10:18:08.358317+00:00;temperature;35.70
4853;pms5003;3628;6.559;3.386;2025-11-29T10:37:06.309020+00:00;P2;38.00
4853;pms5003;3628;6.559;3.386;2025-11-29T10:37:06.309020+00:00;P1;50.00
4853;pms5003;3628;6.559;3.386;2025-11-29T10:37:06.309020+00:00;P0;26.00
4854;DHT22;3628;6.559;3.386;2025-11-29T10:43:12.719065+00:00;humidity;67.10
4854;DHT22;3628;6.559;3.386;2025-11-29T10:43:12.719065+00:00;temperature;35.80
4853;pms5003;3628;6.559;3.386;2025-11-29T10:48:29.961471+00:00;P2;51.67
4853;pms5003;3628;6.559;3.386;2025-11-29T10:48:29.961471+00:00;P1;68.00
4853;pms5003;3628;6.559;3.386;2025-11-29T10:48:29.961471+00:00;P0;33.00
4853;pms5003;3628;6.559;3.386;2025-11-29T10:53:53.896990+00:00;P2;48.00
4853;pms5003;3628;6.559;3.386;2025-11-29T10:53:53.896990+00:00;P1;62.50
4853;pms5003;3628;6.559;3.386;2025-11-29T10:53:53.896990+00:00;P0;32.00
4854;DHT22;3628;6.559;3.386;2025-11-29T10:54:11.309719+00:00;humidity;69.60
4854;DHT22;3628;6.559;3.386;2025-11-29T10:54:11.309719+00:00;temperature;35.90
4854;DHT22;3628;6.559;3.386;2025-11-29T11:01:21.810847+00:00;humidity;66.90
4854;DHT22;3628;6.559;3.386;2025-11-29T11:01:21.810847+00:00;temperature;36.40
4854;DHT22;3628;6.559;3.386;2025-11-29T11:47:42.386582+00:00;humidity;59.10
4854;DHT22;3628;6.559;3.386;2025-11-29T11:47:42.386582+00:00;temperature;39.50
4853;pms5003;3628;6.559;3.386;2025-11-29T11:52:59.478203+00:00;P2;32.00
4853;pms5003;3628;6.559;3.386;2025-11-29T11:52:59.478203+00:00;P1;45.60
4853;pms5003;3628;6.559;3.386;2025-11-29T11:52:59.478203+00:00;P0;21.60
4854;DHT22;3628;6.559;3.386;2025-11-29T11:53:16.823703+00:00;humidity;58.40
4854;DHT22;3628;6.559;3.386;2025-11-29T11:53:16.823703+00:00;temperature;40.00
4853;pms5003;3628;6.559;3.386;2025-11-29T11:58:34.039351+00:00;P2;31.00
4853;pms5003;3628;6.559;3.386;2025-11-29T11:58:34.039351+00:00;P1;45.75
4853;pms5003;3628;6.559;3.386;2025-11-29T11:58:34.039351+00:00;P0;21.50
4854;DHT22;3628;6.559;3.386;2025-11-29T11:58:51.414438+00:00;humidity;60.90
4854;DHT22;3628;6.559;3.386;2025-11-29T11:58:51.414438+00:00;temperature;38.00
4853;pms5003;3628;6.559;3.386;2025-11-29T12:09:43.418148+00:00;P2;29.33
4853;pms5003;3628;6.559;3.386;2025-11-29T12:09:43.418148+00:00;P1;42.33
4853;pms5003;3628;6.559;3.386;2025-11-29T12:09:43.418148+00:00;P0;19.33
4854;DHT22;3628;6.559;3.386;2025-11-29T12:10:00.914954+00:00;humidity;63.20
4854;DHT22;3628;6.559;3.386;2025-11-29T12:10:00.914954+00:00;temperature;37.10
4853;pms5003;3628;6.559;3.386;2025-11-29T12:20:44.736678+00:00;P2;32.00
4853;pms5003;3628;6.559;3.386;2025-11-29T12:20:44.736678+00:00;P1;43.00
4853;pms5003;3628;6.559;3.386;2025-11-29T12:20:44.736678+00:00;P0;20.00
4854;DHT22;3628;6.559;3.386;2025-11-29T12:21:02.076735+00:00;humidity;64.20
4854;DHT22;3628;6.559;3.386;2025-11-29T12:21:02.076735+00:00;temperature;36.40
4853;pms5003;3628;6.559;3.386;2025-11-29T12:26:19.238219+00:00;P2;31.40
4853;pms5003;3628;6.559;3.386;2025-11-29T12:26:19.238219+00:00;P1;43.60
4853;pms5003;3628;6.559;3.386;2025-11-29T12:26:19.238219+00:00;P0;20.80
4854;DHT22;3628;6.559;3.386;2025-11-29T12:26:36.560533+00:00;humidity;64.10
4854;DHT22;3628;6.559;3.386;2025-11-29T12:26:36.560533+00:00;temperature;36.90
4853;pms5003;3628;6.559;3.386;2025-11-29T12:37:28.490738+00:00;P2;30.00
4853;pms5003;3628;6.559;3.386;2025-11-29T12:37:28.490738+00:00;P1;35.00
4853;pms5003;3628;6.559;3.386;2025-11-29T12:37:28.490738+00:00;P0;20.00
4854;DHT22;3628;6.559;3.386;2025-11-29T12:42:58.730060+00:00;humidity;62.80
4854;DHT22;3628;6.559;3.386;2025-11-29T12:42:58.730060+00:00;temperature;37.50
4853;pms5003;3628;6.559;3.386;2025-11-29T12:58:55.335471+00:00;P2;28.67
4853;pms5003;3628;6.559;3.386;2025-11-29T12:58:55.335471+00:00;P1;29.67
4853;pms5003;3628;6.559;3.386;2025-11-29T12:58:55.335471+00:00;P0;19.67
4853;pms5003;3628;6.559;3.386;2025-11-29T13:04:18.962914+00:00;P2;30.00
4853;pms5003;3628;6.559;3.386;2025-11-29T13:04:18.962914+00:00;P1;39.00
4853;pms5003;3628;6.559;3.386;2025-11-29T13:04:18.962914+00:00;P0;22.00
4853;pms5003;3628;6.559;3.386;2025-11-29T13:09:53.646076+00:00;P2;27.00
4853;pms5003;3628;6.559;3.386;2025-11-29T13:09:53.646076+00:00;P1;35.00
4853;pms5003;3628;6.559;3.386;2025-11-29T13:09:53.646076+00:00;P0;17.75
4853;pms5003;3628;6.559;3.386;2025-11-29T13:15:17.659115+00:00;P2;29.60
4853;pms5003;3628;6.559;3.386;2025-11-29T13:15:17.659115+00:00;P1;39.00
4853;pms5003;3628;6.559;3.386;2025-11-29T13:15:17.659115+00:00;P0;20.00
4854;DHT22;3628;6.559;3.386;2025-11-29T13:15:34.938618+00:00;humidity;63.70
4854;DHT22;3628;6.559;3.386;2025-11-29T13:15:34.938618+00:00;temperature;37.50
4854;DHT22;3628;6.559;3.386;2025-11-29T13:21:01.495013+00:00;humidity;62.80
4854;DHT22;3628;6.559;3.386;2025-11-29T13:21:01.495013+00:00;temperature;37.40
4854;DHT22;3628;6.559;3.386;2025-11-29T13:26:22.807098+00:00;humidity;61.20
4854;DHT22;3628;6.559;3.386;2025-11-29T13:26:22.807098+00:00;temperature;38.50
4854;DHT22;3628;6.559;3.386;2025-11-29T13:31:46.542834+00:00;humidity;59.90
4854;DHT22;3628;6.559;3.386;2025-11-29T13:31:46.542834+00:00;temperature;39.00
4853;pms5003;3628;6.559;3.386;2025-11-29T13:37:03.718089+00:00;P2;41.00
4853;pms5003;3628;6.559;3.386;2025-11-29T13:37:03.718089+00:00;P1;55.00
4853;pms5003;3628;6.559;3.386;2025-11-29T13:37:03.718089+00:00;P0;28.00
4853;pms5003;3628;6.559;3.386;2025-11-29T13:42:27.917030+00:00;P2;28.20
4853;pms5003;3628;6.559;3.386;2025-11-29T13:42:27.917030+00:00;P1;39.60
4853;pms5003;3628;6.559;3.386;2025-11-29T13:42:27.917030+00:00;P0;19.60
4853;pms5003;3628;6.559;3.386;2025-11-29T13:47:54.917759+00:00;P2;26.00
4853;pms5003;3628;6.559;3.386;2025-11-29T13:47:54.917759+00:00;P1;30.75
4853;pms5003;3628;6.559;3.386;2025-11-29T13:47:54.917759+00:00;P0;18.00
4854;DHT22;3628;6.559;3.386;2025-11-29T13:48:12.272861+00:00;humidity;57.20
4854;DHT22;3628;6.559;3.386;2025-11-29T13:48:12.272861+00:00;temperature;40.10
4853;pms5003;3628;6.559;3.386;2025-11-29T13:53:29.446016+00:00;P2;26.50
4853;pms5003;3628;6.559;3.386;2025-11-29T13:53:29.446016+00:00;P1;34.00
4853;pms5003;3628;6.559;3.386;2025-11-29T13:53:29.446016+00:00;P0;18.00
4854;DHT22;3628;6.559;3.386;2025-11-29T13:53:46.811986+00:00;humidity;59.30
4854;DHT22;3628;6.559;3.386;2025-11-29T13:53:46.811986+00:00;temperature;39.10
4853;pms5003;3628;6.559;3.386;2025-11-29T14:04:27.967095+00:00;P2;24.80
4853;pms5003;3628;6.559;3.386;2025-11-29T14:04:27.967095+00:00;P1;28.00
4853;pms5003;3628;6.559;3.386;2025-11-29T14:04:27.967095+00:00;P0;17.00
4854;DHT22;3628;6.559;3.386;2025-11-29T14:04:45.366063+00:00;humidity;66.10
4854;DHT22;3628;6.559;3.386;2025-11-29T14:04:45.366063+00:00;temperature;36.30
4854;DHT22;3628;6.559;3.386;2025-11-29T14:10:09.178355+00:00;humidity;67.50
4854;DHT22;3628;6.559;3.386;2025-11-29T14:10:09.178355+00:00;temperature;35.40
4854;DHT22;3628;6.559;3.386;2025-11-29T14:15:43.626575+00:00;humidity;69.00
4854;DHT22;3628;6.559;3.386;2025-11-29T14:15:43.626575+00:00;temperature;35.20
4853;pms5003;3628;6.559;3.386;2025-11-29T14:21:00.817974+00:00;P2;28.00
4853;pms5003;3628;6.559;3.386;2025-11-29T14:21:00.817974+00:00;P1;32.60
4853;pms5003;3628;6.559;3.386;2025-11-29T14:21:00.817974+00:00;P0;19.60
4854;DHT22;3628;6.559;3.386;2025-11-29T14:21:18.181373+00:00;humidity;70.10
4854;DHT22;3628;6.559;3.386;2025-11-29T14:21:18.181373+00:00;temperature;34.80
4853;pms5003;3628;6.559;3.386;2025-11-29T14:26:35.397973+00:00;P2;29.00
4853;pms5003;3628;6.559;3.386;2025-11-29T14:26:35.397973+00:00;P1;39.80
4853;pms5003;3628;6.559;3.386;2025-11-29T14:26:35.397973+00:00;P0;19.40
4853;pms5003;3628;6.559;3.386;2025-11-29T14:32:10.034459+00:00;P2;29.50
4853;pms5003;3628;6.559;3.386;2025-11-29T14:32:10.034459+00:00;P1;35.00
4853;pms5003;3628;6.559;3.386;2025-11-29T14:32:10.034459+00:00;P0;21.00
4854;DHT22;3628;6.559;3.386;2025-11-29T14:32:27.369166+00:00;humidity;71.90
4854;DHT22;3628;6.559;3.386;2025-11-29T14:32:27.369166+00:00;temperature;34.20
4853;pms5003;3628;6.559;3.386;2025-11-29T14:37:44.652886+00:00;P2;31.00
4853;pms5003;3628;6.559;3.386;2025-11-29T14:37:44.652886+00:00;P1;33.75
4853;pms5003;3628;6.559;3.386;2025-11-29T14:37:44.652886+00:00;P0;20.75
4854;DHT22;3628;6.559;3.386;2025-11-29T14:38:02.248125+00:00;humidity;72.90
4854;DHT22;3628;6.559;3.386;2025-11-29T14:38:02.248125+00:00;temperature;34.10
4853;pms5003;3628;6.559;3.386;2025-11-29T14:48:43.767916+00:00;P2;26.00
4853;pms5003;3628;6.559;3.386;2025-11-29T14:48:43.767916+00:00;P1;27.40
4853;pms5003;3628;6.559;3.386;2025-11-29T14:48:43.767916+00:00;P0;19.40
4854;DHT22;3628;6.559;3.386;2025-11-29T14:49:01.163315+00:00;humidity;72.60
4854;DHT22;3628;6.559;3.386;2025-11-29T14:49:01.163315+00:00;temperature;34.10
4853;pms5003;3628;6.559;3.386;2025-11-29T14:54:18.318372+00:00;P2;27.00
4853;pms5003;3628;6.559;3.386;2025-11-29T14:54:18.318372+00:00;P1;39.67
4853;pms5003;3628;6.559;3.386;2025-11-29T14:54:18.318372+00:00;P0;20.00
4853;pms5003;3628;6.559;3.386;2025-11-29T15:10:33.993751+00:00;P2;25.00
4853;pms5003;3628;6.559;3.386;2025-11-29T15:10:33.993751+00:00;P1;34.00
4853;pms5003;3628;6.559;3.386;2025-11-29T15:10:33.993751+00:00;P0;17.25
4854;DHT22;3628;6.559;3.386;2025-11-29T15:10:51.446242+00:00;humidity;74.70
4854;DHT22;3628;6.559;3.386;2025-11-29T15:10:51.446242+00:00;temperature;33.30
4854;DHT22;3628;6.559;3.386;2025-11-29T15:16:15.087609+00:00;humidity;75.10
4854;DHT22;3628;6.559;3.386;2025-11-29T15:16:15.087609+00:00;temperature;33.20
4853;pms5003;3628;6.559;3.386;2025-11-29T15:21:32.544335+00:00;P2;32.00
4853;pms5003;3628;6.559;3.386;2025-11-29T15:21:32.544335+00:00;P1;35.50
4853;pms5003;3628;6.559;3.386;2025-11-29T15:21:32.544335+00:00;P0;22.00
4854;DHT22;3628;6.559;3.386;2025-11-29T15:27:02.853296+00:00;humidity;75.40
4854;DHT22;3628;6.559;3.386;2025-11-29T15:27:02.853296+00:00;temperature;33.10
4854;DHT22;3628;6.559;3.386;2025-11-29T15:32:37.467113+00:00;humidity;76.00
4854;DHT22;3628;6.559;3.386;2025-11-29T15:32:37.467113+00:00;temperature;33.00
4853;pms5003;3628;6.559;3.386;2025-11-29T15:37:54.680590+00:00;P2;39.25
4853;pms5003;3628;6.559;3.386;2025-11-29T15:37:54.680590+00:00;P1;51.25
4853;pms5003;3628;6.559;3.386;2025-11-29T15:37:54.680590+00:00;P0;25.25
4854;DHT22;3628;6.559;3.386;2025-11-29T15:38:12.302995+00:00;humidity;77.10
4854;DHT22;3628;6.559;3.386;2025-11-29T15:38:12.302995+00:00;temperature;32.70
4853;pms5003;3628;6.559;3.386;2025-11-29T15:43:29.451701+00:00;P2;34.25
4853;pms5003;3628;6.559;3.386;2025-11-29T15:43:29.451701+00:00;P1;45.50
4853;pms5003;3628;6.559;3.386;2025-11-29T15:43:29.451701+00:00;P0;21.75
4853;pms5003;3628;6.559;3.386;2025-11-29T15:48:53.644750+00:00;P2;34.50
4853;pms5003;3628;6.559;3.386;2025-11-29T15:48:53.644750+00:00;P1;48.00
4853;pms5003;3628;6.559;3.386;2025-11-29T15:48:53.644750+00:00;P0;22.25
4854;DHT22;3628;6.559;3.386;2025-11-29T15:49:11.016336+00:00;humidity;77.40
4854;DHT22;3628;6.559;3.386;2025-11-29T15:49:11.016336+00:00;temperature;32.60
4853;pms5003;3628;6.559;3.386;2025-11-29T15:54:28.214671+00:00;P2;31.25
4853;pms5003;3628;6.559;3.386;2025-11-29T15:54:28.214671+00:00;P1;41.50
4853;pms5003;3628;6.559;3.386;2025-11-29T15:54:28.214671+00:00;P0;19.75
4853;pms5003;3628;6.559;3.386;2025-11-29T16:09:54.573572+00:00;P2;28.75
4853;pms5003;3628;6.559;3.386;2025-11-29T16:09:54.573572+00:00;P1;37.00
4853;pms5003;3628;6.559;3.386;2025-11-29T16:09:54.573572+00:00;P0;18.00
4854;DHT22;3628;6.559;3.386;2025-11-29T16:10:12.033948+00:00;humidity;77.90
4854;DHT22;3628;6.559;3.386;2025-11-29T16:10:12.033948+00:00;temperature;32.30
4853;pms5003;3628;6.559;3.386;2025-11-29T16:15:29.886039+00:00;P2;36.00
4853;pms5003;3628;6.559;3.386;2025-11-29T16:15:29.886039+00:00;P1;44.75
4853;pms5003;3628;6.559;3.386;2025-11-29T16:15:29.886039+00:00;P0;24.00
4854;DHT22;3628;6.559;3.386;2025-11-29T16:15:46.824223+00:00;humidity;78.00
4854;DHT22;3628;6.559;3.386;2025-11-29T16:15:46.824223+00:00;temperature;32.40
4853;pms5003;3628;6.559;3.386;2025-11-29T16:21:04.022322+00:00;P2;29.75
4853;pms5003;3628;6.559;3.386;2025-11-29T16:21:04.022322+00:00;P1;31.75
4853;pms5003;3628;6.559;3.386;2025-11-29T16:21:04.022322+00:00;P0;19.00
4853;pms5003;3628;6.559;3.386;2025-11-29T16:26:28.177565+00:00;P2;35.75
4853;pms5003;3628;6.559;3.386;2025-11-29T16:26:28.177565+00:00;P1;51.25
4853;pms5003;3628;6.559;3.386;2025-11-29T16:26:28.177565+00:00;P0;23.50
4853;pms5003;3628;6.559;3.386;2025-11-29T16:31:52.492597+00:00;P2;39.60
4853;pms5003;3628;6.559;3.386;2025-11-29T16:31:52.492597+00:00;P1;53.80
4853;pms5003;3628;6.559;3.386;2025-11-29T16:31:52.492597+00:00;P0;24.80
4853;pms5003;3628;6.559;3.386;2025-11-29T16:37:16.208445+00:00;P2;39.75
4853;pms5003;3628;6.559;3.386;2025-11-29T16:37:16.208445+00:00;P1;54.00
4853;pms5003;3628;6.559;3.386;2025-11-29T16:37:16.208445+00:00;P0;25.00
4854;DHT22;3628;6.559;3.386;2025-11-29T16:37:33.588585+00:00;humidity;78.70
4854;DHT22;3628;6.559;3.386;2025-11-29T16:37:33.588585+00:00;temperature;32.40
4853;pms5003;3628;6.559;3.386;2025-11-29T17:20:52.648679+00:00;P2;35.00
4853;pms5003;3628;6.559;3.386;2025-11-29T17:20:52.648679+00:00;P1;47.25
4853;pms5003;3628;6.559;3.386;2025-11-29T17:20:52.648679+00:00;P0;22.50
4854;DHT22;3628;6.559;3.386;2025-11-29T17:21:10.150505+00:00;humidity;79.80
4854;DHT22;3628;6.559;3.386;2025-11-29T17:21:10.150505+00:00;temperature;32.00
4853;pms5003;3628;6.559;3.386;2025-11-29T17:26:27.530651+00:00;P2;39.20
4853;pms5003;3628;6.559;3.386;2025-11-29T17:26:27.530651+00:00;P1;54.60
4853;pms5003;3628;6.559;3.386;2025-11-29T17:26:27.530651+00:00;P0;24.00
4854;DHT22;3628;6.559;3.386;2025-11-29T17:26:44.894002+00:00;humidity;79.80
4854;DHT22;3628;6.559;3.386;2025-11-29T17:26:44.894002+00:00;temperature;31.80
4853;pms5003;3628;6.559;3.386;2025-11-29T17:37:15.202838+00:00;P2;36.00
4853;pms5003;3628;6.559;3.386;2025-11-29T17:37:15.202838+00:00;P1;46.00
4853;pms5003;3628;6.559;3.386;2025-11-29T17:37:15.202838+00:00;P0;24.00
4853;pms5003;3628;6.559;3.386;2025-11-29T17:52:12.041010+00:00;P2;43.25
4853;pms5003;3628;6.559;3.386;2025-11-29T17:52:12.041010+00:00;P1;57.75
4853;pms5003;3628;6.559;3.386;2025-11-29T17:52:12.041010+00:00;P0;27.25
4853;pms5003;3628;6.559;3.386;2025-11-29T17:57:35.844285+00:00;P2;46.50
4853;pms5003;3628;6.559;3.386;2025-11-29T17:57:35.844285+00:00;P1;65.00
4853;pms5003;3628;6.559;3.386;2025-11-29T17:57:35.844285+00:00;P0;29.50
4854;DHT22;3628;6.559;3.386;2025-11-29T17:57:53.246127+00:00;humidity;82.10
4854;DHT22;3628;6.559;3.386;2025-11-29T17:57:53.246127+00:00;temperature;31.60
4853;pms5003;3628;6.559;3.386;2025-11-29T18:03:10.447275+00:00;P2;38.50
4853;pms5003;3628;6.559;3.386;2025-11-29T18:03:10.447275+00:00;P1;51.50
4853;pms5003;3628;6.559;3.386;2025-11-29T18:03:10.447275+00:00;P0;26.00
4853;pms5003;3628;6.559;3.386;2025-11-29T18:08:45.205128+00:00;P2;32.00
4853;pms5003;3628;6.559;3.386;2025-11-29T18:08:45.205128+00:00;P1;47.00
4853;pms5003;3628;6.559;3.386;2025-11-29T18:08:45.205128+00:00;P0;21.50
4854;DHT22;3628;6.559;3.386;2025-11-29T18:14:26.647394+00:00;humidity;83.30
4854;DHT22;3628;6.559;3.386;2025-11-29T18:14:26.647394+00:00;temperature;31.40
4853;pms5003;3628;6.559;3.386;2025-11-29T18:19:43.847516+00:00;P2;42.60
4853;pms5003;3628;6.559;3.386;2025-11-29T18:19:43.847516+00:00;P1;57.00
4853;pms5003;3628;6.559;3.386;2025-11-29T18:19:43.847516+00:00;P0;28.00
4853;pms5003;3628;6.559;3.386;2025-11-29T18:25:07.597420+00:00;P2;45.25
4853;pms5003;3628;6.559;3.386;2025-11-29T18:25:07.597420+00:00;P1;57.75
4853;pms5003;3628;6.559;3.386;2025-11-29T18:25:07.597420+00:00;P0;31.00
4854;DHT22;3628;6.559;3.386;2025-11-29T18:30:40.943132+00:00;humidity;83.80
4854;DHT22;3628;6.559;3.386;2025-11-29T18:30:40.943132+00:00;temperature;31.40
4853;pms5003;3628;6.559;3.386;2025-11-29T18:35:58.131177+00:00;P2;32.50
4853;pms5003;3628;6.559;3.386;2025-11-29T18:35:58.131177+00:00;P1;40.00
4853;pms5003;3628;6.559;3.386;2025-11-29T18:35:58.131177+00:00;P0;20.50
4853;pms5003;3628;6.559;3.386;2025-11-29T18:41:22.036012+00:00;P2;33.50
4853;pms5003;3628;6.559;3.386;2025-11-29T18:41:22.036012+00:00;P1;45.00
4853;pms5003;3628;6.559;3.386;2025-11-29T18:41:22.036012+00:00;P0;24.00
4854;DHT22;3628;6.559;3.386;2025-11-29T18:41:39.386271+00:00;humidity;83.20
4854;DHT22;3628;6.559;3.386;2025-11-29T18:41:39.386271+00:00;temperature;31.20
4854;DHT22;3628;6.559;3.386;2025-11-29T18:47:03.211460+00:00;humidity;83.90
4854;DHT22;3628;6.559;3.386;2025-11-29T18:47:03.211460+00:00;temperature;31.10
4854;DHT22;3628;6.559;3.386;2025-11-29T18:57:40.332107+00:00;humidity;84.30
4854;DHT22;3628;6.559;3.386;2025-11-29T18:57:40.332107+00:00;temperature;31.10
4853;pms5003;3628;6.559;3.386;2025-11-29T19:02:57.562449+00:00;P2;29.20
4853;pms5003;3628;6.559;3.386;2025-11-29T19:02:57.562449+00:00;P1;43.60
4853;pms5003;3628;6.559;3.386;2025-11-29T19:02:57.562449+00:00;P0;19.20
4854;DHT22;3628;6.559;3.386;2025-11-29T19:03:14.924757+00:00;humidity;84.60
4854;DHT22;3628;6.559;3.386;2025-11-29T19:03:14.924757+00:00;temperature;31.00
4853;pms5003;3628;6.559;3.386;2025-11-29T19:08:32.130191+00:00;P2;30.75
4853;pms5003;3628;6.559;3.386;2025-11-29T19:08:32.130191+00:00;P1;45.25
4853;pms5003;3628;6.559;3.386;2025-11-29T19:08:32.130191+00:00;P0;20.00
4853;pms5003;3628;6.559;3.386;2025-11-29T19:14:06.719368+00:00;P2;31.50
4853;pms5003;3628;6.559;3.386;2025-11-29T19:14:06.719368+00:00;P1;38.50
4853;pms5003;3628;6.559;3.386;2025-11-29T19:14:06.719368+00:00;P0;22.00
4854;DHT22;3628;6.559;3.386;2025-11-29T19:19:47.817067+00:00;humidity;84.20
4854;DHT22;3628;6.559;3.386;2025-11-29T19:19:47.817067+00:00;temperature;31.00
4853;pms5003;3628;6.559;3.386;2025-11-29T19:25:05.043016+00:00;P2;32.33
4853;pms5003;3628;6.559;3.386;2025-11-29T19:25:05.043016+00:00;P1;37.67
4853;pms5003;3628;6.559;3.386;2025-11-29T19:25:05.043016+00:00;P0;20.33
4854;DHT22;3628;6.559;3.386;2025-11-29T19:25:22.486178+00:00;humidity;84.40
4854;DHT22;3628;6.559;3.386;2025-11-29T19:25:22.486178+00:00;temperature;30.90
4853;pms5003;3628;6.559;3.386;2025-11-29T19:30:39.683342+00:00;P2;35.00
4853;pms5003;3628;6.559;3.386;2025-11-29T19:30:39.683342+00:00;P1;46.00
4853;pms5003;3628;6.559;3.386;2025-11-29T19:30:39.683342+00:00;P0;23.00
4854;DHT22;3628;6.559;3.386;2025-11-29T19:30:57.041189+00:00;humidity;84.50
4854;DHT22;3628;6.559;3.386;2025-11-29T19:30:57.041189+00:00;temperature;30.90
4854;DHT22;3628;6.559;3.386;2025-11-29T19:36:21.379356+00:00;humidity;84.80
4854;DHT22;3628;6.559;3.386;2025-11-29T19:36:21.379356+00:00;temperature;30.90
4854;DHT22;3628;6.559;3.386;2025-11-29T19:41:45.447374+00:00;humidity;85.90
4854;DHT22;3628;6.559;3.386;2025-11-29T19:41:45.447374+00:00;temperature;30.90
4854;DHT22;3628;6.559;3.386;2025-11-29T19:47:09.694842+00:00;humidity;86.10
4854;DHT22;3628;6.559;3.386;2025-11-29T19:47:09.694842+00:00;temperature;30.90
4853;pms5003;3628;6.559;3.386;2025-11-29T19:52:26.926590+00:00;P2;31.75
4853;pms5003;3628;6.559;3.386;2025-11-29T19:52:26.926590+00:00;P1;36.50
4853;pms5003;3628;6.559;3.386;2025-11-29T19:52:26.926590+00:00;P0;21.00
4854;DHT22;3628;6.559;3.386;2025-11-29T19:52:44.412407+00:00;humidity;86.60
4854;DHT22;3628;6.559;3.386;2025-11-29T19:52:44.412407+00:00;temperature;30.80
4853;pms5003;3628;6.559;3.386;2025-11-29T19:58:01.529299+00:00;P2;30.00
4853;pms5003;3628;6.559;3.386;2025-11-29T19:58:01.529299+00:00;P1;48.60
4853;pms5003;3628;6.559;3.386;2025-11-29T19:58:01.529299+00:00;P0;19.60
4854;DHT22;3628;6.559;3.386;2025-11-29T20:03:42.889607+00:00;humidity;85.90
4854;DHT22;3628;6.559;3.386;2025-11-29T20:03:42.889607+00:00;temperature;30.90
4853;pms5003;3628;6.559;3.386;2025-11-29T20:09:00.231247+00:00;P2;32.00
4853;pms5003;3628;6.559;3.386;2025-11-29T20:09:00.231247+00:00;P1;36.00
4853;pms5003;3628;6.559;3.386;2025-11-29T20:09:00.231247+00:00;P0;21.00
4854;DHT22;3628;6.559;3.386;2025-11-29T20:09:17.533852+00:00;humidity;86.30
4854;DHT22;3628;6.559;3.386;2025-11-29T20:09:17.533852+00:00;temperature;30.80
4853;pms5003;3628;6.559;3.386;2025-11-29T20:14:34.822962+00:00;P2;29.50
4853;pms5003;3628;6.559;3.386;2025-11-29T20:14:34.822962+00:00;P1;35.25
4853;pms5003;3628;6.559;3.386;2025-11-29T20:14:34.822962+00:00;P0;20.00
4853;pms5003;3628;6.559;3.386;2025-11-29T20:19:58.652052+00:00;P2;28.50
4853;pms5003;3628;6.559;3.386;2025-11-29T20:19:58.652052+00:00;P1;30.25
4853;pms5003;3628;6.559;3.386;2025-11-29T20:19:58.652052+00:00;P0;20.00
4854;DHT22;3628;6.559;3.386;2025-11-29T20:20:16.112471+00:00;humidity;86.40
4854;DHT22;3628;6.559;3.386;2025-11-29T20:20:16.112471+00:00;temperature;30.70
4854;DHT22;3628;6.559;3.386;2025-11-29T20:31:04.782161+00:00;humidity;86.60
4854;DHT22;3628;6.559;3.386;2025-11-29T20:31:04.782161+00:00;temperature;30.80
4853;pms5003;3628;6.559;3.386;2025-11-29T20:36:25.043067+00:00;P2;29.25
4853;pms5003;3628;6.559;3.386;2025-11-29T20:36:25.043067+00:00;P1;31.00
4853;pms5003;3628;6.559;3.386;2025-11-29T20:36:25.043067+00:00;P0;20.25
4854;DHT22;3628;6.559;3.386;2025-11-29T20:36:42.491826+00:00;humidity;86.80
4854;DHT22;3628;6.559;3.386;2025-11-29T20:36:42.491826+00:00;temperature;30.70
4853;pms5003;3628;6.559;3.386;2025-11-29T20:42:03.009723+00:00;P2;35.00
4853;pms5003;3628;6.559;3.386;2025-11-29T20:42:03.009723+00:00;P1;46.50
4853;pms5003;3628;6.559;3.386;2025-11-29T20:42:03.009723+00:00;P0;22.75
4854;DHT22;3628;6.559;3.386;2025-11-29T20:42:20.058180+00:00;humidity;86.60
4854;DHT22;3628;6.559;3.386;2025-11-29T20:42:20.058180+00:00;temperature;30.70
4854;DHT22;3628;6.559;3.386;2025-11-29T20:47:43.958109+00:00;humidity;86.40
4854;DHT22;3628;6.559;3.386;2025-11-29T20:47:43.958109+00:00;temperature;30.80
4854;DHT22;3628;6.559;3.386;2025-11-29T20:53:07.849942+00:00;humidity;86.60
4854;DHT22;3628;6.559;3.386;2025-11-29T20:53:07.849942+00:00;temperature;30.80
4853;pms5003;3628;6.559;3.386;2025-11-29T20:58:25.148687+00:00;P2;32.00
4853;pms5003;3628;6.559;3.386;2025-11-29T20:58:25.148687+00:00;P1;45.00
4853;pms5003;3628;6.559;3.386;2025-11-29T20:58:25.148687+00:00;P0;22.00
4854;DHT22;3628;6.559;3.386;2025-11-29T20:58:42.620166+00:00;humidity;86.90
4854;DHT22;3628;6.559;3.386;2025-11-29T20:58:42.620166+00:00;temperature;30.70
4854;DHT22;3628;6.559;3.386;2025-11-29T21:04:17.403946+00:00;humidity;87.20
4854;DHT22;3628;6.559;3.386;2025-11-29T21:04:17.403946+00:00;temperature;30.70
4853;pms5003;3628;6.559;3.386;2025-11-29T21:09:34.429574+00:00;P2;30.00
4853;pms5003;3628;6.559;3.386;2025-11-29T21:09:34.429574+00:00;P1;42.60
4853;pms5003;3628;6.559;3.386;2025-11-29T21:09:34.429574+00:00;P0;19.60
4854;DHT22;3628;6.559;3.386;2025-11-29T21:09:51.799249+00:00;humidity;87.20
4854;DHT22;3628;6.559;3.386;2025-11-29T21:09:51.799249+00:00;temperature;30.70
4854;DHT22;3628;6.559;3.386;2025-11-30T05:38:04.825411+00:00;humidity;100.00
4854;DHT22;3628;6.559;3.386;2025-11-30T05:38:04.825411+00:00;temperature;28.10
4853;pms5003;3628;6.559;3.386;2025-11-30T05:43:22.035968+00:00;P2;42.60
4853;pms5003;3628;6.559;3.386;2025-11-30T05:43:22.035968+00:00;P1;53.00
4853;pms5003;3628;6.559;3.386;2025-11-30T05:43:22.035968+00:00;P0;28.60
4853;pms5003;3628;6.559;3.386;2025-11-30T05:53:32.439498+00:00;P2;45.00
4853;pms5003;3628;6.559;3.386;2025-11-30T05:53:32.439498+00:00;P1;62.00
4853;pms5003;3628;6.559;3.386;2025-11-30T05:53:32.439498+00:00;P0;30.00
4854;DHT22;3628;6.559;3.386;2025-11-30T05:53:49.690230+00:00;humidity;95.30
4854;DHT22;3628;6.559;3.386;2025-11-30T05:53:49.690230+00:00;temperature;29.00
4853;pms5003;3628;6.559;3.386;2025-11-30T09:52:24.104039+00:00;P2;31.25
4853;pms5003;3628;6.559;3.386;2025-11-30T09:52:24.104039+00:00;P1;45.50
4853;pms5003;3628;6.559;3.386;2025-11-30T09:52:24.104039+00:00;P0;20.75
4854;DHT22;3628;6.559;3.386;2025-11-30T09:52:41.525965+00:00;humidity;62.20
4854;DHT22;3628;6.559;3.386;2025-11-30T09:52:41.525965+00:00;temperature;39.80
4853;pms5003;3628;6.559;3.386;2025-11-30T09:57:58.846556+00:00;P2;30.00
4853;pms5003;3628;6.559;3.386;2025-11-30T09:57:58.846556+00:00;P1;34.00
4853;pms5003;3628;6.559;3.386;2025-11-30T09:57:58.846556+00:00;P0;20.00
4854;DHT22;3628;6.559;3.386;2025-11-30T09:58:16.222036+00:00;humidity;62.60
4854;DHT22;3628;6.559;3.386;2025-11-30T09:58:16.222036+00:00;temperature;39.20
4853;pms5003;3628;6.559;3.386;2025-11-30T10:03:33.527107+00:00;P2;32.50
4853;pms5003;3628;6.559;3.386;2025-11-30T10:03:33.527107+00:00;P1;36.50
4853;pms5003;3628;6.559;3.386;2025-11-30T10:03:33.527107+00:00;P0;22.00
4854;DHT22;3628;6.559;3.386;2025-11-30T10:03:50.986106+00:00;humidity;61.40
4854;DHT22;3628;6.559;3.386;2025-11-30T10:03:50.986106+00:00;temperature;39.20
4853;pms5003;3628;6.559;3.386;2025-11-30T10:09:08.123945+00:00;P2;33.00
4853;pms5003;3628;6.559;3.386;2025-11-30T10:09:08.123945+00:00;P1;45.25
4853;pms5003;3628;6.559;3.386;2025-11-30T10:09:08.123945+00:00;P0;22.00
4853;pms5003;3628;6.559;3.386;2025-11-30T10:14:42.713737+00:00;P2;33.75
4853;pms5003;3628;6.559;3.386;2025-11-30T10:14:42.713737+00:00;P1;47.75
4853;pms5003;3628;6.559;3.386;2025-11-30T10:14:42.713737+00:00;P0;21.50
4853;pms5003;3628;6.559;3.386;2025-11-30T10:25:30.806666+00:00;P2;35.00
4853;pms5003;3628;6.559;3.386;2025-11-30T10:25:30.806666+00:00;P1;39.00
4853;pms5003;3628;6.559;3.386;2025-11-30T10:25:30.806666+00:00;P0;23.00
4854;DHT22;3628;6.559;3.386;2025-11-30T10:25:48.150415+00:00;humidity;63.20
4854;DHT22;3628;6.559;3.386;2025-11-30T10:25:48.150415+00:00;temperature;37.90
4853;pms5003;3628;6.559;3.386;2025-11-30T10:31:05.418109+00:00;P2;36.40
4853;pms5003;3628;6.559;3.386;2025-11-30T10:31:05.418109+00:00;P1;49.60
4853;pms5003;3628;6.559;3.386;2025-11-30T10:31:05.418109+00:00;P0;24.40
4854;DHT22;3628;6.559;3.386;2025-11-30T10:31:22.786476+00:00;humidity;62.60
4854;DHT22;3628;6.559;3.386;2025-11-30T10:31:22.786476+00:00;temperature;37.80
4853;pms5003;3628;6.559;3.386;2025-11-30T10:36:39.969660+00:00;P2;38.50
4853;pms5003;3628;6.559;3.386;2025-11-30T10:36:39.969660+00:00;P1;50.75
4853;pms5003;3628;6.559;3.386;2025-11-30T10:36:39.969660+00:00;P0;26.00
4854;DHT22;3628;6.559;3.386;2025-11-30T10:36:57.288724+00:00;humidity;64.20
4854;DHT22;3628;6.559;3.386;2025-11-30T10:36:57.288724+00:00;temperature;37.10
4854;DHT22;3628;6.559;3.386;2025-11-30T10:42:21.648832+00:00;humidity;63.80
4854;DHT22;3628;6.559;3.386;2025-11-30T10:42:21.648832+00:00;temperature;37.50
4854;DHT22;3628;6.559;3.386;2025-11-30T10:56:27.648373+00:00;humidity;64.70
4854;DHT22;3628;6.559;3.386;2025-11-30T10:56:27.648373+00:00;temperature;36.80
4853;pms5003;3628;6.559;3.386;2025-11-30T12:10:58.581427+00:00;P2;28.25
4853;pms5003;3628;6.559;3.386;2025-11-30T12:10:58.581427+00:00;P1;30.75
4853;pms5003;3628;6.559;3.386;2025-11-30T12:10:58.581427+00:00;P0;19.00
4854;DHT22;3628;6.559;3.386;2025-11-30T12:11:15.994350+00:00;humidity;61.30
4854;DHT22;3628;6.559;3.386;2025-11-30T12:11:15.994350+00:00;temperature;38.30
4854;DHT22;3628;6.559;3.386;2025-11-30T12:33:19.700764+00:00;humidity;63.10
4854;DHT22;3628;6.559;3.386;2025-11-30T12:33:19.700764+00:00;temperature;37.00
4853;pms5003;3628;6.559;3.386;2025-11-30T12:38:37.008664+00:00;P2;30.00
4853;pms5003;3628;6.559;3.386;2025-11-30T12:38:37.008664+00:00;P1;43.20
4853;pms5003;3628;6.559;3.386;2025-11-30T12:38:37.008664+00:00;P0;19.60
4854;DHT22;3628;6.559;3.386;2025-11-30T12:38:54.322750+00:00;humidity;64.40
4854;DHT22;3628;6.559;3.386;2025-11-30T12:38:54.322750+00:00;temperature;36.50
4853;pms5003;3628;6.559;3.386;2025-11-30T12:44:11.678313+00:00;P2;30.50
4853;pms5003;3628;6.559;3.386;2025-11-30T12:44:11.678313+00:00;P1;33.25
4853;pms5003;3628;6.559;3.386;2025-11-30T12:44:11.678313+00:00;P0;20.00
4854;DHT22;3628;6.559;3.386;2025-11-30T12:44:29.095457+00:00;humidity;63.70
4854;DHT22;3628;6.559;3.386;2025-11-30T12:44:29.095457+00:00;temperature;36.80
4853;pms5003;3628;6.559;3.386;2025-11-30T12:49:46.457460+00:00;P2;23.25
4853;pms5003;3628;6.559;3.386;2025-11-30T12:49:46.457460+00:00;P1;30.00
4853;pms5003;3628;6.559;3.386;2025-11-30T12:49:46.457460+00:00;P0;15.25
4854;DHT22;3628;6.559;3.386;2025-11-30T12:56:12.951730+00:00;humidity;60.60
4854;DHT22;3628;6.559;3.386;2025-11-30T12:56:12.951730+00:00;temperature;38.60
4853;pms5003;3628;6.559;3.386;2025-11-30T13:02:33.679753+00:00;P2;27.40
4853;pms5003;3628;6.559;3.386;2025-11-30T13:02:33.679753+00:00;P1;28.80
4853;pms5003;3628;6.559;3.386;2025-11-30T13:02:33.679753+00:00;P0;18.00
4854;DHT22;3628;6.559;3.386;2025-11-30T13:02:51.095521+00:00;humidity;63.40
4854;DHT22;3628;6.559;3.386;2025-11-30T13:02:51.095521+00:00;temperature;37.40
4854;DHT22;3628;6.559;3.386;2025-11-30T13:24:06.870663+00:00;humidity;66.30
4854;DHT22;3628;6.559;3.386;2025-11-30T13:24:06.870663+00:00;temperature;35.90
4853;pms5003;3628;6.559;3.386;2025-11-30T13:38:00.885886+00:00;P2;28.25
4853;pms5003;3628;6.559;3.386;2025-11-30T13:38:00.885886+00:00;P1;30.00
4853;pms5003;3628;6.559;3.386;2025-11-30T13:38:00.885886+00:00;P0;19.25
4854;DHT22;3628;6.559;3.386;2025-11-30T13:38:18.250397+00:00;humidity;64.90
4854;DHT22;3628;6.559;3.386;2025-11-30T13:38:18.250397+00:00;temperature;36.50
4853;pms5003;3628;6.559;3.386;2025-11-30T13:43:35.542315+00:00;P2;29.00
4853;pms5003;3628;6.559;3.386;2025-11-30T13:43:35.542315+00:00;P1;30.75
4853;pms5003;3628;6.559;3.386;2025-11-30T13:43:35.542315+00:00;P0;20.00
4854;DHT22;3628;6.559;3.386;2025-11-30T13:43:53.274986+00:00;humidity;60.70
4854;DHT22;3628;6.559;3.386;2025-11-30T13:43:53.274986+00:00;temperature;38.30
4854;DHT22;3628;6.559;3.386;2025-11-30T14:00:05.343862+00:00;humidity;59.20
4854;DHT22;3628;6.559;3.386;2025-11-30T14:00:05.343862+00:00;temperature;39.00
4853;pms5003;3628;6.559;3.386;2025-11-30T14:05:22.571513+00:00;P2;23.00
4853;pms5003;3628;6.559;3.386;2025-11-30T14:05:22.571513+00:00;P1;25.00
4853;pms5003;3628;6.559;3.386;2025-11-30T14:05:22.571513+00:00;P0;15.00
4854;DHT22;3628;6.559;3.386;2025-11-30T14:05:40.052327+00:00;humidity;58.70
4854;DHT22;3628;6.559;3.386;2025-11-30T14:05:40.052327+00:00;temperature;39.10
4854;DHT22;3628;6.559;3.386;2025-11-30T14:11:15.483317+00:00;humidity;57.30
4854;DHT22;3628;6.559;3.386;2025-11-30T14:11:15.483317+00:00;temperature;39.60
4854;DHT22;3628;6.559;3.386;2025-11-30T14:16:49.655695+00:00;humidity;58.30
4854;DHT22;3628;6.559;3.386;2025-11-30T14:16:49.655695+00:00;temperature;39.00
4853;pms5003;3628;6.559;3.386;2025-11-30T14:22:06.770920+00:00;P2;22.25
4853;pms5003;3628;6.559;3.386;2025-11-30T14:22:06.770920+00:00;P1;22.25
4853;pms5003;3628;6.559;3.386;2025-11-30T14:22:06.770920+00:00;P0;17.00
4854;DHT22;3628;6.559;3.386;2025-11-30T14:22:24.134577+00:00;humidity;59.00
4854;DHT22;3628;6.559;3.386;2025-11-30T14:22:24.134577+00:00;temperature;38.70
4854;DHT22;3628;6.559;3.386;2025-11-30T14:27:51.256296+00:00;humidity;58.60
4854;DHT22;3628;6.559;3.386;2025-11-30T14:27:51.256296+00:00;temperature;38.70
4854;DHT22;3628;6.559;3.386;2025-11-30T14:38:40.274286+00:00;humidity;57.60
4854;DHT22;3628;6.559;3.386;2025-11-30T14:38:40.274286+00:00;temperature;39.10
4853;pms5003;3628;6.559;3.386;2025-11-30T15:05:46.574309+00:00;P2;27.00
4853;pms5003;3628;6.559;3.386;2025-11-30T15:05:46.574309+00:00;P1;32.50
4853;pms5003;3628;6.559;3.386;2025-11-30T15:05:46.574309+00:00;P0;19.50
4854;DHT22;3628;6.559;3.386;2025-11-30T15:11:28.617626+00:00;humidity;57.50
4854;DHT22;3628;6.559;3.386;2025-11-30T15:11:28.617626+00:00;temperature;39.50
4853;pms5003;3628;6.559;3.386;2025-11-30T15:16:45.845963+00:00;P2;21.25
4853;pms5003;3628;6.559;3.386;2025-11-30T15:16:45.845963+00:00;P1;26.50
4853;pms5003;3628;6.559;3.386;2025-11-30T15:16:45.845963+00:00;P0;14.00
4854;DHT22;3628;6.559;3.386;2025-11-30T15:17:03.316247+00:00;humidity;58.30
4854;DHT22;3628;6.559;3.386;2025-11-30T15:17:03.316247+00:00;temperature;39.10
4853;pms5003;3628;6.559;3.386;2025-11-30T15:22:20.528373+00:00;P2;23.25
4853;pms5003;3628;6.559;3.386;2025-11-30T15:22:20.528373+00:00;P1;26.75
4853;pms5003;3628;6.559;3.386;2025-11-30T15:22:20.528373+00:00;P0;15.00
4853;pms5003;3628;6.559;3.386;2025-11-30T15:27:55.196930+00:00;P2;28.40
4853;pms5003;3628;6.559;3.386;2025-11-30T15:27:55.196930+00:00;P1;44.40
4853;pms5003;3628;6.559;3.386;2025-11-30T15:27:55.196930+00:00;P0;18.40
4854;DHT22;3628;6.559;3.386;2025-11-30T15:28:12.573710+00:00;humidity;57.60
4854;DHT22;3628;6.559;3.386;2025-11-30T15:28:12.573710+00:00;temperature;39.30
4854;DHT22;3628;6.559;3.386;2025-11-30T15:39:01.357175+00:00;humidity;60.00
4854;DHT22;3628;6.559;3.386;2025-11-30T15:39:01.357175+00:00;temperature;38.30
4853;pms5003;3628;6.559;3.386;2025-11-30T15:44:18.571407+00:00;P2;30.00
4853;pms5003;3628;6.559;3.386;2025-11-30T15:44:18.571407+00:00;P1;41.75
4853;pms5003;3628;6.559;3.386;2025-11-30T15:44:18.571407+00:00;P0;20.00
4854;DHT22;3628;6.559;3.386;2025-11-30T15:44:35.969681+00:00;humidity;61.20
4854;DHT22;3628;6.559;3.386;2025-11-30T15:44:35.969681+00:00;temperature;37.60
4854;DHT22;3628;6.559;3.386;2025-11-30T15:49:59.884518+00:00;humidity;63.30
4854;DHT22;3628;6.559;3.386;2025-11-30T15:49:59.884518+00:00;temperature;36.90
4853;pms5003;3628;6.559;3.386;2025-11-30T15:55:17.244721+00:00;P2;27.40
4853;pms5003;3628;6.559;3.386;2025-11-30T15:55:17.244721+00:00;P1;28.40
4853;pms5003;3628;6.559;3.386;2025-11-30T15:55:17.244721+00:00;P0;16.80
4854;DHT22;3628;6.559;3.386;2025-11-30T15:55:34.671359+00:00;humidity;64.10
4854;DHT22;3628;6.559;3.386;2025-11-30T15:55:34.671359+00:00;temperature;36.70
4853;pms5003;3628;6.559;3.386;2025-11-30T16:00:51.794230+00:00;P2;26.25
4853;pms5003;3628;6.559;3.386;2025-11-30T16:00:51.794230+00:00;P1;31.50
4853;pms5003;3628;6.559;3.386;2025-11-30T16:00:51.794230+00:00;P0;16.00
4854;DHT22;3628;6.559;3.386;2025-11-30T16:01:09.172944+00:00;humidity;64.30
4854;DHT22;3628;6.559;3.386;2025-11-30T16:01:09.172944+00:00;temperature;36.70
4853;pms5003;3628;6.559;3.386;2025-11-30T16:06:26.402341+00:00;P2;22.25
4853;pms5003;3628;6.559;3.386;2025-11-30T16:06:26.402341+00:00;P1;26.50
4853;pms5003;3628;6.559;3.386;2025-11-30T16:06:26.402341+00:00;P0;14.00
4854;DHT22;3628;6.559;3.386;2025-11-30T16:06:43.778043+00:00;humidity;64.60
4854;DHT22;3628;6.559;3.386;2025-11-30T16:06:43.778043+00:00;temperature;36.70
4853;pms5003;3628;6.559;3.386;2025-11-30T16:12:01.004578+00:00;P2;26.00
4853;pms5003;3628;6.559;3.386;2025-11-30T16:12:01.004578+00:00;P1;36.20
4853;pms5003;3628;6.559;3.386;2025-11-30T16:12:01.004578+00:00;P0;15.00
4854;DHT22;3628;6.559;3.386;2025-11-30T16:17:31.346881+00:00;humidity;64.60
4854;DHT22;3628;6.559;3.386;2025-11-30T16:17:31.346881+00:00;temperature;36.70
4853;pms5003;3628;6.559;3.386;2025-11-30T16:22:48.518141+00:00;P2;23.00
4853;pms5003;3628;6.559;3.386;2025-11-30T16:22:48.518141+00:00;P1;34.75
4853;pms5003;3628;6.559;3.386;2025-11-30T16:22:48.518141+00:00;P0;15.50
4853;pms5003;3628;6.559;3.386;2025-11-30T16:28:12.848845+00:00;P2;23.40
4853;pms5003;3628;6.559;3.386;2025-11-30T16:28:12.848845+00:00;P1;27.60
4853;pms5003;3628;6.559;3.386;2025-11-30T16:28:12.848845+00:00;P0;14.40
4853;pms5003;3628;6.559;3.386;2025-11-30T16:33:36.770200+00:00;P2;19.80
4853;pms5003;3628;6.559;3.386;2025-11-30T16:33:36.770200+00:00;P1;31.60
4853;pms5003;3628;6.559;3.386;2025-11-30T16:33:36.770200+00:00;P0;12.80
4854;DHT22;3628;6.559;3.386;2025-11-30T16:33:54.240571+00:00;humidity;66.80
4854;DHT22;3628;6.559;3.386;2025-11-30T16:33:54.240571+00:00;temperature;36.10
4853;pms5003;3628;6.559;3.386;2025-11-30T16:39:11.440031+00:00;P2;25.75
4853;pms5003;3628;6.559;3.386;2025-11-30T16:39:11.440031+00:00;P1;34.25
4853;pms5003;3628;6.559;3.386;2025-11-30T16:39:11.440031+00:00;P0;16.00
4854;DHT22;3628;6.559;3.386;2025-11-30T16:39:28.876342+00:00;humidity;66.70
4854;DHT22;3628;6.559;3.386;2025-11-30T16:39:28.876342+00:00;temperature;36.20
4853;pms5003;3628;6.559;3.386;2025-11-30T16:44:46.009415+00:00;P2;26.60
4853;pms5003;3628;6.559;3.386;2025-11-30T16:44:46.009415+00:00;P1;36.00
4853;pms5003;3628;6.559;3.386;2025-11-30T16:44:46.009415+00:00;P0;18.00
4853;pms5003;3628;6.559;3.386;2025-11-30T16:50:10.304834+00:00;P2;25.75
4853;pms5003;3628;6.559;3.386;2025-11-30T16:50:10.304834+00:00;P1;40.25
4853;pms5003;3628;6.559;3.386;2025-11-30T16:50:10.304834+00:00;P0;16.75
4854;DHT22;3628;6.559;3.386;2025-11-30T16:50:27.814474+00:00;humidity;69.00
4854;DHT22;3628;6.559;3.386;2025-11-30T16:50:27.814474+00:00;temperature;35.30
4853;pms5003;3628;6.559;3.386;2025-11-30T16:55:44.914264+00:00;P2;26.60
4853;pms5003;3628;6.559;3.386;2025-11-30T16:55:44.914264+00:00;P1;28.40
4853;pms5003;3628;6.559;3.386;2025-11-30T16:55:44.914264+00:00;P0;18.00
4854;DHT22;3628;6.559;3.386;2025-11-30T16:56:02.390632+00:00;humidity;70.20
4854;DHT22;3628;6.559;3.386;2025-11-30T16:56:02.390632+00:00;temperature;34.80
4854;DHT22;3628;6.559;3.386;2025-11-30T17:01:26.442141+00:00;humidity;71.10
4854;DHT22;3628;6.559;3.386;2025-11-30T17:01:26.442141+00:00;temperature;34.60
4853;pms5003;3628;6.559;3.386;2025-11-30T17:06:43.559793+00:00;P2;26.20
4853;pms5003;3628;6.559;3.386;2025-11-30T17:06:43.559793+00:00;P1;33.20
4853;pms5003;3628;6.559;3.386;2025-11-30T17:06:43.559793+00:00;P0;17.20
4854;DHT22;3628;6.559;3.386;2025-11-30T17:07:01.224123+00:00;humidity;71.90
4854;DHT22;3628;6.559;3.386;2025-11-30T17:07:01.224123+00:00;temperature;34.10
4853;pms5003;3628;6.559;3.386;2025-11-30T17:12:18.502461+00:00;P2;21.50
4853;pms5003;3628;6.559;3.386;2025-11-30T17:12:18.502461+00:00;P1;38.50
4853;pms5003;3628;6.559;3.386;2025-11-30T17:12:18.502461+00:00;P0;13.00
4854;DHT22;3628;6.559;3.386;2025-11-30T17:12:35.859908+00:00;humidity;72.10
4854;DHT22;3628;6.559;3.386;2025-11-30T17:12:35.859908+00:00;temperature;33.80
4853;pms5003;3628;6.559;3.386;2025-11-30T17:17:53.203540+00:00;P2;25.00
4853;pms5003;3628;6.559;3.386;2025-11-30T17:17:53.203540+00:00;P1;27.00
4853;pms5003;3628;6.559;3.386;2025-11-30T17:17:53.203540+00:00;P0;16.25
4854;DHT22;3628;6.559;3.386;2025-11-30T17:18:10.568797+00:00;humidity;73.00
4854;DHT22;3628;6.559;3.386;2025-11-30T17:18:10.568797+00:00;temperature;33.40
4853;pms5003;3628;6.559;3.386;2025-11-30T17:23:27.735405+00:00;P2;23.00
4853;pms5003;3628;6.559;3.386;2025-11-30T17:23:27.735405+00:00;P1;29.50
4853;pms5003;3628;6.559;3.386;2025-11-30T17:23:27.735405+00:00;P0;15.50
4854;DHT22;3628;6.559;3.386;2025-11-30T17:23:45.093657+00:00;humidity;74.20
4854;DHT22;3628;6.559;3.386;2025-11-30T17:23:45.093657+00:00;temperature;33.30
4854;DHT22;3628;6.559;3.386;2025-11-30T17:29:19.640949+00:00;humidity;74.40
4854;DHT22;3628;6.559;3.386;2025-11-30T17:29:19.640949+00:00;temperature;33.10
4853;pms5003;3628;6.559;3.386;2025-11-30T17:34:36.770623+00:00;P2;24.25
4853;pms5003;3628;6.559;3.386;2025-11-30T17:34:36.770623+00:00;P1;32.50
4853;pms5003;3628;6.559;3.386;2025-11-30T17:34:36.770623+00:00;P0;17.00
4854;DHT22;3628;6.559;3.386;2025-11-30T17:34:54.216215+00:00;humidity;75.70
4854;DHT22;3628;6.559;3.386;2025-11-30T17:34:54.216215+00:00;temperature;32.80
4854;DHT22;3628;6.559;3.386;2025-11-30T17:40:18.029052+00:00;humidity;76.70
4854;DHT22;3628;6.559;3.386;2025-11-30T17:40:18.029052+00:00;temperature;32.60
4854;DHT22;3628;6.559;3.386;2025-11-30T17:45:42.119580+00:00;humidity;77.70
4854;DHT22;3628;6.559;3.386;2025-11-30T17:45:42.119580+00:00;temperature;32.50
4854;DHT22;3628;6.559;3.386;2025-11-30T17:51:05.997365+00:00;humidity;78.50
4854;DHT22;3628;6.559;3.386;2025-11-30T17:51:05.997365+00:00;temperature;32.30
4853;pms5003;3628;6.559;3.386;2025-11-30T17:56:23.203061+00:00;P2;26.50
4853;pms5003;3628;6.559;3.386;2025-11-30T17:56:23.203061+00:00;P1;31.50
4853;pms5003;3628;6.559;3.386;2025-11-30T17:56:23.203061+00:00;P0;19.00
4854;DHT22;3628;6.559;3.386;2025-11-30T17:56:40.575910+00:00;humidity;79.20
4854;DHT22;3628;6.559;3.386;2025-11-30T17:56:40.575910+00:00;temperature;32.20
4853;pms5003;3628;6.559;3.386;2025-11-30T18:07:11.009978+00:00;P2;22.00
4853;pms5003;3628;6.559;3.386;2025-11-30T18:07:11.009978+00:00;P1;31.50
4853;pms5003;3628;6.559;3.386;2025-11-30T18:07:11.009978+00:00;P0;13.50
4854;DHT22;3628;6.559;3.386;2025-11-30T18:07:28.444817+00:00;humidity;80.10
4854;DHT22;3628;6.559;3.386;2025-11-30T18:07:28.444817+00:00;temperature;32.00
4854;DHT22;3628;6.559;3.386;2025-11-30T18:12:52.360049+00:00;humidity;80.40
4854;DHT22;3628;6.559;3.386;2025-11-30T18:12:52.360049+00:00;temperature;31.90
4853;pms5003;3628;6.559;3.386;2025-11-30T18:33:54.083622+00:00;P2;24.75
4853;pms5003;3628;6.559;3.386;2025-11-30T18:33:54.083622+00:00;P1;37.50
4853;pms5003;3628;6.559;3.386;2025-11-30T18:33:54.083622+00:00;P0;16.75
4854;DHT22;3628;6.559;3.386;2025-11-30T18:34:08.619140+00:00;humidity;82.10
4854;DHT22;3628;6.559;3.386;2025-11-30T18:34:08.619140+00:00;temperature;31.50
4853;pms5003;3628;6.559;3.386;2025-11-30T18:45:01.061089+00:00;P2;25.60
4853;pms5003;3628;6.559;3.386;2025-11-30T18:45:01.061089+00:00;P1;33.60
4853;pms5003;3628;6.559;3.386;2025-11-30T18:45:01.061089+00:00;P0;17.00
4854;DHT22;3628;6.559;3.386;2025-11-30T18:50:54.506148+00:00;humidity;82.90
4854;DHT22;3628;6.559;3.386;2025-11-30T18:50:54.506148+00:00;temperature;31.50
4854;DHT22;3628;6.559;3.386;2025-11-30T18:56:34.659785+00:00;humidity;83.40
4854;DHT22;3628;6.559;3.386;2025-11-30T18:56:34.659785+00:00;temperature;31.40
4853;pms5003;3628;6.559;3.386;2025-11-30T19:01:54.659784+00:00;P2;28.00
4853;pms5003;3628;6.559;3.386;2025-11-30T19:01:54.659784+00:00;P1;38.60
4853;pms5003;3628;6.559;3.386;2025-11-30T19:01:54.659784+00:00;P0;19.00
4854;DHT22;3628;6.559;3.386;2025-11-30T19:02:14.626234+00:00;humidity;83.50
4854;DHT22;3628;6.559;3.386;2025-11-30T19:02:14.626234+00:00;temperature;31.30
4854;DHT22;3628;6.559;3.386;2025-11-30T19:07:54.823941+00:00;humidity;83.60
4854;DHT22;3628;6.559;3.386;2025-11-30T19:07:54.823941+00:00;temperature;31.40
4854;DHT22;3628;6.559;3.386;2025-11-30T19:13:18.733793+00:00;humidity;83.40
4854;DHT22;3628;6.559;3.386;2025-11-30T19:13:18.733793+00:00;temperature;31.30
4854;DHT22;3628;6.559;3.386;2025-11-30T19:18:42.429990+00:00;humidity;83.70
4854;DHT22;3628;6.559;3.386;2025-11-30T19:18:42.429990+00:00;temperature;31.20
4853;pms5003;3628;6.559;3.386;2025-11-30T19:24:08.975663+00:00;P2;28.50
4853;pms5003;3628;6.559;3.386;2025-11-30T19:24:08.975663+00:00;P1;36.50
4853;pms5003;3628;6.559;3.386;2025-11-30T19:24:08.975663+00:00;P0;18.00
4854;DHT22;3628;6.559;3.386;2025-11-30T19:24:28.626959+00:00;humidity;84.00
4854;DHT22;3628;6.559;3.386;2025-11-30T19:24:28.626959+00:00;temperature;31.20
4853;pms5003;3628;6.559;3.386;2025-11-30T19:29:43.197750+00:00;P2;30.25
4853;pms5003;3628;6.559;3.386;2025-11-30T19:29:43.197750+00:00;P1;43.75
4853;pms5003;3628;6.559;3.386;2025-11-30T19:29:43.197750+00:00;P0;19.00
4853;pms5003;3628;6.559;3.386;2025-11-30T19:35:10.065147+00:00;P2;29.25
4853;pms5003;3628;6.559;3.386;2025-11-30T19:35:10.065147+00:00;P1;34.50
4853;pms5003;3628;6.559;3.386;2025-11-30T19:35:10.065147+00:00;P0;18.50
4853;pms5003;3628;6.559;3.386;2025-11-30T19:40:34.164422+00:00;P2;28.33
4853;pms5003;3628;6.559;3.386;2025-11-30T19:40:34.164422+00:00;P1;31.67
4853;pms5003;3628;6.559;3.386;2025-11-30T19:40:34.164422+00:00;P0;19.00
4854;DHT22;3628;6.559;3.386;2025-11-30T19:40:54.109829+00:00;humidity;83.20
4854;DHT22;3628;6.559;3.386;2025-11-30T19:40:54.109829+00:00;temperature;31.30
4853;pms5003;3628;6.559;3.386;2025-11-30T19:46:14.335668+00:00;P2;30.60
4853;pms5003;3628;6.559;3.386;2025-11-30T19:46:14.335668+00:00;P1;42.00
4853;pms5003;3628;6.559;3.386;2025-11-30T19:46:14.335668+00:00;P0;20.60
4854;DHT22;3628;6.559;3.386;2025-11-30T19:46:31.830269+00:00;humidity;83.70
4854;DHT22;3628;6.559;3.386;2025-11-30T19:46:31.830269+00:00;temperature;31.10
4853;pms5003;3628;6.559;3.386;2025-11-30T19:51:49.228945+00:00;P2;32.00
4853;pms5003;3628;6.559;3.386;2025-11-30T19:51:49.228945+00:00;P1;44.50
4853;pms5003;3628;6.559;3.386;2025-11-30T19:51:49.228945+00:00;P0;20.00
4854;DHT22;3628;6.559;3.386;2025-11-30T19:52:06.403062+00:00;humidity;83.80
4854;DHT22;3628;6.559;3.386;2025-11-30T19:52:06.403062+00:00;temperature;31.20
4854;DHT22;3628;6.559;3.386;2025-11-30T20:10:19.831820+00:00;humidity;84.20
4854;DHT22;3628;6.559;3.386;2025-11-30T20:10:19.831820+00:00;temperature;31.20
4853;pms5003;3628;6.559;3.386;2025-11-30T20:15:37.202527+00:00;P2;22.00
4853;pms5003;3628;6.559;3.386;2025-11-30T20:15:37.202527+00:00;P1;23.40
4853;pms5003;3628;6.559;3.386;2025-11-30T20:15:37.202527+00:00;P0;14.80
4854;DHT22;3628;6.559;3.386;2025-11-30T20:15:54.538900+00:00;humidity;85.10
4854;DHT22;3628;6.559;3.386;2025-11-30T20:15:54.538900+00:00;temperature;31.00
4853;pms5003;3628;6.559;3.386;2025-11-30T20:21:11.766757+00:00;P2;25.20
4853;pms5003;3628;6.559;3.386;2025-11-30T20:21:11.766757+00:00;P1;25.20
4853;pms5003;3628;6.559;3.386;2025-11-30T20:21:11.766757+00:00;P0;17.00
4854;DHT22;3628;6.559;3.386;2025-11-30T20:21:29.175275+00:00;humidity;84.90
4854;DHT22;3628;6.559;3.386;2025-11-30T20:21:29.175275+00:00;temperature;31.10
4853;pms5003;3628;6.559;3.386;2025-11-30T20:26:49.292079+00:00;P2;28.75
4853;pms5003;3628;6.559;3.386;2025-11-30T20:26:49.292079+00:00;P1;31.50
4853;pms5003;3628;6.559;3.386;2025-11-30T20:26:49.292079+00:00;P0;18.00
4854;DHT22;3628;6.559;3.386;2025-11-30T20:27:06.742451+00:00;humidity;84.90
4854;DHT22;3628;6.559;3.386;2025-11-30T20:27:06.742451+00:00;temperature;31.00
4853;pms5003;3628;6.559;3.386;2025-11-30T20:32:24.086472+00:00;P2;26.75
4853;pms5003;3628;6.559;3.386;2025-11-30T20:32:24.086472+00:00;P1;41.75
4853;pms5003;3628;6.559;3.386;2025-11-30T20:32:24.086472+00:00;P0;17.75
4854;DHT22;3628;6.559;3.386;2025-11-30T20:32:41.489510+00:00;humidity;85.20
4854;DHT22;3628;6.559;3.386;2025-11-30T20:32:41.489510+00:00;temperature;31.00
4853;pms5003;3628;6.559;3.386;2025-11-30T20:37:58.789001+00:00;P2;26.80
4853;pms5003;3628;6.559;3.386;2025-11-30T20:37:58.789001+00:00;P1;26.80
4853;pms5003;3628;6.559;3.386;2025-11-30T20:37:58.789001+00:00;P0;18.80
4854;DHT22;3628;6.559;3.386;2025-11-30T20:38:16.470469+00:00;humidity;85.00
4854;DHT22;3628;6.559;3.386;2025-11-30T20:38:16.470469+00:00;temperature;31.00
4853;pms5003;3628;6.559;3.386;2025-11-30T20:43:33.647426+00:00;P2;27.00
4853;pms5003;3628;6.559;3.386;2025-11-30T20:43:33.647426+00:00;P1;35.00
4853;pms5003;3628;6.559;3.386;2025-11-30T20:43:33.647426+00:00;P0;18.60
4854;DHT22;3628;6.559;3.386;2025-11-30T20:43:51.061197+00:00;humidity;85.30
4854;DHT22;3628;6.559;3.386;2025-11-30T20:43:51.061197+00:00;temperature;31.00
4853;pms5003;3628;6.559;3.386;2025-11-30T20:49:08.270112+00:00;P2;27.60
4853;pms5003;3628;6.559;3.386;2025-11-30T20:49:08.270112+00:00;P1;35.00
4853;pms5003;3628;6.559;3.386;2025-11-30T20:49:08.270112+00:00;P0;18.60
4854;DHT22;3628;6.559;3.386;2025-11-30T20:49:25.606616+00:00;humidity;85.40
4854;DHT22;3628;6.559;3.386;2025-11-30T20:49:25.606616+00:00;temperature;31.00
4853;pms5003;3628;6.559;3.386;2025-11-30T20:54:42.852836+00:00;P2;22.00
4853;pms5003;3628;6.559;3.386;2025-11-30T20:54:42.852836+00:00;P1;25.00
4853;pms5003;3628;6.559;3.386;2025-11-30T20:54:42.852836+00:00;P0;14.50
4853;pms5003;3628;6.559;3.386;2025-11-30T21:00:07.326338+00:00;P2;24.00
4853;pms5003;3628;6.559;3.386;2025-11-30T21:00:07.326338+00:00;P1;32.40
4853;pms5003;3628;6.559;3.386;2025-11-30T21:00:07.326338+00:00;P0;16.00
4853;pms5003;3628;6.559;3.386;2025-11-30T21:05:41.893749+00:00;P2;24.00
4853;pms5003;3628;6.559;3.386;2025-11-30T21:05:41.893749+00:00;P1;24.00
4853;pms5003;3628;6.559;3.386;2025-11-30T21:05:41.893749+00:00;P0;16.50
4854;DHT22;3628;6.559;3.386;2025-11-30T21:05:59.259072+00:00;humidity;86.30
4854;DHT22;3628;6.559;3.386;2025-11-30T21:05:59.259072+00:00;temperature;30.80
4853;pms5003;3628;6.559;3.386;2025-11-30T21:11:16.466514+00:00;P2;22.50
4853;pms5003;3628;6.559;3.386;2025-11-30T21:11:16.466514+00:00;P1;29.50
4853;pms5003;3628;6.559;3.386;2025-11-30T21:11:16.466514+00:00;P0;15.00
4854;DHT22;3628;6.559;3.386;2025-11-30T21:11:33.888279+00:00;humidity;86.10
4854;DHT22;3628;6.559;3.386;2025-11-30T21:11:33.888279+00:00;temperature;30.80
4853;pms5003;3628;6.559;3.386;2025-11-30T21:43:51.854279+00:00;P2;25.00
4853;pms5003;3628;6.559;3.386;2025-11-30T21:43:51.854279+00:00;P1;28.00
4853;pms5003;3628;6.559;3.386;2025-11-30T21:43:51.854279+00:00;P0;18.75
4854;DHT22;3628;6.559;3.386;2025-11-30T21:44:09.232382+00:00;humidity;87.00
4854;DHT22;3628;6.559;3.386;2025-11-30T21:44:09.232382+00:00;temperature;30.70
4853;pms5003;3628;6.559;3.386;2025-11-30T21:49:26.412402+00:00;P2;27.75
4853;pms5003;3628;6.559;3.386;2025-11-30T21:49:26.412402+00:00;P1;32.00
4853;pms5003;3628;6.559;3.386;2025-11-30T21:49:26.412402+00:00;P0;16.00
4854;DHT22;3628;6.559;3.386;2025-11-30T21:49:43.760921+00:00;humidity;87.20
4854;DHT22;3628;6.559;3.386;2025-11-30T21:49:43.760921+00:00;temperature;30.60
4853;pms5003;3628;6.559;3.386;2025-11-30T21:55:01.611031+00:00;P2;32.00
4853;pms5003;3628;6.559;3.386;2025-11-30T21:55:01.611031+00:00;P1;44.25
4853;pms5003;3628;6.559;3.386;2025-11-30T21:55:01.611031+00:00;P0;20.00
4854;DHT22;3628;6.559;3.386;2025-11-30T21:55:18.492658+00:00;humidity;86.90
4854;DHT22;3628;6.559;3.386;2025-11-30T21:55:18.492658+00:00;temperature;30.70
4853;pms5003;3628;6.559;3.386;2025-11-30T22:00:35.776248+00:00;P2;31.00
4853;pms5003;3628;6.559;3.386;2025-11-30T22:00:35.776248+00:00;P1;45.50
4853;pms5003;3628;6.559;3.386;2025-11-30T22:00:35.776248+00:00;P0;18.50
4854;DHT22;3628;6.559;3.386;2025-11-30T22:00:53.161052+00:00;humidity;87.10
4854;DHT22;3628;6.559;3.386;2025-11-30T22:00:53.161052+00:00;temperature;30.70
4853;pms5003;3628;6.559;3.386;2025-11-30T22:06:10.643648+00:00;P2;25.75
4853;pms5003;3628;6.559;3.386;2025-11-30T22:06:10.643648+00:00;P1;29.25
4853;pms5003;3628;6.559;3.386;2025-11-30T22:06:10.643648+00:00;P0;16.00
4854;DHT22;3628;6.559;3.386;2025-11-30T22:06:28.139870+00:00;humidity;87.10
4854;DHT22;3628;6.559;3.386;2025-11-30T22:06:28.139870+00:00;temperature;30.60
4853;pms5003;3628;6.559;3.386;2025-11-30T22:11:45.358466+00:00;P2;31.80
4853;pms5003;3628;6.559;3.386;2025-11-30T22:11:45.358466+00:00;P1;35.60
4853;pms5003;3628;6.559;3.386;2025-11-30T22:11:45.358466+00:00;P0;17.60
4854;DHT22;3628;6.559;3.386;2025-11-30T22:12:02.728567+00:00;humidity;87.20
4854;DHT22;3628;6.559;3.386;2025-11-30T22:12:02.728567+00:00;temperature;30.60
4853;pms5003;3628;6.559;3.386;2025-11-30T22:17:19.978776+00:00;P2;30.50
4853;pms5003;3628;6.559;3.386;2025-11-30T22:17:19.978776+00:00;P1;38.00
4853;pms5003;3628;6.559;3.386;2025-11-30T22:17:19.978776+00:00;P0;20.00
4854;DHT22;3628;6.559;3.386;2025-11-30T22:17:37.299135+00:00;humidity;87.20
4854;DHT22;3628;6.559;3.386;2025-11-30T22:17:37.299135+00:00;temperature;30.70
4854;DHT22;3628;6.559;3.386;2025-11-30T22:23:01.319464+00:00;humidity;87.40
4854;DHT22;3628;6.559;3.386;2025-11-30T22:23:01.319464+00:00;temperature;30.60
4854;DHT22;3628;6.559;3.386;2025-11-30T22:28:25.316159+00:00;humidity;87.50
4854;DHT22;3628;6.559;3.386;2025-11-30T22:28:25.316159+00:00;temperature;30.60
4853;pms5003;3628;6.559;3.386;2025-11-30T22:33:42.700864+00:00;P2;32.25
4853;pms5003;3628;6.559;3.386;2025-11-30T22:33:42.700864+00:00;P1;43.50
4853;pms5003;3628;6.559;3.386;2025-11-30T22:33:42.700864+00:00;P0;21.25
4854;DHT22;3628;6.559;3.386;2025-11-30T22:34:00.037536+00:00;humidity;87.30
4854;DHT22;3628;6.559;3.386;2025-11-30T22:34:00.037536+00:00;temperature;30.70
4853;pms5003;3628;6.559;3.386;2025-11-30T22:39:17.216524+00:00;P2;33.00
4853;pms5003;3628;6.559;3.386;2025-11-30T22:39:17.216524+00:00;P1;47.00
4853;pms5003;3628;6.559;3.386;2025-11-30T22:39:17.216524+00:00;P0;20.00
4854;DHT22;3628;6.559;3.386;2025-11-30T22:39:34.555597+00:00;humidity;87.70
4854;DHT22;3628;6.559;3.386;2025-11-30T22:39:34.555597+00:00;temperature;30.60
4854;DHT22;3628;6.559;3.386;2025-11-30T22:45:09.226351+00:00;humidity;88.00
4854;DHT22;3628;6.559;3.386;2025-11-30T22:45:09.226351+00:00;temperature;30.60
4853;pms5003;3628;6.559;3.386;2025-11-30T22:50:26.408414+00:00;P2;30.00
4853;pms5003;3628;6.559;3.386;2025-11-30T22:50:26.408414+00:00;P1;40.00
4853;pms5003;3628;6.559;3.386;2025-11-30T22:50:26.408414+00:00;P0;20.00
4854;DHT22;3628;6.559;3.386;2025-11-30T22:50:43.910515+00:00;humidity;88.10
4854;DHT22;3628;6.559;3.386;2025-11-30T22:50:43.910515+00:00;temperature;30.50
4854;DHT22;3628;6.559;3.386;2025-11-30T22:56:07.864284+00:00;humidity;88.40
4854;DHT22;3628;6.559;3.386;2025-11-30T22:56:07.864284+00:00;temperature;30.50
4853;pms5003;3628;6.559;3.386;2025-11-30T23:01:25.010282+00:00;P2;29.60
4853;pms5003;3628;6.559;3.386;2025-11-30T23:01:25.010282+00:00;P1;34.20
4853;pms5003;3628;6.559;3.386;2025-11-30T23:01:25.010282+00:00;P0;18.60
4854;DHT22;3628;6.559;3.386;2025-11-30T23:01:42.354707+00:00;humidity;88.90
4854;DHT22;3628;6.559;3.386;2025-11-30T23:01:42.354707+00:00;temperature;30.40
4853;pms5003;3628;6.559;3.386;2025-11-30T23:06:59.818318+00:00;P2;31.50
4853;pms5003;3628;6.559;3.386;2025-11-30T23:06:59.818318+00:00;P1;46.25
4853;pms5003;3628;6.559;3.386;2025-11-30T23:06:59.818318+00:00;P0;20.75
4854;DHT22;3628;6.559;3.386;2025-11-30T23:07:17.139664+00:00;humidity;88.30
4854;DHT22;3628;6.559;3.386;2025-11-30T23:07:17.139664+00:00;temperature;30.60
4853;pms5003;3628;6.559;3.386;2025-11-30T23:12:34.572608+00:00;P2;32.00
4853;pms5003;3628;6.559;3.386;2025-11-30T23:12:34.572608+00:00;P1;43.00
4853;pms5003;3628;6.559;3.386;2025-11-30T23:12:34.572608+00:00;P0;20.00
4854;DHT22;3628;6.559;3.386;2025-11-30T23:12:51.817737+00:00;humidity;88.70
4854;DHT22;3628;6.559;3.386;2025-11-30T23:12:51.817737+00:00;temperature;30.40
4853;pms5003;3628;6.559;3.386;2025-11-30T23:18:09.164855+00:00;P2;30.50
4853;pms5003;3628;6.559;3.386;2025-11-30T23:18:09.164855+00:00;P1;35.00
4853;pms5003;3628;6.559;3.386;2025-11-30T23:18:09.164855+00:00;P0;20.50
4854;DHT22;3628;6.559;3.386;2025-11-30T23:18:26.500038+00:00;humidity;88.70
4854;DHT22;3628;6.559;3.386;2025-11-30T23:18:26.500038+00:00;temperature;30.50
4853;pms5003;3628;6.559;3.386;2025-11-30T23:23:43.683060+00:00;P2;31.00
4853;pms5003;3628;6.559;3.386;2025-11-30T23:23:43.683060+00:00;P1;45.50
4853;pms5003;3628;6.559;3.386;2025-11-30T23:23:43.683060+00:00;P0;19.50
4854;DHT22;3628;6.559;3.386;2025-11-30T23:24:01.251837+00:00;humidity;88.90
4854;DHT22;3628;6.559;3.386;2025-11-30T23:24:01.251837+00:00;temperature;30.50
4853;pms5003;3628;6.559;3.386;2025-11-30T23:29:18.314332+00:00;P2;31.00
4853;pms5003;3628;6.559;3.386;2025-11-30T23:29:18.314332+00:00;P1;34.00
4853;pms5003;3628;6.559;3.386;2025-11-30T23:29:18.314332+00:00;P0;20.00
4854;DHT22;3628;6.559;3.386;2025-11-30T23:29:35.806658+00:00;humidity;89.10
4854;DHT22;3628;6.559;3.386;2025-11-30T23:29:35.806658+00:00;temperature;30.40
4854;DHT22;3628;6.559;3.386;2025-11-30T23:35:02.641590+00:00;humidity;88.90
4854;DHT22;3628;6.559;3.386;2025-11-30T23:35:02.641590+00:00;temperature;30.50
4854;DHT22;3628;6.559;3.386;2025-11-30T23:40:26.268702+00:00;humidity;88.80
4854;DHT22;3628;6.559;3.386;2025-11-30T23:40:26.268702+00:00;temperature;30.50
4854;DHT22;3628;6.559;3.386;2025-11-30T23:45:49.996964+00:00;humidity;88.90
4854;DHT22;3628;6.559;3.386;2025-11-30T23:45:49.996964+00:00;temperature;30.50
4853;pms5003;3628;6.559;3.386;2025-11-30T23:51:07.204814+00:00;P2;29.25
4853;pms5003;3628;6.559;3.386;2025-11-30T23:51:07.204814+00:00;P1;36.25
4853;pms5003;3628;6.559;3.386;2025-11-30T23:51:07.204814+00:00;P0;19.50
4854;DHT22;3628;6.559;3.386;2025-11-30T23:51:24.622656+00:00;humidity;89.10
4854;DHT22;3628;6.559;3.386;2025-11-30T23:51:24.622656+00:00;temperature;30.40
