sensor_id;sensor_type;location;lat;lon;timestamp;value_type;value
4853;pms5003;3628;6.559;3.386;2026-02-01T00:03:20.997437+00:00;P2;80.00
4853;pms5003;3628;6.559;3.386;2026-02-01T00:03:20.997437+00:00;P1;102.00
4853;pms5003;3628;6.559;3.386;2026-02-01T00:03:20.997437+00:00;P0;45.00
4854;DHT22;3628;6.559;3.386;2026-02-01T00:03:38.532842+00:00;humidity;91.30
4854;DHT22;3628;6.559;3.386;2026-02-01T00:03:38.532842+00:00;temperature;31.10
4853;pms5003;3628;6.559;3.386;2026-02-01T00:08:55.839166+00:00;P2;73.75
4853;pms5003;3628;6.559;3.386;2026-02-01T00:08:55.839166+00:00;P1;91.25
4853;pms5003;3628;6.559;3.386;2026-02-01T00:08:55.839166+00:00;P0;42.00
4854;DHT22;3628;6.559;3.386;2026-02-01T00:09:13.294634+00:00;humidity;91.60
4854;DHT22;3628;6.559;3.386;2026-02-01T00:09:13.294634+00:00;temperature;31.10
4853;pms5003;3628;6.559;3.386;2026-02-01T00:14:30.548200+00:00;P2;97.00
4853;pms5003;3628;6.559;3.386;2026-02-01T00:14:30.548200+00:00;P1;123.80
4853;pms5003;3628;6.559;3.386;2026-02-01T00:14:30.548200+00:00;P0;55.40
4854;DHT22;3628;6.559;3.386;2026-02-01T00:14:48.011458+00:00;humidity;91.20
4854;DHT22;3628;6.559;3.386;2026-02-01T00:14:48.011458+00:00;temperature;31.10
4853;pms5003;3628;6.559;3.386;2026-02-01T00:21:45.219778+00:00;P2;100.00
4853;pms5003;3628;6.559;3.386;2026-02-01T00:21:45.219778+00:00;P1;120.00
4853;pms5003;3628;6.559;3.386;2026-02-01T00:21:45.219778+00:00;P0;55.50
4854;DHT22;3628;6.559;3.386;2026-02-01T00:25:36.541261+00:00;humidity;91.50
4854;DHT22;3628;6.559;3.386;2026-02-01T00:25:36.541261+00:00;temperature;31.10
4853;pms5003;3628;6.559;3.386;2026-02-01T00:30:53.842901+00:00;P2;64.80
4853;pms5003;3628;6.559;3.386;2026-02-01T00:30:53.842901+00:00;P1;77.80
4853;pms5003;3628;6.559;3.386;2026-02-01T00:30:53.842901+00:00;P0;38.20
4854;DHT22;3628;6.559;3.386;2026-02-01T00:31:11.395779+00:00;humidity;91.70
4854;DHT22;3628;6.559;3.386;2026-02-01T00:31:11.395779+00:00;temperature;31.10
4853;pms5003;3628;6.559;3.386;2026-02-01T00:36:50.076715+00:00;P2;57.00
4853;pms5003;3628;6.559;3.386;2026-02-01T00:36:50.076715+00:00;P1;75.75
4853;pms5003;3628;6.559;3.386;2026-02-01T00:36:50.076715+00:00;P0;33.00
4853;pms5003;3628;6.559;3.386;2026-02-01T00:47:06.370030+00:00;P2;48.25
4853;pms5003;3628;6.559;3.386;2026-02-01T00:47:06.370030+00:00;P1;66.50
4853;pms5003;3628;6.559;3.386;2026-02-01T00:47:06.370030+00:00;P0;31.00
4853;pms5003;3628;6.559;3.386;2026-02-01T06:03:48.888658+00:00;P2;51.20
4853;pms5003;3628;6.559;3.386;2026-02-01T06:03:48.888658+00:00;P1;68.60
4853;pms5003;3628;6.559;3.386;2026-02-01T06:03:48.888658+00:00;P0;34.40
4854;DHT22;3628;6.559;3.386;2026-02-01T06:04:06.363915+00:00;humidity;100.00
4854;DHT22;3628;6.559;3.386;2026-02-01T06:04:06.363915+00:00;temperature;29.30
4854;DHT22;3628;6.559;3.386;2026-02-01T06:09:41.061382+00:00;humidity;99.70
4854;DHT22;3628;6.559;3.386;2026-02-01T06:09:41.061382+00:00;temperature;30.20
4854;DHT22;3628;6.559;3.386;2026-02-01T06:15:15.854818+00:00;humidity;98.60
4854;DHT22;3628;6.559;3.386;2026-02-01T06:15:15.854818+00:00;temperature;30.30
4853;pms5003;3628;6.559;3.386;2026-02-01T10:29:10.495711+00:00;P2;50.00
4853;pms5003;3628;6.559;3.386;2026-02-01T10:29:10.495711+00:00;P1;68.00
4853;pms5003;3628;6.559;3.386;2026-02-01T10:29:10.495711+00:00;P0;31.40
4854;DHT22;3628;6.559;3.386;2026-02-01T10:29:27.860572+00:00;humidity;100.00
4854;DHT22;3628;6.559;3.386;2026-02-01T10:29:27.860572+00:00;temperature;28.50
4853;pms5003;3628;6.559;3.386;2026-02-01T10:34:45.130028+00:00;P2;47.25
4853;pms5003;3628;6.559;3.386;2026-02-01T10:34:45.130028+00:00;P1;62.00
4853;pms5003;3628;6.559;3.386;2026-02-01T10:34:45.130028+00:00;P0;29.00
4854;DHT22;3628;6.559;3.386;2026-02-01T10:35:02.486067+00:00;humidity;100.00
4854;DHT22;3628;6.559;3.386;2026-02-01T10:35:02.486067+00:00;temperature;31.30
4853;pms5003;3628;6.559;3.386;2026-02-01T10:40:19.663636+00:00;P2;46.25
4853;pms5003;3628;6.559;3.386;2026-02-01T10:40:19.663636+00:00;P1;62.00
4853;pms5003;3628;6.559;3.386;2026-02-01T10:40:19.663636+00:00;P0;29.25
4854;DHT22;3628;6.559;3.386;2026-02-01T10:40:37.379314+00:00;humidity;96.80
4854;DHT22;3628;6.559;3.386;2026-02-01T10:40:37.379314+00:00;temperature;33.40
4853;pms5003;3628;6.559;3.386;2026-02-01T10:51:08.246473+00:00;P2;47.25
4853;pms5003;3628;6.559;3.386;2026-02-01T10:51:08.246473+00:00;P1;64.75
4853;pms5003;3628;6.559;3.386;2026-02-01T10:51:08.246473+00:00;P0;31.25
4853;pms5003;3628;6.559;3.386;2026-02-01T10:57:00.457377+00:00;P2;46.80
4853;pms5003;3628;6.559;3.386;2026-02-01T10:57:00.457377+00:00;P1;63.60
4853;pms5003;3628;6.559;3.386;2026-02-01T10:57:00.457377+00:00;P0;30.60
4854;DHT22;3628;6.559;3.386;2026-02-01T10:57:17.899770+00:00;humidity;83.3
4854;DHT22;3628;6.559;3.386;2026-02-01T10:57:17.899770+00:00;temperature;34.60
4854;DHT22;3628;6.559;3.386;2026-02-01T11:02:42.548900+00:00;humidity;82.40
4854;DHT22;3628;6.559;3.386;2026-02-01T11:02:42.548900+00:00;temperature;35.70
4853;pms5003;3628;6.559;3.386;2026-02-01T11:14:35.145116+00:00;P2;44.75
4853;pms5003;3628;6.559;3.386;2026-02-01T11:14:35.145116+00:00;P1;57.50
4853;pms5003;3628;6.559;3.386;2026-02-01T11:14:35.145116+00:00;P0;28.75
4854;DHT22;3628;6.559;3.386;2026-02-01T12:00:16.075987+00:00;humidity;73.90
4854;DHT22;3628;6.559;3.386;2026-02-01T12:00:16.075987+00:00;temperature;34.60
4853;pms5003;3628;6.559;3.386;2026-02-01T12:27:38.991519+00:00;P2;44.60
4853;pms5003;3628;6.559;3.386;2026-02-01T12:27:38.991519+00:00;P1;61.40
4853;pms5003;3628;6.559;3.386;2026-02-01T12:27:38.991519+00:00;P0;29.00
4853;pms5003;3628;6.559;3.386;2026-02-01T12:33:30.768643+00:00;P2;37.50
4853;pms5003;3628;6.559;3.386;2026-02-01T12:33:30.768643+00:00;P1;45.75
4853;pms5003;3628;6.559;3.386;2026-02-01T12:33:30.768643+00:00;P0;23.50
4854;DHT22;3628;6.559;3.386;2026-02-01T12:33:51.107725+00:00;humidity;67.80
4854;DHT22;3628;6.559;3.386;2026-02-01T12:33:51.107725+00:00;temperature;36.40
4853;pms5003;3628;6.559;3.386;2026-02-01T13:00:29.411915+00:00;P2;39.00
4853;pms5003;3628;6.559;3.386;2026-02-01T13:00:29.411915+00:00;P1;52.75
4853;pms5003;3628;6.559;3.386;2026-02-01T13:00:29.411915+00:00;P0;26.00
4853;pms5003;3628;6.559;3.386;2026-02-01T13:05:56.733929+00:00;P2;35.75
4853;pms5003;3628;6.559;3.386;2026-02-01T13:05:56.733929+00:00;P1;51.50
4853;pms5003;3628;6.559;3.386;2026-02-01T13:05:56.733929+00:00;P0;24.00
4854;DHT22;3628;6.559;3.386;2026-02-01T13:06:14.290315+00:00;humidity;60.20
4854;DHT22;3628;6.559;3.386;2026-02-01T13:06:14.290315+00:00;temperature;39.20
4853;pms5003;3628;6.559;3.386;2026-02-01T13:11:31.584616+00:00;P2;35.50
4853;pms5003;3628;6.559;3.386;2026-02-01T13:11:31.584616+00:00;P1;53.50
4853;pms5003;3628;6.559;3.386;2026-02-01T13:11:31.584616+00:00;P0;23.25
4853;pms5003;3628;6.559;3.386;2026-02-01T13:22:41.457892+00:00;P2;36.00
4853;pms5003;3628;6.559;3.386;2026-02-01T13:22:41.457892+00:00;P1;45.00
4853;pms5003;3628;6.559;3.386;2026-02-01T13:22:41.457892+00:00;P0;24.00
4854;DHT22;3628;6.559;3.386;2026-02-01T13:22:58.861907+00:00;humidity;58.20
4854;DHT22;3628;6.559;3.386;2026-02-01T13:22:58.861907+00:00;temperature;39.90
4853;pms5003;3628;6.559;3.386;2026-02-01T13:28:16.054530+00:00;P2;38.40
4853;pms5003;3628;6.559;3.386;2026-02-01T13:28:16.054530+00:00;P1;53.00
4853;pms5003;3628;6.559;3.386;2026-02-01T13:28:16.054530+00:00;P0;26.40
4854;DHT22;3628;6.559;3.386;2026-02-01T13:28:33.443326+00:00;humidity;60.70
4854;DHT22;3628;6.559;3.386;2026-02-01T13:28:33.443326+00:00;temperature;39.30
4854;DHT22;3628;6.559;3.386;2026-02-01T13:49:44.945184+00:00;humidity;61.30
4854;DHT22;3628;6.559;3.386;2026-02-01T13:49:44.945184+00:00;temperature;38.30
4853;pms5003;3628;6.559;3.386;2026-02-01T13:55:02.191575+00:00;P2;40.00
4853;pms5003;3628;6.559;3.386;2026-02-01T13:55:02.191575+00:00;P1;51.00
4853;pms5003;3628;6.559;3.386;2026-02-01T13:55:02.191575+00:00;P0;25.00
4853;pms5003;3628;6.559;3.386;2026-02-01T14:00:28.983175+00:00;P2;41.00
4853;pms5003;3628;6.559;3.386;2026-02-01T14:00:28.983175+00:00;P1;52.40
4853;pms5003;3628;6.559;3.386;2026-02-01T14:00:28.983175+00:00;P0;27.00
4854;DHT22;3628;6.559;3.386;2026-02-01T14:00:46.459086+00:00;humidity;61.00
4854;DHT22;3628;6.559;3.386;2026-02-01T14:00:46.459086+00:00;temperature;38.90
4853;pms5003;3628;6.559;3.386;2026-02-01T14:06:03.693169+00:00;P2;41.75
4853;pms5003;3628;6.559;3.386;2026-02-01T14:06:03.693169+00:00;P1;54.50
4853;pms5003;3628;6.559;3.386;2026-02-01T14:06:03.693169+00:00;P0;27.00
4854;DHT22;3628;6.559;3.386;2026-02-01T14:06:21.034504+00:00;humidity;61.80
4854;DHT22;3628;6.559;3.386;2026-02-01T14:06:21.034504+00:00;temperature;38.60
4853;pms5003;3628;6.559;3.386;2026-02-01T14:11:38.273773+00:00;P2;36.00
4853;pms5003;3628;6.559;3.386;2026-02-01T14:11:38.273773+00:00;P1;48.50
4853;pms5003;3628;6.559;3.386;2026-02-01T14:11:38.273773+00:00;P0;24.75
4854;DHT22;3628;6.559;3.386;2026-02-01T14:17:30.216402+00:00;humidity;60.40
4854;DHT22;3628;6.559;3.386;2026-02-01T14:17:30.216402+00:00;temperature;39.30
4853;pms5003;3628;6.559;3.386;2026-02-01T14:28:03.421525+00:00;P2;33.80
4853;pms5003;3628;6.559;3.386;2026-02-01T14:28:03.421525+00:00;P1;47.60
4853;pms5003;3628;6.559;3.386;2026-02-01T14:28:03.421525+00:00;P0;23.40
4854;DHT22;3628;6.559;3.386;2026-02-01T14:28:20.726830+00:00;humidity;60.60
4854;DHT22;3628;6.559;3.386;2026-02-01T14:28:20.726830+00:00;temperature;39.60
4854;DHT22;3628;6.559;3.386;2026-02-01T14:33:44.560057+00:00;humidity;61.40
4854;DHT22;3628;6.559;3.386;2026-02-01T14:33:44.560057+00:00;temperature;38.90
4853;pms5003;3628;6.559;3.386;2026-02-01T14:39:01.890917+00:00;P2;37.25
4853;pms5003;3628;6.559;3.386;2026-02-01T14:39:01.890917+00:00;P1;48.00
4853;pms5003;3628;6.559;3.386;2026-02-01T14:39:01.890917+00:00;P0;23.00
4853;pms5003;3628;6.559;3.386;2026-02-01T14:44:25.697531+00:00;P2;38.50
4853;pms5003;3628;6.559;3.386;2026-02-01T14:44:25.697531+00:00;P1;50.50
4853;pms5003;3628;6.559;3.386;2026-02-01T14:44:25.697531+00:00;P0;25.75
4854;DHT22;3628;6.559;3.386;2026-02-01T14:44:43.066401+00:00;humidity;62.90
4854;DHT22;3628;6.559;3.386;2026-02-01T14:44:43.066401+00:00;temperature;38.40
4853;pms5003;3628;6.559;3.386;2026-02-01T14:50:00.265558+00:00;P2;36.25
4853;pms5003;3628;6.559;3.386;2026-02-01T14:50:00.265558+00:00;P1;47.50
4853;pms5003;3628;6.559;3.386;2026-02-01T14:50:00.265558+00:00;P0;23.00
4853;pms5003;3628;6.559;3.386;2026-02-01T14:55:23.960417+00:00;P2;36.75
4853;pms5003;3628;6.559;3.386;2026-02-01T14:55:23.960417+00:00;P1;52.50
4853;pms5003;3628;6.559;3.386;2026-02-01T14:55:23.960417+00:00;P0;23.75
4853;pms5003;3628;6.559;3.386;2026-02-01T15:06:25.694533+00:00;P2;38.75
4853;pms5003;3628;6.559;3.386;2026-02-01T15:06:25.694533+00:00;P1;52.25
4853;pms5003;3628;6.559;3.386;2026-02-01T15:06:25.694533+00:00;P0;26.00
4854;DHT22;3628;6.559;3.386;2026-02-01T15:06:42.955485+00:00;humidity;63.50
4854;DHT22;3628;6.559;3.386;2026-02-01T15:06:42.955485+00:00;temperature;37.90
4853;pms5003;3628;6.559;3.386;2026-02-01T15:12:00.169061+00:00;P2;39.00
4853;pms5003;3628;6.559;3.386;2026-02-01T15:12:00.169061+00:00;P1;49.00
4853;pms5003;3628;6.559;3.386;2026-02-01T15:12:00.169061+00:00;P0;26.00
4853;pms5003;3628;6.559;3.386;2026-02-01T15:22:48.209555+00:00;P2;40.00
4853;pms5003;3628;6.559;3.386;2026-02-01T15:22:48.209555+00:00;P1;55.00
4853;pms5003;3628;6.559;3.386;2026-02-01T15:22:48.209555+00:00;P0;24.25
4854;DHT22;3628;6.559;3.386;2026-02-01T15:23:05.571878+00:00;humidity;65.30
4854;DHT22;3628;6.559;3.386;2026-02-01T15:23:05.571878+00:00;temperature;37.90
4853;pms5003;3628;6.559;3.386;2026-02-01T15:28:22.792817+00:00;P2;39.75
4853;pms5003;3628;6.559;3.386;2026-02-01T15:28:22.792817+00:00;P1;56.75
4853;pms5003;3628;6.559;3.386;2026-02-01T15:28:22.792817+00:00;P0;26.25
4854;DHT22;3628;6.559;3.386;2026-02-01T15:28:40.176264+00:00;humidity;65.10
4854;DHT22;3628;6.559;3.386;2026-02-01T15:28:40.176264+00:00;temperature;38.00
4854;DHT22;3628;6.559;3.386;2026-02-01T15:34:06.257073+00:00;humidity;64.20
4854;DHT22;3628;6.559;3.386;2026-02-01T15:34:06.257073+00:00;temperature;37.50
4854;DHT22;3628;6.559;3.386;2026-02-01T16:16:09.569408+00:00;humidity;69.80
4854;DHT22;3628;6.559;3.386;2026-02-01T16:16:09.569408+00:00;temperature;36.30
4853;pms5003;3628;6.559;3.386;2026-02-01T16:21:29.915428+00:00;P2;40.75
4853;pms5003;3628;6.559;3.386;2026-02-01T16:21:29.915428+00:00;P1;57.50
4853;pms5003;3628;6.559;3.386;2026-02-01T16:21:29.915428+00:00;P0;27.00
4854;DHT22;3628;6.559;3.386;2026-02-01T16:21:55.942529+00:00;humidity;70.50
4854;DHT22;3628;6.559;3.386;2026-02-01T16:21:55.942529+00:00;temperature;35.90
4853;pms5003;3628;6.559;3.386;2026-02-01T16:27:13.098048+00:00;P2;41.25
4853;pms5003;3628;6.559;3.386;2026-02-01T16:27:13.098048+00:00;P1;60.00
4853;pms5003;3628;6.559;3.386;2026-02-01T16:27:13.098048+00:00;P0;26.50
4854;DHT22;3628;6.559;3.386;2026-02-01T16:27:33.022293+00:00;humidity;71.10
4854;DHT22;3628;6.559;3.386;2026-02-01T16:27:33.022293+00:00;temperature;35.70
4853;pms5003;3628;6.559;3.386;2026-02-01T16:32:56.179491+00:00;P2;41.50
4853;pms5003;3628;6.559;3.386;2026-02-01T16:32:56.179491+00:00;P1;54.00
4853;pms5003;3628;6.559;3.386;2026-02-01T16:32:56.179491+00:00;P0;26.75
4854;DHT22;3628;6.559;3.386;2026-02-01T16:33:13.660246+00:00;humidity;72.10
4854;DHT22;3628;6.559;3.386;2026-02-01T16:33:13.660246+00:00;temperature;35.50
4854;DHT22;3628;6.559;3.386;2026-02-01T16:44:18.417406+00:00;humidity;73.00
4854;DHT22;3628;6.559;3.386;2026-02-01T16:44:18.417406+00:00;temperature;35.40
4853;pms5003;3628;6.559;3.386;2026-02-01T16:49:35.766738+00:00;P2;40.40
4853;pms5003;3628;6.559;3.386;2026-02-01T16:49:35.766738+00:00;P1;56.40
4853;pms5003;3628;6.559;3.386;2026-02-01T16:49:35.766738+00:00;P0;27.00
4854;DHT22;3628;6.559;3.386;2026-02-01T16:49:53.240507+00:00;humidity;73.70
4854;DHT22;3628;6.559;3.386;2026-02-01T16:49:53.240507+00:00;temperature;35.00
4854;DHT22;3628;6.559;3.386;2026-02-01T16:55:19.198949+00:00;humidity;73.90
4854;DHT22;3628;6.559;3.386;2026-02-01T16:55:19.198949+00:00;temperature;34.70
4853;pms5003;3628;6.559;3.386;2026-02-01T17:06:03.927075+00:00;P2;42.00
4853;pms5003;3628;6.559;3.386;2026-02-01T17:06:03.927075+00:00;P1;61.50
4853;pms5003;3628;6.559;3.386;2026-02-01T17:06:03.927075+00:00;P0;27.00
4854;DHT22;3628;6.559;3.386;2026-02-01T17:11:47.805844+00:00;humidity;76.70
4854;DHT22;3628;6.559;3.386;2026-02-01T17:11:47.805844+00:00;temperature;34.10
4853;pms5003;3628;6.559;3.386;2026-02-01T17:17:05.179774+00:00;P2;48.00
4853;pms5003;3628;6.559;3.386;2026-02-01T17:17:05.179774+00:00;P1;60.00
4853;pms5003;3628;6.559;3.386;2026-02-01T17:17:05.179774+00:00;P0;29.00
4853;pms5003;3628;6.559;3.386;2026-02-01T17:22:39.828791+00:00;P2;48.33
4853;pms5003;3628;6.559;3.386;2026-02-01T17:22:39.828791+00:00;P1;68.33
4853;pms5003;3628;6.559;3.386;2026-02-01T17:22:39.828791+00:00;P0;30.00
4853;pms5003;3628;6.559;3.386;2026-02-01T17:44:38.759448+00:00;P2;39.50
4853;pms5003;3628;6.559;3.386;2026-02-01T17:44:38.759448+00:00;P1;56.50
4853;pms5003;3628;6.559;3.386;2026-02-01T17:44:38.759448+00:00;P0;27.00
4853;pms5003;3628;6.559;3.386;2026-02-01T17:50:03.088383+00:00;P2;47.60
4853;pms5003;3628;6.559;3.386;2026-02-01T17:50:03.088383+00:00;P1;66.40
4853;pms5003;3628;6.559;3.386;2026-02-01T17:50:03.088383+00:00;P0;31.00
4854;DHT22;3628;6.559;3.386;2026-02-01T17:50:20.566964+00:00;humidity;80.70
4854;DHT22;3628;6.559;3.386;2026-02-01T17:50:20.566964+00:00;temperature;32.60
4853;pms5003;3628;6.559;3.386;2026-02-01T17:55:37.740535+00:00;P2;40.00
4853;pms5003;3628;6.559;3.386;2026-02-01T17:55:37.740535+00:00;P1;58.00
4853;pms5003;3628;6.559;3.386;2026-02-01T17:55:37.740535+00:00;P0;25.25
4854;DHT22;3628;6.559;3.386;2026-02-01T17:55:55.132958+00:00;humidity;81.70
4854;DHT22;3628;6.559;3.386;2026-02-01T17:55:55.132958+00:00;temperature;32.50
4853;pms5003;3628;6.559;3.386;2026-02-01T18:01:12.448520+00:00;P2;39.00
4853;pms5003;3628;6.559;3.386;2026-02-01T18:01:12.448520+00:00;P1;54.00
4853;pms5003;3628;6.559;3.386;2026-02-01T18:01:12.448520+00:00;P0;26.00
4853;pms5003;3628;6.559;3.386;2026-02-01T18:06:47.047275+00:00;P2;36.75
4853;pms5003;3628;6.559;3.386;2026-02-01T18:06:47.047275+00:00;P1;51.00
4853;pms5003;3628;6.559;3.386;2026-02-01T18:06:47.047275+00:00;P0;23.50
4853;pms5003;3628;6.559;3.386;2026-02-01T18:17:24.099654+00:00;P2;39.00
4853;pms5003;3628;6.559;3.386;2026-02-01T18:17:24.099654+00:00;P1;47.00
4853;pms5003;3628;6.559;3.386;2026-02-01T18:17:24.099654+00:00;P0;25.00
4854;DHT22;3628;6.559;3.386;2026-02-01T18:17:41.520880+00:00;humidity;84.20
4854;DHT22;3628;6.559;3.386;2026-02-01T18:17:41.520880+00:00;temperature;32.20
4853;pms5003;3628;6.559;3.386;2026-02-01T18:22:58.695849+00:00;P2;41.50
4853;pms5003;3628;6.559;3.386;2026-02-01T18:22:58.695849+00:00;P1;49.50
4853;pms5003;3628;6.559;3.386;2026-02-01T18:22:58.695849+00:00;P0;27.50
4854;DHT22;3628;6.559;3.386;2026-02-01T18:23:16.224783+00:00;humidity;84.60
4854;DHT22;3628;6.559;3.386;2026-02-01T18:23:16.224783+00:00;temperature;32.10
4853;pms5003;3628;6.559;3.386;2026-02-01T18:28:33.468930+00:00;P2;36.00
4853;pms5003;3628;6.559;3.386;2026-02-01T18:28:33.468930+00:00;P1;51.00
4853;pms5003;3628;6.559;3.386;2026-02-01T18:28:33.468930+00:00;P0;24.00
4854;DHT22;3628;6.559;3.386;2026-02-01T18:28:50.797269+00:00;humidity;84.40
4854;DHT22;3628;6.559;3.386;2026-02-01T18:28:50.797269+00:00;temperature;32.10
4853;pms5003;3628;6.559;3.386;2026-02-01T18:34:08.144486+00:00;P2;36.00
4853;pms5003;3628;6.559;3.386;2026-02-01T18:34:08.144486+00:00;P1;42.00
4853;pms5003;3628;6.559;3.386;2026-02-01T18:34:08.144486+00:00;P0;23.75
4854;DHT22;3628;6.559;3.386;2026-02-01T18:34:25.542669+00:00;humidity;84.70
4854;DHT22;3628;6.559;3.386;2026-02-01T18:34:25.542669+00:00;temperature;31.90
4853;pms5003;3628;6.559;3.386;2026-02-01T18:39:42.836181+00:00;P2;39.00
4853;pms5003;3628;6.559;3.386;2026-02-01T18:39:42.836181+00:00;P1;50.50
4853;pms5003;3628;6.559;3.386;2026-02-01T18:39:42.836181+00:00;P0;26.00
4853;pms5003;3628;6.559;3.386;2026-02-01T18:45:06.556084+00:00;P2;39.00
4853;pms5003;3628;6.559;3.386;2026-02-01T18:45:06.556084+00:00;P1;50.80
4853;pms5003;3628;6.559;3.386;2026-02-01T18:45:06.556084+00:00;P0;25.00
4854;DHT22;3628;6.559;3.386;2026-02-01T18:45:23.950900+00:00;humidity;85.30
4854;DHT22;3628;6.559;3.386;2026-02-01T18:45:23.950900+00:00;temperature;31.90
4853;pms5003;3628;6.559;3.386;2026-02-01T18:50:41.155764+00:00;P2;38.00
4853;pms5003;3628;6.559;3.386;2026-02-01T18:50:41.155764+00:00;P1;52.00
4853;pms5003;3628;6.559;3.386;2026-02-01T18:50:41.155764+00:00;P0;23.00
4854;DHT22;3628;6.559;3.386;2026-02-01T18:50:58.514060+00:00;humidity;85.90
4854;DHT22;3628;6.559;3.386;2026-02-01T18:50:58.514060+00:00;temperature;31.90
4854;DHT22;3628;6.559;3.386;2026-02-01T18:56:22.312786+00:00;humidity;86.00
4854;DHT22;3628;6.559;3.386;2026-02-01T18:56:22.312786+00:00;temperature;31.90
4853;pms5003;3628;6.559;3.386;2026-02-01T19:01:39.513752+00:00;P2;43.75
4853;pms5003;3628;6.559;3.386;2026-02-01T19:01:39.513752+00:00;P1;57.75
4853;pms5003;3628;6.559;3.386;2026-02-01T19:01:39.513752+00:00;P0;27.25
4854;DHT22;3628;6.559;3.386;2026-02-01T19:01:56.903535+00:00;humidity;86.10
4854;DHT22;3628;6.559;3.386;2026-02-01T19:01:56.903535+00:00;temperature;31.80
4853;pms5003;3628;6.559;3.386;2026-02-01T19:07:14.142512+00:00;P2;41.00
4853;pms5003;3628;6.559;3.386;2026-02-01T19:07:14.142512+00:00;P1;53.00
4853;pms5003;3628;6.559;3.386;2026-02-01T19:07:14.142512+00:00;P0;24.40
4854;DHT22;3628;6.559;3.386;2026-02-01T19:07:31.895646+00:00;humidity;86.00
4854;DHT22;3628;6.559;3.386;2026-02-01T19:07:31.895646+00:00;temperature;31.80
4853;pms5003;3628;6.559;3.386;2026-02-01T19:18:15.930026+00:00;P2;41.50
4853;pms5003;3628;6.559;3.386;2026-02-01T19:18:15.930026+00:00;P1;55.75
4853;pms5003;3628;6.559;3.386;2026-02-01T19:18:15.930026+00:00;P0;27.00
4854;DHT22;3628;6.559;3.386;2026-02-01T19:18:33.369380+00:00;humidity;86.50
4854;DHT22;3628;6.559;3.386;2026-02-01T19:18:33.369380+00:00;temperature;31.70
4853;pms5003;3628;6.559;3.386;2026-02-01T19:23:50.675274+00:00;P2;42.25
4853;pms5003;3628;6.559;3.386;2026-02-01T19:23:50.675274+00:00;P1;52.25
4853;pms5003;3628;6.559;3.386;2026-02-01T19:23:50.675274+00:00;P0;27.50
4853;pms5003;3628;6.559;3.386;2026-02-01T19:29:25.408104+00:00;P2;38.50
4853;pms5003;3628;6.559;3.386;2026-02-01T19:29:25.408104+00:00;P1;51.50
4853;pms5003;3628;6.559;3.386;2026-02-01T19:29:25.408104+00:00;P0;25.00
4854;DHT22;3628;6.559;3.386;2026-02-01T19:29:43.041627+00:00;humidity;87.00
4854;DHT22;3628;6.559;3.386;2026-02-01T19:29:43.041627+00:00;temperature;31.70
4853;pms5003;3628;6.559;3.386;2026-02-01T19:35:00.302043+00:00;P2;41.00
4853;pms5003;3628;6.559;3.386;2026-02-01T19:35:00.302043+00:00;P1;56.00
4853;pms5003;3628;6.559;3.386;2026-02-01T19:35:00.302043+00:00;P0;27.00
4854;DHT22;3628;6.559;3.386;2026-02-01T19:35:17.594516+00:00;humidity;87.30
4854;DHT22;3628;6.559;3.386;2026-02-01T19:35:17.594516+00:00;temperature;31.70
4854;DHT22;3628;6.559;3.386;2026-02-01T20:15:27.040250+00:00;humidity;88.00
4854;DHT22;3628;6.559;3.386;2026-02-01T20:15:27.040250+00:00;temperature;31.50
4853;pms5003;3628;6.559;3.386;2026-02-01T20:20:44.270358+00:00;P2;40.00
4853;pms5003;3628;6.559;3.386;2026-02-01T20:20:44.270358+00:00;P1;57.40
4853;pms5003;3628;6.559;3.386;2026-02-01T20:20:44.270358+00:00;P0;26.00
4854;DHT22;3628;6.559;3.386;2026-02-01T20:21:04.256791+00:00;humidity;88.00
4854;DHT22;3628;6.559;3.386;2026-02-01T20:21:04.256791+00:00;temperature;31.50
4853;pms5003;3628;6.559;3.386;2026-02-01T20:26:30.396338+00:00;P2;38.00
4853;pms5003;3628;6.559;3.386;2026-02-01T20:26:30.396338+00:00;P1;52.00
4853;pms5003;3628;6.559;3.386;2026-02-01T20:26:30.396338+00:00;P0;65.00
4854;DHT22;3628;6.559;3.386;2026-02-01T20:26:53.444185+00:00;humidity;88.00
4854;DHT22;3628;6.559;3.386;2026-02-01T20:26:53.444185+00:00;temperature;31.60
4853;pms5003;3628;6.559;3.386;2026-02-01T20:37:37.013412+00:00;P2;37.00
4853;pms5003;3628;6.559;3.386;2026-02-01T20:37:37.013412+00:00;P1;50.25
4853;pms5003;3628;6.559;3.386;2026-02-01T20:37:37.013412+00:00;P0;22.00
4854;DHT22;3628;6.559;3.386;2026-02-01T20:38:03.106734+00:00;humidity;88.10
4854;DHT22;3628;6.559;3.386;2026-02-01T20:38:03.106734+00:00;temperature;31.60
4853;pms5003;3628;6.559;3.386;2026-02-01T20:43:23.174190+00:00;P2;38.00
4853;pms5003;3628;6.559;3.386;2026-02-01T20:43:23.174190+00:00;P1;50.75
4853;pms5003;3628;6.559;3.386;2026-02-01T20:43:23.174190+00:00;P0;24.75
4854;DHT22;3628;6.559;3.386;2026-02-01T20:43:43.169163+00:00;humidity;88.20
4854;DHT22;3628;6.559;3.386;2026-02-01T20:43:43.169163+00:00;temperature;31.60
4853;pms5003;3628;6.559;3.386;2026-02-01T20:49:09.297678+00:00;P2;39.40
4853;pms5003;3628;6.559;3.386;2026-02-01T20:49:09.297678+00:00;P1;47.40
4853;pms5003;3628;6.559;3.386;2026-02-01T20:49:09.297678+00:00;P0;27.00
4854;DHT22;3628;6.559;3.386;2026-02-01T20:49:26.914511+00:00;humidity;88.50
4854;DHT22;3628;6.559;3.386;2026-02-01T20:49:26.914511+00:00;temperature;31.50
4853;pms5003;3628;6.559;3.386;2026-02-01T20:54:46.880260+00:00;P2;39.00
4853;pms5003;3628;6.559;3.386;2026-02-01T20:54:46.880260+00:00;P1;47.00
4853;pms5003;3628;6.559;3.386;2026-02-01T20:54:46.880260+00:00;P0;24.50
4853;pms5003;3628;6.559;3.386;2026-02-01T21:00:36.005752+00:00;P2;36.20
4853;pms5003;3628;6.559;3.386;2026-02-01T21:00:36.005752+00:00;P1;43.00
4853;pms5003;3628;6.559;3.386;2026-02-01T21:00:36.005752+00:00;P0;24.80
4854;DHT22;3628;6.559;3.386;2026-02-01T21:06:30.021695+00:00;humidity;89.10
4854;DHT22;3628;6.559;3.386;2026-02-01T21:06:30.021695+00:00;temperature;31.30
4853;pms5003;3628;6.559;3.386;2026-02-01T21:11:47.319378+00:00;P2;38.50
4853;pms5003;3628;6.559;3.386;2026-02-01T21:11:47.319378+00:00;P1;52.00
4853;pms5003;3628;6.559;3.386;2026-02-01T21:11:47.319378+00:00;P0;24.00
4854;DHT22;3628;6.559;3.386;2026-02-01T21:12:04.823976+00:00;humidity;88.70
4854;DHT22;3628;6.559;3.386;2026-02-01T21:12:04.823976+00:00;temperature;31.50
4853;pms5003;3628;6.559;3.386;2026-02-01T21:49:05.588657+00:00;P2;41.00
4853;pms5003;3628;6.559;3.386;2026-02-01T21:49:05.588657+00:00;P1;54.00
4853;pms5003;3628;6.559;3.386;2026-02-01T21:49:05.588657+00:00;P0;27.00
4854;DHT22;3628;6.559;3.386;2026-02-01T21:54:52.641355+00:00;humidity;88.50
4854;DHT22;3628;6.559;3.386;2026-02-01T21:54:52.641355+00:00;temperature;31.30
4853;pms5003;3628;6.559;3.386;2026-02-01T22:00:13.220312+00:00;P2;44.00
4853;pms5003;3628;6.559;3.386;2026-02-01T22:00:13.220312+00:00;P1;65.50
4853;pms5003;3628;6.559;3.386;2026-02-01T22:00:13.220312+00:00;P0;28.00
4854;DHT22;3628;6.559;3.386;2026-02-01T22:00:35.812403+00:00;humidity;88.50
4854;DHT22;3628;6.559;3.386;2026-02-01T22:00:35.812403+00:00;temperature;31.40
4853;pms5003;3628;6.559;3.386;2026-02-01T22:05:53.197601+00:00;P2;53.75
4853;pms5003;3628;6.559;3.386;2026-02-01T22:05:53.197601+00:00;P1;76.00
4853;pms5003;3628;6.559;3.386;2026-02-01T22:05:53.197601+00:00;P0;32.75
4854;DHT22;3628;6.559;3.386;2026-02-01T22:06:16.310765+00:00;humidity;88.60
4854;DHT22;3628;6.559;3.386;2026-02-01T22:06:16.310765+00:00;temperature;31.30
4853;pms5003;3628;6.559;3.386;2026-02-01T22:11:30.757907+00:00;P2;55.33
4853;pms5003;3628;6.559;3.386;2026-02-01T22:11:30.757907+00:00;P1;76.00
4853;pms5003;3628;6.559;3.386;2026-02-01T22:11:30.757907+00:00;P0;33.67
4853;pms5003;3628;6.559;3.386;2026-02-01T22:17:05.508328+00:00;P2;53.00
4853;pms5003;3628;6.559;3.386;2026-02-01T22:17:05.508328+00:00;P1;72.00
4853;pms5003;3628;6.559;3.386;2026-02-01T22:17:05.508328+00:00;P0;32.50
4854;DHT22;3628;6.559;3.386;2026-02-01T22:17:22.929437+00:00;humidity;89.20
4854;DHT22;3628;6.559;3.386;2026-02-01T22:17:22.929437+00:00;temperature;31.30
4853;pms5003;3628;6.559;3.386;2026-02-01T22:22:40.225057+00:00;P2;51.25
4853;pms5003;3628;6.559;3.386;2026-02-01T22:22:40.225057+00:00;P1;69.25
4853;pms5003;3628;6.559;3.386;2026-02-01T22:22:40.225057+00:00;P0;31.25
4854;DHT22;3628;6.559;3.386;2026-02-01T22:22:57.904315+00:00;humidity;89.20
4854;DHT22;3628;6.559;3.386;2026-02-01T22:22:57.904315+00:00;temperature;31.40
4853;pms5003;3628;6.559;3.386;2026-02-01T22:28:15.064995+00:00;P2;51.25
4853;pms5003;3628;6.559;3.386;2026-02-01T22:28:15.064995+00:00;P1;71.25
4853;pms5003;3628;6.559;3.386;2026-02-01T22:28:15.064995+00:00;P0;31.25
4854;DHT22;3628;6.559;3.386;2026-02-01T22:28:32.664396+00:00;humidity;89.50
4854;DHT22;3628;6.559;3.386;2026-02-01T22:28:32.664396+00:00;temperature;31.20
4854;DHT22;3628;6.559;3.386;2026-02-01T22:34:07.487171+00:00;humidity;89.50
4854;DHT22;3628;6.559;3.386;2026-02-01T22:34:07.487171+00:00;temperature;31.30
4853;pms5003;3628;6.559;3.386;2026-02-01T22:39:24.682566+00:00;P2;48.25
4853;pms5003;3628;6.559;3.386;2026-02-01T22:39:24.682566+00:00;P1;67.75
4853;pms5003;3628;6.559;3.386;2026-02-01T22:39:24.682566+00:00;P0;31.00
4854;DHT22;3628;6.559;3.386;2026-02-01T22:39:42.105160+00:00;humidity;89.90
4854;DHT22;3628;6.559;3.386;2026-02-01T22:39:42.105160+00:00;temperature;31.20
4853;pms5003;3628;6.559;3.386;2026-02-01T22:44:59.319178+00:00;P2;46.25
4853;pms5003;3628;6.559;3.386;2026-02-01T22:44:59.319178+00:00;P1;60.50
4853;pms5003;3628;6.559;3.386;2026-02-01T22:44:59.319178+00:00;P0;29.00
4854;DHT22;3628;6.559;3.386;2026-02-01T22:45:16.831764+00:00;humidity;89.70
4854;DHT22;3628;6.559;3.386;2026-02-01T22:45:16.831764+00:00;temperature;31.30
4853;pms5003;3628;6.559;3.386;2026-02-01T22:50:34.100517+00:00;P2;44.00
4853;pms5003;3628;6.559;3.386;2026-02-01T22:50:34.100517+00:00;P1;56.00
4853;pms5003;3628;6.559;3.386;2026-02-01T22:50:34.100517+00:00;P0;28.00
4853;pms5003;3628;6.559;3.386;2026-02-01T22:55:58.242370+00:00;P2;43.75
4853;pms5003;3628;6.559;3.386;2026-02-01T22:55:58.242370+00:00;P1;60.00
4853;pms5003;3628;6.559;3.386;2026-02-01T22:55:58.242370+00:00;P0;27.00
4854;DHT22;3628;6.559;3.386;2026-02-01T22:56:15.848735+00:00;humidity;90.00
4854;DHT22;3628;6.559;3.386;2026-02-01T22:56:15.848735+00:00;temperature;31.30
4854;DHT22;3628;6.559;3.386;2026-02-01T23:01:50.658019+00:00;humidity;90.10
4854;DHT22;3628;6.559;3.386;2026-02-01T23:01:50.658019+00:00;temperature;31.20
4853;pms5003;3628;6.559;3.386;2026-02-01T23:12:21.390333+00:00;P2;42.50
4853;pms5003;3628;6.559;3.386;2026-02-01T23:12:21.390333+00:00;P1;57.00
4853;pms5003;3628;6.559;3.386;2026-02-01T23:12:21.390333+00:00;P0;27.50
4853;pms5003;3628;6.559;3.386;2026-02-01T23:17:45.310594+00:00;P2;41.33
4853;pms5003;3628;6.559;3.386;2026-02-01T23:17:45.310594+00:00;P1;57.00
4853;pms5003;3628;6.559;3.386;2026-02-01T23:17:45.310594+00:00;P0;26.00
4853;pms5003;3628;6.559;3.386;2026-02-01T23:23:09.495465+00:00;P2;38.60
4853;pms5003;3628;6.559;3.386;2026-02-01T23:23:09.495465+00:00;P1;54.20
4853;pms5003;3628;6.559;3.386;2026-02-01T23:23:09.495465+00:00;P0;24.40
4853;pms5003;3628;6.559;3.386;2026-02-01T23:28:33.236075+00:00;P2;41.00
4853;pms5003;3628;6.559;3.386;2026-02-01T23:28:33.236075+00:00;P1;55.40
4853;pms5003;3628;6.559;3.386;2026-02-01T23:28:33.236075+00:00;P0;26.80
4854;DHT22;3628;6.559;3.386;2026-02-01T23:34:03.895460+00:00;humidity;90.70
4854;DHT22;3628;6.559;3.386;2026-02-01T23:34:03.895460+00:00;temperature;31.00
4854;DHT22;3628;6.559;3.386;2026-02-02T06:03:09.511646+00:00;humidity;100.00
4854;DHT22;3628;6.559;3.386;2026-02-02T06:03:09.511646+00:00;temperature;29.00
4853;pms5003;3628;6.559;3.386;2026-02-02T06:08:26.724608+00:00;P2;46.50
4853;pms5003;3628;6.559;3.386;2026-02-02T06:08:26.724608+00:00;P1;61.50
4853;pms5003;3628;6.559;3.386;2026-02-02T06:08:26.724608+00:00;P0;30.50
4853;pms5003;3628;6.559;3.386;2026-02-02T06:14:01.251788+00:00;P2;46.67
4853;pms5003;3628;6.559;3.386;2026-02-02T06:14:01.251788+00:00;P1;60.33
4853;pms5003;3628;6.559;3.386;2026-02-02T06:14:01.251788+00:00;P0;29.67
4854;DHT22;3628;6.559;3.386;2026-02-02T10:10:00.676544+00:00;humidity;73.40
4854;DHT22;3628;6.559;3.386;2026-02-02T10:10:00.676544+00:00;temperature;36.40
4853;pms5003;3628;6.559;3.386;2026-02-02T10:55:43.720864+00:00;P2;42.00
4853;pms5003;3628;6.559;3.386;2026-02-02T10:55:43.720864+00:00;P1;54.80
4853;pms5003;3628;6.559;3.386;2026-02-02T10:55:43.720864+00:00;P0;27.00
4854;DHT22;3628;6.559;3.386;2026-02-02T10:56:01.232306+00:00;humidity;70.00
4854;DHT22;3628;6.559;3.386;2026-02-02T10:56:01.232306+00:00;temperature;36.40
4853;pms5003;3628;6.559;3.386;2026-02-02T11:01:18.792245+00:00;P2;36.50
4853;pms5003;3628;6.559;3.386;2026-02-02T11:01:18.792245+00:00;P1;48.50
4853;pms5003;3628;6.559;3.386;2026-02-02T11:01:18.792245+00:00;P0;24.00
4854;DHT22;3628;6.559;3.386;2026-02-02T11:01:36.466894+00:00;humidity;70.10
4854;DHT22;3628;6.559;3.386;2026-02-02T11:01:36.466894+00:00;temperature;36.40
4853;pms5003;3628;6.559;3.386;2026-02-02T11:06:53.699633+00:00;P2;32.50
4853;pms5003;3628;6.559;3.386;2026-02-02T11:06:53.699633+00:00;P1;43.75
4853;pms5003;3628;6.559;3.386;2026-02-02T11:06:53.699633+00:00;P0;22.25
4854;DHT22;3628;6.559;3.386;2026-02-02T11:07:11.257081+00:00;humidity;67.10
4854;DHT22;3628;6.559;3.386;2026-02-02T11:07:11.257081+00:00;temperature;38.00
4853;pms5003;3628;6.559;3.386;2026-02-02T11:12:28.428858+00:00;P2;34.25
4853;pms5003;3628;6.559;3.386;2026-02-02T11:12:28.428858+00:00;P1;40.50
4853;pms5003;3628;6.559;3.386;2026-02-02T11:12:28.428858+00:00;P0;22.00
4853;pms5003;3628;6.559;3.386;2026-02-02T11:18:02.984139+00:00;P2;35.25
4853;pms5003;3628;6.559;3.386;2026-02-02T11:18:02.984139+00:00;P1;50.25
4853;pms5003;3628;6.559;3.386;2026-02-02T11:18:02.984139+00:00;P0;23.25
4854;DHT22;3628;6.559;3.386;2026-02-02T11:18:20.522058+00:00;humidity;63.90
4854;DHT22;3628;6.559;3.386;2026-02-02T11:18:20.522058+00:00;temperature;38.10
4853;pms5003;3628;6.559;3.386;2026-02-02T11:23:37.813259+00:00;P2;38.75
4853;pms5003;3628;6.559;3.386;2026-02-02T11:23:37.813259+00:00;P1;55.25
4853;pms5003;3628;6.559;3.386;2026-02-02T11:23:37.813259+00:00;P0;26.50
4854;DHT22;3628;6.559;3.386;2026-02-02T11:23:55.320683+00:00;humidity;62.20
4854;DHT22;3628;6.559;3.386;2026-02-02T11:23:55.320683+00:00;temperature;38.50
4854;DHT22;3628;6.559;3.386;2026-02-02T11:29:19.070439+00:00;humidity;61.90
4854;DHT22;3628;6.559;3.386;2026-02-02T11:29:19.070439+00:00;temperature;38.10
4854;DHT22;3628;6.559;3.386;2026-02-02T11:39:56.544885+00:00;humidity;59.90
4854;DHT22;3628;6.559;3.386;2026-02-02T11:39:56.544885+00:00;temperature;39.60
4853;pms5003;3628;6.559;3.386;2026-02-02T11:45:13.845193+00:00;P2;36.50
4853;pms5003;3628;6.559;3.386;2026-02-02T11:45:13.845193+00:00;P1;53.00
4853;pms5003;3628;6.559;3.386;2026-02-02T11:45:13.845193+00:00;P0;23.25
4854;DHT22;3628;6.559;3.386;2026-02-02T11:45:31.246222+00:00;humidity;58.80
4854;DHT22;3628;6.559;3.386;2026-02-02T11:45:31.246222+00:00;temperature;39.90
4853;pms5003;3628;6.559;3.386;2026-02-02T11:50:48.339071+00:00;P2;38.00
4853;pms5003;3628;6.559;3.386;2026-02-02T11:50:48.339071+00:00;P1;54.00
4853;pms5003;3628;6.559;3.386;2026-02-02T11:50:48.339071+00:00;P0;25.75
4854;DHT22;3628;6.559;3.386;2026-02-02T11:51:05.672461+00:00;humidity;58.80
4854;DHT22;3628;6.559;3.386;2026-02-02T11:51:05.672461+00:00;temperature;40.00
4853;pms5003;3628;6.559;3.386;2026-02-02T11:56:22.851035+00:00;P2;39.50
4853;pms5003;3628;6.559;3.386;2026-02-02T11:56:22.851035+00:00;P1;56.75
4853;pms5003;3628;6.559;3.386;2026-02-02T11:56:22.851035+00:00;P0;26.00
4854;DHT22;3628;6.559;3.386;2026-02-02T11:56:40.188572+00:00;humidity;59.00
4854;DHT22;3628;6.559;3.386;2026-02-02T11:56:40.188572+00:00;temperature;39.80
4853;pms5003;3628;6.559;3.386;2026-02-02T12:01:57.466585+00:00;P2;35.25
4853;pms5003;3628;6.559;3.386;2026-02-02T12:01:57.466585+00:00;P1;51.00
4853;pms5003;3628;6.559;3.386;2026-02-02T12:01:57.466585+00:00;P0;23.00
4854;DHT22;3628;6.559;3.386;2026-02-02T12:02:14.848834+00:00;humidity;59.20
4854;DHT22;3628;6.559;3.386;2026-02-02T12:02:14.848834+00:00;temperature;39.90
4854;DHT22;3628;6.559;3.386;2026-02-02T12:07:39.049200+00:00;humidity;62.50
4854;DHT22;3628;6.559;3.386;2026-02-02T12:07:39.049200+00:00;temperature;38.30
4853;pms5003;3628;6.559;3.386;2026-02-02T12:14:51.744097+00:00;P2;36.75
4853;pms5003;3628;6.559;3.386;2026-02-02T12:14:51.744097+00:00;P1;51.25
4853;pms5003;3628;6.559;3.386;2026-02-02T12:14:51.744097+00:00;P0;24.00
4853;pms5003;3628;6.559;3.386;2026-02-02T13:21:19.417512+00:00;P2;39.40
4853;pms5003;3628;6.559;3.386;2026-02-02T13:21:19.417512+00:00;P1;49.60
4853;pms5003;3628;6.559;3.386;2026-02-02T13:21:19.417512+00:00;P0;26.40
4853;pms5003;3628;6.559;3.386;2026-02-02T13:26:54.014778+00:00;P2;36.25
4853;pms5003;3628;6.559;3.386;2026-02-02T13:26:54.014778+00:00;P1;52.50
4853;pms5003;3628;6.559;3.386;2026-02-02T13:26:54.014778+00:00;P0;24.00
4853;pms5003;3628;6.559;3.386;2026-02-02T13:32:20.951754+00:00;P2;36.50
4853;pms5003;3628;6.559;3.386;2026-02-02T13:32:20.951754+00:00;P1;45.00
4853;pms5003;3628;6.559;3.386;2026-02-02T13:32:20.951754+00:00;P0;24.00
4853;pms5003;3628;6.559;3.386;2026-02-02T13:37:45.375874+00:00;P2;35.00
4853;pms5003;3628;6.559;3.386;2026-02-02T13:37:45.375874+00:00;P1;43.50
4853;pms5003;3628;6.559;3.386;2026-02-02T13:37:45.375874+00:00;P0;23.50
4854;DHT22;3628;6.559;3.386;2026-02-02T13:38:02.764254+00:00;humidity;62.80
4854;DHT22;3628;6.559;3.386;2026-02-02T13:38:02.764254+00:00;temperature;38.60
4853;pms5003;3628;6.559;3.386;2026-02-02T14:05:10.224944+00:00;P2;35.75
4853;pms5003;3628;6.559;3.386;2026-02-02T14:05:10.224944+00:00;P1;49.25
4853;pms5003;3628;6.559;3.386;2026-02-02T14:05:10.224944+00:00;P0;23.00
4854;DHT22;3628;6.559;3.386;2026-02-02T14:10:17.025932+00:00;humidity;64.40
4854;DHT22;3628;6.559;3.386;2026-02-02T14:10:17.025932+00:00;temperature;37.90
4853;pms5003;3628;6.559;3.386;2026-02-02T14:15:34.122977+00:00;P2;32.25
4853;pms5003;3628;6.559;3.386;2026-02-02T14:15:34.122977+00:00;P1;48.25
4853;pms5003;3628;6.559;3.386;2026-02-02T14:15:34.122977+00:00;P0;22.25
4854;DHT22;3628;6.559;3.386;2026-02-02T14:15:51.505250+00:00;humidity;66.00
4854;DHT22;3628;6.559;3.386;2026-02-02T14:15:51.505250+00:00;temperature;37.30
4854;DHT22;3628;6.559;3.386;2026-02-02T14:21:25.991407+00:00;humidity;66.80
4854;DHT22;3628;6.559;3.386;2026-02-02T14:21:25.991407+00:00;temperature;37.70
4853;pms5003;3628;6.559;3.386;2026-02-02T14:26:43.217939+00:00;P2;31.80
4853;pms5003;3628;6.559;3.386;2026-02-02T14:26:43.217939+00:00;P1;39.60
4853;pms5003;3628;6.559;3.386;2026-02-02T14:26:43.217939+00:00;P0;21.80
4854;DHT22;3628;6.559;3.386;2026-02-02T14:27:00.614115+00:00;humidity;66.60
4854;DHT22;3628;6.559;3.386;2026-02-02T14:27:00.614115+00:00;temperature;37.60
4853;pms5003;3628;6.559;3.386;2026-02-02T14:32:20.820255+00:00;P2;35.00
4853;pms5003;3628;6.559;3.386;2026-02-02T14:32:20.820255+00:00;P1;44.50
4853;pms5003;3628;6.559;3.386;2026-02-02T14:32:20.820255+00:00;P0;22.50
4854;DHT22;3628;6.559;3.386;2026-02-02T14:32:38.230400+00:00;humidity;66.00
4854;DHT22;3628;6.559;3.386;2026-02-02T14:32:38.230400+00:00;temperature;37.90
4854;DHT22;3628;6.559;3.386;2026-02-02T14:38:02.153305+00:00;humidity;65.70
4854;DHT22;3628;6.559;3.386;2026-02-02T14:38:02.153305+00:00;temperature;37.90
4853;pms5003;3628;6.559;3.386;2026-02-02T14:43:19.291395+00:00;P2;36.00
4853;pms5003;3628;6.559;3.386;2026-02-02T14:43:19.291395+00:00;P1;54.25
4853;pms5003;3628;6.559;3.386;2026-02-02T14:43:19.291395+00:00;P0;24.00
4854;DHT22;3628;6.559;3.386;2026-02-02T14:43:36.645152+00:00;humidity;66.00
4854;DHT22;3628;6.559;3.386;2026-02-02T14:43:36.645152+00:00;temperature;37.80
4853;pms5003;3628;6.559;3.386;2026-02-02T14:48:53.797724+00:00;P2;40.00
4853;pms5003;3628;6.559;3.386;2026-02-02T14:48:53.797724+00:00;P1;47.67
4853;pms5003;3628;6.559;3.386;2026-02-02T14:48:53.797724+00:00;P0;27.00
4854;DHT22;3628;6.559;3.386;2026-02-02T14:49:11.142434+00:00;humidity;65.20
4854;DHT22;3628;6.559;3.386;2026-02-02T14:49:11.142434+00:00;temperature;38.10
4853;pms5003;3628;6.559;3.386;2026-02-02T14:54:28.308704+00:00;P2;37.75
4853;pms5003;3628;6.559;3.386;2026-02-02T14:54:28.308704+00:00;P1;54.75
4853;pms5003;3628;6.559;3.386;2026-02-02T14:54:28.308704+00:00;P0;23.25
4854;DHT22;3628;6.559;3.386;2026-02-02T14:54:48.558618+00:00;humidity;66.80
4854;DHT22;3628;6.559;3.386;2026-02-02T14:54:48.558618+00:00;temperature;37.30
4853;pms5003;3628;6.559;3.386;2026-02-02T15:00:05.726163+00:00;P2;37.67
4853;pms5003;3628;6.559;3.386;2026-02-02T15:00:05.726163+00:00;P1;49.00
4853;pms5003;3628;6.559;3.386;2026-02-02T15:00:05.726163+00:00;P0;24.67
4854;DHT22;3628;6.559;3.386;2026-02-02T15:00:23.209570+00:00;humidity;66.10
4854;DHT22;3628;6.559;3.386;2026-02-02T15:00:23.209570+00:00;temperature;37.50
4853;pms5003;3628;6.559;3.386;2026-02-02T15:05:40.390724+00:00;P2;41.50
4853;pms5003;3628;6.559;3.386;2026-02-02T15:05:40.390724+00:00;P1;57.25
4853;pms5003;3628;6.559;3.386;2026-02-02T15:05:40.390724+00:00;P0;27.50
4853;pms5003;3628;6.559;3.386;2026-02-02T15:11:14.979447+00:00;P2;38.00
4853;pms5003;3628;6.559;3.386;2026-02-02T15:11:14.979447+00:00;P1;52.00
4853;pms5003;3628;6.559;3.386;2026-02-02T15:11:14.979447+00:00;P0;25.00
4853;pms5003;3628;6.559;3.386;2026-02-02T15:16:49.492163+00:00;P2;39.00
4853;pms5003;3628;6.559;3.386;2026-02-02T15:16:49.492163+00:00;P1;47.00
4853;pms5003;3628;6.559;3.386;2026-02-02T15:16:49.492163+00:00;P0;25.40
4853;pms5003;3628;6.559;3.386;2026-02-02T15:22:54.586432+00:00;P2;37.67
4853;pms5003;3628;6.559;3.386;2026-02-02T15:22:54.586432+00:00;P1;53.33
4853;pms5003;3628;6.559;3.386;2026-02-02T15:22:54.586432+00:00;P0;24.33
4853;pms5003;3628;6.559;3.386;2026-02-02T15:27:37.531987+00:00;P2;38.50
4853;pms5003;3628;6.559;3.386;2026-02-02T15:27:37.531987+00:00;P1;54.50
4853;pms5003;3628;6.559;3.386;2026-02-02T15:27:37.531987+00:00;P0;25.00
4853;pms5003;3628;6.559;3.386;2026-02-02T15:38:28.663708+00:00;P2;41.00
4853;pms5003;3628;6.559;3.386;2026-02-02T15:38:28.663708+00:00;P1;56.75
4853;pms5003;3628;6.559;3.386;2026-02-02T15:38:28.663708+00:00;P0;26.00
4854;DHT22;3628;6.559;3.386;2026-02-02T15:38:46.006141+00:00;humidity;70.00
4854;DHT22;3628;6.559;3.386;2026-02-02T15:38:46.006141+00:00;temperature;35.70
4853;pms5003;3628;6.559;3.386;2026-02-02T15:44:25.597736+00:00;P2;37.00
4853;pms5003;3628;6.559;3.386;2026-02-02T15:44:25.597736+00:00;P1;47.00
4853;pms5003;3628;6.559;3.386;2026-02-02T15:44:25.597736+00:00;P0;25.00
4854;DHT22;3628;6.559;3.386;2026-02-02T15:50:11.101524+00:00;humidity;70.20
4854;DHT22;3628;6.559;3.386;2026-02-02T15:50:11.101524+00:00;temperature;35.80
4854;DHT22;3628;6.559;3.386;2026-02-02T15:55:09.245945+00:00;humidity;70.30
4854;DHT22;3628;6.559;3.386;2026-02-02T15:55:09.245945+00:00;temperature;35.70
4854;DHT22;3628;6.559;3.386;2026-02-02T16:00:36.032961+00:00;humidity;70.10
4854;DHT22;3628;6.559;3.386;2026-02-02T16:00:36.032961+00:00;temperature;35.90
4853;pms5003;3628;6.559;3.386;2026-02-02T16:05:53.219402+00:00;P2;38.00
4853;pms5003;3628;6.559;3.386;2026-02-02T16:05:53.219402+00:00;P1;53.80
4853;pms5003;3628;6.559;3.386;2026-02-02T16:05:53.219402+00:00;P0;24.00
4854;DHT22;3628;6.559;3.386;2026-02-02T16:06:10.525257+00:00;humidity;68.90
4854;DHT22;3628;6.559;3.386;2026-02-02T16:06:10.525257+00:00;temperature;36.00
4853;pms5003;3628;6.559;3.386;2026-02-02T16:13:10.683617+00:00;P2;36.00
4853;pms5003;3628;6.559;3.386;2026-02-02T16:13:10.683617+00:00;P1;44.75
4853;pms5003;3628;6.559;3.386;2026-02-02T16:13:10.683617+00:00;P0;23.50
4853;pms5003;3628;6.559;3.386;2026-02-02T16:22:11.393661+00:00;P2;35.33
4853;pms5003;3628;6.559;3.386;2026-02-02T16:22:11.393661+00:00;P1;42.00
4853;pms5003;3628;6.559;3.386;2026-02-02T16:22:11.393661+00:00;P0;23.00
4854;DHT22;3628;6.559;3.386;2026-02-02T16:22:28.759925+00:00;humidity;71.00
4854;DHT22;3628;6.559;3.386;2026-02-02T16:22:28.759925+00:00;temperature;35.50
4853;pms5003;3628;6.559;3.386;2026-02-02T16:33:10.202490+00:00;P2;38.25
4853;pms5003;3628;6.559;3.386;2026-02-02T16:33:10.202490+00:00;P1;51.00
4853;pms5003;3628;6.559;3.386;2026-02-02T16:33:10.202490+00:00;P0;24.25
4853;pms5003;3628;6.559;3.386;2026-02-02T16:43:59.478665+00:00;P2;39.00
4853;pms5003;3628;6.559;3.386;2026-02-02T16:43:59.478665+00:00;P1;49.20
4853;pms5003;3628;6.559;3.386;2026-02-02T16:43:59.478665+00:00;P0;24.60
4853;pms5003;3628;6.559;3.386;2026-02-02T16:49:23.416717+00:00;P2;38.25
4853;pms5003;3628;6.559;3.386;2026-02-02T16:49:23.416717+00:00;P1;52.25
4853;pms5003;3628;6.559;3.386;2026-02-02T16:49:23.416717+00:00;P0;23.50
4854;DHT22;3628;6.559;3.386;2026-02-02T16:49:40.701942+00:00;humidity;74.40
4854;DHT22;3628;6.559;3.386;2026-02-02T16:49:40.701942+00:00;temperature;34.50
4853;pms5003;3628;6.559;3.386;2026-02-02T16:54:57.875190+00:00;P2;38.75
4853;pms5003;3628;6.559;3.386;2026-02-02T16:54:57.875190+00:00;P1;54.25
4853;pms5003;3628;6.559;3.386;2026-02-02T16:54:57.875190+00:00;P0;24.50
4853;pms5003;3628;6.559;3.386;2026-02-02T17:00:21.648678+00:00;P2;39.75
4853;pms5003;3628;6.559;3.386;2026-02-02T17:00:21.648678+00:00;P1;51.25
4853;pms5003;3628;6.559;3.386;2026-02-02T17:00:21.648678+00:00;P0;25.75
4854;DHT22;3628;6.559;3.386;2026-02-02T17:00:38.988597+00:00;humidity;76.50
4854;DHT22;3628;6.559;3.386;2026-02-02T17:00:38.988597+00:00;temperature;33.90
4853;pms5003;3628;6.559;3.386;2026-02-02T17:05:56.143454+00:00;P2;39.00
4853;pms5003;3628;6.559;3.386;2026-02-02T17:05:56.143454+00:00;P1;50.00
4853;pms5003;3628;6.559;3.386;2026-02-02T17:05:56.143454+00:00;P0;26.00
4854;DHT22;3628;6.559;3.386;2026-02-02T17:06:13.481251+00:00;humidity;76.50
4854;DHT22;3628;6.559;3.386;2026-02-02T17:06:13.481251+00:00;temperature;33.90
4854;DHT22;3628;6.559;3.386;2026-02-02T17:11:43.047133+00:00;humidity;76.00
4854;DHT22;3628;6.559;3.386;2026-02-02T17:11:43.047133+00:00;temperature;33.80
4853;pms5003;3628;6.559;3.386;2026-02-02T17:22:27.137501+00:00;P2;40.40
4853;pms5003;3628;6.559;3.386;2026-02-02T17:22:27.137501+00:00;P1;57.40
4853;pms5003;3628;6.559;3.386;2026-02-02T17:22:27.137501+00:00;P0;24.40
4853;pms5003;3628;6.559;3.386;2026-02-02T17:38:38.282174+00:00;P2;36.50
4853;pms5003;3628;6.559;3.386;2026-02-02T17:38:38.282174+00:00;P1;54.00
4853;pms5003;3628;6.559;3.386;2026-02-02T17:38:38.282174+00:00;P0;22.00
4853;pms5003;3628;6.559;3.386;2026-02-02T17:44:04.909765+00:00;P2;36.00
4853;pms5003;3628;6.559;3.386;2026-02-02T17:44:04.909765+00:00;P1;52.50
4853;pms5003;3628;6.559;3.386;2026-02-02T17:44:04.909765+00:00;P0;22.50
4854;DHT22;3628;6.559;3.386;2026-02-02T17:50:14.215118+00:00;humidity;81.30
4854;DHT22;3628;6.559;3.386;2026-02-02T17:50:14.215118+00:00;temperature;32.80
4854;DHT22;3628;6.559;3.386;2026-02-02T17:55:38.567038+00:00;humidity;82.20
4854;DHT22;3628;6.559;3.386;2026-02-02T17:55:38.567038+00:00;temperature;32.70
4853;pms5003;3628;6.559;3.386;2026-02-02T18:00:55.767658+00:00;P2;39.00
4853;pms5003;3628;6.559;3.386;2026-02-02T18:00:55.767658+00:00;P1;54.75
4853;pms5003;3628;6.559;3.386;2026-02-02T18:00:55.767658+00:00;P0;24.50
4853;pms5003;3628;6.559;3.386;2026-02-02T18:06:46.683874+00:00;P2;39.80
4853;pms5003;3628;6.559;3.386;2026-02-02T18:06:46.683874+00:00;P1;56.00
4853;pms5003;3628;6.559;3.386;2026-02-02T18:06:46.683874+00:00;P0;25.80
4854;DHT22;3628;6.559;3.386;2026-02-02T18:12:01.049873+00:00;humidity;83.00
4854;DHT22;3628;6.559;3.386;2026-02-02T18:12:01.049873+00:00;temperature;32.70
4853;pms5003;3628;6.559;3.386;2026-02-02T18:23:12.605751+00:00;P2;42.60
4853;pms5003;3628;6.559;3.386;2026-02-02T18:23:12.605751+00:00;P1;60.60
4853;pms5003;3628;6.559;3.386;2026-02-02T18:23:12.605751+00:00;P0;27.60
4854;DHT22;3628;6.559;3.386;2026-02-02T18:23:29.968132+00:00;humidity;83.80
4854;DHT22;3628;6.559;3.386;2026-02-02T18:23:29.968132+00:00;temperature;32.40
4854;DHT22;3628;6.559;3.386;2026-02-02T19:12:58.726692+00:00;humidity;84.70
4854;DHT22;3628;6.559;3.386;2026-02-02T19:12:58.726692+00:00;temperature;32.00
4854;DHT22;3628;6.559;3.386;2026-02-02T19:16:44.589537+00:00;humidity;84.60
4854;DHT22;3628;6.559;3.386;2026-02-02T19:16:44.589537+00:00;temperature;32.10
4854;DHT22;3628;6.559;3.386;2026-02-02T19:22:12.041603+00:00;humidity;85.10
4854;DHT22;3628;6.559;3.386;2026-02-02T19:22:12.041603+00:00;temperature;32.10
4853;pms5003;3628;6.559;3.386;2026-02-02T19:27:29.208592+00:00;P2;42.50
4853;pms5003;3628;6.559;3.386;2026-02-02T19:27:29.208592+00:00;P1;58.25
4853;pms5003;3628;6.559;3.386;2026-02-02T19:27:29.208592+00:00;P0;27.00
4854;DHT22;3628;6.559;3.386;2026-02-02T19:27:47.899906+00:00;humidity;85.10
4854;DHT22;3628;6.559;3.386;2026-02-02T19:27:47.899906+00:00;temperature;32.20
4853;pms5003;3628;6.559;3.386;2026-02-02T19:33:12.911868+00:00;P2;38.25
4853;pms5003;3628;6.559;3.386;2026-02-02T19:33:12.911868+00:00;P1;49.50
4853;pms5003;3628;6.559;3.386;2026-02-02T19:33:12.911868+00:00;P0;23.75
4854;DHT22;3628;6.559;3.386;2026-02-02T19:33:30.084325+00:00;humidity;86.00
4854;DHT22;3628;6.559;3.386;2026-02-02T19:33:30.084325+00:00;temperature;32.10
4853;pms5003;3628;6.559;3.386;2026-02-02T19:38:53.358472+00:00;P2;43.00
4853;pms5003;3628;6.559;3.386;2026-02-02T19:38:53.358472+00:00;P1;56.33
4853;pms5003;3628;6.559;3.386;2026-02-02T19:38:53.358472+00:00;P0;26.00
4854;DHT22;3628;6.559;3.386;2026-02-02T19:39:13.178573+00:00;humidity;85.90
4854;DHT22;3628;6.559;3.386;2026-02-02T19:39:13.178573+00:00;temperature;32.10
4854;DHT22;3628;6.559;3.386;2026-02-02T19:44:37.681016+00:00;humidity;86.20
4854;DHT22;3628;6.559;3.386;2026-02-02T19:44:37.681016+00:00;temperature;32.00
4854;DHT22;3628;6.559;3.386;2026-02-02T19:50:11.591586+00:00;humidity;85.50
4854;DHT22;3628;6.559;3.386;2026-02-02T19:50:11.591586+00:00;temperature;32.00
4853;pms5003;3628;6.559;3.386;2026-02-02T19:55:34.783291+00:00;P2;37.60
4853;pms5003;3628;6.559;3.386;2026-02-02T19:55:34.783291+00:00;P1;51.60
4853;pms5003;3628;6.559;3.386;2026-02-02T19:55:34.783291+00:00;P0;24.00
4853;pms5003;3628;6.559;3.386;2026-02-02T20:59:46.711992+00:00;P2;39.00
4853;pms5003;3628;6.559;3.386;2026-02-02T20:59:46.711992+00:00;P1;53.33
4853;pms5003;3628;6.559;3.386;2026-02-02T20:59:46.711992+00:00;P0;25.67
4854;DHT22;3628;6.559;3.386;2026-02-02T21:00:06.746945+00:00;humidity;87.20
4854;DHT22;3628;6.559;3.386;2026-02-02T21:00:06.746945+00:00;temperature;31.90
4853;pms5003;3628;6.559;3.386;2026-02-02T21:05:29.127039+00:00;P2;39.00
4853;pms5003;3628;6.559;3.386;2026-02-02T21:05:29.127039+00:00;P1;49.60
4853;pms5003;3628;6.559;3.386;2026-02-02T21:05:29.127039+00:00;P0;25.60
4854;DHT22;3628;6.559;3.386;2026-02-02T21:05:55.885449+00:00;humidity;87.40
4854;DHT22;3628;6.559;3.386;2026-02-02T21:05:55.885449+00:00;temperature;32.00
4853;pms5003;3628;6.559;3.386;2026-02-02T21:11:20.506416+00:00;P2;41.00
4853;pms5003;3628;6.559;3.386;2026-02-02T21:11:20.506416+00:00;P1;54.25
4853;pms5003;3628;6.559;3.386;2026-02-02T21:11:20.506416+00:00;P0;28.00
4854;DHT22;3628;6.559;3.386;2026-02-02T21:11:33.301831+00:00;humidity;87.80
4854;DHT22;3628;6.559;3.386;2026-02-02T21:11:33.301831+00:00;temperature;31.90
4853;pms5003;3628;6.559;3.386;2026-02-02T21:17:56.547112+00:00;P2;38.00
4853;pms5003;3628;6.559;3.386;2026-02-02T21:17:56.547112+00:00;P1;54.25
4853;pms5003;3628;6.559;3.386;2026-02-02T21:17:56.547112+00:00;P0;26.00
4854;DHT22;3628;6.559;3.386;2026-02-02T21:22:24.316498+00:00;humidity;87.80
4854;DHT22;3628;6.559;3.386;2026-02-02T21:22:24.316498+00:00;temperature;31.90
4853;pms5003;3628;6.559;3.386;2026-02-02T21:27:44.448646+00:00;P2;41.00
4853;pms5003;3628;6.559;3.386;2026-02-02T21:27:44.448646+00:00;P1;56.00
4853;pms5003;3628;6.559;3.386;2026-02-02T21:27:44.448646+00:00;P0;27.00
4854;DHT22;3628;6.559;3.386;2026-02-02T21:28:04.436766+00:00;humidity;88.10
4854;DHT22;3628;6.559;3.386;2026-02-02T21:28:04.436766+00:00;temperature;31.90
4853;pms5003;3628;6.559;3.386;2026-02-02T21:34:30.857568+00:00;P2;38.20
4853;pms5003;3628;6.559;3.386;2026-02-02T21:34:30.857568+00:00;P1;48.20
4853;pms5003;3628;6.559;3.386;2026-02-02T21:34:30.857568+00:00;P0;23.20
4853;pms5003;3628;6.559;3.386;2026-02-02T21:38:45.859106+00:00;P2;35.60
4853;pms5003;3628;6.559;3.386;2026-02-02T21:38:45.859106+00:00;P1;45.80
4853;pms5003;3628;6.559;3.386;2026-02-02T21:38:45.859106+00:00;P0;23.60
4854;DHT22;3628;6.559;3.386;2026-02-02T21:39:08.764147+00:00;humidity;87.50
4854;DHT22;3628;6.559;3.386;2026-02-02T21:39:08.764147+00:00;temperature;32.00
4853;pms5003;3628;6.559;3.386;2026-02-02T21:44:25.984959+00:00;P2;35.50
4853;pms5003;3628;6.559;3.386;2026-02-02T21:44:25.984959+00:00;P1;48.00
4853;pms5003;3628;6.559;3.386;2026-02-02T21:44:25.984959+00:00;P0;23.00
4854;DHT22;3628;6.559;3.386;2026-02-02T21:44:43.435853+00:00;humidity;87.80
4854;DHT22;3628;6.559;3.386;2026-02-02T21:44:43.435853+00:00;temperature;31.90
4853;pms5003;3628;6.559;3.386;2026-02-02T21:50:06.595969+00:00;P2;16.00
4853;pms5003;3628;6.559;3.386;2026-02-02T21:50:06.595969+00:00;P1;28.50
4853;pms5003;3628;6.559;3.386;2026-02-02T21:50:06.595969+00:00;P0;9.75
4854;DHT22;3628;6.559;3.386;2026-02-02T21:50:26.602135+00:00;humidity;87.80
4854;DHT22;3628;6.559;3.386;2026-02-02T21:50:26.602135+00:00;temperature;31.60
4853;pms5003;3628;6.559;3.386;2026-02-02T21:55:57.003564+00:00;P2;17.75
4853;pms5003;3628;6.559;3.386;2026-02-02T21:55:57.003564+00:00;P1;19.75
4853;pms5003;3628;6.559;3.386;2026-02-02T21:55:57.003564+00:00;P0;11.00
4853;pms5003;3628;6.559;3.386;2026-02-02T22:02:58.177418+00:00;P2;18.00
4853;pms5003;3628;6.559;3.386;2026-02-02T22:02:58.177418+00:00;P1;31.50
4853;pms5003;3628;6.559;3.386;2026-02-02T22:02:58.177418+00:00;P0;12.00
4853;pms5003;3628;6.559;3.386;2026-02-02T22:06:41.249216+00:00;P2;22.00
4853;pms5003;3628;6.559;3.386;2026-02-02T22:06:41.249216+00:00;P1;24.50
4853;pms5003;3628;6.559;3.386;2026-02-02T22:06:41.249216+00:00;P0;12.50
4853;pms5003;3628;6.559;3.386;2026-02-03T06:01:16.418474+00:00;P2;48.60
4853;pms5003;3628;6.559;3.386;2026-02-03T06:01:16.418474+00:00;P1;67.60
4853;pms5003;3628;6.559;3.386;2026-02-03T06:01:16.418474+00:00;P0;32.20
4854;DHT22;3628;6.559;3.386;2026-02-03T06:01:33.751530+00:00;humidity;100.00
4854;DHT22;3628;6.559;3.386;2026-02-03T06:01:33.751530+00:00;temperature;25.50
4853;pms5003;3628;6.559;3.386;2026-02-03T06:06:50.956810+00:00;P2;49.80
4853;pms5003;3628;6.559;3.386;2026-02-03T06:06:50.956810+00:00;P1;65.40
4853;pms5003;3628;6.559;3.386;2026-02-03T06:06:50.956810+00:00;P0;33.80
4854;DHT22;3628;6.559;3.386;2026-02-03T06:07:08.295864+00:00;humidity;100.00
4854;DHT22;3628;6.559;3.386;2026-02-03T06:07:08.295864+00:00;temperature;26.90
4853;pms5003;3628;6.559;3.386;2026-02-03T09:10:00.398210+00:00;P2;47.00
4853;pms5003;3628;6.559;3.386;2026-02-03T09:10:00.398210+00:00;P1;65.00
4853;pms5003;3628;6.559;3.386;2026-02-03T09:10:00.398210+00:00;P0;30.50
4854;DHT22;3628;6.559;3.386;2026-02-03T09:10:17.873755+00:00;humidity;73.60
4854;DHT22;3628;6.559;3.386;2026-02-03T09:10:17.873755+00:00;temperature;34.20
4853;pms5003;3628;6.559;3.386;2026-02-03T09:15:35.135243+00:00;P2;36.00
4853;pms5003;3628;6.559;3.386;2026-02-03T09:15:35.135243+00:00;P1;40.75
4853;pms5003;3628;6.559;3.386;2026-02-03T09:15:35.135243+00:00;P0;23.25
4854;DHT22;3628;6.559;3.386;2026-02-03T09:15:52.604726+00:00;humidity;71.30
4854;DHT22;3628;6.559;3.386;2026-02-03T09:15:52.604726+00:00;temperature;34.90
4853;pms5003;3628;6.559;3.386;2026-02-03T09:23:27.046315+00:00;P2;40.00
4853;pms5003;3628;6.559;3.386;2026-02-03T09:23:27.046315+00:00;P1;54.00
4853;pms5003;3628;6.559;3.386;2026-02-03T09:23:27.046315+00:00;P0;26.80
4853;pms5003;3628;6.559;3.386;2026-02-03T09:28:56.617845+00:00;P2;33.00
4853;pms5003;3628;6.559;3.386;2026-02-03T09:28:56.617845+00:00;P1;50.75
4853;pms5003;3628;6.559;3.386;2026-02-03T09:28:56.617845+00:00;P0;23.00
4853;pms5003;3628;6.559;3.386;2026-02-03T09:35:44.794685+00:00;P2;34.75
4853;pms5003;3628;6.559;3.386;2026-02-03T09:35:44.794685+00:00;P1;43.75
4853;pms5003;3628;6.559;3.386;2026-02-03T09:35:44.794685+00:00;P0;24.00
4854;DHT22;3628;6.559;3.386;2026-02-03T09:41:28.900696+00:00;humidity;67.90
4854;DHT22;3628;6.559;3.386;2026-02-03T09:41:28.900696+00:00;temperature;36.10
4853;pms5003;3628;6.559;3.386;2026-02-03T09:46:46.246591+00:00;P2;36.25
4853;pms5003;3628;6.559;3.386;2026-02-03T09:46:46.246591+00:00;P1;49.75
4853;pms5003;3628;6.559;3.386;2026-02-03T09:46:46.246591+00:00;P0;24.00
4853;pms5003;3628;6.559;3.386;2026-02-03T10:15:11.914862+00:00;P2;35.40
4853;pms5003;3628;6.559;3.386;2026-02-03T10:15:11.914862+00:00;P1;46.80
4853;pms5003;3628;6.559;3.386;2026-02-03T10:15:11.914862+00:00;P0;22.00
4854;DHT22;3628;6.559;3.386;2026-02-03T10:15:26.812721+00:00;humidity;66.50
4854;DHT22;3628;6.559;3.386;2026-02-03T10:15:26.812721+00:00;temperature;36.90
4853;pms5003;3628;6.559;3.386;2026-02-03T10:34:21.498833+00:00;P2;36.00
4853;pms5003;3628;6.559;3.386;2026-02-03T10:34:21.498833+00:00;P1;50.25
4853;pms5003;3628;6.559;3.386;2026-02-03T10:34:21.498833+00:00;P0;23.50
4854;DHT22;3628;6.559;3.386;2026-02-03T10:34:38.999564+00:00;humidity;66.10
4854;DHT22;3628;6.559;3.386;2026-02-03T10:34:38.999564+00:00;temperature;37.00
4853;pms5003;3628;6.559;3.386;2026-02-03T10:39:56.240928+00:00;P2;38.00
4853;pms5003;3628;6.559;3.386;2026-02-03T10:39:56.240928+00:00;P1;49.75
4853;pms5003;3628;6.559;3.386;2026-02-03T10:39:56.240928+00:00;P0;24.50
4854;DHT22;3628;6.559;3.386;2026-02-03T10:40:13.656844+00:00;humidity;63.90
4854;DHT22;3628;6.559;3.386;2026-02-03T10:40:13.656844+00:00;temperature;37.70
4853;pms5003;3628;6.559;3.386;2026-02-03T10:53:27.312550+00:00;P2;35.00
4853;pms5003;3628;6.559;3.386;2026-02-03T10:53:27.312550+00:00;P1;43.00
4853;pms5003;3628;6.559;3.386;2026-02-03T10:53:27.312550+00:00;P0;23.25
4853;pms5003;3628;6.559;3.386;2026-02-03T10:58:51.257452+00:00;P2;37.00
4853;pms5003;3628;6.559;3.386;2026-02-03T10:58:51.257452+00:00;P1;50.50
4853;pms5003;3628;6.559;3.386;2026-02-03T10:58:51.257452+00:00;P0;24.75
4853;pms5003;3628;6.559;3.386;2026-02-03T11:29:21.199925+00:00;P2;42.00
4853;pms5003;3628;6.559;3.386;2026-02-03T11:29:21.199925+00:00;P1;55.00
4853;pms5003;3628;6.559;3.386;2026-02-03T11:29:21.199925+00:00;P0;27.75
4854;DHT22;3628;6.559;3.386;2026-02-03T11:29:38.620011+00:00;humidity;66.30
4854;DHT22;3628;6.559;3.386;2026-02-03T11:29:38.620011+00:00;temperature;37.10
4853;pms5003;3628;6.559;3.386;2026-02-03T11:34:55.979291+00:00;P2;40.00
4853;pms5003;3628;6.559;3.386;2026-02-03T11:34:55.979291+00:00;P1;47.00
4853;pms5003;3628;6.559;3.386;2026-02-03T11:34:55.979291+00:00;P0;26.00
4854;DHT22;3628;6.559;3.386;2026-02-03T11:35:13.246987+00:00;humidity;64.50
4854;DHT22;3628;6.559;3.386;2026-02-03T11:35:13.246987+00:00;temperature;37.80
4854;DHT22;3628;6.559;3.386;2026-02-03T11:40:30.464461+00:00;P2;49.50
4854;DHT22;3628;6.559;3.386;2026-02-03T11:40:30.464461+00:00;P1;67.50
4854;DHT22;3628;6.559;3.386;2026-02-03T11:40:30.464461+00:00;P0;32.25
4854;DHT22;3628;6.559;3.386;2026-02-03T11:40:47.839389+00:00;humidity;64.40
4854;DHT22;3628;6.559;3.386;2026-02-03T11:40:47.839389+00:00;temperature;37.40
4854;DHT22;3628;6.559;3.386;2026-02-03T11:46:22.379737+00:00;humidity;63.20
4854;DHT22;3628;6.559;3.386;2026-02-03T11:46:22.379737+00:00;temperature;38.40
4853;pms5003;3628;6.559;3.386;2026-02-03T11:51:39.678647+00:00;P2;46.00
4853;pms5003;3628;6.559;3.386;2026-02-03T11:51:39.678647+00:00;P1;57.00
4853;pms5003;3628;6.559;3.386;2026-02-03T11:51:39.678647+00:00;P0;30.00
4854;DHT22;3628;6.559;3.386;2026-02-03T11:51:57.064785+00:00;humidity;61.90
4854;DHT22;3628;6.559;3.386;2026-02-03T11:51:57.064785+00:00;temperature;39.20
4853;pms5003;3628;6.559;3.386;2026-02-03T11:57:14.300578+00:00;P2;45.00
4853;pms5003;3628;6.559;3.386;2026-02-03T11:57:14.300578+00:00;P1;60.33
4853;pms5003;3628;6.559;3.386;2026-02-03T11:57:14.300578+00:00;P0;29.00
4854;DHT22;3628;6.559;3.386;2026-02-03T12:02:44.598755+00:00;humidity;61.80
4854;DHT22;3628;6.559;3.386;2026-02-03T12:02:44.598755+00:00;temperature;38.90
4854;DHT22;3628;6.559;3.386;2026-02-03T12:08:11.291405+00:00;humidity;61.70
4854;DHT22;3628;6.559;3.386;2026-02-03T12:08:11.291405+00:00;temperature;38.40
4853;pms5003;3628;6.559;3.386;2026-02-03T12:18:54.118556+00:00;P2;30.75
4853;pms5003;3628;6.559;3.386;2026-02-03T12:18:54.118556+00:00;P1;45.25
4853;pms5003;3628;6.559;3.386;2026-02-03T12:18:54.118556+00:00;P0;20.50
4854;DHT22;3628;6.559;3.386;2026-02-03T12:19:14.678786+00:00;humidity;63.60
4854;DHT22;3628;6.559;3.386;2026-02-03T12:19:14.678786+00:00;temperature;37.30
4854;DHT22;3628;6.559;3.386;2026-02-03T12:24:46.937658+00:00;humidity;64.30
4854;DHT22;3628;6.559;3.386;2026-02-03T12:24:46.937658+00:00;temperature;37.00
4853;pms5003;3628;6.559;3.386;2026-02-03T12:30:04.123911+00:00;P2;27.40
4853;pms5003;3628;6.559;3.386;2026-02-03T12:30:04.123911+00:00;P1;40.20
4853;pms5003;3628;6.559;3.386;2026-02-03T12:30:04.123911+00:00;P0;18.20
4854;DHT22;3628;6.559;3.386;2026-02-03T12:30:21.438995+00:00;humidity;63.70
4854;DHT22;3628;6.559;3.386;2026-02-03T12:30:21.438995+00:00;temperature;37.60
4853;pms5003;3628;6.559;3.386;2026-02-03T12:35:38.919335+00:00;P2;29.67
4853;pms5003;3628;6.559;3.386;2026-02-03T12:35:38.919335+00:00;P1;36.33
4853;pms5003;3628;6.559;3.386;2026-02-03T12:35:38.919335+00:00;P0;20.00
4853;pms5003;3628;6.559;3.386;2026-02-03T12:46:38.059798+00:00;P2;32.33
4853;pms5003;3628;6.559;3.386;2026-02-03T12:46:38.059798+00:00;P1;47.00
4853;pms5003;3628;6.559;3.386;2026-02-03T12:46:38.059798+00:00;P0;22.00
4854;DHT22;3628;6.559;3.386;2026-02-03T12:46:55.626025+00:00;humidity;63.20
4854;DHT22;3628;6.559;3.386;2026-02-03T12:46:55.626025+00:00;temperature;37.30
4853;pms5003;3628;6.559;3.386;2026-02-03T12:52:15.601391+00:00;P2;33.00
4853;pms5003;3628;6.559;3.386;2026-02-03T12:52:15.601391+00:00;P1;42.50
4853;pms5003;3628;6.559;3.386;2026-02-03T12:52:15.601391+00:00;P0;21.50
4854;DHT22;3628;6.559;3.386;2026-02-03T13:03:10.986493+00:00;humidity;62.70
4854;DHT22;3628;6.559;3.386;2026-02-03T13:03:10.986493+00:00;temperature;38.20
4854;DHT22;3628;6.559;3.386;2026-02-03T13:08:34.889691+00:00;humidity;62.60
4854;DHT22;3628;6.559;3.386;2026-02-03T13:08:34.889691+00:00;temperature;37.90
4854;DHT22;3628;6.559;3.386;2026-02-03T13:24:49.840835+00:00;humidity;62.00
4854;DHT22;3628;6.559;3.386;2026-02-03T13:24:49.840835+00:00;temperature;38.40
4853;pms5003;3628;6.559;3.386;2026-02-03T13:30:07.007383+00:00;P2;33.60
4853;pms5003;3628;6.559;3.386;2026-02-03T13:30:07.007383+00:00;P1;42.60
4853;pms5003;3628;6.559;3.386;2026-02-03T13:30:07.007383+00:00;P0;21.00
4854;DHT22;3628;6.559;3.386;2026-02-03T13:30:24.341763+00:00;humidity;63.10
4854;DHT22;3628;6.559;3.386;2026-02-03T13:30:24.341763+00:00;temperature;38.20
4853;pms5003;3628;6.559;3.386;2026-02-03T13:35:41.625834+00:00;P2;30.80
4853;pms5003;3628;6.559;3.386;2026-02-03T13:35:41.625834+00:00;P1;36.80
4853;pms5003;3628;6.559;3.386;2026-02-03T13:35:41.625834+00:00;P0;21.80
4854;DHT22;3628;6.559;3.386;2026-02-03T13:41:12.709485+00:00;humidity;62.50
4854;DHT22;3628;6.559;3.386;2026-02-03T13:41:12.709485+00:00;temperature;38.10
4853;pms5003;3628;6.559;3.386;2026-02-03T13:51:54.079073+00:00;P2;33.50
4853;pms5003;3628;6.559;3.386;2026-02-03T13:51:54.079073+00:00;P1;45.00
4853;pms5003;3628;6.559;3.386;2026-02-03T13:51:54.079073+00:00;P0;22.00
4854;DHT22;3628;6.559;3.386;2026-02-03T13:52:11.418281+00:00;humidity;63.10
4854;DHT22;3628;6.559;3.386;2026-02-03T13:52:11.418281+00:00;temperature;37.90
4854;DHT22;3628;6.559;3.386;2026-02-03T13:57:35.614796+00:00;humidity;62.60
4854;DHT22;3628;6.559;3.386;2026-02-03T13:57:35.614796+00:00;temperature;38.40
4854;DHT22;3628;6.559;3.386;2026-02-03T14:02:59.882481+00:00;humidity;62.70
4854;DHT22;3628;6.559;3.386;2026-02-03T14:02:59.882481+00:00;temperature;38.30
4854;DHT22;3628;6.559;3.386;2026-02-03T14:13:47.618646+00:00;humidity;62.50
4854;DHT22;3628;6.559;3.386;2026-02-03T14:13:47.618646+00:00;temperature;38.40
4853;pms5003;3628;6.559;3.386;2026-02-03T14:19:04.884636+00:00;P2;31.00
4853;pms5003;3628;6.559;3.386;2026-02-03T14:19:04.884636+00:00;P1;35.80
4853;pms5003;3628;6.559;3.386;2026-02-03T14:19:04.884636+00:00;P0;22.40
4854;DHT22;3628;6.559;3.386;2026-02-03T14:19:25.303371+00:00;humidity;61.60
4854;DHT22;3628;6.559;3.386;2026-02-03T14:19:25.303371+00:00;temperature;38.90
4853;pms5003;3628;6.559;3.386;2026-02-03T14:30:17.151849+00:00;P2;33.00
4853;pms5003;3628;6.559;3.386;2026-02-03T14:30:17.151849+00:00;P1;47.00
4853;pms5003;3628;6.559;3.386;2026-02-03T14:30:17.151849+00:00;P0;21.50
4854;DHT22;3628;6.559;3.386;2026-02-03T14:30:34.571273+00:00;humidity;62.50
4854;DHT22;3628;6.559;3.386;2026-02-03T14:30:34.571273+00:00;temperature;38.30
4853;pms5003;3628;6.559;3.386;2026-02-03T14:35:51.775953+00:00;P2;31.50
4853;pms5003;3628;6.559;3.386;2026-02-03T14:35:51.775953+00:00;P1;36.00
4853;pms5003;3628;6.559;3.386;2026-02-03T14:35:51.775953+00:00;P0;21.00
4854;DHT22;3628;6.559;3.386;2026-02-03T14:36:09.229271+00:00;humidity;61.80
4854;DHT22;3628;6.559;3.386;2026-02-03T14:36:09.229271+00:00;temperature;38.30
4854;DHT22;3628;6.559;3.386;2026-02-03T14:46:56.957116+00:00;humidity;60.20
4854;DHT22;3628;6.559;3.386;2026-02-03T14:46:56.957116+00:00;temperature;39.10
4853;pms5003;3628;6.559;3.386;2026-02-03T14:52:14.243794+00:00;P2;30.00
4853;pms5003;3628;6.559;3.386;2026-02-03T14:52:14.243794+00:00;P1;39.00
4853;pms5003;3628;6.559;3.386;2026-02-03T14:52:14.243794+00:00;P0;22.00
4853;pms5003;3628;6.559;3.386;2026-02-03T14:57:38.154269+00:00;P2;30.33
4853;pms5003;3628;6.559;3.386;2026-02-03T14:57:38.154269+00:00;P1;44.33
4853;pms5003;3628;6.559;3.386;2026-02-03T14:57:38.154269+00:00;P0;20.00
4854;DHT22;3628;6.559;3.386;2026-02-03T14:57:55.557779+00:00;humidity;62.10
4854;DHT22;3628;6.559;3.386;2026-02-03T14:57:55.557779+00:00;temperature;38.60
4853;pms5003;3628;6.559;3.386;2026-02-03T15:03:15.653720+00:00;P2;30.00
4853;pms5003;3628;6.559;3.386;2026-02-03T15:03:15.653720+00:00;P1;43.50
4853;pms5003;3628;6.559;3.386;2026-02-03T15:03:15.653720+00:00;P0;20.00
4854;DHT22;3628;6.559;3.386;2026-02-03T15:08:49.195949+00:00;humidity;61.10
4854;DHT22;3628;6.559;3.386;2026-02-03T15:08:49.195949+00:00;temperature;38.50
4854;DHT22;3628;6.559;3.386;2026-02-03T15:14:13.434615+00:00;humidity;61.10
4854;DHT22;3628;6.559;3.386;2026-02-03T15:14:13.434615+00:00;temperature;38.30
4853;pms5003;3628;6.559;3.386;2026-02-03T15:24:43.914435+00:00;P2;32.67
4853;pms5003;3628;6.559;3.386;2026-02-03T15:24:43.914435+00:00;P1;41.33
4853;pms5003;3628;6.559;3.386;2026-02-03T15:24:43.914435+00:00;P0;21.33
4853;pms5003;3628;6.559;3.386;2026-02-03T15:30:08.296684+00:00;P2;35.25
4853;pms5003;3628;6.559;3.386;2026-02-03T15:30:08.296684+00:00;P1;44.75
4853;pms5003;3628;6.559;3.386;2026-02-03T15:30:08.296684+00:00;P0;22.25
4854;DHT22;3628;6.559;3.386;2026-02-03T15:30:25.844932+00:00;humidity;62.30
4854;DHT22;3628;6.559;3.386;2026-02-03T15:30:25.844932+00:00;temperature;37.80
4853;pms5003;3628;6.559;3.386;2026-02-03T15:35:43.092060+00:00;P2;33.40
4853;pms5003;3628;6.559;3.386;2026-02-03T15:35:43.092060+00:00;P1;38.60
4853;pms5003;3628;6.559;3.386;2026-02-03T15:35:43.092060+00:00;P0;21.60
4853;pms5003;3628;6.559;3.386;2026-02-03T15:41:09.793419+00:00;P2;30.40
4853;pms5003;3628;6.559;3.386;2026-02-03T15:41:09.793419+00:00;P1;33.60
4853;pms5003;3628;6.559;3.386;2026-02-03T15:41:09.793419+00:00;P0;19.60
4854;DHT22;3628;6.559;3.386;2026-02-03T15:41:27.252464+00:00;humidity;62.40
4854;DHT22;3628;6.559;3.386;2026-02-03T15:41:27.252464+00:00;temperature;38.30
4853;pms5003;3628;6.559;3.386;2026-02-03T15:46:44.443832+00:00;P2;33.00
4853;pms5003;3628;6.559;3.386;2026-02-03T15:46:44.443832+00:00;P1;38.33
4853;pms5003;3628;6.559;3.386;2026-02-03T15:46:44.443832+00:00;P0;22.00
4853;pms5003;3628;6.559;3.386;2026-02-03T15:57:35.090403+00:00;P2;35.40
4853;pms5003;3628;6.559;3.386;2026-02-03T15:57:35.090403+00:00;P1;49.40
4853;pms5003;3628;6.559;3.386;2026-02-03T15:57:35.090403+00:00;P0;23.00
4854;DHT22;3628;6.559;3.386;2026-02-03T15:57:52.509989+00:00;humidity;61.30
4854;DHT22;3628;6.559;3.386;2026-02-03T15:57:52.509989+00:00;temperature;38.00
4853;pms5003;3628;6.559;3.386;2026-02-03T16:03:09.735281+00:00;P2;37.00
4853;pms5003;3628;6.559;3.386;2026-02-03T16:03:09.735281+00:00;P1;55.20
4853;pms5003;3628;6.559;3.386;2026-02-03T16:03:09.735281+00:00;P0;24.20
4854;DHT22;3628;6.559;3.386;2026-02-03T16:08:40.332081+00:00;humidity;63.30
4854;DHT22;3628;6.559;3.386;2026-02-03T16:08:40.332081+00:00;temperature;37.40
4854;DHT22;3628;6.559;3.386;2026-02-03T16:14:14.939306+00:00;humidity;64.10
4854;DHT22;3628;6.559;3.386;2026-02-03T16:14:14.939306+00:00;temperature;36.80
4853;pms5003;3628;6.559;3.386;2026-02-03T16:24:56.616697+00:00;P2;35.75
4853;pms5003;3628;6.559;3.386;2026-02-03T16:24:56.616697+00:00;P1;47.75
4853;pms5003;3628;6.559;3.386;2026-02-03T16:24:56.616697+00:00;P0;23.00
4854;DHT22;3628;6.559;3.386;2026-02-03T16:25:14.023512+00:00;humidity;66.50
4854;DHT22;3628;6.559;3.386;2026-02-03T16:25:14.023512+00:00;temperature;35.90
4853;pms5003;3628;6.559;3.386;2026-02-03T16:30:31.269137+00:00;P2;37.50
4853;pms5003;3628;6.559;3.386;2026-02-03T16:30:31.269137+00:00;P1;48.50
4853;pms5003;3628;6.559;3.386;2026-02-03T16:30:31.269137+00:00;P0;23.50
4854;DHT22;3628;6.559;3.386;2026-02-03T16:30:48.831248+00:00;humidity;67.80
4854;DHT22;3628;6.559;3.386;2026-02-03T16:30:48.831248+00:00;temperature;35.60
4853;pms5003;3628;6.559;3.386;2026-02-03T16:36:06.095448+00:00;P2;35.25
4853;pms5003;3628;6.559;3.386;2026-02-03T16:36:06.095448+00:00;P1;46.25
4853;pms5003;3628;6.559;3.386;2026-02-03T16:36:06.095448+00:00;P0;24.00
4853;pms5003;3628;6.559;3.386;2026-02-03T16:41:41.737451+00:00;P2;30.00
4853;pms5003;3628;6.559;3.386;2026-02-03T16:41:41.737451+00:00;P1;42.00
4853;pms5003;3628;6.559;3.386;2026-02-03T16:41:41.737451+00:00;P0;20.00
4853;pms5003;3628;6.559;3.386;2026-02-03T16:42:19.999068+00:00;humidity;68.10
4853;pms5003;3628;6.559;3.386;2026-02-03T16:42:19.999068+00:00;temperature;35.30
4853;pms5003;3628;6.559;3.386;2026-02-03T16:47:16.403767+00:00;P2;35.50
4853;pms5003;3628;6.559;3.386;2026-02-03T16:47:16.403767+00:00;P1;49.00
4853;pms5003;3628;6.559;3.386;2026-02-03T16:47:16.403767+00:00;P0;22.75
4854;DHT22;3628;6.559;3.386;2026-02-03T16:47:36.294772+00:00;humidity;68.50
4854;DHT22;3628;6.559;3.386;2026-02-03T16:47:36.294772+00:00;temperature;35.30
4853;pms5003;3628;6.559;3.386;2026-02-03T16:52:53.573820+00:00;P2;38.00
4853;pms5003;3628;6.559;3.386;2026-02-03T16:52:53.573820+00:00;P1;54.25
4853;pms5003;3628;6.559;3.386;2026-02-03T16:52:53.573820+00:00;P0;23.00
4854;DHT22;3628;6.559;3.386;2026-02-03T16:53:11.044778+00:00;humidity;70.10
4854;DHT22;3628;6.559;3.386;2026-02-03T16:53:11.044778+00:00;temperature;34.80
4853;pms5003;3628;6.559;3.386;2026-02-03T16:58:31.151151+00:00;P2;36.00
4853;pms5003;3628;6.559;3.386;2026-02-03T16:58:31.151151+00:00;P1;47.50
4853;pms5003;3628;6.559;3.386;2026-02-03T16:58:31.151151+00:00;P0;23.00
4854;DHT22;3628;6.559;3.386;2026-02-03T16:58:48.659394+00:00;humidity;71.80
4854;DHT22;3628;6.559;3.386;2026-02-03T16:58:48.659394+00:00;temperature;34.40
4854;DHT22;3628;6.559;3.386;2026-02-03T17:04:12.578749+00:00;humidity;73.70
4854;DHT22;3628;6.559;3.386;2026-02-03T17:04:12.578749+00:00;temperature;33.90
4854;DHT22;3628;6.559;3.386;2026-02-03T17:09:50.094833+00:00;humidity;75.10
4854;DHT22;3628;6.559;3.386;2026-02-03T17:09:50.094833+00:00;temperature;33.70
4853;pms5003;3628;6.559;3.386;2026-02-03T17:15:07.293978+00:00;P2;41.33
4853;pms5003;3628;6.559;3.386;2026-02-03T17:15:07.293978+00:00;P1;52.00
4853;pms5003;3628;6.559;3.386;2026-02-03T17:15:07.293978+00:00;P0;25.00
4854;DHT22;3628;6.559;3.386;2026-02-03T17:15:24.731034+00:00;humidity;75.70
4854;DHT22;3628;6.559;3.386;2026-02-03T17:15:24.731034+00:00;temperature;33.50
4854;DHT22;3628;6.559;3.386;2026-02-03T17:26:04.592343+00:00;humidity;77.00
4854;DHT22;3628;6.559;3.386;2026-02-03T17:26:04.592343+00:00;temperature;33.30
4853;pms5003;3628;6.559;3.386;2026-02-03T17:31:21.780183+00:00;P2;40.00
4853;pms5003;3628;6.559;3.386;2026-02-03T17:31:21.780183+00:00;P1;55.00
4853;pms5003;3628;6.559;3.386;2026-02-03T17:31:21.780183+00:00;P0;25.60
4853;pms5003;3628;6.559;3.386;2026-02-03T17:36:48.626186+00:00;P2;39.00
4853;pms5003;3628;6.559;3.386;2026-02-03T17:36:48.626186+00:00;P1;51.50
4853;pms5003;3628;6.559;3.386;2026-02-03T17:36:48.626186+00:00;P0;24.00
4854;DHT22;3628;6.559;3.386;2026-02-03T17:37:03.211234+00:00;humidity;76.90
4854;DHT22;3628;6.559;3.386;2026-02-03T17:37:03.211234+00:00;temperature;33.20
4853;pms5003;3628;6.559;3.386;2026-02-03T17:42:23.193582+00:00;P2;36.50
4853;pms5003;3628;6.559;3.386;2026-02-03T17:42:23.193582+00:00;P1;47.25
4853;pms5003;3628;6.559;3.386;2026-02-03T17:42:23.193582+00:00;P0;23.00
4854;DHT22;3628;6.559;3.386;2026-02-03T17:42:37.806159+00:00;humidity;77.80
4854;DHT22;3628;6.559;3.386;2026-02-03T17:42:37.806159+00:00;temperature;32.90
4853;pms5003;3628;6.559;3.386;2026-02-03T17:47:55.131590+00:00;P2;34.75
4853;pms5003;3628;6.559;3.386;2026-02-03T17:47:55.131590+00:00;P1;48.25
4853;pms5003;3628;6.559;3.386;2026-02-03T17:47:55.131590+00:00;P0;23.00
4853;pms5003;3628;6.559;3.386;2026-02-03T17:53:19.300663+00:00;P2;38.50
4853;pms5003;3628;6.559;3.386;2026-02-03T17:53:19.300663+00:00;P1;56.75
4853;pms5003;3628;6.559;3.386;2026-02-03T17:53:19.300663+00:00;P0;24.00
4854;DHT22;3628;6.559;3.386;2026-02-03T17:53:36.756157+00:00;humidity;78.90
4854;DHT22;3628;6.559;3.386;2026-02-03T17:53:36.756157+00:00;temperature;32.80
4853;pms5003;3628;6.559;3.386;2026-02-03T17:58:53.994471+00:00;P2;36.00
4853;pms5003;3628;6.559;3.386;2026-02-03T17:58:53.994471+00:00;P1;49.00
4853;pms5003;3628;6.559;3.386;2026-02-03T17:58:53.994471+00:00;P0;22.00
4853;pms5003;3628;6.559;3.386;2026-02-03T18:04:28.611653+00:00;P2;37.00
4853;pms5003;3628;6.559;3.386;2026-02-03T18:04:28.611653+00:00;P1;45.00
4853;pms5003;3628;6.559;3.386;2026-02-03T18:04:28.611653+00:00;P0;23.00
4854;DHT22;3628;6.559;3.386;2026-02-03T18:04:47.045517+00:00;humidity;79.90
4854;DHT22;3628;6.559;3.386;2026-02-03T18:04:47.045517+00:00;temperature;32.50
4853;pms5003;3628;6.559;3.386;2026-02-03T18:10:04.261676+00:00;P2;34.60
4853;pms5003;3628;6.559;3.386;2026-02-03T18:10:04.261676+00:00;P1;42.00
4853;pms5003;3628;6.559;3.386;2026-02-03T18:10:04.261676+00:00;P0;22.40
4854;DHT22;3628;6.559;3.386;2026-02-03T18:10:21.662225+00:00;humidity;80.30
4854;DHT22;3628;6.559;3.386;2026-02-03T18:10:21.662225+00:00;temperature;32.40
4853;pms5003;3628;6.559;3.386;2026-02-03T18:15:38.873639+00:00;P2;33.00
4853;pms5003;3628;6.559;3.386;2026-02-03T18:15:38.873639+00:00;P1;48.40
4853;pms5003;3628;6.559;3.386;2026-02-03T18:15:38.873639+00:00;P0;22.00
4854;DHT22;3628;6.559;3.386;2026-02-03T18:15:57.610016+00:00;humidity;81.00
4854;DHT22;3628;6.559;3.386;2026-02-03T18:15:57.610016+00:00;temperature;32.20
4853;pms5003;3628;6.559;3.386;2026-02-03T18:31:52.460657+00:00;P2;35.40
4853;pms5003;3628;6.559;3.386;2026-02-03T18:31:52.460657+00:00;P1;47.20
4853;pms5003;3628;6.559;3.386;2026-02-03T18:31:52.460657+00:00;P0;23.20
4854;DHT22;3628;6.559;3.386;2026-02-03T18:32:09.838534+00:00;humidity;82.40
4854;DHT22;3628;6.559;3.386;2026-02-03T18:32:09.838534+00:00;temperature;32.10
4853;pms5003;3628;6.559;3.386;2026-02-03T18:42:40.451167+00:00;P2;42.50
4853;pms5003;3628;6.559;3.386;2026-02-03T18:42:40.451167+00:00;P1;58.75
4853;pms5003;3628;6.559;3.386;2026-02-03T18:42:40.451167+00:00;P0;26.00
4854;DHT22;3628;6.559;3.386;2026-02-03T18:42:57.783571+00:00;humidity;82.70
4854;DHT22;3628;6.559;3.386;2026-02-03T18:42:57.783571+00:00;temperature;32.00
4853;pms5003;3628;6.559;3.386;2026-02-03T18:48:14.968912+00:00;P2;43.00
4853;pms5003;3628;6.559;3.386;2026-02-03T18:48:14.968912+00:00;P1;58.75
4853;pms5003;3628;6.559;3.386;2026-02-03T18:48:14.968912+00:00;P0;26.25
4854;DHT22;3628;6.559;3.386;2026-02-03T18:48:32.308455+00:00;humidity;83.00
4854;DHT22;3628;6.559;3.386;2026-02-03T18:48:32.308455+00:00;temperature;31.90
4854;DHT22;3628;6.559;3.386;2026-02-03T18:59:20.464922+00:00;humidity;83.60
4854;DHT22;3628;6.559;3.386;2026-02-03T18:59:20.464922+00:00;temperature;31.90
4853;pms5003;3628;6.559;3.386;2026-02-03T19:04:37.623743+00:00;P2;39.00
4853;pms5003;3628;6.559;3.386;2026-02-03T19:04:37.623743+00:00;P1;55.33
4853;pms5003;3628;6.559;3.386;2026-02-03T19:04:37.623743+00:00;P0;24.67
4854;DHT22;3628;6.559;3.386;2026-02-03T19:04:54.966450+00:00;humidity;83.90
4854;DHT22;3628;6.559;3.386;2026-02-03T19:04:54.966450+00:00;temperature;31.80
4854;DHT22;3628;6.559;3.386;2026-02-03T19:10:18.861599+00:00;humidity;84.20
4854;DHT22;3628;6.559;3.386;2026-02-03T19:10:18.861599+00:00;temperature;31.80
4853;pms5003;3628;6.559;3.386;2026-02-03T19:15:36.040633+00:00;P2;39.00
4853;pms5003;3628;6.559;3.386;2026-02-03T19:15:36.040633+00:00;P1;55.25
4853;pms5003;3628;6.559;3.386;2026-02-03T19:15:36.040633+00:00;P0;24.50
4854;DHT22;3628;6.559;3.386;2026-02-03T19:15:53.355786+00:00;humidity;84.20
4854;DHT22;3628;6.559;3.386;2026-02-03T19:15:53.355786+00:00;temperature;31.80
4854;DHT22;3628;6.559;3.386;2026-02-03T19:21:17.105444+00:00;humidity;84.90
4854;DHT22;3628;6.559;3.386;2026-02-03T19:21:17.105444+00:00;temperature;31.60
4853;pms5003;3628;6.559;3.386;2026-02-03T19:26:34.250173+00:00;P2;46.00
4853;pms5003;3628;6.559;3.386;2026-02-03T19:26:34.250173+00:00;P1;62.00
4853;pms5003;3628;6.559;3.386;2026-02-03T19:26:34.250173+00:00;P0;28.50
4854;DHT22;3628;6.559;3.386;2026-02-03T19:26:51.589512+00:00;humidity;84.60
4854;DHT22;3628;6.559;3.386;2026-02-03T19:26:51.589512+00:00;temperature;31.80
4853;pms5003;3628;6.559;3.386;2026-02-03T19:32:08.842884+00:00;P2;47.00
4853;pms5003;3628;6.559;3.386;2026-02-03T19:32:08.842884+00:00;P1;64.75
4853;pms5003;3628;6.559;3.386;2026-02-03T19:32:08.842884+00:00;P0;30.25
4854;DHT22;3628;6.559;3.386;2026-02-03T19:32:26.237144+00:00;humidity;85.20
4854;DHT22;3628;6.559;3.386;2026-02-03T19:32:26.237144+00:00;temperature;31.60
4853;pms5003;3628;6.559;3.386;2026-02-03T19:37:43.408531+00:00;P2;47.00
4853;pms5003;3628;6.559;3.386;2026-02-03T19:37:43.408531+00:00;P1;65.00
4853;pms5003;3628;6.559;3.386;2026-02-03T19:37:43.408531+00:00;P0;29.00
4854;DHT22;3628;6.559;3.386;2026-02-03T19:38:00.782982+00:00;humidity;85.30
4854;DHT22;3628;6.559;3.386;2026-02-03T19:38:00.782982+00:00;temperature;31.60
4854;DHT22;3628;6.559;3.386;2026-02-03T19:43:24.941170+00:00;humidity;85.70
4854;DHT22;3628;6.559;3.386;2026-02-03T19:43:24.941170+00:00;temperature;31.50
4853;pms5003;3628;6.559;3.386;2026-02-03T19:48:42.149779+00:00;P2;42.25
4853;pms5003;3628;6.559;3.386;2026-02-03T19:48:42.149779+00:00;P1;60.75
4853;pms5003;3628;6.559;3.386;2026-02-03T19:48:42.149779+00:00;P0;26.00
4854;DHT22;3628;6.559;3.386;2026-02-03T19:54:23.590041+00:00;humidity;85.80
4854;DHT22;3628;6.559;3.386;2026-02-03T19:54:23.590041+00:00;temperature;31.60
4853;pms5003;3628;6.559;3.386;2026-02-03T19:59:40.807636+00:00;P2;35.50
4853;pms5003;3628;6.559;3.386;2026-02-03T19:59:40.807636+00:00;P1;50.50
4853;pms5003;3628;6.559;3.386;2026-02-03T19:59:40.807636+00:00;P0;22.75
4854;DHT22;3628;6.559;3.386;2026-02-03T19:59:58.164702+00:00;humidity;85.80
4854;DHT22;3628;6.559;3.386;2026-02-03T19:59:58.164702+00:00;temperature;31.50
4853;pms5003;3628;6.559;3.386;2026-02-03T20:05:15.347746+00:00;P2;33.00
4853;pms5003;3628;6.559;3.386;2026-02-03T20:05:15.347746+00:00;P1;46.67
4853;pms5003;3628;6.559;3.386;2026-02-03T20:05:15.347746+00:00;P0;22.00
4854;DHT22;3628;6.559;3.386;2026-02-03T20:05:32.789739+00:00;humidity;85.70
4854;DHT22;3628;6.559;3.386;2026-02-03T20:05:32.789739+00:00;temperature;31.50
4853;pms5003;3628;6.559;3.386;2026-02-03T20:16:03.332443+00:00;P2;35.00
4853;pms5003;3628;6.559;3.386;2026-02-03T20:16:03.332443+00:00;P1;45.75
4853;pms5003;3628;6.559;3.386;2026-02-03T20:16:03.332443+00:00;P0;23.00
4853;pms5003;3628;6.559;3.386;2026-02-03T20:37:27.267164+00:00;P2;37.67
4853;pms5003;3628;6.559;3.386;2026-02-03T20:37:27.267164+00:00;P1;51.67
4853;pms5003;3628;6.559;3.386;2026-02-03T20:37:27.267164+00:00;P0;24.00
4854;DHT22;3628;6.559;3.386;2026-02-03T20:37:53.156065+00:00;humidity;86.70
4854;DHT22;3628;6.559;3.386;2026-02-03T20:37:53.156065+00:00;temperature;31.30
4854;DHT22;3628;6.559;3.386;2026-02-03T20:43:17.033825+00:00;humidity;86.60
4854;DHT22;3628;6.559;3.386;2026-02-03T20:43:17.033825+00:00;temperature;31.40
4853;pms5003;3628;6.559;3.386;2026-02-03T20:48:40.230770+00:00;P2;38.40
4853;pms5003;3628;6.559;3.386;2026-02-03T20:48:40.230770+00:00;P1;51.20
4853;pms5003;3628;6.559;3.386;2026-02-03T20:48:40.230770+00:00;P0;24.00
4854;DHT22;3628;6.559;3.386;2026-02-03T20:49:03.208033+00:00;humidity;86.70
4854;DHT22;3628;6.559;3.386;2026-02-03T20:49:03.208033+00:00;temperature;31.30
4853;pms5003;3628;6.559;3.386;2026-02-03T20:59:54.063329+00:00;P2;36.75
4853;pms5003;3628;6.559;3.386;2026-02-03T20:59:54.063329+00:00;P1;51.75
4853;pms5003;3628;6.559;3.386;2026-02-03T20:59:54.063329+00:00;P0;23.00
4854;DHT22;3628;6.559;3.386;2026-02-03T21:00:13.982219+00:00;humidity;87.30
4854;DHT22;3628;6.559;3.386;2026-02-03T21:00:13.982219+00:00;temperature;31.20
4853;pms5003;3628;6.559;3.386;2026-02-03T21:05:31.168959+00:00;P2;38.50
4853;pms5003;3628;6.559;3.386;2026-02-03T21:05:31.168959+00:00;P1;50.25
4853;pms5003;3628;6.559;3.386;2026-02-03T21:05:31.168959+00:00;P0;24.00
4854;DHT22;3628;6.559;3.386;2026-02-03T21:05:48.757751+00:00;humidity;87.10
4854;DHT22;3628;6.559;3.386;2026-02-03T21:05:48.757751+00:00;temperature;31.30
4854;DHT22;3628;6.559;3.386;2026-02-03T21:11:23.204149+00:00;humidity;86.80
4854;DHT22;3628;6.559;3.386;2026-02-03T21:11:23.204149+00:00;temperature;31.40
4853;pms5003;3628;6.559;3.386;2026-02-03T21:16:40.480571+00:00;P2;38.00
4853;pms5003;3628;6.559;3.386;2026-02-03T21:16:40.480571+00:00;P1;52.50
4853;pms5003;3628;6.559;3.386;2026-02-03T21:16:40.480571+00:00;P0;24.00
4854;DHT22;3628;6.559;3.386;2026-02-03T21:16:57.867918+00:00;humidity;87.00
4854;DHT22;3628;6.559;3.386;2026-02-03T21:16:57.867918+00:00;temperature;31.40
4854;DHT22;3628;6.559;3.386;2026-02-03T21:22:22.094273+00:00;humidity;86.70
4854;DHT22;3628;6.559;3.386;2026-02-03T21:22:22.094273+00:00;temperature;31.50
4853;pms5003;3628;6.559;3.386;2026-02-03T21:27:39.244740+00:00;P2;37.75
4853;pms5003;3628;6.559;3.386;2026-02-03T21:27:39.244740+00:00;P1;49.75
4853;pms5003;3628;6.559;3.386;2026-02-03T21:27:39.244740+00:00;P0;23.25
4854;DHT22;3628;6.559;3.386;2026-02-03T21:27:56.623264+00:00;humidity;86.90
4854;DHT22;3628;6.559;3.386;2026-02-03T21:27:56.623264+00:00;temperature;31.50
4853;pms5003;3628;6.559;3.386;2026-02-03T21:33:13.826228+00:00;P2;39.00
4853;pms5003;3628;6.559;3.386;2026-02-03T21:33:13.826228+00:00;P1;60.00
4853;pms5003;3628;6.559;3.386;2026-02-03T21:33:13.826228+00:00;P0;24.00
4854;DHT22;3628;6.559;3.386;2026-02-03T21:33:31.168033+00:00;humidity;87.70
4854;DHT22;3628;6.559;3.386;2026-02-03T21:33:31.168033+00:00;temperature;31.40
4853;pms5003;3628;6.559;3.386;2026-02-03T21:38:48.449118+00:00;P2;35.67
4853;pms5003;3628;6.559;3.386;2026-02-03T21:38:48.449118+00:00;P1;50.00
4853;pms5003;3628;6.559;3.386;2026-02-03T21:38:48.449118+00:00;P0;22.67
4854;DHT22;3628;6.559;3.386;2026-02-03T21:39:08.759514+00:00;humidity;87.30
4854;DHT22;3628;6.559;3.386;2026-02-03T21:39:08.759514+00:00;temperature;31.50
4853;pms5003;3628;6.559;3.386;2026-02-03T22:05:06.280894+00:00;P2;39.00
4853;pms5003;3628;6.559;3.386;2026-02-03T22:05:06.280894+00:00;P1;52.00
4853;pms5003;3628;6.559;3.386;2026-02-03T22:05:06.280894+00:00;P0;26.00
4854;DHT22;3628;6.559;3.386;2026-02-03T22:05:23.721800+00:00;humidity;88.80
4854;DHT22;3628;6.559;3.386;2026-02-03T22:05:23.721800+00:00;temperature;31.10
4853;pms5003;3628;6.559;3.386;2026-02-03T22:10:40.982593+00:00;P2;42.00
4853;pms5003;3628;6.559;3.386;2026-02-03T22:10:40.982593+00:00;P1;52.67
4853;pms5003;3628;6.559;3.386;2026-02-03T22:10:40.982593+00:00;P0;28.00
4854;DHT22;3628;6.559;3.386;2026-02-03T22:10:58.385813+00:00;humidity;88.70
4854;DHT22;3628;6.559;3.386;2026-02-03T22:10:58.385813+00:00;temperature;31.20
4854;DHT22;3628;6.559;3.386;2026-02-03T22:16:25.439347+00:00;humidity;88.10
4854;DHT22;3628;6.559;3.386;2026-02-03T22:16:25.439347+00:00;temperature;31.10
4853;pms5003;3628;6.559;3.386;2026-02-03T22:21:42.769816+00:00;P2;46.00
4853;pms5003;3628;6.559;3.386;2026-02-03T22:21:42.769816+00:00;P1;64.00
4853;pms5003;3628;6.559;3.386;2026-02-03T22:21:42.769816+00:00;P0;29.50
4854;DHT22;3628;6.559;3.386;2026-02-03T22:22:00.207509+00:00;humidity;84.10
4854;DHT22;3628;6.559;3.386;2026-02-03T22:22:00.207509+00:00;temperature;31.10
4854;DHT22;3628;6.559;3.386;2026-02-03T22:27:24.206598+00:00;humidity;83.60
4854;DHT22;3628;6.559;3.386;2026-02-03T22:27:24.206598+00:00;temperature;30.80
4853;pms5003;3628;6.559;3.386;2026-02-03T22:32:41.481073+00:00;P2;41.60
4853;pms5003;3628;6.559;3.386;2026-02-03T22:32:41.481073+00:00;P1;54.80
4853;pms5003;3628;6.559;3.386;2026-02-03T22:32:41.481073+00:00;P0;26.00
4854;DHT22;3628;6.559;3.386;2026-02-03T22:32:58.909881+00:00;humidity;77.80
4854;DHT22;3628;6.559;3.386;2026-02-03T22:32:58.909881+00:00;temperature;30.60
4853;pms5003;3628;6.559;3.386;2026-02-03T22:38:16.116588+00:00;P2;41.00
4853;pms5003;3628;6.559;3.386;2026-02-03T22:38:16.116588+00:00;P1;52.25
4853;pms5003;3628;6.559;3.386;2026-02-03T22:38:16.116588+00:00;P0;27.25
4854;DHT22;3628;6.559;3.386;2026-02-03T22:38:33.550393+00:00;humidity;87.70
4854;DHT22;3628;6.559;3.386;2026-02-03T22:38:33.550393+00:00;temperature;29.90
4853;pms5003;3628;6.559;3.386;2026-02-03T22:43:50.773085+00:00;P2;43.00
4853;pms5003;3628;6.559;3.386;2026-02-03T22:43:50.773085+00:00;P1;61.00
4853;pms5003;3628;6.559;3.386;2026-02-03T22:43:50.773085+00:00;P0;28.00
4854;DHT22;3628;6.559;3.386;2026-02-03T22:44:08.190364+00:00;humidity;95.20
4854;DHT22;3628;6.559;3.386;2026-02-03T22:44:08.190364+00:00;temperature;28.20
4853;pms5003;3628;6.559;3.386;2026-02-03T22:49:25.413902+00:00;P2;42.00
4853;pms5003;3628;6.559;3.386;2026-02-03T22:49:25.413902+00:00;P1;58.25
4853;pms5003;3628;6.559;3.386;2026-02-03T22:49:25.413902+00:00;P0;28.00
4854;DHT22;3628;6.559;3.386;2026-02-03T22:49:42.841281+00:00;humidity;93.10
4854;DHT22;3628;6.559;3.386;2026-02-03T22:49:42.841281+00:00;temperature;27.70
4853;pms5003;3628;6.559;3.386;2026-02-03T22:55:00.169360+00:00;P2;44.00
4853;pms5003;3628;6.559;3.386;2026-02-03T22:55:00.169360+00:00;P1;58.00
4853;pms5003;3628;6.559;3.386;2026-02-03T22:55:00.169360+00:00;P0;29.00
4854;DHT22;3628;6.559;3.386;2026-02-03T22:55:17.607867+00:00;humidity;92.00
4854;DHT22;3628;6.559;3.386;2026-02-03T22:55:17.607867+00:00;temperature;27.30
4853;pms5003;3628;6.559;3.386;2026-02-03T23:00:34.884562+00:00;P2;43.00
4853;pms5003;3628;6.559;3.386;2026-02-03T23:00:34.884562+00:00;P1;57.67
4853;pms5003;3628;6.559;3.386;2026-02-03T23:00:34.884562+00:00;P0;28.67
4854;DHT22;3628;6.559;3.386;2026-02-03T23:00:52.358407+00:00;humidity;93.70
4854;DHT22;3628;6.559;3.386;2026-02-03T23:00:52.358407+00:00;temperature;27.20
4853;pms5003;3628;6.559;3.386;2026-02-03T23:06:09.589890+00:00;P2;43.00
4853;pms5003;3628;6.559;3.386;2026-02-03T23:06:09.589890+00:00;P1;58.67
4853;pms5003;3628;6.559;3.386;2026-02-03T23:06:09.589890+00:00;P0;28.00
4853;pms5003;3628;6.559;3.386;2026-02-03T23:11:33.368031+00:00;P2;43.00
4853;pms5003;3628;6.559;3.386;2026-02-03T23:11:33.368031+00:00;P1;60.25
4853;pms5003;3628;6.559;3.386;2026-02-03T23:11:33.368031+00:00;P0;28.00
4854;DHT22;3628;6.559;3.386;2026-02-03T23:17:14.969819+00:00;humidity;92.40
4854;DHT22;3628;6.559;3.386;2026-02-03T23:17:14.969819+00:00;temperature;27.10
4853;pms5003;3628;6.559;3.386;2026-02-03T23:22:32.248699+00:00;P2;41.50
4853;pms5003;3628;6.559;3.386;2026-02-03T23:22:32.248699+00:00;P1;54.25
4853;pms5003;3628;6.559;3.386;2026-02-03T23:22:32.248699+00:00;P0;27.50
4854;DHT22;3628;6.559;3.386;2026-02-03T23:22:49.717600+00:00;humidity;92.00
4854;DHT22;3628;6.559;3.386;2026-02-03T23:22:49.717600+00:00;temperature;27.30
4853;pms5003;3628;6.559;3.386;2026-02-03T23:28:07.032889+00:00;P2;44.00
4853;pms5003;3628;6.559;3.386;2026-02-03T23:28:07.032889+00:00;P1;58.75
4853;pms5003;3628;6.559;3.386;2026-02-03T23:28:07.032889+00:00;P0;29.00
4853;pms5003;3628;6.559;3.386;2026-02-03T23:33:41.651916+00:00;P2;44.50
4853;pms5003;3628;6.559;3.386;2026-02-03T23:33:41.651916+00:00;P1;57.00
4853;pms5003;3628;6.559;3.386;2026-02-03T23:33:41.651916+00:00;P0;29.50
4854;DHT22;3628;6.559;3.386;2026-02-03T23:33:59.128572+00:00;humidity;92.50
4854;DHT22;3628;6.559;3.386;2026-02-03T23:33:59.128572+00:00;temperature;27.70
4853;pms5003;3628;6.559;3.386;2026-02-03T23:39:16.315372+00:00;P2;42.75
4853;pms5003;3628;6.559;3.386;2026-02-03T23:39:16.315372+00:00;P1;54.00
4853;pms5003;3628;6.559;3.386;2026-02-03T23:39:16.315372+00:00;P0;27.75
4854;DHT22;3628;6.559;3.386;2026-02-03T23:39:33.771468+00:00;humidity;92.10
4854;DHT22;3628;6.559;3.386;2026-02-03T23:39:33.771468+00:00;temperature;27.50
4854;DHT22;3628;6.559;3.386;2026-02-03T23:44:57.537039+00:00;humidity;91.30
4854;DHT22;3628;6.559;3.386;2026-02-03T23:44:57.537039+00:00;temperature;27.60
4853;pms5003;3628;6.559;3.386;2026-02-03T23:50:14.755610+00:00;P2;45.00
4853;pms5003;3628;6.559;3.386;2026-02-03T23:50:14.755610+00:00;P1;55.00
4853;pms5003;3628;6.559;3.386;2026-02-03T23:50:14.755610+00:00;P0;30.40
4853;pms5003;3628;6.559;3.386;2026-02-03T23:55:38.714964+00:00;P2;44.25
4853;pms5003;3628;6.559;3.386;2026-02-03T23:55:38.714964+00:00;P1;63.75
4853;pms5003;3628;6.559;3.386;2026-02-03T23:55:38.714964+00:00;P0;29.25
4854;DHT22;3628;6.559;3.386;2026-02-03T23:55:56.166118+00:00;humidity;90.70
4854;DHT22;3628;6.559;3.386;2026-02-03T23:55:56.166118+00:00;temperature;27.80
4853;pms5003;3628;6.559;3.386;2026-02-04T00:01:13.464782+00:00;P2;42.75
4853;pms5003;3628;6.559;3.386;2026-02-04T00:01:13.464782+00:00;P1;52.75
4853;pms5003;3628;6.559;3.386;2026-02-04T00:01:13.464782+00:00;P0;29.00
4854;DHT22;3628;6.559;3.386;2026-02-04T00:01:30.888652+00:00;humidity;91.40
4854;DHT22;3628;6.559;3.386;2026-02-04T00:01:30.888652+00:00;temperature;27.90
4854;DHT22;3628;6.559;3.386;2026-02-04T00:07:08.497469+00:00;humidity;90.40
4854;DHT22;3628;6.559;3.386;2026-02-04T00:07:08.497469+00:00;temperature;28.10
4853;pms5003;3628;6.559;3.386;2026-02-04T00:12:25.673185+00:00;P2;46.00
4853;pms5003;3628;6.559;3.386;2026-02-04T00:12:25.673185+00:00;P1;63.25
4853;pms5003;3628;6.559;3.386;2026-02-04T00:12:25.673185+00:00;P0;31.00
4853;pms5003;3628;6.559;3.386;2026-02-04T00:17:49.619995+00:00;P2;48.25
4853;pms5003;3628;6.559;3.386;2026-02-04T00:17:49.619995+00:00;P1;66.25
4853;pms5003;3628;6.559;3.386;2026-02-04T00:17:49.619995+00:00;P0;31.50
4854;DHT22;3628;6.559;3.386;2026-02-04T00:18:07.066848+00:00;humidity;89.30
4854;DHT22;3628;6.559;3.386;2026-02-04T00:18:07.066848+00:00;temperature;28.30
4853;pms5003;3628;6.559;3.386;2026-02-04T00:23:24.328716+00:00;P2;44.75
4853;pms5003;3628;6.559;3.386;2026-02-04T00:23:24.328716+00:00;P1;61.75
4853;pms5003;3628;6.559;3.386;2026-02-04T00:23:24.328716+00:00;P0;30.00
4854;DHT22;3628;6.559;3.386;2026-02-04T00:23:41.706609+00:00;humidity;89.00
4854;DHT22;3628;6.559;3.386;2026-02-04T00:23:41.706609+00:00;temperature;28.30
4853;pms5003;3628;6.559;3.386;2026-02-04T00:28:58.905016+00:00;P2;44.00
4853;pms5003;3628;6.559;3.386;2026-02-04T00:28:58.905016+00:00;P1;58.00
4853;pms5003;3628;6.559;3.386;2026-02-04T00:28:58.905016+00:00;P0;30.00
4854;DHT22;3628;6.559;3.386;2026-02-04T00:29:16.248258+00:00;humidity;88.50
4854;DHT22;3628;6.559;3.386;2026-02-04T00:29:16.248258+00:00;temperature;28.30
4853;pms5003;3628;6.559;3.386;2026-02-04T00:34:36.299795+00:00;P2;45.40
4853;pms5003;3628;6.559;3.386;2026-02-04T00:34:36.299795+00:00;P1;56.60
4853;pms5003;3628;6.559;3.386;2026-02-04T00:34:36.299795+00:00;P0;30.00
4854;DHT22;3628;6.559;3.386;2026-02-04T00:34:53.669524+00:00;humidity;87.70
4854;DHT22;3628;6.559;3.386;2026-02-04T00:34:53.669524+00:00;temperature;28.30
4853;pms5003;3628;6.559;3.386;2026-02-04T00:40:10.833843+00:00;P2;45.75
4853;pms5003;3628;6.559;3.386;2026-02-04T00:40:10.833843+00:00;P1;62.25
4853;pms5003;3628;6.559;3.386;2026-02-04T00:40:10.833843+00:00;P0;29.75
4854;DHT22;3628;6.559;3.386;2026-02-04T00:40:28.189990+00:00;humidity;87.40
4854;DHT22;3628;6.559;3.386;2026-02-04T00:40:28.189990+00:00;temperature;28.30
4853;pms5003;3628;6.559;3.386;2026-02-04T00:45:45.472717+00:00;P2;44.50
4853;pms5003;3628;6.559;3.386;2026-02-04T00:45:45.472717+00:00;P1;59.00
4853;pms5003;3628;6.559;3.386;2026-02-04T00:45:45.472717+00:00;P0;27.00
4854;DHT22;3628;6.559;3.386;2026-02-04T00:46:02.912923+00:00;humidity;86.80
4854;DHT22;3628;6.559;3.386;2026-02-04T00:46:02.912923+00:00;temperature;28.40
4853;pms5003;3628;6.559;3.386;2026-02-04T00:51:20.116449+00:00;P2;45.75
4853;pms5003;3628;6.559;3.386;2026-02-04T00:51:20.116449+00:00;P1;57.25
4853;pms5003;3628;6.559;3.386;2026-02-04T00:51:20.116449+00:00;P0;29.75
4854;DHT22;3628;6.559;3.386;2026-02-04T00:51:37.516276+00:00;humidity;86.40
4854;DHT22;3628;6.559;3.386;2026-02-04T00:51:37.516276+00:00;temperature;28.30
4853;pms5003;3628;6.559;3.386;2026-02-04T00:56:54.719141+00:00;P2;45.25
4853;pms5003;3628;6.559;3.386;2026-02-04T00:56:54.719141+00:00;P1;55.25
4853;pms5003;3628;6.559;3.386;2026-02-04T00:56:54.719141+00:00;P0;29.00
4853;pms5003;3628;6.559;3.386;2026-02-04T01:07:42.617761+00:00;P2;44.80
4853;pms5003;3628;6.559;3.386;2026-02-04T01:07:42.617761+00:00;P1;61.80
4853;pms5003;3628;6.559;3.386;2026-02-04T01:07:42.617761+00:00;P0;27.60
4853;pms5003;3628;6.559;3.386;2026-02-04T01:13:17.284336+00:00;P2;48.00
4853;pms5003;3628;6.559;3.386;2026-02-04T01:13:17.284336+00:00;P1;58.00
4853;pms5003;3628;6.559;3.386;2026-02-04T01:13:17.284336+00:00;P0;31.00
4854;DHT22;3628;6.559;3.386;2026-02-04T01:13:34.697326+00:00;humidity;85.80
4854;DHT22;3628;6.559;3.386;2026-02-04T01:13:34.697326+00:00;temperature;28.20
4853;pms5003;3628;6.559;3.386;2026-02-04T01:18:51.890555+00:00;P2;45.00
4853;pms5003;3628;6.559;3.386;2026-02-04T01:18:51.890555+00:00;P1;63.75
4853;pms5003;3628;6.559;3.386;2026-02-04T01:18:51.890555+00:00;P0;30.00
4854;DHT22;3628;6.559;3.386;2026-02-04T01:19:09.295155+00:00;humidity;85.10
4854;DHT22;3628;6.559;3.386;2026-02-04T01:19:09.295155+00:00;temperature;28.20
4853;pms5003;3628;6.559;3.386;2026-02-04T01:24:26.502912+00:00;P2;43.00
4853;pms5003;3628;6.559;3.386;2026-02-04T01:24:26.502912+00:00;P1;60.50
4853;pms5003;3628;6.559;3.386;2026-02-04T01:24:26.502912+00:00;P0;28.50
4854;DHT22;3628;6.559;3.386;2026-02-04T01:24:43.916059+00:00;humidity;85.20
4854;DHT22;3628;6.559;3.386;2026-02-04T01:24:43.916059+00:00;temperature;28.30
4853;pms5003;3628;6.559;3.386;2026-02-04T01:30:01.126356+00:00;P2;42.80
4853;pms5003;3628;6.559;3.386;2026-02-04T01:30:01.126356+00:00;P1;52.80
4853;pms5003;3628;6.559;3.386;2026-02-04T01:30:01.126356+00:00;P0;28.00
4853;pms5003;3628;6.559;3.386;2026-02-04T01:35:35.853556+00:00;P2;41.67
4853;pms5003;3628;6.559;3.386;2026-02-04T01:35:35.853556+00:00;P1;51.67
4853;pms5003;3628;6.559;3.386;2026-02-04T01:35:35.853556+00:00;P0;27.67
4854;DHT22;3628;6.559;3.386;2026-02-04T01:35:53.225767+00:00;humidity;83.50
4854;DHT22;3628;6.559;3.386;2026-02-04T01:35:53.225767+00:00;temperature;28.40
4853;pms5003;3628;6.559;3.386;2026-02-04T06:03:06.019784+00:00;P2;52.40
4853;pms5003;3628;6.559;3.386;2026-02-04T06:03:06.019784+00:00;P1;71.80
4853;pms5003;3628;6.559;3.386;2026-02-04T06:03:06.019784+00:00;P0;34.40
4853;pms5003;3628;6.559;3.386;2026-02-04T06:08:40.563722+00:00;P2;62.25
4853;pms5003;3628;6.559;3.386;2026-02-04T06:08:40.563722+00:00;P1;76.25
4853;pms5003;3628;6.559;3.386;2026-02-04T06:08:40.563722+00:00;P0;41.25
4854;DHT22;3628;6.559;3.386;2026-02-04T06:08:57.983007+00:00;humidity;96.20
4854;DHT22;3628;6.559;3.386;2026-02-04T06:08:57.983007+00:00;temperature;27.70
4853;pms5003;3628;6.559;3.386;2026-02-04T09:07:18.811753+00:00;P2;76.60
4853;pms5003;3628;6.559;3.386;2026-02-04T09:07:18.811753+00:00;P1;84.20
4853;pms5003;3628;6.559;3.386;2026-02-04T09:07:18.811753+00:00;P0;50.60
4853;pms5003;3628;6.559;3.386;2026-02-04T09:12:56.043633+00:00;P2;60.00
4853;pms5003;3628;6.559;3.386;2026-02-04T09:12:56.043633+00:00;P1;72.50
4853;pms5003;3628;6.559;3.386;2026-02-04T09:12:56.043633+00:00;P0;40.00
4853;pms5003;3628;6.559;3.386;2026-02-04T10:01:29.909157+00:00;P2;38.00
4853;pms5003;3628;6.559;3.386;2026-02-04T10:01:29.909157+00:00;P1;48.50
4853;pms5003;3628;6.559;3.386;2026-02-04T10:01:29.909157+00:00;P0;24.75
4854;DHT22;3628;6.559;3.386;2026-02-04T10:01:47.311146+00:00;humidity;61.70
4854;DHT22;3628;6.559;3.386;2026-02-04T10:01:47.311146+00:00;temperature;38.60
4853;pms5003;3628;6.559;3.386;2026-02-04T10:07:04.538244+00:00;P2;36.40
4853;pms5003;3628;6.559;3.386;2026-02-04T10:07:04.538244+00:00;P1;49.00
4853;pms5003;3628;6.559;3.386;2026-02-04T10:07:04.538244+00:00;P0;23.00
4854;DHT22;3628;6.559;3.386;2026-02-04T10:12:37.939131+00:00;humidity;60.50
4854;DHT22;3628;6.559;3.386;2026-02-04T10:12:37.939131+00:00;temperature;38.50
4853;pms5003;3628;6.559;3.386;2026-02-04T10:19:04.352474+00:00;P2;34.50
4853;pms5003;3628;6.559;3.386;2026-02-04T10:19:04.352474+00:00;P1;51.00
4853;pms5003;3628;6.559;3.386;2026-02-04T10:19:04.352474+00:00;P0;23.00
4853;pms5003;3628;6.559;3.386;2026-02-04T10:23:19.095719+00:00;P2;32.00
4853;pms5003;3628;6.559;3.386;2026-02-04T10:23:19.095719+00:00;P1;42.75
4853;pms5003;3628;6.559;3.386;2026-02-04T10:23:19.095719+00:00;P0;20.75
4853;pms5003;3628;6.559;3.386;2026-02-04T10:28:46.110073+00:00;P2;54.00
4853;pms5003;3628;6.559;3.386;2026-02-04T10:28:46.110073+00:00;P1;72.50
4853;pms5003;3628;6.559;3.386;2026-02-04T10:28:46.110073+00:00;P0;35.75
4854;DHT22;3628;6.559;3.386;2026-02-04T10:29:06.397866+00:00;humidity;57.80
4854;DHT22;3628;6.559;3.386;2026-02-04T10:29:06.397866+00:00;temperature;39.60
4853;pms5003;3628;6.559;3.386;2026-02-04T10:34:23.576148+00:00;P2;59.25
4853;pms5003;3628;6.559;3.386;2026-02-04T10:34:23.576148+00:00;P1;73.00
4853;pms5003;3628;6.559;3.386;2026-02-04T10:34:23.576148+00:00;P0;38.00
4854;DHT22;3628;6.559;3.386;2026-02-04T10:34:40.967930+00:00;humidity;61.50
4854;DHT22;3628;6.559;3.386;2026-02-04T10:34:40.967930+00:00;temperature;39.40
4853;pms5003;3628;6.559;3.386;2026-02-04T10:45:33.829678+00:00;P2;54.00
4853;pms5003;3628;6.559;3.386;2026-02-04T10:45:33.829678+00:00;P1;72.25
4853;pms5003;3628;6.559;3.386;2026-02-04T10:45:33.829678+00:00;P0;35.00
4853;pms5003;3628;6.559;3.386;2026-02-04T10:50:58.026917+00:00;P2;48.00
4853;pms5003;3628;6.559;3.386;2026-02-04T10:50:58.026917+00:00;P1;62.20
4853;pms5003;3628;6.559;3.386;2026-02-04T10:50:58.026917+00:00;P0;33.00
4853;pms5003;3628;6.559;3.386;2026-02-04T10:56:21.977171+00:00;P2;48.00
4853;pms5003;3628;6.559;3.386;2026-02-04T10:56:21.977171+00:00;P1;64.00
4853;pms5003;3628;6.559;3.386;2026-02-04T10:56:21.977171+00:00;P0;31.00
4854;DHT22;3628;6.559;3.386;2026-02-04T10:56:43.961791+00:00;humidity;64.20
4854;DHT22;3628;6.559;3.386;2026-02-04T10:56:43.961791+00:00;temperature;38.00
4854;DHT22;3628;6.559;3.386;2026-02-04T11:02:07.857524+00:00;humidity;65.10
4854;DHT22;3628;6.559;3.386;2026-02-04T11:02:07.857524+00:00;temperature;37.40
4854;DHT22;3628;6.559;3.386;2026-02-04T11:18:30.480301+00:00;humidity;62.10
4854;DHT22;3628;6.559;3.386;2026-02-04T11:18:30.480301+00:00;temperature;38.80
4854;DHT22;3628;6.559;3.386;2026-02-04T11:23:54.301802+00:00;humidity;61.80
4854;DHT22;3628;6.559;3.386;2026-02-04T11:23:54.301802+00:00;temperature;38.70
4854;DHT22;3628;6.559;3.386;2026-02-04T11:29:18.475367+00:00;humidity;62.60
4854;DHT22;3628;6.559;3.386;2026-02-04T11:29:18.475367+00:00;temperature;38.70
4854;DHT22;3628;6.559;3.386;2026-02-04T11:34:53.121322+00:00;humidity;65.10
4854;DHT22;3628;6.559;3.386;2026-02-04T11:34:53.121322+00:00;temperature;37.40
4853;pms5003;3628;6.559;3.386;2026-02-04T11:40:10.340362+00:00;P2;40.00
4853;pms5003;3628;6.559;3.386;2026-02-04T11:40:10.340362+00:00;P1;50.00
4853;pms5003;3628;6.559;3.386;2026-02-04T11:40:10.340362+00:00;P0;27.00
4853;pms5003;3628;6.559;3.386;2026-02-04T11:45:35.712714+00:00;P2;38.75
4853;pms5003;3628;6.559;3.386;2026-02-04T11:45:35.712714+00:00;P1;53.00
4853;pms5003;3628;6.559;3.386;2026-02-04T11:45:35.712714+00:00;P0;25.50
4854;DHT22;3628;6.559;3.386;2026-02-04T11:45:53.110901+00:00;humidity;60.20
4854;DHT22;3628;6.559;3.386;2026-02-04T11:45:53.110901+00:00;temperature;38.50
4853;pms5003;3628;6.559;3.386;2026-02-04T11:51:10.364644+00:00;P2;37.25
4853;pms5003;3628;6.559;3.386;2026-02-04T11:51:10.364644+00:00;P1;51.75
4853;pms5003;3628;6.559;3.386;2026-02-04T11:51:10.364644+00:00;P0;24.00
4854;DHT22;3628;6.559;3.386;2026-02-04T11:51:27.771721+00:00;humidity;59.00
4854;DHT22;3628;6.559;3.386;2026-02-04T11:51:27.771721+00:00;temperature;39.40
4853;pms5003;3628;6.559;3.386;2026-02-04T12:02:10.950822+00:00;P2;36.75
4853;pms5003;3628;6.559;3.386;2026-02-04T12:02:10.950822+00:00;P1;48.00
4853;pms5003;3628;6.559;3.386;2026-02-04T12:02:10.950822+00:00;P0;26.00
4854;DHT22;3628;6.559;3.386;2026-02-04T12:02:34.867039+00:00;humidity;57.90
4854;DHT22;3628;6.559;3.386;2026-02-04T12:02:34.867039+00:00;temperature;40.10
4853;pms5003;3628;6.559;3.386;2026-02-04T12:13:05.218231+00:00;P2;40.00
4853;pms5003;3628;6.559;3.386;2026-02-04T12:13:05.218231+00:00;P1;52.00
4853;pms5003;3628;6.559;3.386;2026-02-04T12:13:05.218231+00:00;P0;26.00
4854;DHT22;3628;6.559;3.386;2026-02-04T12:13:22.641463+00:00;humidity;57.60
4854;DHT22;3628;6.559;3.386;2026-02-04T12:13:22.641463+00:00;temperature;39.80
4854;DHT22;3628;6.559;3.386;2026-02-04T12:19:32.863191+00:00;humidity;58.10
4854;DHT22;3628;6.559;3.386;2026-02-04T12:19:32.863191+00:00;temperature;40.00
4854;DHT22;3628;6.559;3.386;2026-02-04T12:34:51.893727+00:00;humidity;59.70
4854;DHT22;3628;6.559;3.386;2026-02-04T12:34:51.893727+00:00;temperature;38.90
4853;pms5003;3628;6.559;3.386;2026-02-04T12:42:44.669571+00:00;P2;35.00
4853;pms5003;3628;6.559;3.386;2026-02-04T12:42:44.669571+00:00;P1;49.00
4853;pms5003;3628;6.559;3.386;2026-02-04T12:42:44.669571+00:00;P0;23.33
4853;pms5003;3628;6.559;3.386;2026-02-04T12:50:47.184376+00:00;P2;37.75
4853;pms5003;3628;6.559;3.386;2026-02-04T12:50:47.184376+00:00;P1;54.25
4853;pms5003;3628;6.559;3.386;2026-02-04T12:50:47.184376+00:00;P0;25.75
4854;DHT22;3628;6.559;3.386;2026-02-04T12:51:04.546145+00:00;humidity;59.10
4854;DHT22;3628;6.559;3.386;2026-02-04T12:51:04.546145+00:00;temperature;39.10
4854;DHT22;3628;6.559;3.386;2026-02-04T12:56:28.605047+00:00;humidity;59.70
4854;DHT22;3628;6.559;3.386;2026-02-04T12:56:28.605047+00:00;temperature;38.80
4853;pms5003;3628;6.559;3.386;2026-02-04T13:02:44.135380+00:00;P2;34.33
4853;pms5003;3628;6.559;3.386;2026-02-04T13:02:44.135380+00:00;P1;51.00
4853;pms5003;3628;6.559;3.386;2026-02-04T13:02:44.135380+00:00;P0;23.33
4853;pms5003;3628;6.559;3.386;2026-02-04T13:07:09.893844+00:00;P2;33.50
4853;pms5003;3628;6.559;3.386;2026-02-04T13:07:09.893844+00:00;P1;46.00
4853;pms5003;3628;6.559;3.386;2026-02-04T13:07:09.893844+00:00;P0;23.00
4854;DHT22;3628;6.559;3.386;2026-02-04T13:07:27.238494+00:00;humidity;58.10
4854;DHT22;3628;6.559;3.386;2026-02-04T13:07:27.238494+00:00;temperature;40.10
4854;DHT22;3628;6.559;3.386;2026-02-04T13:12:51.555810+00:00;humidity;60.00
4854;DHT22;3628;6.559;3.386;2026-02-04T13:12:51.555810+00:00;temperature;38.80
4853;pms5003;3628;6.559;3.386;2026-02-04T13:18:47.753424+00:00;P2;35.75
4853;pms5003;3628;6.559;3.386;2026-02-04T13:18:47.753424+00:00;P1;52.25
4853;pms5003;3628;6.559;3.386;2026-02-04T13:18:47.753424+00:00;P0;24.75
4853;pms5003;3628;6.559;3.386;2026-02-04T13:23:33.012194+00:00;P2;36.00
4853;pms5003;3628;6.559;3.386;2026-02-04T13:23:33.012194+00:00;P1;40.00
4853;pms5003;3628;6.559;3.386;2026-02-04T13:23:33.012194+00:00;P0;23.50
4854;DHT22;3628;6.559;3.386;2026-02-04T13:23:50.398683+00:00;humidity;61.40
4854;DHT22;3628;6.559;3.386;2026-02-04T13:23:50.398683+00:00;temperature;38.20
4853;pms5003;3628;6.559;3.386;2026-02-04T13:29:10.544901+00:00;P2;32.00
4853;pms5003;3628;6.559;3.386;2026-02-04T13:29:10.544901+00:00;P1;43.00
4853;pms5003;3628;6.559;3.386;2026-02-04T13:29:10.544901+00:00;P0;22.00
4853;pms5003;3628;6.559;3.386;2026-02-04T13:34:34.923752+00:00;P2;36.50
4853;pms5003;3628;6.559;3.386;2026-02-04T13:34:34.923752+00:00;P1;53.25
4853;pms5003;3628;6.559;3.386;2026-02-04T13:34:34.923752+00:00;P0;24.00
4854;DHT22;3628;6.559;3.386;2026-02-04T13:34:52.456416+00:00;humidity;59.80
4854;DHT22;3628;6.559;3.386;2026-02-04T13:34:52.456416+00:00;temperature;38.40
4853;pms5003;3628;6.559;3.386;2026-02-04T13:40:09.666861+00:00;P2;36.67
4853;pms5003;3628;6.559;3.386;2026-02-04T13:40:09.666861+00:00;P1;52.00
4853;pms5003;3628;6.559;3.386;2026-02-04T13:40:09.666861+00:00;P0;24.00
4853;pms5003;3628;6.559;3.386;2026-02-04T13:50:47.239883+00:00;P2;33.75
4853;pms5003;3628;6.559;3.386;2026-02-04T13:50:47.239883+00:00;P1;48.25
4853;pms5003;3628;6.559;3.386;2026-02-04T13:50:47.239883+00:00;P0;22.75
4854;DHT22;3628;6.559;3.386;2026-02-04T13:51:04.662631+00:00;humidity;61.50
4854;DHT22;3628;6.559;3.386;2026-02-04T13:51:04.662631+00:00;temperature;37.40
4853;pms5003;3628;6.559;3.386;2026-02-04T13:56:21.848815+00:00;P2;34.00
4853;pms5003;3628;6.559;3.386;2026-02-04T13:56:21.848815+00:00;P1;42.75
4853;pms5003;3628;6.559;3.386;2026-02-04T13:56:21.848815+00:00;P0;24.00
4854;DHT22;3628;6.559;3.386;2026-02-04T13:56:39.263270+00:00;humidity;6!.70
4854;DHT22;3628;6.559;3.386;2026-02-04T13:56:39.263270+00:00;temperature;37.50
4853;pms5003;3628;6.559;3.386;2026-02-04T14:01:56.498975+00:00;P2;35.00
4853;pms5003;3628;6.559;3.386;2026-02-04T14:01:56.498975+00:00;P1;49.00
4853;pms5003;3628;6.559;3.386;2026-02-04T14:01:56.498975+00:00;P0;23.00
4854;DHT22;3628;6.559;3.386;2026-02-04T14:02:13.912005+00:00;humidity;62.40
4854;DHT22;3628;6.559;3.386;2026-02-04T14:02:13.912005+00:00;temperature;37.10
4853;pms5003;3628;6.559;3.386;2026-02-04T14:07:31.125698+00:00;P2;42.00
4853;pms5003;3628;6.559;3.386;2026-02-04T14:07:31.125698+00:00;P1;56.50
4853;pms5003;3628;6.559;3.386;2026-02-04T14:07:31.125698+00:00;P0;28.75
4854;DHT22;3628;6.559;3.386;2026-02-04T14:07:48.516748+00:00;humidity;61.40
4854;DHT22;3628;6.559;3.386;2026-02-04T14:07:48.516748+00:00;temperature;37.00
4853;pms5003;3628;6.559;3.386;2026-02-04T14:13:05.819598+00:00;P2;36.00
4853;pms5003;3628;6.559;3.386;2026-02-04T14:13:05.819598+00:00;P1;49.75
4853;pms5003;3628;6.559;3.386;2026-02-04T14:13:05.819598+00:00;P0;23.00
4853;pms5003;3628;6.559;3.386;2026-02-04T14:18:32.880227+00:00;P2;41.40
4853;pms5003;3628;6.559;3.386;2026-02-04T14:18:32.880227+00:00;P1;56.40
4853;pms5003;3628;6.559;3.386;2026-02-04T14:18:32.880227+00:00;P0;26.40
4854;DHT22;3628;6.559;3.386;2026-02-04T14:18:50.332405+00:00;humidity;63.90
4854;DHT22;3628;6.559;3.386;2026-02-04T14:18:50.332405+00:00;temperature;36.90
4853;pms5003;3628;6.559;3.386;2026-02-04T14:24:07.539904+00:00;P2;36.20
4853;pms5003;3628;6.559;3.386;2026-02-04T14:24:07.539904+00:00;P1;51.80
4853;pms5003;3628;6.559;3.386;2026-02-04T14:24:07.539904+00:00;P0;23.00
4854;DHT22;3628;6.559;3.386;2026-02-04T14:24:25.164046+00:00;humidity;63.30
4854;DHT22;3628;6.559;3.386;2026-02-04T14:24:25.164046+00:00;temperature;36.80
4854;DHT22;3628;6.559;3.386;2026-02-04T14:29:42.200091+00:00;P2;35.00
4854;DHT22;3628;6.559;3.386;2026-02-04T14:29:42.200091+00:00;P1;44.75
4854;DHT22;3628;6.559;3.386;2026-02-04T14:29:42.200091+00:00;P0;23.25
4854;DHT22;3628;6.559;3.386;2026-02-04T14:29:59.627907+00:00;humidity;64.10
4854;DHT22;3628;6.559;3.386;2026-02-04T14:29:59.627907+00:00;temperature;36.70
4853;pms5003;3628;6.559;3.386;2026-02-04T14:35:16.870627+00:00;P2;31.75
4853;pms5003;3628;6.559;3.386;2026-02-04T14:35:16.870627+00:00;P1;46.25
4853;pms5003;3628;6.559;3.386;2026-02-04T14:35:16.870627+00:00;P0;21.25
4854;DHT22;3628;6.559;3.386;2026-02-04T14:35:34.243439+00:00;humidity;63.70
4854;DHT22;3628;6.559;3.386;2026-02-04T14:35:34.243439+00:00;temperature;36.20
4854;DHT22;3628;6.559;3.386;2026-02-04T14:41:01.204490+00:00;humidity;63.70
4854;DHT22;3628;6.559;3.386;2026-02-04T14:41:01.204490+00:00;temperature;36.30
4854;DHT22;3628;6.559;3.386;2026-02-04T14:47:10.677570+00:00;humidity;65.70
4854;DHT22;3628;6.559;3.386;2026-02-04T14:47:10.677570+00:00;temperature;36.30
4854;DHT22;3628;6.559;3.386;2026-02-04T14:51:49.237334+00:00;humidity;67.20
4854;DHT22;3628;6.559;3.386;2026-02-04T14:51:49.237334+00:00;temperature;35.70
4854;DHT22;3628;6.559;3.386;2026-02-04T14:57:26.795955+00:00;humidity;67.50
4854;DHT22;3628;6.559;3.386;2026-02-04T14:57:26.795955+00:00;temperature;35.60
4854;DHT22;3628;6.559;3.386;2026-02-04T15:02:53.741009+00:00;humidity;69.40
4854;DHT22;3628;6.559;3.386;2026-02-04T15:02:53.741009+00:00;temperature;35.20
4853;pms5003;3628;6.559;3.386;2026-02-04T15:08:10.981484+00:00;P2;36.75
4853;pms5003;3628;6.559;3.386;2026-02-04T15:08:10.981484+00:00;P1;55.00
4853;pms5003;3628;6.559;3.386;2026-02-04T15:08:10.981484+00:00;P0;24.50
4854;DHT22;3628;6.559;3.386;2026-02-04T15:13:41.795633+00:00;humidity;70.40
4854;DHT22;3628;6.559;3.386;2026-02-04T15:13:41.795633+00:00;temperature;35.00
4853;pms5003;3628;6.559;3.386;2026-02-04T15:19:32.591891+00:00;P2;39.25
4853;pms5003;3628;6.559;3.386;2026-02-04T15:19:32.591891+00:00;P1;49.50
4853;pms5003;3628;6.559;3.386;2026-02-04T15:19:32.591891+00:00;P0;27.00
4853;pms5003;3628;6.559;3.386;2026-02-04T15:24:23.427835+00:00;P2;34.60
4853;pms5003;3628;6.559;3.386;2026-02-04T15:24:23.427835+00:00;P1;45.40
4853;pms5003;3628;6.559;3.386;2026-02-04T15:24:23.427835+00:00;P0;22.60
4854;DHT22;3628;6.559;3.386;2026-02-04T15:24:40.910579+00:00;humidity;72.10
4854;DHT22;3628;6.559;3.386;2026-02-04T15:24:40.910579+00:00;temperature;34.70
4853;pms5003;3628;6.559;3.386;2026-02-04T15:35:22.608062+00:00;P2;35.00
4853;pms5003;3628;6.559;3.386;2026-02-04T15:35:22.608062+00:00;P1;41.67
4853;pms5003;3628;6.559;3.386;2026-02-04T15:35:22.608062+00:00;P0;23.33
4854;DHT22;3628;6.559;3.386;2026-02-04T15:35:40.020455+00:00;humidity;73.80
4854;DHT22;3628;6.559;3.386;2026-02-04T15:35:40.020455+00:00;temperature;34.40
4853;pms5003;3628;6.559;3.386;2026-02-04T15:46:21.629334+00:00;P2;34.00
4853;pms5003;3628;6.559;3.386;2026-02-04T15:46:21.629334+00:00;P1;46.40
4853;pms5003;3628;6.559;3.386;2026-02-04T15:46:21.629334+00:00;P0;21.80
4854;DHT22;3628;6.559;3.386;2026-02-04T15:46:41.906278+00:00;humidity;75.10
4854;DHT22;3628;6.559;3.386;2026-02-04T15:46:41.906278+00:00;temperature;33.80
4853;pms5003;3628;6.559;3.386;2026-02-04T15:51:57.333633+00:00;P2;32.75
4853;pms5003;3628;6.559;3.386;2026-02-04T15:51:57.333633+00:00;P1;47.00
4853;pms5003;3628;6.559;3.386;2026-02-04T15:51:57.333633+00:00;P0;21.75
4854;DHT22;3628;6.559;3.386;2026-02-04T15:52:17.508945+00:00;humidity;74.30
4854;DHT22;3628;6.559;3.386;2026-02-04T15:52:17.508945+00:00;temperature;33.90
4854;DHT22;3628;6.559;3.386;2026-02-04T15:57:49.581643+00:00;humidity;74.40
4854;DHT22;3628;6.559;3.386;2026-02-04T15:57:49.581643+00:00;temperature;34.00
4853;pms5003;3628;6.559;3.386;2026-02-04T16:03:06.845836+00:00;P2;37.00
4853;pms5003;3628;6.559;3.386;2026-02-04T16:03:06.845836+00:00;P1;49.33
4853;pms5003;3628;6.559;3.386;2026-02-04T16:03:06.845836+00:00;P0;23.00
4853;pms5003;3628;6.559;3.386;2026-02-04T16:14:35.633153+00:00;P2;38.75
4853;pms5003;3628;6.559;3.386;2026-02-04T16:14:35.633153+00:00;P1;49.75
4853;pms5003;3628;6.559;3.386;2026-02-04T16:14:35.633153+00:00;P0;25.75
4853;pms5003;3628;6.559;3.386;2026-02-04T16:19:19.036010+00:00;P2;33.00
4853;pms5003;3628;6.559;3.386;2026-02-04T16:19:19.036010+00:00;P1;46.75
4853;pms5003;3628;6.559;3.386;2026-02-04T16:19:19.036010+00:00;P0;22.50
4854;DHT22;3628;6.559;3.386;2026-02-04T16:19:37.398995+00:00;humidity;76.80
4854;DHT22;3628;6.559;3.386;2026-02-04T16:19:37.398995+00:00;temperature;33.40
4853;pms5003;3628;6.559;3.386;2026-02-04T16:24:58.642734+00:00;P2;34.75
4853;pms5003;3628;6.559;3.386;2026-02-04T16:24:58.642734+00:00;P1;51.75
4853;pms5003;3628;6.559;3.386;2026-02-04T16:24:58.642734+00:00;P0;21.50
4854;DHT22;3628;6.559;3.386;2026-02-04T16:25:16.124970+00:00;humidity;77.10
4854;DHT22;3628;6.559;3.386;2026-02-04T16:25:16.124970+00:00;temperature;33.40
4853;pms5003;3628;6.559;3.386;2026-02-04T16:30:33.486385+00:00;P2;32.00
4853;pms5003;3628;6.559;3.386;2026-02-04T16:30:33.486385+00:00;P1;41.00
4853;pms5003;3628;6.559;3.386;2026-02-04T16:30:33.486385+00:00;P0;22.00
4854;DHT22;3628;6.559;3.386;2026-02-04T16:30:53.549160+00:00;humidity;77.80
4854;DHT22;3628;6.559;3.386;2026-02-04T16:30:53.549160+00:00;temperature;33.20
4854;DHT22;3628;6.559;3.386;2026-02-04T16:36:14.621168+00:00;humidity;78.70
4854;DHT22;3628;6.559;3.386;2026-02-04T16:36:14.621168+00:00;temperature;33.10
4853;pms5003;3628;6.559;3.386;2026-02-04T16:41:31.886562+00:00;P2;33.20
4853;pms5003;3628;6.559;3.386;2026-02-04T16:41:31.886562+00:00;P1;38.40
4853;pms5003;3628;6.559;3.386;2026-02-04T16:41:31.886562+00:00;P0;21.80
4853;pms5003;3628;6.559;3.386;2026-02-04T16:47:06.578474+00:00;P2;31.50
4853;pms5003;3628;6.559;3.386;2026-02-04T16:47:06.578474+00:00;P1;42.50
4853;pms5003;3628;6.559;3.386;2026-02-04T16:47:06.578474+00:00;P0;21.00
4854;DHT22;3628;6.559;3.386;2026-02-04T16:47:25.017545+00:00;humidity;79.60
4854;DHT22;3628;6.559;3.386;2026-02-04T16:47:25.017545+00:00;temperature;33.00
4853;pms5003;3628;6.559;3.386;2026-02-04T16:52:42.319839+00:00;P2;29.60
4853;pms5003;3628;6.559;3.386;2026-02-04T16:52:42.319839+00:00;P1;35.60
4853;pms5003;3628;6.559;3.386;2026-02-04T16:52:42.319839+00:00;P0;19.00
4854;DHT22;3628;6.559;3.386;2026-02-04T16:53:03.646658+00:00;humidity;80.20
4854;DHT22;3628;6.559;3.386;2026-02-04T16:53:03.646658+00:00;temperature;32.80
4853;pms5003;3628;6.559;3.386;2026-02-04T16:58:17.908387+00:00;P2;33.50
4853;pms5003;3628;6.559;3.386;2026-02-04T16:58:17.908387+00:00;P1;42.50
4853;pms5003;3628;6.559;3.386;2026-02-04T16:58:17.908387+00:00;P0;21.25
4854;DHT22;3628;6.559;3.386;2026-02-04T16:58:35.301703+00:00;humidity;80.10
4854;DHT22;3628;6.559;3.386;2026-02-04T16:58:35.301703+00:00;temperature;32.80
4853;pms5003;3628;6.559;3.386;2026-02-04T17:09:27.459956+00:00;P2;34.50
4853;pms5003;3628;6.559;3.386;2026-02-04T17:09:27.459956+00:00;P1;51.75
4853;pms5003;3628;6.559;3.386;2026-02-04T17:09:27.459956+00:00;P0;22.75
4854;DHT22;3628;6.559;3.386;2026-02-04T17:09:44.865764+00:00;humidity;81.10
4854;DHT22;3628;6.559;3.386;2026-02-04T17:09:44.865764+00:00;temperature;32.60
4853;pms5003;3628;6.559;3.386;2026-02-04T17:15:02.097764+00:00;P2;37.50
4853;pms5003;3628;6.559;3.386;2026-02-04T17:15:02.097764+00:00;P1;52.00
4853;pms5003;3628;6.559;3.386;2026-02-04T17:15:02.097764+00:00;P0;24.00
4854;DHT22;3628;6.559;3.386;2026-02-04T17:15:19.479577+00:00;humidity;81.50
4854;DHT22;3628;6.559;3.386;2026-02-04T17:15:19.479577+00:00;temperature;32.70
4853;pms5003;3628;6.559;3.386;2026-02-04T17:20:36.665740+00:00;P2;38.00
4853;pms5003;3628;6.559;3.386;2026-02-04T17:20:36.665740+00:00;P1;53.00
4853;pms5003;3628;6.559;3.386;2026-02-04T17:20:36.665740+00:00;P0;23.50
4854;DHT22;3628;6.559;3.386;2026-02-04T17:20:54.028659+00:00;humidity;81.50
4854;DHT22;3628;6.559;3.386;2026-02-04T17:20:54.028659+00:00;temperature;32.50
4854;DHT22;3628;6.559;3.386;2026-02-04T17:27:13.023738+00:00;humidity;81.60
4854;DHT22;3628;6.559;3.386;2026-02-04T17:27:13.023738+00:00;temperature;32.50
4853;pms5003;3628;6.559;3.386;2026-02-04T17:31:34.990515+00:00;P2;37.25
4853;pms5003;3628;6.559;3.386;2026-02-04T17:31:34.990515+00:00;P1;52.00
4853;pms5003;3628;6.559;3.386;2026-02-04T17:31:34.990515+00:00;P0;23.25
4854;DHT22;3628;6.559;3.386;2026-02-04T17:31:52.479561+00:00;humidity;81.80
4854;DHT22;3628;6.559;3.386;2026-02-04T17:31:52.479561+00:00;temperature;32.40
4853;pms5003;3628;6.559;3.386;2026-02-04T17:37:09.741605+00:00;P2;37.00
4853;pms5003;3628;6.559;3.386;2026-02-04T17:37:09.741605+00:00;P1;51.00
4853;pms5003;3628;6.559;3.386;2026-02-04T17:37:09.741605+00:00;P0;23.00
4853;pms5003;3628;6.559;3.386;2026-02-04T17:42:33.693815+00:00;P2;39.00
4853;pms5003;3628;6.559;3.386;2026-02-04T17:42:33.693815+00:00;P1;56.00
4853;pms5003;3628;6.559;3.386;2026-02-04T17:42:33.693815+00:00;P0;26.00
4853;pms5003;3628;6.559;3.386;2026-02-04T17:53:21.673901+00:00;P2;36.50
4853;pms5003;3628;6.559;3.386;2026-02-04T17:53:21.673901+00:00;P1;51.25
4853;pms5003;3628;6.559;3.386;2026-02-04T17:53:21.673901+00:00;P0;23.00
4854;DHT22;3628;6.559;3.386;2026-02-04T17:53:39.074997+00:00;humidity;81.70
4854;DHT22;3628;6.559;3.386;2026-02-04T17:53:39.074997+00:00;temperature;32.30
4854;DHT22;3628;6.559;3.386;2026-02-04T17:59:02.972050+00:00;humidity;81.90
4854;DHT22;3628;6.559;3.386;2026-02-04T17:59:02.972050+00:00;temperature;32.30
4853;pms5003;3628;6.559;3.386;2026-02-04T18:04:20.159951+00:00;P2;36.00
4853;pms5003;3628;6.559;3.386;2026-02-04T18:04:20.159951+00:00;P1;53.00
4853;pms5003;3628;6.559;3.386;2026-02-04T18:04:20.159951+00:00;P0;23.67
4854;DHT22;3628;6.559;3.386;2026-02-04T18:04:37.651859+00:00;humidity;81.90
4854;DHT22;3628;6.559;3.386;2026-02-04T18:04:37.651859+00:00;temperature;32.30
4853;pms5003;3628;6.559;3.386;2026-02-04T18:27:41.163582+00:00;P2;34.00
4853;pms5003;3628;6.559;3.386;2026-02-04T18:27:41.163582+00:00;P1;37.00
4853;pms5003;3628;6.559;3.386;2026-02-04T18:27:41.163582+00:00;P0;22.00
4853;pms5003;3628;6.559;3.386;2026-02-04T18:31:21.541744+00:00;P2;32.75
4853;pms5003;3628;6.559;3.386;2026-02-04T18:31:21.541744+00:00;P1;47.00
4853;pms5003;3628;6.559;3.386;2026-02-04T18:31:21.541744+00:00;P0;22.00
4854;DHT22;3628;6.559;3.386;2026-02-04T18:31:38.932021+00:00;humidity;82.80
4854;DHT22;3628;6.559;3.386;2026-02-04T18:31:38.932021+00:00;temperature;32.10
4853;pms5003;3628;6.559;3.386;2026-02-04T18:36:56.287125+00:00;P2;46.75
4853;pms5003;3628;6.559;3.386;2026-02-04T18:36:56.287125+00:00;P1;61.75
4853;pms5003;3628;6.559;3.386;2026-02-04T18:36:56.287125+00:00;P0;29.00
4854;DHT22;3628;6.559;3.386;2026-02-04T18:37:13.665437+00:00;humidity;84.40
4854;DHT22;3628;6.559;3.386;2026-02-04T18:37:13.665437+00:00;temperature;32.20
4853;pms5003;3628;6.559;3.386;2026-02-04T18:42:31.027618+00:00;P2;33.00
4853;pms5003;3628;6.559;3.386;2026-02-04T18:42:31.027618+00:00;P1;47.00
4853;pms5003;3628;6.559;3.386;2026-02-04T18:42:31.027618+00:00;P0;22.75
4854;DHT22;3628;6.559;3.386;2026-02-04T18:42:48.444200+00:00;humidity;85.40
4854;DHT22;3628;6.559;3.386;2026-02-04T18:42:48.444200+00:00;temperature;32.10
4853;pms5003;3628;6.559;3.386;2026-02-04T18:48:11.612853+00:00;P2;34.50
4853;pms5003;3628;6.559;3.386;2026-02-04T18:48:11.612853+00:00;P1;47.75
4853;pms5003;3628;6.559;3.386;2026-02-04T18:48:11.612853+00:00;P0;24.00
4854;DHT22;3628;6.559;3.386;2026-02-04T18:55:16.860065+00:00;humidity;86.10
4854;DHT22;3628;6.559;3.386;2026-02-04T18:55:16.860065+00:00;temperature;31.80
4853;pms5003;3628;6.559;3.386;2026-02-04T18:59:08.131510+00:00;P2;33.25
4853;pms5003;3628;6.559;3.386;2026-02-04T18:59:08.131510+00:00;P1;44.00
4853;pms5003;3628;6.559;3.386;2026-02-04T18:59:08.131510+00:00;P0;21.25
4854;DHT22;3628;6.559;3.386;2026-02-04T18:59:25.517734+00:00;humidity;86.30
4854;DHT22;3628;6.559;3.386;2026-02-04T18:59:25.517734+00:00;temperature;31.70
4853;pms5003;3628;6.559;3.386;2026-02-04T19:10:09.575473+00:00;P2;31.25
4853;pms5003;3628;6.559;3.386;2026-02-04T19:10:09.575473+00:00;P1;36.50
4853;pms5003;3628;6.559;3.386;2026-02-04T19:10:09.575473+00:00;P0;19.25
4854;DHT22;3628;6.559;3.386;2026-02-04T19:10:27.093897+00:00;humidity;86.00
4854;DHT22;3628;6.559;3.386;2026-02-04T19:10:27.093897+00:00;temperature;31.60
4853;pms5003;3628;6.559;3.386;2026-02-04T19:21:08.396725+00:00;P2;34.25
4853;pms5003;3628;6.559;3.386;2026-02-04T19:21:08.396725+00:00;P1;46.75
4853;pms5003;3628;6.559;3.386;2026-02-04T19:21:08.396725+00:00;P0;22.50
4854;DHT22;3628;6.559;3.386;2026-02-04T19:26:49.711658+00:00;humidity;86.80
4854;DHT22;3628;6.559;3.386;2026-02-04T19:26:49.711658+00:00;temperature;31.40
4854;DHT22;3628;6.559;3.386;2026-02-04T19:32:13.616328+00:00;humidity;86.00
4854;DHT22;3628;6.559;3.386;2026-02-04T19:32:13.616328+00:00;temperature;31.60
4853;pms5003;3628;6.559;3.386;2026-02-04T19:37:30.763456+00:00;P2;38.40
4853;pms5003;3628;6.559;3.386;2026-02-04T19:37:30.763456+00:00;P1;51.40
4853;pms5003;3628;6.559;3.386;2026-02-04T19:37:30.763456+00:00;P0;24.80
4854;DHT22;3628;6.559;3.386;2026-02-04T19:37:48.119272+00:00;humidity;86.30
4854;DHT22;3628;6.559;3.386;2026-02-04T19:37:48.119272+00:00;temperature;31.50
4853;pms5003;3628;6.559;3.386;2026-02-04T20:09:14.971705+00:00;P2;37.50
4853;pms5003;3628;6.559;3.386;2026-02-04T20:09:14.971705+00:00;P1;53.50
4853;pms5003;3628;6.559;3.386;2026-02-04T20:09:14.971705+00:00;P0;24.75
4854;DHT22;3628;6.559;3.386;2026-02-04T20:09:32.355121+00:00;humidity;85.60
4854;DHT22;3628;6.559;3.386;2026-02-04T20:09:32.355121+00:00;temperature;31.40
4854;DHT22;3628;6.559;3.386;2026-02-04T20:20:31.493691+00:00;humidity;85.90
4854;DHT22;3628;6.559;3.386;2026-02-04T20:20:31.493691+00:00;temperature;31.40
4853;pms5003;3628;6.559;3.386;2026-02-04T20:26:19.521711+00:00;P2;41.25
4853;pms5003;3628;6.559;3.386;2026-02-04T20:26:19.521711+00:00;P1;56.00
4853;pms5003;3628;6.559;3.386;2026-02-04T20:26:19.521711+00:00;P0;26.75
4853;pms5003;3628;6.559;3.386;2026-02-04T20:32:59.053954+00:00;P2;40.00
4853;pms5003;3628;6.559;3.386;2026-02-04T20:32:59.053954+00:00;P1;56.00
4853;pms5003;3628;6.559;3.386;2026-02-04T20:32:59.053954+00:00;P0;27.00
4853;pms5003;3628;6.559;3.386;2026-02-04T20:36:36.925781+00:00;P2;41.00
4853;pms5003;3628;6.559;3.386;2026-02-04T20:36:36.925781+00:00;P1;53.25
4853;pms5003;3628;6.559;3.386;2026-02-04T20:36:36.925781+00:00;P0;26.50
4854;DHT22;3628;6.559;3.386;2026-02-04T21:08:52.417780+00:00;humidity;86.00
4854;DHT22;3628;6.559;3.386;2026-02-04T21:08:52.417780+00:00;temperature;31.10
4853;pms5003;3628;6.559;3.386;2026-02-04T21:14:09.665138+00:00;P2;35.00
4853;pms5003;3628;6.559;3.386;2026-02-04T21:14:09.665138+00:00;P1;47.00
4853;pms5003;3628;6.559;3.386;2026-02-04T21:14:09.665138+00:00;P0;23.00
4854;DHT22;3628;6.559;3.386;2026-02-04T21:14:26.992032+00:00;humidity;86.10
4854;DHT22;3628;6.559;3.386;2026-02-04T21:14:26.992032+00:00;temperature;31.20
4853;pms5003;3628;6.559;3.386;2026-02-04T21:19:44.143756+00:00;P2;38.00
4853;pms5003;3628;6.559;3.386;2026-02-04T21:19:44.143756+00:00;P1;53.00
4853;pms5003;3628;6.559;3.386;2026-02-04T21:19:44.143756+00:00;P0;24.00
4853;pms5003;3628;6.559;3.386;2026-02-04T21:26:23.993092+00:00;P2;35.75
4853;pms5003;3628;6.559;3.386;2026-02-04T21:26:23.993092+00:00;P1;48.00
4853;pms5003;3628;6.559;3.386;2026-02-04T21:26:23.993092+00:00;P0;23.50
4853;pms5003;3628;6.559;3.386;2026-02-04T21:30:43.013407+00:00;P2;35.75
4853;pms5003;3628;6.559;3.386;2026-02-04T21:30:43.013407+00:00;P1;47.00
4853;pms5003;3628;6.559;3.386;2026-02-04T21:30:43.013407+00:00;P0;23.75
4854;DHT22;3628;6.559;3.386;2026-02-04T21:31:00.388649+00:00;humidity;86.90
4854;DHT22;3628;6.559;3.386;2026-02-04T21:31:00.388649+00:00;temperature;31.10
4853;pms5003;3628;6.559;3.386;2026-02-04T21:36:17.585909+00:00;P2;35.00
4853;pms5003;3628;6.559;3.386;2026-02-04T21:36:17.585909+00:00;P1;50.50
4853;pms5003;3628;6.559;3.386;2026-02-04T21:36:17.585909+00:00;P0;23.25
4854;DHT22;3628;6.559;3.386;2026-02-04T21:36:34.969289+00:00;humidity;86.70
4854;DHT22;3628;6.559;3.386;2026-02-04T21:36:34.969289+00:00;temperature;31.20
4854;DHT22;3628;6.559;3.386;2026-02-04T21:46:47.338372+00:00;humidity;87.00
4854;DHT22;3628;6.559;3.386;2026-02-04T21:46:47.338372+00:00;temperature;31.10
4853;pms5003;3628;6.559;3.386;2026-02-04T21:52:04.402138+00:00;P2;38.75
4853;pms5003;3628;6.559;3.386;2026-02-04T21:52:04.402138+00:00;P1;50.75
4853;pms5003;3628;6.559;3.386;2026-02-04T21:52:04.402138+00:00;P0;25.25
4854;DHT22;3628;6.559;3.386;2026-02-04T21:52:21.750915+00:00;humidity;87.10
4854;DHT22;3628;6.559;3.386;2026-02-04T21:52:21.750915+00:00;temperature;31.00
4853;pms5003;3628;6.559;3.386;2026-02-04T21:57:38.945995+00:00;P2;43.25
4853;pms5003;3628;6.559;3.386;2026-02-04T21:57:38.945995+00:00;P1;57.75
4853;pms5003;3628;6.559;3.386;2026-02-04T21:57:38.945995+00:00;P0;27.25
4854;DHT22;3628;6.559;3.386;2026-02-04T22:03:20.558562+00:00;humidity;86.80
4854;DHT22;3628;6.559;3.386;2026-02-04T22:03:20.558562+00:00;temperature;31.10
4854;DHT22;3628;6.559;3.386;2026-02-04T22:08:54.984809+00:00;humidity;87.40
4854;DHT22;3628;6.559;3.386;2026-02-04T22:08:54.984809+00:00;temperature;31.00
4853;pms5003;3628;6.559;3.386;2026-02-04T22:14:12.160472+00:00;P2;35.00
4853;pms5003;3628;6.559;3.386;2026-02-04T22:14:12.160472+00:00;P1;51.80
4853;pms5003;3628;6.559;3.386;2026-02-04T22:14:12.160472+00:00;P0;22.40
4854;DHT22;3628;6.559;3.386;2026-02-04T22:14:29.518705+00:00;humidity;87.30
4854;DHT22;3628;6.559;3.386;2026-02-04T22:14:29.518705+00:00;temperature;31.10
4853;pms5003;3628;6.559;3.386;2026-02-04T22:19:46.692450+00:00;P2;38.50
4853;pms5003;3628;6.559;3.386;2026-02-04T22:19:46.692450+00:00;P1;55.75
4853;pms5003;3628;6.559;3.386;2026-02-04T22:19:46.692450+00:00;P0;25.25
4854;DHT22;3628;6.559;3.386;2026-02-04T22:20:06.939462+00:00;humidity;87.40
4854;DHT22;3628;6.559;3.386;2026-02-04T22:20:06.939462+00:00;temperature;30.90
4853;pms5003;3628;6.559;3.386;2026-02-04T22:25:24.142594+00:00;P2;40.00
4853;pms5003;3628;6.559;3.386;2026-02-04T22:25:24.142594+00:00;P1;49.00
4853;pms5003;3628;6.559;3.386;2026-02-04T22:25:24.142594+00:00;P0;26.00
4854;DHT22;3628;6.559;3.386;2026-02-04T22:25:41.461644+00:00;humidity;87.30
4854;DHT22;3628;6.559;3.386;2026-02-04T22:25:41.461644+00:00;temperature;30.90
4853;pms5003;3628;6.559;3.386;2026-02-04T22:30:58.728350+00:00;P2;40.25
4853;pms5003;3628;6.559;3.386;2026-02-04T22:30:58.728350+00:00;P1;53.00
4853;pms5003;3628;6.559;3.386;2026-02-04T22:30:58.728350+00:00;P0;25.50
4853;pms5003;3628;6.559;3.386;2026-02-04T22:42:15.378584+00:00;P2;35.80
4853;pms5003;3628;6.559;3.386;2026-02-04T22:42:15.378584+00:00;P1;4'.00
4853;pms5003;3628;6.559;3.386;2026-02-04T22:42:15.378584+00:00;P0;22.00
4854;DHT22;3628;6.559;3.386;2026-02-04T22:42:32.752219+00:00;humidity;87.60
4854;DHT22;3628;6.559;3.386;2026-02-04T22:42:32.752219+00:00;temperature;30.90
4853;pms5003;3628;6.559;3.386;2026-02-04T22:47:49.940329+00:00;P2;36.75
4853;pms5003;3628;6.559;3.386;2026-02-04T22:47:49.940329+00:00;P1;50.25
4853;pms5003;3628;6.559;3.386;2026-02-04T22:47:49.940329+00:00;P0;24.50
4853;pms5003;3628;6.559;3.386;2026-02-04T22:53:24.492986+00:00;P2;37.75
4853;pms5003;3628;6.559;3.386;2026-02-04T22:53:24.492986+00:00;P1;47.25
4853;pms5003;3628;6.559;3.386;2026-02-04T22:53:24.492986+00:00;P0;24.75
4854;DHT22;3628;6.559;3.386;2026-02-04T22:53:41.929573+00:00;humidity;87.50
4854;DHT22;3628;6.559;3.386;2026-02-04T22:53:41.929573+00:00;temperature;30.90
4853;pms5003;3628;6.559;3.386;2026-02-04T22:58:59.122033+00:00;P2;41.67
4853;pms5003;3628;6.559;3.386;2026-02-04T22:58:59.122033+00:00;P1;55.67
4853;pms5003;3628;6.559;3.386;2026-02-04T22:58:59.122033+00:00;P0;25.67
4854;DHT22;3628;6.559;3.386;2026-02-04T22:59:16.594258+00:00;humidity;87.40
4854;DHT22;3628;6.559;3.386;2026-02-04T22:59:16.594258+00:00;temperature;31.00
4853;pms5003;3628;6.559;3.386;2026-02-04T23:04:33.822324+00:00;P2;47.00
4853;pms5003;3628;6.559;3.386;2026-02-04T23:04:33.822324+00:00;P1;60.25
4853;pms5003;3628;6.559;3.386;2026-02-04T23:04:33.822324+00:00;P0;31.00
4853;pms5003;3628;6.559;3.386;2026-02-04T23:09:58.048006+00:00;P2;60.00
4853;pms5003;3628;6.559;3.386;2026-02-04T23:09:58.048006+00:00;P1;73.75
4853;pms5003;3628;6.559;3.386;2026-02-04T23:09:58.048006+00:00;P0;39.25
4854;DHT22;3628;6.559;3.386;2026-02-04T23:10:18.280421+00:00;humidity;87.20
4854;DHT22;3628;6.559;3.386;2026-02-04T23:10:18.280421+00:00;temperature;31.00
4853;pms5003;3628;6.559;3.386;2026-02-04T23:15:46.224660+00:00;P2;51.50
4853;pms5003;3628;6.559;3.386;2026-02-04T23:15:46.224660+00:00;P1;68.75
4853;pms5003;3628;6.559;3.386;2026-02-04T23:15:46.224660+00:00;P0;34.50
4854;DHT22;3628;6.559;3.386;2026-02-04T23:15:52.804075+00:00;humidity;87.40
4854;DHT22;3628;6.559;3.386;2026-02-04T23:15:52.804075+00:00;temperature;31.00
4853;pms5003;3628;6.559;3.386;2026-02-04T23:22:39.765487+00:00;P2;43.50
4853;pms5003;3628;6.559;3.386;2026-02-04T23:22:39.765487+00:00;P1;59.00
4853;pms5003;3628;6.559;3.386;2026-02-04T23:22:39.765487+00:00;P0;28.00
4854;DHT22;3628;6.559;3.386;2026-02-04T23:31:54.310576+00:00;humidity;87.70
4854;DHT22;3628;6.559;3.386;2026-02-04T23:31:54.310576+00:00;temperature;30.90
4853;pms5003;3628;6.559;3.386;2026-02-04T23:37:34.765968+00:00;P2;48.25
4853;pms5003;3628;6.559;3.386;2026-02-04T23:37:34.765968+00:00;P1;62.25
4853;pms5003;3628;6.559;3.386;2026-02-04T23:37:34.765968+00:00;P0;32.00
4853;pms5003;3628;6.559;3.386;2026-02-04T23:42:35.862760+00:00;P2;49.00
4853;pms5003;3628;6.559;3.386;2026-02-04T23:42:35.862760+00:00;P1;61.50
4853;pms5003;3628;6.559;3.386;2026-02-04T23:42:35.862760+00:00;P0;33.00
4854;DHT22;3628;6.559;3.386;2026-02-04T23:42:53.224559+00:00;humidity;87.60
4854;DHT22;3628;6.559;3.386;2026-02-04T23:42:53.224559+00:00;temperature;30.90
4854;DHT22;3628;6.559;3.386;2026-02-04T23:48:17.058209+00:00;humidity;87.70
4854;DHT22;3628;6.559;3.386;2026-02-04T23:48:17.058209+00:00;temperature;30.90
4853;pms5003;3628;6.559;3.386;2026-02-04T23:55:02.370811+00:00;P2;49.00
4853;pms5003;3628;6.559;3.386;2026-02-04T23:55:02.370811+00:00;P1;63.00
4853;pms5003;3628;6.559;3.386;2026-02-04T23:55:02.370811+00:00;P0;31.00
4853;pms5003;3628;6.559;3.386;2026-02-04T23:58:58.535260+00:00;P2;45.75
4853;pms5003;3628;6.559;3.386;2026-02-04T23:58:58.535260+00:00;P1;61.00
4853;pms5003;3628;6.559;3.386;2026-02-04T23:58:58.535260+00:00;P0;30.00
4854;DHT22;3628;6.559;3.386;2026-02-04T23:59:15.885683+00:00;humidity;88.00
4854;DHT22;3628;6.559;3.386;2026-02-04T23:59:15.885683+00:00;temperature;30.80
4853;pms5003;3628;6.559;3.386;2026-02-05T00:05:18.673506+00:00;P2;42.60
4853;pms5003;3628;6.559;3.386;2026-02-05T00:05:18.673506+00:00;P1;60.00
4853;pms5003;3628;6.559;3.386;2026-02-05T00:05:18.673506+00:00;P0;27.00
4853;pms5003;3628;6.559;3.386;2026-02-05T00:09:57.484505+00:00;P2;41.50
4853;pms5003;3628;6.559;3.386;2026-02-05T00:09:57.484505+00:00;P1;60.50
4853;pms5003;3628;6.559;3.386;2026-02-05T00:09:57.484505+00:00;P0;26.25
4854;DHT22;3628;6.559;3.386;2026-02-05T00:10:15.222164+00:00;humidity;88.40
4854;DHT22;3628;6.559;3.386;2026-02-05T00:10:15.222164+00:00;temperature;30.70
4853;pms5003;3628;6.559;3.386;2026-02-05T00:15:32.417480+00:00;P2;44.00
4853;pms5003;3628;6.559;3.386;2026-02-05T00:15:32.417480+00:00;P1;52.50
4853;pms5003;3628;6.559;3.386;2026-02-05T00:15:32.417480+00:00;P0;28.00
4854;DHT22;3628;6.559;3.386;2026-02-05T00:15:49.777417+00:00;humidity;88.10
4854;DHT22;3628;6.559;3.386;2026-02-05T00:15:49.777417+00:00;temperature;30.70
4853;pms5003;3628;6.559;3.386;2026-02-05T00:21:06.995262+00:00;P2;43.60
4853;pms5003;3628;6.559;3.386;2026-02-05T00:21:06.995262+00:00;P1;56.20
4853;pms5003;3628;6.559;3.386;2026-02-05T00:21:06.995262+00:00;P0;27.60
4854;DHT22;3628;6.559;3.386;2026-02-05T00:21:24.396269+00:00;humidity;88.60
4854;DHT22;3628;6.559;3.386;2026-02-05T00:21:24.396269+00:00;temperature;30.60
4853;pms5003;3628;6.559;3.386;2026-02-05T00:26:41.583901+00:00;P2;38.00
4853;pms5003;3628;6.559;3.386;2026-02-05T00:26:41.583901+00:00;P1;48.60
4853;pms5003;3628;6.559;3.386;2026-02-05T00:26:41.583901+00:00;P0;23.60
4853;pms5003;3628;6.559;3.386;2026-02-05T00:32:05.994739+00:00;P2;40.25
4853;pms5003;3628;6.559;3.386;2026-02-05T00:32:05.994739+00:00;P1;55.50
4853;pms5003;3628;6.559;3.386;2026-02-05T00:32:05.994739+00:00;P0;26.00
4853;pms5003;3628;6.559;3.386;2026-02-05T00:37:30.085060+00:00;P2;39.00
4853;pms5003;3628;6.559;3.386;2026-02-05T00:37:30.085060+00:00;P1;51.75
4853;pms5003;3628;6.559;3.386;2026-02-05T00:37:30.085060+00:00;P0;26.00
4854;DHT22;3628;6.559;3.386;2026-02-05T00:37:47.452873+00:00;humidity;88.50
4854;DHT22;3628;6.559;3.386;2026-02-05T00:37:47.452873+00:00;temperature;30.60
4853;pms5003;3628;6.559;3.386;2026-02-05T00:43:04.570016+00:00;P2;43.00
4853;pms5003;3628;6.559;3.386;2026-02-05T00:43:04.570016+00:00;P1;56.75
4853;pms5003;3628;6.559;3.386;2026-02-05T00:43:04.570016+00:00;P0;28.00
4854;DHT22;3628;6.559;3.386;2026-02-05T00:59:27.192617+00:00;humidity;88.30
4854;DHT22;3628;6.559;3.386;2026-02-05T00:59:27.192617+00:00;temperature;30.60
4853;pms5003;3628;6.559;3.386;2026-02-05T01:04:38.292273+00:00;P2;47.33
4853;pms5003;3628;6.559;3.386;2026-02-05T01:04:38.292273+00:00;P1;61.33
4853;pms5003;3628;6.559;3.386;2026-02-05T01:04:38.292273+00:00;P0;31.00
4854;DHT22;3628;6.559;3.386;2026-02-05T01:05:45.881097+00:00;humidity;88.30
4854;DHT22;3628;6.559;3.386;2026-02-05T01:05:45.881097+00:00;temperature;30.60
4853;pms5003;3628;6.559;3.386;2026-02-05T06:02:13.112874+00:00;P2;65.50
4853;pms5003;3628;6.559;3.386;2026-02-05T06:02:13.112874+00:00;P1;75.00
4853;pms5003;3628;6.559;3.386;2026-02-05T06:02:13.112874+00:00;P0;42.50
4853;pms5003;3628;6.559;3.386;2026-02-05T10:07:35.844292+00:00;P2;42.00
4853;pms5003;3628;6.559;3.386;2026-02-05T10:07:35.844292+00:00;P1;56.67
4853;pms5003;3628;6.559;3.386;2026-02-05T10:07:35.844292+00:00;P0;27.67
4853;pms5003;3628;6.559;3.386;2026-02-05T10:45:28.389990+00:00;P2;31.00
4853;pms5003;3628;6.559;3.386;2026-02-05T10:45:28.389990+00:00;P1;39.25
4853;pms5003;3628;6.559;3.386;2026-02-05T10:45:28.389990+00:00;P0;19.25
4854;DHT22;3628;6.559;3.386;2026-02-05T10:45:45.722997+00:00;humidity;60.10
4854;DHT22;3628;6.559;3.386;2026-02-05T10:45:45.722997+00:00;temperature;38.10
4853;pms5003;3628;6.559;3.386;2026-02-05T10:51:02.906348+00:00;P2;31.75
4853;pms5003;3628;6.559;3.386;2026-02-05T10:51:02.906348+00:00;P1;41.50
4853;pms5003;3628;6.559;3.386;2026-02-05T10:51:02.906348+00:00;P0;20.00
4853;pms5003;3628;6.559;3.386;2026-02-05T10:56:37.404963+00:00;P2;29.60
4853;pms5003;3628;6.559;3.386;2026-02-05T10:56:37.404963+00:00;P1;44.60
4853;pms5003;3628;6.559;3.386;2026-02-05T10:56:37.404963+00:00;P0;18.80
4854;DHT22;3628;6.559;3.386;2026-02-05T10:56:54.824723+00:00;humidity;61.40
4854;DHT22;3628;6.559;3.386;2026-02-05T10:56:54.824723+00:00;temperature;37.80
4853;pms5003;3628;6.559;3.386;2026-02-05T11:07:28.055989+00:00;P2;32.00
4853;pms5003;3628;6.559;3.386;2026-02-05T11:07:28.055989+00:00;P1;49.20
4853;pms5003;3628;6.559;3.386;2026-02-05T11:07:28.055989+00:00;P0;21.00
4854;DHT22;3628;6.559;3.386;2026-02-05T11:07:45.393722+00:00;humidity;59.10
4854;DHT22;3628;6.559;3.386;2026-02-05T11:07:45.393722+00:00;temperature;38.40
4854;DHT22;3628;6.559;3.386;2026-02-05T11:13:19.981545+00:00;humidity;58.50
4854;DHT22;3628;6.559;3.386;2026-02-05T11:13:19.981545+00:00;temperature;38.90
4853;pms5003;3628;6.559;3.386;2026-02-05T11:18:37.199924+00:00;P2;30.00
4853;pms5003;3628;6.559;3.386;2026-02-05T11:18:37.199924+00:00;P1;45.40
4853;pms5003;3628;6.559;3.386;2026-02-05T11:18:37.199924+00:00;P0;20.00
4853;pms5003;3628;6.559;3.386;2026-02-05T11:24:00.923834+00:00;P2;29.25
4853;pms5003;3628;6.559;3.386;2026-02-05T11:24:00.923834+00:00;P1;42.25
4853;pms5003;3628;6.559;3.386;2026-02-05T11:24:00.923834+00:00;P0;22.00
4853;pms5003;3628;6.559;3.386;2026-02-05T11:34:48.378191+00:00;P2;29.80
4853;pms5003;3628;6.559;3.386;2026-02-05T11:34:48.378191+00:00;P1;45.20
4853;pms5003;3628;6.559;3.386;2026-02-05T11:34:48.378191+00:00;P0;20.40
4853;pms5003;3628;6.559;3.386;2026-02-05T11:40:15.167923+00:00;P2;30.00
4853;pms5003;3628;6.559;3.386;2026-02-05T11:40:15.167923+00:00;P1;40.50
4853;pms5003;3628;6.559;3.386;2026-02-05T11:40:15.167923+00:00;P0;20.00
4853;pms5003;3628;6.559;3.386;2026-02-05T11:45:39.076268+00:00;P2;32.75
4853;pms5003;3628;6.559;3.386;2026-02-05T11:45:39.076268+00:00;P1;35.50
4853;pms5003;3628;6.559;3.386;2026-02-05T11:45:39.076268+00:00;P0;20.00
4854;DHT22;3628;6.559;3.386;2026-02-05T11:45:56.498426+00:00;humidity;57.70
4854;DHT22;3628;6.559;3.386;2026-02-05T11:45:56.498426+00:00;temperature;39.00
4854;DHT22;3628;6.559;3.386;2026-02-05T11:51:31.021100+00:00;humidity;57.50
4854;DHT22;3628;6.559;3.386;2026-02-05T11:51:31.021100+00:00;temperature;38.80
4854;DHT22;3628;6.559;3.386;2026-02-05T12:02:29.571557+00:00;humidity;58.80
4854;DHT22;3628;6.559;3.386;2026-02-05T12:02:29.571557+00:00;temperature;38.30
4854;DHT22;3628;6.559;3.386;2026-02-05T12:07:54.578714+00:00;humidity;58.50
4854;DHT22;3628;6.559;3.386;2026-02-05T12:07:54.578714+00:00;temperature;38.60
4853;pms5003;3628;6.559;3.386;2026-02-05T12:13:11.772562+00:00;P2;30.00
4853;pms5003;3628;6.559;3.386;2026-02-05T12:13:11.772562+00:00;P1;43.67
4853;pms5003;3628;6.559;3.386;2026-02-05T12:13:11.772562+00:00;P0;20.33
4854;DHT22;3628;6.559;3.386;2026-02-05T12:13:29.116417+00:00;humidity;57.40
4854;DHT22;3628;6.559;3.386;2026-02-05T12:13:29.116417+00:00;temperature;39.40
4853;pms5003;3628;6.559;3.386;2026-02-05T12:18:46.322716+00:00;P2;29.25
4853;pms5003;3628;6.559;3.386;2026-02-05T12:18:46.322716+00:00;P1;38.50
4853;pms5003;3628;6.559;3.386;2026-02-05T12:18:46.322716+00:00;P0;18.25
4853;pms5003;3628;6.559;3.386;2026-02-05T12:29:35.985672+00:00;P2;29.50
4853;pms5003;3628;6.559;3.386;2026-02-05T12:29:35.985672+00:00;P1;33.00
4853;pms5003;3628;6.559;3.386;2026-02-05T12:29:35.985672+00:00;P0;20.00
4854;DHT22;3628;6.559;3.386;2026-02-05T12:40:30.872207+00:00;humidity;56.50
4854;DHT22;3628;6.559;3.386;2026-02-05T12:40:30.872207+00:00;temperature;39.10
4853;pms5003;3628;6.559;3.386;2026-02-05T12:51:22.575209+00:00;P2;28.25
4853;pms5003;3628;6.559;3.386;2026-02-05T12:51:22.575209+00:00;P1;37.00
4853;pms5003;3628;6.559;3.386;2026-02-05T12:51:22.575209+00:00;P0;19.25
4854;DHT22;3628;6.559;3.386;2026-02-05T12:51:39.938572+00:00;humidity;56.20
4854;DHT22;3628;6.559;3.386;2026-02-05T12:51:39.938572+00:00;temperature;39.40
4853;pms5003;3628;6.559;3.386;2026-02-05T12:56:57.101487+00:00;P2;27.00
4853;pms5003;3628;6.559;3.386;2026-02-05T12:56:57.101487+00:00;P1;38.75
4853;pms5003;3628;6.559;3.386;2026-02-05T12:56:57.101487+00:00;P0;18.50
4854;DHT22;3628;6.559;3.386;2026-02-05T12:57:14.439582+00:00;humidity;57.50
4854;DHT22;3628;6.559;3.386;2026-02-05T12:57:14.439582+00:00;temperature;38.50
4854;DHT22;3628;6.559;3.386;2026-02-05T13:08:02.105040+00:00;humidity;56.50
4854;DHT22;3628;6.559;3.386;2026-02-05T13:08:02.105040+00:00;temperature;39.00
4854;DHT22;3628;6.559;3.386;2026-02-05T13:19:00.641916+00:00;humidity;55.80
4854;DHT22;3628;6.559;3.386;2026-02-05T13:19:00.641916+00:00;temperature;39.30
4854;DHT22;3628;6.559;3.386;2026-02-05T13:29:38.004205+00:00;humidity;55.60
4854;DHT22;3628;6.559;3.386;2026-02-05T13:29:38.004205+00:00;temperature;39.70
4854;DHT22;3628;6.559;3.386;2026-02-05T13:35:01.917748+00:00;humidity;56.30
4854;DHT22;3628;6.559;3.386;2026-02-05T13:35:01.917748+00:00;temperature;39.10
4854;DHT22;3628;6.559;3.386;2026-02-05T13:40:26.225675+00:00;humidity;56.30
4854;DHT22;3628;6.559;3.386;2026-02-05T13:40:26.225675+00:00;temperature;39.00
4854;DHT22;3628;6.559;3.386;2026-02-05T13:45:49.971231+00:00;humidity;55.80
4854;DHT22;3628;6.559;3.386;2026-02-05T13:45:49.971231+00:00;temperature;38.90
4853;pms5003;3628;6.559;3.386;2026-02-05T13:51:07.204675+00:00;P2;31.33
4853;pms5003;3628;6.559;3.386;2026-02-05T13:51:07.204675+00:00;P1;45.00
4853;pms5003;3628;6.559;3.386;2026-02-05T13:51:07.204675+00:00;P0;22.00
4854;DHT22;3628;6.559;3.386;2026-02-05T13:51:24.627408+00:00;humidity;56.60
4854;DHT22;3628;6.559;3.386;2026-02-05T13:51:24.627408+00:00;temperature;39.00
4853;pms5003;3628;6.559;3.386;2026-02-05T13:56:44.881858+00:00;P2;34.80
4853;pms5003;3628;6.559;3.386;2026-02-05T13:56:44.881858+00:00;P1;44.60
4853;pms5003;3628;6.559;3.386;2026-02-05T13:56:44.881858+00:00;P0;22.00
4854;DHT22;3628;6.559;3.386;2026-02-05T13:57:02.463174+00:00;humidity;56.60
4854;DHT22;3628;6.559;3.386;2026-02-05T13:57:02.463174+00:00;temperature;39.30
4853;pms5003;3628;6.559;3.386;2026-02-05T14:02:19.587144+00:00;P2;29.40
4853;pms5003;3628;6.559;3.386;2026-02-05T14:02:19.587144+00:00;P1;37.40
4853;pms5003;3628;6.559;3.386;2026-02-05T14:02:19.587144+00:00;P0;20.00
4853;pms5003;3628;6.559;3.386;2026-02-05T14:07:46.621886+00:00;P2;27.33
4853;pms5003;3628;6.559;3.386;2026-02-05T14:07:46.621886+00:00;P1;45.33
4853;pms5003;3628;6.559;3.386;2026-02-05T14:07:46.621886+00:00;P0;17.67
4853;pms5003;3628;6.559;3.386;2026-02-05T14:13:16.301933+00:00;P2;32.00
4853;pms5003;3628;6.559;3.386;2026-02-05T14:13:16.301933+00:00;P1;42.20
4853;pms5003;3628;6.559;3.386;2026-02-05T14:13:16.301933+00:00;P0;19.40
4853;pms5003;3628;6.559;3.386;2026-02-05T14:18:50.437803+00:00;P2;25.25
4853;pms5003;3628;6.559;3.386;2026-02-05T14:18:50.437803+00:00;P1;33.50
4853;pms5003;3628;6.559;3.386;2026-02-05T14:18:50.437803+00:00;P0;18.25
4854;DHT22;3628;6.559;3.386;2026-02-05T14:19:08.893183+00:00;humidity;58.90
4854;DHT22;3628;6.559;3.386;2026-02-05T14:19:08.893183+00:00;temperature;39.00
4853;pms5003;3628;6.559;3.386;2026-02-05T14:29:39.731331+00:00;P2;30.00
4853;pms5003;3628;6.559;3.386;2026-02-05T14:29:39.731331+00:00;P1;30.00
4853;pms5003;3628;6.559;3.386;2026-02-05T14:29:39.731331+00:00;P0;18.67
4854;DHT22;3628;6.559;3.386;2026-02-05T14:29:57.177911+00:00;humidity;60.70
4854;DHT22;3628;6.559;3.386;2026-02-05T14:29:57.177911+00:00;temperature;38.30
4853;pms5003;3628;6.559;3.386;2026-02-05T14:35:14.377830+00:00;P2;28.50
4853;pms5003;3628;6.559;3.386;2026-02-05T14:35:14.377830+00:00;P1;34.50
4853;pms5003;3628;6.559;3.386;2026-02-05T14:35:14.377830+00:00;P0;19.00
4853;pms5003;3628;6.559;3.386;2026-02-05T14:40:40.036211+00:00;P2;24.00
4853;pms5003;3628;6.559;3.386;2026-02-05T14:40:40.036211+00:00;P1;32.40
4853;pms5003;3628;6.559;3.386;2026-02-05T14:40:40.036211+00:00;P0;16.00
4854;DHT22;3628;6.559;3.386;2026-02-05T14:40:57.461155+00:00;humidity;57.90
4854;DHT22;3628;6.559;3.386;2026-02-05T14:40:57.461155+00:00;temperature;39.60
4853;pms5003;3628;6.559;3.386;2026-02-05T14:46:18.777764+00:00;P2;30.50
4853;pms5003;3628;6.559;3.386;2026-02-05T14:46:18.777764+00:00;P1;35.50
4853;pms5003;3628;6.559;3.386;2026-02-05T14:46:18.777764+00:00;P0;20.00
4854;DHT22;3628;6.559;3.386;2026-02-05T14:46:36.201082+00:00;humidity;58.20
4854;DHT22;3628;6.559;3.386;2026-02-05T14:46:36.201082+00:00;temperature;39.20
4853;pms5003;3628;6.559;3.386;2026-02-05T14:51:53.396105+00:00;P2;29.00
4853;pms5003;3628;6.559;3.386;2026-02-05T14:51:53.396105+00:00;P1;44.25
4853;pms5003;3628;6.559;3.386;2026-02-05T14:51:53.396105+00:00;P0;20.00
4854;DHT22;3628;6.559;3.386;2026-02-05T14:52:10.907955+00:00;humidity;58.70
4854;DHT22;3628;6.559;3.386;2026-02-05T14:52:10.907955+00:00;temperature;39.10
4854;DHT22;3628;6.559;3.386;2026-02-05T14:57:45.677390+00:00;humidity;59.00
4854;DHT22;3628;6.559;3.386;2026-02-05T14:57:45.677390+00:00;temperature;39.10
4853;pms5003;3628;6.559;3.386;2026-02-05T15:08:27.148715+00:00;P2;29.00
4853;pms5003;3628;6.559;3.386;2026-02-05T15:08:27.148715+00:00;P1;40.00
4853;pms5003;3628;6.559;3.386;2026-02-05T15:08:27.148715+00:00;P0;18.75
4854;DHT22;3628;6.559;3.386;2026-02-05T15:08:44.575649+00:00;humidity;59.70
4854;DHT22;3628;6.559;3.386;2026-02-05T15:08:44.575649+00:00;temperature;38.90
4853;pms5003;3628;6.559;3.386;2026-02-05T15:14:01.822153+00:00;P2;32.80
4853;pms5003;3628;6.559;3.386;2026-02-05T15:14:01.822153+00:00;P1;46.80
4853;pms5003;3628;6.559;3.386;2026-02-05T15:14:01.822153+00:00;P0;21.40
4853;pms5003;3628;6.559;3.386;2026-02-05T15:19:26.126515+00:00;P2;29.00
4853;pms5003;3628;6.559;3.386;2026-02-05T15:19:26.126515+00:00;P1;34.33
4853;pms5003;3628;6.559;3.386;2026-02-05T15:19:26.126515+00:00;P0;20.00
4853;pms5003;3628;6.559;3.386;2026-02-05T15:25:00.680452+00:00;P2;28.00
4853;pms5003;3628;6.559;3.386;2026-02-05T15:25:00.680452+00:00;P1;31.50
4853;pms5003;3628;6.559;3.386;2026-02-05T15:25:00.680452+00:00;P0;19.75
4854;DHT22;3628;6.559;3.386;2026-02-05T15:25:18.119137+00:00;humidity;61.30
4854;DHT22;3628;6.559;3.386;2026-02-05T15:25:18.119137+00:00;temperature;38.30
4853;pms5003;3628;6.559;3.386;2026-02-05T15:30:35.363742+00:00;P2;31.60
4853;pms5003;3628;6.559;3.386;2026-02-05T15:30:35.363742+00:00;P1;48.40
4853;pms5003;3628;6.559;3.386;2026-02-05T15:30:35.363742+00:00;P0;20.00
4854;DHT22;3628;6.559;3.386;2026-02-05T15:30:52.786404+00:00;humidity;61.60
4854;DHT22;3628;6.559;3.386;2026-02-05T15:30:52.786404+00:00;temperature;38.10
4853;pms5003;3628;6.559;3.386;2026-02-05T15:36:10.041839+00:00;P2;31.50
4853;pms5003;3628;6.559;3.386;2026-02-05T15:36:10.041839+00:00;P1;45.75
4853;pms5003;3628;6.559;3.386;2026-02-05T15:36:10.041839+00:00;P0;19.75
4854;DHT22;3628;6.559;3.386;2026-02-05T15:36:27.537848+00:00;humidity;60.80
4854;DHT22;3628;6.559;3.386;2026-02-05T15:36:27.537848+00:00;temperature;38.50
4853;pms5003;3628;6.559;3.386;2026-02-05T15:41:44.687913+00:00;P2;30.00
4853;pms5003;3628;6.559;3.386;2026-02-05T15:41:44.687913+00:00;P1;34.25
4853;pms5003;3628;6.559;3.386;2026-02-05T15:41:44.687913+00:00;P0;20.00
4854;DHT22;3628;6.559;3.386;2026-02-05T15:42:02.186289+00:00;humidity;61.90
4854;DHT22;3628;6.559;3.386;2026-02-05T15:42:02.186289+00:00;temperature;38.00
4853;pms5003;3628;6.559;3.386;2026-02-05T15:52:43.785550+00:00;P2;29.75
4853;pms5003;3628;6.559;3.386;2026-02-05T15:52:43.785550+00:00;P1;37.75
4853;pms5003;3628;6.559;3.386;2026-02-05T15:52:43.785550+00:00;P0;19.25
4854;DHT22;3628;6.559;3.386;2026-02-05T15:53:01.178841+00:00;humidity;64.40
4854;DHT22;3628;6.559;3.386;2026-02-05T15:53:01.178841+00:00;temperature;37.10
4853;pms5003;3628;6.559;3.386;2026-02-05T15:58:21.340887+00:00;P2;27.33
4853;pms5003;3628;6.559;3.386;2026-02-05T15:58:21.340887+00:00;P1;38.33
4853;pms5003;3628;6.559;3.386;2026-02-05T15:58:21.340887+00:00;P0;19.00
4854;DHT22;3628;6.559;3.386;2026-02-05T15:58:38.811769+00:00;humidity;65.60
4854;DHT22;3628;6.559;3.386;2026-02-05T15:58:38.811769+00:00;temperature;37.10
4854;DHT22;3628;6.559;3.386;2026-02-05T16:04:02.741220+00:00;humidity;66.40
4854;DHT22;3628;6.559;3.386;2026-02-05T16:04:02.741220+00:00;temperature;36.50
4853;pms5003;3628;6.559;3.386;2026-02-05T16:09:19.952031+00:00;P2;34.00
4853;pms5003;3628;6.559;3.386;2026-02-05T16:09:19.952031+00:00;P1;51.00
4853;pms5003;3628;6.559;3.386;2026-02-05T16:09:19.952031+00:00;P0;21.75
4854;DHT22;3628;6.559;3.386;2026-02-05T16:09:37.393075+00:00;humidity;67.20
4854;DHT22;3628;6.559;3.386;2026-02-05T16:09:37.393075+00:00;temperature;36.30
4853;pms5003;3628;6.559;3.386;2026-02-05T16:14:54.590798+00:00;P2;31.20
4853;pms5003;3628;6.559;3.386;2026-02-05T16:14:54.590798+00:00;P1;43.60
4853;pms5003;3628;6.559;3.386;2026-02-05T16:14:54.590798+00:00;P0;20.20
4853;pms5003;3628;6.559;3.386;2026-02-05T16:20:18.921552+00:00;P2;29.00
4853;pms5003;3628;6.559;3.386;2026-02-05T16:20:18.921552+00:00;P1;39.00
4853;pms5003;3628;6.559;3.386;2026-02-05T16:20:18.921552+00:00;P0;19.00
4854;DHT22;3628;6.559;3.386;2026-02-05T16:20:36.485970+00:00;humidity;67.50
4854;DHT22;3628;6.559;3.386;2026-02-05T16:20:36.485970+00:00;temperature;36.20
4853;pms5003;3628;6.559;3.386;2026-02-05T16:31:19.146684+00:00;P2;30.33
4853;pms5003;3628;6.559;3.386;2026-02-05T16:31:19.146684+00:00;P1;49.00
4853;pms5003;3628;6.559;3.386;2026-02-05T16:31:19.146684+00:00;P0;18.33
4853;pms5003;3628;6.559;3.386;2026-02-05T16:36:53.962119+00:00;P2;33.50
4853;pms5003;3628;6.559;3.386;2026-02-05T16:36:53.962119+00:00;P1;47.75
4853;pms5003;3628;6.559;3.386;2026-02-05T16:36:53.962119+00:00;P0;22.25
4854;DHT22;3628;6.559;3.386;2026-02-05T16:37:11.556054+00:00;humidity;72.20
4854;DHT22;3628;6.559;3.386;2026-02-05T16:37:11.556054+00:00;temperature;34.70
4853;pms5003;3628;6.559;3.386;2026-02-05T16:42:28.736949+00:00;P2;31.25
4853;pms5003;3628;6.559;3.386;2026-02-05T16:42:28.736949+00:00;P1;41.25
4853;pms5003;3628;6.559;3.386;2026-02-05T16:42:28.736949+00:00;P0;20.00
4854;DHT22;3628;6.559;3.386;2026-02-05T16:42:46.172721+00:00;humidity;73.50
4854;DHT22;3628;6.559;3.386;2026-02-05T16:42:46.172721+00:00;temperature;34.40
4853;pms5003;3628;6.559;3.386;2026-02-05T16:48:03.449691+00:00;P2;31.50
4853;pms5003;3628;6.559;3.386;2026-02-05T16:48:03.449691+00:00;P1;35.50
4853;pms5003;3628;6.559;3.386;2026-02-05T16:48:03.449691+00:00;P0;21.00
4854;DHT22;3628;6.559;3.386;2026-02-05T16:48:20.814863+00:00;humidity;74.20
4854;DHT22;3628;6.559;3.386;2026-02-05T16:48:20.814863+00:00;temperature;34.30
4853;pms5003;3628;6.559;3.386;2026-02-05T16:53:38.059055+00:00;P2;33.75
4853;pms5003;3628;6.559;3.386;2026-02-05T16:53:38.059055+00:00;P1;48.50
4853;pms5003;3628;6.559;3.386;2026-02-05T16:53:38.059055+00:00;P0;22.00
4854;DHT22;3628;6.559;3.386;2026-02-05T16:53:55.493500+00:00;humidity;75.60
4854;DHT22;3628;6.559;3.386;2026-02-05T16:53:55.493500+00:00;temperature;33.80
4854;DHT22;3628;6.559;3.386;2026-02-05T16:59:33.097515+00:00;humidity;75.50
4854;DHT22;3628;6.559;3.386;2026-02-05T16:59:33.097515+00:00;temperature;33.90
4853;pms5003;3628;6.559;3.386;2026-02-05T17:04:50.661254+00:00;P2;32.00
4853;pms5003;3628;6.559;3.386;2026-02-05T17:04:50.661254+00:00;P1;47.60
4853;pms5003;3628;6.559;3.386;2026-02-05T17:04:50.661254+00:00;P0;20.00
4854;DHT22;3628;6.559;3.386;2026-02-05T17:05:13.669749+00:00;humidity;76.10
4854;DHT22;3628;6.559;3.386;2026-02-05T17:05:13.669749+00:00;temperature;33.70
4853;pms5003;3628;6.559;3.386;2026-02-05T17:10:30.899822+00:00;P2;30.00
4853;pms5003;3628;6.559;3.386;2026-02-05T17:10:30.899822+00:00;P1;42.00
4853;pms5003;3628;6.559;3.386;2026-02-05T17:10:30.899822+00:00;P0;20.00
4854;DHT22;3628;6.559;3.386;2026-02-05T17:10:48.403833+00:00;humidity;76.50
4854;DHT22;3628;6.559;3.386;2026-02-05T17:10:48.403833+00:00;temperature;33.40
4853;pms5003;3628;6.559;3.386;2026-02-05T17:21:29.463923+00:00;P2;30.50
4853;pms5003;3628;6.559;3.386;2026-02-05T17:21:29.463923+00:00;P1;45.25
4853;pms5003;3628;6.559;3.386;2026-02-05T17:21:29.463923+00:00;P0;19.25
4854;DHT22;3628;6.559;3.386;2026-02-05T17:21:46.889446+00:00;humidity;76.90
4854;DHT22;3628;6.559;3.386;2026-02-05T17:21:46.889446+00:00;temperature;33.20
4854;DHT22;3628;6.559;3.386;2026-02-05T17:27:10.820647+00:00;humidity;77.70
4854;DHT22;3628;6.559;3.386;2026-02-05T17:27:10.820647+00:00;temperature;33.10
4853;pms5003;3628;6.559;3.386;2026-02-05T17:37:52.340012+00:00;P2;24.00
4853;pms5003;3628;6.559;3.386;2026-02-05T17:37:52.340012+00:00;P1;25.00
4853;pms5003;3628;6.559;3.386;2026-02-05T17:37:52.340012+00:00;P0;17.00
4854;DHT22;3628;6.559;3.386;2026-02-05T17:38:09.898092+00:00;humidity;78.50
4854;DHT22;3628;6.559;3.386;2026-02-05T17:38:09.898092+00:00;temperature;32.90
4854;DHT22;3628;6.559;3.386;2026-02-05T17:43:44.477224+00:00;humidity;79.00
4854;DHT22;3628;6.559;3.386;2026-02-05T17:43:44.477224+00:00;temperature;32.80
4853;pms5003;3628;6.559;3.386;2026-02-05T17:49:01.727101+00:00;P2;30.00
4853;pms5003;3628;6.559;3.386;2026-02-05T17:49:01.727101+00:00;P1;33.20
4853;pms5003;3628;6.559;3.386;2026-02-05T17:49:01.727101+00:00;P0;17.80
4853;pms5003;3628;6.559;3.386;2026-02-05T17:54:39.471768+00:00;P2;30.25
4853;pms5003;3628;6.559;3.386;2026-02-05T17:54:39.471768+00:00;P1;36.25
4853;pms5003;3628;6.559;3.386;2026-02-05T17:54:39.471768+00:00;P0;17.25
4854;DHT22;3628;6.559;3.386;2026-02-05T17:54:56.817864+00:00;humidity;80.30
4854;DHT22;3628;6.559;3.386;2026-02-05T17:54:56.817864+00:00;temperature;32.60
4853;pms5003;3628;6.559;3.386;2026-02-05T18:00:14.048767+00:00;P2;27.00
4853;pms5003;3628;6.559;3.386;2026-02-05T18:00:14.048767+00:00;P1;33.75
4853;pms5003;3628;6.559;3.386;2026-02-05T18:00:14.048767+00:00;P0;18.00
4854;DHT22;3628;6.559;3.386;2026-02-05T18:05:44.396003+00:00;humidity;80.10
4854;DHT22;3628;6.559;3.386;2026-02-05T18:05:44.396003+00:00;temperature;32.40
4854;DHT22;3628;6.559;3.386;2026-02-05T18:11:08.603772+00:00;humidity;80.20
4854;DHT22;3628;6.559;3.386;2026-02-05T18:11:08.603772+00:00;temperature;32.40
4853;pms5003;3628;6.559;3.386;2026-02-05T18:16:25.911133+00:00;P2;29.50
4853;pms5003;3628;6.559;3.386;2026-02-05T18:16:25.911133+00:00;P1;43.50
4853;pms5003;3628;6.559;3.386;2026-02-05T18:16:25.911133+00:00;P0;19.50
4853;pms5003;3628;6.559;3.386;2026-02-05T18:21:49.961431+00:00;P2;29.33
4853;pms5003;3628;6.559;3.386;2026-02-05T18:21:49.961431+00:00;P1;43.67
4853;pms5003;3628;6.559;3.386;2026-02-05T18:21:49.961431+00:00;P0;18.33
4854;DHT22;3628;6.559;3.386;2026-02-05T18:22:07.373627+00:00;humidity;81.50
4854;DHT22;3628;6.559;3.386;2026-02-05T18:22:07.373627+00:00;temperature;32.20
4853;pms5003;3628;6.559;3.386;2026-02-05T18:27:24.649864+00:00;P2;31.25
4853;pms5003;3628;6.559;3.386;2026-02-05T18:27:24.649864+00:00;P1;36.00
4853;pms5003;3628;6.559;3.386;2026-02-05T18:27:24.649864+00:00;P0;20.00
4854;DHT22;3628;6.559;3.386;2026-02-05T18:27:42.066663+00:00;humidity;81.10
4854;DHT22;3628;6.559;3.386;2026-02-05T18:27:42.066663+00:00;temperature;32.30
4853;pms5003;3628;6.559;3.386;2026-02-05T18:32:59.279822+00:00;P2;28.00
4853;pms5003;3628;6.559;3.386;2026-02-05T18:32:59.279822+00:00;P1;29.80
4853;pms5003;3628;6.559;3.386;2026-02-05T18:32:59.279822+00:00;P0;19.60
4854;DHT22;3628;6.559;3.386;2026-02-05T18:33:16.787490+00:00;humidity;80.60
4854;DHT22;3628;6.559;3.386;2026-02-05T18:33:16.787490+00:00;temperature;32.20
4853;pms5003;3628;6.559;3.386;2026-02-05T18:38:34.011678+00:00;P2;30.50
4853;pms5003;3628;6.559;3.386;2026-02-05T18:38:34.011678+00:00;P1;42.75
4853;pms5003;3628;6.559;3.386;2026-02-05T18:38:34.011678+00:00;P0;20.00
4854;DHT22;3628;6.559;3.386;2026-02-05T18:38:51.450796+00:00;humidity;81.40
4854;DHT22;3628;6.559;3.386;2026-02-05T18:38:51.450796+00:00;temperature;32.00
4854;DHT22;3628;6.559;3.386;2026-02-05T19:10:35.019929+00:00;humidity;81.30
4854;DHT22;3628;6.559;3.386;2026-02-05T19:10:35.019929+00:00;temperature;31.90
4853;pms5003;3628;6.559;3.386;2026-02-05T19:15:52.472324+00:00;P2;33.67
4853;pms5003;3628;6.559;3.386;2026-02-05T19:15:52.472324+00:00;P1;50.00
4853;pms5003;3628;6.559;3.386;2026-02-05T19:15:52.472324+00:00;P0;22.00
4854;DHT22;3628;6.559;3.386;2026-02-05T19:16:09.630247+00:00;humidity;81.30
4854;DHT22;3628;6.559;3.386;2026-02-05T19:16:09.630247+00:00;temperature;32.00
4853;pms5003;3628;6.559;3.386;2026-02-05T19:21:26.797720+00:00;P2;31.75
4853;pms5003;3628;6.559;3.386;2026-02-05T19:21:26.797720+00:00;P1;35.00
4853;pms5003;3628;6.559;3.386;2026-02-05T19:21:26.797720+00:00;P0;19.75
4854;DHT22;3628;6.559;3.386;2026-02-05T19:21:44.136095+00:00;humidity;81.30
4854;DHT22;3628;6.559;3.386;2026-02-05T19:21:44.136095+00:00;temperature;31.90
4853;pms5003;3628;6.559;3.386;2026-02-05T19:27:01.326348+00:00;P2;30.00
4853;pms5003;3628;6.559;3.386;2026-02-05T19:27:01.326348+00:00;P1;43.50
4853;pms5003;3628;6.559;3.386;2026-02-05T19:27:01.326348+00:00;P0;20.00
4854;DHT22;3628;6.559;3.386;2026-02-05T19:27:18.809757+00:00;humidity;81.20
4854;DHT22;3628;6.559;3.386;2026-02-05T19:27:18.809757+00:00;temperature;31.80
4853;pms5003;3628;6.559;3.386;2026-02-05T19:32:36.025988+00:00;P2;31.00
4853;pms5003;3628;6.559;3.386;2026-02-05T19:32:36.025988+00:00;P1;43.50
4853;pms5003;3628;6.559;3.386;2026-02-05T19:32:36.025988+00:00;P0;20.00
4854;DHT22;3628;6.559;3.386;2026-02-05T19:32:53.385286+00:00;humidity;81.40
4854;DHT22;3628;6.559;3.386;2026-02-05T19:32:53.385286+00:00;temperature;31.70
4853;pms5003;3628;6.559;3.386;2026-02-05T19:38:10.556864+00:00;P2;34.50
4853;pms5003;3628;6.559;3.386;2026-02-05T19:38:10.556864+00:00;P1;49.25
4853;pms5003;3628;6.559;3.386;2026-02-05T19:38:10.556864+00:00;P0;22.25
4854;DHT22;3628;6.559;3.386;2026-02-05T19:38:27.995669+00:00;humidity;81.70
4854;DHT22;3628;6.559;3.386;2026-02-05T19:38:27.995669+00:00;temperature;31.80
4853;pms5003;3628;6.559;3.386;2026-02-05T19:43:45.285234+00:00;P2;32.00
4853;pms5003;3628;6.559;3.386;2026-02-05T19:43:45.285234+00:00;P1;47.50
4853;pms5003;3628;6.559;3.386;2026-02-05T19:43:45.285234+00:00;P0;22.00
4854;DHT22;3628;6.559;3.386;2026-02-05T19:44:02.617983+00:00;humidity;82.20
4854;DHT22;3628;6.559;3.386;2026-02-05T19:44:02.617983+00:00;temperature;31.70
4853;pms5003;3628;6.559;3.386;2026-02-05T19:49:19.796342+00:00;P2;31.50
4853;pms5003;3628;6.559;3.386;2026-02-05T19:49:19.796342+00:00;P1;43.00
4853;pms5003;3628;6.559;3.386;2026-02-05T19:49:19.796342+00:00;P0;20.00
4854;DHT22;3628;6.559;3.386;2026-02-05T19:49:37.181871+00:00;humidity;82.50
4854;DHT22;3628;6.559;3.386;2026-02-05T19:49:37.181871+00:00;temperature;31.80
4853;pms5003;3628;6.559;3.386;2026-02-05T19:54:54.382158+00:00;P2;34.20
4853;pms5003;3628;6.559;3.386;2026-02-05T19:54:54.382158+00:00;P1;43.20
4853;pms5003;3628;6.559;3.386;2026-02-05T19:54:54.382158+00:00;P0;22.40
4853;pms5003;3628;6.559;3.386;2026-02-05T20:00:18.236663+00:00;P2;32.50
4853;pms5003;3628;6.559;3.386;2026-02-05T20:00:18.236663+00:00;P1;45.50
4853;pms5003;3628;6.559;3.386;2026-02-05T20:00:18.236663+00:00;P0;23.00
4854;DHT22;3628;6.559;3.386;2026-02-05T20:00:35.547731+00:00;humidity;82.90
4854;DHT22;3628;6.559;3.386;2026-02-05T20:00:35.547731+00:00;temperature;31.70
4853;pms5003;3628;6.559;3.386;2026-02-05T20:05:52.744469+00:00;P2;32.00
4853;pms5003;3628;6.559;3.386;2026-02-05T20:05:52.744469+00:00;P1;45.00
4853;pms5003;3628;6.559;3.386;2026-02-05T20:05:52.744469+00:00;P0;21.00
4854;DHT22;3628;6.559;3.386;2026-02-05T20:06:10.100700+00:00;humidity;82.60
4854;DHT22;3628;6.559;3.386;2026-02-05T20:06:10.100700+00:00;temperature;31.70
4853;pms5003;3628;6.559;3.386;2026-02-05T20:11:27.367043+00:00;P2;33.75
4853;pms5003;3628;6.559;3.386;2026-02-05T20:11:27.367043+00:00;P1;41.50
4853;pms5003;3628;6.559;3.386;2026-02-05T20:11:27.367043+00:00;P0;22.25
4854;DHT22;3628;6.559;3.386;2026-02-05T20:11:44.711112+00:00;humidity;82.60
4854;DHT22;3628;6.559;3.386;2026-02-05T20:11:44.711112+00:00;temperature;31.70
4854;DHT22;3628;6.559;3.386;2026-02-05T20:17:08.461536+00:00;humidity;82.60
4854;DHT22;3628;6.559;3.386;2026-02-05T20:17:08.461536+00:00;temperature;31.70
4853;pms5003;3628;6.559;3.386;2026-02-05T20:22:25.982453+00:00;P2;31.25
4853;pms5003;3628;6.559;3.386;2026-02-05T20:22:25.982453+00:00;P1;37.25
4853;pms5003;3628;6.559;3.386;2026-02-05T20:22:25.982453+00:00;P0;20.25
4854;DHT22;3628;6.559;3.386;2026-02-05T20:22:43.009226+00:00;humidity;82.80
4854;DHT22;3628;6.559;3.386;2026-02-05T20:22:43.009226+00:00;temperature;31.50
4853;pms5003;3628;6.559;3.386;2026-02-05T20:28:00.216683+00:00;P2;34.60
4853;pms5003;3628;6.559;3.386;2026-02-05T20:28:00.216683+00:00;P1;40.40
4853;pms5003;3628;6.559;3.386;2026-02-05T20:28:00.216683+00:00;P0;23.20
4854;DHT22;3628;6.559;3.386;2026-02-05T20:28:17.568032+00:00;humidity;82.40
4854;DHT22;3628;6.559;3.386;2026-02-05T20:28:17.568032+00:00;temperature;31.70
4854;DHT22;3628;6.559;3.386;2026-02-05T20:33:41.943680+00:00;humidity;83.00
4854;DHT22;3628;6.559;3.386;2026-02-05T20:33:41.943680+00:00;temperature;31.60
4854;DHT22;3628;6.559;3.386;2026-02-05T20:39:05.698249+00:00;humidity;82.80
4854;DHT22;3628;6.559;3.386;2026-02-05T20:39:05.698249+00:00;temperature;31.60
4854;DHT22;3628;6.559;3.386;2026-02-05T20:55:17.593768+00:00;humidity;82.70
4854;DHT22;3628;6.559;3.386;2026-02-05T20:55:17.593768+00:00;temperature;31.60
4853;pms5003;3628;6.559;3.386;2026-02-05T21:00:34.783593+00:00;P2;35.00
4853;pms5003;3628;6.559;3.386;2026-02-05T21:00:34.783593+00:00;P1;47.20
4853;pms5003;3628;6.559;3.386;2026-02-05T21:00:34.783593+00:00;P0;23.20
4854;DHT22;3628;6.559;3.386;2026-02-05T21:00:52.135798+00:00;humidity;82.70
4854;DHT22;3628;6.559;3.386;2026-02-05T21:00:52.135798+00:00;temperature;31.50
4853;pms5003;3628;6.559;3.386;2026-02-05T21:06:09.349678+00:00;P2;32.60
4853;pms5003;3628;6.559;3.386;2026-02-05T21:06:09.349678+00:00;P1;42.00
4853;pms5003;3628;6.559;3.386;2026-02-05T21:06:09.349678+00:00;P0;22.00
4854;DHT22;3628;6.559;3.386;2026-02-05T21:06:26.697707+00:00;humidity;82.60
4854;DHT22;3628;6.559;3.386;2026-02-05T21:06:26.697707+00:00;temperature;31.60
4853;pms5003;3628;6.559;3.386;2026-02-05T21:11:44.060969+00:00;P2;35.00
4853;pms5003;3628;6.559;3.386;2026-02-05T21:11:44.060969+00:00;P1;45.50
4853;pms5003;3628;6.559;3.386;2026-02-05T21:11:44.060969+00:00;P0;23.00
4853;pms5003;3628;6.559;3.386;2026-02-05T21:17:07.749750+00:00;P2;34.50
4853;pms5003;3628;6.559;3.386;2026-02-05T21:17:07.749750+00:00;P1;46.50
4853;pms5003;3628;6.559;3.386;2026-02-05T21:17:07.749750+00:00;P0;24.00
4854;DHT22;3628;6.559;3.386;2026-02-05T21:17:25.104913+00:00;humidity;82.60
4854;DHT22;3628;6.559;3.386;2026-02-05T21:17:25.104913+00:00;temperature;31.50
4853;pms5003;3628;6.559;3.386;2026-02-05T21:22:42.353278+00:00;P2;31.25
4853;pms5003;3628;6.559;3.386;2026-02-05T21:22:42.353278+00:00;P1;47.25
4853;pms5003;3628;6.559;3.386;2026-02-05T21:22:42.353278+00:00;P0;21.00
4854;DHT22;3628;6.559;3.386;2026-02-05T21:22:59.740146+00:00;humidity;82.40
4854;DHT22;3628;6.559;3.386;2026-02-05T21:22:59.740146+00:00;temperature;31.50
4853;pms5003;3628;6.559;3.386;2026-02-05T21:28:17.052529+00:00;P2;35.75
4853;pms5003;3628;6.559;3.386;2026-02-05T21:28:17.052529+00:00;P1;52.00
4853;pms5003;3628;6.559;3.386;2026-02-05T21:28:17.052529+00:00;P0;22.25
4854;DHT22;3628;6.559;3.386;2026-02-05T21:28:34.438046+00:00;humidity;82.40
4854;DHT22;3628;6.559;3.386;2026-02-05T21:28:34.438046+00:00;temperature;31.50
4853;pms5003;3628;6.559;3.386;2026-02-05T21:39:15.845573+00:00;P2;32.00
4853;pms5003;3628;6.559;3.386;2026-02-05T21:39:15.845573+00:00;P1;46.25
4853;pms5003;3628;6.559;3.386;2026-02-05T21:39:15.845573+00:00;P0;22.00
4854;DHT22;3628;6.559;3.386;2026-02-05T21:39:33.201801+00:00;humidity;82.20
4854;DHT22;3628;6.559;3.386;2026-02-05T21:39:33.201801+00:00;temperature;31.50
4854;DHT22;3628;6.559;3.386;2026-02-05T21:44:57.256136+00:00;humidity;82.00
4854;DHT22;3628;6.559;3.386;2026-02-05T21:44:57.256136+00:00;temperature;31.60
4853;pms5003;3628;6.559;3.386;2026-02-05T21:55:30.273026+00:00;P2;33.00
4853;pms5003;3628;6.559;3.386;2026-02-05T21:55:30.273026+00:00;P1;47.00
4853;pms5003;3628;6.559;3.386;2026-02-05T21:55:30.273026+00:00;P0;22.25
4854;DHT22;3628;6.559;3.386;2026-02-05T21:55:47.757110+00:00;humidity;82.70
4854;DHT22;3628;6.559;3.386;2026-02-05T21:55:47.757110+00:00;temperature;31.40
4853;pms5003;3628;6.559;3.386;2026-02-05T22:01:04.932926+00:00;P2;33.00
4853;pms5003;3628;6.559;3.386;2026-02-05T22:01:04.932926+00:00;P1;43.50
4853;pms5003;3628;6.559;3.386;2026-02-05T22:01:04.932926+00:00;P0;23.00
4854;DHT22;3628;6.559;3.386;2026-02-05T22:01:22.313145+00:00;humidity;82.20
4854;DHT22;3628;6.559;3.386;2026-02-05T22:01:22.313145+00:00;temperature;31.50
4853;pms5003;3628;6.559;3.386;2026-02-05T22:06:39.525779+00:00;P2;36.25
4853;pms5003;3628;6.559;3.386;2026-02-05T22:06:39.525779+00:00;P1;44.25
4853;pms5003;3628;6.559;3.386;2026-02-05T22:06:39.525779+00:00;P0;24.25
4854;DHT22;3628;6.559;3.386;2026-02-05T22:06:56.908403+00:00;humidity;82.10
4854;DHT22;3628;6.559;3.386;2026-02-05T22:06:56.908403+00:00;temperature;31.50
4854;DHT22;3628;6.559;3.386;2026-02-05T22:12:20.830075+00:00;humidity;82.10
4854;DHT22;3628;6.559;3.386;2026-02-05T22:12:20.830075+00:00;temperature;31.40
4854;DHT22;3628;6.559;3.386;2026-02-05T22:17:44.734858+00:00;humidity;81.70
4854;DHT22;3628;6.559;3.386;2026-02-05T22:17:44.734858+00:00;temperature;31.40
4853;pms5003;3628;6.559;3.386;2026-02-05T22:23:01.944978+00:00;P2;35.00
4853;pms5003;3628;6.559;3.386;2026-02-05T22:23:01.944978+00:00;P1;45.00
4853;pms5003;3628;6.559;3.386;2026-02-05T22:23:01.944978+00:00;P0;24.00
4854;DHT22;3628;6.559;3.386;2026-02-05T22:23:19.460149+00:00;humidity;81.20
4854;DHT22;3628;6.559;3.386;2026-02-05T22:23:19.460149+00:00;temperature;31.50
4853;pms5003;3628;6.559;3.386;2026-02-05T22:36:01.340731+00:00;P2;35.67
4853;pms5003;3628;6.559;3.386;2026-02-05T22:36:01.340731+00:00;P1;48.33
4853;pms5003;3628;6.559;3.386;2026-02-05T22:36:01.340731+00:00;P0;24.67
4854;DHT22;3628;6.559;3.386;2026-02-05T22:36:18.918806+00:00;humidity;81.70
4854;DHT22;3628;6.559;3.386;2026-02-05T22:36:18.918806+00:00;temperature;31.30
4853;pms5003;3628;6.559;3.386;2026-02-05T22:41:36.145485+00:00;P2;38.00
4853;pms5003;3628;6.559;3.386;2026-02-05T22:41:36.145485+00:00;P1;52.50
4853;pms5003;3628;6.559;3.386;2026-02-05T22:41:36.145485+00:00;P0;27.00
4854;DHT22;3628;6.559;3.386;2026-02-05T22:41:53.551720+00:00;humidity;82.10
4854;DHT22;3628;6.559;3.386;2026-02-05T22:41:53.551720+00:00;temperature;31.20
4853;pms5003;3628;6.559;3.386;2026-02-05T22:47:10.798922+00:00;P2;39.20
4853;pms5003;3628;6.559;3.386;2026-02-05T22:47:10.798922+00:00;P1;55.40
4853;pms5003;3628;6.559;3.386;2026-02-05T22:47:10.798922+00:00;P0;25.80
4854;DHT22;3628;6.559;3.386;2026-02-05T22:47:28.505157+00:00;humidity;82.50
4854;DHT22;3628;6.559;3.386;2026-02-05T22:47:28.505157+00:00;temperature;31.20
4853;pms5003;3628;6.559;3.386;2026-02-05T22:52:45.501386+00:00;P2;38.75
4853;pms5003;3628;6.559;3.386;2026-02-05T22:52:45.501386+00:00;P1;46.50
4853;pms5003;3628;6.559;3.386;2026-02-05T22:52:45.501386+00:00;P0;26.25
4854;DHT22;3628;6.559;3.386;2026-02-05T22:53:02.972615+00:00;humidity;82.80
4854;DHT22;3628;6.559;3.386;2026-02-05T22:53:02.972615+00:00;temperature;31.10
4853;pms5003;3628;6.559;3.386;2026-02-05T22:58:20.167286+00:00;P2;37.00
4853;pms5003;3628;6.559;3.386;2026-02-05T22:58:20.167286+00:00;P1;52.00
4853;pms5003;3628;6.559;3.386;2026-02-05T22:58:20.167286+00:00;P0;25.25
4854;DHT22;3628;6.559;3.386;2026-02-05T22:58:37.627807+00:00;humidity;82.50
4854;DHT22;3628;6.559;3.386;2026-02-05T22:58:37.627807+00:00;temperature;31.20
4854;DHT22;3628;6.559;3.386;2026-02-05T23:04:01.662023+00:00;humidity;82.50
4854;DHT22;3628;6.559;3.386;2026-02-05T23:04:01.662023+00:00;temperature;31.20
4853;pms5003;3628;6.559;3.386;2026-02-05T23:09:18.895198+00:00;P2;33.80
4853;pms5003;3628;6.559;3.386;2026-02-05T23:09:18.895198+00:00;P1;48.20
4853;pms5003;3628;6.559;3.386;2026-02-05T23:09:18.895198+00:00;P0;21.80
4853;pms5003;3628;6.559;3.386;2026-02-05T23:14:42.839768+00:00;P2;35.00
4853;pms5003;3628;6.559;3.386;2026-02-05T23:14:42.839768+00:00;P1;46.50
4853;pms5003;3628;6.559;3.386;2026-02-05T23:14:42.839768+00:00;P0;23.00
4854;DHT22;3628;6.559;3.386;2026-02-05T23:15:00.371657+00:00;humidity;83.10
4854;DHT22;3628;6.559;3.386;2026-02-05T23:15:00.371657+00:00;temperature;31.20
4853;pms5003;3628;6.559;3.386;2026-02-05T23:20:17.557476+00:00;P2;31.25
4853;pms5003;3628;6.559;3.386;2026-02-05T23:20:17.557476+00:00;P1;45.00
4853;pms5003;3628;6.559;3.386;2026-02-05T23:20:17.557476+00:00;P0;20.00
4854;DHT22;3628;6.559;3.386;2026-02-05T23:20:34.970701+00:00;humidity;82.40
4854;DHT22;3628;6.559;3.386;2026-02-05T23:20:34.970701+00:00;temperature;31.30
4853;pms5003;3628;6.559;3.386;2026-02-05T23:25:52.178643+00:00;P2;32.00
4853;pms5003;3628;6.559;3.386;2026-02-05T23:25:52.178643+00:00;P1;44.50
4853;pms5003;3628;6.559;3.386;2026-02-05T23:25:52.178643+00:00;P0;20.75
4853;pms5003;3628;6.559;3.386;2026-02-05T23:36:29.083832+00:00;P2;37.00
4853;pms5003;3628;6.559;3.386;2026-02-05T23:36:29.083832+00:00;P1;52.75
4853;pms5003;3628;6.559;3.386;2026-02-05T23:36:29.083832+00:00;P0;24.25
4854;DHT22;3628;6.559;3.386;2026-02-05T23:36:46.593062+00:00;humidity;82.50
4854;DHT22;3628;6.559;3.386;2026-02-05T23:36:46.593062+00:00;temperature;31.10
4853;pms5003;3628;6.559;3.386;2026-02-05T23:42:03.776059+00:00;P2;32.00
4853;pms5003;3628;6.559;3.386;2026-02-05T23:42:03.776059+00:00;P1;45.33
4853;pms5003;3628;6.559;3.386;2026-02-05T23:42:03.776059+00:00;P0;22.00
4854;DHT22;3628;6.559;3.386;2026-02-05T23:42:21.225572+00:00;humidity;83.20
4854;DHT22;3628;6.559;3.386;2026-02-05T23:42:21.225572+00:00;temperature;31.00
4853;pms5003;3628;6.559;3.386;2026-02-05T23:47:38.465690+00:00;P2;27.40
4853;pms5003;3628;6.559;3.386;2026-02-05T23:47:38.465690+00:00;P1;32.20
4853;pms5003;3628;6.559;3.386;2026-02-05T23:47:38.465690+00:00;P0;18.00
4854;DHT22;3628;6.559;3.386;2026-02-05T23:47:55.910885+00:00;humidity;83.10
4854;DHT22;3628;6.559;3.386;2026-02-05T23:47:55.910885+00:00;temperature;31.00
4853;pms5003;3628;6.559;3.386;2026-02-05T23:53:13.090662+00:00;P2;30.33
4853;pms5003;3628;6.559;3.386;2026-02-05T23:53:13.090662+00:00;P1;45.67
4853;pms5003;3628;6.559;3.386;2026-02-05T23:53:13.090662+00:00;P0;21.00
4854;DHT22;3628;6.559;3.386;2026-02-05T23:53:30.604054+00:00;humidity;82.80
4854;DHT22;3628;6.559;3.386;2026-02-05T23:53:30.604054+00:00;temperature;31.10
4853;pms5003;3628;6.559;3.386;2026-02-05T23:58:47.796412+00:00;P2;31.75
4853;pms5003;3628;6.559;3.386;2026-02-05T23:58:47.796412+00:00;P1;33.00
4853;pms5003;3628;6.559;3.386;2026-02-05T23:58:47.796412+00:00;P0;20.00
4854;DHT22;3628;6.559;3.386;2026-02-05T23:59:05.218308+00:00;humidity;83.10
4854;DHT22;3628;6.559;3.386;2026-02-05T23:59:05.218308+00:00;temperature;31.00
4853;pms5003;3628;6.559;3.386;2026-02-06T00:04:22.440983+00:00;P2;26.20
4853;pms5003;3628;6.559;3.386;2026-02-06T00:04:22.440983+00:00;P1;39.80
4853;pms5003;3628;6.559;3.386;2026-02-06T00:04:22.440983+00:00;P0;17.80
4854;DHT22;3628;6.559;3.386;2026-02-06T00:09:53.252891+00:00;humidity;83.10
4854;DHT22;3628;6.559;3.386;2026-02-06T00:09:53.252891+00:00;temperature;30.90
4853;pms5003;3628;6.559;3.386;2026-02-06T00:15:10.501962+00:00;P2;29.00
4853;pms5003;3628;6.559;3.386;2026-02-06T00:15:10.501962+00:00;P1;31.80
4853;pms5003;3628;6.559;3.386;2026-02-06T00:15:10.501962+00:00;P0;18.40
4854;DHT22;3628;6.559;3.386;2026-02-06T00:15:27.903075+00:00;humidity;82.80
4854;DHT22;3628;6.559;3.386;2026-02-06T00:15:27.903075+00:00;temperature;31.00
4853;pms5003;3628;6.559;3.386;2026-02-06T00:20:45.129058+00:00;P2;27.50
4853;pms5003;3628;6.559;3.386;2026-02-06T00:20:45.129058+00:00;P1;38.00
4853;pms5003;3628;6.559;3.386;2026-02-06T00:20:45.129058+00:00;P0;17.00
4854;DHT22;3628;6.559;3.386;2026-02-06T00:21:02.537588+00:00;humidity;82.80
4854;DHT22;3628;6.559;3.386;2026-02-06T00:21:02.537588+00:00;temperature;31.00
4853;pms5003;3628;6.559;3.386;2026-02-06T00:26:19.728116+00:00;P2;25.50
4853;pms5003;3628;6.559;3.386;2026-02-06T00:26:19.728116+00:00;P1;36.50
4853;pms5003;3628;6.559;3.386;2026-02-06T00:26:19.728116+00:00;P0;17.25
4854;DHT22;3628;6.559;3.386;2026-02-06T00:26:37.250897+00:00;humidity;82.50
4854;DHT22;3628;6.559;3.386;2026-02-06T00:26:37.250897+00:00;temperature;31.00
4854;DHT22;3628;6.559;3.386;2026-02-06T00:32:03.871944+00:00;humidity;82.70
4854;DHT22;3628;6.559;3.386;2026-02-06T00:32:03.871944+00:00;temperature;31.00
4853;pms5003;3628;6.559;3.386;2026-02-06T00:37:21.077606+00:00;P2;30.33
4853;pms5003;3628;6.559;3.386;2026-02-06T00:37:21.077606+00:00;P1;48.00
4853;pms5003;3628;6.559;3.386;2026-02-06T00:37:21.077606+00:00;P0;19.67
4854;DHT22;3628;6.559;3.386;2026-02-06T00:37:38.561147+00:00;humidity;82.90
4854;DHT22;3628;6.559;3.386;2026-02-06T00:37:38.561147+00:00;temperature;30.90
4853;pms5003;3628;6.559;3.386;2026-02-06T00:42:55.771381+00:00;P2;34.00
4853;pms5003;3628;6.559;3.386;2026-02-06T00:42:55.771381+00:00;P1;48.40
4853;pms5003;3628;6.559;3.386;2026-02-06T00:42:55.771381+00:00;P0;22.00
4853;pms5003;3628;6.559;3.386;2026-02-06T00:48:52.579329+00:00;P2;32.50
4853;pms5003;3628;6.559;3.386;2026-02-06T00:48:52.579329+00:00;P1;44.75
4853;pms5003;3628;6.559;3.386;2026-02-06T00:48:52.579329+00:00;P0;21.00
4853;pms5003;3628;6.559;3.386;2026-02-06T00:54:16.511864+00:00;P2;32.00
4853;pms5003;3628;6.559;3.386;2026-02-06T00:54:16.511864+00:00;P1;38.25
4853;pms5003;3628;6.559;3.386;2026-02-06T00:54:16.511864+00:00;P0;20.75
4854;DHT22;3628;6.559;3.386;2026-02-06T00:54:33.982353+00:00;humidity;82.70
4854;DHT22;3628;6.559;3.386;2026-02-06T00:54:33.982353+00:00;temperature;30.90
4853;pms5003;3628;6.559;3.386;2026-02-06T00:59:51.165753+00:00;P2;38.25
4853;pms5003;3628;6.559;3.386;2026-02-06T00:59:51.165753+00:00;P1;52.25
4853;pms5003;3628;6.559;3.386;2026-02-06T00:59:51.165753+00:00;P0;23.00
4854;DHT22;3628;6.559;3.386;2026-02-06T01:00:08.611263+00:00;humidity;82.40
4854;DHT22;3628;6.559;3.386;2026-02-06T01:00:08.611263+00:00;temperature;31.10
4853;pms5003;3628;6.559;3.386;2026-02-06T01:05:25.827614+00:00;P2;35.33
4853;pms5003;3628;6.559;3.386;2026-02-06T01:05:25.827614+00:00;P1;46.33
4853;pms5003;3628;6.559;3.386;2026-02-06T01:05:25.827614+00:00;P0;23.00
4854;DHT22;3628;6.559;3.386;2026-02-06T01:05:43.270771+00:00;humidity;82.70
4854;DHT22;3628;6.559;3.386;2026-02-06T01:05:43.270771+00:00;temperature;31.00
4853;pms5003;3628;6.559;3.386;2026-02-06T01:11:00.570101+00:00;P2;42.75
4853;pms5003;3628;6.559;3.386;2026-02-06T01:11:00.570101+00:00;P1;60.00
4853;pms5003;3628;6.559;3.386;2026-02-06T01:11:00.570101+00:00;P0;27.00
4854;DHT22;3628;6.559;3.386;2026-02-06T01:11:18.078655+00:00;humidity;82.90
4854;DHT22;3628;6.559;3.386;2026-02-06T01:11:18.078655+00:00;temperature;31.00
4853;pms5003;3628;6.559;3.386;2026-02-06T01:16:35.523605+00:00;P2;44.40
4853;pms5003;3628;6.559;3.386;2026-02-06T01:16:35.523605+00:00;P1;61.40
4853;pms5003;3628;6.559;3.386;2026-02-06T01:16:35.523605+00:00;P0;28.00
4854;DHT22;3628;6.559;3.386;2026-02-06T01:16:53.041319+00:00;humidity;83.30
4854;DHT22;3628;6.559;3.386;2026-02-06T01:16:53.041319+00:00;temperature;30.90
4853;pms5003;3628;6.559;3.386;2026-02-06T01:22:10.643631+00:00;P2;44.50
4853;pms5003;3628;6.559;3.386;2026-02-06T01:22:10.643631+00:00;P1;62.50
4853;pms5003;3628;6.559;3.386;2026-02-06T01:22:10.643631+00:00;P0;26.75
4854;DHT22;3628;6.559;3.386;2026-02-06T01:22:28.156759+00:00;humidity;83.50
4854;DHT22;3628;6.559;3.386;2026-02-06T01:22:28.156759+00:00;temperature;30.90
4854;DHT22;3628;6.559;3.386;2026-02-06T01:27:52.190087+00:00;humidity;83.70
4854;DHT22;3628;6.559;3.386;2026-02-06T01:27:52.190087+00:00;temperature;30.90
4853;pms5003;3628;6.559;3.386;2026-02-06T01:33:09.487290+00:00;P2;43.00
4853;pms5003;3628;6.559;3.386;2026-02-06T01:33:09.487290+00:00;P1;60.00
4853;pms5003;3628;6.559;3.386;2026-02-06T01:33:09.487290+00:00;P0;27.00
4854;DHT22;3628;6.559;3.386;2026-02-06T01:33:26.891313+00:00;humidity;83.90
4854;DHT22;3628;6.559;3.386;2026-02-06T01:33:26.891313+00:00;temperature;30.90
4853;pms5003;3628;6.559;3.386;2026-02-06T01:44:07.796093+00:00;P2;38.00
4853;pms5003;3628;6.559;3.386;2026-02-06T01:44:07.796093+00:00;P1;46.75
4853;pms5003;3628;6.559;3.386;2026-02-06T01:44:07.796093+00:00;P0;24.00
4853;pms5003;3628;6.559;3.386;2026-02-06T01:49:31.843497+00:00;P2;33.50
4853;pms5003;3628;6.559;3.386;2026-02-06T01:49:31.843497+00:00;P1;45.00
4853;pms5003;3628;6.559;3.386;2026-02-06T01:49:31.843497+00:00;P0;23.50
4854;DHT22;3628;6.559;3.386;2026-02-06T01:55:27.082824+00:00;humidity;84.30
4854;DHT22;3628;6.559;3.386;2026-02-06T01:55:27.082824+00:00;temperature;30.90
4853;pms5003;3628;6.559;3.386;2026-02-06T02:06:08.660956+00:00;P2;33.00
4853;pms5003;3628;6.559;3.386;2026-02-06T02:06:08.660956+00:00;P1;45.75
4853;pms5003;3628;6.559;3.386;2026-02-06T02:06:08.660956+00:00;P0;22.00
4854;DHT22;3628;6.559;3.386;2026-02-06T02:06:26.174466+00:00;humidity;83.80
4854;DHT22;3628;6.559;3.386;2026-02-06T02:06:26.174466+00:00;temperature;30.90
4853;pms5003;3628;6.559;3.386;2026-02-06T02:11:43.461673+00:00;P2;32.33
4853;pms5003;3628;6.559;3.386;2026-02-06T02:11:43.461673+00:00;P1;46.33
4853;pms5003;3628;6.559;3.386;2026-02-06T02:11:43.461673+00:00;P0;21.67
4854;DHT22;3628;6.559;3.386;2026-02-06T02:12:00.971155+00:00;humidity;83.50
4854;DHT22;3628;6.559;3.386;2026-02-06T02:12:00.971155+00:00;temperature;31.00
4853;pms5003;3628;6.559;3.386;2026-02-06T02:17:18.279144+00:00;P2;38.25
4853;pms5003;3628;6.559;3.386;2026-02-06T02:17:18.279144+00:00;P1;52.00
4853;pms5003;3628;6.559;3.386;2026-02-06T02:17:18.279144+00:00;P0;24.00
4854;DHT22;3628;6.559;3.386;2026-02-06T02:17:35.596873+00:00;humidity;83.30
4854;DHT22;3628;6.559;3.386;2026-02-06T02:17:35.596873+00:00;temperature;30.90
4853;pms5003;3628;6.559;3.386;2026-02-06T02:22:52.996968+00:00;P2;42.80
4853;pms5003;3628;6.559;3.386;2026-02-06T02:22:52.996968+00:00;P1;58.00
4853;pms5003;3628;6.559;3.386;2026-02-06T02:22:52.996968+00:00;P0;27.00
4854;DHT22;3628;6.559;3.386;2026-02-06T02:23:10.500683+00:00;humidity;83.20
4854;DHT22;3628;6.559;3.386;2026-02-06T02:23:10.500683+00:00;temperature;30.90
4853;pms5003;3628;6.559;3.386;2026-02-06T02:28:27.853481+00:00;P2;43.50
4853;pms5003;3628;6.559;3.386;2026-02-06T02:28:27.853481+00:00;P1;61.25
4853;pms5003;3628;6.559;3.386;2026-02-06T02:28:27.853481+00:00;P0;28.00
4854;DHT22;3628;6.559;3.386;2026-02-06T02:28:45.267926+00:00;humidity;83.10
4854;DHT22;3628;6.559;3.386;2026-02-06T02:28:45.267926+00:00;temperature;31.00
4854;DHT22;3628;6.559;3.386;2026-02-06T02:34:19.970058+00:00;humidity;83.00
4854;DHT22;3628;6.559;3.386;2026-02-06T02:34:19.970058+00:00;temperature;31.00
4853;pms5003;3628;6.559;3.386;2026-02-06T02:39:37.181337+00:00;P2;35.00
4853;pms5003;3628;6.559;3.386;2026-02-06T02:39:37.181337+00:00;P1;44.20
4853;pms5003;3628;6.559;3.386;2026-02-06T02:39:37.181337+00:00;P0;23.00
4854;DHT22;3628;6.559;3.386;2026-02-06T02:39:54.680628+00:00;humidity;83.10
4854;DHT22;3628;6.559;3.386;2026-02-06T02:39:54.680628+00:00;temperature;31.00
4853;pms5003;3628;6.559;3.386;2026-02-06T02:45:11.878904+00:00;P2;28.50
4853;pms5003;3628;6.559;3.386;2026-02-06T02:45:11.878904+00:00;P1;33.00
4853;pms5003;3628;6.559;3.386;2026-02-06T02:45:11.878904+00:00;P0;19.00
4854;DHT22;3628;6.559;3.386;2026-02-06T02:45:29.573095+00:00;humidity;83.40
4854;DHT22;3628;6.559;3.386;2026-02-06T02:45:29.573095+00:00;temperature;30.90
4853;pms5003;3628;6.559;3.386;2026-02-06T02:50:46.775655+00:00;P2;20.75
4853;pms5003;3628;6.559;3.386;2026-02-06T02:50:46.775655+00:00;P1;22.50
4853;pms5003;3628;6.559;3.386;2026-02-06T02:50:46.775655+00:00;P0;14.75
4854;DHT22;3628;6.559;3.386;2026-02-06T02:51:04.228162+00:00;humidity;83.20
4854;DHT22;3628;6.559;3.386;2026-02-06T02:51:04.228162+00:00;temperature;30.90
4853;pms5003;3628;6.559;3.386;2026-02-06T02:56:21.425882+00:00;P2;22.00
4853;pms5003;3628;6.559;3.386;2026-02-06T02:56:21.425882+00:00;P1;29.25
4853;pms5003;3628;6.559;3.386;2026-02-06T02:56:21.425882+00:00;P0;15.00
4854;DHT22;3628;6.559;3.386;2026-02-06T02:56:39.086627+00:00;humidity;83.00
4854;DHT22;3628;6.559;3.386;2026-02-06T02:56:39.086627+00:00;temperature;31.00
4853;pms5003;3628;6.559;3.386;2026-02-06T03:01:56.381746+00:00;P2;21.50
4853;pms5003;3628;6.559;3.386;2026-02-06T03:01:56.381746+00:00;P1;24.50
4853;pms5003;3628;6.559;3.386;2026-02-06T03:01:56.381746+00:00;P0;14.00
4854;DHT22;3628;6.559;3.386;2026-02-06T03:02:13.768275+00:00;humidity;83.50
4854;DHT22;3628;6.559;3.386;2026-02-06T03:02:13.768275+00:00;temperature;30.80
4853;pms5003;3628;6.559;3.386;2026-02-06T03:07:31.004653+00:00;P2;19.00
4853;pms5003;3628;6.559;3.386;2026-02-06T03:07:31.004653+00:00;P1;29.50
4853;pms5003;3628;6.559;3.386;2026-02-06T03:07:31.004653+00:00;P0;14.50
4854;DHT22;3628;6.559;3.386;2026-02-06T03:07:48.437541+00:00;humidity;83.20
4854;DHT22;3628;6.559;3.386;2026-02-06T03:07:48.437541+00:00;temperature;30.80
4853;pms5003;3628;6.559;3.386;2026-02-06T03:13:05.684210+00:00;P2;21.40
4853;pms5003;3628;6.559;3.386;2026-02-06T03:13:05.684210+00:00;P1;22.40
4853;pms5003;3628;6.559;3.386;2026-02-06T03:13:05.684210+00:00;P0;15.40
4853;pms5003;3628;6.559;3.386;2026-02-06T03:18:29.491317+00:00;P2;22.25
4853;pms5003;3628;6.559;3.386;2026-02-06T03:18:29.491317+00:00;P1;25.75
4853;pms5003;3628;6.559;3.386;2026-02-06T03:18:29.491317+00:00;P0;13.75
4854;DHT22;3628;6.559;3.386;2026-02-06T03:18:46.949206+00:00;humidity;83.30
4854;DHT22;3628;6.559;3.386;2026-02-06T03:18:46.949206+00:00;temperature;30.80
4853;pms5003;3628;6.559;3.386;2026-02-06T03:24:04.239893+00:00;P2;21.00
4853;pms5003;3628;6.559;3.386;2026-02-06T03:24:04.239893+00:00;P1;25.50
4853;pms5003;3628;6.559;3.386;2026-02-06T03:24:04.239893+00:00;P0;13.00
4853;pms5003;3628;6.559;3.386;2026-02-06T03:29:28.166321+00:00;P2;21.50
4853;pms5003;3628;6.559;3.386;2026-02-06T03:29:28.166321+00:00;P1;27.00
4853;pms5003;3628;6.559;3.386;2026-02-06T03:29:28.166321+00:00;P0;14.00
4854;DHT22;3628;6.559;3.386;2026-02-06T03:29:45.564913+00:00;humidity;83.60
4854;DHT22;3628;6.559;3.386;2026-02-06T03:29:45.564913+00:00;temperature;30.80
4853;pms5003;3628;6.559;3.386;2026-02-06T03:35:02.925871+00:00;P2;21.00
4853;pms5003;3628;6.559;3.386;2026-02-06T03:35:02.925871+00:00;P1;21.00
4853;pms5003;3628;6.559;3.386;2026-02-06T03:35:02.925871+00:00;P0;12.50
4854;DHT22;3628;6.559;3.386;2026-02-06T03:40:37.168921+00:00;humidity;83.90
4854;DHT22;3628;6.559;3.386;2026-02-06T03:40:37.168921+00:00;temperature;30.80
4854;DHT22;3628;6.559;3.386;2026-02-06T03:46:01.408399+00:00;humidity;83.70
4854;DHT22;3628;6.559;3.386;2026-02-06T03:46:01.408399+00:00;temperature;30.90
4853;pms5003;3628;6.559;3.386;2026-02-06T03:51:18.709940+00:00;P2;30.00
4853;pms5003;3628;6.559;3.386;2026-02-06T03:51:18.709940+00:00;P1;44.50
4853;pms5003;3628;6.559;3.386;2026-02-06T03:51:18.709940+00:00;P0;20.50
4854;DHT22;3628;6.559;3.386;2026-02-06T03:51:36.289856+00:00;humidity;83.70
4854;DHT22;3628;6.559;3.386;2026-02-06T03:51:36.289856+00:00;temperature;30.80
4853;pms5003;3628;6.559;3.386;2026-02-06T03:56:53.416474+00:00;P2;36.00
4853;pms5003;3628;6.559;3.386;2026-02-06T03:56:53.416474+00:00;P1;45.40
4853;pms5003;3628;6.559;3.386;2026-02-06T03:56:53.416474+00:00;P0;23.00
4854;DHT22;3628;6.559;3.386;2026-02-06T03:57:10.870652+00:00;humidity;83.70
4854;DHT22;3628;6.559;3.386;2026-02-06T03:57:10.870652+00:00;temperature;30.90
4853;pms5003;3628;6.559;3.386;2026-02-06T04:02:28.151624+00:00;P2;39.40
4853;pms5003;3628;6.559;3.386;2026-02-06T04:02:28.151624+00:00;P1;46.60
4853;pms5003;3628;6.559;3.386;2026-02-06T04:02:28.151624+00:00;P0;24.40
4854;DHT22;3628;6.559;3.386;2026-02-06T04:02:45.478645+00:00;humidity;83.80
4854;DHT22;3628;6.559;3.386;2026-02-06T04:02:45.478645+00:00;temperature;30.90
4854;DHT22;3628;6.559;3.386;2026-02-06T04:08:12.475099+00:00;humidity;83.60
4854;DHT22;3628;6.559;3.386;2026-02-06T04:08:12.475099+00:00;temperature;31.00
4854;DHT22;3628;6.559;3.386;2026-02-06T04:13:47.163310+00:00;humidity;83.50
4854;DHT22;3628;6.559;3.386;2026-02-06T04:13:47.163310+00:00;temperature;31.00
4853;pms5003;3628;6.559;3.386;2026-02-06T04:19:04.555522+00:00;P2;36.75
4853;pms5003;3628;6.559;3.386;2026-02-06T04:19:04.555522+00:00;P1;47.00
4853;pms5003;3628;6.559;3.386;2026-02-06T04:19:04.555522+00:00;P0;23.00
4854;DHT22;3628;6.559;3.386;2026-02-06T04:19:21.908531+00:00;humidity;83.80
4854;DHT22;3628;6.559;3.386;2026-02-06T04:19:21.908531+00:00;temperature;30.90
4853;pms5003;3628;6.559;3.386;2026-02-06T04:24:39.157634+00:00;P2;25.00
4853;pms5003;3628;6.559;3.386;2026-02-06T04:24:39.157634+00:00;P1;34.50
4853;pms5003;3628;6.559;3.386;2026-02-06T04:24:39.157634+00:00;P0;16.00
4854;DHT22;3628;6.559;3.386;2026-02-06T04:24:56.618350+00:00;humidity;84.10
4854;DHT22;3628;6.559;3.386;2026-02-06T04:24:56.618350+00:00;temperature;30.80
4853;pms5003;3628;6.559;3.386;2026-02-06T04:30:13.837186+00:00;P2;26.00
4853;pms5003;3628;6.559;3.386;2026-02-06T04:30:13.837186+00:00;P1;35.67
4853;pms5003;3628;6.559;3.386;2026-02-06T04:30:13.837186+00:00;P0;18.00
4854;DHT22;3628;6.559;3.386;2026-02-06T04:30:31.293273+00:00;humidity;83.80
4854;DHT22;3628;6.559;3.386;2026-02-06T04:30:31.293273+00:00;temperature;30.80
4853;pms5003;3628;6.559;3.386;2026-02-06T04:35:48.636501+00:00;P2;27.00
4853;pms5003;3628;6.559;3.386;2026-02-06T04:35:48.636501+00:00;P1;44.50
4853;pms5003;3628;6.559;3.386;2026-02-06T04:35:48.636501+00:00;P0;18.00
4854;DHT22;3628;6.559;3.386;2026-02-06T04:36:06.025223+00:00;humidity;83.90
4854;DHT22;3628;6.559;3.386;2026-02-06T04:36:06.025223+00:00;temperature;30.80
4854;DHT22;3628;6.559;3.386;2026-02-06T09:37:39.203489+00:00;humidity;63.10
4854;DHT22;3628;6.559;3.386;2026-02-06T09:37:39.203489+00:00;temperature;37.40
4853;pms5003;3628;6.559;3.386;2026-02-06T09:54:10.266929+00:00;P2;20.00
4853;pms5003;3628;6.559;3.386;2026-02-06T09:54:10.266929+00:00;P1;29.00
4853;pms5003;3628;6.559;3.386;2026-02-06T09:54:10.266929+00:00;P0;14.25
4854;DHT22;3628;6.559;3.386;2026-02-06T09:54:27.631192+00:00;humidity;67.00
4854;DHT22;3628;6.559;3.386;2026-02-06T09:54:27.631192+00:00;temperature;35.50
4853;pms5003;3628;6.559;3.386;2026-02-06T09:59:44.857955+00:00;P2;20.00
4853;pms5003;3628;6.559;3.386;2026-02-06T09:59:44.857955+00:00;P1;29.00
4853;pms5003;3628;6.559;3.386;2026-02-06T09:59:44.857955+00:00;P0;13.00
4854;DHT22;3628;6.559;3.386;2026-02-06T10:00:02.381497+00:00;humidity;67.00
4854;DHT22;3628;6.559;3.386;2026-02-06T10:00:02.381497+00:00;temperature;35.40
4854;DHT22;3628;6.559;3.386;2026-02-06T10:16:03.380334+00:00;humidity;60.00
4854;DHT22;3628;6.559;3.386;2026-02-06T10:16:03.380334+00:00;temperature;38.40
4854;DHT22;3628;6.559;3.386;2026-02-06T10:26:28.759121+00:00;humidity;60.40
4854;DHT22;3628;6.559;3.386;2026-02-06T10:26:28.759121+00:00;temperature;37.60
4854;DHT22;3628;6.559;3.386;2026-02-06T10:31:55.000811+00:00;humidity;62.50
4854;DHT22;3628;6.559;3.386;2026-02-06T10:31:55.000811+00:00;temperature;36.50
4853;pms5003;3628;6.559;3.386;2026-02-06T11:12:56.661619+00:00;P2;25.00
4853;pms5003;3628;6.559;3.386;2026-02-06T11:12:56.661619+00:00;P1;38.50
4853;pms5003;3628;6.559;3.386;2026-02-06T11:12:56.661619+00:00;P0;17.00
4853;pms5003;3628;6.559;3.386;2026-02-06T11:16:40.882827+00:00;P2;20.00
4853;pms5003;3628;6.559;3.386;2026-02-06T11:16:40.882827+00:00;P1;23.00
4853;pms5003;3628;6.559;3.386;2026-02-06T11:16:40.882827+00:00;P0;13.67
4854;DHT22;3628;6.559;3.386;2026-02-06T11:16:58.325287+00:00;humidity;61.10
4854;DHT22;3628;6.559;3.386;2026-02-06T11:16:58.325287+00:00;temperature;37.40
4854;DHT22;3628;6.559;3.386;2026-02-06T11:30:27.047438+00:00;humidity;62.70
4854;DHT22;3628;6.559;3.386;2026-02-06T11:30:27.047438+00:00;temperature;36.90
4854;DHT22;3628;6.559;3.386;2026-02-06T11:38:59.065739+00:00;humidity;63.20
4854;DHT22;3628;6.559;3.386;2026-02-06T11:38:59.065739+00:00;temperature;37.10
4853;pms5003;3628;6.559;3.386;2026-02-06T11:59:57.193217+00:00;P2;20.50
4853;pms5003;3628;6.559;3.386;2026-02-06T11:59:57.193217+00:00;P1;22.50
4853;pms5003;3628;6.559;3.386;2026-02-06T11:59:57.193217+00:00;P0;14.00
4854;DHT22;3628;6.559;3.386;2026-02-06T12:00:15.405537+00:00;humidity;64.50
4854;DHT22;3628;6.559;3.386;2026-02-06T12:00:15.405537+00:00;temperature;36.60
4854;DHT22;3628;6.559;3.386;2026-02-06T12:05:39.748296+00:00;humidity;62.50
4854;DHT22;3628;6.559;3.386;2026-02-06T12:05:39.748296+00:00;temperature;37.30
4853;pms5003;3628;6.559;3.386;2026-02-06T12:10:57.056723+00:00;P2;21.60
4853;pms5003;3628;6.559;3.386;2026-02-06T12:10:57.056723+00:00;P1;23.60
4853;pms5003;3628;6.559;3.386;2026-02-06T12:10:57.056723+00:00;P0;14.20
4853;pms5003;3628;6.559;3.386;2026-02-06T12:16:20.975862+00:00;P2;20.00
4853;pms5003;3628;6.559;3.386;2026-02-06T12:16:20.975862+00:00;P1;36.00
4853;pms5003;3628;6.559;3.386;2026-02-06T12:16:20.975862+00:00;P0;13.00
4854;DHT22;3628;6.559;3.386;2026-02-06T12:16:38.434073+00:00;humidity;61.20
4854;DHT22;3628;6.559;3.386;2026-02-06T12:16:38.434073+00:00;temperature;37.50
4853;pms5003;3628;6.559;3.386;2026-02-06T12:21:55.613192+00:00;P2;19.25
4853;pms5003;3628;6.559;3.386;2026-02-06T12:21:55.613192+00:00;P1;21.50
4853;pms5003;3628;6.559;3.386;2026-02-06T12:21:55.613192+00:00;P0;11.25
4854;DHT22;3628;6.559;3.386;2026-02-06T12:22:13.124987+00:00;humidity;59.60
4854;DHT22;3628;6.559;3.386;2026-02-06T12:22:13.124987+00:00;temperature;38.10
4853;pms5003;3628;6.559;3.386;2026-02-06T12:27:30.376703+00:00;P2;16.00
4853;pms5003;3628;6.559;3.386;2026-02-06T12:27:30.376703+00:00;P1;27.00
4853;pms5003;3628;6.559;3.386;2026-02-06T12:27:30.376703+00:00;P0;11.25
4854;DHT22;3628;6.559;3.386;2026-02-06T12:27:48.016062+00:00;humidity;58.30
4854;DHT22;3628;6.559;3.386;2026-02-06T12:27:48.016062+00:00;temperature;38.50
4854;DHT22;3628;6.559;3.386;2026-02-06T12:33:14.923620+00:00;humidity;59.20
4854;DHT22;3628;6.559;3.386;2026-02-06T12:33:14.923620+00:00;temperature;38.60
4853;pms5003;3628;6.559;3.386;2026-02-06T12:38:32.405445+00:00;P2;20.00
4853;pms5003;3628;6.559;3.386;2026-02-06T12:38:32.405445+00:00;P1;27.25
4853;pms5003;3628;6.559;3.386;2026-02-06T12:38:32.405445+00:00;P0;14.00
4853;pms5003;3628;6.559;3.386;2026-02-06T12:43:56.187280+00:00;P2;19.75
4853;pms5003;3628;6.559;3.386;2026-02-06T12:43:56.187280+00:00;P1;29.00
4853;pms5003;3628;6.559;3.386;2026-02-06T12:43:56.187280+00:00;P0;13.25
4853;pms5003;3628;6.559;3.386;2026-02-06T12:49:30.835792+00:00;P2;16.75
4853;pms5003;3628;6.559;3.386;2026-02-06T12:49:30.835792+00:00;P1;16.75
4853;pms5003;3628;6.559;3.386;2026-02-06T12:49:30.835792+00:00;P0;q1.00
4854;DHT22;3628;6.559;3.386;2026-02-06T12:49:48.267283+00:00;humidity;58.50
4854;DHT22;3628;6.559;3.386;2026-02-06T12:49:48.267283+00:00;temperature;39.00
4853;pms5003;3628;6.559;3.386;2026-02-06T12:55:05.484036+00:00;P2;16.00
4853;pms5003;3628;6.559;3.386;2026-02-06T12:55:05.484036+00:00;P1;17.00
4853;pms5003;3628;6.559;3.386;2026-02-06T12:55:05.484036+00:00;P0;11.00
4853;pms5003;3628;6.559;3.386;2026-02-06T13:00:40.149729+00:00;P2;22.00
4853;pms5003;3628;6.559;3.386;2026-02-06T13:00:40.149729+00:00;P1;29.75
4853;pms5003;3628;6.559;3.386;2026-02-06T13:00:40.149729+00:00;P0;15.00
4853;pms5003;3628;6.559;3.386;2026-02-06T13:06:07.229458+00:00;P2;20.00
4853;pms5003;3628;6.559;3.386;2026-02-06T13:06:07.229458+00:00;P1;20.50
4853;pms5003;3628;6.559;3.386;2026-02-06T13:06:07.229458+00:00;P0;15.50
4854;DHT22;3628;6.559;3.386;2026-02-06T13:06:24.887752+00:00;humidity;56.90
4854;DHT22;3628;6.559;3.386;2026-02-06T13:06:24.887752+00:00;temperature;39.10
4853;pms5003;3628;6.559;3.386;2026-02-06T13:11:42.277407+00:00;P2;17.20
4853;pms5003;3628;6.559;3.386;2026-02-06T13:11:42.277407+00:00;P1;29.60
4853;pms5003;3628;6.559;3.386;2026-02-06T13:11:42.277407+00:00;P0;12.60
4854;DHT22;3628;6.559;3.386;2026-02-06T13:11:59.528396+00:00;humidity;58.30
4854;DHT22;3628;6.559;3.386;2026-02-06T13:11:59.528396+00:00;temperature;38.60
4853;pms5003;3628;6.559;3.386;2026-02-06T13:18:54.237273+00:00;P2;17.40
4853;pms5003;3628;6.559;3.386;2026-02-06T13:18:54.237273+00:00;P1;21.60
4853;pms5003;3628;6.559;3.386;2026-02-06T13:18:54.237273+00:00;P0;11.40
4853;pms5003;3628;6.559;3.386;2026-02-06T13:27:57.169253+00:00;P2;20.00
4853;pms5003;3628;6.559;3.386;2026-02-06T13:27:57.169253+00:00;P1;35.67
4853;pms5003;3628;6.559;3.386;2026-02-06T13:27:57.169253+00:00;P0;12.67
4853;pms5003;3628;6.559;3.386;2026-02-06T13:35:21.689576+00:00;P2;20.00
4853;pms5003;3628;6.559;3.386;2026-02-06T13:35:21.689576+00:00;P1;23.75
4853;pms5003;3628;6.559;3.386;2026-02-06T13:35:21.689576+00:00;P0;11.00
4854;DHT22;3628;6.559;3.386;2026-02-06T13:39:05.852284+00:00;humidity;57.00
4854;DHT22;3628;6.559;3.386;2026-02-06T13:39:05.852284+00:00;temperature;39.30
4854;DHT22;3628;6.559;3.386;2026-02-06T13:54:57.535871+00:00;humidity;56.00
4854;DHT22;3628;6.559;3.386;2026-02-06T13:54:57.535871+00:00;temperature;40.00
4853;pms5003;3628;6.559;3.386;2026-02-06T14:00:14.788223+00:00;P2;19.25
4853;pms5003;3628;6.559;3.386;2026-02-06T14:00:14.788223+00:00;P1;31.50
4853;pms5003;3628;6.559;3.386;2026-02-06T14:00:14.788223+00:00;P0;13.00
4853;pms5003;3628;6.559;3.386;2026-02-06T14:07:12.370745+00:00;P2;18.50
4853;pms5003;3628;6.559;3.386;2026-02-06T14:07:12.370745+00:00;P1;21.50
4853;pms5003;3628;6.559;3.386;2026-02-06T14:07:12.370745+00:00;P0;12.00
4853;pms5003;3628;6.559;3.386;2026-02-06T14:11:03.091280+00:00;P2;18.67
4853;pms5003;3628;6.559;3.386;2026-02-06T14:11:03.091280+00:00;P1;22.33
4853;pms5003;3628;6.559;3.386;2026-02-06T14:11:03.091280+00:00;P0;12.67
4854;DHT22;3628;6.559;3.386;2026-02-06T14:11:20.440891+00:00;humidity;56.60
4854;DHT22;3628;6.559;3.386;2026-02-06T14:11:20.440891+00:00;temperature;39.60
4854;DHT22;3628;6.559;3.386;2026-02-06T14:22:19.165470+00:00;humidity;55.70
4854;DHT22;3628;6.559;3.386;2026-02-06T14:22:19.165470+00:00;temperature;39.10
4853;pms5003;3628;6.559;3.386;2026-02-06T14:27:36.375969+00:00;P2;20.00
4853;pms5003;3628;6.559;3.386;2026-02-06T14:27:36.375969+00:00;P1;22.75
4853;pms5003;3628;6.559;3.386;2026-02-06T14:27:36.375969+00:00;P0;13.75
4854;DHT22;3628;6.559;3.386;2026-02-06T14:27:53.758070+00:00;humidity;57.30
4854;DHT22;3628;6.559;3.386;2026-02-06T14:27:53.758070+00:00;temperature;39.20
4853;pms5003;3628;6.559;3.386;2026-02-06T14:38:24.200184+00:00;P2;28.67
4853;pms5003;3628;6.559;3.386;2026-02-06T14:38:24.200184+00:00;P1;42.00
4853;pms5003;3628;6.559;3.386;2026-02-06T14:38:24.200184+00:00;P0;18.00
4854;DHT22;3628;6.559;3.386;2026-02-06T14:38:41.561224+00:00;humidity;56.10
4854;DHT22;3628;6.559;3.386;2026-02-06T14:38:41.561224+00:00;temperature;38.90
4853;pms5003;3628;6.559;3.386;2026-02-06T14:43:58.726202+00:00;P2;17.00
4853;pms5003;3628;6.559;3.386;2026-02-06T14:43:58.726202+00:00;P1;22.50
4853;pms5003;3628;6.559;3.386;2026-02-06T14:43:58.726202+00:00;P0;12.00
4854;DHT22;3628;6.559;3.386;2026-02-06T14:44:16.063696+00:00;humidity;56.80
4854;DHT22;3628;6.559;3.386;2026-02-06T14:44:16.063696+00:00;temperature;38.50
4853;pms5003;3628;6.559;3.386;2026-02-06T14:49:33.303056+00:00;P2;24.00
4853;pms5003;3628;6.559;3.386;2026-02-06T14:49:33.303056+00:00;P1;37.00
4853;pms5003;3628;6.559;3.386;2026-02-06T14:49:33.303056+00:00;P0;16.00
4854;DHT22;3628;6.559;3.386;2026-02-06T14:49:50.649618+00:00;humidity;57.60
4854;DHT22;3628;6.559;3.386;2026-02-06T14:49:50.649618+00:00;temperature;38.70
4853;pms5003;3628;6.559;3.386;2026-02-06T15:16:25.596938+00:00;P2;18.00
4853;pms5003;3628;6.559;3.386;2026-02-06T15:16:25.596938+00:00;P1;25.40
4853;pms5003;3628;6.559;3.386;2026-02-06T15:16:25.596938+00:00;P0;13.20
4854;DHT22;3628;6.559;3.386;2026-02-06T15:16:42.957248+00:00;humidity;57.40
4854;DHT22;3628;6.559;3.386;2026-02-06T15:16:42.957248+00:00;temperature;38.60
4853;pms5003;3628;6.559;3.386;2026-02-06T15:22:00.350837+00:00;P2;17.00
4853;pms5003;3628;6.559;3.386;2026-02-06T15:22:00.350837+00:00;P1;17.00
4853;pms5003;3628;6.559;3.386;2026-02-06T15:22:00.350837+00:00;P0;11.00
4854;DHT22;3628;6.559;3.386;2026-02-06T15:27:52.486036+00:00;humidity;56.80
4854;DHT22;3628;6.559;3.386;2026-02-06T15:27:52.486036+00:00;temperature;38.80
4853;pms5003;3628;6.559;3.386;2026-02-06T15:33:09.683271+00:00;P2;29.75
4853;pms5003;3628;6.559;3.386;2026-02-06T15:33:09.683271+00:00;P1;39.25
4853;pms5003;3628;6.559;3.386;2026-02-06T15:33:09.683271+00:00;P0;19.75
4854;DHT22;3628;6.559;3.386;2026-02-06T15:33:27.217157+00:00;humidity;57.10
4854;DHT22;3628;6.559;3.386;2026-02-06T15:33:27.217157+00:00;temperature;38.90
4853;pms5003;3628;6.559;3.386;2026-02-06T15:38:44.383914+00:00;P2;25.50
4853;pms5003;3628;6.559;3.386;2026-02-06T15:38:44.383914+00:00;P1;40.75
4853;pms5003;3628;6.559;3.386;2026-02-06T15:38:44.383914+00:00;P0;16.00
4853;pms5003;3628;6.559;3.386;2026-02-06T15:39:01.818705+00:00;humidity;57.20
4853;pms5003;3628;6.559;3.386;2026-02-06T15:39:01.818705+00:00;temperature;38.50
4853;pms5003;3628;6.559;3.386;2026-02-06T15:44:21.912044+00:00;P2;23.67
4853;pms5003;3628;6.559;3.386;2026-02-06T15:44:21.912044+00:00;P1;36.00
4853;pms5003;3628;6.559;3.386;2026-02-06T15:44:21.912044+00:00;P0;15.00
4853;pms5003;3628;6.559;3.386;2026-02-06T15:49:46.081752+00:00;P2;22.50
4853;pms5003;3628;6.559;3.386;2026-02-06T15:49:46.081752+00:00;P1;34.25
4853;pms5003;3628;6.559;3.386;2026-02-06T15:49:46.081752+00:00;P0;14.00
4854;DHT22;3628;6.559;3.386;2026-02-06T15:50:03.517213+00:00;humidity;58.20
4854;DHT22;3628;6.559;3.386;2026-02-06T15:50:03.517213+00:00;temperature;38.30
4853;pms5003;3628;6.559;3.386;2026-02-06T15:55:20.752329+00:00;P2;21.60
4853;pms5003;3628;6.559;3.386;2026-02-06T15:55:20.752329+00:00;P1;23.00
4853;pms5003;3628;6.559;3.386;2026-02-06T15:55:20.752329+00:00;P0;13.60
4853;pms5003;3628;6.559;3.386;2026-02-06T16:00:45.184942+00:00;P2;14.00
4853;pms5003;3628;6.559;3.386;2026-02-06T16:00:45.184942+00:00;P1;21.50
4853;pms5003;3628;6.559;3.386;2026-02-06T16:00:45.184942+00:00;P0;10.00
4854;DHT22;3628;6.559;3.386;2026-02-06T16:01:02.629690+00:00;humidity;60.50
4854;DHT22;3628;6.559;3.386;2026-02-06T16:01:02.629690+00:00;temperature;37.50
4854;DHT22;3628;6.559;3.386;2026-02-06T16:06:29.279788+00:00;humidity;60.90
4854;DHT22;3628;6.559;3.386;2026-02-06T16:06:29.279788+00:00;temperature;37.10
4853;pms5003;3628;6.559;3.386;2026-02-06T16:22:27.115294+00:00;P2;12.80
4853;pms5003;3628;6.559;3.386;2026-02-06T16:22:27.115294+00:00;P1;12.80
4853;pms5003;3628;6.559;3.386;2026-02-06T16:22:27.115294+00:00;P0;8.20
4853;pms5003;3628;6.559;3.386;2026-02-06T16:28:01.816166+00:00;P2;39.00
4853;pms5003;3628;6.559;3.386;2026-02-06T16:28:01.816166+00:00;P1;50.33
4853;pms5003;3628;6.559;3.386;2026-02-06T16:28:01.816166+00:00;P0;24.67
4854;DHT22;3628;6.559;3.386;2026-02-06T16:28:19.091081+00:00;humidity;64.30
4854;DHT22;3628;6.559;3.386;2026-02-06T16:28:19.091081+00:00;temperature;36.30
4853;pms5003;3628;6.559;3.386;2026-02-06T16:34:48.971249+00:00;P2;17.50
4853;pms5003;3628;6.559;3.386;2026-02-06T16:34:48.971249+00:00;P1;33.50
4853;pms5003;3628;6.559;3.386;2026-02-06T16:34:48.971249+00:00;P0;12.00
4853;pms5003;3628;6.559;3.386;2026-02-06T16:39:00.508988+00:00;P2;15.00
4853;pms5003;3628;6.559;3.386;2026-02-06T16:39:00.508988+00:00;P1;29.60
4853;pms5003;3628;6.559;3.386;2026-02-06T16:39:00.508988+00:00;P0;11.40
4854;DHT22;3628;6.559;3.386;2026-02-06T16:39:17.779784+00:00;humidity;64.40
4854;DHT22;3628;6.559;3.386;2026-02-06T16:39:17.779784+00:00;temperature;36.00
4854;DHT22;3628;6.559;3.386;2026-02-06T16:44:52.298940+00:00;humidity;65.20
4854;DHT22;3628;6.559;3.386;2026-02-06T16:44:52.298940+00:00;temperature;36.20
4853;pms5003;3628;6.559;3.386;2026-02-06T16:55:34.072395+00:00;P2;29.50
4853;pms5003;3628;6.559;3.386;2026-02-06T16:55:34.072395+00:00;P1;44.75
4853;pms5003;3628;6.559;3.386;2026-02-06T16:55:34.072395+00:00;P0;18.00
4853;pms5003;3628;6.559;3.386;2026-02-06T17:06:11.552121+00:00;P2;17.00
4853;pms5003;3628;6.559;3.386;2026-02-06T17:06:11.552121+00:00;P1;20.00
4853;pms5003;3628;6.559;3.386;2026-02-06T17:06:11.552121+00:00;P0;11.00
4854;DHT22;3628;6.559;3.386;2026-02-06T17:06:28.974280+00:00;humidity;69.00
4854;DHT22;3628;6.559;3.386;2026-02-06T17:06:28.974280+00:00;temperature;34.80
4854;DHT22;3628;6.559;3.386;2026-02-06T17:17:27.504035+00:00;humidity;71.50
4854;DHT22;3628;6.559;3.386;2026-02-06T17:17:27.504035+00:00;temperature;34.10
4854;DHT22;3628;6.559;3.386;2026-02-06T17:23:02.196653+00:00;humidity;72.60
4854;DHT22;3628;6.559;3.386;2026-02-06T17:23:02.196653+00:00;temperature;33.90
4854;DHT22;3628;6.559;3.386;2026-02-06T17:45:00.581877+00:00;humidity;75.50
4854;DHT22;3628;6.559;3.386;2026-02-06T17:45:00.581877+00:00;temperature;33.10
4853;pms5003;3628;6.559;3.386;2026-02-06T17:50:17.749466+00:00;P2;17.00
4853;pms5003;3628;6.559;3.386;2026-02-06T17:50:17.749466+00:00;P1;25.00
4853;pms5003;3628;6.559;3.386;2026-02-06T17:50:17.749466+00:00;P0;12.33
4854;DHT22;3628;6.559;3.386;2026-02-06T17:50:38.137830+00:00;humidity;76.30
4854;DHT22;3628;6.559;3.386;2026-02-06T17:50:38.137830+00:00;temperature;32.90
4853;pms5003;3628;6.559;3.386;2026-02-06T17:55:52.442024+00:00;P2;15.75
4853;pms5003;3628;6.559;3.386;2026-02-06T17:55:52.442024+00:00;P1;27.75
4853;pms5003;3628;6.559;3.386;2026-02-06T17:55:52.442024+00:00;P0;9.50
4854;DHT22;3628;6.559;3.386;2026-02-06T17:56:09.909934+00:00;humidity;76.90
4854;DHT22;3628;6.559;3.386;2026-02-06T17:56:09.909934+00:00;temperature;32.80
4853;pms5003;3628;6.559;3.386;2026-02-06T18:01:27.095481+00:00;P2;17.00
4853;pms5003;3628;6.559;3.386;2026-02-06T18:01:27.095481+00:00;P1;20.00
4853;pms5003;3628;6.559;3.386;2026-02-06T18:01:27.095481+00:00;P0;11.50
4853;pms5003;3628;6.559;3.386;2026-02-06T18:06:51.110599+00:00;P2;21.00
4853;pms5003;3628;6.559;3.386;2026-02-06T18:06:51.110599+00:00;P1;21.75
4853;pms5003;3628;6.559;3.386;2026-02-06T18:06:51.110599+00:00;P0;13.50
4854;DHT22;3628;6.559;3.386;2026-02-06T18:07:08.697773+00:00;humidity;77.90
4854;DHT22;3628;6.559;3.386;2026-02-06T18:07:08.697773+00:00;temperature;32.50
4853;pms5003;3628;6.559;3.386;2026-02-06T18:12:25.901510+00:00;P2;16.00
4853;pms5003;3628;6.559;3.386;2026-02-06T18:12:25.901510+00:00;P1;29.40
4853;pms5003;3628;6.559;3.386;2026-02-06T18:12:25.901510+00:00;P0;10.80
4854;DHT22;3628;6.559;3.386;2026-02-06T18:12:47.977231+00:00;humidity;78.30
4854;DHT22;3628;6.559;3.386;2026-02-06T18:12:47.977231+00:00;temperature;32.30
4853;pms5003;3628;6.559;3.386;2026-02-06T18:18:06.007225+00:00;P2;17.25
4853;pms5003;3628;6.559;3.386;2026-02-06T18:18:06.007225+00:00;P1;19.00
4853;pms5003;3628;6.559;3.386;2026-02-06T18:18:06.007225+00:00;P0;10.00
4854;DHT22;3628;6.559;3.386;2026-02-06T18:23:36.653071+00:00;humidity;'9.20
4854;DHT22;3628;6.559;3.386;2026-02-06T18:23:36.653071+00:00;temperature;32.10
4853;pms5003;3628;6.559;3.386;2026-02-06T18:29:17.352123+00:00;P2;15.00
4853;pms5003;3628;6.559;3.386;2026-02-06T18:29:17.352123+00:00;P1;18.00
4853;pms5003;3628;6.559;3.386;2026-02-06T18:29:17.352123+00:00;P0;10.00
4853;pms5003;3628;6.559;3.386;2026-02-06T18:44:50.652478+00:00;P2;24.60
4853;pms5003;3628;6.559;3.386;2026-02-06T18:44:50.652478+00:00;P1;24.80
4853;pms5003;3628;6.559;3.386;2026-02-06T18:44:50.652478+00:00;P0;16.00
4853;pms5003;3628;6.559;3.386;2026-02-06T18:50:17.411428+00:00;P2;19.00
4853;pms5003;3628;6.559;3.386;2026-02-06T18:50:17.411428+00:00;P1;19.50
4853;pms5003;3628;6.559;3.386;2026-02-06T18:50:17.411428+00:00;P0;12.50
4854;DHT22;3628;6.559;3.386;2026-02-06T18:50:37.695251+00:00;humidity;78.30
4854;DHT22;3628;6.559;3.386;2026-02-06T18:50:37.695251+00:00;temperature;32.00
4853;pms5003;3628;6.559;3.386;2026-02-06T18:55:58.025982+00:00;P2;25.60
4853;pms5003;3628;6.559;3.386;2026-02-06T18:55:58.025982+00:00;P1;30.20
4853;pms5003;3628;6.559;3.386;2026-02-06T18:55:58.025982+00:00;P0;18.00
4853;pms5003;3628;6.559;3.386;2026-02-06T19:03:03.706751+00:00;P2;25.75
4853;pms5003;3628;6.559;3.386;2026-02-06T19:03:03.706751+00:00;P1;30.00
4853;pms5003;3628;6.559;3.386;2026-02-06T19:03:03.706751+00:00;P0;17.50
4854;DHT22;3628;6.559;3.386;2026-02-06T19:12:28.316385+00:00;humidity;79.10
4854;DHT22;3628;6.559;3.386;2026-02-06T19:12:28.316385+00:00;temperature;32.00
4853;pms5003;3628;6.559;3.386;2026-02-06T19:23:12.599452+00:00;P2;23.00
4853;pms5003;3628;6.559;3.386;2026-02-06T19:23:12.599452+00:00;P1;34.75
4853;pms5003;3628;6.559;3.386;2026-02-06T19:23:12.599452+00:00;P0;14.75
4854;DHT22;3628;6.559;3.386;2026-02-06T19:23:30.062155+00:00;humidity;79.90
4854;DHT22;3628;6.559;3.386;2026-02-06T19:23:30.062155+00:00;temperature;31.90
4853;pms5003;3628;6.559;3.386;2026-02-06T19:28:47.181920+00:00;P2;22.00
4853;pms5003;3628;6.559;3.386;2026-02-06T19:28:47.181920+00:00;P1;26.00
4853;pms5003;3628;6.559;3.386;2026-02-06T19:28:47.181920+00:00;P0;15.50
4854;DHT22;3628;6.559;3.386;2026-02-06T19:29:04.542792+00:00;humidity;80.60
4854;DHT22;3628;6.559;3.386;2026-02-06T19:29:04.542792+00:00;temperature;32.00
4854;DHT22;3628;6.559;3.386;2026-02-06T20:16:20.641959+00:00;humidity;81.80
4854;DHT22;3628;6.559;3.386;2026-02-06T20:16:20.641959+00:00;temperature;31.80
4853;pms5003;3628;6.559;3.386;2026-02-06T20:21:37.913262+00:00;P2;16.60
4853;pms5003;3628;6.559;3.386;2026-02-06T20:21:37.913262+00:00;P1;17.60
4853;pms5003;3628;6.559;3.386;2026-02-06T20:21:37.913262+00:00;P0;11.40
4853;pms5003;3628;6.559;3.386;2026-02-06T20:27:01.865224+00:00;P2;15.25
4853;pms5003;3628;6.559;3.386;2026-02-06T20:27:01.865224+00:00;P1;17.00
4853;pms5003;3628;6.559;3.386;2026-02-06T20:27:01.865224+00:00;P0;11.25
4853;pms5003;3628;6.559;3.386;2026-02-06T20:32:46.313539+00:00;P2;26.25
4853;pms5003;3628;6.559;3.386;2026-02-06T20:32:46.313539+00:00;P1;31.50
4853;pms5003;3628;6.559;3.386;2026-02-06T20:32:46.313539+00:00;P0;17.00
4854;DHT22;3628;6.559;3.386;2026-02-06T20:32:54.987771+00:00;humidity;81.40
4854;DHT22;3628;6.559;3.386;2026-02-06T20:32:54.987771+00:00;temperature;31.80
4853;pms5003;3628;6.559;3.386;2026-02-06T20:38:12.194827+00:00;P2;32.00
4853;pms5003;3628;6.559;3.386;2026-02-06T20:38:12.194827+00:00;P1;45.00
4853;pms5003;3628;6.559;3.386;2026-02-06T20:38:12.194827+00:00;P0;20.00
4854;DHT22;3628;6.559;3.386;2026-02-06T20:38:29.746282+00:00;humidity;81.50
4854;DHT22;3628;6.559;3.386;2026-02-06T20:38:29.746282+00:00;temperature;31.70
4853;pms5003;3628;6.559;3.386;2026-02-06T20:43:46.948648+00:00;P2;33.00
4853;pms5003;3628;6.559;3.386;2026-02-06T20:43:46.948648+00:00;P1;50.00
4853;pms5003;3628;6.559;3.386;2026-02-06T20:43:46.948648+00:00;P0;21.00
4854;DHT22;3628;6.559;3.386;2026-02-06T20:44:04.414536+00:00;humidity;81.30
4854;DHT22;3628;6.559;3.386;2026-02-06T20:44:04.414536+00:00;temperature;31.80
4853;pms5003;3628;6.559;3.386;2026-02-06T20:49:21.687257+00:00;P2;29.67
4853;pms5003;3628;6.559;3.386;2026-02-06T20:49:21.687257+00:00;P1;47.00
4853;pms5003;3628;6.559;3.386;2026-02-06T20:49:21.687257+00:00;P0;18.00
4854;DHT22;3628;6.559;3.386;2026-02-06T20:49:39.126229+00:00;humidity;80.90
4854;DHT22;3628;6.559;3.386;2026-02-06T20:49:39.126229+00:00;temperature;31.80
4853;pms5003;3628;6.559;3.386;2026-02-06T20:54:56.318746+00:00;P2;22.25
4853;pms5003;3628;6.559;3.386;2026-02-06T20:54:56.318746+00:00;P1;33.25
4853;pms5003;3628;6.559;3.386;2026-02-06T20:54:56.318746+00:00;P0;13.50
4854;DHT22;3628;6.559;3.386;2026-02-06T20:55:13.790360+00:00;humidity;81.40
4854;DHT22;3628;6.559;3.386;2026-02-06T20:55:13.790360+00:00;temperature;31.70
4854;DHT22;3628;6.559;3.386;2026-02-06T21:00:37.523388+00:00;humidity;81.20
4854;DHT22;3628;6.559;3.386;2026-02-06T21:00:37.523388+00:00;temperature;31.60
4853;pms5003;3628;6.559;3.386;2026-02-06T21:05:54.769548+00:00;P2;19.25
4853;pms5003;3628;6.559;3.386;2026-02-06T21:05:54.769548+00:00;P1;20.25
4853;pms5003;3628;6.559;3.386;2026-02-06T21:05:54.769548+00:00;P0;12.00
4854;DHT22;3628;6.559;3.386;2026-02-06T21:06:12.223665+00:00;humidity;81.10
4854;DHT22;3628;6.559;3.386;2026-02-06T21:06:12.223665+00:00;temperature;31.60
4853;pms5003;3628;6.559;3.386;2026-02-06T21:11:29.541282+00:00;P2;30.75
4853;pms5003;3628;6.559;3.386;2026-02-06T21:11:29.541282+00:00;P1;44.25
4853;pms5003;3628;6.559;3.386;2026-02-06T21:11:29.541282+00:00;P0;20.75
4854;DHT22;3628;6.559;3.386;2026-02-06T21:11:47.060973+00:00;humidity;80.60
4854;DHT22;3628;6.559;3.386;2026-02-06T21:11:47.060973+00:00;temperature;31.50
4853;pms5003;3628;6.559;3.386;2026-02-06T21:17:04.285232+00:00;P2;25.00
4853;pms5003;3628;6.559;3.386;2026-02-06T21:17:04.285232+00:00;P1;25.00
4853;pms5003;3628;6.559;3.386;2026-02-06T21:17:04.285232+00:00;P0;18.00
4854;DHT22;3628;6.559;3.386;2026-02-06T21:17:21.776540+00:00;humidity;80.60
4854;DHT22;3628;6.559;3.386;2026-02-06T21:17:21.776540+00:00;temperature;31.60
4853;pms5003;3628;6.559;3.386;2026-02-06T21:24:05.449059+00:00;P2;30.00
4853;pms5003;3628;6.559;3.386;2026-02-06T21:24:05.449059+00:00;P1;42.75
4853;pms5003;3628;6.559;3.386;2026-02-06T21:24:05.449059+00:00;P0;19.25
4853;pms5003;3628;6.559;3.386;2026-02-06T21:28:05.283868+00:00;P2;20.00
4853;pms5003;3628;6.559;3.386;2026-02-06T21:28:05.283868+00:00;P1;26.00
4853;pms5003;3628;6.559;3.386;2026-02-06T21:28:05.283868+00:00;P0;11.60
4854;DHT22;3628;6.559;3.386;2026-02-06T21:28:22.759790+00:00;humidity;80.30
4854;DHT22;3628;6.559;3.386;2026-02-06T21:28:22.759790+00:00;temperature;31.60
4854;DHT22;3628;6.559;3.386;2026-02-06T21:50:26.584331+00:00;humidity;81.70
4854;DHT22;3628;6.559;3.386;2026-02-06T21:50:26.584331+00:00;temperature;31.60
4853;pms5003;3628;6.559;3.386;2026-02-06T21:54:55.732937+00:00;P2;28.00
4853;pms5003;3628;6.559;3.386;2026-02-06T21:54:55.732937+00:00;P1;36.20
4853;pms5003;3628;6.559;3.386;2026-02-06T21:54:55.732937+00:00;P0;17.00
4854;DHT22;3628;6.559;3.386;2026-02-06T21:55:13.143621+00:00;humidity;82.20
4854;DHT22;3628;6.559;3.386;2026-02-06T21:55:13.143621+00:00;temperature;31.40
4853;pms5003;3628;6.559;3.386;2026-02-06T22:00:30.407251+00:00;P2;21.75
4853;pms5003;3628;6.559;3.386;2026-02-06T22:00:30.407251+00:00;P1;24.25
4853;pms5003;3628;6.559;3.386;2026-02-06T22:00:30.407251+00:00;P0;13.25
4854;DHT22;3628;6.559;3.386;2026-02-06T22:00:47.792757+00:00;humidity;82.80
4854;DHT22;3628;6.559;3.386;2026-02-06T22:00:47.792757+00:00;temperature;31.40
4853;pms5003;3628;6.559;3.386;2026-02-06T22:06:05.045158+00:00;P2;20.00
4853;pms5003;3628;6.559;3.386;2026-02-06T22:06:05.045158+00:00;P1;28.50
4853;pms5003;3628;6.559;3.386;2026-02-06T22:06:05.045158+00:00;P0;13.00
4854;DHT22;3628;6.559;3.386;2026-02-06T22:06:22.476917+00:00;humidity;82.40
4854;DHT22;3628;6.559;3.386;2026-02-06T22:06:22.476917+00:00;temperature;31.50
4853;pms5003;3628;6.559;3.386;2026-02-06T22:12:43.001481+00:00;P2;28.00
4853;pms5003;3628;6.559;3.386;2026-02-06T22:12:43.001481+00:00;P1;41.00
4853;pms5003;3628;6.559;3.386;2026-02-06T22:12:43.001481+00:00;P0;17.00
4853;pms5003;3628;6.559;3.386;2026-02-06T22:22:28.720147+00:00;P2;28.00
4853;pms5003;3628;6.559;3.386;2026-02-06T22:22:28.720147+00:00;P1;36.00
4853;pms5003;3628;6.559;3.386;2026-02-06T22:22:28.720147+00:00;P0;19.25
4854;DHT22;3628;6.559;3.386;2026-02-06T22:22:46.276118+00:00;humidity;83.30
4854;DHT22;3628;6.559;3.386;2026-02-06T22:22:46.276118+00:00;temperature;31.40
4853;pms5003;3628;6.559;3.386;2026-02-06T22:28:03.403508+00:00;P2;23.50
4853;pms5003;3628;6.559;3.386;2026-02-06T22:28:03.403508+00:00;P1;25.25
4853;pms5003;3628;6.559;3.386;2026-02-06T22:28:03.403508+00:00;P0;14.25
4854;DHT22;3628;6.559;3.386;2026-02-06T22:28:20.870721+00:00;humidity;83.00
4854;DHT22;3628;6.559;3.386;2026-02-06T22:28:20.870721+00:00;temperature;31.30
4854;DHT22;3628;6.559;3.386;2026-02-06T22:34:13.536359+00:00;humidity;82.90
4854;DHT22;3628;6.559;3.386;2026-02-06T22:34:13.536359+00:00;temperature;31.30
4854;DHT22;3628;6.559;3.386;2026-02-06T22:39:13.019555+00:00;humidity;82.60
4854;DHT22;3628;6.559;3.386;2026-02-06T22:39:13.019555+00:00;temperature;31.40
4853;pms5003;3628;6.559;3.386;2026-02-06T22:44:26.048089+00:00;P2;17.40
4853;pms5003;3628;6.559;3.386;2026-02-06T22:44:26.048089+00:00;P1;18.40
4853;pms5003;3628;6.559;3.386;2026-02-06T22:44:26.048089+00:00;P0;12.00
4854;DHT22;3628;6.559;3.386;2026-02-06T22:44:46.328482+00:00;humidity;82.70
4854;DHT22;3628;6.559;3.386;2026-02-06T22:44:46.328482+00:00;temperature;31.30
4853;pms5003;3628;6.559;3.386;2026-02-06T22:51:05.072737+00:00;P2;20.00
4853;pms5003;3628;6.559;3.386;2026-02-06T22:51:05.072737+00:00;P1;24.33
4853;pms5003;3628;6.559;3.386;2026-02-06T22:51:05.072737+00:00;P0;14.00
4853;pms5003;3628;6.559;3.386;2026-02-06T22:55:27.987528+00:00;P2;21.50
4853;pms5003;3628;6.559;3.386;2026-02-06T22:55:27.987528+00:00;P1;26.00
4853;pms5003;3628;6.559;3.386;2026-02-06T22:55:27.987528+00:00;P0;14.25
4854;DHT22;3628;6.559;3.386;2026-02-06T22:55:45.514446+00:00;humidity;82.30
4854;DHT22;3628;6.559;3.386;2026-02-06T22:55:45.514446+00:00;temperature;31.30
4853;pms5003;3628;6.559;3.386;2026-02-06T23:01:02.714170+00:00;P2;15.00
4853;pms5003;3628;6.559;3.386;2026-02-06T23:01:02.714170+00:00;P1;18.25
4853;pms5003;3628;6.559;3.386;2026-02-06T23:01:02.714170+00:00;P0;10.00
4853;pms5003;3628;6.559;3.386;2026-02-06T23:23:37.987964+00:00;P2;20.00
4853;pms5003;3628;6.559;3.386;2026-02-06T23:23:37.987964+00:00;P1;21.50
4853;pms5003;3628;6.559;3.386;2026-02-06T23:23:37.987964+00:00;P0;13.00
4854;DHT22;3628;6.559;3.386;2026-02-06T23:23:55.444379+00:00;humidity;81.50
4854;DHT22;3628;6.559;3.386;2026-02-06T23:23:55.444379+00:00;temperature;31.40
4854;DHT22;3628;6.559;3.386;2026-02-06T23:29:19.747265+00:00;humidity;81.50
4854;DHT22;3628;6.559;3.386;2026-02-06T23:29:19.747265+00:00;temperature;31.50
4853;pms5003;3628;6.559;3.386;2026-02-06T23:34:36.880088+00:00;P2;19.25
4853;pms5003;3628;6.559;3.386;2026-02-06T23:34:36.880088+00:00;P1;23.50
4853;pms5003;3628;6.559;3.386;2026-02-06T23:34:36.880088+00:00;P0;12.50
4854;DHT22;3628;6.559;3.386;2026-02-06T23:34:54.259123+00:00;humidity;81.10
4854;DHT22;3628;6.559;3.386;2026-02-06T23:34:54.259123+00:00;temperature;31.50
4853;pms5003;3628;6.559;3.386;2026-02-06T23:40:11.620112+00:00;P2;34.00
4853;pms5003;3628;6.559;3.386;2026-02-06T23:40:11.620112+00:00;P1;50.75
4853;pms5003;3628;6.559;3.386;2026-02-06T23:40:11.620112+00:00;P0;22.00
4854;DHT22;3628;6.559;3.386;2026-02-06T23:40:28.988572+00:00;humidity;81.00
4854;DHT22;3628;6.559;3.386;2026-02-06T23:40:28.988572+00:00;temperature;31.40
4853;pms5003;3628;6.559;3.386;2026-02-06T23:45:46.229419+00:00;P2;35.50
4853;pms5003;3628;6.559;3.386;2026-02-06T23:45:46.229419+00:00;P1;51.75
4853;pms5003;3628;6.559;3.386;2026-02-06T23:45:46.229419+00:00;P0;22.00
4854;DHT22;3628;6.559;3.386;2026-02-06T23:46:03.742611+00:00;humidity;80.70
4854;DHT22;3628;6.559;3.386;2026-02-06T23:46:03.742611+00:00;temperature;31.50
4853;pms5003;3628;6.559;3.386;2026-02-06T23:51:20.894308+00:00;P2;38.00
4853;pms5003;3628;6.559;3.386;2026-02-06T23:51:20.894308+00:00;P1;55.33
4853;pms5003;3628;6.559;3.386;2026-02-06T23:51:20.894308+00:00;P0;23.00
4854;DHT22;3628;6.559;3.386;2026-02-06T23:51:38.428499+00:00;humidity;80.90
4854;DHT22;3628;6.559;3.386;2026-02-06T23:51:38.428499+00:00;temperature;31.40
4853;pms5003;3628;6.559;3.386;2026-02-06T23:56:55.637121+00:00;P2;39.75
4853;pms5003;3628;6.559;3.386;2026-02-06T23:56:55.637121+00:00;P1;56.25
4853;pms5003;3628;6.559;3.386;2026-02-06T23:56:55.637121+00:00;P0;23.75
4854;DHT22;3628;6.559;3.386;2026-02-06T23:57:13.126362+00:00;humidity;80.70
4854;DHT22;3628;6.559;3.386;2026-02-06T23:57:13.126362+00:00;temperature;31.50
4853;pms5003;3628;6.559;3.386;2026-02-07T00:03:20.540061+00:00;P2;38.50
4853;pms5003;3628;6.559;3.386;2026-02-07T00:03:20.540061+00:00;P1;56.50
4853;pms5003;3628;6.559;3.386;2026-02-07T00:03:20.540061+00:00;P0;23.50
4854;DHT22;3628;6.559;3.386;2026-02-07T00:08:01.073219+00:00;humidity;81.40
4854;DHT22;3628;6.559;3.386;2026-02-07T00:08:01.073219+00:00;temperature;31.40
4853;pms5003;3628;6.559;3.386;2026-02-07T00:24:06.312832+00:00;P2;22.33
4853;pms5003;3628;6.559;3.386;2026-02-07T00:24:06.312832+00:00;P1;27.00
4853;pms5003;3628;6.559;3.386;2026-02-07T00:24:06.312832+00:00;P0;13.00
4854;DHT22;3628;6.559;3.386;2026-02-07T00:24:23.506976+00:00;humidity;82.30
4854;DHT22;3628;6.559;3.386;2026-02-07T00:24:23.506976+00:00;temperature;31.30
4853;pms5003;3628;6.559;3.386;2026-02-07T00:29:45.843497+00:00;P2;20.25
4853;pms5003;3628;6.559;3.386;2026-02-07T00:29:45.843497+00:00;P1;28.00
4853;pms5003;3628;6.559;3.386;2026-02-07T00:29:45.843497+00:00;P0;14.25
4854;DHT22;3628;6.559;3.386;2026-02-07T00:29:58.247459+00:00;humidity;81.80
4854;DHT22;3628;6.559;3.386;2026-02-07T00:29:58.247459+00:00;temperature;31.40
4853;pms5003;3628;6.559;3.386;2026-02-07T00:35:18.206032+00:00;P2;18.00
4853;pms5003;3628;6.559;3.386;2026-02-07T00:35:18.206032+00:00;P1;25.60
4853;pms5003;3628;6.559;3.386;2026-02-07T00:35:18.206032+00:00;P0;11.40
4853;pms5003;3628;6.559;3.386;2026-02-07T00:45:55.721989+00:00;P2;13.50
4853;pms5003;3628;6.559;3.386;2026-02-07T00:45:55.721989+00:00;P1;17.50
4853;pms5003;3628;6.559;3.386;2026-02-07T00:45:55.721989+00:00;P0;7.00
4853;pms5003;3628;6.559;3.386;2026-02-07T01:29:51.873551+00:00;P2;23.00
4853;pms5003;3628;6.559;3.386;2026-02-07T01:29:51.873551+00:00;P1;32.20
4853;pms5003;3628;6.559;3.386;2026-02-07T01:29:51.873551+00:00;P0;14.00
4853;pms5003;3628;6.559;3.386;2026-02-07T06:01:30.654379+00:00;P2;36.00
4853;pms5003;3628;6.559;3.386;2026-02-07T06:01:30.654379+00:00;P1;49.20
4853;pms5003;3628;6.559;3.386;2026-02-07T06:01:30.654379+00:00;P0;23.40
4854;DHT22;3628;6.559;3.386;2026-02-07T06:01:48.162332+00:00;humidity;94.70
4854;DHT22;3628;6.559;3.386;2026-02-07T06:01:48.162332+00:00;temperature;29.40
4853;pms5003;3628;6.559;3.386;2026-02-07T06:07:05.452307+00:00;P2;37.00
4853;pms5003;3628;6.559;3.386;2026-02-07T06:07:05.452307+00:00;P1;50.25
4853;pms5003;3628;6.559;3.386;2026-02-07T06:07:05.452307+00:00;P0;24.75
4854;DHT22;3628;6.559;3.386;2026-02-07T06:07:22.908377+00:00;humidity;90.10
4854;DHT22;3628;6.559;3.386;2026-02-07T06:07:22.908377+00:00;temperature;30.20
4854;DHT22;3628;6.559;3.386;2026-02-07T09:16:57.742495+00:00;humidity;75.20
4854;DHT22;3628;6.559;3.386;2026-02-07T09:16:57.742495+00:00;temperature;33.40
4853;pms5003;3628;6.559;3.386;2026-02-07T09:22:15.052615+00:00;P2;36.00
4853;pms5003;3628;6.559;3.386;2026-02-07T09:22:15.052615+00:00;P1;42.00
4853;pms5003;3628;6.559;3.386;2026-02-07T09:22:15.052615+00:00;P0;23.75
4854;DHT22;3628;6.559;3.386;2026-02-07T09:22:35.303285+00:00;humidity;65.10
4854;DHT22;3628;6.559;3.386;2026-02-07T09:22:35.303285+00:00;temperature;37.00
4854;DHT22;3628;6.559;3.386;2026-02-07T09:27:59.347982+00:00;humidity;66.70
4854;DHT22;3628;6.559;3.386;2026-02-07T09:27:59.347982+00:00;temperature;36.40
4854;DHT22;3628;6.559;3.386;2026-02-07T09:33:33.847523+00:00;humidity;66.60
4854;DHT22;3628;6.559;3.386;2026-02-07T09:33:33.847523+00:00;temperature;36.70
4853;pms5003;3628;6.559;3.386;2026-02-07T09:38:51.011057+00:00;P2;39.00
4853;pms5003;3628;6.559;3.386;2026-02-07T09:38:51.011057+00:00;P1;54.25
4853;pms5003;3628;6.559;3.386;2026-02-07T09:38:51.011057+00:00;P0;26.50
4854;DHT22;3628;6.559;3.386;2026-02-07T09:39:08.354382+00:00;humidity;64.80
4854;DHT22;3628;6.559;3.386;2026-02-07T09:39:08.354382+00:00;temperature;37.20
4854;DHT22;3628;6.559;3.386;2026-02-07T09:54:29.925689+00:00;humidity;66.10
4854;DHT22;3628;6.559;3.386;2026-02-07T09:54:29.925689+00:00;temperature;36.00
4853;pms5003;3628;6.559;3.386;2026-02-07T09:59:50.225898+00:00;P2;24.00
4853;pms5003;3628;6.559;3.386;2026-02-07T09:59:50.225898+00:00;P1;36.20
4853;pms5003;3628;6.559;3.386;2026-02-07T09:59:50.225898+00:00;P0;17.00
4854;DHT22;3628;6.559;3.386;2026-02-07T10:05:20.545517+00:00;humidity;64.60
4854;DHT22;3628;6.559;3.386;2026-02-07T10:05:20.545517+00:00;temperature;36.20
4853;pms5003;3628;6.559;3.386;2026-02-07T10:16:04.793605+00:00;P2;19.00
4853;pms5003;3628;6.559;3.386;2026-02-07T10:16:04.793605+00:00;P1;34.50
4853;pms5003;3628;6.559;3.386;2026-02-07T10:16:04.793605+00:00;P0;14.00
4854;DHT22;3628;6.559;3.386;2026-02-07T10:16:22.105766+00:00;humidity;62.60
4854;DHT22;3628;6.559;3.386;2026-02-07T10:16:22.105766+00:00;temperature;37.00
4853;pms5003;3628;6.559;3.386;2026-02-07T10:26:55.682203+00:00;P2;22.00
4853;pms5003;3628;6.559;3.386;2026-02-07T10:26:55.682203+00:00;P1;23.00
4853;pms5003;3628;6.559;3.386;2026-02-07T10:26:55.682203+00:00;P0;15.00
4854;DHT22;3628;6.559;3.386;2026-02-07T10:27:13.174496+00:00;humidity;62.10
4854;DHT22;3628;6.559;3.386;2026-02-07T10:27:13.174496+00:00;temperature;37.30
4854;DHT22;3628;6.559;3.386;2026-02-07T10:32:37.612487+00:00;humidity;60.60
4854;DHT22;3628;6.559;3.386;2026-02-07T10:32:37.612487+00:00;temperature;38.10
4853;pms5003;3628;6.559;3.386;2026-02-07T10:37:54.791268+00:00;P2;21.60
4853;pms5003;3628;6.559;3.386;2026-02-07T10:37:54.791268+00:00;P1;36.40
4853;pms5003;3628;6.559;3.386;2026-02-07T10:37:54.791268+00:00;P0;14.00
4854;DHT22;3628;6.559;3.386;2026-02-07T10:43:46.838399+00:00;humidity;58.20
4854;DHT22;3628;6.559;3.386;2026-02-07T10:43:46.838399+00:00;temperature;39.50
4853;pms5003;3628;6.559;3.386;2026-02-07T10:49:04.023924+00:00;P2;21.00
4853;pms5003;3628;6.559;3.386;2026-02-07T10:49:04.023924+00:00;P1;22.50
4853;pms5003;3628;6.559;3.386;2026-02-07T10:49:04.023924+00:00;P0;16.00
4854;DHT22;3628;6.559;3.386;2026-02-07T10:49:21.452158+00:00;humidity;58.80
4854;DHT22;3628;6.559;3.386;2026-02-07T10:49:21.452158+00:00;temperature;39.20
4854;DHT22;3628;6.559;3.386;2026-02-07T10:54:45.724242+00:00;humidity;58.80
4854;DHT22;3628;6.559;3.386;2026-02-07T10:54:45.724242+00:00;temperature;39.20
4853;pms5003;3628;6.559;3.386;2026-02-07T11:00:02.926268+00:00;P2;22.50
4853;pms5003;3628;6.559;3.386;2026-02-07T11:00:02.926268+00:00;P1;27.75
4853;pms5003;3628;6.559;3.386;2026-02-07T11:00:02.926268+00:00;P0;14.75
4854;DHT22;3628;6.559;3.386;2026-02-07T11:00:20.318732+00:00;humidity;59.00
4854;DHT22;3628;6.559;3.386;2026-02-07T11:00:20.318732+00:00;temperature;39.10
4853;pms5003;3628;6.559;3.386;2026-02-07T11:05:40.292206+00:00;P2;21.60
4853;pms5003;3628;6.559;3.386;2026-02-07T11:05:40.292206+00:00;P1;21.60
4853;pms5003;3628;6.559;3.386;2026-02-07T11:05:40.292206+00:00;P0;15.00
4853;pms5003;3628;6.559;3.386;2026-02-07T11:11:12.241166+00:00;P2;23.00
4853;pms5003;3628;6.559;3.386;2026-02-07T11:11:12.241166+00:00;P1;26.75
4853;pms5003;3628;6.559;3.386;2026-02-07T11:11:12.241166+00:00;P0;15.00
4853;pms5003;3628;6.559;3.386;2026-02-07T11:21:49.972672+00:00;P2;22.40
4853;pms5003;3628;6.559;3.386;2026-02-07T11:21:49.972672+00:00;P1;27.00
4853;pms5003;3628;6.559;3.386;2026-02-07T11:21:49.972672+00:00;P0;15.40
4854;DHT22;3628;6.559;3.386;2026-02-07T11:22:07.240933+00:00;humidity;61.40
4854;DHT22;3628;6.559;3.386;2026-02-07T11:22:07.240933+00:00;temperature;37.10
4853;pms5003;3628;6.559;3.386;2026-02-07T11:27:24.381140+00:00;P2;20.80
4853;pms5003;3628;6.559;3.386;2026-02-07T11:27:24.381140+00:00;P1;23.20
4853;pms5003;3628;6.559;3.386;2026-02-07T11:27:24.381140+00:00;P0;15.80
4854;DHT22;3628;6.559;3.386;2026-02-07T11:27:41.793659+00:00;humidity;56.50
4854;DHT22;3628;6.559;3.386;2026-02-07T11:27:41.793659+00:00;temperature;39.70
4853;pms5003;3628;6.559;3.386;2026-02-07T11:32:59.585058+00:00;P2;26.00
4853;pms5003;3628;6.559;3.386;2026-02-07T11:32:59.585058+00:00;P1;31.00
4853;pms5003;3628;6.559;3.386;2026-02-07T11:32:59.585058+00:00;P0;18.40
4854;DHT22;3628;6.559;3.386;2026-02-07T11:33:17.419025+00:00;humidity;56.00
4854;DHT22;3628;6.559;3.386;2026-02-07T11:33:17.419025+00:00;temperature;39.90
4853;pms5003;3628;6.559;3.386;2026-02-07T11:38:34.516071+00:00;P2;21.00
4853;pms5003;3628;6.559;3.386;2026-02-07T11:38:34.516071+00:00;P1;22.80
4853;pms5003;3628;6.559;3.386;2026-02-07T11:38:34.516071+00:00;P0;13.20
4854;DHT22;3628;6.559;3.386;2026-02-07T11:44:05.162926+00:00;humidity;58.80
4854;DHT22;3628;6.559;3.386;2026-02-07T11:44:05.162926+00:00;temperature;38.50
4853;pms5003;3628;6.559;3.386;2026-02-07T11:49:22.393546+00:00;P2;24.50
4853;pms5003;3628;6.559;3.386;2026-02-07T11:49:22.393546+00:00;P1;35.00
4853;pms5003;3628;6.559;3.386;2026-02-07T11:49:22.393546+00:00;P0;17.00
4854;DHT22;3628;6.559;3.386;2026-02-07T11:49:39.804292+00:00;humidity;59.80
4854;DHT22;3628;6.559;3.386;2026-02-07T11:49:39.804292+00:00;temperature;38.00
4853;pms5003;3628;6.559;3.386;2026-02-07T11:54:57.073807+00:00;P2;27.75
4853;pms5003;3628;6.559;3.386;2026-02-07T11:54:57.073807+00:00;P1;44.25
4853;pms5003;3628;6.559;3.386;2026-02-07T11:54:57.073807+00:00;P0;20.00
4854;DHT22;3628;6.559;3.386;2026-02-07T11:55:17.366137+00:00;humidity;60.90
4854;DHT22;3628;6.559;3.386;2026-02-07T11:55:17.366137+00:00;temperature;37.50
4853;pms5003;3628;6.559;3.386;2026-02-07T12:00:34.587533+00:00;P2;22.33
4853;pms5003;3628;6.559;3.386;2026-02-07T12:00:34.587533+00:00;P1;34.00
4853;pms5003;3628;6.559;3.386;2026-02-07T12:00:34.587533+00:00;P0;16.33
4854;DHT22;3628;6.559;3.386;2026-02-07T12:00:52.021672+00:00;humidity;59.00
4854;DHT22;3628;6.559;3.386;2026-02-07T12:00:52.021672+00:00;temperature;38.50
4853;pms5003;3628;6.559;3.386;2026-02-07T12:06:09.237896+00:00;P2;21.50
4853;pms5003;3628;6.559;3.386;2026-02-07T12:06:09.237896+00:00;P1;25.00
4853;pms5003;3628;6.559;3.386;2026-02-07T12:06:09.237896+00:00;P0;14.75
4854;DHT22;3628;6.559;3.386;2026-02-07T12:06:26.667656+00:00;humidity;58.50
4854;DHT22;3628;6.559;3.386;2026-02-07T12:06:26.667656+00:00;temperature;38.50
4853;pms5003;3628;6.559;3.386;2026-02-07T12:11:43.960630+00:00;P2;21.00
4853;pms5003;3628;6.559;3.386;2026-02-07T12:11:43.960630+00:00;P1;32.00
4853;pms5003;3628;6.559;3.386;2026-02-07T12:11:43.960630+00:00;P0;14.00
4854;DHT22;3628;6.559;3.386;2026-02-07T12:12:02.384266+00:00;humidity;56.80
4854;DHT22;3628;6.559;3.386;2026-02-07T12:12:02.384266+00:00;temperature;39.50
4853;pms5003;3628;6.559;3.386;2026-02-07T12:17:19.682135+00:00;P2;26.00
4853;pms5003;3628;6.559;3.386;2026-02-07T12:17:19.682135+00:00;P1;34.25
4853;pms5003;3628;6.559;3.386;2026-02-07T12:17:19.682135+00:00;P0;17.50
4854;DHT22;3628;6.559;3.386;2026-02-07T12:17:37.089381+00:00;humidity;56.10
4854;DHT22;3628;6.559;3.386;2026-02-07T12:17:37.089381+00:00;temperature;39.60
4853;pms5003;3628;6.559;3.386;2026-02-07T12:22:54.295408+00:00;P2;23.33
4853;pms5003;3628;6.559;3.386;2026-02-07T12:22:54.295408+00:00;P1;33.33
4853;pms5003;3628;6.559;3.386;2026-02-07T12:22:54.295408+00:00;P0;15.67
4854;DHT22;3628;6.559;3.386;2026-02-07T12:23:11.716956+00:00;humidity;56.40
4854;DHT22;3628;6.559;3.386;2026-02-07T12:23:11.716956+00:00;temperature;39.50
4853;pms5003;3628;6.559;3.386;2026-02-07T12:28:28.935918+00:00;P2;20.50
4853;pms5003;3628;6.559;3.386;2026-02-07T12:28:28.935918+00:00;P1;22.50
4853;pms5003;3628;6.559;3.386;2026-02-07T12:28:28.935918+00:00;P0;13.50
4854;DHT22;3628;6.559;3.386;2026-02-07T12:28:46.350976+00:00;humidity;57.10
4854;DHT22;3628;6.559;3.386;2026-02-07T12:28:46.350976+00:00;temperature;39.30
4853;pms5003;3628;6.559;3.386;2026-02-07T12:34:03.544242+00:00;P2;19.50
4853;pms5003;3628;6.559;3.386;2026-02-07T12:34:03.544242+00:00;P1;24.75
4853;pms5003;3628;6.559;3.386;2026-02-07T12:34:03.544242+00:00;P0;12.00
4854;DHT22;3628;6.559;3.386;2026-02-07T12:34:21.012472+00:00;humidity;55.80
4854;DHT22;3628;6.559;3.386;2026-02-07T12:34:21.012472+00:00;temperature;40.30
4853;pms5003;3628;6.559;3.386;2026-02-07T12:39:38.201764+00:00;P2;20.40
4853;pms5003;3628;6.559;3.386;2026-02-07T12:39:38.201764+00:00;P1;31.20
4853;pms5003;3628;6.559;3.386;2026-02-07T12:39:38.201764+00:00;P0;14.00
4854;DHT22;3628;6.559;3.386;2026-02-07T12:39:55.629738+00:00;humidity;54.60
4854;DHT22;3628;6.559;3.386;2026-02-07T12:39:55.629738+00:00;temperature;40.80
4854;DHT22;3628;6.559;3.386;2026-02-07T12:45:22.365947+00:00;humidity;55.70
4854;DHT22;3628;6.559;3.386;2026-02-07T12:45:22.365947+00:00;temperature;39.90
4853;pms5003;3628;6.559;3.386;2026-02-07T12:50:39.556247+00:00;P2;22.20
4853;pms5003;3628;6.559;3.386;2026-02-07T12:50:39.556247+00:00;P1;23.20
4853;pms5003;3628;6.559;3.386;2026-02-07T12:50:39.556247+00:00;P0;15.80
4854;DHT22;3628;6.559;3.386;2026-02-07T13:01:45.378805+00:00;humidity;55.60
4854;DHT22;3628;6.559;3.386;2026-02-07T13:01:45.378805+00:00;temperature;39.90
4853;pms5003;3628;6.559;3.386;2026-02-07T13:07:02.913587+00:00;P2;25.25
4853;pms5003;3628;6.559;3.386;2026-02-07T13:07:02.913587+00:00;P1;31.00
4853;pms5003;3628;6.559;3.386;2026-02-07T13:07:02.913587+00:00;P0;17.25
4854;DHT22;3628;6.559;3.386;2026-02-07T13:07:20.119965+00:00;humidity;55.50
4854;DHT22;3628;6.559;3.386;2026-02-07T13:07:20.119965+00:00;temperature;40.00
4853;pms5003;3628;6.559;3.386;2026-02-07T13:12:37.381734+00:00;P2;26.75
4853;pms5003;3628;6.559;3.386;2026-02-07T13:12:37.381734+00:00;P1;38.00
4853;pms5003;3628;6.559;3.386;2026-02-07T13:12:37.381734+00:00;P0;18.75
4854;DHT22;3628;6.559;3.386;2026-02-07T13:12:54.824300+00:00;humidity;55.50
4854;DHT22;3628;6.559;3.386;2026-02-07T13:12:54.824300+00:00;temperature;40.20
4853;pms5003;3628;6.559;3.386;2026-02-07T13:18:12.037059+00:00;P2;19.50
4853;pms5003;3628;6.559;3.386;2026-02-07T13:18:12.037059+00:00;P1;33.75
4853;pms5003;3628;6.559;3.386;2026-02-07T13:18:12.037059+00:00;P0;14.00
4854;DHT22;3628;6.559;3.386;2026-02-07T13:18:29.466504+00:00;humidity;55.00
4854;DHT22;3628;6.559;3.386;2026-02-07T13:18:29.466504+00:00;temperature;40.30
4853;pms5003;3628;6.559;3.386;2026-02-07T13:23:46.670553+00:00;P2;22.60
4853;pms5003;3628;6.559;3.386;2026-02-07T13:23:46.670553+00:00;P1;25.00
4853;pms5003;3628;6.559;3.386;2026-02-07T13:23:46.670553+00:00;P0;17.00
4853;pms5003;3628;6.559;3.386;2026-02-07T13:24:04.258493+00:00;humidity;56.20
4853;pms5003;3628;6.559;3.386;2026-02-07T13:24:04.258493+00:00;temperature;39.30
4854;DHT22;3628;6.559;3.386;2026-02-07T13:29:38.855276+00:00;humidity;56.40
4854;DHT22;3628;6.559;3.386;2026-02-07T13:29:38.855276+00:00;temperature;40.00
4853;pms5003;3628;6.559;3.386;2026-02-07T13:34:56.107010+00:00;P2;22.00
4853;pms5003;3628;6.559;3.386;2026-02-07T13:34:56.107010+00:00;P1;25.00
4853;pms5003;3628;6.559;3.386;2026-02-07T13:34:56.107010+00:00;P0;15.00
4854;DHT22;3628;6.559;3.386;2026-02-07T13:35:13.563946+00:00;humidity;54.30
4854;DHT22;3628;6.559;3.386;2026-02-07T13:35:13.563946+00:00;temperature;40.90
4853;pms5003;3628;6.559;3.386;2026-02-07T13:40:30.739104+00:00;P2;24.00
4853;pms5003;3628;6.559;3.386;2026-02-07T13:40:30.739104+00:00;P1;29.50
4853;pms5003;3628;6.559;3.386;2026-02-07T13:40:30.739104+00:00;P0;15.25
4854;DHT22;3628;6.559;3.386;2026-02-07T13:40:48.182801+00:00;humidity;54.70
4854;DHT22;3628;6.559;3.386;2026-02-07T13:40:48.182801+00:00;temperature;40.50
4854;DHT22;3628;6.559;3.386;2026-02-07T13:46:22.777545+00:00;humidity;53.40
4854;DHT22;3628;6.559;3.386;2026-02-07T13:46:22.777545+00:00;temperature;40.90
4853;pms5003;3628;6.559;3.386;2026-02-07T13:51:40.024849+00:00;P2;22.40
4853;pms5003;3628;6.559;3.386;2026-02-07T13:51:40.024849+00:00;P1;24.60
4853;pms5003;3628;6.559;3.386;2026-02-07T13:51:40.024849+00:00;P0;14.80
4854;DHT22;3628;6.559;3.386;2026-02-07T13:51:57.572708+00:00;humidity;54.40
4854;DHT22;3628;6.559;3.386;2026-02-07T13:51:57.572708+00:00;temperature;40.00
4853;pms5003;3628;6.559;3.386;2026-02-07T13:57:14.825257+00:00;P2;21.00
4853;pms5003;3628;6.559;3.386;2026-02-07T13:57:14.825257+00:00;P1;23.50
4853;pms5003;3628;6.559;3.386;2026-02-07T13:57:14.825257+00:00;P0;15.00
4854;DHT22;3628;6.559;3.386;2026-02-07T13:57:32.311239+00:00;humidity;54.80
4854;DHT22;3628;6.559;3.386;2026-02-07T13:57:32.311239+00:00;temperature;39.90
4853;pms5003;3628;6.559;3.386;2026-02-07T14:02:49.502730+00:00;P2;29.00
4853;pms5003;3628;6.559;3.386;2026-02-07T14:02:49.502730+00:00;P1;30.00
4853;pms5003;3628;6.559;3.386;2026-02-07T14:02:49.502730+00:00;P0;16.40
4854;DHT22;3628;6.559;3.386;2026-02-07T14:08:30.854896+00:00;humidity;55.00
4854;DHT22;3628;6.559;3.386;2026-02-07T14:08:30.854896+00:00;temperature;39.90
4853;pms5003;3628;6.559;3.386;2026-02-07T14:13:48.292084+00:00;P2;24.25
4853;pms5003;3628;6.559;3.386;2026-02-07T14:13:48.292084+00:00;P1;31.75
4853;pms5003;3628;6.559;3.386;2026-02-07T14:13:48.292084+00:00;P0;14.50
4854;DHT22;3628;6.559;3.386;2026-02-07T14:14:05.828860+00:00;humidity;54.90
4854;DHT22;3628;6.559;3.386;2026-02-07T14:14:05.828860+00:00;temperature;39.50
4854;DHT22;3628;6.559;3.386;2026-02-07T14:19:40.495864+00:00;humidity;54.50
4854;DHT22;3628;6.559;3.386;2026-02-07T14:19:40.495864+00:00;temperature;39.60
4854;DHT22;3628;6.559;3.386;2026-02-07T14:25:15.264160+00:00;humidity;53.90
4854;DHT22;3628;6.559;3.386;2026-02-07T14:25:15.264160+00:00;temperature;40.00
4854;DHT22;3628;6.559;3.386;2026-02-07T14:30:39.618064+00:00;humidity;55.10
4854;DHT22;3628;6.559;3.386;2026-02-07T14:30:39.618064+00:00;temperature;39.50
4853;pms5003;3628;6.559;3.386;2026-02-07T14:35:56.697798+00:00;P2;25.75
4853;pms5003;3628;6.559;3.386;2026-02-07T14:35:56.697798+00:00;P1;37.25
4853;pms5003;3628;6.559;3.386;2026-02-07T14:35:56.697798+00:00;P0;16.50
4854;DHT22;3628;6.559;3.386;2026-02-07T14:36:14.116920+00:00;humidity;54.40
4854;DHT22;3628;6.559;3.386;2026-02-07T14:36:14.116920+00:00;temperature;40.10
4854;DHT22;3628;6.559;3.386;2026-02-07T14:47:02.635690+00:00;humidity;55.70
4854;DHT22;3628;6.559;3.386;2026-02-07T14:47:02.635690+00:00;temperature;39.20
4853;pms5003;3628;6.559;3.386;2026-02-07T14:52:19.902993+00:00;P2;22.40
4853;pms5003;3628;6.559;3.386;2026-02-07T14:52:19.902993+00:00;P1;23.40
4853;pms5003;3628;6.559;3.386;2026-02-07T14:52:19.902993+00:00;P0;15.20
4854;DHT22;3628;6.559;3.386;2026-02-07T14:52:37.374270+00:00;humidity;55.60
4854;DHT22;3628;6.559;3.386;2026-02-07T14:52:37.374270+00:00;temperature;39.30
4853;pms5003;3628;6.559;3.386;2026-02-07T14:57:54.635643+00:00;P2;19.50
4853;pms5003;3628;6.559;3.386;2026-02-07T14:57:54.635643+00:00;P1;24.00
4853;pms5003;3628;6.559;3.386;2026-02-07T14:57:54.635643+00:00;P0;13.00
4853;pms5003;3628;6.559;3.386;2026-02-07T15:03:29.231105+00:00;P2;21.25
4853;pms5003;3628;6.559;3.386;2026-02-07T15:03:29.231105+00:00;P1;23.50
4853;pms5003;3628;6.559;3.386;2026-02-07T15:03:29.231105+00:00;P0;13.25
4854;DHT22;3628;6.559;3.386;2026-02-07T15:03:46.664270+00:00;humidity;56.00
4854;DHT22;3628;6.559;3.386;2026-02-07T15:03:46.664270+00:00;temperature;39.50
4854;DHT22;3628;6.559;3.386;2026-02-07T15:09:11.136689+00:00;humidity;57.50
4854;DHT22;3628;6.559;3.386;2026-02-07T15:09:11.136689+00:00;temperature;39.20
4854;DHT22;3628;6.559;3.386;2026-02-07T15:20:09.604950+00:00;humidity;57.50
4854;DHT22;3628;6.559;3.386;2026-02-07T15:20:09.604950+00:00;temperature;39.00
4853;pms5003;3628;6.559;3.386;2026-02-07T15:25:26.839368+00:00;P2;22.50
4853;pms5003;3628;6.559;3.386;2026-02-07T15:25:26.839368+00:00;P1;28.50
4853;pms5003;3628;6.559;3.386;2026-02-07T15:25:26.839368+00:00;P0;16.50
4854;DHT22;3628;6.559;3.386;2026-02-07T15:25:44.334370+00:00;humidity;59.30
4854;DHT22;3628;6.559;3.386;2026-02-07T15:25:44.334370+00:00;temperature;38.70
4853;pms5003;3628;6.559;3.386;2026-02-07T15:31:03.613756+00:00;P2;20.00
4853;pms5003;3628;6.559;3.386;2026-02-07T15:31:03.613756+00:00;P1;21.00
4853;pms5003;3628;6.559;3.386;2026-02-07T15:31:03.613756+00:00;P0;13.00
4854;DHT22;3628;6.559;3.386;2026-02-07T15:36:42.789011+00:00;humidity;58.00
4854;DHT22;3628;6.559;3.386;2026-02-07T15:36:42.789011+00:00;temperature;38.70
4853;pms5003;3628;6.559;3.386;2026-02-07T15:41:59.962035+00:00;P2;25.00
4853;pms5003;3628;6.559;3.386;2026-02-07T15:41:59.962035+00:00;P1;31.25
4853;pms5003;3628;6.559;3.386;2026-02-07T15:41:59.962035+00:00;P0;14.25
4854;DHT22;3628;6.559;3.386;2026-02-07T15:42:17.584061+00:00;humidity;59.90
4854;DHT22;3628;6.559;3.386;2026-02-07T15:42:17.584061+00:00;temperature;38.20
4853;pms5003;3628;6.559;3.386;2026-02-07T15:47:34.806183+00:00;P2;24.25
4853;pms5003;3628;6.559;3.386;2026-02-07T15:47:34.806183+00:00;P1;25.25
4853;pms5003;3628;6.559;3.386;2026-02-07T15:47:34.806183+00:00;P0;15.00
4854;DHT22;3628;6.559;3.386;2026-02-07T15:47:52.367605+00:00;humidity;61.90
4854;DHT22;3628;6.559;3.386;2026-02-07T15:47:52.367605+00:00;temperature;37.80
4853;pms5003;3628;6.559;3.386;2026-02-07T15:53:12.501425+00:00;P2;26.50
4853;pms5003;3628;6.559;3.386;2026-02-07T15:53:12.501425+00:00;P1;29.00
4853;pms5003;3628;6.559;3.386;2026-02-07T15:53:12.501425+00:00;P0;18.00
4853;pms5003;3628;6.559;3.386;2026-02-07T15:58:47.179645+00:00;P2;26.33
4853;pms5003;3628;6.559;3.386;2026-02-07T15:58:47.179645+00:00;P1;38.67
4853;pms5003;3628;6.559;3.386;2026-02-07T15:58:47.179645+00:00;P0;16.00
4854;DHT22;3628;6.559;3.386;2026-02-07T15:59:04.541183+00:00;humidity;61.80
4854;DHT22;3628;6.559;3.386;2026-02-07T15:59:04.541183+00:00;temperature;37.70
4853;pms5003;3628;6.559;3.386;2026-02-07T16:04:21.769611+00:00;P2;22.50
4853;pms5003;3628;6.559;3.386;2026-02-07T16:04:21.769611+00:00;P1;27.25
4853;pms5003;3628;6.559;3.386;2026-02-07T16:04:21.769611+00:00;P0;14.25
4853;pms5003;3628;6.559;3.386;2026-02-07T16:09:45.990479+00:00;P2;19.40
4853;pms5003;3628;6.559;3.386;2026-02-07T16:09:45.990479+00:00;P1;22.40
4853;pms5003;3628;6.559;3.386;2026-02-07T16:09:45.990479+00:00;P0;14.20
4853;pms5003;3628;6.559;3.386;2026-02-07T16:15:13.024282+00:00;P2;16.60
4853;pms5003;3628;6.559;3.386;2026-02-07T16:15:13.024282+00:00;P1;20.60
4853;pms5003;3628;6.559;3.386;2026-02-07T16:15:13.024282+00:00;P0;11.00
4854;DHT22;3628;6.559;3.386;2026-02-07T16:15:30.473057+00:00;humidity;62.70
4854;DHT22;3628;6.559;3.386;2026-02-07T16:15:30.473057+00:00;temperature;36.90
4853;pms5003;3628;6.559;3.386;2026-02-07T16:20:47.715157+00:00;P2;20.50
4853;pms5003;3628;6.559;3.386;2026-02-07T16:20:47.715157+00:00;P1;26.50
4853;pms5003;3628;6.559;3.386;2026-02-07T16:20:47.715157+00:00;P0;13.50
4853;pms5003;3628;6.559;3.386;2026-02-07T16:26:25.231570+00:00;P2;19.00
4853;pms5003;3628;6.559;3.386;2026-02-07T16:26:25.231570+00:00;P1;21.25
4853;pms5003;3628;6.559;3.386;2026-02-07T16:26:25.231570+00:00;P0;12.00
4854;DHT22;3628;6.559;3.386;2026-02-07T16:26:42.646421+00:00;humidity;63.20
4854;DHT22;3628;6.559;3.386;2026-02-07T16:26:42.646421+00:00;temperature;36.70
4853;pms5003;3628;6.559;3.386;2026-02-07T16:31:59.952901+00:00;P2;18.00
4853;pms5003;3628;6.559;3.386;2026-02-07T16:31:59.952901+00:00;P1;20.00
4853;pms5003;3628;6.559;3.386;2026-02-07T16:31:59.952901+00:00;P0;12.00
4853;pms5003;3628;6.559;3.386;2026-02-07T16:37:34.549874+00:00;P2;24.60
4853;pms5003;3628;6.559;3.386;2026-02-07T16:37:34.549874+00:00;P1;28.20
4853;pms5003;3628;6.559;3.386;2026-02-07T16:37:34.549874+00:00;P0;16.60
4854;DHT22;3628;6.559;3.386;2026-02-07T16:37:52.034082+00:00;humidity;63.80
4854;DHT22;3628;6.559;3.386;2026-02-07T16:37:52.034082+00:00;temperature;36.30
4853;pms5003;3628;6.559;3.386;2026-02-07T16:48:22.903127+00:00;P2;23.50
4853;pms5003;3628;6.559;3.386;2026-02-07T16:48:22.903127+00:00;P1;32.00
4853;pms5003;3628;6.559;3.386;2026-02-07T16:48:22.903127+00:00;P0;14.00
4854;DHT22;3628;6.559;3.386;2026-02-07T16:48:40.269139+00:00;humidity;67.20
4854;DHT22;3628;6.559;3.386;2026-02-07T16:48:40.269139+00:00;temperature;35.80
4854;DHT22;3628;6.559;3.386;2026-02-07T16:54:03.973107+00:00;humidity;69.00
4854;DHT22;3628;6.559;3.386;2026-02-07T16:54:03.973107+00:00;temperature;35.20
4853;pms5003;3628;6.559;3.386;2026-02-07T16:59:21.298890+00:00;P2;17.75
4853;pms5003;3628;6.559;3.386;2026-02-07T16:59:21.298890+00:00;P1;23.25
4853;pms5003;3628;6.559;3.386;2026-02-07T16:59:21.298890+00:00;P0;12.00
4854;DHT22;3628;6.559;3.386;2026-02-07T16:59:38.657088+00:00;humidity;68.80
4854;DHT22;3628;6.559;3.386;2026-02-07T16:59:38.657088+00:00;temperature;35.30
4853;pms5003;3628;6.559;3.386;2026-02-07T17:04:55.852079+00:00;P2;28.00
4853;pms5003;3628;6.559;3.386;2026-02-07T17:04:55.852079+00:00;P1;44.33
4853;pms5003;3628;6.559;3.386;2026-02-07T17:04:55.852079+00:00;P0;16.00
4854;DHT22;3628;6.559;3.386;2026-02-07T17:05:16.152550+00:00;humidity;69.40
4854;DHT22;3628;6.559;3.386;2026-02-07T17:05:16.152550+00:00;temperature;35.10
4853;pms5003;3628;6.559;3.386;2026-02-07T17:10:33.362974+00:00;P2;21.60
4853;pms5003;3628;6.559;3.386;2026-02-07T17:10:33.362974+00:00;P1;36.60
4853;pms5003;3628;6.559;3.386;2026-02-07T17:10:33.362974+00:00;P0;13.00
4854;DHT22;3628;6.559;3.386;2026-02-07T17:10:50.761956+00:00;humidity;69.40
4854;DHT22;3628;6.559;3.386;2026-02-07T17:10:50.761956+00:00;temperature;34.90
4854;DHT22;3628;6.559;3.386;2026-02-07T17:16:17.525150+00:00;humidity;71.30
4854;DHT22;3628;6.559;3.386;2026-02-07T17:16:17.525150+00:00;temperature;34.40
4853;pms5003;3628;6.559;3.386;2026-02-07T17:21:34.777611+00:00;P2;25.40
4853;pms5003;3628;6.559;3.386;2026-02-07T17:21:34.777611+00:00;P1;29.40
4853;pms5003;3628;6.559;3.386;2026-02-07T17:21:34.777611+00:00;P0;18.80
4853;pms5003;3628;6.559;3.386;2026-02-07T17:27:09.381889+00:00;P2;29.00
4853;pms5003;3628;6.559;3.386;2026-02-07T17:27:09.381889+00:00;P1;30.50
4853;pms5003;3628;6.559;3.386;2026-02-07T17:27:09.381889+00:00;P0;20.00
4854;DHT22;3628;6.559;3.386;2026-02-07T17:27:26.918841+00:00;humidity;73.70
4854;DHT22;3628;6.559;3.386;2026-02-07T17:27:26.918841+00:00;temperature;33.70
4853;pms5003;3628;6.559;3.386;2026-02-07T17:32:44.110895+00:00;P2;23.75
4853;pms5003;3628;6.559;3.386;2026-02-07T17:32:44.110895+00:00;P1;31.50
4853;pms5003;3628;6.559;3.386;2026-02-07T17:32:44.110895+00:00;P0;15.00
4854;DHT22;3628;6.559;3.386;2026-02-07T17:33:01.573602+00:00;humidity;75.00
4854;DHT22;3628;6.559;3.386;2026-02-07T17:33:01.573602+00:00;temperature;33.50
4853;pms5003;3628;6.559;3.386;2026-02-07T17:38:18.778445+00:00;P2;14.75
4853;pms5003;3628;6.559;3.386;2026-02-07T17:38:18.778445+00:00;P1;28.00
4853;pms5003;3628;6.559;3.386;2026-02-07T17:38:18.778445+00:00;P0;10.50
4853;pms5003;3628;6.559;3.386;2026-02-07T17:43:42.625204+00:00;P2;19.00
4853;pms5003;3628;6.559;3.386;2026-02-07T17:43:42.625204+00:00;P1;22.20
4853;pms5003;3628;6.559;3.386;2026-02-07T17:43:42.625204+00:00;P0;12.20
4854;DHT22;3628;6.559;3.386;2026-02-07T17:44:00.089505+00:00;humidity;75.10
4854;DHT22;3628;6.559;3.386;2026-02-07T17:44:00.089505+00:00;temperature;33.10
4853;pms5003;3628;6.559;3.386;2026-02-07T17:49:17.333980+00:00;P2;21.25
4853;pms5003;3628;6.559;3.386;2026-02-07T17:49:17.333980+00:00;P1;33.75
4853;pms5003;3628;6.559;3.386;2026-02-07T17:49:17.333980+00:00;P0;15.00
4854;DHT22;3628;6.559;3.386;2026-02-07T17:49:34.782632+00:00;humidity;76.20
4854;DHT22;3628;6.559;3.386;2026-02-07T17:49:34.782632+00:00;temperature;32.90
4853;pms5003;3628;6.559;3.386;2026-02-07T17:54:51.950299+00:00;P2;23.50
4853;pms5003;3628;6.559;3.386;2026-02-07T17:54:51.950299+00:00;P1;35.50
4853;pms5003;3628;6.559;3.386;2026-02-07T17:54:51.950299+00:00;P0;15.25
4854;DHT22;3628;6.559;3.386;2026-02-07T17:55:09.441639+00:00;humidity;76.00
4854;DHT22;3628;6.559;3.386;2026-02-07T17:55:09.441639+00:00;temperature;32.90
4853;pms5003;3628;6.559;3.386;2026-02-07T18:00:26.633677+00:00;P2;16.25
4853;pms5003;3628;6.559;3.386;2026-02-07T18:00:26.633677+00:00;P1;18.00
4853;pms5003;3628;6.559;3.386;2026-02-07T18:00:26.633677+00:00;P0;12.00
4854;DHT22;3628;6.559;3.386;2026-02-07T18:00:44.163624+00:00;humidity;77.40
4854;DHT22;3628;6.559;3.386;2026-02-07T18:00:44.163624+00:00;temperature;32.70
4853;pms5003;3628;6.559;3.386;2026-02-07T18:06:01.398431+00:00;P2;16.50
4853;pms5003;3628;6.559;3.386;2026-02-07T18:06:01.398431+00:00;P1;20.00
4853;pms5003;3628;6.559;3.386;2026-02-07T18:06:01.398431+00:00;P0;12.00
4854;DHT22;3628;6.559;3.386;2026-02-07T18:06:18.841835+00:00;humidity;76.50
4854;DHT22;3628;6.559;3.386;2026-02-07T18:06:18.841835+00:00;temperature;32.60
4853;pms5003;3628;6.559;3.386;2026-02-07T18:11:36.132556+00:00;P2;22.00
4853;pms5003;3628;6.559;3.386;2026-02-07T18:11:36.132556+00:00;P1;24.67
4853;pms5003;3628;6.559;3.386;2026-02-07T18:11:36.132556+00:00;P0;14.00
4854;DHT22;3628;6.559;3.386;2026-02-07T18:11:53.586931+00:00;humidity;77.60
4854;DHT22;3628;6.559;3.386;2026-02-07T18:11:53.586931+00:00;temperature;32.40
4853;pms5003;3628;6.559;3.386;2026-02-07T18:17:10.806280+00:00;P2;25.67
4853;pms5003;3628;6.559;3.386;2026-02-07T18:17:10.806280+00:00;P1;29.00
4853;pms5003;3628;6.559;3.386;2026-02-07T18:17:10.806280+00:00;P0;15.33
4854;DHT22;3628;6.559;3.386;2026-02-07T18:17:29.253869+00:00;humidity;77.40
4854;DHT22;3628;6.559;3.386;2026-02-07T18:17:29.253869+00:00;temperature;32.30
4854;DHT22;3628;6.559;3.386;2026-02-07T18:23:03.971679+00:00;humidity;77.90
4854;DHT22;3628;6.559;3.386;2026-02-07T18:23:03.971679+00:00;temperature;32.30
4853;pms5003;3628;6.559;3.386;2026-02-07T18:28:21.199060+00:00;P2;22.00
4853;pms5003;3628;6.559;3.386;2026-02-07T18:28:21.199060+00:00;P1;24.00
4853;pms5003;3628;6.559;3.386;2026-02-07T18:28:21.199060+00:00;P0;16.00
4853;pms5003;3628;6.559;3.386;2026-02-07T18:33:45.221297+00:00;P2;33.00
4853;pms5003;3628;6.559;3.386;2026-02-07T18:33:45.221297+00:00;P1;47.50
4853;pms5003;3628;6.559;3.386;2026-02-07T18:33:45.221297+00:00;P0;19.00
4854;DHT22;3628;6.559;3.386;2026-02-07T18:34:02.745585+00:00;humidity;78.70
4854;DHT22;3628;6.559;3.386;2026-02-07T18:34:02.745585+00:00;temperature;32.20
4853;pms5003;3628;6.559;3.386;2026-02-07T18:39:19.977520+00:00;P2;23.00
4853;pms5003;3628;6.559;3.386;2026-02-07T18:39:19.977520+00:00;P1;31.00
4853;pms5003;3628;6.559;3.386;2026-02-07T18:39:19.977520+00:00;P0;14.00
4854;DHT22;3628;6.559;3.386;2026-02-07T18:39:37.417376+00:00;humidity;79.00
4854;DHT22;3628;6.559;3.386;2026-02-07T18:39:37.417376+00:00;temperature;32.30
4853;pms5003;3628;6.559;3.386;2026-02-07T18:44:54.631525+00:00;P2;18.00
4853;pms5003;3628;6.559;3.386;2026-02-07T18:44:54.631525+00:00;P1;19.20
4853;pms5003;3628;6.559;3.386;2026-02-07T18:44:54.631525+00:00;P0;13.00
4854;DHT22;3628;6.559;3.386;2026-02-07T18:45:12.061275+00:00;humidity;79.40
4854;DHT22;3628;6.559;3.386;2026-02-07T18:45:12.061275+00:00;temperature;32.30
4853;pms5003;3628;6.559;3.386;2026-02-07T18:50:29.320500+00:00;P2;20.75
4853;pms5003;3628;6.559;3.386;2026-02-07T18:50:29.320500+00:00;P1;28.75
4853;pms5003;3628;6.559;3.386;2026-02-07T18:50:29.320500+00:00;P0;14.75
4853;pms5003;3628;6.559;3.386;2026-02-07T18:56:04.134051+00:00;P2;19.25
4853;pms5003;3628;6.559;3.386;2026-02-07T18:56:04.134051+00:00;P1;19.25
4853;pms5003;3628;6.559;3.386;2026-02-07T18:56:04.134051+00:00;P0;13.00
4854;DHT22;3628;6.559;3.386;2026-02-07T18:56:21.587877+00:00;humidity;80.10
4854;DHT22;3628;6.559;3.386;2026-02-07T18:56:21.587877+00:00;temperature;32.00
4854;DHT22;3628;6.559;3.386;2026-02-07T19:01:56.422181+00:00;humidity;80.00
4854;DHT22;3628;6.559;3.386;2026-02-07T19:01:56.422181+00:00;temperature;32.10
4853;pms5003;3628;6.559;3.386;2026-02-07T19:07:13.574353+00:00;P2;14.25
4853;pms5003;3628;6.559;3.386;2026-02-07T19:07:13.574353+00:00;P1;16.25
4853;pms5003;3628;6.559;3.386;2026-02-07T19:07:13.574353+00:00;P0;11.00
4854;DHT22;3628;6.559;3.386;2026-02-07T19:07:31.105868+00:00;humidity;80.10
4854;DHT22;3628;6.559;3.386;2026-02-07T19:07:31.105868+00:00;temperature;32.00
4854;DHT22;3628;6.559;3.386;2026-02-07T19:12:54.873533+00:00;humidity;79.30
4854;DHT22;3628;6.559;3.386;2026-02-07T19:12:54.873533+00:00;temperature;32.10
4853;pms5003;3628;6.559;3.386;2026-02-07T20:15:54.726807+00:00;P2;26.00
4853;pms5003;3628;6.559;3.386;2026-02-07T20:15:54.726807+00:00;P1;30.80
4853;pms5003;3628;6.559;3.386;2026-02-07T20:15:54.726807+00:00;P0;17.40
4854;DHT22;3628;6.559;3.386;2026-02-07T20:21:28.520262+00:00;humidity;81.90
4854;DHT22;3628;6.559;3.386;2026-02-07T20:21:28.520262+00:00;temperature;31.80
4854;DHT22;3628;6.559;3.386;2026-02-07T20:26:52.422581+00:00;humidity;81.60
4854;DHT22;3628;6.559;3.386;2026-02-07T20:26:52.422581+00:00;temperature;31.70
4854;DHT22;3628;6.559;3.386;2026-02-07T20:32:16.689800+00:00;humidity;81.80
4854;DHT22;3628;6.559;3.386;2026-02-07T20:32:16.689800+00:00;temperature;31.80
4854;DHT22;3628;6.559;3.386;2026-02-07T21:30:04.732067+00:00;humidity;81.90
4854;DHT22;3628;6.559;3.386;2026-02-07T21:30:04.732067+00:00;temperature;31.60
4853;pms5003;3628;6.559;3.386;2026-02-07T21:35:21.941623+00:00;P2;27.40
4853;pms5003;3628;6.559;3.386;2026-02-07T21:35:21.941623+00:00;P1;32.60
4853;pms5003;3628;6.559;3.386;2026-02-07T21:35:21.941623+00:00;P0;18.60
4854;DHT22;3628;6.559;3.386;2026-02-07T21:35:39.292166+00:00;humidity;81.80
4854;DHT22;3628;6.559;3.386;2026-02-07T21:35:39.292166+00:00;temperature;31.50
4853;pms5003;3628;6.559;3.386;2026-02-07T21:40:56.498188+00:00;P2;30.50
4853;pms5003;3628;6.559;3.386;2026-02-07T21:40:56.498188+00:00;P1;45.25
4853;pms5003;3628;6.559;3.386;2026-02-07T21:40:56.498188+00:00;P0;20.00
4853;pms5003;3628;6.559;3.386;2026-02-07T21:46:23.510586+00:00;P2;30.25
4853;pms5003;3628;6.559;3.386;2026-02-07T21:46:23.510586+00:00;P1;43.50
4853;pms5003;3628;6.559;3.386;2026-02-07T21:46:23.510586+00:00;P0;19.75
4853;pms5003;3628;6.559;3.386;2026-02-07T21:55:05.505852+00:00;P2;26.00
4853;pms5003;3628;6.559;3.386;2026-02-07T21:55:05.505852+00:00;P1;31.50
4853;pms5003;3628;6.559;3.386;2026-02-07T21:55:05.505852+00:00;P0;20.00
4854;DHT22;3628;6.559;3.386;2026-02-07T22:00:36.386965+00:00;humidity;81.00
4854;DHT22;3628;6.559;3.386;2026-02-07T22:00:36.386965+00:00;temperature;32.10
4853;pms5003;3628;6.559;3.386;2026-02-07T22:05:56.412656+00:00;P2;29.25
4853;pms5003;3628;6.559;3.386;2026-02-07T22:05:56.412656+00:00;P1;34.50
4853;pms5003;3628;6.559;3.386;2026-02-07T22:05:56.412656+00:00;P0;20.00
4854;DHT22;3628;6.559;3.386;2026-02-07T22:06:13.854461+00:00;humidity;81.60
4854;DHT22;3628;6.559;3.386;2026-02-07T22:06:13.854461+00:00;temperature;32.00
4853;pms5003;3628;6.559;3.386;2026-02-07T22:11:31.274887+00:00;P2;28.50
4853;pms5003;3628;6.559;3.386;2026-02-07T22:11:31.274887+00:00;P1;29.50
4853;pms5003;3628;6.559;3.386;2026-02-07T22:11:31.274887+00:00;P0;18.50
4854;DHT22;3628;6.559;3.386;2026-02-07T22:11:48.706235+00:00;humidity;81.50
4854;DHT22;3628;6.559;3.386;2026-02-07T22:11:48.706235+00:00;temperature;32.00
4853;pms5003;3628;6.559;3.386;2026-02-07T22:17:05.947988+00:00;P2;22.40
4853;pms5003;3628;6.559;3.386;2026-02-07T22:17:05.947988+00:00;P1;28.00
4853;pms5003;3628;6.559;3.386;2026-02-07T22:17:05.947988+00:00;P0;15.80
4854;DHT22;3628;6.559;3.386;2026-02-07T22:17:23.404060+00:00;humidity;81.70
4854;DHT22;3628;6.559;3.386;2026-02-07T22:17:23.404060+00:00;temperature;32.00
4853;pms5003;3628;6.559;3.386;2026-02-07T22:22:40.619114+00:00;P2;29.00
4853;pms5003;3628;6.559;3.386;2026-02-07T22:22:40.619114+00:00;P1;40.00
4853;pms5003;3628;6.559;3.386;2026-02-07T22:22:40.619114+00:00;P0;19.25
4854;DHT22;3628;6.559;3.386;2026-02-07T22:22:58.032185+00:00;humidity;81.80
4854;DHT22;3628;6.559;3.386;2026-02-07T22:22:58.032185+00:00;temperature;32.00
4853;pms5003;3628;6.559;3.386;2026-02-07T22:28:15.261936+00:00;P2;31.00
4853;pms5003;3628;6.559;3.386;2026-02-07T22:28:15.261936+00:00;P1;45.25
4853;pms5003;3628;6.559;3.386;2026-02-07T22:28:15.261936+00:00;P0;20.00
4854;DHT22;3628;6.559;3.386;2026-02-07T22:28:32.671662+00:00;humidity;82.40
4854;DHT22;3628;6.559;3.386;2026-02-07T22:28:32.671662+00:00;temperature;31.90
4854;DHT22;3628;6.559;3.386;2026-02-07T22:33:56.743810+00:00;humidity;83.30
4854;DHT22;3628;6.559;3.386;2026-02-07T22:33:56.743810+00:00;temperature;31.70
4853;pms5003;3628;6.559;3.386;2026-02-07T22:39:13.983625+00:00;P2;29.20
4853;pms5003;3628;6.559;3.386;2026-02-07T22:39:13.983625+00:00;P1;4.20
4853;pms5003;3628;6.559;3.386;2026-02-07T22:39:13.983625+00:00;P0;18.20
4854;DHT22;3628;6.559;3.386;2026-02-07T22:39:31.378963+00:00;humidity;83.20
4854;DHT22;3628;6.559;3.386;2026-02-07T22:39:31.378963+00:00;temperature;31.70
4853;pms5003;3628;6.559;3.386;2026-02-07T22:44:48.657669+00:00;P2;32.50
4853;pms5003;3628;6.559;3.386;2026-02-07T22:44:48.657669+00:00;P1;45.50
4853;pms5003;3628;6.559;3.386;2026-02-07T22:44:48.657669+00:00;P0;22.00
4854;DHT22;3628;6.559;3.386;2026-02-07T22:45:06.056492+00:00;humidity;83.80
4854;DHT22;3628;6.559;3.386;2026-02-07T22:45:06.056492+00:00;temperature;31.40
4853;pms5003;3628;6.559;3.386;2026-02-07T22:50:23.283425+00:00;P2;32.00
4853;pms5003;3628;6.559;3.386;2026-02-07T22:50:23.283425+00:00;P1;43.00
4853;pms5003;3628;6.559;3.386;2026-02-07T22:50:23.283425+00:00;P0;21.75
4854;DHT22;3628;6.559;3.386;2026-02-07T22:50:40.700817+00:00;humidity;83.70
4854;DHT22;3628;6.559;3.386;2026-02-07T22:50:40.700817+00:00;temperature;31.40
4853;pms5003;3628;6.559;3.386;2026-02-07T22:55:57.933113+00:00;P2;31.75
4853;pms5003;3628;6.559;3.386;2026-02-07T22:55:57.933113+00:00;P1;45.75
4853;pms5003;3628;6.559;3.386;2026-02-07T22:55:57.933113+00:00;P0;21.25
4854;DHT22;3628;6.559;3.386;2026-02-07T23:01:28.928727+00:00;humidity;84.10
4854;DHT22;3628;6.559;3.386;2026-02-07T23:01:28.928727+00:00;temperature;31.30
4854;DHT22;3628;6.559;3.386;2026-02-07T23:06:53.265011+00:00;humidity;84.10
4854;DHT22;3628;6.559;3.386;2026-02-07T23:06:53.265011+00:00;temperature;31.30
4853;pms5003;3628;6.559;3.386;2026-02-07T23:12:10.501397+00:00;P2;32.40
4853;pms5003;3628;6.559;3.386;2026-02-07T23:12:10.501397+00:00;P1;36.80
4853;pms5003;3628;6.559;3.386;2026-02-07T23:12:10.501397+00:00;P0;21.40
4854;DHT22;3628;6.559;3.386;2026-02-07T23:12:27.886986+00:00;humidity;83.40
4854;DHT22;3628;6.559;3.386;2026-02-07T23:12:27.886986+00:00;temperature;31.20
4853;pms5003;3628;6.559;3.386;2026-02-07T23:17:45.116352+00:00;P2;31.50
4853;pms5003;3628;6.559;3.386;2026-02-07T23:17:45.116352+00:00;P1;47.00
4853;pms5003;3628;6.559;3.386;2026-02-07T23:17:45.116352+00:00;P0;20.50
4854;DHT22;3628;6.559;3.386;2026-02-07T23:18:02.604644+00:00;humidity;82.00
4854;DHT22;3628;6.559;3.386;2026-02-07T23:18:02.604644+00:00;temperature;31.10
4853;pms5003;3628;6.559;3.386;2026-02-07T23:23:19.876021+00:00;P2;29.00
4853;pms5003;3628;6.559;3.386;2026-02-07T23:23:19.876021+00:00;P1;34.60
4853;pms5003;3628;6.559;3.386;2026-02-07T23:23:19.876021+00:00;P0;19.40
4853;pms5003;3628;6.559;3.386;2026-02-07T23:28:43.832871+00:00;P2;32.00
4853;pms5003;3628;6.559;3.386;2026-02-07T23:28:43.832871+00:00;P1;45.00
4853;pms5003;3628;6.559;3.386;2026-02-07T23:28:43.832871+00:00;P0;20.33
4854;DHT22;3628;6.559;3.386;2026-02-07T23:29:01.257913+00:00;humidity;78.60
4854;DHT22;3628;6.559;3.386;2026-02-07T23:29:01.257913+00:00;temperature;31.00
4853;pms5003;3628;6.559;3.386;2026-02-07T23:34:18.463024+00:00;P2;31.50
4853;pms5003;3628;6.559;3.386;2026-02-07T23:34:18.463024+00:00;P1;42.00
4853;pms5003;3628;6.559;3.386;2026-02-07T23:34:18.463024+00:00;P0;19.50
4854;DHT22;3628;6.559;3.386;2026-02-07T23:34:35.875318+00:00;humidity;78.00
4854;DHT22;3628;6.559;3.386;2026-02-07T23:34:35.875318+00:00;temperature;31.00
4853;pms5003;3628;6.559;3.386;2026-02-07T23:39:53.102073+00:00;P2;30.00
4853;pms5003;3628;6.559;3.386;2026-02-07T23:39:53.102073+00:00;P1;45.40
4853;pms5003;3628;6.559;3.386;2026-02-07T23:39:53.102073+00:00;P0;20.00
4854;DHT22;3628;6.559;3.386;2026-02-07T23:40:10.569647+00:00;humidity;78.00
4854;DHT22;3628;6.559;3.386;2026-02-07T23:40:10.569647+00:00;temperature;31.00
4853;pms5003;3628;6.559;3.386;2026-02-07T23:45:27.876922+00:00;P2;30.75
4853;pms5003;3628;6.559;3.386;2026-02-07T23:45:27.876922+00:00;P1;43.75
4853;pms5003;3628;6.559;3.386;2026-02-07T23:45:27.876922+00:00;P0;20.75
4854;DHT22;3628;6.559;3.386;2026-02-07T23:45:45.291930+00:00;humidity;77.80
4854;DHT22;3628;6.559;3.386;2026-02-07T23:45:45.291930+00:00;temperature;30.90
4854;DHT22;3628;6.559;3.386;2026-02-07T23:51:09.371800+00:00;humidity;77.60
4854;DHT22;3628;6.559;3.386;2026-02-07T23:51:09.371800+00:00;temperature;30.90
4853;pms5003;3628;6.559;3.386;2026-02-07T23:56:26.721800+00:00;P2;33.00
4853;pms5003;3628;6.559;3.386;2026-02-07T23:56:26.721800+00:00;P1;39.00
4853;pms5003;3628;6.559;3.386;2026-02-07T23:56:26.721800+00:00;P0;22.00
4854;DHT22;3628;6.559;3.386;2026-02-07T23:56:44.188780+00:00;humidity;77.50
4854;DHT22;3628;6.559;3.386;2026-02-07T23:56:44.188780+00:00;temperature;30.80
4853;pms5003;3628;6.559;3.386;2026-02-08T00:02:01.445026+00:00;P2;32.50
4853;pms5003;3628;6.559;3.386;2026-02-08T00:02:01.445026+00:00;P1;38.50
4853;pms5003;3628;6.559;3.386;2026-02-08T00:02:01.445026+00:00;P0;21.50
4854;DHT22;3628;6.559;3.386;2026-02-08T00:02:18.824981+00:00;humidity;77.60
4854;DHT22;3628;6.559;3.386;2026-02-08T00:02:18.824981+00:00;temperature;30.60
4853;pms5003;3628;6.559;3.386;2026-02-08T00:07:36.068617+00:00;P2;31.00
4853;pms5003;3628;6.559;3.386;2026-02-08T00:07:36.068617+00:00;P1;33.00
4853;pms5003;3628;6.559;3.386;2026-02-08T00:07:36.068617+00:00;P0;22.00
4854;DHT22;3628;6.559;3.386;2026-02-08T00:07:53.533578+00:00;humidity;78.20
4854;DHT22;3628;6.559;3.386;2026-02-08T00:07:53.533578+00:00;temperature;30.50
4853;pms5003;3628;6.559;3.386;2026-02-08T00:13:10.754477+00:00;P2;31.75
4853;pms5003;3628;6.559;3.386;2026-02-08T00:13:10.754477+00:00;P1;37.00
4853;pms5003;3628;6.559;3.386;2026-02-08T00:13:10.754477+00:00;P0;21.00
4853;pms5003;3628;6.559;3.386;2026-02-08T00:18:34.645610+00:00;P2;32.00
4853;pms5003;3628;6.559;3.386;2026-02-08T00:18:34.645610+00:00;P1;40.25
4853;pms5003;3628;6.559;3.386;2026-02-08T00:18:34.645610+00:00;P0;20.25
4854;DHT22;3628;6.559;3.386;2026-02-08T00:18:52.209723+00:00;humidity;79.40
4854;DHT22;3628;6.559;3.386;2026-02-08T00:18:52.209723+00:00;temperature;30.30
4853;pms5003;3628;6.559;3.386;2026-02-08T00:24:09.515194+00:00;P2;39.00
4853;pms5003;3628;6.559;3.386;2026-02-08T00:24:09.515194+00:00;P1;56.00
4853;pms5003;3628;6.559;3.386;2026-02-08T00:24:09.515194+00:00;P0;26.00
4854;DHT22;3628;6.559;3.386;2026-02-08T00:24:26.942370+00:00;humidity;80.10
4854;DHT22;3628;6.559;3.386;2026-02-08T00:24:26.942370+00:00;temperature;30.20
4853;pms5003;3628;6.559;3.386;2026-02-08T00:29:44.157515+00:00;P2;36.00
4853;pms5003;3628;6.559;3.386;2026-02-08T00:29:44.157515+00:00;P1;46.50
4853;pms5003;3628;6.559;3.386;2026-02-08T00:29:44.157515+00:00;P0;23.00
4854;DHT22;3628;6.559;3.386;2026-02-08T00:30:01.708247+00:00;humidity;80.50
4854;DHT22;3628;6.559;3.386;2026-02-08T00:30:01.708247+00:00;temperature;30.10
4854;DHT22;3628;6.559;3.386;2026-02-08T00:35:36.326580+00:00;humidity;81.00
4854;DHT22;3628;6.559;3.386;2026-02-08T00:35:36.326580+00:00;temperature;30.10
4853;pms5003;3628;6.559;3.386;2026-02-08T00:40:53.574789+00:00;P2;31.75
4853;pms5003;3628;6.559;3.386;2026-02-08T00:40:53.574789+00:00;P1;47.50
4853;pms5003;3628;6.559;3.386;2026-02-08T00:40:53.574789+00:00;P0;22.75
4854;DHT22;3628;6.559;3.386;2026-02-08T00:41:10.968405+00:00;humidity;82.40
4854;DHT22;3628;6.559;3.386;2026-02-08T00:41:10.968405+00:00;temperature;30.00
4853;pms5003;3628;6.559;3.386;2026-02-08T00:46:28.200775+00:00;P2;37.25
4853;pms5003;3628;6.559;3.386;2026-02-08T00:46:28.200775+00:00;P1;44.00
4853;pms5003;3628;6.559;3.386;2026-02-08T00:46:28.200775+00:00;P0;24.75
4853;pms5003;3628;6.559;3.386;2026-02-08T00:51:52.400282+00:00;P2;43.75
4853;pms5003;3628;6.559;3.386;2026-02-08T00:51:52.400282+00:00;P1;59.75
4853;pms5003;3628;6.559;3.386;2026-02-08T00:51:52.400282+00:00;P0;28.50
4854;DHT22;3628;6.559;3.386;2026-02-08T00:52:09.848547+00:00;humidity;83.20
4854;DHT22;3628;6.559;3.386;2026-02-08T00:52:09.848547+00:00;temperature;29.90
4853;pms5003;3628;6.559;3.386;2026-02-08T00:57:27.112987+00:00;P2;44.00
4853;pms5003;3628;6.559;3.386;2026-02-08T00:57:27.112987+00:00;P1;60.20
4853;pms5003;3628;6.559;3.386;2026-02-08T00:57:27.112987+00:00;P0;30.00
4854;DHT22;3628;6.559;3.386;2026-02-08T00:57:44.686202+00:00;humidity;82.60
4854;DHT22;3628;6.559;3.386;2026-02-08T00:57:44.686202+00:00;temperature;30.00
4853;pms5003;3628;6.559;3.386;2026-02-08T01:03:01.940504+00:00;P2;41.00
4853;pms5003;3628;6.559;3.386;2026-02-08T01:03:01.940504+00:00;P1;49.00
4853;pms5003;3628;6.559;3.386;2026-02-08T01:03:01.940504+00:00;P0;27.40
4854;DHT22;3628;6.559;3.386;2026-02-08T01:03:19.360612+00:00;humidity;83.00
4854;DHT22;3628;6.559;3.386;2026-02-08T01:03:19.360612+00:00;temperature;29.80
4853;pms5003;3628;6.559;3.386;2026-02-08T01:14:00.975661+00:00;P2;45.00
4853;pms5003;3628;6.559;3.386;2026-02-08T01:14:00.975661+00:00;P1;61.00
4853;pms5003;3628;6.559;3.386;2026-02-08T01:14:00.975661+00:00;P0;28.25
4854;DHT22;3628;6.559;3.386;2026-02-08T01:14:18.407568+00:00;humidity;83.20
4854;DHT22;3628;6.559;3.386;2026-02-08T01:14:18.407568+00:00;temperature;29.80
4854;DHT22;3628;6.559;3.386;2026-02-08T01:19:42.626025+00:00;humidity;83.20
4854;DHT22;3628;6.559;3.386;2026-02-08T01:19:42.626025+00:00;temperature;29.80
4853;pms5003;3628;6.559;3.386;2026-02-08T01:25:00.215932+00:00;P2;43.25
4853;pms5003;3628;6.559;3.386;2026-02-08T01:25:00.215932+00:00;P1;57.75
4853;pms5003;3628;6.559;3.386;2026-02-08T01:25:00.215932+00:00;P0;28.00
4854;DHT22;3628;6.559;3.386;2026-02-08T01:25:17.443442+00:00;humidity;83.30
4854;DHT22;3628;6.559;3.386;2026-02-08T01:25:17.443442+00:00;temperature;29.90
4853;pms5003;3628;6.559;3.386;2026-02-08T01:30:34.674559+00:00;P2;40.25
4853;pms5003;3628;6.559;3.386;2026-02-08T01:30:34.674559+00:00;P1;55.00
4853;pms5003;3628;6.559;3.386;2026-02-08T01:30:34.674559+00:00;P0;27.00
4854;DHT22;3628;6.559;3.386;2026-02-08T01:30:52.197531+00:00;humidity;83.00
4854;DHT22;3628;6.559;3.386;2026-02-08T01:30:52.197531+00:00;temperature;29.90
4853;pms5003;3628;6.559;3.386;2026-02-08T01:36:09.460987+00:00;P2;40.00
4853;pms5003;3628;6.559;3.386;2026-02-08T01:36:09.460987+00:00;P1;47.75
4853;pms5003;3628;6.559;3.386;2026-02-08T01:36:09.460987+00:00;P0;25.75
4853;pms5003;3628;6.559;3.386;2026-02-08T01:41:33.503805+00:00;P2;36.75
4853;pms5003;3628;6.559;3.386;2026-02-08T01:41:33.503805+00:00;P1;44.75
4853;pms5003;3628;6.559;3.386;2026-02-08T01:41:33.503805+00:00;P0;23.25
4854;DHT22;3628;6.559;3.386;2026-02-08T01:41:50.887191+00:00;humidity;82.10
4854;DHT22;3628;6.559;3.386;2026-02-08T01:41:50.887191+00:00;temperature;29.70
4853;pms5003;3628;6.559;3.386;2026-02-08T01:47:08.323989+00:00;P2;33.00
4853;pms5003;3628;6.559;3.386;2026-02-08T01:47:08.323989+00:00;P1;41.00
4853;pms5003;3628;6.559;3.386;2026-02-08T01:47:08.323989+00:00;P0;22.00
4853;pms5003;3628;6.559;3.386;2026-02-08T01:52:32.065484+00:00;P2;33.60
4853;pms5003;3628;6.559;3.386;2026-02-08T01:52:32.065484+00:00;P1;41.40
4853;pms5003;3628;6.559;3.386;2026-02-08T01:52:32.065484+00:00;P0;23.00
4854;DHT22;3628;6.559;3.386;2026-02-08T01:52:49.482770+00:00;humidity;80.40
4854;DHT22;3628;6.559;3.386;2026-02-08T01:52:49.482770+00:00;temperature;29.50
4853;pms5003;3628;6.559;3.386;2026-02-08T01:58:06.749069+00:00;P2;33.00
4853;pms5003;3628;6.559;3.386;2026-02-08T01:58:06.749069+00:00;P1;42.60
4853;pms5003;3628;6.559;3.386;2026-02-08T01:58:06.749069+00:00;P0;22.00
4854;DHT22;3628;6.559;3.386;2026-02-08T01:58:24.404982+00:00;humidity;80.20
4854;DHT22;3628;6.559;3.386;2026-02-08T01:58:24.404982+00:00;temperature;29.50
4853;pms5003;3628;6.559;3.386;2026-02-08T02:03:41.659389+00:00;P2;31.00
4853;pms5003;3628;6.559;3.386;2026-02-08T02:03:41.659389+00:00;P1;41.00
4853;pms5003;3628;6.559;3.386;2026-02-08T02:03:41.659389+00:00;P0;22.00
4853;pms5003;3628;6.559;3.386;2026-02-08T02:09:16.502193+00:00;P2;32.40
4853;pms5003;3628;6.559;3.386;2026-02-08T02:09:16.502193+00:00;P1;45.80
4853;pms5003;3628;6.559;3.386;2026-02-08T02:09:16.502193+00:00;P0;21.40
4854;DHT22;3628;6.559;3.386;2026-02-08T02:09:34.012776+00:00;humidity;79.00
4854;DHT22;3628;6.559;3.386;2026-02-08T02:09:34.012776+00:00;temperature;29.70
4853;pms5003;3628;6.559;3.386;2026-02-08T02:14:51.475299+00:00;P2;32.60
4853;pms5003;3628;6.559;3.386;2026-02-08T02:14:51.475299+00:00;P1;47.60
4853;pms5003;3628;6.559;3.386;2026-02-08T02:14:51.475299+00:00;P0;21.40
4854;DHT22;3628;6.559;3.386;2026-02-08T02:15:09.044973+00:00;humidity;78.70
4854;DHT22;3628;6.559;3.386;2026-02-08T02:15:09.044973+00:00;temperature;29.60
4853;pms5003;3628;6.559;3.386;2026-02-08T02:20:26.177919+00:00;P2;32.80
4853;pms5003;3628;6.559;3.386;2026-02-08T02:20:26.177919+00:00;P1;39.40
4853;pms5003;3628;6.559;3.386;2026-02-08T02:20:26.177919+00:00;P0;21.80
4853;pms5003;3628;6.559;3.386;2026-02-08T02:25:50.190344+00:00;P2;32.40
4853;pms5003;3628;6.559;3.386;2026-02-08T02:25:50.190344+00:00;P1;46.00
4853;pms5003;3628;6.559;3.386;2026-02-08T02:25:50.190344+00:00;P0;21.40
4854;DHT22;3628;6.559;3.386;2026-02-08T02:26:07.781253+00:00;humidity;78.80
4854;DHT22;3628;6.559;3.386;2026-02-08T02:26:07.781253+00:00;temperature;29.60
4853;pms5003;3628;6.559;3.386;2026-02-08T02:31:24.898292+00:00;P2;32.75
4853;pms5003;3628;6.559;3.386;2026-02-08T02:31:24.898292+00:00;P1;36.75
4853;pms5003;3628;6.559;3.386;2026-02-08T02:31:24.898292+00:00;P0;21.50
4854;DHT22;3628;6.559;3.386;2026-02-08T02:31:42.288669+00:00;humidity;78.60
4854;DHT22;3628;6.559;3.386;2026-02-08T02:31:42.288669+00:00;temperature;29.70
4853;pms5003;3628;6.559;3.386;2026-02-08T02:36:59.498636+00:00;P2;33.25
4853;pms5003;3628;6.559;3.386;2026-02-08T02:36:59.498636+00:00;P1;48.50
4853;pms5003;3628;6.559;3.386;2026-02-08T02:36:59.498636+00:00;P0;22.25
4854;DHT22;3628;6.559;3.386;2026-02-08T02:37:17.257334+00:00;humidity;78.70
4854;DHT22;3628;6.559;3.386;2026-02-08T02:37:17.257334+00:00;temperature;29.60
4853;pms5003;3628;6.559;3.386;2026-02-08T02:42:34.655611+00:00;P2;34.60
4853;pms5003;3628;6.559;3.386;2026-02-08T02:42:34.655611+00:00;P1;40.60
4853;pms5003;3628;6.559;3.386;2026-02-08T02:42:34.655611+00:00;P0;23.00
4854;DHT22;3628;6.559;3.386;2026-02-08T02:42:52.225813+00:00;humidity;79.00
4854;DHT22;3628;6.559;3.386;2026-02-08T02:42:52.225813+00:00;temperature;29.50
4853;pms5003;3628;6.559;3.386;2026-02-08T02:48:09.387107+00:00;P2;37.00
4853;pms5003;3628;6.559;3.386;2026-02-08T02:48:09.387107+00:00;P1;47.50
4853;pms5003;3628;6.559;3.386;2026-02-08T02:48:09.387107+00:00;P0;24.00
4854;DHT22;3628;6.559;3.386;2026-02-08T02:48:26.894959+00:00;humidity;79.40
4854;DHT22;3628;6.559;3.386;2026-02-08T02:48:26.894959+00:00;temperature;29.50
4853;pms5003;3628;6.559;3.386;2026-02-08T02:53:44.046822+00:00;P2;37.25
4853;pms5003;3628;6.559;3.386;2026-02-08T02:53:44.046822+00:00;P1;47.75
4853;pms5003;3628;6.559;3.386;2026-02-08T02:53:44.046822+00:00;P0;25.00
4854;DHT22;3628;6.559;3.386;2026-02-08T02:54:01.474577+00:00;humidity;79.30
4854;DHT22;3628;6.559;3.386;2026-02-08T02:54:01.474577+00:00;temperature;29.60
4853;pms5003;3628;6.559;3.386;2026-02-08T02:59:18.718221+00:00;P2;38.00
4853;pms5003;3628;6.559;3.386;2026-02-08T02:59:18.718221+00:00;P1;53.00
4853;pms5003;3628;6.559;3.386;2026-02-08T02:59:18.718221+00:00;P0;25.00
4853;pms5003;3628;6.559;3.386;2026-02-08T03:05:09.979807+00:00;P2;36.00
4853;pms5003;3628;6.559;3.386;2026-02-08T03:05:09.979807+00:00;P1;43.75
4853;pms5003;3628;6.559;3.386;2026-02-08T03:05:09.979807+00:00;P0;24.50
4854;DHT22;3628;6.559;3.386;2026-02-08T03:05:27.396697+00:00;humidity;80.00
4854;DHT22;3628;6.559;3.386;2026-02-08T03:05:27.396697+00:00;temperature;29.60
4853;pms5003;3628;6.559;3.386;2026-02-08T03:10:44.851787+00:00;P2;37.50
4853;pms5003;3628;6.559;3.386;2026-02-08T03:10:44.851787+00:00;P1;44.00
4853;pms5003;3628;6.559;3.386;2026-02-08T03:10:44.851787+00:00;P0;24.50
4854;DHT22;3628;6.559;3.386;2026-02-08T03:16:36.678502+00:00;humidity;79.40
4854;DHT22;3628;6.559;3.386;2026-02-08T03:16:36.678502+00:00;temperature;29.80
4853;pms5003;3628;6.559;3.386;2026-02-08T03:21:53.891687+00:00;P2;37.00
4853;pms5003;3628;6.559;3.386;2026-02-08T03:21:53.891687+00:00;P1;51.40
4853;pms5003;3628;6.559;3.386;2026-02-08T03:21:53.891687+00:00;P0;26.00
4854;DHT22;3628;6.559;3.386;2026-02-08T03:22:11.310924+00:00;humidity;79.70
4854;DHT22;3628;6.559;3.386;2026-02-08T03:22:11.310924+00:00;temperature;29.80
4853;pms5003;3628;6.559;3.386;2026-02-08T03:27:28.553611+00:00;P2;35.67
4853;pms5003;3628;6.559;3.386;2026-02-08T03:27:28.553611+00:00;P1;47.33
4853;pms5003;3628;6.559;3.386;2026-02-08T03:27:28.553611+00:00;P0;24.00
4854;DHT22;3628;6.559;3.386;2026-02-08T03:27:46.108610+00:00;humidity;79.70
4854;DHT22;3628;6.559;3.386;2026-02-08T03:27:46.108610+00:00;temperature;29.70
4853;pms5003;3628;6.559;3.386;2026-02-08T03:33:20.748192+00:00;humidity;79.80
4853;pms5003;3628;6.559;3.386;2026-02-08T03:33:20.748192+00:00;temperature;29.70
4854;DHT22;3628;6.559;3.386;2026-02-08T03:38:44.538188+00:00;humidity;80.00
4854;DHT22;3628;6.559;3.386;2026-02-08T03:38:44.538188+00:00;temperature;29.70
4853;pms5003;3628;6.559;3.386;2026-02-08T03:44:01.737820+00:00;P2;33.25
4853;pms5003;3628;6.559;3.386;2026-02-08T03:44:01.737820+00:00;P1;42.50
4853;pms5003;3628;6.559;3.386;2026-02-08T03:44:01.737820+00:00;P0;23.00
4854;DHT22;3628;6.559;3.386;2026-02-08T03:44:19.149595+00:00;humidity;80.50
4854;DHT22;3628;6.559;3.386;2026-02-08T03:44:19.149595+00:00;temperature;29.70
4853;pms5003;3628;6.559;3.386;2026-02-08T03:49:36.292493+00:00;P2;36.75
4853;pms5003;3628;6.559;3.386;2026-02-08T03:49:36.292493+00:00;P1;46.75
4853;pms5003;3628;6.559;3.386;2026-02-08T03:49:36.292493+00:00;P0;24.00
4854;DHT22;3628;6.559;3.386;2026-02-08T03:49:53.708307+00:00;humidity;80.90
4854;DHT22;3628;6.559;3.386;2026-02-08T03:49:53.708307+00:00;temperature;29.60
4853;pms5003;3628;6.559;3.386;2026-02-08T04:00:24.301811+00:00;P2;39.20
4853;pms5003;3628;6.559;3.386;2026-02-08T04:00:24.301811+00:00;P1;49.20
4853;pms5003;3628;6.559;3.386;2026-02-08T04:00:24.301811+00:00;P0;26.20
4853;pms5003;3628;6.559;3.386;2026-02-08T04:05:48.419701+00:00;P2;37.60
4853;pms5003;3628;6.559;3.386;2026-02-08T04:05:48.419701+00:00;P1;51.20
4853;pms5003;3628;6.559;3.386;2026-02-08T04:05:48.419701+00:00;P0;26.00
4854;DHT22;3628;6.559;3.386;2026-02-08T04:06:05.753849+00:00;humidity;81.60
4854;DHT22;3628;6.559;3.386;2026-02-08T04:06:05.753849+00:00;temperature;29.60
4854;DHT22;3628;6.559;3.386;2026-02-08T04:11:40.506856+00:00;humidity;81.80
4854;DHT22;3628;6.559;3.386;2026-02-08T04:11:40.506856+00:00;temperature;29.50
4853;pms5003;3628;6.559;3.386;2026-02-08T04:16:57.702665+00:00;P2;38.75
4853;pms5003;3628;6.559;3.386;2026-02-08T04:16:57.702665+00:00;P1;53.00
4853;pms5003;3628;6.559;3.386;2026-02-08T04:16:57.702665+00:00;P0;26.00
4853;pms5003;3628;6.559;3.386;2026-02-08T04:22:32.495524+00:00;P2;38.40
4853;pms5003;3628;6.559;3.386;2026-02-08T04:22:32.495524+00:00;P1;49.00
4853;pms5003;3628;6.559;3.386;2026-02-08T04:22:32.495524+00:00;P0;26.00
4854;DHT22;3628;6.559;3.386;2026-02-08T04:22:49.739854+00:00;humidity;81.70
4854;DHT22;3628;6.559;3.386;2026-02-08T04:22:49.739854+00:00;temperature;29.60
4853;pms5003;3628;6.559;3.386;2026-02-08T04:33:20.232492+00:00;P2;39.00
4853;pms5003;3628;6.559;3.386;2026-02-08T04:33:20.232492+00:00;P1;52.00
4853;pms5003;3628;6.559;3.386;2026-02-08T04:33:20.232492+00:00;P0;27.00
4854;DHT22;3628;6.559;3.386;2026-02-08T04:33:37.630277+00:00;humidity;81.80
4854;DHT22;3628;6.559;3.386;2026-02-08T04:33:37.630277+00:00;temperature;29.60
4853;pms5003;3628;6.559;3.386;2026-02-08T04:38:54.837577+00:00;P2;40.75
4853;pms5003;3628;6.559;3.386;2026-02-08T04:38:54.837577+00:00;P1;52.25
4853;pms5003;3628;6.559;3.386;2026-02-08T04:38:54.837577+00:00;P0;26.00
4854;DHT22;3628;6.559;3.386;2026-02-08T04:39:12.253762+00:00;humidity;82.40
4854;DHT22;3628;6.559;3.386;2026-02-08T04:39:12.253762+00:00;temperature;29.50
4854;DHT22;3628;6.559;3.386;2026-02-08T04:44:47.105370+00:00;humidity;82.40
4854;DHT22;3628;6.559;3.386;2026-02-08T04:44:47.105370+00:00;temperature;29.60
4853;pms5003;3628;6.559;3.386;2026-02-08T04:50:06.284080+00:00;P2;39.50
4853;pms5003;3628;6.559;3.386;2026-02-08T04:50:06.284080+00:00;P1;54.50
4853;pms5003;3628;6.559;3.386;2026-02-08T04:50:06.284080+00:00;P0;25.50
4854;DHT22;3628;6.559;3.386;2026-02-08T04:50:23.485396+00:00;humidity;83.00
4854;DHT22;3628;6.559;3.386;2026-02-08T04:50:23.485396+00:00;temperature;29.50
4853;pms5003;3628;6.559;3.386;2026-02-08T04:55:40.941842+00:00;P2;42.40
4853;pms5003;3628;6.559;3.386;2026-02-08T04:55:40.941842+00:00;P1;57.60
4853;pms5003;3628;6.559;3.386;2026-02-08T04:55:40.941842+00:00;P0;27.00
4854;DHT22;3628;6.559;3.386;2026-02-08T04:55:58.408754+00:00;humidity;82.80
4854;DHT22;3628;6.559;3.386;2026-02-08T04:55:58.408754+00:00;temperature;29.50
4853;pms5003;3628;6.559;3.386;2026-02-08T05:01:15.645305+00:00;P2;41.50
4853;pms5003;3628;6.559;3.386;2026-02-08T05:01:15.645305+00:00;P1;55.00
4853;pms5003;3628;6.559;3.386;2026-02-08T05:01:15.645305+00:00;P0;27.75
4854;DHT22;3628;6.559;3.386;2026-02-08T05:01:33.096881+00:00;humidity;82.90
4854;DHT22;3628;6.559;3.386;2026-02-08T05:01:33.096881+00:00;temperature;29.50
4853;pms5003;3628;6.559;3.386;2026-02-08T05:12:04.249169+00:00;P2;44.00
4853;pms5003;3628;6.559;3.386;2026-02-08T05:12:04.249169+00:00;P1;58.25
4853;pms5003;3628;6.559;3.386;2026-02-08T05:12:04.249169+00:00;P0;28.00
4854;DHT22;3628;6.559;3.386;2026-02-08T05:12:21.681648+00:00;humidity;83.60
4854;DHT22;3628;6.559;3.386;2026-02-08T05:12:21.681648+00:00;temperature;29.40
4853;pms5003;3628;6.559;3.386;2026-02-08T05:23:02.904495+00:00;P2;40.50
4853;pms5003;3628;6.559;3.386;2026-02-08T05:23:02.904495+00:00;P1;54.50
4853;pms5003;3628;6.559;3.386;2026-02-08T05:23:02.904495+00:00;P0;27.25
4854;DHT22;3628;6.559;3.386;2026-02-08T05:23:20.355506+00:00;humidity;84.10
4854;DHT22;3628;6.559;3.386;2026-02-08T05:23:20.355506+00:00;temperature;29.50
4854;DHT22;3628;6.559;3.386;2026-02-08T05:28:44.274321+00:00;humidity;84.70
4854;DHT22;3628;6.559;3.386;2026-02-08T05:28:44.274321+00:00;temperature;29.40
4853;pms5003;3628;6.559;3.386;2026-02-08T05:34:01.528945+00:00;P2;40.50
4853;pms5003;3628;6.559;3.386;2026-02-08T05:34:01.528945+00:00;P1;54.25
4853;pms5003;3628;6.559;3.386;2026-02-08T05:34:01.528945+00:00;P0;27.00
4854;DHT22;3628;6.559;3.386;2026-02-08T05:34:19.083178+00:00;humidity;84.80
4854;DHT22;3628;6.559;3.386;2026-02-08T05:34:19.083178+00:00;temperature;29.40
4853;pms5003;3628;6.559;3.386;2026-02-08T05:39:36.395261+00:00;P2;43.25
4853;pms5003;3628;6.559;3.386;2026-02-08T05:39:36.395261+00:00;P1;53.00
4853;pms5003;3628;6.559;3.386;2026-02-08T05:39:36.395261+00:00;P0;28.00
4854;DHT22;3628;6.559;3.386;2026-02-08T05:39:53.861992+00:00;humidity;84.90
4854;DHT22;3628;6.559;3.386;2026-02-08T05:39:53.861992+00:00;temperature;29.40
4854;DHT22;3628;6.559;3.386;2026-02-08T05:45:17.943517+00:00;humidity;85.10
4854;DHT22;3628;6.559;3.386;2026-02-08T05:45:17.943517+00:00;temperature;29.30
4854;DHT22;3628;6.559;3.386;2026-02-08T05:57:36.217302+00:00;humidity;83.70
4854;DHT22;3628;6.559;3.386;2026-02-08T05:57:36.217302+00:00;temperature;28.90
4853;pms5003;3628;6.559;3.386;2026-02-08T06:07:09.114600+00:00;P2;85.60
4853;pms5003;3628;6.559;3.386;2026-02-08T06:07:09.114600+00:00;P1;100.60
4853;pms5003;3628;6.559;3.386;2026-02-08T06:07:09.114600+00:00;P0;58.60
4854;DHT22;3628;6.559;3.386;2026-02-08T06:07:26.434725+00:00;humidity;82.00
4854;DHT22;3628;6.559;3.386;2026-02-08T06:07:26.434725+00:00;temperature;29.20
4853;pms5003;3628;6.559;3.386;2026-02-08T06:12:43.660009+00:00;P2;78.50
4853;pms5003;3628;6.559;3.386;2026-02-08T06:12:43.660009+00:00;P1;87.50
4853;pms5003;3628;6.559;3.386;2026-02-08T06:12:43.660009+00:00;P0;50.50
4853;pms5003;3628;6.559;3.386;2026-02-08T06:18:07.561246+00:00;P2;82.25
4853;pms5003;3628;6.559;3.386;2026-02-08T06:18:07.561246+00:00;P1;96.25
4853;pms5003;3628;6.559;3.386;2026-02-08T06:18:07.561246+00:00;P0;56.50
4853;pms5003;3628;6.559;3.386;2026-02-08T06:23:31.335291+00:00;P2;81.75
4853;pms5003;3628;6.559;3.386;2026-02-08T06:23:31.335291+00:00;P1;96.25
4853;pms5003;3628;6.559;3.386;2026-02-08T06:23:31.335291+00:00;P0;54.25
4854;DHT22;3628;6.559;3.386;2026-02-08T06:23:48.684318+00:00;humidity;84.00
4854;DHT22;3628;6.559;3.386;2026-02-08T06:23:48.684318+00:00;temperature;28.50
4853;pms5003;3628;6.559;3.386;2026-02-08T06:29:05.885390+00:00;P2;90.25
4853;pms5003;3628;6.559;3.386;2026-02-08T06:29:05.885390+00:00;P1;100.25
4853;pms5003;3628;6.559;3.386;2026-02-08T06:29:05.885390+00:00;P0;59.25
4854;DHT22;3628;6.559;3.386;2026-02-08T06:29:23.248632+00:00;humidity;84.20
4854;DHT22;3628;6.559;3.386;2026-02-08T06:29:23.248632+00:00;temperature;28.60
4854;DHT22;3628;6.559;3.386;2026-02-08T06:34:47.442671+00:00;humidity;84.10
4854;DHT22;3628;6.559;3.386;2026-02-08T06:34:47.442671+00:00;temperature;28.70
4853;pms5003;3628;6.559;3.386;2026-02-08T06:40:04.828284+00:00;P2;61.00
4853;pms5003;3628;6.559;3.386;2026-02-08T06:40:04.828284+00:00;P1;76.75
4853;pms5003;3628;6.559;3.386;2026-02-08T06:40:04.828284+00:00;P0;42.00
4853;pms5003;3628;6.559;3.386;2026-02-08T06:45:29.042376+00:00;P2;68.75
4853;pms5003;3628;6.559;3.386;2026-02-08T06:45:29.042376+00:00;P1;77.00
4853;pms5003;3628;6.559;3.386;2026-02-08T06:45:29.042376+00:00;P0;46.50
4854;DHT22;3628;6.559;3.386;2026-02-08T06:45:46.344229+00:00;humidity;83.40
4854;DHT22;3628;6.559;3.386;2026-02-08T06:45:46.344229+00:00;temperature;28.80
4854;DHT22;3628;6.559;3.386;2026-02-08T09:30:17.786833+00:00;humidity;72.00
4854;DHT22;3628;6.559;3.386;2026-02-08T09:30:17.786833+00:00;temperature;35.10
4853;pms5003;3628;6.559;3.386;2026-02-08T09:40:48.015057+00:00;P2;22.00
4853;pms5003;3628;6.559;3.386;2026-02-08T09:40:48.015057+00:00;P1;25.00
4853;pms5003;3628;6.559;3.386;2026-02-08T09:40:48.015057+00:00;P0;15.00
4853;pms5003;3628;6.559;3.386;2026-02-08T09:46:12.012396+00:00;P2;22.25
4853;pms5003;3628;6.559;3.386;2026-02-08T09:46:12.012396+00:00;P1;25.00
4853;pms5003;3628;6.559;3.386;2026-02-08T09:46:12.012396+00:00;P0;14.50
4854;DHT22;3628;6.559;3.386;2026-02-08T09:46:29.510101+00:00;humidity;61.70
4854;DHT22;3628;6.559;3.386;2026-02-08T09:46:29.510101+00:00;temperature;38.30
4853;pms5003;3628;6.559;3.386;2026-02-08T09:53:12.616521+00:00;P2;23.00
4853;pms5003;3628;6.559;3.386;2026-02-08T09:53:12.616521+00:00;P1;29.00
4853;pms5003;3628;6.559;3.386;2026-02-08T09:53:12.616521+00:00;P0;14.75
4854;DHT22;3628;6.559;3.386;2026-02-08T10:02:50.990256+00:00;humidity;62.70
4854;DHT22;3628;6.559;3.386;2026-02-08T10:02:50.990256+00:00;temperature;37.50
4853;pms5003;3628;6.559;3.386;2026-02-08T10:08:08.250600+00:00;P2;28.25
4853;pms5003;3628;6.559;3.386;2026-02-08T10:08:08.250600+00:00;P1;40.75
4853;pms5003;3628;6.559;3.386;2026-02-08T10:08:08.250600+00:00;P0;19.25
4854;DHT22;3628;6.559;3.386;2026-02-08T10:13:49.858463+00:00;humidity;63.40
4854;DHT22;3628;6.559;3.386;2026-02-08T10:13:49.858463+00:00;temperature;37.20
4853;pms5003;3628;6.559;3.386;2026-02-08T10:19:07.091028+00:00;P2;25.50
4853;pms5003;3628;6.559;3.386;2026-02-08T10:19:07.091028+00:00;P1;31.50
4853;pms5003;3628;6.559;3.386;2026-02-08T10:19:07.091028+00:00;P0;17.00
4854;DHT22;3628;6.559;3.386;2026-02-08T10:34:09.964614+00:00;humidity;63.90
4854;DHT22;3628;6.559;3.386;2026-02-08T10:34:09.964614+00:00;temperature;36.90
4853;pms5003;3628;6.559;3.386;2026-02-08T10:39:27.346251+00:00;P2;24.25
4853;pms5003;3628;6.559;3.386;2026-02-08T10:39:27.346251+00:00;P1;37.75
4853;pms5003;3628;6.559;3.386;2026-02-08T10:39:27.346251+00:00;P0;15.25
4854;DHT22;3628;6.559;3.386;2026-02-08T10:39:44.836654+00:00;humidity;65.60
4854;DHT22;3628;6.559;3.386;2026-02-08T10:39:44.836654+00:00;temperature;36.20
4853;pms5003;3628;6.559;3.386;2026-02-08T10:46:10.414643+00:00;P2;22.50
4853;pms5003;3628;6.559;3.386;2026-02-08T10:46:10.414643+00:00;P1;23.50
4853;pms5003;3628;6.559;3.386;2026-02-08T10:46:10.414643+00:00;P0;15.75
4853;pms5003;3628;6.559;3.386;2026-02-08T10:50:26.397120+00:00;P2;29.75
4853;pms5003;3628;6.559;3.386;2026-02-08T10:50:26.397120+00:00;P1;44.50
4853;pms5003;3628;6.559;3.386;2026-02-08T10:50:26.397120+00:00;P0;20.75
4854;DHT22;3628;6.559;3.386;2026-02-08T10:50:43.808639+00:00;humidity;60.50
4854;DHT22;3628;6.559;3.386;2026-02-08T10:50:43.808639+00:00;temperature;38.70
4853;pms5003;3628;6.559;3.386;2026-02-08T11:25:16.406761+00:00;P2;26.50
4853;pms5003;3628;6.559;3.386;2026-02-08T11:25:16.406761+00:00;P1;29.00
4853;pms5003;3628;6.559;3.386;2026-02-08T11:25:16.406761+00:00;P0;16.00
4854;DHT22;3628;6.559;3.386;2026-02-08T11:25:33.840047+00:00;humidity;59.70
4854;DHT22;3628;6.559;3.386;2026-02-08T11:25:33.840047+00:00;temperature;39.00
4854;DHT22;3628;6.559;3.386;2026-02-08T11:32:02.739530+00:00;humidity;63.20
4854;DHT22;3628;6.559;3.386;2026-02-08T11:32:02.739530+00:00;temperature;37.30
4853;pms5003;3628;6.559;3.386;2026-02-08T11:37:01.905625+00:00;P2;22.75
4853;pms5003;3628;6.559;3.386;2026-02-08T11:37:01.905625+00:00;P1;22.75
4853;pms5003;3628;6.559;3.386;2026-02-08T11:37:01.905625+00:00;P0;16.25
4854;DHT22;3628;6.559;3.386;2026-02-08T11:37:19.191736+00:00;humidity;64.70
4854;DHT22;3628;6.559;3.386;2026-02-08T11:37:19.191736+00:00;temperature;36.60
4853;pms5003;3628;6.559;3.386;2026-02-08T11:42:40.969679+00:00;P2;24.75
4853;pms5003;3628;6.559;3.386;2026-02-08T11:42:40.969679+00:00;P1;24.75
4853;pms5003;3628;6.559;3.386;2026-02-08T11:42:40.969679+00:00;P0;16.75
4853;pms5003;3628;6.559;3.386;2026-02-08T11:48:10.939602+00:00;P2;27.00
4853;pms5003;3628;6.559;3.386;2026-02-08T11:48:10.939602+00:00;P1;30.00
4853;pms5003;3628;6.559;3.386;2026-02-08T11:48:10.939602+00:00;P0;19.00
4854;DHT22;3628;6.559;3.386;2026-02-08T11:48:28.178125+00:00;humidity;59.00
4854;DHT22;3628;6.559;3.386;2026-02-08T11:48:28.178125+00:00;temperature;39.20
4854;DHT22;3628;6.559;3.386;2026-02-08T11:53:52.247307+00:00;humidity;57.20
4854;DHT22;3628;6.559;3.386;2026-02-08T11:53:52.247307+00:00;temperature;40.10
4853;pms5003;3628;6.559;3.386;2026-02-08T11:59:09.426511+00:00;P2;27.00
4853;pms5003;3628;6.559;3.386;2026-02-08T11:59:09.426511+00:00;P1;29.00
4853;pms5003;3628;6.559;3.386;2026-02-08T11:59:09.426511+00:00;P0;18.00
4854;DHT22;3628;6.559;3.386;2026-02-08T11:59:26.908587+00:00;humidity;58.00
4854;DHT22;3628;6.559;3.386;2026-02-08T11:59:26.908587+00:00;temperature;39.50
4853;pms5003;3628;6.559;3.386;2026-02-08T12:04:44.151683+00:00;P2;25.00
4853;pms5003;3628;6.559;3.386;2026-02-08T12:04:44.151683+00:00;P1;27.00
4853;pms5003;3628;6.559;3.386;2026-02-08T12:04:44.151683+00:00;P0;16.00
4853;pms5003;3628;6.559;3.386;2026-02-08T12:10:08.310430+00:00;P2;22.00
4853;pms5003;3628;6.559;3.386;2026-02-08T12:10:08.310430+00:00;P1;24.25
4853;pms5003;3628;6.559;3.386;2026-02-08T12:10:08.310430+00:00;P0;15.50
4853;pms5003;3628;6.559;3.386;2026-02-08T12:20:45.640034+00:00;P2;25.00
4853;pms5003;3628;6.559;3.386;2026-02-08T12:20:45.640034+00:00;P1;25.00
4853;pms5003;3628;6.559;3.386;2026-02-08T12:20:45.640034+00:00;P0;17.00
4854;DHT22;3628;6.559;3.386;2026-02-08T12:21:02.995274+00:00;humidity;61.20
4854;DHT22;3628;6.559;3.386;2026-02-08T12:21:02.995274+00:00;temperature;38.20
4853;pms5003;3628;6.559;3.386;2026-02-08T12:26:20.158795+00:00;P2;25.25
4853;pms5003;3628;6.559;3.386;2026-02-08T12:26:20.158795+00:00;P1;38.75
4853;pms5003;3628;6.559;3.386;2026-02-08T12:26:20.158795+00:00;P0;17.25
4854;DHT22;3628;6.559;3.386;2026-02-08T12:31:53.453315+00:00;humidity;62.60
4854;DHT22;3628;6.559;3.386;2026-02-08T12:31:53.453315+00:00;temperature;37.50
4854;DHT22;3628;6.559;3.386;2026-02-08T12:37:10.643270+00:00;P2;21.75
4854;DHT22;3628;6.559;3.386;2026-02-08T12:37:10.643270+00:00;P1;25.75
4854;DHT22;3628;6.559;3.386;2026-02-08T12:37:10.643270+00:00;P0;15.25
4854;DHT22;3628;6.559;3.386;2026-02-08T12:37:28.034298+00:00;humidity;63.70
4854;DHT22;3628;6.559;3.386;2026-02-08T12:37:28.034298+00:00;temperature;37.20
4854;DHT22;3628;6.559;3.386;2026-02-08T12:48:10.843512+00:00;humidity;61.20
4854;DHT22;3628;6.559;3.386;2026-02-08T12:48:10.843512+00:00;temperature;38.20
4853;pms5003;3628;6.559;3.386;2026-02-08T12:53:28.086713+00:00;P2;29.00
4853;pms5003;3628;6.559;3.386;2026-02-08T12:53:28.086713+00:00;P1;36.50
4853;pms5003;3628;6.559;3.386;2026-02-08T12:53:28.086713+00:00;P0;20.00
4853;pms5003;3628;6.559;3.386;2026-02-08T13:10:25.937782+00:00;P2;23.00
4853;pms5003;3628;6.559;3.386;2026-02-08T13:10:25.937782+00:00;P1;23.00
4853;pms5003;3628;6.559;3.386;2026-02-08T13:10:25.937782+00:00;P0;14.33
4854;DHT22;3628;6.559;3.386;2026-02-08T13:15:11.002141+00:00;humidity;55.60
4854;DHT22;3628;6.559;3.386;2026-02-08T13:15:11.002141+00:00;temperature;40.50
4854;DHT22;3628;6.559;3.386;2026-02-08T13:20:45.493602+00:00;humidity;56.90
4854;DHT22;3628;6.559;3.386;2026-02-08T13:20:45.493602+00:00;temperature;39.60
4854;DHT22;3628;6.559;3.386;2026-02-08T13:26:10.067171+00:00;humidity;54.70
4854;DHT22;3628;6.559;3.386;2026-02-08T13:26:10.067171+00:00;temperature;40.30
4853;pms5003;3628;6.559;3.386;2026-02-08T13:31:27.478789+00:00;P2;25.00
4853;pms5003;3628;6.559;3.386;2026-02-08T13:31:27.478789+00:00;P1;34.40
4853;pms5003;3628;6.559;3.386;2026-02-08T13:31:27.478789+00:00;P0;18.00
4853;pms5003;3628;6.559;3.386;2026-02-08T13:36:51.900422+00:00;P2;28.40
4853;pms5003;3628;6.559;3.386;2026-02-08T13:36:51.900422+00:00;P1;28.80
4853;pms5003;3628;6.559;3.386;2026-02-08T13:36:51.900422+00:00;P0;19.40
4854;DHT22;3628;6.559;3.386;2026-02-08T13:37:09.411040+00:00;humidity;53.90
4854;DHT22;3628;6.559;3.386;2026-02-08T13:37:09.411040+00:00;temperature;41.20
4853;pms5003;3628;6.559;3.386;2026-02-08T13:42:56.107552+00:00;P2;30.00
4853;pms5003;3628;6.559;3.386;2026-02-08T13:42:56.107552+00:00;P1;37.75
4853;pms5003;3628;6.559;3.386;2026-02-08T13:42:56.107552+00:00;P0;20.00
4853;pms5003;3628;6.559;3.386;2026-02-08T13:47:50.627263+00:00;P2;27.50
4853;pms5003;3628;6.559;3.386;2026-02-08T13:47:50.627263+00:00;P1;29.75
4853;pms5003;3628;6.559;3.386;2026-02-08T13:47:50.627263+00:00;P0;17.25
4854;DHT22;3628;6.559;3.386;2026-02-08T13:48:08.110603+00:00;humidity;54.40
4854;DHT22;3628;6.559;3.386;2026-02-08T13:48:08.110603+00:00;temperature;40.80
4854;DHT22;3628;6.559;3.386;2026-02-08T13:53:32.210895+00:00;humidity;53.60
4854;DHT22;3628;6.559;3.386;2026-02-08T13:53:32.210895+00:00;temperature;40.50
4853;pms5003;3628;6.559;3.386;2026-02-08T14:00:10.140622+00:00;P2;29.00
4853;pms5003;3628;6.559;3.386;2026-02-08T14:00:10.140622+00:00;P1;39.50
4853;pms5003;3628;6.559;3.386;2026-02-08T14:00:10.140622+00:00;P0;20.00
4854;DHT22;3628;6.559;3.386;2026-02-08T14:04:31.475983+00:00;humidity;53.20
4854;DHT22;3628;6.559;3.386;2026-02-08T14:04:31.475983+00:00;temperature;41.00
4854;DHT22;3628;6.559;3.386;2026-02-08T14:10:06.340332+00:00;humidity;53.50
4854;DHT22;3628;6.559;3.386;2026-02-08T14:10:06.340332+00:00;temperature;40.80
4854;DHT22;3628;6.559;3.386;2026-02-08T14:16:50.549286+00:00;humidity;53.90
4854;DHT22;3628;6.559;3.386;2026-02-08T14:16:50.549286+00:00;temperature;40.70
4853;pms5003;3628;6.559;3.386;2026-02-08T14:20:47.556370+00:00;P2;25.67
4853;pms5003;3628;6.559;3.386;2026-02-08T14:20:47.556370+00:00;P1;37.67
4853;pms5003;3628;6.559;3.386;2026-02-08T14:20:47.556370+00:00;P0;17.67
4854;DHT22;3628;6.559;3.386;2026-02-08T14:21:07.033880+00:00;humidity;54.10
4854;DHT22;3628;6.559;3.386;2026-02-08T14:21:07.033880+00:00;temperature;40.50
4854;DHT22;3628;6.559;3.386;2026-02-08T14:26:39.653383+00:00;humidity;54.20
4854;DHT22;3628;6.559;3.386;2026-02-08T14:26:39.653383+00:00;temperature;40.40
4853;pms5003;3628;6.559;3.386;2026-02-08T14:31:57.144766+00:00;P2;27.25
4853;pms5003;3628;6.559;3.386;2026-02-08T14:31:57.144766+00:00;P1;32.50
4853;pms5003;3628;6.559;3.386;2026-02-08T14:31:57.144766+00:00;P0;18.75
4854;DHT22;3628;6.559;3.386;2026-02-08T14:37:38.983049+00:00;humidity;55.80
4854;DHT22;3628;6.559;3.386;2026-02-08T14:37:38.983049+00:00;temperature;39.80
4853;pms5003;3628;6.559;3.386;2026-02-08T14:42:56.562827+00:00;P2;25.75
4853;pms5003;3628;6.559;3.386;2026-02-08T14:42:56.562827+00:00;P1;36.75
4853;pms5003;3628;6.559;3.386;2026-02-08T14:42:56.562827+00:00;P0;16.50
4853;pms5003;3628;6.559;3.386;2026-02-08T14:48:31.573327+00:00;P2;26.75
4853;pms5003;3628;6.559;3.386;2026-02-08T14:48:31.573327+00:00;P1;36.50
4853;pms5003;3628;6.559;3.386;2026-02-08T14:48:31.573327+00:00;P0;18.75
4854;DHT22;3628;6.559;3.386;2026-02-08T14:54:02.085088+00:00;humidity;55.70
4854;DHT22;3628;6.559;3.386;2026-02-08T14:54:02.085088+00:00;temperature;40.10
4853;pms5003;3628;6.559;3.386;2026-02-08T14:59:19.557754+00:00;P2;24.50
4853;pms5003;3628;6.559;3.386;2026-02-08T14:59:19.557754+00:00;P1;26.50
4853;pms5003;3628;6.559;3.386;2026-02-08T14:59:19.557754+00:00;P0;18.00
4854;DHT22;3628;6.559;3.386;2026-02-08T14:59:37.080952+00:00;humidity;56.40
4854;DHT22;3628;6.559;3.386;2026-02-08T14:59:37.080952+00:00;temperature;39.90
4853;pms5003;3628;6.559;3.386;2026-02-08T15:04:54.284461+00:00;P2;22.75
4853;pms5003;3628;6.559;3.386;2026-02-08T15:04:54.284461+00:00;P1;36.00
4853;pms5003;3628;6.559;3.386;2026-02-08T15:04:54.284461+00:00;P0;15.00
4854;DHT22;3628;6.559;3.386;2026-02-08T15:05:11.600435+00:00;humidity;56.10
4854;DHT22;3628;6.559;3.386;2026-02-08T15:05:11.600435+00:00;temperature;40.10
4854;DHT22;3628;6.559;3.386;2026-02-08T15:10:35.593692+00:00;humidity;57.80
4854;DHT22;3628;6.559;3.386;2026-02-08T15:10:35.593692+00:00;temperature;39.30
4853;pms5003;3628;6.559;3.386;2026-02-08T15:15:53.056408+00:00;P2;22.50
4853;pms5003;3628;6.559;3.386;2026-02-08T15:15:53.056408+00:00;P1;27.00
4853;pms5003;3628;6.559;3.386;2026-02-08T15:15:53.056408+00:00;P0;16.00
4854;DHT22;3628;6.559;3.386;2026-02-08T15:16:10.517481+00:00;humidity;58.10
4854;DHT22;3628;6.559;3.386;2026-02-08T15:16:10.517481+00:00;temperature;39.30
4853;pms5003;3628;6.559;3.386;2026-02-08T15:21:27.763863+00:00;P2;23.25
4853;pms5003;3628;6.559;3.386;2026-02-08T15:21:27.763863+00:00;P1;26.25
4853;pms5003;3628;6.559;3.386;2026-02-08T15:21:27.763863+00:00;P0;16.25
4854;DHT22;3628;6.559;3.386;2026-02-08T15:21:45.208438+00:00;humidity;58.20
4854;DHT22;3628;6.559;3.386;2026-02-08T15:21:45.208438+00:00;temperature;39.10
4853;pms5003;3628;6.559;3.386;2026-02-08T15:27:02.481872+00:00;P2;24.00
4853;pms5003;3628;6.559;3.386;2026-02-08T15:27:02.481872+00:00;P1;26.50
4853;pms5003;3628;6.559;3.386;2026-02-08T15:27:02.481872+00:00;P0;17.00
4854;DHT22;3628;6.559;3.386;2026-02-08T15:27:19.843240+00:00;humidity;58.40
4854;DHT22;3628;6.559;3.386;2026-02-08T15:27:19.843240+00:00;temperature;38.80
4853;pms5003;3628;6.559;3.386;2026-02-08T15:32:37.074193+00:00;P2;22.00
4853;pms5003;3628;6.559;3.386;2026-02-08T15:32:37.074193+00:00;P1;36.50
4853;pms5003;3628;6.559;3.386;2026-02-08T15:32:37.074193+00:00;P0;16.50
4854;DHT22;3628;6.559;3.386;2026-02-08T15:32:54.511969+00:00;humidity;57.80
4854;DHT22;3628;6.559;3.386;2026-02-08T15:32:54.511969+00:00;temperature;39.20
4853;pms5003;3628;6.559;3.386;2026-02-08T15:38:11.901555+00:00;P2;25.50
4853;pms5003;3628;6.559;3.386;2026-02-08T15:38:11.901555+00:00;P1;26.50
4853;pms5003;3628;6.559;3.386;2026-02-08T15:38:11.901555+00:00;P0;18.50
4853;pms5003;3628;6.559;3.386;2026-02-08T15:43:36.169346+00:00;P2;23.00
4853;pms5003;3628;6.559;3.386;2026-02-08T15:43:36.169346+00:00;P1;26.50
4853;pms5003;3628;6.559;3.386;2026-02-08T15:43:36.169346+00:00;P0;16.00
4854;DHT22;3628;6.559;3.386;2026-02-08T15:49:06.719512+00:00;humidity;62.30
4854;DHT22;3628;6.559;3.386;2026-02-08T15:49:06.719512+00:00;temperature;38.00
4853;pms5003;3628;6.559;3.386;2026-02-08T15:54:24.020159+00:00;P2;28.50
4853;pms5003;3628;6.559;3.386;2026-02-08T15:54:24.020159+00:00;P1;40.50
4853;pms5003;3628;6.559;3.386;2026-02-08T15:54:24.020159+00:00;P0;19.50
4854;DHT22;3628;6.559;3.386;2026-02-08T15:54:41.440840+00:00;humidity;61.60
4854;DHT22;3628;6.559;3.386;2026-02-08T15:54:41.440840+00:00;temperature;38.00
4853;pms5003;3628;6.559;3.386;2026-02-08T16:00:38.297047+00:00;P2;27.60
4853;pms5003;3628;6.559;3.386;2026-02-08T16:00:38.297047+00:00;P1;31.00
4853;pms5003;3628;6.559;3.386;2026-02-08T16:00:38.297047+00:00;P0;17.60
4853;pms5003;3628;6.559;3.386;2026-02-08T16:05:23.153883+00:00;P2;24.33
4853;pms5003;3628;6.559;3.386;2026-02-08T16:05:23.153883+00:00;P1;26.67
4853;pms5003;3628;6.559;3.386;2026-02-08T16:05:23.153883+00:00;P0;18.33
4853;pms5003;3628;6.559;3.386;2026-02-08T16:10:50.265659+00:00;P2;29.00
4853;pms5003;3628;6.559;3.386;2026-02-08T16:10:50.265659+00:00;P1;32.00
4853;pms5003;3628;6.559;3.386;2026-02-08T16:10:50.265659+00:00;P0;18.00
4853;pms5003;3628;6.559;3.386;2026-02-08T16:16:14.948016+00:00;P2;27.00
4853;pms5003;3628;6.559;3.386;2026-02-08T16:16:14.948016+00:00;P1;34.50
4853;pms5003;3628;6.559;3.386;2026-02-08T16:16:14.948016+00:00;P0;18.00
4853;pms5003;3628;6.559;3.386;2026-02-08T17:15:20.828180+00:00;P2;34.75
4853;pms5003;3628;6.559;3.386;2026-02-08T17:15:20.828180+00:00;P1;40.50
4853;pms5003;3628;6.559;3.386;2026-02-08T17:15:20.828180+00:00;P0;20.75
4854;DHT22;3628;6.559;3.386;2026-02-08T17:15:38.188406+00:00;humidity;70.30
4854;DHT22;3628;6.559;3.386;2026-02-08T17:15:38.188406+00:00;temperature;34.80
4853;pms5003;3628;6.559;3.386;2026-02-08T17:20:55.395891+00:00;P2;35.00
4853;pms5003;3628;6.559;3.386;2026-02-08T17:20:55.395891+00:00;P1;43.50
4853;pms5003;3628;6.559;3.386;2026-02-08T17:20:55.395891+00:00;P0;21.00
4854;DHT22;3628;6.559;3.386;2026-02-08T17:21:12.773188+00:00;humidity;71.30
4854;DHT22;3628;6.559;3.386;2026-02-08T17:21:12.773188+00:00;temperature;34.40
4853;pms5003;3628;6.559;3.386;2026-02-08T17:26:29.932933+00:00;P2;33.00
4853;pms5003;3628;6.559;3.386;2026-02-08T17:26:29.932933+00:00;P1;45.75
4853;pms5003;3628;6.559;3.386;2026-02-08T17:26:29.932933+00:00;P0;22.00
4854;DHT22;3628;6.559;3.386;2026-02-08T17:26:47.315732+00:00;humidity;73.00
4854;DHT22;3628;6.559;3.386;2026-02-08T17:26:47.315732+00:00;temperature;33.80
4853;pms5003;3628;6.559;3.386;2026-02-08T17:32:04.522594+00:00;P2;30.00
4853;pms5003;3628;6.559;3.386;2026-02-08T17:32:04.522594+00:00;P1;46.40
4853;pms5003;3628;6.559;3.386;2026-02-08T17:32:04.522594+00:00;P0;20.00
4854;DHT22;3628;6.559;3.386;2026-02-08T17:32:24.840942+00:00;humidity;73.20
4854;DHT22;3628;6.559;3.386;2026-02-08T17:32:24.840942+00:00;temperature;33.70
4853;pms5003;3628;6.559;3.386;2026-02-08T17:42:52.742883+00:00;P2;26.00
4853;pms5003;3628;6.559;3.386;2026-02-08T17:42:52.742883+00:00;P1;26.75
4853;pms5003;3628;6.559;3.386;2026-02-08T17:42:52.742883+00:00;P0;18.75
4854;DHT22;3628;6.559;3.386;2026-02-08T17:43:10.258508+00:00;humidity;75.70
4854;DHT22;3628;6.559;3.386;2026-02-08T17:43:10.258508+00:00;temperature;33.20
4853;pms5003;3628;6.559;3.386;2026-02-08T17:48:27.319229+00:00;P2;22.00
4853;pms5003;3628;6.559;3.386;2026-02-08T17:48:27.319229+00:00;P1;36.25
4853;pms5003;3628;6.559;3.386;2026-02-08T17:48:27.319229+00:00;P0;16.00
4854;DHT22;3628;6.559;3.386;2026-02-08T17:48:44.677201+00:00;humidity;76.90
4854;DHT22;3628;6.559;3.386;2026-02-08T17:48:44.677201+00:00;temperature;32.90
4853;pms5003;3628;6.559;3.386;2026-02-08T18:05:29.433538+00:00;P2;35.50
4853;pms5003;3628;6.559;3.386;2026-02-08T18:05:29.433538+00:00;P1;43.50
4853;pms5003;3628;6.559;3.386;2026-02-08T18:05:29.433538+00:00;P0;24.00
4854;DHT22;3628;6.559;3.386;2026-02-08T18:05:46.796802+00:00;humidity;78.60
4854;DHT22;3628;6.559;3.386;2026-02-08T18:05:46.796802+00:00;temperature;32.60
4853;pms5003;3628;6.559;3.386;2026-02-08T18:11:06.946100+00:00;P2;30.25
4853;pms5003;3628;6.559;3.386;2026-02-08T18:11:06.946100+00:00;P1;45.00
4853;pms5003;3628;6.559;3.386;2026-02-08T18:11:06.946100+00:00;P0;21.00
4853;pms5003;3628;6.559;3.386;2026-02-08T18:16:30.756187+00:00;P2;26.75
4853;pms5003;3628;6.559;3.386;2026-02-08T18:16:30.756187+00:00;P1;37.00
4853;pms5003;3628;6.559;3.386;2026-02-08T18:16:30.756187+00:00;P0;18.00
4854;DHT22;3628;6.559;3.386;2026-02-08T18:16:48.194314+00:00;humidity;78.60
4854;DHT22;3628;6.559;3.386;2026-02-08T18:16:48.194314+00:00;temperature;32.50
4854;DHT22;3628;6.559;3.386;2026-02-08T18:27:36.130319+00:00;humidity;80.00
4854;DHT22;3628;6.559;3.386;2026-02-08T18:27:36.130319+00:00;temperature;32.40
4854;DHT22;3628;6.559;3.386;2026-02-08T18:33:00.270050+00:00;humidity;81.20
4854;DHT22;3628;6.559;3.386;2026-02-08T18:33:00.270050+00:00;temperature;32.30
4853;pms5003;3628;6.559;3.386;2026-02-08T18:38:17.427105+00:00;P2;26.00
4853;pms5003;3628;6.559;3.386;2026-02-08T18:38:17.427105+00:00;P1;39.00
4853;pms5003;3628;6.559;3.386;2026-02-08T18:38:17.427105+00:00;P0;17.25
4853;pms5003;3628;6.559;3.386;2026-02-08T18:43:41.480270+00:00;P2;27.20
4853;pms5003;3628;6.559;3.386;2026-02-08T18:43:41.480270+00:00;P1;37.60
4853;pms5003;3628;6.559;3.386;2026-02-08T18:43:41.480270+00:00;P0;18.00
4854;DHT22;3628;6.559;3.386;2026-02-08T18:43:58.952546+00:00;humidity;82.50
4854;DHT22;3628;6.559;3.386;2026-02-08T18:43:58.952546+00:00;temperature;32.20
4853;pms5003;3628;6.559;3.386;2026-02-08T18:49:16.187288+00:00;P2;31.00
4853;pms5003;3628;6.559;3.386;2026-02-08T18:49:16.187288+00:00;P1;37.00
4853;pms5003;3628;6.559;3.386;2026-02-08T18:49:16.187288+00:00;P0;20.00
4854;DHT22;3628;6.559;3.386;2026-02-08T18:49:33.626673+00:00;humidity;82.80
4854;DHT22;3628;6.559;3.386;2026-02-08T18:49:33.626673+00:00;temperature;32.10
4853;pms5003;3628;6.559;3.386;2026-02-08T18:55:36.772867+00:00;P2;29.33
4853;pms5003;3628;6.559;3.386;2026-02-08T18:55:36.772867+00:00;P1;40.00
4853;pms5003;3628;6.559;3.386;2026-02-08T18:55:36.772867+00:00;P0;19.67
4854;DHT22;3628;6.559;3.386;2026-02-08T19:02:25.104625+00:00;humidity;83.30
4854;DHT22;3628;6.559;3.386;2026-02-08T19:02:25.104625+00:00;temperature;31.90
4853;pms5003;3628;6.559;3.386;2026-02-08T19:05:49.764646+00:00;P2;38.50
4853;pms5003;3628;6.559;3.386;2026-02-08T19:05:49.764646+00:00;P1;49.00
4853;pms5003;3628;6.559;3.386;2026-02-08T19:05:49.764646+00:00;P0;24.00
4854;DHT22;3628;6.559;3.386;2026-02-08T19:11:20.225638+00:00;humidity;83.30
4854;DHT22;3628;6.559;3.386;2026-02-08T19:11:20.225638+00:00;temperature;32.00
4853;pms5003;3628;6.559;3.386;2026-02-08T19:23:25.569705+00:00;P2;36.00
4853;pms5003;3628;6.559;3.386;2026-02-08T19:23:25.569705+00:00;P1;41.50
4853;pms5003;3628;6.559;3.386;2026-02-08T19:23:25.569705+00:00;P0;22.25
4853;pms5003;3628;6.559;3.386;2026-02-08T20:10:02.476550+00:00;P2;30.00
4853;pms5003;3628;6.559;3.386;2026-02-08T20:10:02.476550+00:00;P1;48.25
4853;pms5003;3628;6.559;3.386;2026-02-08T20:10:02.476550+00:00;P0;19.75
4853;pms5003;3628;6.559;3.386;2026-02-08T20:14:46.736252+00:00;P2;26.00
4853;pms5003;3628;6.559;3.386;2026-02-08T20:14:46.736252+00:00;P1;32.33
4853;pms5003;3628;6.559;3.386;2026-02-08T20:14:46.736252+00:00;P0;17.00
4854;DHT22;3628;6.559;3.386;2026-02-08T20:15:04.981084+00:00;humidity;83.20
4854;DHT22;3628;6.559;3.386;2026-02-08T20:15:04.981084+00:00;temperature;31.70
4854;DHT22;3628;6.559;3.386;2026-02-08T21:18:30.550380+00:00;humidity;82.70
4854;DHT22;3628;6.559;3.386;2026-02-08T21:18:30.550380+00:00;temperature;31.70
4853;pms5003;3628;6.559;3.386;2026-02-08T21:23:47.765643+00:00;P2;31.00
4853;pms5003;3628;6.559;3.386;2026-02-08T21:23:47.765643+00:00;P1;46.75
4853;pms5003;3628;6.559;3.386;2026-02-08T21:23:47.765643+00:00;P0;20.75
4854;DHT22;3628;6.559;3.386;2026-02-08T21:24:05.087933+00:00;humidity;82.70
4854;DHT22;3628;6.559;3.386;2026-02-08T21:24:05.087933+00:00;temperature;31.70
4853;pms5003;3628;6.559;3.386;2026-02-08T21:29:22.245217+00:00;P2;30.75
4853;pms5003;3628;6.559;3.386;2026-02-08T21:29:22.245217+00:00;P1;45.25
4853;pms5003;3628;6.559;3.386;2026-02-08T21:29:22.245217+00:00;P0;19.50
4854;DHT22;3628;6.559;3.386;2026-02-08T21:29:39.629621+00:00;humidity;83.40
4854;DHT22;3628;6.559;3.386;2026-02-08T21:29:39.629621+00:00;temperature;31.60
4853;pms5003;3628;6.559;3.386;2026-02-08T21:34:56.957903+00:00;P2;31.25
4853;pms5003;3628;6.559;3.386;2026-02-08T21:34:56.957903+00:00;P1;48.50
4853;pms5003;3628;6.559;3.386;2026-02-08T21:34:56.957903+00:00;P0;20.00
4853;pms5003;3628;6.559;3.386;2026-02-08T21:41:30.481230+00:00;P2;35.00
4853;pms5003;3628;6.559;3.386;2026-02-08T21:41:30.481230+00:00;P1;54.00
4853;pms5003;3628;6.559;3.386;2026-02-08T21:41:30.481230+00:00;P0;22.00
4853;pms5003;3628;6.559;3.386;2026-02-08T21:45:45.386604+00:00;P2;38.00
4853;pms5003;3628;6.559;3.386;2026-02-08T21:45:45.386604+00:00;P1;51.50
4853;pms5003;3628;6.559;3.386;2026-02-08T21:45:45.386604+00:00;P0;23.00
4854;DHT22;3628;6.559;3.386;2026-02-08T21:46:02.789350+00:00;humidity;83.50
4854;DHT22;3628;6.559;3.386;2026-02-08T21:46:02.789350+00:00;temperature;31.50
4854;DHT22;3628;6.559;3.386;2026-02-08T21:56:51.609978+00:00;humidity;83.80
4854;DHT22;3628;6.559;3.386;2026-02-08T21:56:51.609978+00:00;temperature;31.60
4853;pms5003;3628;6.559;3.386;2026-02-08T22:02:08.160314+00:00;P2;49.00
4853;pms5003;3628;6.559;3.386;2026-02-08T22:02:08.160314+00:00;P1;67.00
4853;pms5003;3628;6.559;3.386;2026-02-08T22:02:08.160314+00:00;P0;31.00
4854;DHT22;3628;6.559;3.386;2026-02-08T22:07:49.723614+00:00;humidity;84.40
4854;DHT22;3628;6.559;3.386;2026-02-08T22:07:49.723614+00:00;temperature;31.50
4853;pms5003;3628;6.559;3.386;2026-02-08T22:14:03.421534+00:00;P2;35.00
4853;pms5003;3628;6.559;3.386;2026-02-08T22:14:03.421534+00:00;P1;50.00
4853;pms5003;3628;6.559;3.386;2026-02-08T22:14:03.421534+00:00;P0;21.75
4854;DHT22;3628;6.559;3.386;2026-02-08T22:18:48.712758+00:00;humidity;84.10
4854;DHT22;3628;6.559;3.386;2026-02-08T22:18:48.712758+00:00;temperature;31.50
4854;DHT22;3628;6.559;3.386;2026-02-08T22:24:23.395565+00:00;humidity;84.80
4854;DHT22;3628;6.559;3.386;2026-02-08T22:24:23.395565+00:00;temperature;31.40
4853;pms5003;3628;6.559;3.386;2026-02-08T22:29:40.616102+00:00;P2;29.40
4853;pms5003;3628;6.559;3.386;2026-02-08T22:29:40.616102+00:00;P1;41.20
4853;pms5003;3628;6.559;3.386;2026-02-08T22:29:40.616102+00:00;P0;18.80
4854;DHT22;3628;6.559;3.386;2026-02-08T22:29:58.097475+00:00;humidity;84.80
4854;DHT22;3628;6.559;3.386;2026-02-08T22:29:58.097475+00:00;temperature;31.40
4853;pms5003;3628;6.559;3.386;2026-02-08T22:35:15.531292+00:00;P2;30.00
4853;pms5003;3628;6.559;3.386;2026-02-08T22:35:15.531292+00:00;P1;44.00
4853;pms5003;3628;6.559;3.386;2026-02-08T22:35:15.531292+00:00;P0;19.67
4854;DHT22;3628;6.559;3.386;2026-02-08T22:35:32.937687+00:00;humidity;84.60
4854;DHT22;3628;6.559;3.386;2026-02-08T22:35:32.937687+00:00;temperature;31.40
4853;pms5003;3628;6.559;3.386;2026-02-08T22:41:26.453256+00:00;P2;30.25
4853;pms5003;3628;6.559;3.386;2026-02-08T22:41:26.453256+00:00;P1;39.75
4853;pms5003;3628;6.559;3.386;2026-02-08T22:41:26.453256+00:00;P0;20.50
4853;pms5003;3628;6.559;3.386;2026-02-08T22:46:14.477903+00:00;P2;29.00
4853;pms5003;3628;6.559;3.386;2026-02-08T22:46:14.477903+00:00;P1;44.25
4853;pms5003;3628;6.559;3.386;2026-02-08T22:46:14.477903+00:00;P0;18.75
4854;DHT22;3628;6.559;3.386;2026-02-08T22:46:31.950620+00:00;humidity;85.30
4854;DHT22;3628;6.559;3.386;2026-02-08T22:46:31.950620+00:00;temperature;31.30
4853;pms5003;3628;6.559;3.386;2026-02-08T22:51:49.132855+00:00;P2;30.00
4853;pms5003;3628;6.559;3.386;2026-02-08T22:51:49.132855+00:00;P1;34.00
4853;pms5003;3628;6.559;3.386;2026-02-08T22:51:49.132855+00:00;P0;19.00
4854;DHT22;3628;6.559;3.386;2026-02-08T22:52:06.587161+00:00;humidity;85.20
4854;DHT22;3628;6.559;3.386;2026-02-08T22:52:06.587161+00:00;temperature;31.40
4853;pms5003;3628;6.559;3.386;2026-02-08T23:02:37.153325+00:00;P2;32.00
4853;pms5003;3628;6.559;3.386;2026-02-08T23:02:37.153325+00:00;P1;44.50
4853;pms5003;3628;6.559;3.386;2026-02-08T23:02:37.153325+00:00;P0;20.50
4854;DHT22;3628;6.559;3.386;2026-02-08T23:02:54.703258+00:00;humidity;85.40
4854;DHT22;3628;6.559;3.386;2026-02-08T23:02:54.703258+00:00;temperature;31.40
4853;pms5003;3628;6.559;3.386;2026-02-08T23:08:11.957440+00:00;P2;33.75
4853;pms5003;3628;6.559;3.386;2026-02-08T23:08:11.957440+00:00;P1;42.50
4853;pms5003;3628;6.559;3.386;2026-02-08T23:08:11.957440+00:00;P0;21.75
4854;DHT22;3628;6.559;3.386;2026-02-08T23:08:29.423943+00:00;humidity;85.60
4854;DHT22;3628;6.559;3.386;2026-02-08T23:08:29.423943+00:00;temperature;31.30
4853;pms5003;3628;6.559;3.386;2026-02-08T23:13:46.664612+00:00;P2;31.00
4853;pms5003;3628;6.559;3.386;2026-02-08T23:13:46.664612+00:00;P1;46.50
4853;pms5003;3628;6.559;3.386;2026-02-08T23:13:46.664612+00:00;P0;21.75
4854;DHT22;3628;6.559;3.386;2026-02-08T23:14:04.186190+00:00;humidity;85.60
4854;DHT22;3628;6.559;3.386;2026-02-08T23:14:04.186190+00:00;temperature;31.30
4853;pms5003;3628;6.559;3.386;2026-02-08T23:24:34.617829+00:00;P2;33.00
4853;pms5003;3628;6.559;3.386;2026-02-08T23:24:34.617829+00:00;P1;44.50
4853;pms5003;3628;6.559;3.386;2026-02-08T23:24:34.617829+00:00;P0;22.50
4853;pms5003;3628;6.559;3.386;2026-02-08T23:30:09.241450+00:00;P2;35.60
4853;pms5003;3628;6.559;3.386;2026-02-08T23:30:09.241450+00:00;P1;49.20
4853;pms5003;3628;6.559;3.386;2026-02-08T23:30:09.241450+00:00;P0;23.00
4854;DHT22;3628;6.559;3.386;2026-02-08T23:30:26.729311+00:00;humidity;85.70
4854;DHT22;3628;6.559;3.386;2026-02-08T23:30:26.729311+00:00;temperature;31.40
4853;pms5003;3628;6.559;3.386;2026-02-08T23:35:43.929529+00:00;P2;27.80
4853;pms5003;3628;6.559;3.386;2026-02-08T23:35:43.929529+00:00;P1;31.00
4853;pms5003;3628;6.559;3.386;2026-02-08T23:35:43.929529+00:00;P0;16.80
4854;DHT22;3628;6.559;3.386;2026-02-08T23:36:01.526242+00:00;humidity;85.90
4854;DHT22;3628;6.559;3.386;2026-02-08T23:36:01.526242+00:00;temperature;31.40
4853;pms5003;3628;6.559;3.386;2026-02-08T23:41:18.709677+00:00;P2;30.50
4853;pms5003;3628;6.559;3.386;2026-02-08T23:41:18.709677+00:00;P1;35.00
4853;pms5003;3628;6.559;3.386;2026-02-08T23:41:18.709677+00:00;P0;20.00
4854;DHT22;3628;6.559;3.386;2026-02-08T23:41:36.204141+00:00;humidity;85.70
4854;DHT22;3628;6.559;3.386;2026-02-08T23:41:36.204141+00:00;temperature;31.40
4853;pms5003;3628;6.559;3.386;2026-02-08T23:46:53.381851+00:00;P2;26.75
4853;pms5003;3628;6.559;3.386;2026-02-08T23:46:53.381851+00:00;P1;36.25
4853;pms5003;3628;6.559;3.386;2026-02-08T23:46:53.381851+00:00;P0;17.50
4854;DHT22;3628;6.559;3.386;2026-02-08T23:47:10.814535+00:00;humidity;86.20
4854;DHT22;3628;6.559;3.386;2026-02-08T23:47:10.814535+00:00;temperature;31.30
4854;DHT22;3628;6.559;3.386;2026-02-08T23:52:45.493063+00:00;humidity;85.90
4854;DHT22;3628;6.559;3.386;2026-02-08T23:52:45.493063+00:00;temperature;31.30
4853;pms5003;3628;6.559;3.386;2026-02-08T23:58:02.644807+00:00;P2;26.25
4853;pms5003;3628;6.559;3.386;2026-02-08T23:58:02.644807+00:00;P1;40.25
4853;pms5003;3628;6.559;3.386;2026-02-08T23:58:02.644807+00:00;P0;17.00
4853;pms5003;3628;6.559;3.386;2026-02-09T00:03:29.304279+00:00;P2;28.50
4853;pms5003;3628;6.559;3.386;2026-02-09T00:03:29.304279+00:00;P1;35.50
4853;pms5003;3628;6.559;3.386;2026-02-09T00:03:29.304279+00:00;P0;17.50
4854;DHT22;3628;6.559;3.386;2026-02-09T00:03:46.731853+00:00;humidity;85.80
4854;DHT22;3628;6.559;3.386;2026-02-09T00:03:46.731853+00:00;temperature;31.30
4853;pms5003;3628;6.559;3.386;2026-02-09T00:12:56.193176+00:00;P2;32.80
4853;pms5003;3628;6.559;3.386;2026-02-09T00:12:56.193176+00:00;P1;48.00
4853;pms5003;3628;6.559;3.386;2026-02-09T00:12:56.193176+00:00;P0;20.20
4854;DHT22;3628;6.559;3.386;2026-02-09T00:13:13.636281+00:00;humidity;85.60
4854;DHT22;3628;6.559;3.386;2026-02-09T00:13:13.636281+00:00;temperature;31.30
4853;pms5003;3628;6.559;3.386;2026-02-09T00:18:30.909590+00:00;P2;34.60
4853;pms5003;3628;6.559;3.386;2026-02-09T00:18:30.909590+00:00;P1;47.00
4853;pms5003;3628;6.559;3.386;2026-02-09T00:18:30.909590+00:00;P0;22.00
4854;DHT22;3628;6.559;3.386;2026-02-09T00:18:55.662233+00:00;humidity;85.90
4854;DHT22;3628;6.559;3.386;2026-02-09T00:18:55.662233+00:00;temperature;31.30
4853;pms5003;3628;6.559;3.386;2026-02-09T00:24:05.935289+00:00;P2;34.00
4853;pms5003;3628;6.559;3.386;2026-02-09T00:24:05.935289+00:00;P1;46.40
4853;pms5003;3628;6.559;3.386;2026-02-09T00:24:05.935289+00:00;P0;22.00
4854;DHT22;3628;6.559;3.386;2026-02-09T00:24:22.962076+00:00;humidity;85.50
4854;DHT22;3628;6.559;3.386;2026-02-09T00:24:22.962076+00:00;temperature;31.40
4853;pms5003;3628;6.559;3.386;2026-02-09T00:29:47.976221+00:00;P2;32.00
4853;pms5003;3628;6.559;3.386;2026-02-09T00:29:47.976221+00:00;P1;40.00
4853;pms5003;3628;6.559;3.386;2026-02-09T00:29:47.976221+00:00;P0;21.00
4854;DHT22;3628;6.559;3.386;2026-02-09T00:29:57.635213+00:00;humidity;86.00
4854;DHT22;3628;6.559;3.386;2026-02-09T00:29:57.635213+00:00;temperature;31.30
4853;pms5003;3628;6.559;3.386;2026-02-09T00:36:25.563582+00:00;P2;33.50
4853;pms5003;3628;6.559;3.386;2026-02-09T00:36:25.563582+00:00;P1;47.00
4853;pms5003;3628;6.559;3.386;2026-02-09T00:36:25.563582+00:00;P0;22.00
4853;pms5003;3628;6.559;3.386;2026-02-09T00:46:03.068638+00:00;P2;37.00
4853;pms5003;3628;6.559;3.386;2026-02-09T00:46:03.068638+00:00;P1;47.00
4853;pms5003;3628;6.559;3.386;2026-02-09T00:46:03.068638+00:00;P0;24.00
4854;DHT22;3628;6.559;3.386;2026-02-09T03:18:14.068644+00:00;humidity;86.60
4854;DHT22;3628;6.559;3.386;2026-02-09T03:18:14.068644+00:00;temperature;30.80
4853;pms5003;3628;6.559;3.386;2026-02-09T03:23:31.475870+00:00;P2;28.00
4853;pms5003;3628;6.559;3.386;2026-02-09T03:23:31.475870+00:00;P1;29.80
4853;pms5003;3628;6.559;3.386;2026-02-09T03:23:31.475870+00:00;P0;18.00
4854;DHT22;3628;6.559;3.386;2026-02-09T03:23:48.995723+00:00;humidity;86.30
4854;DHT22;3628;6.559;3.386;2026-02-09T03:23:48.995723+00:00;temperature;31.00
4853;pms5003;3628;6.559;3.386;2026-02-09T03:29:06.324176+00:00;P2;25.00
4853;pms5003;3628;6.559;3.386;2026-02-09T03:29:06.324176+00:00;P1;30.60
4853;pms5003;3628;6.559;3.386;2026-02-09T03:29:06.324176+00:00;P0;16.00
4853;pms5003;3628;6.559;3.386;2026-02-09T03:34:30.226954+00:00;P2;25.50
4853;pms5003;3628;6.559;3.386;2026-02-09T03:34:30.226954+00:00;P1;27.50
4853;pms5003;3628;6.559;3.386;2026-02-09T03:34:30.226954+00:00;P0;17.00
4854;DHT22;3628;6.559;3.386;2026-02-09T03:34:47.641091+00:00;humidity;86.40
4854;DHT22;3628;6.559;3.386;2026-02-09T03:34:47.641091+00:00;temperature;30.90
4853;pms5003;3628;6.559;3.386;2026-02-09T03:40:05.131983+00:00;P2;29.50
4853;pms5003;3628;6.559;3.386;2026-02-09T03:40:05.131983+00:00;P1;33.00
4853;pms5003;3628;6.559;3.386;2026-02-09T03:40:05.131983+00:00;P0;18.50
4854;DHT22;3628;6.559;3.386;2026-02-09T03:40:22.680723+00:00;humidity;86.90
4854;DHT22;3628;6.559;3.386;2026-02-09T03:40:22.680723+00:00;temperature;30.80
4853;pms5003;3628;6.559;3.386;2026-02-09T03:45:39.224239+00:00;P2;26.40
4853;pms5003;3628;6.559;3.386;2026-02-09T03:45:39.224239+00:00;P1;30.80
4853;pms5003;3628;6.559;3.386;2026-02-09T03:45:39.224239+00:00;P0;17.20
4854;DHT22;3628;6.559;3.386;2026-02-09T03:45:56.805291+00:00;humidity;86.70
4854;DHT22;3628;6.559;3.386;2026-02-09T03:45:56.805291+00:00;temperature;30.90
4853;pms5003;3628;6.559;3.386;2026-02-09T03:51:14.143922+00:00;P2;28.00
4853;pms5003;3628;6.559;3.386;2026-02-09T03:51:14.143922+00:00;P1;30.00
4853;pms5003;3628;6.559;3.386;2026-02-09T03:51:14.143922+00:00;P0;17.00
4854;DHT22;3628;6.559;3.386;2026-02-09T03:56:55.611591+00:00;humidity;86.70
4854;DHT22;3628;6.559;3.386;2026-02-09T03:56:55.611591+00:00;temperature;30.80
4853;pms5003;3628;6.559;3.386;2026-02-09T04:02:12.886966+00:00;P2;31.75
4853;pms5003;3628;6.559;3.386;2026-02-09T04:02:12.886966+00:00;P1;46.75
4853;pms5003;3628;6.559;3.386;2026-02-09T04:02:12.886966+00:00;P0;20.75
4854;DHT22;3628;6.559;3.386;2026-02-09T04:02:30.338517+00:00;humidity;86.60
4854;DHT22;3628;6.559;3.386;2026-02-09T04:02:30.338517+00:00;temperature;30.80
4853;pms5003;3628;6.559;3.386;2026-02-09T06:03:35.603025+00:00;P2;39.25
4853;pms5003;3628;6.559;3.386;2026-02-09T06:03:35.603025+00:00;P1;53.25
4853;pms5003;3628;6.559;3.386;2026-02-09T06:03:35.603025+00:00;P0;25.00
4853;pms5003;3628;6.559;3.386;2026-02-09T06:08:59.641399+00:00;P2;42.00
4853;pms5003;3628;6.559;3.386;2026-02-09T06:08:59.641399+00:00;P1;54.67
4853;pms5003;3628;6.559;3.386;2026-02-09T06:08:59.641399+00:00;P0;26.67
4854;DHT22;3628;6.559;3.386;2026-02-09T06:19:53.271963+00:00;humidity;89.00
4854;DHT22;3628;6.559;3.386;2026-02-09T06:19:53.271963+00:00;temperature;30.80
4854;DHT22;3628;6.559;3.386;2026-02-09T10:10:48.986744+00:00;humidity;60.50
4854;DHT22;3628;6.559;3.386;2026-02-09T10:10:48.986744+00:00;temperature;38.80
4854;DHT22;3628;6.559;3.386;2026-02-09T10:16:26.539311+00:00;humidity;60.80
4854;DHT22;3628;6.559;3.386;2026-02-09T10:16:26.539311+00:00;temperature;38.70
4854;DHT22;3628;6.559;3.386;2026-02-09T10:27:24.920037+00:00;humidity;60.30
4854;DHT22;3628;6.559;3.386;2026-02-09T10:27:24.920037+00:00;temperature;38.80
4854;DHT22;3628;6.559;3.386;2026-02-09T11:23:40.954434+00:00;humidity;63.70
4854;DHT22;3628;6.559;3.386;2026-02-09T11:23:40.954434+00:00;temperature;36.90
4853;pms5003;3628;6.559;3.386;2026-02-09T11:28:58.198202+00:00;P2;29.00
4853;pms5003;3628;6.559;3.386;2026-02-09T11:28:58.198202+00:00;P1;33.50
4853;pms5003;3628;6.559;3.386;2026-02-09T11:28:58.198202+00:00;P0;18.00
4854;DHT22;3628;6.559;3.386;2026-02-09T11:29:15.620025+00:00;humidity;62.80
4854;DHT22;3628;6.559;3.386;2026-02-09T11:29:15.620025+00:00;temperature;37.30
4853;pms5003;3628;6.559;3.386;2026-02-09T11:34:32.811187+00:00;P2;22.25
4853;pms5003;3628;6.559;3.386;2026-02-09T11:34:32.811187+00:00;P1;28.75
4853;pms5003;3628;6.559;3.386;2026-02-09T11:34:32.811187+00:00;P0;14.00
4854;DHT22;3628;6.559;3.386;2026-02-09T11:40:14.373173+00:00;humidity;58.50
4854;DHT22;3628;6.559;3.386;2026-02-09T11:40:14.373173+00:00;temperature;39.50
4853;pms5003;3628;6.559;3.386;2026-02-09T11:45:31.594350+00:00;P2;25.00
4853;pms5003;3628;6.559;3.386;2026-02-09T11:45:31.594350+00:00;P1;38.50
4853;pms5003;3628;6.559;3.386;2026-02-09T11:45:31.594350+00:00;P0;18.00
4854;DHT22;3628;6.559;3.386;2026-02-09T11:45:48.990765+00:00;humidity;58.30
4854;DHT22;3628;6.559;3.386;2026-02-09T11:45:48.990765+00:00;temperature;39.70
4853;pms5003;3628;6.559;3.386;2026-02-09T11:51:06.251034+00:00;P2;24.40
4853;pms5003;3628;6.559;3.386;2026-02-09T11:51:06.251034+00:00;P1;31.40
4853;pms5003;3628;6.559;3.386;2026-02-09T11:51:06.251034+00:00;P0;17.00
4854;DHT22;3628;6.559;3.386;2026-02-09T11:51:23.667932+00:00;humidity;59.90
4854;DHT22;3628;6.559;3.386;2026-02-09T11:51:23.667932+00:00;temperature;38.30
4854;DHT22;3628;6.559;3.386;2026-02-09T11:56:58.351881+00:00;humidity;60.10
4854;DHT22;3628;6.559;3.386;2026-02-09T11:56:58.351881+00:00;temperature;38.70
4853;pms5003;3628;6.559;3.386;2026-02-09T12:02:15.524774+00:00;P2;29.75
4853;pms5003;3628;6.559;3.386;2026-02-09T12:02:15.524774+00:00;P1;33.75
4853;pms5003;3628;6.559;3.386;2026-02-09T12:02:15.524774+00:00;P0;20.00
4854;DHT22;3628;6.559;3.386;2026-02-09T12:02:32.990121+00:00;humidity;61.80
4854;DHT22;3628;6.559;3.386;2026-02-09T12:02:32.990121+00:00;temperature;38.00
4854;DHT22;3628;6.559;3.386;2026-02-09T12:08:07.720967+00:00;humidity;62.20
4854;DHT22;3628;6.559;3.386;2026-02-09T12:08:07.720967+00:00;temperature;37.70
4853;pms5003;3628;6.559;3.386;2026-02-09T12:13:25.282976+00:00;P2;26.20
4853;pms5003;3628;6.559;3.386;2026-02-09T12:13:25.282976+00:00;P1;30.20
4853;pms5003;3628;6.559;3.386;2026-02-09T12:13:25.282976+00:00;P0;18.20
4854;DHT22;3628;6.559;3.386;2026-02-09T12:13:42.421629+00:00;humidity;62.10
4854;DHT22;3628;6.559;3.386;2026-02-09T12:13:42.421629+00:00;temperature;37.70
4853;pms5003;3628;6.559;3.386;2026-02-09T12:18:59.639234+00:00;P2;26.00
4853;pms5003;3628;6.559;3.386;2026-02-09T12:18:59.639234+00:00;P1;30.50
4853;pms5003;3628;6.559;3.386;2026-02-09T12:18:59.639234+00:00;P0;18.00
4853;pms5003;3628;6.559;3.386;2026-02-09T12:34:53.134776+00:00;P2;28.00
4853;pms5003;3628;6.559;3.386;2026-02-09T12:34:53.134776+00:00;P1;34.25
4853;pms5003;3628;6.559;3.386;2026-02-09T12:34:53.134776+00:00;P0;18.25
4853;pms5003;3628;6.559;3.386;2026-02-09T12:45:30.316699+00:00;P2;27.20
4853;pms5003;3628;6.559;3.386;2026-02-09T12:45:30.316699+00:00;P1;38.40
4853;pms5003;3628;6.559;3.386;2026-02-09T12:45:30.316699+00:00;P0;19.20
4854;DHT22;3628;6.559;3.386;2026-02-09T12:45:47.742397+00:00;humidity;57.50
4854;DHT22;3628;6.559;3.386;2026-02-09T12:45:47.742397+00:00;temperature;39.40
4853;pms5003;3628;6.559;3.386;2026-02-09T12:51:04.962306+00:00;P2;23.50
4853;pms5003;3628;6.559;3.386;2026-02-09T12:51:04.962306+00:00;P1;30.50
4853;pms5003;3628;6.559;3.386;2026-02-09T12:51:04.962306+00:00;P0;18.50
4854;DHT22;3628;6.559;3.386;2026-02-09T12:56:35.291132+00:00;humidity;58.20
4854;DHT22;3628;6.559;3.386;2026-02-09T12:56:35.291132+00:00;temperature;39.80
4853;pms5003;3628;6.559;3.386;2026-02-09T13:01:52.500585+00:00;P2;25.40
4853;pms5003;3628;6.559;3.386;2026-02-09T13:01:52.500585+00:00;P1;37.40
4853;pms5003;3628;6.559;3.386;2026-02-09T13:01:52.500585+00:00;P0;17.00
4854;DHT22;3628;6.559;3.386;2026-02-09T13:02:10.055450+00:00;humidity;57.70
4854;DHT22;3628;6.559;3.386;2026-02-09T13:02:10.055450+00:00;temperature;39.80
4853;pms5003;3628;6.559;3.386;2026-02-09T13:07:27.240799+00:00;P2;26.00
4853;pms5003;3628;6.559;3.386;2026-02-09T13:07:27.240799+00:00;P1;27.00
4853;pms5003;3628;6.559;3.386;2026-02-09T13:07:27.240799+00:00;P0;17.00
4854;DHT22;3628;6.559;3.386;2026-02-09T13:07:44.669496+00:00;humidity;56.70
4854;DHT22;3628;6.559;3.386;2026-02-09T13:07:44.669496+00:00;temperature;40.00
4854;DHT22;3628;6.559;3.386;2026-02-09T13:13:19.280316+00:00;humidity;57.80
4854;DHT22;3628;6.559;3.386;2026-02-09T13:13:19.280316+00:00;temperature;39.70
4853;pms5003;3628;6.559;3.386;2026-02-09T13:18:36.476660+00:00;P2;25.50
4853;pms5003;3628;6.559;3.386;2026-02-09T13:18:36.476660+00:00;P1;32.25
4853;pms5003;3628;6.559;3.386;2026-02-09T13:18:36.476660+00:00;P0;16.25
4854;DHT22;3628;6.559;3.386;2026-02-09T13:18:53.895888+00:00;humidity;57.90
4854;DHT22;3628;6.559;3.386;2026-02-09T13:18:53.895888+00:00;temperature;39.50
4853;pms5003;3628;6.559;3.386;2026-02-09T13:24:11.131360+00:00;P2;25.33
4853;pms5003;3628;6.559;3.386;2026-02-09T13:24:11.131360+00:00;P1;28.33
4853;pms5003;3628;6.559;3.386;2026-02-09T13:24:11.131360+00:00;P0;17.33
4854;DHT22;3628;6.559;3.386;2026-02-09T13:24:28.554766+00:00;humidity;59.40
4854;DHT22;3628;6.559;3.386;2026-02-09T13:24:28.554766+00:00;temperature;39.10
4853;pms5003;3628;6.559;3.386;2026-02-09T13:29:45.745826+00:00;P2;26.25
4853;pms5003;3628;6.559;3.386;2026-02-09T13:29:45.745826+00:00;P1;30.00
4853;pms5003;3628;6.559;3.386;2026-02-09T13:29:45.745826+00:00;P0;17.00
4853;pms5003;3628;6.559;3.386;2026-02-09T13:35:09.906154+00:00;P2;28.25
4853;pms5003;3628;6.559;3.386;2026-02-09T13:35:09.906154+00:00;P1;42.75
4853;pms5003;3628;6.559;3.386;2026-02-09T13:35:09.906154+00:00;P0;20.00
4854;DHT22;3628;6.559;3.386;2026-02-09T13:35:27.405601+00:00;humidity;58.70
4854;DHT22;3628;6.559;3.386;2026-02-09T13:35:27.405601+00:00;temperature;39.00
4853;pms5003;3628;6.559;3.386;2026-02-09T13:46:10.221732+00:00;P2;31.25
4853;pms5003;3628;6.559;3.386;2026-02-09T13:46:10.221732+00:00;P1;36.75
4853;pms5003;3628;6.559;3.386;2026-02-09T13:46:10.221732+00:00;P0;20.00
4854;DHT22;3628;6.559;3.386;2026-02-09T13:46:27.624461+00:00;humidity;57.70
4854;DHT22;3628;6.559;3.386;2026-02-09T13:46:27.624461+00:00;temperature;39.40
4853;pms5003;3628;6.559;3.386;2026-02-09T13:51:44.845935+00:00;P2;33.20
4853;pms5003;3628;6.559;3.386;2026-02-09T13:51:44.845935+00:00;P1;40.40
4853;pms5003;3628;6.559;3.386;2026-02-09T13:51:44.845935+00:00;P0;21.80
4854;DHT22;3628;6.559;3.386;2026-02-09T13:57:26.169567+00:00;humidity;57.80
4854;DHT22;3628;6.559;3.386;2026-02-09T13:57:26.169567+00:00;temperature;39.50
4853;pms5003;3628;6.559;3.386;2026-02-09T14:02:43.365026+00:00;P2;29.20
4853;pms5003;3628;6.559;3.386;2026-02-09T14:02:43.365026+00:00;P1;36.20
4853;pms5003;3628;6.559;3.386;2026-02-09T14:02:43.365026+00:00;P0;19.20
4853;pms5003;3628;6.559;3.386;2026-02-09T14:08:07.225619+00:00;P2;26.33
4853;pms5003;3628;6.559;3.386;2026-02-09T14:08:07.225619+00:00;P1;34.67
4853;pms5003;3628;6.559;3.386;2026-02-09T14:08:07.225619+00:00;P0;18.33
4854;DHT22;3628;6.559;3.386;2026-02-09T14:08:24.625871+00:00;humidity;56.50
4854;DHT22;3628;6.559;3.386;2026-02-09T14:08:24.625871+00:00;temperature;40.00
4854;DHT22;3628;6.559;3.386;2026-02-09T14:13:48.601748+00:00;humidity;57.60
4854;DHT22;3628;6.559;3.386;2026-02-09T14:13:48.601748+00:00;temperature;39.80
4853;pms5003;3628;6.559;3.386;2026-02-09T14:19:08.886775+00:00;P2;23.00
4853;pms5003;3628;6.559;3.386;2026-02-09T14:19:08.886775+00:00;P1;32.00
4853;pms5003;3628;6.559;3.386;2026-02-09T14:19:08.886775+00:00;P0;16.00
4853;pms5003;3628;6.559;3.386;2026-02-09T14:29:46.798587+00:00;P2;36.00
4853;pms5003;3628;6.559;3.386;2026-02-09T14:29:46.798587+00:00;P1;48.50
4853;pms5003;3628;6.559;3.386;2026-02-09T14:29:46.798587+00:00;P0;23.75
4853;pms5003;3628;6.559;3.386;2026-02-09T14:35:10.653668+00:00;P2;27.75
4853;pms5003;3628;6.559;3.386;2026-02-09T14:35:10.653668+00:00;P1;42.50
4853;pms5003;3628;6.559;3.386;2026-02-09T14:35:10.653668+00:00;P0;18.00
4854;DHT22;3628;6.559;3.386;2026-02-09T14:35:28.126669+00:00;humidity;57.70
4854;DHT22;3628;6.559;3.386;2026-02-09T14:35:28.126669+00:00;temperature;39.80
4853;pms5003;3628;6.559;3.386;2026-02-09T14:40:45.335880+00:00;P2;32.50
4853;pms5003;3628;6.559;3.386;2026-02-09T14:40:45.335880+00:00;P1;49.50
4853;pms5003;3628;6.559;3.386;2026-02-09T14:40:45.335880+00:00;P0;21.75
4854;DHT22;3628;6.559;3.386;2026-02-09T14:41:02.846353+00:00;humidity;58.50
4854;DHT22;3628;6.559;3.386;2026-02-09T14:41:02.846353+00:00;temperature;39.20
4854;DHT22;3628;6.559;3.386;2026-02-09T14:46:37.481830+00:00;humidity;59.20
4854;DHT22;3628;6.559;3.386;2026-02-09T14:46:37.481830+00:00;temperature;39.10
4853;pms5003;3628;6.559;3.386;2026-02-09T14:51:54.699399+00:00;P2;31.40
4853;pms5003;3628;6.559;3.386;2026-02-09T14:51:54.699399+00:00;P1;33.00
4853;pms5003;3628;6.559;3.386;2026-02-09T14:51:54.699399+00:00;P0;22.00
4854;DHT22;3628;6.559;3.386;2026-02-09T14:52:12.291939+00:00;humidity;59.30
4854;DHT22;3628;6.559;3.386;2026-02-09T14:52:12.291939+00:00;temperature;38.90
4854;DHT22;3628;6.559;3.386;2026-02-09T14:57:46.947844+00:00;humidity;58.70
4854;DHT22;3628;6.559;3.386;2026-02-09T14:57:46.947844+00:00;temperature;39.40
4854;DHT22;3628;6.559;3.386;2026-02-09T15:03:21.565810+00:00;humidity;60.00
4854;DHT22;3628;6.559;3.386;2026-02-09T15:03:21.565810+00:00;temperature;39.20
4854;DHT22;3628;6.559;3.386;2026-02-09T15:08:56.331878+00:00;humidity;60.20
4854;DHT22;3628;6.559;3.386;2026-02-09T15:08:56.331878+00:00;temperature;38.80
4853;pms5003;3628;6.559;3.386;2026-02-09T15:14:13.480801+00:00;P2;29.00
4853;pms5003;3628;6.559;3.386;2026-02-09T15:14:13.480801+00:00;P1;42.33
4853;pms5003;3628;6.559;3.386;2026-02-09T15:14:13.480801+00:00;P0;20.33
4854;DHT22;3628;6.559;3.386;2026-02-09T15:14:30.886051+00:00;humidity;61.50
4854;DHT22;3628;6.559;3.386;2026-02-09T15:14:30.886051+00:00;temperature;38.70
4853;pms5003;3628;6.559;3.386;2026-02-09T15:40:41.239580+00:00;P2;31.50
4853;pms5003;3628;6.559;3.386;2026-02-09T15:40:41.239580+00:00;P1;44.25
4853;pms5003;3628;6.559;3.386;2026-02-09T15:40:41.239580+00:00;P0;20.00
4853;pms5003;3628;6.559;3.386;2026-02-09T15:46:05.377360+00:00;P2;29.80
4853;pms5003;3628;6.559;3.386;2026-02-09T15:46:05.377360+00:00;P1;46.00
4853;pms5003;3628;6.559;3.386;2026-02-09T15:46:05.377360+00:00;P0;20.00
4854;DHT22;3628;6.559;3.386;2026-02-09T15:46:22.783310+00:00;humidity;65.10
4854;DHT22;3628;6.559;3.386;2026-02-09T15:46:22.783310+00:00;temperature;37.20
4853;pms5003;3628;6.559;3.386;2026-02-09T15:51:40.059706+00:00;P2;29.00
4853;pms5003;3628;6.559;3.386;2026-02-09T15:51:40.059706+00:00;P1;43.50
4853;pms5003;3628;6.559;3.386;2026-02-09T15:51:40.059706+00:00;P0;19.00
4854;DHT22;3628;6.559;3.386;2026-02-09T15:51:57.664340+00:00;humidity;63.20
4854;DHT22;3628;6.559;3.386;2026-02-09T15:51:57.664340+00:00;temperature;37.60
4854;DHT22;3628;6.559;3.386;2026-02-09T15:57:21.428247+00:00;humidity;63.40
4854;DHT22;3628;6.559;3.386;2026-02-09T15:57:21.428247+00:00;temperature;37.70
4853;pms5003;3628;6.559;3.386;2026-02-09T16:07:55.123560+00:00;P2;28.00
4853;pms5003;3628;6.559;3.386;2026-02-09T16:07:55.123560+00:00;P1;33.00
4853;pms5003;3628;6.559;3.386;2026-02-09T16:07:55.123560+00:00;P0;18.00
4854;DHT22;3628;6.559;3.386;2026-02-09T16:08:12.562326+00:00;humidity;64.90
4854;DHT22;3628;6.559;3.386;2026-02-09T16:08:12.562326+00:00;temperature;37.00
4853;pms5003;3628;6.559;3.386;2026-02-09T16:13:29.713905+00:00;P2;31.00
4853;pms5003;3628;6.559;3.386;2026-02-09T16:13:29.713905+00:00;P1;46.00
4853;pms5003;3628;6.559;3.386;2026-02-09T16:13:29.713905+00:00;P0;18.00
4853;pms5003;3628;6.559;3.386;2026-02-09T16:19:04.566573+00:00;P2;30.00
4853;pms5003;3628;6.559;3.386;2026-02-09T16:19:04.566573+00:00;P1;33.75
4853;pms5003;3628;6.559;3.386;2026-02-09T16:19:04.566573+00:00;P0;20.00
4854;DHT22;3628;6.559;3.386;2026-02-09T16:19:22.028299+00:00;humidity;68.80
4854;DHT22;3628;6.559;3.386;2026-02-09T16:19:22.028299+00:00;temperature;35.80
4853;pms5003;3628;6.559;3.386;2026-02-09T16:24:39.261760+00:00;P2;27.00
4853;pms5003;3628;6.559;3.386;2026-02-09T16:24:39.261760+00:00;P1;28.25
4853;pms5003;3628;6.559;3.386;2026-02-09T16:24:39.261760+00:00;P0;16.50
4854;DHT22;3628;6.559;3.386;2026-02-09T16:30:09.786104+00:00;humidity;69.10
4854;DHT22;3628;6.559;3.386;2026-02-09T16:30:09.786104+00:00;temperature;35.60
4854;DHT22;3628;6.559;3.386;2026-02-09T16:41:07.724975+00:00;humidity;69.10
4854;DHT22;3628;6.559;3.386;2026-02-09T16:41:07.724975+00:00;temperature;35.80
4853;pms5003;3628;6.559;3.386;2026-02-09T16:46:24.955033+00:00;P2;30.33
4853;pms5003;3628;6.559;3.386;2026-02-09T16:46:24.955033+00:00;P1;32.33
4853;pms5003;3628;6.559;3.386;2026-02-09T16:46:24.955033+00:00;P0;18.33
4854;DHT22;3628;6.559;3.386;2026-02-09T16:46:42.352300+00:00;humidity;69.70
4854;DHT22;3628;6.559;3.386;2026-02-09T16:46:42.352300+00:00;temperature;35.60
4854;DHT22;3628;6.559;3.386;2026-02-09T16:52:06.637294+00:00;humidity;69.00
4854;DHT22;3628;6.559;3.386;2026-02-09T16:52:06.637294+00:00;temperature;35.80
4854;DHT22;3628;6.559;3.386;2026-02-09T16:57:41.410816+00:00;humidity;70.40
4854;DHT22;3628;6.559;3.386;2026-02-09T16:57:41.410816+00:00;temperature;35.50
4853;pms5003;3628;6.559;3.386;2026-02-09T17:02:58.634306+00:00;P2;31.75
4853;pms5003;3628;6.559;3.386;2026-02-09T17:02:58.634306+00:00;P1;34.50
4853;pms5003;3628;6.559;3.386;2026-02-09T17:02:58.634306+00:00;P0;21.00
4854;DHT22;3628;6.559;3.386;2026-02-09T17:03:16.070023+00:00;humidity;70.40
4854;DHT22;3628;6.559;3.386;2026-02-09T17:03:16.070023+00:00;temperature;35.40
4853;pms5003;3628;6.559;3.386;2026-02-09T17:08:33.475838+00:00;P2;28.40
4853;pms5003;3628;6.559;3.386;2026-02-09T17:08:33.475838+00:00;P1;34.20
4853;pms5003;3628;6.559;3.386;2026-02-09T17:08:33.475838+00:00;P0;18.60
4853;pms5003;3628;6.559;3.386;2026-02-09T17:14:08.171539+00:00;P2;27.20
4853;pms5003;3628;6.559;3.386;2026-02-09T17:14:08.171539+00:00;P1;27.80
4853;pms5003;3628;6.559;3.386;2026-02-09T17:14:08.171539+00:00;P0;17.80
4854;DHT22;3628;6.559;3.386;2026-02-09T17:14:28.387476+00:00;humidity;72.30
4854;DHT22;3628;6.559;3.386;2026-02-09T17:14:28.387476+00:00;temperature;34.70
4854;DHT22;3628;6.559;3.386;2026-02-09T17:19:49.995671+00:00;humidity;73.20
4854;DHT22;3628;6.559;3.386;2026-02-09T17:19:49.995671+00:00;temperature;34.50
4853;pms5003;3628;6.559;3.386;2026-02-09T17:30:20.721770+00:00;P2;32.00
4853;pms5003;3628;6.559;3.386;2026-02-09T17:30:20.721770+00:00;P1;47.25
4853;pms5003;3628;6.559;3.386;2026-02-09T17:30:20.721770+00:00;P0;21.00
4853;pms5003;3628;6.559;3.386;2026-02-09T17:35:47.711665+00:00;P2;34.50
4853;pms5003;3628;6.559;3.386;2026-02-09T17:35:47.711665+00:00;P1;52.25
4853;pms5003;3628;6.559;3.386;2026-02-09T17:35:47.711665+00:00;P0;23.00
4854;DHT22;3628;6.559;3.386;2026-02-09T17:36:05.063362+00:00;humidity;75.90
4854;DHT22;3628;6.559;3.386;2026-02-09T17:36:05.063362+00:00;temperature;33.60
4854;DHT22;3628;6.559;3.386;2026-02-09T17:41:28.870017+00:00;humidity;76.60
4854;DHT22;3628;6.559;3.386;2026-02-09T17:41:28.870017+00:00;temperature;33.40
4853;pms5003;3628;6.559;3.386;2026-02-09T17:46:46.050732+00:00;P2;27.67
4853;pms5003;3628;6.559;3.386;2026-02-09T17:46:46.050732+00:00;P1;37.00
4853;pms5003;3628;6.559;3.386;2026-02-09T17:46:46.050732+00:00;P0;18.33
4853;pms5003;3628;6.559;3.386;2026-02-09T17:52:12.806134+00:00;P2;30.00
4853;pms5003;3628;6.559;3.386;2026-02-09T17:52:12.806134+00:00;P1;39.00
4853;pms5003;3628;6.559;3.386;2026-02-09T17:52:12.806134+00:00;P0;19.33
4854;DHT22;3628;6.559;3.386;2026-02-09T17:52:30.316953+00:00;humidity;76.80
4854;DHT22;3628;6.559;3.386;2026-02-09T17:52:30.316953+00:00;temperature;33.20
4854;DHT22;3628;6.559;3.386;2026-02-09T17:57:57.305616+00:00;humidity;78.00
4854;DHT22;3628;6.559;3.386;2026-02-09T17:57:57.305616+00:00;temperature;33.10
4853;pms5003;3628;6.559;3.386;2026-02-09T18:03:14.528485+00:00;P2;35.50
4853;pms5003;3628;6.559;3.386;2026-02-09T18:03:14.528485+00:00;P1;50.00
4853;pms5003;3628;6.559;3.386;2026-02-09T18:03:14.528485+00:00;P0;23.25
4854;DHT22;3628;6.559;3.386;2026-02-09T18:03:31.975108+00:00;humidity;79.30
4854;DHT22;3628;6.559;3.386;2026-02-09T18:03:31.975108+00:00;temperature;33.00
4853;pms5003;3628;6.559;3.386;2026-02-09T18:08:49.212563+00:00;P2;34.75
4853;pms5003;3628;6.559;3.386;2026-02-09T18:08:49.212563+00:00;P1;44.25
4853;pms5003;3628;6.559;3.386;2026-02-09T18:08:49.212563+00:00;P0;22.75
4854;DHT22;3628;6.559;3.386;2026-02-09T18:09:06.820675+00:00;humidity;79.50
4854;DHT22;3628;6.559;3.386;2026-02-09T18:09:06.820675+00:00;temperature;32.90
4854;DHT22;3628;6.559;3.386;2026-02-09T18:14:30.814474+00:00;humidity;78.70
4854;DHT22;3628;6.559;3.386;2026-02-09T18:14:30.814474+00:00;temperature;32.70
4854;DHT22;3628;6.559;3.386;2026-02-09T18:19:54.787656+00:00;humidity;79.20
4854;DHT22;3628;6.559;3.386;2026-02-09T18:19:54.787656+00:00;temperature;32.70
4853;pms5003;3628;6.559;3.386;2026-02-09T18:30:36.276164+00:00;P2;27.00
4853;pms5003;3628;6.559;3.386;2026-02-09T18:30:36.276164+00:00;P1;28.67
4853;pms5003;3628;6.559;3.386;2026-02-09T18:30:36.276164+00:00;P0;19.00
4854;DHT22;3628;6.559;3.386;2026-02-09T18:30:56.629474+00:00;humidity;78.90
4854;DHT22;3628;6.559;3.386;2026-02-09T18:30:56.629474+00:00;temperature;32.70
4854;DHT22;3628;6.559;3.386;2026-02-09T18:41:55.424128+00:00;humidity;81.00
4854;DHT22;3628;6.559;3.386;2026-02-09T18:41:55.424128+00:00;temperature;32.40
4854;DHT22;3628;6.559;3.386;2026-02-09T19:03:02.036234+00:00;humidity;81.30
4854;DHT22;3628;6.559;3.386;2026-02-09T19:03:02.036234+00:00;temperature;32.20
4853;pms5003;3628;6.559;3.386;2026-02-09T19:08:18.925819+00:00;P2;26.40
4853;pms5003;3628;6.559;3.386;2026-02-09T19:08:18.925819+00:00;P1;41.00
4853;pms5003;3628;6.559;3.386;2026-02-09T19:08:18.925819+00:00;P0;19.00
4854;DHT22;3628;6.559;3.386;2026-02-09T19:08:36.353730+00:00;humidity;81.40
4854;DHT22;3628;6.559;3.386;2026-02-09T19:08:36.353730+00:00;temperature;32.40
4854;DHT22;3628;6.559;3.386;2026-02-09T19:14:00.180636+00:00;humidity;81.90
4854;DHT22;3628;6.559;3.386;2026-02-09T19:14:00.180636+00:00;temperature;32.30
4853;pms5003;3628;6.559;3.386;2026-02-09T19:19:17.336980+00:00;P2;28.50
4853;pms5003;3628;6.559;3.386;2026-02-09T19:19:17.336980+00:00;P1;38.50
4853;pms5003;3628;6.559;3.386;2026-02-09T19:19:17.336980+00:00;P0;20.00
4854;DHT22;3628;6.559;3.386;2026-02-09T19:19:34.954108+00:00;humidity;81.60
4854;DHT22;3628;6.559;3.386;2026-02-09T19:19:34.954108+00:00;temperature;32.30
4853;pms5003;3628;6.559;3.386;2026-02-09T19:24:52.164221+00:00;P2;27.00
4853;pms5003;3628;6.559;3.386;2026-02-09T19:24:52.164221+00:00;P1;31.50
4853;pms5003;3628;6.559;3.386;2026-02-09T19:24:52.164221+00:00;P0;19.50
4854;DHT22;3628;6.559;3.386;2026-02-09T19:25:09.624673+00:00;humidity;82.10
4854;DHT22;3628;6.559;3.386;2026-02-09T19:25:09.624673+00:00;temperature;32.20
4853;pms5003;3628;6.559;3.386;2026-02-09T19:30:26.770515+00:00;P2;27.33
4853;pms5003;3628;6.559;3.386;2026-02-09T19:30:26.770515+00:00;P1;34.00
4853;pms5003;3628;6.559;3.386;2026-02-09T19:30:26.770515+00:00;P0;20.00
4854;DHT22;3628;6.559;3.386;2026-02-09T19:30:44.239526+00:00;humidity;82.10
4854;DHT22;3628;6.559;3.386;2026-02-09T19:30:44.239526+00:00;temperature;32.20
4853;pms5003;3628;6.559;3.386;2026-02-09T19:36:01.441411+00:00;P2;24.00
4853;pms5003;3628;6.559;3.386;2026-02-09T19:36:01.441411+00:00;P1;31.60
4853;pms5003;3628;6.559;3.386;2026-02-09T19:36:01.441411+00:00;P0;17.00
4854;DHT22;3628;6.559;3.386;2026-02-09T19:36:18.875522+00:00;humidity;82.40
4854;DHT22;3628;6.559;3.386;2026-02-09T19:36:18.875522+00:00;temperature;32.20
4853;pms5003;3628;6.559;3.386;2026-02-09T19:41:36.196748+00:00;P2;26.00
4853;pms5003;3628;6.559;3.386;2026-02-09T19:41:36.196748+00:00;P1;30.00
4853;pms5003;3628;6.559;3.386;2026-02-09T19:41:36.196748+00:00;P0;18.50
4853;pms5003;3628;6.559;3.386;2026-02-09T19:41:53.517905+00:00;humidity;82.50
4853;pms5003;3628;6.559;3.386;2026-02-09T19:41:53.517905+00:00;temperature;32.10
4853;pms5003;3628;6.559;3.386;2026-02-09T19:47:10.724670+00:00;P2;31.75
4853;pms5003;3628;6.559;3.386;2026-02-09T19:47:10.724670+00:00;P1;46.50
4853;pms5003;3628;6.559;3.386;2026-02-09T19:47:10.724670+00:00;P0;20.00
4854;DHT22;3628;6.559;3.386;2026-02-09T19:47:28.166727+00:00;humidity;82.40
4854;DHT22;3628;6.559;3.386;2026-02-09T19:47:28.166727+00:00;temperature;32.10
4853;pms5003;3628;6.559;3.386;2026-02-09T19:52:45.342996+00:00;P2;30.40
4853;pms5003;3628;6.559;3.386;2026-02-09T19:52:45.342996+00:00;P1;44.80
4853;pms5003;3628;6.559;3.386;2026-02-09T19:52:45.342996+00:00;P0;20.00
4854;DHT22;3628;6.559;3.386;2026-02-09T19:53:02.689685+00:00;humidity;82.40
4854;DHT22;3628;6.559;3.386;2026-02-09T19:53:02.689685+00:00;temperature;32.20
4853;pms5003;3628;6.559;3.386;2026-02-09T19:58:19.882266+00:00;P2;41.00
4853;pms5003;3628;6.559;3.386;2026-02-09T19:58:19.882266+00:00;P1;52.50
4853;pms5003;3628;6.559;3.386;2026-02-09T19:58:19.882266+00:00;P0;26.00
4854;DHT22;3628;6.559;3.386;2026-02-09T19:58:37.246129+00:00;humidity;82.60
4854;DHT22;3628;6.559;3.386;2026-02-09T19:58:37.246129+00:00;temperature;32.10
4853;pms5003;3628;6.559;3.386;2026-02-09T20:03:54.407036+00:00;P2;37.25
4853;pms5003;3628;6.559;3.386;2026-02-09T20:03:54.407036+00:00;P1;53.50
4853;pms5003;3628;6.559;3.386;2026-02-09T20:03:54.407036+00:00;P0;23.25
4854;DHT22;3628;6.559;3.386;2026-02-09T20:04:11.779243+00:00;humidity;82.80
4854;DHT22;3628;6.559;3.386;2026-02-09T20:04:11.779243+00:00;temperature;32.10
4853;pms5003;3628;6.559;3.386;2026-02-09T20:09:28.946645+00:00;P2;40.33
4853;pms5003;3628;6.559;3.386;2026-02-09T20:09:28.946645+00:00;P1;56.67
4853;pms5003;3628;6.559;3.386;2026-02-09T20:09:28.946645+00:00;P0;26.33
4854;DHT22;3628;6.559;3.386;2026-02-09T20:09:46.278023+00:00;humidity;82.80
4854;DHT22;3628;6.559;3.386;2026-02-09T20:09:46.278023+00:00;temperature;32.10
4853;pms5003;3628;6.559;3.386;2026-02-09T20:15:03.478948+00:00;P2;30.75
4853;pms5003;3628;6.559;3.386;2026-02-09T20:15:03.478948+00:00;P1;45.00
4853;pms5003;3628;6.559;3.386;2026-02-09T20:15:03.478948+00:00;P0;19.75
4854;DHT22;3628;6.559;3.386;2026-02-09T20:15:20.832009+00:00;humidity;83.50
4854;DHT22;3628;6.559;3.386;2026-02-09T20:15:20.832009+00:00;temperature;31.90
4854;DHT22;3628;6.559;3.386;2026-02-09T20:20:55.458863+00:00;humidity;83.10
4854;DHT22;3628;6.559;3.386;2026-02-09T20:20:55.458863+00:00;temperature;32.00
4853;pms5003;3628;6.559;3.386;2026-02-09T20:26:12.629618+00:00;P2;29.75
4853;pms5003;3628;6.559;3.386;2026-02-09T20:26:12.629618+00:00;P1;42.25
4853;pms5003;3628;6.559;3.386;2026-02-09T20:26:12.629618+00:00;P0;20.00
4854;DHT22;3628;6.559;3.386;2026-02-09T20:26:29.963970+00:00;humidity;82.80
4854;DHT22;3628;6.559;3.386;2026-02-09T20:26:29.963970+00:00;temperature;32.10
4853;pms5003;3628;6.559;3.386;2026-02-09T20:31:47.124624+00:00;P2;25.75
4853;pms5003;3628;6.559;3.386;2026-02-09T20:31:47.124624+00:00;P1;27.75
4853;pms5003;3628;6.559;3.386;2026-02-09T20:31:47.124624+00:00;P0;17.50
4853;pms5003;3628;6.559;3.386;2026-02-09T20:37:13.817662+00:00;P2;27.00
4853;pms5003;3628;6.559;3.386;2026-02-09T20:37:13.817662+00:00;P1;27.60
4853;pms5003;3628;6.559;3.386;2026-02-09T20:37:13.817662+00:00;P0;16.00
4854;DHT22;3628;6.559;3.386;2026-02-09T20:37:31.252012+00:00;humidity;82.80
4854;DHT22;3628;6.559;3.386;2026-02-09T20:37:31.252012+00:00;temperature;32.00
4853;pms5003;3628;6.559;3.386;2026-02-09T20:42:48.500626+00:00;P2;25.75
4853;pms5003;3628;6.559;3.386;2026-02-09T20:42:48.500626+00:00;P1;28.00
4853;pms5003;3628;6.559;3.386;2026-02-09T20:42:48.500626+00:00;P0;17.25
4853;pms5003;3628;6.559;3.386;2026-02-09T20:48:23.206465+00:00;P2;34.25
4853;pms5003;3628;6.559;3.386;2026-02-09T20:48:23.206465+00:00;P1;46.00
4853;pms5003;3628;6.559;3.386;2026-02-09T20:48:23.206465+00:00;P0;23.00
4853;pms5003;3628;6.559;3.386;2026-02-09T20:53:47.172679+00:00;P2;29.25
4853;pms5003;3628;6.559;3.386;2026-02-09T20:53:47.172679+00:00;P1;31.00
4853;pms5003;3628;6.559;3.386;2026-02-09T20:53:47.172679+00:00;P0;20.00
4853;pms5003;3628;6.559;3.386;2026-02-09T21:20:10.368281+00:00;P2;23.00
4853;pms5003;3628;6.559;3.386;2026-02-09T21:20:10.368281+00:00;P1;32.00
4853;pms5003;3628;6.559;3.386;2026-02-09T21:20:10.368281+00:00;P0;17.50
4854;DHT22;3628;6.559;3.386;2026-02-09T21:20:30.366088+00:00;humidity;83.40
4854;DHT22;3628;6.559;3.386;2026-02-09T21:20:30.366088+00:00;temperature;31.90
4853;pms5003;3628;6.559;3.386;2026-02-09T21:25:47.632432+00:00;P2;28.25
4853;pms5003;3628;6.559;3.386;2026-02-09T21:25:47.632432+00:00;P1;32.75
4853;pms5003;3628;6.559;3.386;2026-02-09T21:25:47.632432+00:00;P0;19.00
4853;pms5003;3628;6.559;3.386;2026-02-09T21:31:14.775638+00:00;P2;26.00
4853;pms5003;3628;6.559;3.386;2026-02-09T21:31:14.775638+00:00;P1;40.00
4853;pms5003;3628;6.559;3.386;2026-02-09T21:31:14.775638+00:00;P0;17.00
4854;DHT22;3628;6.559;3.386;2026-02-09T21:36:56.199114+00:00;humidity;83.40
4854;DHT22;3628;6.559;3.386;2026-02-09T21:36:56.199114+00:00;temperature;31.90
4854;DHT22;3628;6.559;3.386;2026-02-09T21:42:30.968507+00:00;humidity;82.90
4854;DHT22;3628;6.559;3.386;2026-02-09T21:42:30.968507+00:00;temperature;32.00
4853;pms5003;3628;6.559;3.386;2026-02-09T21:47:48.193947+00:00;P2;30.00
4853;pms5003;3628;6.559;3.386;2026-02-09T21:47:48.193947+00:00;P1;36.75
4853;pms5003;3628;6.559;3.386;2026-02-09T21:47:48.193947+00:00;P0;20.00
4854;DHT22;3628;6.559;3.386;2026-02-09T21:48:05.715640+00:00;humidity;83.30
4854;DHT22;3628;6.559;3.386;2026-02-09T21:48:05.715640+00:00;temperature;31.90
4853;pms5003;3628;6.559;3.386;2026-02-09T21:53:23.044716+00:00;P2;25.50
4853;pms5003;3628;6.559;3.386;2026-02-09T21:53:23.044716+00:00;P1;38.00
4853;pms5003;3628;6.559;3.386;2026-02-09T21:53:23.044716+00:00;P0;15.00
4854;DHT22;3628;6.559;3.386;2026-02-09T21:53:40.468490+00:00;humidity;82.90
4854;DHT22;3628;6.559;3.386;2026-02-09T21:53:40.468490+00:00;temperature;31.90
4853;pms5003;3628;6.559;3.386;2026-02-09T21:58:57.675843+00:00;P2;29.00
4853;pms5003;3628;6.559;3.386;2026-02-09T21:58:57.675843+00:00;P1;44.00
4853;pms5003;3628;6.559;3.386;2026-02-09T21:58:57.675843+00:00;P0;16.25
4854;DHT22;3628;6.559;3.386;2026-02-09T21:59:15.153387+00:00;humidity;82.80
4854;DHT22;3628;6.559;3.386;2026-02-09T21:59:15.153387+00:00;temperature;31.90
4853;pms5003;3628;6.559;3.386;2026-02-09T22:04:32.565146+00:00;P2;29.75
4853;pms5003;3628;6.559;3.386;2026-02-09T22:04:32.565146+00:00;P1;31.25
4853;pms5003;3628;6.559;3.386;2026-02-09T22:04:32.565146+00:00;P0;19.00
4853;pms5003;3628;6.559;3.386;2026-02-09T22:10:07.402720+00:00;P2;29.00
4853;pms5003;3628;6.559;3.386;2026-02-09T22:10:07.402720+00:00;P1;33.00
4853;pms5003;3628;6.559;3.386;2026-02-09T22:10:07.402720+00:00;P0;20.00
4854;DHT22;3628;6.559;3.386;2026-02-09T22:10:25.000337+00:00;humidity;83.50
4854;DHT22;3628;6.559;3.386;2026-02-09T22:10:25.000337+00:00;temperature;31.80
4853;pms5003;3628;6.559;3.386;2026-02-09T22:15:42.272060+00:00;P2;26.25
4853;pms5003;3628;6.559;3.386;2026-02-09T22:15:42.272060+00:00;P1;31.50
4853;pms5003;3628;6.559;3.386;2026-02-09T22:15:42.272060+00:00;P0;18.50
4854;DHT22;3628;6.559;3.386;2026-02-09T22:15:59.949718+00:00;humidity;82.40
4854;DHT22;3628;6.559;3.386;2026-02-09T22:15:59.949718+00:00;temperature;31.90
4854;DHT22;3628;6.559;3.386;2026-02-09T22:26:50.671511+00:00;humidity;83.30
4854;DHT22;3628;6.559;3.386;2026-02-09T22:26:50.671511+00:00;temperature;31.80
4853;pms5003;3628;6.559;3.386;2026-02-09T22:32:07.982821+00:00;P2;31.80
4853;pms5003;3628;6.559;3.386;2026-02-09T22:32:07.982821+00:00;P1;37.40
4853;pms5003;3628;6.559;3.386;2026-02-09T22:32:07.982821+00:00;P0;19.80
4854;DHT22;3628;6.559;3.386;2026-02-09T22:32:25.517935+00:00;humidity;83.20
4854;DHT22;3628;6.559;3.386;2026-02-09T22:32:25.517935+00:00;temperature;31.80
4853;pms5003;3628;6.559;3.386;2026-02-09T22:37:42.873714+00:00;P2;35.00
4853;pms5003;3628;6.559;3.386;2026-02-09T22:37:42.873714+00:00;P1;47.00
4853;pms5003;3628;6.559;3.386;2026-02-09T22:37:42.873714+00:00;P0;22.00
4853;pms5003;3628;6.559;3.386;2026-02-09T22:43:09.885022+00:00;P2;38.67
4853;pms5003;3628;6.559;3.386;2026-02-09T22:43:09.885022+00:00;P1;57.00
4853;pms5003;3628;6.559;3.386;2026-02-09T22:43:09.885022+00:00;P0;24.00
4854;DHT22;3628;6.559;3.386;2026-02-09T22:43:27.445782+00:00;humidity;83.70
4854;DHT22;3628;6.559;3.386;2026-02-09T22:43:27.445782+00:00;temperature;31.80
4853;pms5003;3628;6.559;3.386;2026-02-09T22:48:44.723697+00:00;P2;38.00
4853;pms5003;3628;6.559;3.386;2026-02-09T22:48:44.723697+00:00;P1;55.00
4853;pms5003;3628;6.559;3.386;2026-02-09T22:48:44.723697+00:00;P0;23.67
4853;pms5003;3628;6.559;3.386;2026-02-09T22:54:08.446719+00:00;P2;37.40
4853;pms5003;3628;6.559;3.386;2026-02-09T22:54:08.446719+00:00;P1;55.80
4853;pms5003;3628;6.559;3.386;2026-02-09T22:54:08.446719+00:00;P0;23.80
4854;DHT22;3628;6.559;3.386;2026-02-09T22:54:25.888855+00:00;humidity;83.70
4854;DHT22;3628;6.559;3.386;2026-02-09T22:54:25.888855+00:00;temperature;31.80
4853;pms5003;3628;6.559;3.386;2026-02-09T22:59:43.125970+00:00;P2;44.00
4853;pms5003;3628;6.559;3.386;2026-02-09T22:59:43.125970+00:00;P1;60.50
4853;pms5003;3628;6.559;3.386;2026-02-09T22:59:43.125970+00:00;P0;26.50
4854;DHT22;3628;6.559;3.386;2026-02-09T23:00:00.549047+00:00;humidity;84.00
4854;DHT22;3628;6.559;3.386;2026-02-09T23:00:00.549047+00:00;temperature;31.70
4853;pms5003;3628;6.559;3.386;2026-02-09T23:05:17.765437+00:00;P2;44.00
4853;pms5003;3628;6.559;3.386;2026-02-09T23:05:17.765437+00:00;P1;62.00
4853;pms5003;3628;6.559;3.386;2026-02-09T23:05:17.765437+00:00;P0;28.00
4853;pms5003;3628;6.559;3.386;2026-02-09T23:10:52.513785+00:00;P2;44.00
4853;pms5003;3628;6.559;3.386;2026-02-09T23:10:52.513785+00:00;P1;61.75
4853;pms5003;3628;6.559;3.386;2026-02-09T23:10:52.513785+00:00;P0;27.25
4854;DHT22;3628;6.559;3.386;2026-02-09T23:17:21.022782+00:00;humidity;84.30
4854;DHT22;3628;6.559;3.386;2026-02-09T23:17:21.022782+00:00;temperature;31.60
4853;pms5003;3628;6.559;3.386;2026-02-09T23:22:38.245987+00:00;P2;39.00
4853;pms5003;3628;6.559;3.386;2026-02-09T23:22:38.245987+00:00;P1;55.75
4853;pms5003;3628;6.559;3.386;2026-02-09T23:22:38.245987+00:00;P0;25.00
4854;DHT22;3628;6.559;3.386;2026-02-09T23:22:55.674968+00:00;humidity;83.70
4854;DHT22;3628;6.559;3.386;2026-02-09T23:22:55.674968+00:00;temperature;31.80
4853;pms5003;3628;6.559;3.386;2026-02-09T23:28:12.873699+00:00;P2;38.75
4853;pms5003;3628;6.559;3.386;2026-02-09T23:28:12.873699+00:00;P1;51.50
4853;pms5003;3628;6.559;3.386;2026-02-09T23:28:12.873699+00:00;P0;22.75
4854;DHT22;3628;6.559;3.386;2026-02-09T23:28:30.274451+00:00;humidity;83.70
4854;DHT22;3628;6.559;3.386;2026-02-09T23:28:30.274451+00:00;temperature;31.70
4853;pms5003;3628;6.559;3.386;2026-02-09T23:33:47.480984+00:00;P2;30.00
4853;pms5003;3628;6.559;3.386;2026-02-09T23:33:47.480984+00:00;P1;34.00
4853;pms5003;3628;6.559;3.386;2026-02-09T23:33:47.480984+00:00;P0;20.00
4853;pms5003;3628;6.559;3.386;2026-02-09T23:44:24.710797+00:00;P2;26.25
4853;pms5003;3628;6.559;3.386;2026-02-09T23:44:24.710797+00:00;P1;33.00
4853;pms5003;3628;6.559;3.386;2026-02-09T23:44:24.710797+00:00;P0;19.25
4853;pms5003;3628;6.559;3.386;2026-02-09T23:49:48.437335+00:00;P2;25.40
4853;pms5003;3628;6.559;3.386;2026-02-09T23:49:48.437335+00:00;P1;37.40
4853;pms5003;3628;6.559;3.386;2026-02-09T23:49:48.437335+00:00;P0;16.40
4854;DHT22;3628;6.559;3.386;2026-02-09T23:50:05.980392+00:00;humidity;84.40
4854;DHT22;3628;6.559;3.386;2026-02-09T23:50:05.980392+00:00;temperature;31.50
4853;pms5003;3628;6.559;3.386;2026-02-09T23:55:23.189950+00:00;P2;29.67
4853;pms5003;3628;6.559;3.386;2026-02-09T23:55:23.189950+00:00;P1;34.67
4853;pms5003;3628;6.559;3.386;2026-02-09T23:55:23.189950+00:00;P0;17.67
4854;DHT22;3628;6.559;3.386;2026-02-09T23:55:40.578230+00:00;humidity;84.40
4854;DHT22;3628;6.559;3.386;2026-02-09T23:55:40.578230+00:00;temperature;31.50
4853;pms5003;3628;6.559;3.386;2026-02-10T00:00:57.847682+00:00;P2;31.80
4853;pms5003;3628;6.559;3.386;2026-02-10T00:00:57.847682+00:00;P1;44.00
4853;pms5003;3628;6.559;3.386;2026-02-10T00:00:57.847682+00:00;P0;21.00
4853;pms5003;3628;6.559;3.386;2026-02-10T00:06:32.437770+00:00;P2;33.00
4853;pms5003;3628;6.559;3.386;2026-02-10T00:06:32.437770+00:00;P1;43.25
4853;pms5003;3628;6.559;3.386;2026-02-10T00:06:32.437770+00:00;P0;22.00
4854;DHT22;3628;6.559;3.386;2026-02-10T00:06:49.998721+00:00;humidity;83.80
4854;DHT22;3628;6.559;3.386;2026-02-10T00:06:49.998721+00:00;temperature;31.50
4853;pms5003;3628;6.559;3.386;2026-02-10T00:12:07.169401+00:00;P2;29.00
4853;pms5003;3628;6.559;3.386;2026-02-10T00:12:07.169401+00:00;P1;30.60
4853;pms5003;3628;6.559;3.386;2026-02-10T00:12:07.169401+00:00;P0;20.00
4853;pms5003;3628;6.559;3.386;2026-02-10T00:17:31.147331+00:00;P2;30.00
4853;pms5003;3628;6.559;3.386;2026-02-10T00:17:31.147331+00:00;P1;46.00
4853;pms5003;3628;6.559;3.386;2026-02-10T00:17:31.147331+00:00;P0;20.00
4854;DHT22;3628;6.559;3.386;2026-02-10T00:17:48.583333+00:00;humidity;84.10
4854;DHT22;3628;6.559;3.386;2026-02-10T00:17:48.583333+00:00;temperature;31.50
4853;pms5003;3628;6.559;3.386;2026-02-10T00:23:05.859142+00:00;P2;29.60
4853;pms5003;3628;6.559;3.386;2026-02-10T00:23:05.859142+00:00;P1;32.60
4853;pms5003;3628;6.559;3.386;2026-02-10T00:23:05.859142+00:00;P0;19.60
4854;DHT22;3628;6.559;3.386;2026-02-10T00:23:23.230272+00:00;humidity;83.90
4854;DHT22;3628;6.559;3.386;2026-02-10T00:23:23.230272+00:00;temperature;31.50
4853;pms5003;3628;6.559;3.386;2026-02-10T00:33:54.426305+00:00;P2;32.00
4853;pms5003;3628;6.559;3.386;2026-02-10T00:33:54.426305+00:00;P1;45.67
4853;pms5003;3628;6.559;3.386;2026-02-10T00:33:54.426305+00:00;P0;22.00
4853;pms5003;3628;6.559;3.386;2026-02-10T00:44:42.804442+00:00;P2;31.50
4853;pms5003;3628;6.559;3.386;2026-02-10T00:44:42.804442+00:00;P1;46.25
4853;pms5003;3628;6.559;3.386;2026-02-10T00:44:42.804442+00:00;P0;21.00
4854;DHT22;3628;6.559;3.386;2026-02-10T00:45:00.556596+00:00;humidity;84.30
4854;DHT22;3628;6.559;3.386;2026-02-10T00:45:00.556596+00:00;temperature;31.40
4853;pms5003;3628;6.559;3.386;2026-02-10T00:50:17.460671+00:00;P2;35.25
4853;pms5003;3628;6.559;3.386;2026-02-10T00:50:17.460671+00:00;P1;47.00
4853;pms5003;3628;6.559;3.386;2026-02-10T00:50:17.460671+00:00;P0;24.25
4854;DHT22;3628;6.559;3.386;2026-02-10T00:50:34.845876+00:00;humidity;84.40
4854;DHT22;3628;6.559;3.386;2026-02-10T00:50:34.845876+00:00;temperature;31.40
4853;pms5003;3628;6.559;3.386;2026-02-10T00:55:52.141775+00:00;P2;33.50
4853;pms5003;3628;6.559;3.386;2026-02-10T00:55:52.141775+00:00;P1;40.75
4853;pms5003;3628;6.559;3.386;2026-02-10T00:55:52.141775+00:00;P0;22.00
4854;DHT22;3628;6.559;3.386;2026-02-10T00:56:09.782651+00:00;humidity;84.40
4854;DHT22;3628;6.559;3.386;2026-02-10T00:56:09.782651+00:00;temperature;31.40
4853;pms5003;3628;6.559;3.386;2026-02-10T01:01:26.873189+00:00;P2;32.00
4853;pms5003;3628;6.559;3.386;2026-02-10T01:01:26.873189+00:00;P1;48.00
4853;pms5003;3628;6.559;3.386;2026-02-10T01:01:26.873189+00:00;P0;21.75
4854;DHT22;3628;6.559;3.386;2026-02-10T01:01:44.331237+00:00;humidity;85.10
4854;DHT22;3628;6.559;3.386;2026-02-10T01:01:44.331237+00:00;temperature;31.40
4853;pms5003;3628;6.559;3.386;2026-02-10T01:07:01.671880+00:00;P2;30.50
4853;pms5003;3628;6.559;3.386;2026-02-10T01:07:01.671880+00:00;P1;39.50
4853;pms5003;3628;6.559;3.386;2026-02-10T01:07:01.671880+00:00;P0;19.50
4854;DHT22;3628;6.559;3.386;2026-02-10T01:07:19.219454+00:00;humidity;85.70
4854;DHT22;3628;6.559;3.386;2026-02-10T01:07:19.219454+00:00;temperature;31.30
4853;pms5003;3628;6.559;3.386;2026-02-10T01:12:36.388387+00:00;P2;32.00
4853;pms5003;3628;6.559;3.386;2026-02-10T01:12:36.388387+00:00;P1;34.00
4853;pms5003;3628;6.559;3.386;2026-02-10T01:12:36.388387+00:00;P0;22.00
4854;DHT22;3628;6.559;3.386;2026-02-10T01:12:53.821874+00:00;humidity;85.70
4854;DHT22;3628;6.559;3.386;2026-02-10T01:12:53.821874+00:00;temperature;31.30
4853;pms5003;3628;6.559;3.386;2026-02-10T01:18:11.042780+00:00;P2;29.00
4853;pms5003;3628;6.559;3.386;2026-02-10T01:18:11.042780+00:00;P1;46.75
4853;pms5003;3628;6.559;3.386;2026-02-10T01:18:11.042780+00:00;P0;20.00
4854;DHT22;3628;6.559;3.386;2026-02-10T01:18:28.433532+00:00;humidity;85.90
4854;DHT22;3628;6.559;3.386;2026-02-10T01:18:28.433532+00:00;temperature;31.30
4853;pms5003;3628;6.559;3.386;2026-02-10T01:23:45.647722+00:00;P2;28.50
4853;pms5003;3628;6.559;3.386;2026-02-10T01:23:45.647722+00:00;P1;30.00
4853;pms5003;3628;6.559;3.386;2026-02-10T01:23:45.647722+00:00;P0;17.50
4854;DHT22;3628;6.559;3.386;2026-02-10T01:24:03.108037+00:00;humidity;85.90
4854;DHT22;3628;6.559;3.386;2026-02-10T01:24:03.108037+00:00;temperature;31.30
4853;pms5003;3628;6.559;3.386;2026-02-10T01:29:20.646936+00:00;P2;31.00
4853;pms5003;3628;6.559;3.386;2026-02-10T01:29:20.646936+00:00;P1;47.25
4853;pms5003;3628;6.559;3.386;2026-02-10T01:29:20.646936+00:00;P0;20.50
4853;pms5003;3628;6.559;3.386;2026-02-10T01:34:44.499123+00:00;P2;28.20
4853;pms5003;3628;6.559;3.386;2026-02-10T01:34:44.499123+00:00;P1;31.20
4853;pms5003;3628;6.559;3.386;2026-02-10T01:34:44.499123+00:00;P0;19.20
4854;DHT22;3628;6.559;3.386;2026-02-10T01:35:01.976007+00:00;humidity;85.70
4854;DHT22;3628;6.559;3.386;2026-02-10T01:35:01.976007+00:00;temperature;31.30
4854;DHT22;3628;6.559;3.386;2026-02-10T01:40:36.911214+00:00;humidity;86.00
4854;DHT22;3628;6.559;3.386;2026-02-10T01:40:36.911214+00:00;temperature;31.20
4854;DHT22;3628;6.559;3.386;2026-02-10T01:46:00.643057+00:00;humidity;85.90
4854;DHT22;3628;6.559;3.386;2026-02-10T01:46:00.643057+00:00;temperature;31.20
4854;DHT22;3628;6.559;3.386;2026-02-10T01:51:24.429473+00:00;humidity;86.20
4854;DHT22;3628;6.559;3.386;2026-02-10T01:51:24.429473+00:00;temperature;31.20
4853;pms5003;3628;6.559;3.386;2026-02-10T01:56:41.625013+00:00;P2;28.00
4853;pms5003;3628;6.559;3.386;2026-02-10T01:56:41.625013+00:00;P1;41.25
4853;pms5003;3628;6.559;3.386;2026-02-10T01:56:41.625013+00:00;P0;18.25
4853;pms5003;3628;6.559;3.386;2026-02-10T02:02:05.732717+00:00;P2;27.80
4853;pms5003;3628;6.559;3.386;2026-02-10T02:02:05.732717+00:00;P1;33.20
4853;pms5003;3628;6.559;3.386;2026-02-10T02:02:05.732717+00:00;P0;18.20
4854;DHT22;3628;6.559;3.386;2026-02-10T02:02:23.200556+00:00;humidity;86.40
4854;DHT22;3628;6.559;3.386;2026-02-10T02:02:23.200556+00:00;temperature;31.20
4853;pms5003;3628;6.559;3.386;2026-02-10T02:07:40.373795+00:00;P2;25.50
4853;pms5003;3628;6.559;3.386;2026-02-10T02:07:40.373795+00:00;P1;29.50
4853;pms5003;3628;6.559;3.386;2026-02-10T02:07:40.373795+00:00;P0;17.00
4854;DHT22;3628;6.559;3.386;2026-02-10T02:07:57.903594+00:00;humidity;85.90
4854;DHT22;3628;6.559;3.386;2026-02-10T02:07:57.903594+00:00;temperature;31.20
4853;pms5003;3628;6.559;3.386;2026-02-10T02:13:15.133972+00:00;P2;24.25
4853;pms5003;3628;6.559;3.386;2026-02-10T02:13:15.133972+00:00;P1;31.50
4853;pms5003;3628;6.559;3.386;2026-02-10T02:13:15.133972+00:00;P0;16.00
4853;pms5003;3628;6.559;3.386;2026-02-10T02:18:42.114928+00:00;P2;27.00
4853;pms5003;3628;6.559;3.386;2026-02-10T02:18:42.114928+00:00;P1;36.00
4853;pms5003;3628;6.559;3.386;2026-02-10T02:18:42.114928+00:00;P0;16.50
4853;pms5003;3628;6.559;3.386;2026-02-10T02:24:06.248590+00:00;P2;31.00
4853;pms5003;3628;6.559;3.386;2026-02-10T02:24:06.248590+00:00;P1;43.50
4853;pms5003;3628;6.559;3.386;2026-02-10T02:24:06.248590+00:00;P0;19.50
4854;DHT22;3628;6.559;3.386;2026-02-10T02:24:23.498459+00:00;humidity;85.70
4854;DHT22;3628;6.559;3.386;2026-02-10T02:24:23.498459+00:00;temperature;31.40
4854;DHT22;3628;6.559;3.386;2026-02-10T02:29:47.618238+00:00;humidity;85.80
4854;DHT22;3628;6.559;3.386;2026-02-10T02:29:47.618238+00:00;temperature;31.40
4853;pms5003;3628;6.559;3.386;2026-02-10T02:35:04.814339+00:00;P2;30.00
4853;pms5003;3628;6.559;3.386;2026-02-10T02:35:04.814339+00:00;P1;39.20
4853;pms5003;3628;6.559;3.386;2026-02-10T02:35:04.814339+00:00;P0;19.60
4854;DHT22;3628;6.559;3.386;2026-02-10T02:35:22.197640+00:00;humidity;85.60
4854;DHT22;3628;6.559;3.386;2026-02-10T02:35:22.197640+00:00;temperature;31.50
4853;pms5003;3628;6.559;3.386;2026-02-10T02:40:39.427718+00:00;P2;35.67
4853;pms5003;3628;6.559;3.386;2026-02-10T02:40:39.427718+00:00;P1;46.67
4853;pms5003;3628;6.559;3.386;2026-02-10T02:40:39.427718+00:00;P0;24.00
4854;DHT22;3628;6.559;3.386;2026-02-10T02:40:57.001711+00:00;humidity;85.50
4854;DHT22;3628;6.559;3.386;2026-02-10T02:40:57.001711+00:00;temperature;31.50
4854;DHT22;3628;6.559;3.386;2026-02-10T02:46:21.295348+00:00;humidity;85.30
4854;DHT22;3628;6.559;3.386;2026-02-10T02:46:21.295348+00:00;temperature;31.60
4853;pms5003;3628;6.559;3.386;2026-02-10T02:51:38.580078+00:00;P2;34.00
4853;pms5003;3628;6.559;3.386;2026-02-10T02:51:38.580078+00:00;P1;49.00
4853;pms5003;3628;6.559;3.386;2026-02-10T02:51:38.580078+00:00;P0;23.00
4853;pms5003;3628;6.559;3.386;2026-02-10T02:57:03.066729+00:00;P2;40.00
4853;pms5003;3628;6.559;3.386;2026-02-10T02:57:03.066729+00:00;P1;52.67
4853;pms5003;3628;6.559;3.386;2026-02-10T02:57:03.066729+00:00;P0;26.33
4853;pms5003;3628;6.559;3.386;2026-02-10T03:02:27.196359+00:00;P2;40.50
4853;pms5003;3628;6.559;3.386;2026-02-10T03:02:27.196359+00:00;P1;55.50
4853;pms5003;3628;6.559;3.386;2026-02-10T03:02:27.196359+00:00;P0;26.00
4854;DHT22;3628;6.559;3.386;2026-02-10T03:02:44.619567+00:00;humidity;86.40
4854;DHT22;3628;6.559;3.386;2026-02-10T03:02:44.619567+00:00;temperature;31.30
4853;pms5003;3628;6.559;3.386;2026-02-10T03:08:01.873953+00:00;P2;56.25
4853;pms5003;3628;6.559;3.386;2026-02-10T03:08:01.873953+00:00;P1;75.50
4853;pms5003;3628;6.559;3.386;2026-02-10T03:08:01.873953+00:00;P0;36.50
4854;DHT22;3628;6.559;3.386;2026-02-10T03:08:19.303790+00:00;humidity;90.40
4854;DHT22;3628;6.559;3.386;2026-02-10T03:08:19.303790+00:00;temperature;30.80
4853;pms5003;3628;6.559;3.386;2026-02-10T17:59:46.681284+00:00;P2;42.75
4853;pms5003;3628;6.559;3.386;2026-02-10T17:59:46.681284+00:00;P1;54.50
4853;pms5003;3628;6.559;3.386;2026-02-10T17:59:46.681284+00:00;P0;27.50
4854;DHT22;3628;6.559;3.386;2026-02-10T18:00:04.100575+00:00;humidity;85.30
4854;DHT22;3628;6.559;3.386;2026-02-10T18:00:04.100575+00:00;temperature;28.80
4854;DHT22;3628;6.559;3.386;2026-02-10T18:38:29.859984+00:00;humidity;82.00
4854;DHT22;3628;6.559;3.386;2026-02-10T18:38:29.859984+00:00;temperature;30.10
4853;pms5003;3628;6.559;3.386;2026-02-10T18:43:47.108511+00:00;P2;49.40
4853;pms5003;3628;6.559;3.386;2026-02-10T18:43:47.108511+00:00;P1;67.00
4853;pms5003;3628;6.559;3.386;2026-02-10T18:43:47.108511+00:00;P0;33.00
4854;DHT22;3628;6.559;3.386;2026-02-10T18:44:07.452971+00:00;humidity;83.00
4854;DHT22;3628;6.559;3.386;2026-02-10T18:44:07.452971+00:00;temperature;30.00
4854;DHT22;3628;6.559;3.386;2026-02-10T18:49:31.535003+00:00;humidity;83.40
4854;DHT22;3628;6.559;3.386;2026-02-10T18:49:31.535003+00:00;temperature;29.90
4854;DHT22;3628;6.559;3.386;2026-02-11T08:58:38.582585+00:00;humidity;73.10
4854;DHT22;3628;6.559;3.386;2026-02-11T08:58:38.582585+00:00;temperature;34.30
4853;pms5003;3628;6.559;3.386;2026-02-11T09:03:55.834641+00:00;P2;53.20
4853;pms5003;3628;6.559;3.386;2026-02-11T09:03:55.834641+00:00;P1;67.80
4853;pms5003;3628;6.559;3.386;2026-02-11T09:03:55.834641+00:00;P0;36.00
4853;pms5003;3628;6.559;3.386;2026-02-11T09:09:19.823678+00:00;P2;56.00
4853;pms5003;3628;6.559;3.386;2026-02-11T09:09:19.823678+00:00;P1;71.00
4853;pms5003;3628;6.559;3.386;2026-02-11T09:09:19.823678+00:00;P0;36.50
4854;DHT22;3628;6.559;3.386;2026-02-11T09:09:37.213523+00:00;humidity;69.30
4854;DHT22;3628;6.559;3.386;2026-02-11T09:09:37.213523+00:00;temperature;35.80
4853;pms5003;3628;6.559;3.386;2026-02-11T09:14:54.452863+00:00;P2;49.00
4853;pms5003;3628;6.559;3.386;2026-02-11T09:14:54.452863+00:00;P1;66.00
4853;pms5003;3628;6.559;3.386;2026-02-11T09:14:54.452863+00:00;P0;33.40
4854;DHT22;3628;6.559;3.386;2026-02-11T09:15:11.927072+00:00;humidity;68.90
4854;DHT22;3628;6.559;3.386;2026-02-11T09:15:11.927072+00:00;temperature;35.60
4853;pms5003;3628;6.559;3.386;2026-02-11T09:22:45.147295+00:00;P2;31.25
4853;pms5003;3628;6.559;3.386;2026-02-11T09:22:45.147295+00:00;P1;39.75
4853;pms5003;3628;6.559;3.386;2026-02-11T09:22:45.147295+00:00;P0;20.00
4853;pms5003;3628;6.559;3.386;2026-02-11T09:33:37.197975+00:00;P2;31.00
4853;pms5003;3628;6.559;3.386;2026-02-11T09:33:37.197975+00:00;P1;42.25
4853;pms5003;3628;6.559;3.386;2026-02-11T09:33:37.197975+00:00;P0;21.50
4853;pms5003;3628;6.559;3.386;2026-02-11T09:39:01.238864+00:00;P2;29.00
4853;pms5003;3628;6.559;3.386;2026-02-11T09:39:01.238864+00:00;P1;32.50
4853;pms5003;3628;6.559;3.386;2026-02-11T09:39:01.238864+00:00;P0;20.00
4854;DHT22;3628;6.559;3.386;2026-02-11T09:39:18.652032+00:00;humidity;62.90
4854;DHT22;3628;6.559;3.386;2026-02-11T09:39:18.652032+00:00;temperature;37.20
4853;pms5003;3628;6.559;3.386;2026-02-11T09:44:36.044014+00:00;P2;26.00
4853;pms5003;3628;6.559;3.386;2026-02-11T09:44:36.044014+00:00;P1;27.00
4853;pms5003;3628;6.559;3.386;2026-02-11T09:44:36.044014+00:00;P0;17.00
4854;DHT22;3628;6.559;3.386;2026-02-11T09:44:53.487978+00:00;humidity;61.50
4854;DHT22;3628;6.559;3.386;2026-02-11T09:44:53.487978+00:00;temperature;37.30
4854;DHT22;3628;6.559;3.386;2026-02-11T09:50:28.333677+00:00;humidity;59.60
4854;DHT22;3628;6.559;3.386;2026-02-11T09:50:28.333677+00:00;temperature;37.30
4853;pms5003;3628;6.559;3.386;2026-02-11T09:55:45.501742+00:00;P2;45.25
4853;pms5003;3628;6.559;3.386;2026-02-11T09:55:45.501742+00:00;P1;61.25
4853;pms5003;3628;6.559;3.386;2026-02-11T09:55:45.501742+00:00;P0;30.75
4854;DHT22;3628;6.559;3.386;2026-02-11T09:56:02.923339+00:00;humidity;60.00
4854;DHT22;3628;6.559;3.386;2026-02-11T09:56:02.923339+00:00;temperature;37.70
4853;pms5003;3628;6.559;3.386;2026-02-11T10:06:44.715041+00:00;P2;45.00
4853;pms5003;3628;6.559;3.386;2026-02-11T10:06:44.715041+00:00;P1;59.33
4853;pms5003;3628;6.559;3.386;2026-02-11T10:06:44.715041+00:00;P0;29.00
4853;pms5003;3628;6.559;3.386;2026-02-11T10:12:09.569314+00:00;P2;50.00
4853;pms5003;3628;6.559;3.386;2026-02-11T10:12:09.569314+00:00;P1;67.67
4853;pms5003;3628;6.559;3.386;2026-02-11T10:12:09.569314+00:00;P0;34.00
4853;pms5003;3628;6.559;3.386;2026-02-11T10:17:43.804475+00:00;P2;48.00
4853;pms5003;3628;6.559;3.386;2026-02-11T10:17:43.804475+00:00;P1;64.25
4853;pms5003;3628;6.559;3.386;2026-02-11T10:17:43.804475+00:00;P0;32.75
4853;pms5003;3628;6.559;3.386;2026-02-11T10:23:08.086564+00:00;P2;48.50
4853;pms5003;3628;6.559;3.386;2026-02-11T10:23:08.086564+00:00;P1;60.50
4853;pms5003;3628;6.559;3.386;2026-02-11T10:23:08.086564+00:00;P0;33.00
4854;DHT22;3628;6.559;3.386;2026-02-11T10:23:25.527200+00:00;humidity;61.10
4854;DHT22;3628;6.559;3.386;2026-02-11T10:23:25.527200+00:00;temperature;37.20
4853;pms5003;3628;6.559;3.386;2026-02-11T10:55:17.421636+00:00;P2;58.50
4853;pms5003;3628;6.559;3.386;2026-02-11T10:55:17.421636+00:00;P1;74.75
4853;pms5003;3628;6.559;3.386;2026-02-11T10:55:17.421636+00:00;P0;38.25
4854;DHT22;3628;6.559;3.386;2026-02-11T10:55:34.886987+00:00;humidity;53.80
4854;DHT22;3628;6.559;3.386;2026-02-11T10:55:34.886987+00:00;temperature;38.80
4854;DHT22;3628;6.559;3.386;2026-02-11T11:00:52.242375+00:00;P2;46.25
4854;DHT22;3628;6.559;3.386;2026-02-11T11:00:52.242375+00:00;P1;61.00
4854;DHT22;3628;6.559;3.386;2026-02-11T11:00:52.242375+00:00;P0;31.50
4854;DHT22;3628;6.559;3.386;2026-02-11T11:06:29.775924+00:00;humidity;57.60
4854;DHT22;3628;6.559;3.386;2026-02-11T11:06:29.775924+00:00;temperature;37.80
4853;pms5003;3628;6.559;3.386;2026-02-11T11:11:46.942303+00:00;P2;50.00
4853;pms5003;3628;6.559;3.386;2026-02-11T11:11:46.942303+00:00;P1;67.80
4853;pms5003;3628;6.559;3.386;2026-02-11T11:11:46.942303+00:00;P0;33.80
4854;DHT22;3628;6.559;3.386;2026-02-11T11:12:04.360974+00:00;humidity;57.70
4854;DHT22;3628;6.559;3.386;2026-02-11T11:12:04.360974+00:00;temperature;37.80
4854;DHT22;3628;6.559;3.386;2026-02-11T11:17:28.455502+00:00;humidity;59.60
4854;DHT22;3628;6.559;3.386;2026-02-11T11:17:28.455502+00:00;temperature;37.10
4853;pms5003;3628;6.559;3.386;2026-02-11T11:22:45.822634+00:00;P2;42.00
4853;pms5003;3628;6.559;3.386;2026-02-11T11:22:45.822634+00:00;P1;52.50
4853;pms5003;3628;6.559;3.386;2026-02-11T11:22:45.822634+00:00;P0;28.50
4854;DHT22;3628;6.559;3.386;2026-02-11T11:28:27.240916+00:00;humidity;58.30
4854;DHT22;3628;6.559;3.386;2026-02-11T11:28:27.240916+00:00;temperature;37.50
4853;pms5003;3628;6.559;3.386;2026-02-11T11:33:44.569778+00:00;P2;44.75
4853;pms5003;3628;6.559;3.386;2026-02-11T11:33:44.569778+00:00;P1;60.50
4853;pms5003;3628;6.559;3.386;2026-02-11T11:33:44.569778+00:00;P0;29.50
4854;DHT22;3628;6.559;3.386;2026-02-11T11:34:02.089670+00:00;humidity;60.80
4854;DHT22;3628;6.559;3.386;2026-02-11T11:34:02.089670+00:00;temperature;36.90
4853;pms5003;3628;6.559;3.386;2026-02-11T11:39:19.394902+00:00;P2;37.60
4853;pms5003;3628;6.559;3.386;2026-02-11T11:39:19.394902+00:00;P1;51.20
4853;pms5003;3628;6.559;3.386;2026-02-11T11:39:19.394902+00:00;P0;25.20
4854;DHT22;3628;6.559;3.386;2026-02-11T11:39:36.872371+00:00;humidity;60.90
4854;DHT22;3628;6.559;3.386;2026-02-11T11:39:36.872371+00:00;temperature;37.10
4853;pms5003;3628;6.559;3.386;2026-02-11T11:44:54.077000+00:00;P2;42.00
4853;pms5003;3628;6.559;3.386;2026-02-11T11:44:54.077000+00:00;P1;50.00
4853;pms5003;3628;6.559;3.386;2026-02-11T11:44:54.077000+00:00;P0;27.00
4854;DHT22;3628;6.559;3.386;2026-02-11T11:45:11.553180+00:00;humidity;57.60
4854;DHT22;3628;6.559;3.386;2026-02-11T11:45:11.553180+00:00;temperature;38.10
4854;DHT22;3628;6.559;3.386;2026-02-11T11:50:35.899936+00:00;humidity;57.30
4854;DHT22;3628;6.559;3.386;2026-02-11T11:50:35.899936+00:00;temperature;38.00
4853;pms5003;3628;6.559;3.386;2026-02-11T11:55:53.091029+00:00;P2;38.00
4853;pms5003;3628;6.559;3.386;2026-02-11T11:55:53.091029+00:00;P1;54.50
4853;pms5003;3628;6.559;3.386;2026-02-11T11:55:53.091029+00:00;P0;27.00
4854;DHT22;3628;6.559;3.386;2026-02-11T11:56:10.429791+00:00;humidity;58.90
4854;DHT22;3628;6.559;3.386;2026-02-11T11:56:10.429791+00:00;temperature;37.20
4853;pms5003;3628;6.559;3.386;2026-02-11T12:01:27.603201+00:00;P2;38.75
4853;pms5003;3628;6.559;3.386;2026-02-11T12:01:27.603201+00:00;P1;50.00
4853;pms5003;3628;6.559;3.386;2026-02-11T12:01:27.603201+00:00;P0;27.00
4854;DHT22;3628;6.559;3.386;2026-02-11T12:01:44.933223+00:00;humidity;59.70
4854;DHT22;3628;6.559;3.386;2026-02-11T12:01:44.933223+00:00;temperature;37.00
4854;DHT22;3628;6.559;3.386;2026-02-11T12:07:09.018731+00:00;humidity;61.30
4854;DHT22;3628;6.559;3.386;2026-02-11T12:07:09.018731+00:00;temperature;36.30
4853;pms5003;3628;6.559;3.386;2026-02-11T12:12:26.241972+00:00;P2;39.20
4853;pms5003;3628;6.559;3.386;2026-02-11T12:12:26.241972+00:00;P1;54.00
4853;pms5003;3628;6.559;3.386;2026-02-11T12:12:26.241972+00:00;P0;25.00
4853;pms5003;3628;6.559;3.386;2026-02-11T12:17:50.505946+00:00;P2;40.25
4853;pms5003;3628;6.559;3.386;2026-02-11T12:17:50.505946+00:00;P1;52.25
4853;pms5003;3628;6.559;3.386;2026-02-11T12:17:50.505946+00:00;P0;27.00
4854;DHT22;3628;6.559;3.386;2026-02-11T12:18:07.863310+00:00;humidity;58.50
4854;DHT22;3628;6.559;3.386;2026-02-11T12:18:07.863310+00:00;temperature;37.50
4854;DHT22;3628;6.559;3.386;2026-02-11T12:23:42.654319+00:00;humidity;58.40
4854;DHT22;3628;6.559;3.386;2026-02-11T12:23:42.654319+00:00;temperature;37.50
4853;pms5003;3628;6.559;3.386;2026-02-11T12:28:59.839683+00:00;P2;46.33
4853;pms5003;3628;6.559;3.386;2026-02-11T12:28:59.839683+00:00;P1;64.33
4853;pms5003;3628;6.559;3.386;2026-02-11T12:28:59.839683+00:00;P0;30.67
4854;DHT22;3628;6.559;3.386;2026-02-11T12:29:17.240822+00:00;humidity;59.10
4854;DHT22;3628;6.559;3.386;2026-02-11T12:29:17.240822+00:00;temperature;37.30
4854;DHT22;3628;6.559;3.386;2026-02-11T12:40:04.865894+00:00;humidity;57.10
4854;DHT22;3628;6.559;3.386;2026-02-11T12:40:04.865894+00:00;temperature;38.20
4853;pms5003;3628;6.559;3.386;2026-02-11T12:45:22.025574+00:00;P2;44.60
4853;pms5003;3628;6.559;3.386;2026-02-11T12:45:22.025574+00:00;P1;60.60
4853;pms5003;3628;6.559;3.386;2026-02-11T12:45:22.025574+00:00;P0;30.00
4853;pms5003;3628;6.559;3.386;2026-02-11T12:50:46.223783+00:00;P2;43.75
4853;pms5003;3628;6.559;3.386;2026-02-11T12:50:46.223783+00:00;P1;60.75
4853;pms5003;3628;6.559;3.386;2026-02-11T12:50:46.223783+00:00;P0;29.25
4854;DHT22;3628;6.559;3.386;2026-02-11T12:51:06.464851+00:00;humidity;56.60
4854;DHT22;3628;6.559;3.386;2026-02-11T12:51:06.464851+00:00;temperature;38.90
4854;DHT22;3628;6.559;3.386;2026-02-11T12:56:30.237712+00:00;humidity;55.40
4854;DHT22;3628;6.559;3.386;2026-02-11T12:56:30.237712+00:00;temperature;39.50
4853;pms5003;3628;6.559;3.386;2026-02-11T13:01:47.498959+00:00;P2;44.67
4853;pms5003;3628;6.559;3.386;2026-02-11T13:01:47.498959+00:00;P1;57.33
4853;pms5003;3628;6.559;3.386;2026-02-11T13:01:47.498959+00:00;P0;29.00
4854;DHT22;3628;6.559;3.386;2026-02-11T13:02:07.725542+00:00;humidity;55.10
4854;DHT22;3628;6.559;3.386;2026-02-11T13:02:07.725542+00:00;temperature;39.30
4853;pms5003;3628;6.559;3.386;2026-02-11T13:07:24.964793+00:00;P2;44.00
4853;pms5003;3628;6.559;3.386;2026-02-11T13:07:24.964793+00:00;P1;58.60
4853;pms5003;3628;6.559;3.386;2026-02-11T13:07:24.964793+00:00;P0;30.00
4854;DHT22;3628;6.559;3.386;2026-02-11T13:07:42.379931+00:00;humidity;54.40
4854;DHT22;3628;6.559;3.386;2026-02-11T13:07:42.379931+00:00;temperature;39.50
4853;pms5003;3628;6.559;3.386;2026-02-11T13:18:23.226895+00:00;P2;46.00
4853;pms5003;3628;6.559;3.386;2026-02-11T13:18:23.226895+00:00;P1;60.60
4853;pms5003;3628;6.559;3.386;2026-02-11T13:18:23.226895+00:00;P0;32.00
4854;DHT22;3628;6.559;3.386;2026-02-11T13:18:40.692833+00:00;humidity;56.50
4854;DHT22;3628;6.559;3.386;2026-02-11T13:18:40.692833+00:00;temperature;38.90
4853;pms5003;3628;6.559;3.386;2026-02-11T13:23:57.859976+00:00;P2;45.75
4853;pms5003;3628;6.559;3.386;2026-02-11T13:23:57.859976+00:00;P1;62.25
4853;pms5003;3628;6.559;3.386;2026-02-11T13:23:57.859976+00:00;P0;30.75
4854;DHT22;3628;6.559;3.386;2026-02-11T13:24:15.254364+00:00;humidity;56.60
4854;DHT22;3628;6.559;3.386;2026-02-11T13:24:15.254364+00:00;temperature;39.00
4854;DHT22;3628;6.559;3.386;2026-02-11T13:29:39.726149+00:00;humidity;56.60
4854;DHT22;3628;6.559;3.386;2026-02-11T13:29:39.726149+00:00;temperature;39.00
4854;DHT22;3628;6.559;3.386;2026-02-11T13:35:03.346562+00:00;humidity;58.20
4854;DHT22;3628;6.559;3.386;2026-02-11T13:35:03.346562+00:00;temperature;38.20
4854;DHT22;3628;6.559;3.386;2026-02-11T13:40:37.969901+00:00;humidity;58.10
4854;DHT22;3628;6.559;3.386;2026-02-11T13:40:37.969901+00:00;temperature;38.40
4853;pms5003;3628;6.559;3.386;2026-02-11T13:45:55.149941+00:00;P2;52.00
4853;pms5003;3628;6.559;3.386;2026-02-11T13:45:55.149941+00:00;P1;67.00
4853;pms5003;3628;6.559;3.386;2026-02-11T13:45:55.149941+00:00;P0;34.00
4854;DHT22;3628;6.559;3.386;2026-02-11T13:46:12.521006+00:00;humidity;59.10
4854;DHT22;3628;6.559;3.386;2026-02-11T13:46:12.521006+00:00;temperature;37.80
4853;pms5003;3628;6.559;3.386;2026-02-11T13:51:29.718988+00:00;P2;48.00
4853;pms5003;3628;6.559;3.386;2026-02-11T13:51:29.718988+00:00;P1;65.00
4853;pms5003;3628;6.559;3.386;2026-02-11T13:51:29.718988+00:00;P0;34.00
4854;DHT22;3628;6.559;3.386;2026-02-11T13:51:47.204015+00:00;humidity;58.40
4854;DHT22;3628;6.559;3.386;2026-02-11T13:51:47.204015+00:00;temperature;37.80
4854;DHT22;3628;6.559;3.386;2026-02-11T13:57:21.925451+00:00;humidity;57.90
4854;DHT22;3628;6.559;3.386;2026-02-11T13:57:21.925451+00:00;temperature;37.60
4853;pms5003;3628;6.559;3.386;2026-02-11T14:08:03.017071+00:00;P2;51.50
4853;pms5003;3628;6.559;3.386;2026-02-11T14:08:03.017071+00:00;P1;67.75
4853;pms5003;3628;6.559;3.386;2026-02-11T14:08:03.017071+00:00;P0;33.00
4854;DHT22;3628;6.559;3.386;2026-02-11T14:08:20.338544+00:00;humidity;58.30
4854;DHT22;3628;6.559;3.386;2026-02-11T14:08:20.338544+00:00;temperature;37.80
4854;DHT22;3628;6.559;3.386;2026-02-11T14:13:44.203641+00:00;humidity;58.90
4854;DHT22;3628;6.559;3.386;2026-02-11T14:13:44.203641+00:00;temperature;37.50
4853;pms5003;3628;6.559;3.386;2026-02-11T14:19:01.453949+00:00;P2;56.25
4853;pms5003;3628;6.559;3.386;2026-02-11T14:19:01.453949+00:00;P1;69.25
4853;pms5003;3628;6.559;3.386;2026-02-11T14:19:01.453949+00:00;P0;36.00
4854;DHT22;3628;6.559;3.386;2026-02-11T14:19:18.792913+00:00;humidity;58.90
4854;DHT22;3628;6.559;3.386;2026-02-11T14:19:18.792913+00:00;temperature;37.60
4853;pms5003;3628;6.559;3.386;2026-02-11T14:24:35.996294+00:00;P2;59.00
4853;pms5003;3628;6.559;3.386;2026-02-11T14:24:35.996294+00:00;P1;75.00
4853;pms5003;3628;6.559;3.386;2026-02-11T14:24:35.996294+00:00;P0;39.00
4854;DHT22;3628;6.559;3.386;2026-02-11T14:24:53.314119+00:00;humidity;61.60
4854;DHT22;3628;6.559;3.386;2026-02-11T14:24:53.314119+00:00;temperature;37.40
4854;DHT22;3628;6.559;3.386;2026-02-11T14:30:17.217617+00:00;humidity;62.70
4854;DHT22;3628;6.559;3.386;2026-02-11T14:30:17.217617+00:00;temperature;36.70
4854;DHT22;3628;6.559;3.386;2026-02-11T14:35:51.898303+00:00;humidity;61.30
4854;DHT22;3628;6.559;3.386;2026-02-11T14:35:51.898303+00:00;temperature;36.50
4854;DHT22;3628;6.559;3.386;2026-02-11T14:41:26.786758+00:00;humidity;57.10
4854;DHT22;3628;6.559;3.386;2026-02-11T14:41:26.786758+00:00;temperature;38.30
4854;DHT22;3628;6.559;3.386;2026-02-11T14:46:51.139587+00:00;humidity;58.20
4854;DHT22;3628;6.559;3.386;2026-02-11T14:46:51.139587+00:00;temperature;37.80
4853;pms5003;3628;6.559;3.386;2026-02-11T14:52:08.450250+00:00;P2;38.40
4853;pms5003;3628;6.559;3.386;2026-02-11T14:52:08.450250+00:00;P1;53.00
4853;pms5003;3628;6.559;3.386;2026-02-11T14:52:08.450250+00:00;P0;25.40
4854;DHT22;3628;6.559;3.386;2026-02-11T14:57:39.119159+00:00;humidity;56.80
4854;DHT22;3628;6.559;3.386;2026-02-11T14:57:39.119159+00:00;temperature;38.80
4853;pms5003;3628;6.559;3.386;2026-02-11T15:13:36.484881+00:00;P2;47.25
4853;pms5003;3628;6.559;3.386;2026-02-11T15:13:36.484881+00:00;P1;63.75
4853;pms5003;3628;6.559;3.386;2026-02-11T15:13:36.484881+00:00;P0;31.25
4854;DHT22;3628;6.559;3.386;2026-02-11T15:13:53.876927+00:00;humidity;54.60
4854;DHT22;3628;6.559;3.386;2026-02-11T15:13:53.876927+00:00;temperature;39.00
4853;pms5003;3628;6.559;3.386;2026-02-11T15:19:11.140760+00:00;P2;29.25
4853;pms5003;3628;6.559;3.386;2026-02-11T15:19:11.140760+00:00;P1;36.75
4853;pms5003;3628;6.559;3.386;2026-02-11T15:19:11.140760+00:00;P0;19.00
4853;pms5003;3628;6.559;3.386;2026-02-11T15:24:45.745013+00:00;P2;28.20
4853;pms5003;3628;6.559;3.386;2026-02-11T15:24:45.745013+00:00;P1;33.20
4853;pms5003;3628;6.559;3.386;2026-02-11T15:24:45.745013+00:00;P0;19.40
4853;pms5003;3628;6.559;3.386;2026-02-11T15:30:09.491082+00:00;P2;27.50
4853;pms5003;3628;6.559;3.386;2026-02-11T15:30:09.491082+00:00;P1;43.50
4853;pms5003;3628;6.559;3.386;2026-02-11T15:30:09.491082+00:00;P0;18.75
4854;DHT22;3628;6.559;3.386;2026-02-11T15:30:26.949445+00:00;humidity;56.40
4854;DHT22;3628;6.559;3.386;2026-02-11T15:30:26.949445+00:00;temperature;38.60
4853;pms5003;3628;6.559;3.386;2026-02-11T15:35:44.095303+00:00;P2;27.50
4853;pms5003;3628;6.559;3.386;2026-02-11T15:35:44.095303+00:00;P1;29.50
4853;pms5003;3628;6.559;3.386;2026-02-11T15:35:44.095303+00:00;P0;20.00
4854;DHT22;3628;6.559;3.386;2026-02-11T15:36:01.699103+00:00;humidity;56.30
4854;DHT22;3628;6.559;3.386;2026-02-11T15:36:01.699103+00:00;temperature;38.50
4854;DHT22;3628;6.559;3.386;2026-02-11T15:41:28.656723+00:00;humidity;55.80
4854;DHT22;3628;6.559;3.386;2026-02-11T15:41:28.656723+00:00;temperature;38.60
4854;DHT22;3628;6.559;3.386;2026-02-11T15:46:55.658188+00:00;humidity;56.70
4854;DHT22;3628;6.559;3.386;2026-02-11T15:46:55.658188+00:00;temperature;38.20
4854;DHT22;3628;6.559;3.386;2026-02-11T15:52:19.970763+00:00;humidity;56.60
4854;DHT22;3628;6.559;3.386;2026-02-11T15:52:19.970763+00:00;temperature;38.20
4853;pms5003;3628;6.559;3.386;2026-02-11T15:57:37.326416+00:00;P2;26.50
4853;pms5003;3628;6.559;3.386;2026-02-11T15:57:37.326416+00:00;P1;28.00
4853;pms5003;3628;6.559;3.386;2026-02-11T15:57:37.326416+00:00;P0;17.00
4853;pms5003;3628;6.559;3.386;2026-02-11T16:03:11.979967+00:00;P2;25.00
4853;pms5003;3628;6.559;3.386;2026-02-11T16:03:11.979967+00:00;P1;35.67
4853;pms5003;3628;6.559;3.386;2026-02-11T16:03:11.979967+00:00;P0;17.33
4854;DHT22;3628;6.559;3.386;2026-02-11T16:03:29.305933+00:00;humidity;57.40
4854;DHT22;3628;6.559;3.386;2026-02-11T16:03:29.305933+00:00;temperature;38.00
4853;pms5003;3628;6.559;3.386;2026-02-11T16:08:46.493360+00:00;P2;23.75
4853;pms5003;3628;6.559;3.386;2026-02-11T16:08:46.493360+00:00;P1;34.00
4853;pms5003;3628;6.559;3.386;2026-02-11T16:08:46.493360+00:00;P0;15.50
4854;DHT22;3628;6.559;3.386;2026-02-11T16:14:17.555370+00:00;humidity;60.70
4854;DHT22;3628;6.559;3.386;2026-02-11T16:14:17.555370+00:00;temperature;36.00
4854;DHT22;3628;6.559;3.386;2026-02-11T16:19:41.295130+00:00;humidity;62.70
4854;DHT22;3628;6.559;3.386;2026-02-11T16:19:41.295130+00:00;temperature;35.50
4853;pms5003;3628;6.559;3.386;2026-02-11T16:24:58.539026+00:00;P2;27.25
4853;pms5003;3628;6.559;3.386;2026-02-11T16:24:58.539026+00:00;P1;40.75
4853;pms5003;3628;6.559;3.386;2026-02-11T16:24:58.539026+00:00;P0;19.00
4854;DHT22;3628;6.559;3.386;2026-02-11T16:25:15.898614+00:00;humidity;64.50
4854;DHT22;3628;6.559;3.386;2026-02-11T16:25:15.898614+00:00;temperature;35.10
4854;DHT22;3628;6.559;3.386;2026-02-11T16:35:53.270231+00:00;humidity;68.30
4854;DHT22;3628;6.559;3.386;2026-02-11T16:35:53.270231+00:00;temperature;34.20
4853;pms5003;3628;6.559;3.386;2026-02-11T16:41:10.334535+00:00;P2;19.00
4853;pms5003;3628;6.559;3.386;2026-02-11T16:41:10.334535+00:00;P1;20.00
4853;pms5003;3628;6.559;3.386;2026-02-11T16:41:10.334535+00:00;P0;11.00
4853;pms5003;3628;6.559;3.386;2026-02-11T16:46:34.398811+00:00;P2;19.00
4853;pms5003;3628;6.559;3.386;2026-02-11T16:46:34.398811+00:00;P1;25.00
4853;pms5003;3628;6.559;3.386;2026-02-11T16:46:34.398811+00:00;P0;12.50
4854;DHT22;3628;6.559;3.386;2026-02-11T16:46:51.779938+00:00;humidity;68.10
4854;DHT22;3628;6.559;3.386;2026-02-11T16:46:51.779938+00:00;temperature;34.00
4853;pms5003;3628;6.559;3.386;2026-02-11T16:52:08.959865+00:00;P2;14.67
4853;pms5003;3628;6.559;3.386;2026-02-11T16:52:08.959865+00:00;P1;24.67
4853;pms5003;3628;6.559;3.386;2026-02-11T16:52:08.959865+00:00;P0;10.00
4854;DHT22;3628;6.559;3.386;2026-02-11T16:52:26.365642+00:00;humidity;69.20
4854;DHT22;3628;6.559;3.386;2026-02-11T16:52:26.365642+00:00;temperature;33.90
4853;pms5003;3628;6.559;3.386;2026-02-11T16:57:43.501729+00:00;P2;12.00
4853;pms5003;3628;6.559;3.386;2026-02-11T16:57:43.501729+00:00;P1;14.00
4853;pms5003;3628;6.559;3.386;2026-02-11T16:57:43.501729+00:00;P0;7.50
4854;DHT22;3628;6.559;3.386;2026-02-11T17:03:14.945508+00:00;humidity;70.40
4854;DHT22;3628;6.559;3.386;2026-02-11T17:03:14.945508+00:00;temperature;33.70
4854;DHT22;3628;6.559;3.386;2026-02-11T17:08:38.953111+00:00;humidity;70.60
4854;DHT22;3628;6.559;3.386;2026-02-11T17:08:38.953111+00:00;temperature;33.60
4854;DHT22;3628;6.559;3.386;2026-02-11T17:14:05.601499+00:00;humidity;68.60
4854;DHT22;3628;6.559;3.386;2026-02-11T17:14:05.601499+00:00;temperature;33.60
4854;DHT22;3628;6.559;3.386;2026-02-11T17:19:40.130354+00:00;humidity;68.90
4854;DHT22;3628;6.559;3.386;2026-02-11T17:19:40.130354+00:00;temperature;33.40
4853;pms5003;3628;6.559;3.386;2026-02-11T17:24:57.382610+00:00;P2;11.25
4853;pms5003;3628;6.559;3.386;2026-02-11T17:24:57.382610+00:00;P1;12.25
4853;pms5003;3628;6.559;3.386;2026-02-11T17:24:57.382610+00:00;P0;7.25
4854;DHT22;3628;6.559;3.386;2026-02-11T17:25:14.713604+00:00;humidity;68.00
4854;DHT22;3628;6.559;3.386;2026-02-11T17:25:14.713604+00:00;temperature;33.30
4853;pms5003;3628;6.559;3.386;2026-02-11T17:30:31.891609+00:00;P2;11.00
4853;pms5003;3628;6.559;3.386;2026-02-11T17:30:31.891609+00:00;P1;12.40
4853;pms5003;3628;6.559;3.386;2026-02-11T17:30:31.891609+00:00;P0;6.40
4853;pms5003;3628;6.559;3.386;2026-02-11T17:35:55.953781+00:00;P2;17.00
4853;pms5003;3628;6.559;3.386;2026-02-11T17:35:55.953781+00:00;P1;18.00
4853;pms5003;3628;6.559;3.386;2026-02-11T17:35:55.953781+00:00;P0;11.25
4853;pms5003;3628;6.559;3.386;2026-02-11T18:08:40.612441+00:00;P2;13.00
4853;pms5003;3628;6.559;3.386;2026-02-11T18:08:40.612441+00:00;P1;14.00
4853;pms5003;3628;6.559;3.386;2026-02-11T18:08:40.612441+00:00;P0;9.50
4853;pms5003;3628;6.559;3.386;2026-02-11T18:14:04.731752+00:00;P2;13.75
4853;pms5003;3628;6.559;3.386;2026-02-11T18:14:04.731752+00:00;P1;15.50
4853;pms5003;3628;6.559;3.386;2026-02-11T18:14:04.731752+00:00;P0;10.75
4854;DHT22;3628;6.559;3.386;2026-02-11T18:14:22.088240+00:00;humidity;74.30
4854;DHT22;3628;6.559;3.386;2026-02-11T18:14:22.088240+00:00;temperature;32.20
4853;pms5003;3628;6.559;3.386;2026-02-11T18:19:39.309948+00:00;P2;12.00
4853;pms5003;3628;6.559;3.386;2026-02-11T18:19:39.309948+00:00;P1;12.00
4853;pms5003;3628;6.559;3.386;2026-02-11T18:19:39.309948+00:00;P0;8.00
4853;pms5003;3628;6.559;3.386;2026-02-11T18:25:03.646871+00:00;P2;15.25
4853;pms5003;3628;6.559;3.386;2026-02-11T18:25:03.646871+00:00;P1;22.25
4853;pms5003;3628;6.559;3.386;2026-02-11T18:25:03.646871+00:00;P0;10.25
4854;DHT22;3628;6.559;3.386;2026-02-11T18:30:34.590122+00:00;humidity;76.00
4854;DHT22;3628;6.559;3.386;2026-02-11T18:30:34.590122+00:00;temperature;31.90
4853;pms5003;3628;6.559;3.386;2026-02-11T18:35:51.905939+00:00;P2;15.00
4853;pms5003;3628;6.559;3.386;2026-02-11T18:35:51.905939+00:00;P1;26.75
4853;pms5003;3628;6.559;3.386;2026-02-11T18:35:51.905939+00:00;P0;8.25
4854;DHT22;3628;6.559;3.386;2026-02-11T18:36:09.420630+00:00;humidity;76.30
4854;DHT22;3628;6.559;3.386;2026-02-11T18:36:09.420630+00:00;temperature;32.00
4853;pms5003;3628;6.559;3.386;2026-02-11T18:41:26.594407+00:00;P2;12.00
4853;pms5003;3628;6.559;3.386;2026-02-11T18:41:26.594407+00:00;P1;12.00
4853;pms5003;3628;6.559;3.386;2026-02-11T18:41:26.594407+00:00;P0;9.00
4854;DHT22;3628;6.559;3.386;2026-02-11T18:41:43.938175+00:00;humidity;76.10
4854;DHT22;3628;6.559;3.386;2026-02-11T18:41:43.938175+00:00;temperature;31.80
4854;DHT22;3628;6.559;3.386;2026-02-11T18:47:07.661396+00:00;humidity;75.30
4854;DHT22;3628;6.559;3.386;2026-02-11T18:47:07.661396+00:00;temperature;31.80
4853;pms5003;3628;6.559;3.386;2026-02-11T18:52:24.892040+00:00;P2;16.75
4853;pms5003;3628;6.559;3.386;2026-02-11T18:52:24.892040+00:00;P1;19.75
4853;pms5003;3628;6.559;3.386;2026-02-11T18:52:24.892040+00:00;P0;10.00
4854;DHT22;3628;6.559;3.386;2026-02-11T18:52:42.305187+00:00;humidity;75.10
4854;DHT22;3628;6.559;3.386;2026-02-11T18:52:42.305187+00:00;temperature;31.80
4853;pms5003;3628;6.559;3.386;2026-02-11T18:57:59.527816+00:00;P2;13.00
4853;pms5003;3628;6.559;3.386;2026-02-11T18:57:59.527816+00:00;P1;13.00
4853;pms5003;3628;6.559;3.386;2026-02-11T18:57:59.527816+00:00;P0;8.00
4854;DHT22;3628;6.559;3.386;2026-02-11T18:58:17.041803+00:00;humidity;75.50
4854;DHT22;3628;6.559;3.386;2026-02-11T18:58:17.041803+00:00;temperature;31.80
4853;pms5003;3628;6.559;3.386;2026-02-11T19:03:34.192708+00:00;P2;16.00
4853;pms5003;3628;6.559;3.386;2026-02-11T19:03:34.192708+00:00;P1;17.25
4853;pms5003;3628;6.559;3.386;2026-02-11T19:03:34.192708+00:00;P0;10.25
4853;pms5003;3628;6.559;3.386;2026-02-11T19:09:11.655476+00:00;P2;16.60
4853;pms5003;3628;6.559;3.386;2026-02-11T19:09:11.655476+00:00;P1;16.60
4853;pms5003;3628;6.559;3.386;2026-02-11T19:09:11.655476+00:00;P0;10.60
4853;pms5003;3628;6.559;3.386;2026-02-11T19:14:46.262308+00:00;P2;15.00
4853;pms5003;3628;6.559;3.386;2026-02-11T19:14:46.262308+00:00;P1;17.00
4853;pms5003;3628;6.559;3.386;2026-02-11T19:14:46.262308+00:00;P0;9.00
4854;DHT22;3628;6.559;3.386;2026-02-11T19:15:03.632446+00:00;humidity;76.90
4854;DHT22;3628;6.559;3.386;2026-02-11T19:15:03.632446+00:00;temperature;31.70
4853;pms5003;3628;6.559;3.386;2026-02-11T19:25:44.862429+00:00;P2;17.00
4853;pms5003;3628;6.559;3.386;2026-02-11T19:25:44.862429+00:00;P1;27.50
4853;pms5003;3628;6.559;3.386;2026-02-11T19:25:44.862429+00:00;P0;12.00
4853;pms5003;3628;6.559;3.386;2026-02-11T19:26:02.240762+00:00;humidity;76.70
4853;pms5003;3628;6.559;3.386;2026-02-11T19:26:02.240762+00:00;temperature;31.60
4853;pms5003;3628;6.559;3.386;2026-02-11T19:41:59.527056+00:00;P2;10.00
4853;pms5003;3628;6.559;3.386;2026-02-11T19:41:59.527056+00:00;P1;14.75
4853;pms5003;3628;6.559;3.386;2026-02-11T19:41:59.527056+00:00;P0;7.00
4853;pms5003;3628;6.559;3.386;2026-02-11T19:47:39.548979+00:00;P2;11.00
4853;pms5003;3628;6.559;3.386;2026-02-11T19:47:39.548979+00:00;P1;13.00
4853;pms5003;3628;6.559;3.386;2026-02-11T19:47:39.548979+00:00;P0;8.00
4854;DHT22;3628;6.559;3.386;2026-02-11T19:58:55.489140+00:00;humidity;75.50
4854;DHT22;3628;6.559;3.386;2026-02-11T19:58:55.489140+00:00;temperature;31.50
4853;pms5003;3628;6.559;3.386;2026-02-11T20:04:12.960865+00:00;P2;11.60
4853;pms5003;3628;6.559;3.386;2026-02-11T20:04:12.960865+00:00;P1;11.60
4853;pms5003;3628;6.559;3.386;2026-02-11T20:04:12.960865+00:00;P0;7.20
4854;DHT22;3628;6.559;3.386;2026-02-11T20:04:30.500193+00:00;humidity;75.80
4854;DHT22;3628;6.559;3.386;2026-02-11T20:04:30.500193+00:00;temperature;31.50
4853;pms5003;3628;6.559;3.386;2026-02-11T20:09:47.956007+00:00;P2;10.75
4853;pms5003;3628;6.559;3.386;2026-02-11T20:09:47.956007+00:00;P1;12.50
4853;pms5003;3628;6.559;3.386;2026-02-11T20:09:47.956007+00:00;P0;6.00
4853;pms5003;3628;6.559;3.386;2026-02-11T20:15:15.282639+00:00;P2;18.00
4853;pms5003;3628;6.559;3.386;2026-02-11T20:15:15.282639+00:00;P1;19.00
4853;pms5003;3628;6.559;3.386;2026-02-11T20:15:15.282639+00:00;P0;10.00
4854;DHT22;3628;6.559;3.386;2026-02-11T20:15:32.867946+00:00;humidity;77.50
4854;DHT22;3628;6.559;3.386;2026-02-11T20:15:32.867946+00:00;temperature;31.50
4854;DHT22;3628;6.559;3.386;2026-02-11T20:21:07.736300+00:00;humidity;78.10
4854;DHT22;3628;6.559;3.386;2026-02-11T20:21:07.736300+00:00;temperature;31.60
4854;DHT22;3628;6.559;3.386;2026-02-11T20:26:25.092714+00:00;P2;17.75
4854;DHT22;3628;6.559;3.386;2026-02-11T20:26:25.092714+00:00;P1;26.00
4854;DHT22;3628;6.559;3.386;2026-02-11T20:26:25.092714+00:00;P0;11.50
4854;DHT22;3628;6.559;3.386;2026-02-11T20:42:36.628761+00:00;humidity;78.30
4854;DHT22;3628;6.559;3.386;2026-02-11T20:42:36.628761+00:00;temperature;31.30
4853;pms5003;3628;6.559;3.386;2026-02-11T20:47:54.021449+00:00;P2;19.00
4853;pms5003;3628;6.559;3.386;2026-02-11T20:47:54.021449+00:00;P1;22.00
4853;pms5003;3628;6.559;3.386;2026-02-11T20:47:54.021449+00:00;P0;14.00
4853;pms5003;3628;6.559;3.386;2026-02-11T20:48:14.591141+00:00;humidity;78.10
4853;pms5003;3628;6.559;3.386;2026-02-11T20:48:14.591141+00:00;temperature;31.30
4853;pms5003;3628;6.559;3.386;2026-02-11T20:53:29.151078+00:00;P2;12.00
4853;pms5003;3628;6.559;3.386;2026-02-11T20:53:29.151078+00:00;P1;13.00
4853;pms5003;3628;6.559;3.386;2026-02-11T20:53:29.151078+00:00;P0;6.00
4854;DHT22;3628;6.559;3.386;2026-02-11T20:53:46.852371+00:00;humidity;77.60
4854;DHT22;3628;6.559;3.386;2026-02-11T20:53:46.852371+00:00;temperature;31.40
4853;pms5003;3628;6.559;3.386;2026-02-11T20:59:06.668266+00:00;P2;12.25
4853;pms5003;3628;6.559;3.386;2026-02-11T20:59:06.668266+00:00;P1;14.25
4853;pms5003;3628;6.559;3.386;2026-02-11T20:59:06.668266+00:00;P0;8.00
4854;DHT22;3628;6.559;3.386;2026-02-11T20:59:30.181328+00:00;humidity;76.50
4854;DHT22;3628;6.559;3.386;2026-02-11T20:59:30.181328+00:00;temperature;31.40
4853;pms5003;3628;6.559;3.386;2026-02-11T21:15:18.603401+00:00;P2;15.00
4853;pms5003;3628;6.559;3.386;2026-02-11T21:15:18.603401+00:00;P1;21.50
4853;pms5003;3628;6.559;3.386;2026-02-11T21:15:18.603401+00:00;P0;9.00
4854;DHT22;3628;6.559;3.386;2026-02-11T21:15:36.054411+00:00;humidity;76.00
4854;DHT22;3628;6.559;3.386;2026-02-11T21:15:36.054411+00:00;temperature;31.50
4854;DHT22;3628;6.559;3.386;2026-02-11T21:23:37.339411+00:00;humidity;76.30
4854;DHT22;3628;6.559;3.386;2026-02-11T21:23:37.339411+00:00;temperature;31.30
4853;pms5003;3628;6.559;3.386;2026-02-11T21:34:17.902937+00:00;P2;25.50
4853;pms5003;3628;6.559;3.386;2026-02-11T21:34:17.902937+00:00;P1;39.00
4853;pms5003;3628;6.559;3.386;2026-02-11T21:34:17.902937+00:00;P0;15.00
4853;pms5003;3628;6.559;3.386;2026-02-11T21:39:44.558325+00:00;P2;30.20
4853;pms5003;3628;6.559;3.386;2026-02-11T21:39:44.558325+00:00;P1;37.60
4853;pms5003;3628;6.559;3.386;2026-02-11T21:39:44.558325+00:00;P0;15.60
4854;DHT22;3628;6.559;3.386;2026-02-11T21:40:20.259493+00:00;humidity;76.80
4854;DHT22;3628;6.559;3.386;2026-02-11T21:40:20.259493+00:00;temperature;31.40
4854;DHT22;3628;6.559;3.386;2026-02-11T21:45:28.975792+00:00;humidity;76.80
4854;DHT22;3628;6.559;3.386;2026-02-11T21:45:28.975792+00:00;temperature;31.40
4853;pms5003;3628;6.559;3.386;2026-02-11T21:50:46.013524+00:00;P2;32.00
4853;pms5003;3628;6.559;3.386;2026-02-11T21:50:46.013524+00:00;P1;41.00
4853;pms5003;3628;6.559;3.386;2026-02-11T21:50:46.013524+00:00;P0;20.25
4854;DHT22;3628;6.559;3.386;2026-02-11T21:51:03.238061+00:00;humidity;77.40
4854;DHT22;3628;6.559;3.386;2026-02-11T21:51:03.238061+00:00;temperature;31.20
4853;pms5003;3628;6.559;3.386;2026-02-11T21:56:20.362697+00:00;P2;33.25
4853;pms5003;3628;6.559;3.386;2026-02-11T21:56:20.362697+00:00;P1;45.50
4853;pms5003;3628;6.559;3.386;2026-02-11T21:56:20.362697+00:00;P0;19.75
4853;pms5003;3628;6.559;3.386;2026-02-11T22:01:46.552920+00:00;P2;28.33
4853;pms5003;3628;6.559;3.386;2026-02-11T22:01:46.552920+00:00;P1;45.00
4853;pms5003;3628;6.559;3.386;2026-02-11T22:01:46.552920+00:00;P0;16.33
4854;DHT22;3628;6.559;3.386;2026-02-11T22:02:07.227125+00:00;humidity;77.70
4854;DHT22;3628;6.559;3.386;2026-02-11T22:02:07.227125+00:00;temperature;31.20
4853;pms5003;3628;6.559;3.386;2026-02-11T22:07:21.593225+00:00;P2;19.00
4853;pms5003;3628;6.559;3.386;2026-02-11T22:07:21.593225+00:00;P1;20.75
4853;pms5003;3628;6.559;3.386;2026-02-11T22:07:21.593225+00:00;P0;11.75
4853;pms5003;3628;6.559;3.386;2026-02-11T22:12:45.524164+00:00;P2;16.00
4853;pms5003;3628;6.559;3.386;2026-02-11T22:12:45.524164+00:00;P1;23.00
4853;pms5003;3628;6.559;3.386;2026-02-11T22:12:45.524164+00:00;P0;10.00
4854;DHT22;3628;6.559;3.386;2026-02-11T22:13:02.930757+00:00;humidity;78.60
4854;DHT22;3628;6.559;3.386;2026-02-11T22:13:02.930757+00:00;temperature;30.90
4853;pms5003;3628;6.559;3.386;2026-02-11T22:18:25.225631+00:00;P2;13.00
4853;pms5003;3628;6.559;3.386;2026-02-11T22:18:25.225631+00:00;P1;13.00
4853;pms5003;3628;6.559;3.386;2026-02-11T22:18:25.225631+00:00;P0;9.00
4854;DHT22;3628;6.559;3.386;2026-02-11T22:18:40.623935+00:00;humidity;78.20
4854;DHT22;3628;6.559;3.386;2026-02-11T22:18:40.623935+00:00;temperature;31.10
4854;DHT22;3628;6.559;3.386;2026-02-11T22:24:04.393084+00:00;humidity;78.40
4854;DHT22;3628;6.559;3.386;2026-02-11T22:24:04.393084+00:00;temperature;30.90
4853;pms5003;3628;6.559;3.386;2026-02-11T22:29:24.383585+00:00;P2;20.00
4853;pms5003;3628;6.559;3.386;2026-02-11T22:29:24.383585+00:00;P1;20.00
4853;pms5003;3628;6.559;3.386;2026-02-11T22:29:24.383585+00:00;P0;14.00
4854;DHT22;3628;6.559;3.386;2026-02-11T22:29:39.018727+00:00;humidity;78.30
4854;DHT22;3628;6.559;3.386;2026-02-11T22:29:39.018727+00:00;temperature;30.80
4853;pms5003;3628;6.559;3.386;2026-02-11T22:34:58.256283+00:00;P2;19.00
4853;pms5003;3628;6.559;3.386;2026-02-11T22:34:58.256283+00:00;P1;26.75
4853;pms5003;3628;6.559;3.386;2026-02-11T22:34:58.256283+00:00;P0;13.25
4854;DHT22;3628;6.559;3.386;2026-02-11T22:35:13.637545+00:00;humidity;78.20
4854;DHT22;3628;6.559;3.386;2026-02-11T22:35:13.637545+00:00;temperature;30.80
4853;pms5003;3628;6.559;3.386;2026-02-11T22:40:33.797616+00:00;P2;22.40
4853;pms5003;3628;6.559;3.386;2026-02-11T22:40:33.797616+00:00;P1;24.40
4853;pms5003;3628;6.559;3.386;2026-02-11T22:40:33.797616+00:00;P0;14.00
4854;DHT22;3628;6.559;3.386;2026-02-11T22:40:51.237440+00:00;humidity;78.40
4854;DHT22;3628;6.559;3.386;2026-02-11T22:40:51.237440+00:00;temperature;30.90
4853;pms5003;3628;6.559;3.386;2026-02-11T22:46:08.436475+00:00;P2;18.40
4853;pms5003;3628;6.559;3.386;2026-02-11T22:46:08.436475+00:00;P1;20.00
4853;pms5003;3628;6.559;3.386;2026-02-11T22:46:08.436475+00:00;P0;12.00
4853;pms5003;3628;6.559;3.386;2026-02-11T22:51:32.264147+00:00;P2;21.60
4853;pms5003;3628;6.559;3.386;2026-02-11T22:51:32.264147+00:00;P1;23.00
4853;pms5003;3628;6.559;3.386;2026-02-11T22:51:32.264147+00:00;P0;14.00
4854;DHT22;3628;6.559;3.386;2026-02-11T22:51:49.768209+00:00;humidity;78.70
4854;DHT22;3628;6.559;3.386;2026-02-11T22:51:49.768209+00:00;temperature;30.90
4853;pms5003;3628;6.559;3.386;2026-02-11T22:57:07.032897+00:00;P2;45.00
4853;pms5003;3628;6.559;3.386;2026-02-11T22:57:07.032897+00:00;P1;56.50
4853;pms5003;3628;6.559;3.386;2026-02-11T22:57:07.032897+00:00;P0;30.00
4854;DHT22;3628;6.559;3.386;2026-02-11T22:57:24.613536+00:00;humidity;78.50
4854;DHT22;3628;6.559;3.386;2026-02-11T22:57:24.613536+00:00;temperature;30.90
4853;pms5003;3628;6.559;3.386;2026-02-11T23:02:41.833998+00:00;P2;36.00
4853;pms5003;3628;6.559;3.386;2026-02-11T23:02:41.833998+00:00;P1;49.00
4853;pms5003;3628;6.559;3.386;2026-02-11T23:02:41.833998+00:00;P0;23.50
4854;DHT22;3628;6.559;3.386;2026-02-11T23:02:59.297574+00:00;humidity;78.40
4854;DHT22;3628;6.559;3.386;2026-02-11T23:02:59.297574+00:00;temperature;31.00
4853;pms5003;3628;6.559;3.386;2026-02-11T23:08:16.550132+00:00;P2;25.00
4853;pms5003;3628;6.559;3.386;2026-02-11T23:08:16.550132+00:00;P1;27.40
4853;pms5003;3628;6.559;3.386;2026-02-11T23:08:16.550132+00:00;P0;17.00
4853;pms5003;3628;6.559;3.386;2026-02-11T23:13:40.413928+00:00;P2;22.50
4853;pms5003;3628;6.559;3.386;2026-02-11T23:13:40.413928+00:00;P1;34.25
4853;pms5003;3628;6.559;3.386;2026-02-11T23:13:40.413928+00:00;P0;13.75
4854;DHT22;3628;6.559;3.386;2026-02-11T23:13:57.856611+00:00;humidity;78.90
4854;DHT22;3628;6.559;3.386;2026-02-11T23:13:57.856611+00:00;temperature;30.80
4853;pms5003;3628;6.559;3.386;2026-02-11T23:19:15.108434+00:00;P2;20.75
4853;pms5003;3628;6.559;3.386;2026-02-11T23:19:15.108434+00:00;P1;32.00
4853;pms5003;3628;6.559;3.386;2026-02-11T23:19:15.108434+00:00;P0;12.75
4853;pms5003;3628;6.559;3.386;2026-02-11T23:24:42.145344+00:00;P2;20.00
4853;pms5003;3628;6.559;3.386;2026-02-11T23:24:42.145344+00:00;P1;21.75
4853;pms5003;3628;6.559;3.386;2026-02-11T23:24:42.145344+00:00;P0;13.75
4854;DHT22;3628;6.559;3.386;2026-02-11T23:24:59.590636+00:00;humidity;78.20
4854;DHT22;3628;6.559;3.386;2026-02-11T23:24:59.590636+00:00;temperature;31.10
4854;DHT22;3628;6.559;3.386;2026-02-11T23:30:34.487839+00:00;humidity;78.40
4854;DHT22;3628;6.559;3.386;2026-02-11T23:30:34.487839+00:00;temperature;31.00
4853;pms5003;3628;6.559;3.386;2026-02-11T23:35:51.729516+00:00;P2;46.25
4853;pms5003;3628;6.559;3.386;2026-02-11T23:35:51.729516+00:00;P1;62.75
4853;pms5003;3628;6.559;3.386;2026-02-11T23:35:51.729516+00:00;P0;30.00
4854;DHT22;3628;6.559;3.386;2026-02-11T23:36:09.624825+00:00;humidity;79.00
4854;DHT22;3628;6.559;3.386;2026-02-11T23:36:09.624825+00:00;temperature;30.80
4853;pms5003;3628;6.559;3.386;2026-02-11T23:41:26.887208+00:00;P2;49.33
4853;pms5003;3628;6.559;3.386;2026-02-11T23:41:26.887208+00:00;P1;66.67
4853;pms5003;3628;6.559;3.386;2026-02-11T23:41:26.887208+00:00;P0;31.67
4853;pms5003;3628;6.559;3.386;2026-02-11T23:46:50.711455+00:00;P2;47.00
4853;pms5003;3628;6.559;3.386;2026-02-11T23:46:50.711455+00:00;P1;64.00
4853;pms5003;3628;6.559;3.386;2026-02-11T23:46:50.711455+00:00;P0;31.00
4854;DHT22;3628;6.559;3.386;2026-02-11T23:47:08.208330+00:00;humidity;79.60
4854;DHT22;3628;6.559;3.386;2026-02-11T23:47:08.208330+00:00;temperature;30.70
4853;pms5003;3628;6.559;3.386;2026-02-11T23:52:25.436010+00:00;P2;44.00
4853;pms5003;3628;6.559;3.386;2026-02-11T23:52:25.436010+00:00;P1;63.50
4853;pms5003;3628;6.559;3.386;2026-02-11T23:52:25.436010+00:00;P0;29.50
4854;DHT22;3628;6.559;3.386;2026-02-11T23:52:42.896633+00:00;humidity;79.90
4854;DHT22;3628;6.559;3.386;2026-02-11T23:52:42.896633+00:00;temperature;30.70
4853;pms5003;3628;6.559;3.386;2026-02-11T23:58:00.141797+00:00;P2;45.00
4853;pms5003;3628;6.559;3.386;2026-02-11T23:58:00.141797+00:00;P1;62.20
4853;pms5003;3628;6.559;3.386;2026-02-11T23:58:00.141797+00:00;P0;30.00
4854;DHT22;3628;6.559;3.386;2026-02-11T23:58:17.645420+00:00;humidity;80.30
4854;DHT22;3628;6.559;3.386;2026-02-11T23:58:17.645420+00:00;temperature;30.60
4853;pms5003;3628;6.559;3.386;2026-02-12T00:03:35.096384+00:00;P2;46.00
4853;pms5003;3628;6.559;3.386;2026-02-12T00:03:35.096384+00:00;P1;62.25
4853;pms5003;3628;6.559;3.386;2026-02-12T00:03:35.096384+00:00;P0;29.00
4854;DHT22;3628;6.559;3.386;2026-02-12T00:03:52.721430+00:00;humidity;80.60
4854;DHT22;3628;6.559;3.386;2026-02-12T00:03:52.721430+00:00;temperature;30.50
4854;DHT22;3628;6.559;3.386;2026-02-12T00:14:41.146792+00:00;humidity;80.70
4854;DHT22;3628;6.559;3.386;2026-02-12T00:14:41.146792+00:00;temperature;30.50
4853;pms5003;3628;6.559;3.386;2026-02-12T00:19:58.287620+00:00;P2;25.50
4853;pms5003;3628;6.559;3.386;2026-02-12T00:19:58.287620+00:00;P1;32.50
4853;pms5003;3628;6.559;3.386;2026-02-12T00:19:58.287620+00:00;P0;16.25
4853;pms5003;3628;6.559;3.386;2026-02-12T00:25:24.945669+00:00;P2;28.00
4853;pms5003;3628;6.559;3.386;2026-02-12T00:25:24.945669+00:00;P1;43.50
4853;pms5003;3628;6.559;3.386;2026-02-12T00:25:24.945669+00:00;P0;18.25
4854;DHT22;3628;6.559;3.386;2026-02-12T00:25:42.303139+00:00;humidity;81.30
4854;DHT22;3628;6.559;3.386;2026-02-12T00:25:42.303139+00:00;temperature;30.50
4853;pms5003;3628;6.559;3.386;2026-02-12T00:30:59.667009+00:00;P2;40.00
4853;pms5003;3628;6.559;3.386;2026-02-12T00:30:59.667009+00:00;P1;54.75
4853;pms5003;3628;6.559;3.386;2026-02-12T00:30:59.667009+00:00;P0;25.00
4854;DHT22;3628;6.559;3.386;2026-02-12T00:31:16.907689+00:00;humidity;80.80
4854;DHT22;3628;6.559;3.386;2026-02-12T00:31:16.907689+00:00;temperature;30.60
4853;pms5003;3628;6.559;3.386;2026-02-12T00:36:34.126024+00:00;P2;58.20
4853;pms5003;3628;6.559;3.386;2026-02-12T00:36:34.126024+00:00;P1;76.20
4853;pms5003;3628;6.559;3.386;2026-02-12T00:36:34.126024+00:00;P0;39.00
4853;pms5003;3628;6.559;3.386;2026-02-12T00:41:57.999275+00:00;P2;49.25
4853;pms5003;3628;6.559;3.386;2026-02-12T00:41:57.999275+00:00;P1;67.25
4853;pms5003;3628;6.559;3.386;2026-02-12T00:41:57.999275+00:00;P0;32.00
4854;DHT22;3628;6.559;3.386;2026-02-12T00:42:15.365132+00:00;humidity;81.60
4854;DHT22;3628;6.559;3.386;2026-02-12T00:42:15.365132+00:00;temperature;30.50
4853;pms5003;3628;6.559;3.386;2026-02-12T00:47:32.581115+00:00;P2;60.75
4853;pms5003;3628;6.559;3.386;2026-02-12T00:47:32.581115+00:00;P1;75.75
4853;pms5003;3628;6.559;3.386;2026-02-12T00:47:32.581115+00:00;P0;39.00
4853;pms5003;3628;6.559;3.386;2026-02-12T00:53:07.223300+00:00;P2;71.50
4853;pms5003;3628;6.559;3.386;2026-02-12T00:53:07.223300+00:00;P1;84.50
4853;pms5003;3628;6.559;3.386;2026-02-12T00:53:07.223300+00:00;P0;44.50
4853;pms5003;3628;6.559;3.386;2026-02-12T00:58:31.650783+00:00;P2;73.00
4853;pms5003;3628;6.559;3.386;2026-02-12T00:58:31.650783+00:00;P1;85.50
4853;pms5003;3628;6.559;3.386;2026-02-12T00:58:31.650783+00:00;P0;45.50
4854;DHT22;3628;6.559;3.386;2026-02-12T00:58:48.838368+00:00;humidity;81.80
4854;DHT22;3628;6.559;3.386;2026-02-12T00:58:48.838368+00:00;temperature;30.50
4853;pms5003;3628;6.559;3.386;2026-02-12T01:04:06.285990+00:00;P2;98.00
4853;pms5003;3628;6.559;3.386;2026-02-12T01:04:06.285990+00:00;P1;116.00
4853;pms5003;3628;6.559;3.386;2026-02-12T01:04:06.285990+00:00;P0;62.50
4854;DHT22;3628;6.559;3.386;2026-02-12T01:04:23.513320+00:00;humidity;81.70
4854;DHT22;3628;6.559;3.386;2026-02-12T01:04:23.513320+00:00;temperature;30.60
4853;pms5003;3628;6.559;3.386;2026-02-12T01:09:40.725928+00:00;P2;43.50
4853;pms5003;3628;6.559;3.386;2026-02-12T01:09:40.725928+00:00;P1;57.00
4853;pms5003;3628;6.559;3.386;2026-02-12T01:09:40.725928+00:00;P0;29.00
4853;pms5003;3628;6.559;3.386;2026-02-12T01:15:09.024183+00:00;P2;38.25
4853;pms5003;3628;6.559;3.386;2026-02-12T01:15:09.024183+00:00;P1;52.00
4853;pms5003;3628;6.559;3.386;2026-02-12T01:15:09.024183+00:00;P0;24.25
4854;DHT22;3628;6.559;3.386;2026-02-12T01:15:21.769663+00:00;humidity;81.60
4854;DHT22;3628;6.559;3.386;2026-02-12T01:15:21.769663+00:00;temperature;30.60
4853;pms5003;3628;6.559;3.386;2026-02-12T01:20:39.074720+00:00;P2;33.50
4853;pms5003;3628;6.559;3.386;2026-02-12T01:20:39.074720+00:00;P1;39.25
4853;pms5003;3628;6.559;3.386;2026-02-12T01:20:39.074720+00:00;P0;22.75
4853;pms5003;3628;6.559;3.386;2026-02-12T01:26:03.046126+00:00;P2;38.00
4853;pms5003;3628;6.559;3.386;2026-02-12T01:26:03.046126+00:00;P1;46.75
4853;pms5003;3628;6.559;3.386;2026-02-12T01:26:03.046126+00:00;P0;25.50
4853;pms5003;3628;6.559;3.386;2026-02-12T01:31:26.986007+00:00;P2;33.60
4853;pms5003;3628;6.559;3.386;2026-02-12T01:31:26.986007+00:00;P1;48.20
4853;pms5003;3628;6.559;3.386;2026-02-12T01:31:26.986007+00:00;P0;22.00
4853;pms5003;3628;6.559;3.386;2026-02-12T01:36:50.743666+00:00;P2;32.75
4853;pms5003;3628;6.559;3.386;2026-02-12T01:36:50.743666+00:00;P1;41.50
4853;pms5003;3628;6.559;3.386;2026-02-12T01:36:50.743666+00:00;P0;22.75
4854;DHT22;3628;6.559;3.386;2026-02-12T01:37:08.141798+00:00;humidity;81.90
4854;DHT22;3628;6.559;3.386;2026-02-12T01:37:08.141798+00:00;temperature;30.60
4853;pms5003;3628;6.559;3.386;2026-02-12T02:13:19.618661+00:00;P2;30.00
4853;pms5003;3628;6.559;3.386;2026-02-12T02:13:19.618661+00:00;P1;35.33
4853;pms5003;3628;6.559;3.386;2026-02-12T02:13:19.618661+00:00;P0;20.00
4854;DHT22;3628;6.559;3.386;2026-02-12T02:13:37.136113+00:00;humidity;83.40
4854;DHT22;3628;6.559;3.386;2026-02-12T02:13:37.136113+00:00;temperature;30.30
4853;pms5003;3628;6.559;3.386;2026-02-12T02:18:54.388787+00:00;P2;31.00
4853;pms5003;3628;6.559;3.386;2026-02-12T02:18:54.388787+00:00;P1;39.75
4853;pms5003;3628;6.559;3.386;2026-02-12T02:18:54.388787+00:00;P0;22.00
4854;DHT22;3628;6.559;3.386;2026-02-12T02:24:24.858632+00:00;humidity;83.60
4854;DHT22;3628;6.559;3.386;2026-02-12T02:24:24.858632+00:00;temperature;30.20
4853;pms5003;3628;6.559;3.386;2026-02-12T02:29:42.098232+00:00;P2;34.00
4853;pms5003;3628;6.559;3.386;2026-02-12T02:29:42.098232+00:00;P1;43.25
4853;pms5003;3628;6.559;3.386;2026-02-12T02:29:42.098232+00:00;P0;22.00
4854;DHT22;3628;6.559;3.386;2026-02-12T02:29:59.455952+00:00;humidity;83.90
4854;DHT22;3628;6.559;3.386;2026-02-12T02:29:59.455952+00:00;temperature;30.20
4854;DHT22;3628;6.559;3.386;2026-02-12T02:35:34.147736+00:00;humidity;84.20
4854;DHT22;3628;6.559;3.386;2026-02-12T02:35:34.147736+00:00;temperature;30.00
4853;pms5003;3628;6.559;3.386;2026-02-12T02:40:51.327079+00:00;P2;42.75
4853;pms5003;3628;6.559;3.386;2026-02-12T02:40:51.327079+00:00;P1;57.75
4853;pms5003;3628;6.559;3.386;2026-02-12T02:40:51.327079+00:00;P0;28.75
4853;pms5003;3628;6.559;3.386;2026-02-12T02:51:29.133402+00:00;P2;38.67
4853;pms5003;3628;6.559;3.386;2026-02-12T02:51:29.133402+00:00;P1;49.00
4853;pms5003;3628;6.559;3.386;2026-02-12T02:51:29.133402+00:00;P0;26.00
4854;DHT22;3628;6.559;3.386;2026-02-12T02:56:59.639268+00:00;humidity;85.10
4854;DHT22;3628;6.559;3.386;2026-02-12T02:56:59.639268+00:00;temperature;29.80
4853;pms5003;3628;6.559;3.386;2026-02-12T03:02:16.854877+00:00;P2;40.00
4853;pms5003;3628;6.559;3.386;2026-02-12T03:02:16.854877+00:00;P1;53.67
4853;pms5003;3628;6.559;3.386;2026-02-12T03:02:16.854877+00:00;P0;25.67
4854;DHT22;3628;6.559;3.386;2026-02-12T03:02:34.398767+00:00;humidity;85.40
4854;DHT22;3628;6.559;3.386;2026-02-12T03:02:34.398767+00:00;temperature;29.70
4853;pms5003;3628;6.559;3.386;2026-02-12T03:07:51.796943+00:00;P2;44.25
4853;pms5003;3628;6.559;3.386;2026-02-12T03:07:51.796943+00:00;P1;61.00
4853;pms5003;3628;6.559;3.386;2026-02-12T03:07:51.796943+00:00;P0;27.50
4854;DHT22;3628;6.559;3.386;2026-02-12T03:08:09.064924+00:00;humidity;85.50
4854;DHT22;3628;6.559;3.386;2026-02-12T03:08:09.064924+00:00;temperature;29.60
4853;pms5003;3628;6.559;3.386;2026-02-12T03:13:26.237764+00:00;P2;42.33
4853;pms5003;3628;6.559;3.386;2026-02-12T03:13:26.237764+00:00;P1;60.00
4853;pms5003;3628;6.559;3.386;2026-02-12T03:13:26.237764+00:00;P0;28.00
4854;DHT22;3628;6.559;3.386;2026-02-12T03:13:43.655455+00:00;humidity;85.60
4854;DHT22;3628;6.559;3.386;2026-02-12T03:13:43.655455+00:00;temperature;29.60
4853;pms5003;3628;6.559;3.386;2026-02-12T03:19:00.875058+00:00;P2;46.00
4853;pms5003;3628;6.559;3.386;2026-02-12T03:19:00.875058+00:00;P1;63.50
4853;pms5003;3628;6.559;3.386;2026-02-12T03:19:00.875058+00:00;P0;29.50
4854;DHT22;3628;6.559;3.386;2026-02-12T03:19:18.486449+00:00;humidity;85.50
4854;DHT22;3628;6.559;3.386;2026-02-12T03:19:18.486449+00:00;temperature;29.70
4853;pms5003;3628;6.559;3.386;2026-02-12T03:24:35.796736+00:00;P2;58.33
4853;pms5003;3628;6.559;3.386;2026-02-12T03:24:35.796736+00:00;P1;77.00
4853;pms5003;3628;6.559;3.386;2026-02-12T03:24:35.796736+00:00;P0;39.00
4854;DHT22;3628;6.559;3.386;2026-02-12T03:24:53.380648+00:00;humidity;85.10
4854;DHT22;3628;6.559;3.386;2026-02-12T03:24:53.380648+00:00;temperature;29.80
4853;pms5003;3628;6.559;3.386;2026-02-12T03:30:10.553732+00:00;P2;80.75
4853;pms5003;3628;6.559;3.386;2026-02-12T03:30:10.553732+00:00;P1;100.50
4853;pms5003;3628;6.559;3.386;2026-02-12T03:30:10.553732+00:00;P0;51.00
4854;DHT22;3628;6.559;3.386;2026-02-12T03:30:28.032180+00:00;humidity;85.30
4854;DHT22;3628;6.559;3.386;2026-02-12T03:30:28.032180+00:00;temperature;29.70
4853;pms5003;3628;6.559;3.386;2026-02-12T03:35:45.416862+00:00;P2;60.25
4853;pms5003;3628;6.559;3.386;2026-02-12T03:35:45.416862+00:00;P1;77.00
4853;pms5003;3628;6.559;3.386;2026-02-12T03:35:45.416862+00:00;P0;38.00
4854;DHT22;3628;6.559;3.386;2026-02-12T03:41:26.530946+00:00;humidity;85.20
4854;DHT22;3628;6.559;3.386;2026-02-12T03:41:26.530946+00:00;temperature;29.70
4853;pms5003;3628;6.559;3.386;2026-02-12T03:46:43.787878+00:00;P2;42.75
4853;pms5003;3628;6.559;3.386;2026-02-12T03:46:43.787878+00:00;P1;62.50
4853;pms5003;3628;6.559;3.386;2026-02-12T03:46:43.787878+00:00;P0;27.25
4853;pms5003;3628;6.559;3.386;2026-02-12T03:52:07.825998+00:00;P2;43.00
4853;pms5003;3628;6.559;3.386;2026-02-12T03:52:07.825998+00:00;P1;62.00
4853;pms5003;3628;6.559;3.386;2026-02-12T03:52:07.825998+00:00;P0;27.80
4853;pms5003;3628;6.559;3.386;2026-02-12T03:57:31.665431+00:00;P2;36.80
4853;pms5003;3628;6.559;3.386;2026-02-12T03:57:31.665431+00:00;P1;53.00
4853;pms5003;3628;6.559;3.386;2026-02-12T03:57:31.665431+00:00;P0;25.40
4854;DHT22;3628;6.559;3.386;2026-02-12T03:57:49.183579+00:00;humidity;85.40
4854;DHT22;3628;6.559;3.386;2026-02-12T03:57:49.183579+00:00;temperature;29.70
4853;pms5003;3628;6.559;3.386;2026-02-12T04:03:06.452538+00:00;P2;45.50
4853;pms5003;3628;6.559;3.386;2026-02-12T04:03:06.452538+00:00;P1;60.50
4853;pms5003;3628;6.559;3.386;2026-02-12T04:03:06.452538+00:00;P0;29.75
4854;DHT22;3628;6.559;3.386;2026-02-12T04:03:23.887905+00:00;humidity;85.20
4854;DHT22;3628;6.559;3.386;2026-02-12T04:03:23.887905+00:00;temperature;29.70
4853;pms5003;3628;6.559;3.386;2026-02-12T04:08:41.101476+00:00;P2;51.00
4853;pms5003;3628;6.559;3.386;2026-02-12T04:08:41.101476+00:00;P1;71.00
4853;pms5003;3628;6.559;3.386;2026-02-12T04:08:41.101476+00:00;P0;33.00
4853;pms5003;3628;6.559;3.386;2026-02-12T04:14:05.063077+00:00;P2;46.33
4853;pms5003;3628;6.559;3.386;2026-02-12T04:14:05.063077+00:00;P1;62.00
4853;pms5003;3628;6.559;3.386;2026-02-12T04:14:05.063077+00:00;P0;31.00
4854;DHT22;3628;6.559;3.386;2026-02-12T04:14:22.528540+00:00;humidity;85.10
4854;DHT22;3628;6.559;3.386;2026-02-12T04:14:22.528540+00:00;temperature;29.80
4853;pms5003;3628;6.559;3.386;2026-02-12T04:25:03.877582+00:00;P2;41.60
4853;pms5003;3628;6.559;3.386;2026-02-12T04:25:03.877582+00:00;P1;49.00
4853;pms5003;3628;6.559;3.386;2026-02-12T04:25:03.877582+00:00;P0;27.40
4854;DHT22;3628;6.559;3.386;2026-02-12T04:25:21.326414+00:00;humidity;85.50
4854;DHT22;3628;6.559;3.386;2026-02-12T04:25:21.326414+00:00;temperature;29.70
4853;pms5003;3628;6.559;3.386;2026-02-12T04:30:38.606641+00:00;P2;39.50
4853;pms5003;3628;6.559;3.386;2026-02-12T04:30:38.606641+00:00;P1;48.00
4853;pms5003;3628;6.559;3.386;2026-02-12T04:30:38.606641+00:00;P0;28.00
4854;DHT22;3628;6.559;3.386;2026-02-12T04:30:56.015684+00:00;humidity;85.10
4854;DHT22;3628;6.559;3.386;2026-02-12T04:30:56.015684+00:00;temperature;29.80
4853;pms5003;3628;6.559;3.386;2026-02-12T04:36:13.367653+00:00;P2;39.75
4853;pms5003;3628;6.559;3.386;2026-02-12T04:36:13.367653+00:00;P1;53.50
4853;pms5003;3628;6.559;3.386;2026-02-12T04:36:13.367653+00:00;P0;27.00
4854;DHT22;3628;6.559;3.386;2026-02-12T04:36:30.658750+00:00;humidity;84.70
4854;DHT22;3628;6.559;3.386;2026-02-12T04:36:30.658750+00:00;temperature;09.90
4853;pms5003;3628;6.559;3.386;2026-02-12T04:41:47.892094+00:00;P2;41.50
4853;pms5003;3628;6.559;3.386;2026-02-12T04:41:47.892094+00:00;P1;52.50
4853;pms5003;3628;6.559;3.386;2026-02-12T04:41:47.892094+00:00;P0;27.75
4854;DHT22;3628;6.559;3.386;2026-02-12T04:42:05.406269+00:00;humidity;84.60
4854;DHT22;3628;6.559;3.386;2026-02-12T04:42:05.406269+00:00;temperature;29.80
4853;pms5003;3628;6.559;3.386;2026-02-12T04:47:22.548023+00:00;P2;46.00
4853;pms5003;3628;6.559;3.386;2026-02-12T04:47:22.548023+00:00;P1;62.00
4853;pms5003;3628;6.559;3.386;2026-02-12T04:47:22.548023+00:00;P0;30.00
4854;DHT22;3628;6.559;3.386;2026-02-12T04:47:40.007961+00:00;humidity;84.60
4854;DHT22;3628;6.559;3.386;2026-02-12T04:47:40.007961+00:00;temperature;29.80
4853;pms5003;3628;6.559;3.386;2026-02-12T04:52:57.205015+00:00;P2;46.00
4853;pms5003;3628;6.559;3.386;2026-02-12T04:52:57.205015+00:00;P1;65.00
4853;pms5003;3628;6.559;3.386;2026-02-12T04:52:57.205015+00:00;P0;30.40
4854;DHT22;3628;6.559;3.386;2026-02-12T04:53:14.657680+00:00;humidity;85.00
4854;DHT22;3628;6.559;3.386;2026-02-12T04:53:14.657680+00:00;temperature;29.70
4853;pms5003;3628;6.559;3.386;2026-02-12T04:58:31.968160+00:00;P2;47.25
4853;pms5003;3628;6.559;3.386;2026-02-12T04:58:31.968160+00:00;P1;66.00
4853;pms5003;3628;6.559;3.386;2026-02-12T04:58:31.968160+00:00;P0;32.00
4854;DHT22;3628;6.559;3.386;2026-02-12T04:58:49.392172+00:00;humidity;85.10
4854;DHT22;3628;6.559;3.386;2026-02-12T04:58:49.392172+00:00;temperature;29.70
4854;DHT22;3628;6.559;3.386;2026-02-12T05:04:24.193126+00:00;humidity;85.30
4854;DHT22;3628;6.559;3.386;2026-02-12T05:04:24.193126+00:00;temperature;29.60
4854;DHT22;3628;6.559;3.386;2026-02-12T05:09:58.853326+00:00;humidity;85.30
4854;DHT22;3628;6.559;3.386;2026-02-12T05:09:58.853326+00:00;temperature;29.70
4854;DHT22;3628;6.559;3.386;2026-02-12T05:15:25.694380+00:00;humidity;85.30
4854;DHT22;3628;6.559;3.386;2026-02-12T05:15:25.694380+00:00;temperature;29.70
4853;pms5003;3628;6.559;3.386;2026-02-12T05:20:42.992060+00:00;P2;42.00
4853;pms5003;3628;6.559;3.386;2026-02-12T05:20:42.992060+00:00;P1;54.50
4853;pms5003;3628;6.559;3.386;2026-02-12T05:20:42.992060+00:00;P0;27.00
4854;DHT22;3628;6.559;3.386;2026-02-12T05:21:00.456211+00:00;humidity;85.00
4854;DHT22;3628;6.559;3.386;2026-02-12T05:21:00.456211+00:00;temperature;29.70
4853;pms5003;3628;6.559;3.386;2026-02-12T05:26:17.670386+00:00;P2;44.20
4853;pms5003;3628;6.559;3.386;2026-02-12T05:26:17.670386+00:00;P1;62.00
4853;pms5003;3628;6.559;3.386;2026-02-12T05:26:17.670386+00:00;P0;30.80
4854;DHT22;3628;6.559;3.386;2026-02-12T05:31:48.668847+00:00;humidity;85.70
4854;DHT22;3628;6.559;3.386;2026-02-12T05:31:48.668847+00:00;temperature;29.50
4853;pms5003;3628;6.559;3.386;2026-02-12T11:17:05.462423+00:00;P2;50.00
4853;pms5003;3628;6.559;3.386;2026-02-12T11:17:05.462423+00:00;P1;67.25
4853;pms5003;3628;6.559;3.386;2026-02-12T11:17:05.462423+00:00;P0;35.00
4854;DHT22;3628;6.559;3.386;2026-02-12T11:17:22.819063+00:00;humidity;75.10
4854;DHT22;3628;6.559;3.386;2026-02-12T11:17:22.819063+00:00;temperature;33.80
4853;pms5003;3628;6.559;3.386;2026-02-12T11:22:59.284117+00:00;P2;46.25
4853;pms5003;3628;6.559;3.386;2026-02-12T11:22:59.284117+00:00;P1;59.25
4853;pms5003;3628;6.559;3.386;2026-02-12T11:22:59.284117+00:00;P0;31.00
4853;pms5003;3628;6.559;3.386;2026-02-12T13:30:26.959568+00:00;P2;21.00
4853;pms5003;3628;6.559;3.386;2026-02-12T13:30:26.959568+00:00;P1;24.00
4853;pms5003;3628;6.559;3.386;2026-02-12T13:30:26.959568+00:00;P0;15.00
4854;DHT22;3628;6.559;3.386;2026-02-12T13:30:44.485853+00:00;humidity;62.90
4854;DHT22;3628;6.559;3.386;2026-02-12T13:30:44.485853+00:00;temperature;36.90
4853;pms5003;3628;6.559;3.386;2026-02-12T13:47:34.627875+00:00;P2;13.75
4853;pms5003;3628;6.559;3.386;2026-02-12T13:47:34.627875+00:00;P1;17.50
4853;pms5003;3628;6.559;3.386;2026-02-12T13:47:34.627875+00:00;P0;10.00
4854;DHT22;3628;6.559;3.386;2026-02-12T13:47:52.014774+00:00;humidity;64.40
4854;DHT22;3628;6.559;3.386;2026-02-12T13:47:52.014774+00:00;temperature;36.30
4854;DHT22;3628;6.559;3.386;2026-02-12T14:24:47.982513+00:00;humidity;66.70
4854;DHT22;3628;6.559;3.386;2026-02-12T14:24:47.982513+00:00;temperature;36.00
4854;DHT22;3628;6.559;3.386;2026-02-12T14:30:11.923115+00:00;humidity;64.40
4854;DHT22;3628;6.559;3.386;2026-02-12T14:30:11.923115+00:00;temperature;36.70
4853;pms5003;3628;6.559;3.386;2026-02-12T14:36:24.021226+00:00;P2;13.75
4853;pms5003;3628;6.559;3.386;2026-02-12T14:36:24.021226+00:00;P1;18.00
4853;pms5003;3628;6.559;3.386;2026-02-12T14:36:24.021226+00:00;P0;9.00
4853;pms5003;3628;6.559;3.386;2026-02-12T14:40:53.295920+00:00;P2;15.00
4853;pms5003;3628;6.559;3.386;2026-02-12T14:40:53.295920+00:00;P1;16.50
4853;pms5003;3628;6.559;3.386;2026-02-12T14:40:53.295920+00:00;P0;10.00
4854;DHT22;3628;6.559;3.386;2026-02-12T14:41:10.752596+00:00;humidity;60.70
4854;DHT22;3628;6.559;3.386;2026-02-12T14:41:10.752596+00:00;temperature;38.50
4854;DHT22;3628;6.559;3.386;2026-02-12T14:46:45.402277+00:00;humidity;59.20
4854;DHT22;3628;6.559;3.386;2026-02-12T14:46:45.402277+00:00;temperature;38.50
4854;DHT22;3628;6.559;3.386;2026-02-12T14:53:04.414347+00:00;humidity;59.60
4854;DHT22;3628;6.559;3.386;2026-02-12T14:53:04.414347+00:00;temperature;38.50
4853;pms5003;3628;6.559;3.386;2026-02-12T15:11:19.405832+00:00;P2;18.50
4853;pms5003;3628;6.559;3.386;2026-02-12T15:11:19.405832+00:00;P1;28.00
4853;pms5003;3628;6.559;3.386;2026-02-12T15:11:19.405832+00:00;P0;12.00
4853;pms5003;3628;6.559;3.386;2026-02-12T17:13:53.821520+00:00;P2;15.25
4853;pms5003;3628;6.559;3.386;2026-02-12T17:13:53.821520+00:00;P1;18.25
4853;pms5003;3628;6.559;3.386;2026-02-12T17:13:53.821520+00:00;P0;9.00
4853;pms5003;3628;6.559;3.386;2026-02-12T17:19:19.021106+00:00;P2;15.00
4853;pms5003;3628;6.559;3.386;2026-02-12T17:19:19.021106+00:00;P1;20.75
4853;pms5003;3628;6.559;3.386;2026-02-12T17:19:19.021106+00:00;P0;10.00
4854;DHT22;3628;6.559;3.386;2026-02-12T17:19:36.414822+00:00;humidity;76.40
4854;DHT22;3628;6.559;3.386;2026-02-12T17:19:36.414822+00:00;temperature;32.60
4853;pms5003;3628;6.559;3.386;2026-02-12T17:25:16.045377+00:00;P2;24.25
4853;pms5003;3628;6.559;3.386;2026-02-12T17:25:16.045377+00:00;P1;35.25
4853;pms5003;3628;6.559;3.386;2026-02-12T17:25:16.045377+00:00;P0;15.25
4853;pms5003;3628;6.559;3.386;2026-02-12T17:30:19.061703+00:00;P2;14.00
4853;pms5003;3628;6.559;3.386;2026-02-12T17:30:19.061703+00:00;P1;16.50
4853;pms5003;3628;6.559;3.386;2026-02-12T17:30:19.061703+00:00;P0;8.50
4854;DHT22;3628;6.559;3.386;2026-02-12T17:30:36.530770+00:00;humidity;75.60
4854;DHT22;3628;6.559;3.386;2026-02-12T17:30:36.530770+00:00;temperature;32.50
4853;pms5003;3628;6.559;3.386;2026-02-12T17:41:17.793815+00:00;P2;21.00
4853;pms5003;3628;6.559;3.386;2026-02-12T17:41:17.793815+00:00;P1;25.25
4853;pms5003;3628;6.559;3.386;2026-02-12T17:41:17.793815+00:00;P0;14.00
4854;DHT22;3628;6.559;3.386;2026-02-12T17:41:35.349250+00:00;humidity;76.70
4854;DHT22;3628;6.559;3.386;2026-02-12T17:41:35.349250+00:00;temperature;32.40
4854;DHT22;3628;6.559;3.386;2026-02-12T17:47:09.823707+00:00;humidity;76.10
4854;DHT22;3628;6.559;3.386;2026-02-12T17:47:09.823707+00:00;temperature;32.30
4854;DHT22;3628;6.559;3.386;2026-02-12T17:52:33.524390+00:00;humidity;76.70
4854;DHT22;3628;6.559;3.386;2026-02-12T17:52:33.524390+00:00;temperature;32.10
4853;pms5003;3628;6.559;3.386;2026-02-12T17:57:50.693888+00:00;P2;26.00
4853;pms5003;3628;6.559;3.386;2026-02-12T17:57:50.693888+00:00;P1;31.25
4853;pms5003;3628;6.559;3.386;2026-02-12T17:57:50.693888+00:00;P0;17.75
4854;DHT22;3628;6.559;3.386;2026-02-12T17:58:08.116934+00:00;humidity;76.80
4854;DHT22;3628;6.559;3.386;2026-02-12T17:58:08.116934+00:00;temperature;32.10
4853;pms5003;3628;6.559;3.386;2026-02-12T18:03:25.236659+00:00;P2;13.00
4853;pms5003;3628;6.559;3.386;2026-02-12T18:03:25.236659+00:00;P1;15.00
4853;pms5003;3628;6.559;3.386;2026-02-12T18:03:25.236659+00:00;P0;10.00
4854;DHT22;3628;6.559;3.386;2026-02-12T18:03:42.589032+00:00;humidity;77.10
4854;DHT22;3628;6.559;3.386;2026-02-12T18:03:42.589032+00:00;temperature;32.30
4853;pms5003;3628;6.559;3.386;2026-02-12T18:25:31.170756+00:00;P2;14.50
4853;pms5003;3628;6.559;3.386;2026-02-12T18:25:31.170756+00:00;P1;17.50
4853;pms5003;3628;6.559;3.386;2026-02-12T18:25:31.170756+00:00;P0;9.00
4853;pms5003;3628;6.559;3.386;2026-02-12T18:30:54.938197+00:00;P2;14.00
4853;pms5003;3628;6.559;3.386;2026-02-12T18:30:54.938197+00:00;P1;16.25
4853;pms5003;3628;6.559;3.386;2026-02-12T18:30:54.938197+00:00;P0;9.75
4854;DHT22;3628;6.559;3.386;2026-02-12T18:31:12.453104+00:00;humidity;78.40
4854;DHT22;3628;6.559;3.386;2026-02-12T18:31:12.453104+00:00;temperature;31.90
4853;pms5003;3628;6.559;3.386;2026-02-12T18:36:29.622769+00:00;P2;14.00
4853;pms5003;3628;6.559;3.386;2026-02-12T18:36:29.622769+00:00;P1;16.00
4853;pms5003;3628;6.559;3.386;2026-02-12T18:36:29.622769+00:00;P0;8.00
4854;DHT22;3628;6.559;3.386;2026-02-12T18:36:49.900450+00:00;humidity;79.20
4854;DHT22;3628;6.559;3.386;2026-02-12T18:36:49.900450+00:00;temperature;31.90
4853;pms5003;3628;6.559;3.386;2026-02-12T18:42:07.068474+00:00;P2;18.75
4853;pms5003;3628;6.559;3.386;2026-02-12T18:42:07.068474+00:00;P1;28.25
4853;pms5003;3628;6.559;3.386;2026-02-12T18:42:07.068474+00:00;P0;11.25
4854;DHT22;3628;6.559;3.386;2026-02-12T18:48:25.596902+00:00;P2;17.75
4854;DHT22;3628;6.559;3.386;2026-02-12T18:48:25.596902+00:00;P1;19.50
4854;DHT22;3628;6.559;3.386;2026-02-12T18:48:25.596902+00:00;P0;10.00
4853;pms5003;3628;6.559;3.386;2026-02-12T18:52:55.665594+00:00;P2;31.67
4853;pms5003;3628;6.559;3.386;2026-02-12T18:52:55.665594+00:00;P1;40.00
4853;pms5003;3628;6.559;3.386;2026-02-12T18:52:55.665594+00:00;P0;19.67
4853;pms5003;3628;6.559;3.386;2026-02-12T18:58:20.707134+00:00;P2;30.25
4853;pms5003;3628;6.559;3.386;2026-02-12T18:58:20.707134+00:00;P1;44.50
4853;pms5003;3628;6.559;3.386;2026-02-12T18:58:20.707134+00:00;P0;18.25
4853;pms5003;3628;6.559;3.386;2026-02-12T19:04:28.833512+00:00;P2;24.50
4853;pms5003;3628;6.559;3.386;2026-02-12T19:04:28.833512+00:00;P1;32.25
4853;pms5003;3628;6.559;3.386;2026-02-12T19:04:28.833512+00:00;P0;14.00
4853;pms5003;3628;6.559;3.386;2026-02-12T19:09:13.907047+00:00;P2;16.00
4853;pms5003;3628;6.559;3.386;2026-02-12T19:09:13.907047+00:00;P1;16.00
4853;pms5003;3628;6.559;3.386;2026-02-12T19:09:13.907047+00:00;P0;12.00
4854;DHT22;3628;6.559;3.386;2026-02-12T19:09:33.855667+00:00;humidity;80.10
4854;DHT22;3628;6.559;3.386;2026-02-12T19:09:33.855667+00:00;temperature;31.50
4853;pms5003;3628;6.559;3.386;2026-02-12T19:14:51.033788+00:00;P2;14.25
4853;pms5003;3628;6.559;3.386;2026-02-12T19:14:51.033788+00:00;P1;14.25
4853;pms5003;3628;6.559;3.386;2026-02-12T19:14:51.033788+00:00;P0;10.00
4854;DHT22;3628;6.559;3.386;2026-02-12T19:15:08.455447+00:00;humidity;79.70
4854;DHT22;3628;6.559;3.386;2026-02-12T19:15:08.455447+00:00;temperature;31.60
4853;pms5003;3628;6.559;3.386;2026-02-12T19:20:25.569245+00:00;P2;14.00
4853;pms5003;3628;6.559;3.386;2026-02-12T19:20:25.569245+00:00;P1;16.20
4853;pms5003;3628;6.559;3.386;2026-02-12T19:20:25.569245+00:00;P0;10.00
4854;DHT22;3628;6.559;3.386;2026-02-12T19:20:45.928062+00:00;humidity;79.60
4854;DHT22;3628;6.559;3.386;2026-02-12T19:20:45.928062+00:00;temperature;31.50
4853;pms5003;3628;6.559;3.386;2026-02-13T06:04:02.233264+00:00;P2;46.00
4853;pms5003;3628;6.559;3.386;2026-02-13T06:04:02.233264+00:00;P1;60.50
4853;pms5003;3628;6.559;3.386;2026-02-13T06:04:02.233264+00:00;P0;31.00
4854;DHT22;3628;6.559;3.386;2026-02-13T09:12:16.852867+00:00;humidity;72.40
4854;DHT22;3628;6.559;3.386;2026-02-13T09:12:16.852867+00:00;temperature;34.50
4854;DHT22;3628;6.559;3.386;2026-02-13T09:22:41.033422+00:00;humidity;64.80
4854;DHT22;3628;6.559;3.386;2026-02-13T09:22:41.033422+00:00;temperature;37.30
4854;DHT22;3628;6.559;3.386;2026-02-13T09:33:29.409097+00:00;humidity;63.30
4854;DHT22;3628;6.559;3.386;2026-02-13T09:33:29.409097+00:00;temperature;37.80
4853;pms5003;3628;6.559;3.386;2026-02-13T09:38:46.807420+00:00;P2;15.33
4853;pms5003;3628;6.559;3.386;2026-02-13T09:38:46.807420+00:00;P1;22.67
4853;pms5003;3628;6.559;3.386;2026-02-13T09:38:46.807420+00:00;P0;10.33
4854;DHT22;3628;6.559;3.386;2026-02-13T09:39:05.442705+00:00;humidity;63.90
4854;DHT22;3628;6.559;3.386;2026-02-13T09:39:05.442705+00:00;temperature;37.50
4853;pms5003;3628;6.559;3.386;2026-02-13T09:44:22.473964+00:00;P2;16.50
4853;pms5003;3628;6.559;3.386;2026-02-13T09:44:22.473964+00:00;P1;16.50
4853;pms5003;3628;6.559;3.386;2026-02-13T09:44:22.473964+00:00;P0;11.75
4854;DHT22;3628;6.559;3.386;2026-02-13T09:44:40.952389+00:00;humidity;63.40
4854;DHT22;3628;6.559;3.386;2026-02-13T09:44:40.952389+00:00;temperature;38.00
4853;pms5003;3628;6.559;3.386;2026-02-13T09:49:58.306060+00:00;P2;15.75
4853;pms5003;3628;6.559;3.386;2026-02-13T09:49:58.306060+00:00;P1;30.25
4853;pms5003;3628;6.559;3.386;2026-02-13T09:49:58.306060+00:00;P0;11.00
4854;DHT22;3628;6.559;3.386;2026-02-13T09:50:15.766521+00:00;humidity;61.10
4854;DHT22;3628;6.559;3.386;2026-02-13T09:50:15.766521+00:00;temperature;38.90
4853;pms5003;3628;6.559;3.386;2026-02-13T09:55:33.038060+00:00;P2;17.75
4853;pms5003;3628;6.559;3.386;2026-02-13T09:55:33.038060+00:00;P1;24.50
4853;pms5003;3628;6.559;3.386;2026-02-13T09:55:33.038060+00:00;P0;12.50
4853;pms5003;3628;6.559;3.386;2026-02-13T10:11:56.046049+00:00;P2;20.50
4853;pms5003;3628;6.559;3.386;2026-02-13T10:11:56.046049+00:00;P1;24.00
4853;pms5003;3628;6.559;3.386;2026-02-13T10:11:56.046049+00:00;P0;13.50
4854;DHT22;3628;6.559;3.386;2026-02-13T10:28:00.092017+00:00;humidity;67.00
4854;DHT22;3628;6.559;3.386;2026-02-13T10:28:00.092017+00:00;temperature;36.20
4853;pms5003;3628;6.559;3.386;2026-02-13T10:33:17.267794+00:00;P2;15.50
4853;pms5003;3628;6.559;3.386;2026-02-13T10:33:17.267794+00:00;P1;24.25
4853;pms5003;3628;6.559;3.386;2026-02-13T10:33:17.267794+00:00;P0;10.50
4854;DHT22;3628;6.559;3.386;2026-02-13T10:33:34.629859+00:00;humidity;67.50
4854;DHT22;3628;6.559;3.386;2026-02-13T10:33:34.629859+00:00;temperature;35.80
4854;DHT22;3628;6.559;3.386;2026-02-13T10:39:09.163467+00:00;humidity;65.00
4854;DHT22;3628;6.559;3.386;2026-02-13T10:39:09.163467+00:00;temperature;37.00
4853;pms5003;3628;6.559;3.386;2026-02-13T10:44:26.467954+00:00;P2;14.50
4853;pms5003;3628;6.559;3.386;2026-02-13T10:44:26.467954+00:00;P1;16.00
4853;pms5003;3628;6.559;3.386;2026-02-13T10:44:26.467954+00:00;P0;11.00
4854;DHT22;3628;6.559;3.386;2026-02-13T10:44:43.815330+00:00;humidity;64.30
4854;DHT22;3628;6.559;3.386;2026-02-13T10:44:43.815330+00:00;temperature;36.80
4853;pms5003;3628;6.559;3.386;2026-02-13T10:50:00.985394+00:00;P2;17.00
4853;pms5003;3628;6.559;3.386;2026-02-13T10:50:00.985394+00:00;P1;21.50
4853;pms5003;3628;6.559;3.386;2026-02-13T10:50:00.985394+00:00;P0;11.50
4854;DHT22;3628;6.559;3.386;2026-02-13T10:50:18.336348+00:00;humidity;62.80
4854;DHT22;3628;6.559;3.386;2026-02-13T10:50:18.336348+00:00;temperature;37.40
4854;DHT22;3628;6.559;3.386;2026-02-13T10:56:19.139467+00:00;humidity;63.50
4854;DHT22;3628;6.559;3.386;2026-02-13T10:56:19.139467+00:00;temperature;36.70
4853;pms5003;3628;6.559;3.386;2026-02-13T11:01:36.314114+00:00;P2;19.00
4853;pms5003;3628;6.559;3.386;2026-02-13T11:01:36.314114+00:00;P1;25.20
4853;pms5003;3628;6.559;3.386;2026-02-13T11:01:36.314114+00:00;P0;12.00
4854;DHT22;3628;6.559;3.386;2026-02-13T11:01:53.651159+00:00;humidity;63.60
4854;DHT22;3628;6.559;3.386;2026-02-13T11:01:53.651159+00:00;temperature;37.00
4853;pms5003;3628;6.559;3.386;2026-02-13T11:17:57.589540+00:00;P2;18.67
4853;pms5003;3628;6.559;3.386;2026-02-13T11:17:57.589540+00:00;P1;20.33
4853;pms5003;3628;6.559;3.386;2026-02-13T11:17:57.589540+00:00;P0;14.33
4854;DHT22;3628;6.559;3.386;2026-02-13T11:18:15.077310+00:00;humidity;63.60
4854;DHT22;3628;6.559;3.386;2026-02-13T11:18:15.077310+00:00;temperature;36.60
4853;pms5003;3628;6.559;3.386;2026-02-13T11:23:32.297026+00:00;P2;20.00
4853;pms5003;3628;6.559;3.386;2026-02-13T11:23:32.297026+00:00;P1;21.50
4853;pms5003;3628;6.559;3.386;2026-02-13T11:23:32.297026+00:00;P0;14.00
4854;DHT22;3628;6.559;3.386;2026-02-13T11:23:49.659359+00:00;humidity;63.70
4854;DHT22;3628;6.559;3.386;2026-02-13T11:23:49.659359+00:00;temperature;36.50
4853;pms5003;3628;6.559;3.386;2026-02-13T11:34:30.528973+00:00;P2;18.00
4853;pms5003;3628;6.559;3.386;2026-02-13T11:34:30.528973+00:00;P1;18.00
4853;pms5003;3628;6.559;3.386;2026-02-13T11:34:30.528973+00:00;P0;12.00
4854;DHT22;3628;6.559;3.386;2026-02-13T11:34:47.872310+00:00;humidity;60.20
4854;DHT22;3628;6.559;3.386;2026-02-13T11:34:47.872310+00:00;temperature;38.60
4853;pms5003;3628;6.559;3.386;2026-02-13T11:40:05.044724+00:00;P2;25.60
4853;pms5003;3628;6.559;3.386;2026-02-13T11:40:05.044724+00:00;P1;42.80
4853;pms5003;3628;6.559;3.386;2026-02-13T11:40:05.044724+00:00;P0;20.00
4853;pms5003;3628;6.559;3.386;2026-02-13T11:45:29.453572+00:00;P2;19.00
4853;pms5003;3628;6.559;3.386;2026-02-13T11:45:29.453572+00:00;P1;26.00
4853;pms5003;3628;6.559;3.386;2026-02-13T11:45:29.453572+00:00;P0;13.33
4853;pms5003;3628;6.559;3.386;2026-02-13T11:51:04.210979+00:00;P2;17.60
4853;pms5003;3628;6.559;3.386;2026-02-13T11:51:04.210979+00:00;P1;23.60
4853;pms5003;3628;6.559;3.386;2026-02-13T11:51:04.210979+00:00;P0;12.60
4854;DHT22;3628;6.559;3.386;2026-02-13T11:51:21.578143+00:00;humidity;62.40
4854;DHT22;3628;6.559;3.386;2026-02-13T11:51:21.578143+00:00;temperature;37.30
4854;DHT22;3628;6.559;3.386;2026-02-13T11:56:45.318783+00:00;humidity;62.00
4854;DHT22;3628;6.559;3.386;2026-02-13T11:56:45.318783+00:00;temperature;37.80
4854;DHT22;3628;6.559;3.386;2026-02-13T12:02:19.831199+00:00;humidity;60.50
4854;DHT22;3628;6.559;3.386;2026-02-13T12:02:19.831199+00:00;temperature;39.10
4853;pms5003;3628;6.559;3.386;2026-02-13T12:13:01.355955+00:00;P2;16.00
4853;pms5003;3628;6.559;3.386;2026-02-13T12:13:01.355955+00:00;P1;17.00
4853;pms5003;3628;6.559;3.386;2026-02-13T12:13:01.355955+00:00;P0;12.00
4853;pms5003;3628;6.559;3.386;2026-02-13T12:18:25.318227+00:00;P2;14.00
4853;pms5003;3628;6.559;3.386;2026-02-13T12:18:25.318227+00:00;P1;14.00
4853;pms5003;3628;6.559;3.386;2026-02-13T12:18:25.318227+00:00;P0;10.00
4854;DHT22;3628;6.559;3.386;2026-02-13T12:18:42.781676+00:00;humidity;58.90
4854;DHT22;3628;6.559;3.386;2026-02-13T12:18:42.781676+00:00;temperature;39.00
4853;pms5003;3628;6.559;3.386;2026-02-13T12:23:59.990696+00:00;P2;14.25
4853;pms5003;3628;6.559;3.386;2026-02-13T12:23:59.990696+00:00;P1;15.25
4853;pms5003;3628;6.559;3.386;2026-02-13T12:23:59.990696+00:00;P0;10.50
4854;DHT22;3628;6.559;3.386;2026-02-13T12:29:41.631842+00:00;humidity;56.60
4854;DHT22;3628;6.559;3.386;2026-02-13T12:29:41.631842+00:00;temperature;39.20
4853;pms5003;3628;6.559;3.386;2026-02-13T12:34:58.921645+00:00;P2;16.00
4853;pms5003;3628;6.559;3.386;2026-02-13T12:34:58.921645+00:00;P1;20.00
4853;pms5003;3628;6.559;3.386;2026-02-13T12:34:58.921645+00:00;P0;10.00
4854;DHT22;3628;6.559;3.386;2026-02-13T12:35:16.335156+00:00;humidity;56.90
4854;DHT22;3628;6.559;3.386;2026-02-13T12:35:16.335156+00:00;temperature;39.30
4854;DHT22;3628;6.559;3.386;2026-02-13T12:40:51.046378+00:00;humidity;55.80
4854;DHT22;3628;6.559;3.386;2026-02-13T12:40:51.046378+00:00;temperature;39.90
4853;pms5003;3628;6.559;3.386;2026-02-13T12:46:08.312060+00:00;P2;20.00
4853;pms5003;3628;6.559;3.386;2026-02-13T12:46:08.312060+00:00;P1;30.40
4853;pms5003;3628;6.559;3.386;2026-02-13T12:46:08.312060+00:00;P0;13.60
4854;DHT22;3628;6.559;3.386;2026-02-13T12:51:39.316451+00:00;humidity;60.10
4854;DHT22;3628;6.559;3.386;2026-02-13T12:51:39.316451+00:00;temperature;38.00
4853;pms5003;3628;6.559;3.386;2026-02-13T12:56:56.513568+00:00;P2;17.00
4853;pms5003;3628;6.559;3.386;2026-02-13T12:56:56.513568+00:00;P1;18.25
4853;pms5003;3628;6.559;3.386;2026-02-13T12:56:56.513568+00:00;P0;12.00
4853;pms5003;3628;6.559;3.386;2026-02-13T13:02:23.475838+00:00;P2;20.75
4853;pms5003;3628;6.559;3.386;2026-02-13T13:02:23.475838+00:00;P1;22.00
4853;pms5003;3628;6.559;3.386;2026-02-13T13:02:23.475838+00:00;P0;12.75
4853;pms5003;3628;6.559;3.386;2026-02-13T13:07:58.193770+00:00;P2;16.25
4853;pms5003;3628;6.559;3.386;2026-02-13T13:07:58.193770+00:00;P1;24.50
4853;pms5003;3628;6.559;3.386;2026-02-13T13:07:58.193770+00:00;P0;11.00
4854;DHT22;3628;6.559;3.386;2026-02-13T13:08:15.617423+00:00;humidity;61.20
4854;DHT22;3628;6.559;3.386;2026-02-13T13:08:15.617423+00:00;temperature;37.10
4853;pms5003;3628;6.559;3.386;2026-02-13T13:13:32.847834+00:00;P2;18.00
4853;pms5003;3628;6.559;3.386;2026-02-13T13:13:32.847834+00:00;P1;19.67
4853;pms5003;3628;6.559;3.386;2026-02-13T13:13:32.847834+00:00;P0;13.00
4853;pms5003;3628;6.559;3.386;2026-02-13T13:19:07.531487+00:00;P2;21.80
4853;pms5003;3628;6.559;3.386;2026-02-13T13:19:07.531487+00:00;P1;35.40
4853;pms5003;3628;6.559;3.386;2026-02-13T13:19:07.531487+00:00;P0;14.60
4854;DHT22;3628;6.559;3.386;2026-02-13T13:24:48.914617+00:00;humidity;60.40
4854;DHT22;3628;6.559;3.386;2026-02-13T13:24:48.914617+00:00;temperature;37.20
4853;pms5003;3628;6.559;3.386;2026-02-13T13:30:06.114144+00:00;P2;18.33
4853;pms5003;3628;6.559;3.386;2026-02-13T13:30:06.114144+00:00;P1;20.33
4853;pms5003;3628;6.559;3.386;2026-02-13T13:30:06.114144+00:00;P0;13.33
4854;DHT22;3628;6.559;3.386;2026-02-13T13:30:23.596020+00:00;humidity;55.70
4854;DHT22;3628;6.559;3.386;2026-02-13T13:30:23.596020+00:00;temperature;39.50
4853;pms5003;3628;6.559;3.386;2026-02-13T13:35:49.597274+00:00;P2;21.00
4853;pms5003;3628;6.559;3.386;2026-02-13T13:35:49.597274+00:00;P1;32.25
4853;pms5003;3628;6.559;3.386;2026-02-13T13:35:49.597274+00:00;P0;15.00
4854;DHT22;3628;6.559;3.386;2026-02-13T13:41:31.280696+00:00;humidity;56.60
4854;DHT22;3628;6.559;3.386;2026-02-13T13:41:31.280696+00:00;temperature;39.00
4853;pms5003;3628;6.559;3.386;2026-02-13T13:46:42.708893+00:00;P2;19.20
4853;pms5003;3628;6.559;3.386;2026-02-13T13:46:42.708893+00:00;P1;21.60
4853;pms5003;3628;6.559;3.386;2026-02-13T13:46:42.708893+00:00;P0;12.20
4854;DHT22;3628;6.559;3.386;2026-02-13T13:47:02.947198+00:00;humidity;58.10
4854;DHT22;3628;6.559;3.386;2026-02-13T13:47:02.947198+00:00;temperature;37.90
4853;pms5003;3628;6.559;3.386;2026-02-13T13:52:17.374486+00:00;P2;18.00
4853;pms5003;3628;6.559;3.386;2026-02-13T13:52:17.374486+00:00;P1;18.60
4853;pms5003;3628;6.559;3.386;2026-02-13T13:52:17.374486+00:00;P0;12.00
4854;DHT22;3628;6.559;3.386;2026-02-13T13:52:34.834026+00:00;humidity;56.90
4854;DHT22;3628;6.559;3.386;2026-02-13T13:52:34.834026+00:00;temperature;38.70
4853;pms5003;3628;6.559;3.386;2026-02-13T14:03:08.632854+00:00;P2;15.00
4853;pms5003;3628;6.559;3.386;2026-02-13T14:03:08.632854+00:00;P1;17.00
4853;pms5003;3628;6.559;3.386;2026-02-13T14:03:08.632854+00:00;P0;10.00
4854;DHT22;3628;6.559;3.386;2026-02-13T14:03:28.699007+00:00;humidity;56.40
4854;DHT22;3628;6.559;3.386;2026-02-13T14:03:28.699007+00:00;temperature;39.20
4854;DHT22;3628;6.559;3.386;2026-02-13T14:19:30.390960+00:00;humidity;55.70
4854;DHT22;3628;6.559;3.386;2026-02-13T14:19:30.390960+00:00;temperature;39.40
4853;pms5003;3628;6.559;3.386;2026-02-13T14:24:47.607226+00:00;P2;17.00
4853;pms5003;3628;6.559;3.386;2026-02-13T14:24:47.607226+00:00;P1;26.67
4853;pms5003;3628;6.559;3.386;2026-02-13T14:24:47.607226+00:00;P0;10.00
4854;DHT22;3628;6.559;3.386;2026-02-13T14:25:05.000308+00:00;humidity;54.50
4854;DHT22;3628;6.559;3.386;2026-02-13T14:25:05.000308+00:00;temperature;39.70
4853;pms5003;3628;6.559;3.386;2026-02-13T14:30:22.215935+00:00;P2;15.33
4853;pms5003;3628;6.559;3.386;2026-02-13T14:30:22.215935+00:00;P1;16.33
4853;pms5003;3628;6.559;3.386;2026-02-13T14:30:22.215935+00:00;P0;11.00
4854;DHT22;3628;6.559;3.386;2026-02-13T14:30:39.579951+00:00;humidity;54.20
4854;DHT22;3628;6.559;3.386;2026-02-13T14:30:39.579951+00:00;temperature;40.00
4853;pms5003;3628;6.559;3.386;2026-02-13T14:35:56.775480+00:00;P2;15.00
4853;pms5003;3628;6.559;3.386;2026-02-13T14:35:56.775480+00:00;P1;16.75
4853;pms5003;3628;6.559;3.386;2026-02-13T14:35:56.775480+00:00;P0;10.00
4854;DHT22;3628;6.559;3.386;2026-02-13T14:36:14.163031+00:00;humidity;54.50
4854;DHT22;3628;6.559;3.386;2026-02-13T14:36:14.163031+00:00;temperature;40.30
4853;pms5003;3628;6.559;3.386;2026-02-13T14:41:31.347689+00:00;P2;13.00
4853;pms5003;3628;6.559;3.386;2026-02-13T14:41:31.347689+00:00;P1;14.00
4853;pms5003;3628;6.559;3.386;2026-02-13T14:41:31.347689+00:00;P0;10.00
4854;DHT22;3628;6.559;3.386;2026-02-13T14:47:01.983233+00:00;humidity;57.10
4854;DHT22;3628;6.559;3.386;2026-02-13T14:47:01.983233+00:00;temperature;39.40
4853;pms5003;3628;6.559;3.386;2026-02-13T14:52:19.232168+00:00;P2;19.20
4853;pms5003;3628;6.559;3.386;2026-02-13T14:52:19.232168+00:00;P1;20.60
4853;pms5003;3628;6.559;3.386;2026-02-13T14:52:19.232168+00:00;P0;14.00
4854;DHT22;3628;6.559;3.386;2026-02-13T14:52:36.638241+00:00;humidity;55.00
4854;DHT22;3628;6.559;3.386;2026-02-13T14:52:36.638241+00:00;temperature;40.40
4854;DHT22;3628;6.559;3.386;2026-02-13T14:58:00.776428+00:00;humidity;54.70
4854;DHT22;3628;6.559;3.386;2026-02-13T14:58:00.776428+00:00;temperature;40.40
4853;pms5003;3628;6.559;3.386;2026-02-13T15:03:18.016505+00:00;P2;15.50
4853;pms5003;3628;6.559;3.386;2026-02-13T15:03:18.016505+00:00;P1;19.00
4853;pms5003;3628;6.559;3.386;2026-02-13T15:03:18.016505+00:00;P0;11.50
4854;DHT22;3628;6.559;3.386;2026-02-13T15:03:35.335163+00:00;humidity;55.90
4854;DHT22;3628;6.559;3.386;2026-02-13T15:03:35.335163+00:00;temperature;39.80
4853;pms5003;3628;6.559;3.386;2026-02-13T15:08:52.542302+00:00;P2;19.00
4853;pms5003;3628;6.559;3.386;2026-02-13T15:08:52.542302+00:00;P1;21.00
4853;pms5003;3628;6.559;3.386;2026-02-13T15:08:52.542302+00:00;P0;12.00
4853;pms5003;3628;6.559;3.386;2026-02-13T15:14:16.438754+00:00;P2;17.50
4853;pms5003;3628;6.559;3.386;2026-02-13T15:14:16.438754+00:00;P1;19.50
4853;pms5003;3628;6.559;3.386;2026-02-13T15:14:16.438754+00:00;P0;12.50
4854;DHT22;3628;6.559;3.386;2026-02-13T15:14:33.792199+00:00;humidity;59.60
4854;DHT22;3628;6.559;3.386;2026-02-13T15:14:33.792199+00:00;temperature;38.50
4854;DHT22;3628;6.559;3.386;2026-02-13T15:19:57.955908+00:00;humidity;58.40
4854;DHT22;3628;6.559;3.386;2026-02-13T15:19:57.955908+00:00;temperature;39.10
4853;pms5003;3628;6.559;3.386;2026-02-13T15:25:15.146477+00:00;P2;18.50
4853;pms5003;3628;6.559;3.386;2026-02-13T15:25:15.146477+00:00;P1;20.50
4853;pms5003;3628;6.559;3.386;2026-02-13T15:25:15.146477+00:00;P0;12.50
4853;pms5003;3628;6.559;3.386;2026-02-13T15:30:49.867896+00:00;P2;19.40
4853;pms5003;3628;6.559;3.386;2026-02-13T15:30:49.867896+00:00;P1;22.00
4853;pms5003;3628;6.559;3.386;2026-02-13T15:30:49.867896+00:00;P0;13.60
4854;DHT22;3628;6.559;3.386;2026-02-13T15:31:07.165489+00:00;humidity;58.40
4854;DHT22;3628;6.559;3.386;2026-02-13T15:31:07.165489+00:00;temperature;38.80
4853;pms5003;3628;6.559;3.386;2026-02-13T15:41:48.411999+00:00;P2;13.00
4853;pms5003;3628;6.559;3.386;2026-02-13T15:41:48.411999+00:00;P1;14.00
4853;pms5003;3628;6.559;3.386;2026-02-13T15:41:48.411999+00:00;P0;11.00
4853;pms5003;3628;6.559;3.386;2026-02-13T15:47:15.057302+00:00;P2;14.00
4853;pms5003;3628;6.559;3.386;2026-02-13T15:47:15.057302+00:00;P1;25.50
4853;pms5003;3628;6.559;3.386;2026-02-13T15:47:15.057302+00:00;P0;10.50
4854;DHT22;3628;6.559;3.386;2026-02-13T15:47:32.410550+00:00;humidity;60.00
4854;DHT22;3628;6.559;3.386;2026-02-13T15:47:32.410550+00:00;temperature;37.90
4854;DHT22;3628;6.559;3.386;2026-02-13T15:52:56.281965+00:00;humidity;60.00
4854;DHT22;3628;6.559;3.386;2026-02-13T15:52:56.281965+00:00;temperature;38.60
4854;DHT22;3628;6.559;3.386;2026-02-13T16:03:36.520450+00:00;humidity;60.90
4854;DHT22;3628;6.559;3.386;2026-02-13T16:03:36.520450+00:00;temperature;37.90
4853;pms5003;3628;6.559;3.386;2026-02-13T16:08:53.824564+00:00;P2;14.50
4853;pms5003;3628;6.559;3.386;2026-02-13T16:08:53.824564+00:00;P1;15.25
4853;pms5003;3628;6.559;3.386;2026-02-13T16:08:53.824564+00:00;P0;9.00
4854;DHT22;3628;6.559;3.386;2026-02-13T16:09:11.199608+00:00;humidity;60.90
4854;DHT22;3628;6.559;3.386;2026-02-13T16:09:11.199608+00:00;temperature;37.90
4853;pms5003;3628;6.559;3.386;2026-02-13T16:19:52.649372+00:00;P2;22.00
4853;pms5003;3628;6.559;3.386;2026-02-13T16:19:52.649372+00:00;P1;23.33
4853;pms5003;3628;6.559;3.386;2026-02-13T16:19:52.649372+00:00;P0;14.67
4854;DHT22;3628;6.559;3.386;2026-02-13T16:20:10.045179+00:00;humidity;62.20
4854;DHT22;3628;6.559;3.386;2026-02-13T16:20:10.045179+00:00;temperature;37.50
4854;DHT22;3628;6.559;3.386;2026-02-13T16:25:34.461875+00:00;humidity;63.50
4854;DHT22;3628;6.559;3.386;2026-02-13T16:25:34.461875+00:00;temperature;37.10
4853;pms5003;3628;6.559;3.386;2026-02-13T16:30:51.636824+00:00;P2;12.50
4853;pms5003;3628;6.559;3.386;2026-02-13T16:30:51.636824+00:00;P1;15.00
4853;pms5003;3628;6.559;3.386;2026-02-13T16:30:51.636824+00:00;P0;9.50
4854;DHT22;3628;6.559;3.386;2026-02-13T16:31:08.964363+00:00;humidity;63.90
4854;DHT22;3628;6.559;3.386;2026-02-13T16:31:08.964363+00:00;temperature;36.70
4854;DHT22;3628;6.559;3.386;2026-02-13T16:36:38.859350+00:00;humidity;66.30
4854;DHT22;3628;6.559;3.386;2026-02-13T16:36:38.859350+00:00;temperature;35.90
4853;pms5003;3628;6.559;3.386;2026-02-13T16:41:56.153076+00:00;P2;15.00
4853;pms5003;3628;6.559;3.386;2026-02-13T16:41:56.153076+00:00;P1;16.00
4853;pms5003;3628;6.559;3.386;2026-02-13T16:41:56.153076+00:00;P0;9.50
4854;DHT22;3628;6.559;3.386;2026-02-13T16:42:13.576004+00:00;humidity;66.80
4854;DHT22;3628;6.559;3.386;2026-02-13T16:42:13.576004+00:00;temperature;35.40
4853;pms5003;3628;6.559;3.386;2026-02-13T16:47:30.784627+00:00;P2;14.00
4853;pms5003;3628;6.559;3.386;2026-02-13T16:47:30.784627+00:00;P1;18.50
4853;pms5003;3628;6.559;3.386;2026-02-13T16:47:30.784627+00:00;P0;9.50
4854;DHT22;3628;6.559;3.386;2026-02-13T16:58:25.047091+00:00;humidity;67.50
4854;DHT22;3628;6.559;3.386;2026-02-13T16:58:25.047091+00:00;temperature;35.60
4853;pms5003;3628;6.559;3.386;2026-02-13T17:03:42.211211+00:00;P2;13.50
4853;pms5003;3628;6.559;3.386;2026-02-13T17:03:42.211211+00:00;P1;18.00
4853;pms5003;3628;6.559;3.386;2026-02-13T17:03:42.211211+00:00;P0;8.00
4854;DHT22;3628;6.559;3.386;2026-02-13T17:03:59.558900+00:00;humidity;70.60
4854;DHT22;3628;6.559;3.386;2026-02-13T17:03:59.558900+00:00;temperature;34.60
4854;DHT22;3628;6.559;3.386;2026-02-13T17:09:23.241820+00:00;humidity;72.50
4854;DHT22;3628;6.559;3.386;2026-02-13T17:09:23.241820+00:00;temperature;34.00
4853;pms5003;3628;6.559;3.386;2026-02-13T17:14:40.412733+00:00;P2;15.00
4853;pms5003;3628;6.559;3.386;2026-02-13T17:14:40.412733+00:00;P1;17.50
4853;pms5003;3628;6.559;3.386;2026-02-13T17:14:40.412733+00:00;P0;10.50
4853;pms5003;3628;6.559;3.386;2026-02-13T17:20:15.102077+00:00;P2;23.20
4853;pms5003;3628;6.559;3.386;2026-02-13T17:20:15.102077+00:00;P1;27.80
4853;pms5003;3628;6.559;3.386;2026-02-13T17:20:15.102077+00:00;P0;17.60
4854;DHT22;3628;6.559;3.386;2026-02-13T17:20:32.479166+00:00;humidity;73.20
4854;DHT22;3628;6.559;3.386;2026-02-13T17:20:32.479166+00:00;temperature;33.70
4853;pms5003;3628;6.559;3.386;2026-02-13T17:31:05.888404+00:00;P2;14.00
4853;pms5003;3628;6.559;3.386;2026-02-13T17:31:05.888404+00:00;P1;28.50
4853;pms5003;3628;6.559;3.386;2026-02-13T17:31:05.888404+00:00;P0;8.25
4854;DHT22;3628;6.559;3.386;2026-02-13T17:31:23.239671+00:00;humidity;74.80
4854;DHT22;3628;6.559;3.386;2026-02-13T17:31:23.239671+00:00;temperature;33.30
4854;DHT22;3628;6.559;3.386;2026-02-13T17:36:57.837073+00:00;humidity;76.90
4854;DHT22;3628;6.559;3.386;2026-02-13T17:36:57.837073+00:00;temperature;33.00
4853;pms5003;3628;6.559;3.386;2026-02-13T17:42:15.035975+00:00;P2;24.00
4853;pms5003;3628;6.559;3.386;2026-02-13T17:42:15.035975+00:00;P1;27.67
4853;pms5003;3628;6.559;3.386;2026-02-13T17:42:15.035975+00:00;P0;15.33
4853;pms5003;3628;6.559;3.386;2026-02-13T17:47:49.559237+00:00;P2;23.75
4853;pms5003;3628;6.559;3.386;2026-02-13T17:47:49.559237+00:00;P1;37.50
4853;pms5003;3628;6.559;3.386;2026-02-13T17:47:49.559237+00:00;P0;14.00
4854;DHT22;3628;6.559;3.386;2026-02-13T17:48:06.932900+00:00;humidity;76.80
4854;DHT22;3628;6.559;3.386;2026-02-13T17:48:06.932900+00:00;temperature;32.80
4853;pms5003;3628;6.559;3.386;2026-02-13T17:53:24.099146+00:00;P2;16.50
4853;pms5003;3628;6.559;3.386;2026-02-13T17:53:24.099146+00:00;P1;20.00
4853;pms5003;3628;6.559;3.386;2026-02-13T17:53:24.099146+00:00;P0;10.00
4854;DHT22;3628;6.559;3.386;2026-02-13T17:53:41.563230+00:00;humidity;77.00
4854;DHT22;3628;6.559;3.386;2026-02-13T17:53:41.563230+00:00;temperature;32.60
4853;pms5003;3628;6.559;3.386;2026-02-13T17:58:58.716002+00:00;P2;15.25
4853;pms5003;3628;6.559;3.386;2026-02-13T17:58:58.716002+00:00;P1;15.25
4853;pms5003;3628;6.559;3.386;2026-02-13T17:58:58.716002+00:00;P0;9.25
4853;pms5003;3628;6.559;3.386;2026-02-13T18:04:33.299204+00:00;P2;15.00
4853;pms5003;3628;6.559;3.386;2026-02-13T18:04:33.299204+00:00;P1;16.75
4853;pms5003;3628;6.559;3.386;2026-02-13T18:04:33.299204+00:00;P0;10.75
4854;DHT22;3628;6.559;3.386;2026-02-13T18:04:50.654505+00:00;humidity;77.80
4854;DHT22;3628;6.559;3.386;2026-02-13T18:04:50.654505+00:00;temperature;32.40
4854;DHT22;3628;6.559;3.386;2026-02-13T18:15:38.307664+00:00;humidity;78.00
4854;DHT22;3628;6.559;3.386;2026-02-13T18:15:38.307664+00:00;temperature;32.40
4854;DHT22;3628;6.559;3.386;2026-02-13T18:21:02.562746+00:00;humidity;78.60
4854;DHT22;3628;6.559;3.386;2026-02-13T18:21:02.562746+00:00;temperature;32.20
4853;pms5003;3628;6.559;3.386;2026-02-13T18:26:19.755247+00:00;P2;17.00
4853;pms5003;3628;6.559;3.386;2026-02-13T18:26:19.755247+00:00;P1;19.00
4853;pms5003;3628;6.559;3.386;2026-02-13T18:26:19.755247+00:00;P0;10.00
4854;DHT22;3628;6.559;3.386;2026-02-13T18:26:37.093101+00:00;humidity;78.90
4854;DHT22;3628;6.559;3.386;2026-02-13T18:26:37.093101+00:00;temperature;32.20
4854;DHT22;3628;6.559;3.386;2026-02-13T18:32:11.560129+00:00;humidity;78.60
4854;DHT22;3628;6.559;3.386;2026-02-13T18:32:11.560129+00:00;temperature;32.20
4853;pms5003;3628;6.559;3.386;2026-02-13T18:37:28.743630+00:00;P2;20.00
4853;pms5003;3628;6.559;3.386;2026-02-13T18:37:28.743630+00:00;P1;21.00
4853;pms5003;3628;6.559;3.386;2026-02-13T18:37:28.743630+00:00;P0;14.00
4853;pms5003;3628;6.559;3.386;2026-02-13T18:48:16.864982+00:00;P2;14.50
4853;pms5003;3628;6.559;3.386;2026-02-13T18:48:16.864982+00:00;P1;15.00
4853;pms5003;3628;6.559;3.386;2026-02-13T18:48:16.864982+00:00;P0;10.50
4854;DHT22;3628;6.559;3.386;2026-02-13T18:48:34.206940+00:00;humidity;79.50
4854;DHT22;3628;6.559;3.386;2026-02-13T18:48:34.206940+00:00;temperature;32.10
4853;pms5003;3628;6.559;3.386;2026-02-13T18:53:51.446820+00:00;P2;14.00
4853;pms5003;3628;6.559;3.386;2026-02-13T18:53:51.446820+00:00;P1;14.50
4853;pms5003;3628;6.559;3.386;2026-02-13T18:53:51.446820+00:00;P0;10.00
4854;DHT22;3628;6.559;3.386;2026-02-13T18:54:08.756149+00:00;humidity;79.60
4854;DHT22;3628;6.559;3.386;2026-02-13T18:54:08.756149+00:00;temperature;32.10
4854;DHT22;3628;6.559;3.386;2026-02-13T18:59:32.594184+00:00;humidity;80.00
4854;DHT22;3628;6.559;3.386;2026-02-13T18:59:32.594184+00:00;temperature;31.90
4853;pms5003;3628;6.559;3.386;2026-02-13T19:04:49.804284+00:00;P2;17.00
4853;pms5003;3628;6.559;3.386;2026-02-13T19:04:49.804284+00:00;P1;28.00
4853;pms5003;3628;6.559;3.386;2026-02-13T19:04:49.804284+00:00;P0;10.00
4854;DHT22;3628;6.559;3.386;2026-02-13T19:05:07.197218+00:00;humidity;80.20
4854;DHT22;3628;6.559;3.386;2026-02-13T19:05:07.197218+00:00;temperature;32.00
4853;pms5003;3628;6.559;3.386;2026-02-13T19:10:24.388222+00:00;P2;15.00
4853;pms5003;3628;6.559;3.386;2026-02-13T19:10:24.388222+00:00;P1;19.00
4853;pms5003;3628;6.559;3.386;2026-02-13T19:10:24.388222+00:00;P0;10.00
4854;DHT22;3628;6.559;3.386;2026-02-13T19:10:41.715438+00:00;humidity;80.20
4854;DHT22;3628;6.559;3.386;2026-02-13T19:10:41.715438+00:00;temperature;32.00
4854;DHT22;3628;6.559;3.386;2026-02-13T19:16:08.788961+00:00;humidity;80.70
4854;DHT22;3628;6.559;3.386;2026-02-13T19:16:08.788961+00:00;temperature;32.00
4853;pms5003;3628;6.559;3.386;2026-02-13T19:21:25.806514+00:00;P2;18.00
4853;pms5003;3628;6.559;3.386;2026-02-13T19:21:25.806514+00:00;P1;20.00
4853;pms5003;3628;6.559;3.386;2026-02-13T19:21:25.806514+00:00;P0;12.00
4854;DHT22;3628;6.559;3.386;2026-02-13T19:21:51.803024+00:00;humidity;80.40
4854;DHT22;3628;6.559;3.386;2026-02-13T19:21:51.803024+00:00;temperature;31.90
4853;pms5003;3628;6.559;3.386;2026-02-13T19:27:09.010901+00:00;P2;16.75
4853;pms5003;3628;6.559;3.386;2026-02-13T19:27:09.010901+00:00;P1;21.50
4853;pms5003;3628;6.559;3.386;2026-02-13T19:27:09.010901+00:00;P0;13.00
4854;DHT22;3628;6.559;3.386;2026-02-13T19:27:28.932460+00:00;humidity;80.60
4854;DHT22;3628;6.559;3.386;2026-02-13T19:27:28.932460+00:00;temperature;31.90
4853;pms5003;3628;6.559;3.386;2026-02-13T19:38:24.333074+00:00;P2;25.67
4853;pms5003;3628;6.559;3.386;2026-02-13T19:38:24.333074+00:00;P1;28.67
4853;pms5003;3628;6.559;3.386;2026-02-13T19:38:24.333074+00:00;P0;17.00
4853;pms5003;3628;6.559;3.386;2026-02-13T19:43:58.355482+00:00;P2;19.50
4853;pms5003;3628;6.559;3.386;2026-02-13T19:43:58.355482+00:00;P1;29.50
4853;pms5003;3628;6.559;3.386;2026-02-13T19:43:58.355482+00:00;P0;13.00
4854;DHT22;3628;6.559;3.386;2026-02-13T19:44:21.320423+00:00;humidity;80.70
4854;DHT22;3628;6.559;3.386;2026-02-13T19:44:21.320423+00:00;temperature;31.90
4853;pms5003;3628;6.559;3.386;2026-02-13T19:49:38.537133+00:00;P2;20.25
4853;pms5003;3628;6.559;3.386;2026-02-13T19:49:38.537133+00:00;P1;21.25
4853;pms5003;3628;6.559;3.386;2026-02-13T19:49:38.537133+00:00;P0;12.00
4854;DHT22;3628;6.559;3.386;2026-02-13T19:49:55.984803+00:00;humidity;80.20
4854;DHT22;3628;6.559;3.386;2026-02-13T19:49:55.984803+00:00;temperature;31.90
4853;pms5003;3628;6.559;3.386;2026-02-13T19:55:19.123615+00:00;P2;20.25
4853;pms5003;3628;6.559;3.386;2026-02-13T19:55:19.123615+00:00;P1;21.50
4853;pms5003;3628;6.559;3.386;2026-02-13T19:55:19.123615+00:00;P0;14.00
4854;DHT22;3628;6.559;3.386;2026-02-13T20:01:08.699940+00:00;humidity;80.20
4854;DHT22;3628;6.559;3.386;2026-02-13T20:01:08.699940+00:00;temperature;31.90
4853;pms5003;3628;6.559;3.386;2026-02-13T20:06:28.904801+00:00;P2;17.40
4853;pms5003;3628;6.559;3.386;2026-02-13T20:06:28.904801+00:00;P1;32.40
4853;pms5003;3628;6.559;3.386;2026-02-13T20:06:28.904801+00:00;P0;11.60
4854;DHT22;3628;6.559;3.386;2026-02-13T20:06:51.882878+00:00;humidity;81.20
4854;DHT22;3628;6.559;3.386;2026-02-13T20:06:51.882878+00:00;temperature;31.70
4854;DHT22;3628;6.559;3.386;2026-02-13T20:12:22.006338+00:00;humidity;81.00
4854;DHT22;3628;6.559;3.386;2026-02-13T20:12:22.006338+00:00;temperature;31.80
4854;DHT22;3628;6.559;3.386;2026-02-13T20:44:19.186606+00:00;humidity;80.60
4854;DHT22;3628;6.559;3.386;2026-02-13T20:44:19.186606+00:00;temperature;31.80
4853;pms5003;3628;6.559;3.386;2026-02-13T20:49:45.708564+00:00;P2;22.75
4853;pms5003;3628;6.559;3.386;2026-02-13T20:49:45.708564+00:00;P1;28.25
4853;pms5003;3628;6.559;3.386;2026-02-13T20:49:45.708564+00:00;P0;15.00
4854;DHT22;3628;6.559;3.386;2026-02-13T20:50:08.990302+00:00;humidity;81.00
4854;DHT22;3628;6.559;3.386;2026-02-13T20:50:08.990302+00:00;temperature;31.80
4853;pms5003;3628;6.559;3.386;2026-02-13T20:55:26.390903+00:00;P2;17.75
4853;pms5003;3628;6.559;3.386;2026-02-13T20:55:26.390903+00:00;P1;22.00
4853;pms5003;3628;6.559;3.386;2026-02-13T20:55:26.390903+00:00;P0;11.50
4854;DHT22;3628;6.559;3.386;2026-02-13T21:01:27.981898+00:00;humidity;81.60
4854;DHT22;3628;6.559;3.386;2026-02-13T21:01:27.981898+00:00;temperature;31.70
4854;DHT22;3628;6.559;3.386;2026-02-13T21:07:00.866536+00:00;humidity;81.70
4854;DHT22;3628;6.559;3.386;2026-02-13T21:07:00.866536+00:00;temperature;31.70
4854;DHT22;3628;6.559;3.386;2026-02-13T21:12:24.813212+00:00;humidity;81.50
4854;DHT22;3628;6.559;3.386;2026-02-13T21:12:24.813212+00:00;temperature;31.80
4853;pms5003;3628;6.559;3.386;2026-02-13T21:23:17.563807+00:00;P2;16.50
4853;pms5003;3628;6.559;3.386;2026-02-13T21:23:17.563807+00:00;P1;20.50
4853;pms5003;3628;6.559;3.386;2026-02-13T21:23:17.563807+00:00;P0;13.00
4854;DHT22;3628;6.559;3.386;2026-02-13T21:23:37.696490+00:00;humidity;81.70
4854;DHT22;3628;6.559;3.386;2026-02-13T21:23:37.696490+00:00;temperature;31.70
4853;pms5003;3628;6.559;3.386;2026-02-13T21:28:52.552565+00:00;P2;16.40
4853;pms5003;3628;6.559;3.386;2026-02-13T21:28:52.552565+00:00;P1;25.40
4853;pms5003;3628;6.559;3.386;2026-02-13T21:28:52.552565+00:00;P0;10.40
4854;DHT22;3628;6.559;3.386;2026-02-13T21:29:09.993923+00:00;humidity;81.80
4854;DHT22;3628;6.559;3.386;2026-02-13T21:29:09.993923+00:00;temperature;31.80
4853;pms5003;3628;6.559;3.386;2026-02-13T21:34:27.324457+00:00;P2;19.40
4853;pms5003;3628;6.559;3.386;2026-02-13T21:34:27.324457+00:00;P1;22.40
4853;pms5003;3628;6.559;3.386;2026-02-13T21:34:27.324457+00:00;P0;14.00
4854;DHT22;3628;6.559;3.386;2026-02-13T21:34:44.756640+00:00;humidity;82.00
4854;DHT22;3628;6.559;3.386;2026-02-13T21:34:44.756640+00:00;temperature;31.70
4853;pms5003;3628;6.559;3.386;2026-02-13T21:40:02.312180+00:00;P2;21.20
4853;pms5003;3628;6.559;3.386;2026-02-13T21:40:02.312180+00:00;P1;32.00
4853;pms5003;3628;6.559;3.386;2026-02-13T21:40:02.312180+00:00;P0;14.00
4853;pms5003;3628;6.559;3.386;2026-02-13T21:45:25.975474+00:00;P2;17.00
4853;pms5003;3628;6.559;3.386;2026-02-13T21:45:25.975474+00:00;P1;20.00
4853;pms5003;3628;6.559;3.386;2026-02-13T21:45:25.975474+00:00;P0;12.50
4854;DHT22;3628;6.559;3.386;2026-02-13T21:45:43.535409+00:00;humidity;81.90
4854;DHT22;3628;6.559;3.386;2026-02-13T21:45:43.535409+00:00;temperature;31.60
4853;pms5003;3628;6.559;3.386;2026-02-13T21:51:00.934227+00:00;P2;16.00
4853;pms5003;3628;6.559;3.386;2026-02-13T21:51:00.934227+00:00;P1;29.20
4853;pms5003;3628;6.559;3.386;2026-02-13T21:51:00.934227+00:00;P0;11.00
4854;DHT22;3628;6.559;3.386;2026-02-13T21:51:18.498082+00:00;humidity;82.10
4854;DHT22;3628;6.559;3.386;2026-02-13T21:51:18.498082+00:00;temperature;31.50
4854;DHT22;3628;6.559;3.386;2026-02-13T21:56:42.578000+00:00;humidity;81.90
4854;DHT22;3628;6.559;3.386;2026-02-13T21:56:42.578000+00:00;temperature;31.60
4853;pms5003;3628;6.559;3.386;2026-02-13T22:02:01.236553+00:00;P2;16.00
4853;pms5003;3628;6.559;3.386;2026-02-13T22:02:01.236553+00:00;P1;22.75
4853;pms5003;3628;6.559;3.386;2026-02-13T22:02:01.236553+00:00;P0;9.75
4854;DHT22;3628;6.559;3.386;2026-02-13T22:02:18.589563+00:00;humidity;81.70
4854;DHT22;3628;6.559;3.386;2026-02-13T22:02:18.589563+00:00;temperature;31.50
4853;pms5003;3628;6.559;3.386;2026-02-13T22:07:35.767360+00:00;P2;15.00
4853;pms5003;3628;6.559;3.386;2026-02-13T22:07:35.767360+00:00;P1;20.50
4853;pms5003;3628;6.559;3.386;2026-02-13T22:07:35.767360+00:00;P0;9.75
4854;DHT22;3628;6.559;3.386;2026-02-13T22:07:53.105707+00:00;humidity;81.90
4854;DHT22;3628;6.559;3.386;2026-02-13T22:07:53.105707+00:00;temperature;31.50
4853;pms5003;3628;6.559;3.386;2026-02-13T22:13:10.284744+00:00;P2;15.40
4853;pms5003;3628;6.559;3.386;2026-02-13T22:13:10.284744+00:00;P1;15.40
4853;pms5003;3628;6.559;3.386;2026-02-13T22:13:10.284744+00:00;P0;10.40
4854;DHT22;3628;6.559;3.386;2026-02-13T22:13:27.660090+00:00;humidity;82.00
4854;DHT22;3628;6.559;3.386;2026-02-13T22:13:27.660090+00:00;temperature;31.50
4853;pms5003;3628;6.559;3.386;2026-02-13T22:24:00.655673+00:00;P2;18.00
4853;pms5003;3628;6.559;3.386;2026-02-13T22:24:00.655673+00:00;P1;20.00
4853;pms5003;3628;6.559;3.386;2026-02-13T22:24:00.655673+00:00;P0;11.25
4854;DHT22;3628;6.559;3.386;2026-02-13T22:24:18.023908+00:00;humidity;81.80
4854;DHT22;3628;6.559;3.386;2026-02-13T22:24:18.023908+00:00;temperature;31.60
4853;pms5003;3628;6.559;3.386;2026-02-13T22:40:02.130827+00:00;P2;26.00
4853;pms5003;3628;6.559;3.386;2026-02-13T22:40:02.130827+00:00;P1;33.50
4853;pms5003;3628;6.559;3.386;2026-02-13T22:40:02.130827+00:00;P0;18.50
4854;DHT22;3628;6.559;3.386;2026-02-13T22:40:19.537384+00:00;humidity;82.50
4854;DHT22;3628;6.559;3.386;2026-02-13T22:40:19.537384+00:00;temperature;31.50
4853;pms5003;3628;6.559;3.386;2026-02-13T22:45:36.724901+00:00;P2;20.60
4853;pms5003;3628;6.559;3.386;2026-02-13T22:45:36.724901+00:00;P1;20.80
4853;pms5003;3628;6.559;3.386;2026-02-13T22:45:36.724901+00:00;P0;14.60
4853;pms5003;3628;6.559;3.386;2026-02-13T22:51:00.448426+00:00;P2;20.00
4853;pms5003;3628;6.559;3.386;2026-02-13T22:51:00.448426+00:00;P1;21.00
4853;pms5003;3628;6.559;3.386;2026-02-13T22:51:00.448426+00:00;P0;12.75
4854;DHT22;3628;6.559;3.386;2026-02-13T22:51:17.821866+00:00;humidity;82.70
4854;DHT22;3628;6.559;3.386;2026-02-13T22:51:17.821866+00:00;temperature;31.50
4854;DHT22;3628;6.559;3.386;2026-02-13T22:56:41.906998+00:00;humidity;82.50
4854;DHT22;3628;6.559;3.386;2026-02-13T22:56:41.906998+00:00;temperature;31.60
4853;pms5003;3628;6.559;3.386;2026-02-13T23:07:12.302117+00:00;P2;26.00
4853;pms5003;3628;6.559;3.386;2026-02-13T23:07:12.302117+00:00;P1;33.40
4853;pms5003;3628;6.559;3.386;2026-02-13T23:07:12.302117+00:00;P0;14.60
4854;DHT22;3628;6.559;3.386;2026-02-13T23:07:29.666211+00:00;humidity;82.00
4854;DHT22;3628;6.559;3.386;2026-02-13T23:07:29.666211+00:00;temperature;31.60
4854;DHT22;3628;6.559;3.386;2026-02-13T23:30:03.958185+00:00;humidity;80.10
4854;DHT22;3628;6.559;3.386;2026-02-13T23:30:03.958185+00:00;temperature;28.80
4853;pms5003;3628;6.559;3.386;2026-02-13T23:35:21.145149+00:00;P2;16.75
4853;pms5003;3628;6.559;3.386;2026-02-13T23:35:21.145149+00:00;P1;19.50
4853;pms5003;3628;6.559;3.386;2026-02-13T23:35:21.145149+00:00;P0;11.00
4854;DHT22;3628;6.559;3.386;2026-02-13T23:35:38.511457+00:00;humidity;83.40
4854;DHT22;3628;6.559;3.386;2026-02-13T23:35:38.511457+00:00;temperature;27.90
4853;pms5003;3628;6.559;3.386;2026-02-13T23:40:55.674981+00:00;P2;19.00
4853;pms5003;3628;6.559;3.386;2026-02-13T23:40:55.674981+00:00;P1;28.00
4853;pms5003;3628;6.559;3.386;2026-02-13T23:40:55.674981+00:00;P0;12.00
4854;DHT22;3628;6.559;3.386;2026-02-13T23:41:13.052469+00:00;humidity;89.00
4854;DHT22;3628;6.559;3.386;2026-02-13T23:41:13.052469+00:00;temperature;27.10
4853;pms5003;3628;6.559;3.386;2026-02-13T23:46:30.261182+00:00;P2;17.00
4853;pms5003;3628;6.559;3.386;2026-02-13T23:46:30.261182+00:00;P1;18.75
4853;pms5003;3628;6.559;3.386;2026-02-13T23:46:30.261182+00:00;P0;10.00
4853;pms5003;3628;6.559;3.386;2026-02-13T23:51:54.549918+00:00;P2;18.60
4853;pms5003;3628;6.559;3.386;2026-02-13T23:51:54.549918+00:00;P1;20.00
4853;pms5003;3628;6.559;3.386;2026-02-13T23:51:54.549918+00:00;P0;13.00
4854;DHT22;3628;6.559;3.386;2026-02-13T23:57:24.918089+00:00;humidity;100.00
4854;DHT22;3628;6.559;3.386;2026-02-13T23:57:24.918089+00:00;temperature;24.30
4853;pms5003;3628;6.559;3.386;2026-02-14T00:02:42.169428+00:00;P2;18.00
4853;pms5003;3628;6.559;3.386;2026-02-14T00:02:42.169428+00:00;P1;19.00
4853;pms5003;3628;6.559;3.386;2026-02-14T00:02:42.169428+00:00;P0;12.00
4853;pms5003;3628;6.559;3.386;2026-02-14T00:08:16.773887+00:00;P2;18.00
4853;pms5003;3628;6.559;3.386;2026-02-14T00:08:16.773887+00:00;P1;24.40
4853;pms5003;3628;6.559;3.386;2026-02-14T00:08:16.773887+00:00;P0;12.00
4853;pms5003;3628;6.559;3.386;2026-02-14T00:13:41.018977+00:00;P2;19.00
4853;pms5003;3628;6.559;3.386;2026-02-14T00:13:41.018977+00:00;P1;21.00
4853;pms5003;3628;6.559;3.386;2026-02-14T00:13:41.018977+00:00;P0;11.60
4853;pms5003;3628;6.559;3.386;2026-02-14T00:19:15.549757+00:00;P2;18.00
4853;pms5003;3628;6.559;3.386;2026-02-14T00:19:15.549757+00:00;P1;18.40
4853;pms5003;3628;6.559;3.386;2026-02-14T00:19:15.549757+00:00;P0;12.20
4853;pms5003;3628;6.559;3.386;2026-02-14T00:29:53.060323+00:00;P2;22.60
4853;pms5003;3628;6.559;3.386;2026-02-14T00:29:53.060323+00:00;P1;25.40
4853;pms5003;3628;6.559;3.386;2026-02-14T00:29:53.060323+00:00;P0;13.20
4854;DHT22;3628;6.559;3.386;2026-02-14T00:30:10.470949+00:00;humidity;100.00
4854;DHT22;3628;6.559;3.386;2026-02-14T00:30:10.470949+00:00;temperature;24.20
4853;pms5003;3628;6.559;3.386;2026-02-14T00:35:27.764900+00:00;P2;23.00
4853;pms5003;3628;6.559;3.386;2026-02-14T00:35:27.764900+00:00;P1;26.00
4853;pms5003;3628;6.559;3.386;2026-02-14T00:35:27.764900+00:00;P0;15.00
4854;DHT22;3628;6.559;3.386;2026-02-14T00:35:45.133795+00:00;humidity;100.00
4854;DHT22;3628;6.559;3.386;2026-02-14T00:35:45.133795+00:00;temperature;24.20
4853;pms5003;3628;6.559;3.386;2026-02-14T00:41:02.266294+00:00;P2;26.25
4853;pms5003;3628;6.559;3.386;2026-02-14T00:41:02.266294+00:00;P1;37.75
4853;pms5003;3628;6.559;3.386;2026-02-14T00:41:02.266294+00:00;P0;17.00
4854;DHT22;3628;6.559;3.386;2026-02-14T00:41:19.603287+00:00;humidity;100.00
4854;DHT22;3628;6.559;3.386;2026-02-14T00:41:19.603287+00:00;temperature;24.30
4853;pms5003;3628;6.559;3.386;2026-02-14T00:46:36.768801+00:00;P2;32.00
4853;pms5003;3628;6.559;3.386;2026-02-14T00:46:36.768801+00:00;P1;45.00
4853;pms5003;3628;6.559;3.386;2026-02-14T00:46:36.768801+00:00;P0;21.00
4854;DHT22;3628;6.559;3.386;2026-02-14T00:46:54.144283+00:00;humidity;100.00
4854;DHT22;3628;6.559;3.386;2026-02-14T00:46:54.144283+00:00;temperature;24.40
4854;DHT22;3628;6.559;3.386;2026-02-14T00:52:28.640241+00:00;humidity;100.00
4854;DHT22;3628;6.559;3.386;2026-02-14T00:52:28.640241+00:00;temperature;24.50
4853;pms5003;3628;6.559;3.386;2026-02-14T00:57:45.804903+00:00;P2;26.80
4853;pms5003;3628;6.559;3.386;2026-02-14T00:57:45.804903+00:00;P1;30.40
4853;pms5003;3628;6.559;3.386;2026-02-14T00:57:45.804903+00:00;P0;17.80
4854;DHT22;3628;6.559;3.386;2026-02-14T00:58:03.197977+00:00;humidity;100.00
4854;DHT22;3628;6.559;3.386;2026-02-14T00:58:03.197977+00:00;temperature;24.60
4853;pms5003;3628;6.559;3.386;2026-02-14T01:03:20.374074+00:00;P2;27.00
4853;pms5003;3628;6.559;3.386;2026-02-14T01:03:20.374074+00:00;P1;30.50
4853;pms5003;3628;6.559;3.386;2026-02-14T01:03:20.374074+00:00;P0;17.00
4854;DHT22;3628;6.559;3.386;2026-02-14T01:03:37.807412+00:00;humidity;100.00
4854;DHT22;3628;6.559;3.386;2026-02-14T01:03:37.807412+00:00;temperature;24.70
4854;DHT22;3628;6.559;3.386;2026-02-14T01:09:01.503494+00:00;humidity;100.00
4854;DHT22;3628;6.559;3.386;2026-02-14T01:09:01.503494+00:00;temperature;24.90
4853;pms5003;3628;6.559;3.386;2026-02-14T01:14:18.712426+00:00;P2;23.75
4853;pms5003;3628;6.559;3.386;2026-02-14T01:14:18.712426+00:00;P1;30.75
4853;pms5003;3628;6.559;3.386;2026-02-14T01:14:18.712426+00:00;P0;16.50
4854;DHT22;3628;6.559;3.386;2026-02-14T01:14:36.063636+00:00;humidity;100.00
4854;DHT22;3628;6.559;3.386;2026-02-14T01:14:36.063636+00:00;temperature;25.10
4853;pms5003;3628;6.559;3.386;2026-02-14T01:19:53.240694+00:00;P2;27.00
4853;pms5003;3628;6.559;3.386;2026-02-14T01:19:53.240694+00:00;P1;32.00
4853;pms5003;3628;6.559;3.386;2026-02-14T01:19:53.240694+00:00;P0;17.00
4854;DHT22;3628;6.559;3.386;2026-02-14T01:20:10.590938+00:00;humidity;100.00
4854;DHT22;3628;6.559;3.386;2026-02-14T01:20:10.590938+00:00;temperature;25.40
4853;pms5003;3628;6.559;3.386;2026-02-14T01:25:27.751100+00:00;P2;30.67
4853;pms5003;3628;6.559;3.386;2026-02-14T01:25:27.751100+00:00;P1;35.67
4853;pms5003;3628;6.559;3.386;2026-02-14T01:25:27.751100+00:00;P0;20.00
4854;DHT22;3628;6.559;3.386;2026-02-14T01:25:45.133196+00:00;humidity;100.00
4854;DHT22;3628;6.559;3.386;2026-02-14T01:25:45.133196+00:00;temperature;25.20
4853;pms5003;3628;6.559;3.386;2026-02-14T01:31:02.308004+00:00;P2;28.00
4853;pms5003;3628;6.559;3.386;2026-02-14T01:31:02.308004+00:00;P1;41.00
4853;pms5003;3628;6.559;3.386;2026-02-14T01:31:02.308004+00:00;P0;19.00
4854;DHT22;3628;6.559;3.386;2026-02-14T01:31:19.645218+00:00;humidity;100.00
4854;DHT22;3628;6.559;3.386;2026-02-14T01:31:19.645218+00:00;temperature;25.10
4853;pms5003;3628;6.559;3.386;2026-02-14T01:36:36.915434+00:00;P2;25.00
4853;pms5003;3628;6.559;3.386;2026-02-14T01:36:36.915434+00:00;P1;34.00
4853;pms5003;3628;6.559;3.386;2026-02-14T01:36:36.915434+00:00;P0;17.00
4854;DHT22;3628;6.559;3.386;2026-02-14T01:36:54.271970+00:00;humidity;100.00
4854;DHT22;3628;6.559;3.386;2026-02-14T01:36:54.271970+00:00;temperature;25.00
4853;pms5003;3628;6.559;3.386;2026-02-14T01:42:11.426663+00:00;P2;29.20
4853;pms5003;3628;6.559;3.386;2026-02-14T01:42:11.426663+00:00;P1;30.40
4853;pms5003;3628;6.559;3.386;2026-02-14T01:42:11.426663+00:00;P0;20.00
4854;DHT22;3628;6.559;3.386;2026-02-14T01:42:28.770888+00:00;humidity;100.00
4854;DHT22;3628;6.559;3.386;2026-02-14T01:42:28.770888+00:00;temperature;25.10
4853;pms5003;3628;6.559;3.386;2026-02-14T01:47:45.937342+00:00;P2;25.50
4853;pms5003;3628;6.559;3.386;2026-02-14T01:47:45.937342+00:00;P1;28.00
4853;pms5003;3628;6.559;3.386;2026-02-14T01:47:45.937342+00:00;P0;17.50
4853;pms5003;3628;6.559;3.386;2026-02-14T01:53:09.937234+00:00;P2;26.75
4853;pms5003;3628;6.559;3.386;2026-02-14T01:53:09.937234+00:00;P1;29.75
4853;pms5003;3628;6.559;3.386;2026-02-14T01:53:09.937234+00:00;P0;18.00
4854;DHT22;3628;6.559;3.386;2026-02-14T01:53:27.284286+00:00;humidity;100.00
4854;DHT22;3628;6.559;3.386;2026-02-14T01:53:27.284286+00:00;temperature;25.10
4853;pms5003;3628;6.559;3.386;2026-02-14T01:58:44.453837+00:00;P2;27.50
4853;pms5003;3628;6.559;3.386;2026-02-14T01:58:44.453837+00:00;P1;28.75
4853;pms5003;3628;6.559;3.386;2026-02-14T01:58:44.453837+00:00;P0;17.00
4854;DHT22;3628;6.559;3.386;2026-02-14T01:59:01.776637+00:00;humidity;100.00
4854;DHT22;3628;6.559;3.386;2026-02-14T01:59:01.776637+00:00;temperature;24.80
4853;pms5003;3628;6.559;3.386;2026-02-14T02:04:18.960405+00:00;P2;26.25
4853;pms5003;3628;6.559;3.386;2026-02-14T02:04:18.960405+00:00;P1;36.00
4853;pms5003;3628;6.559;3.386;2026-02-14T02:04:18.960405+00:00;P0;16.50
4854;DHT22;3628;6.559;3.386;2026-02-14T02:04:36.441115+00:00;humidity;100.00
4854;DHT22;3628;6.559;3.386;2026-02-14T02:04:36.441115+00:00;temperature;24.90
4853;pms5003;3628;6.559;3.386;2026-02-14T02:09:53.640671+00:00;P2;29.00
4853;pms5003;3628;6.559;3.386;2026-02-14T02:09:53.640671+00:00;P1;38.50
4853;pms5003;3628;6.559;3.386;2026-02-14T02:09:53.640671+00:00;P0;19.00
4853;pms5003;3628;6.559;3.386;2026-02-14T02:15:17.739632+00:00;P2;27.40
4853;pms5003;3628;6.559;3.386;2026-02-14T02:15:17.739632+00:00;P1;30.00
4853;pms5003;3628;6.559;3.386;2026-02-14T02:15:17.739632+00:00;P0;19.00
4853;pms5003;3628;6.559;3.386;2026-02-14T02:20:41.486890+00:00;P2;30.75
4853;pms5003;3628;6.559;3.386;2026-02-14T02:20:41.486890+00:00;P1;31.75
4853;pms5003;3628;6.559;3.386;2026-02-14T02:20:41.486890+00:00;P0;18.25
4853;pms5003;3628;6.559;3.386;2026-02-14T02:26:05.431914+00:00;P2;29.67
4853;pms5003;3628;6.559;3.386;2026-02-14T02:26:05.431914+00:00;P1;37.00
4853;pms5003;3628;6.559;3.386;2026-02-14T02:26:05.431914+00:00;P0;19.33
4854;DHT22;3628;6.559;3.386;2026-02-14T02:26:22.782391+00:00;humidity;100.00
4854;DHT22;3628;6.559;3.386;2026-02-14T02:26:22.782391+00:00;temperature;25.40
4853;pms5003;3628;6.559;3.386;2026-02-14T02:31:39.983139+00:00;P2;29.00
4853;pms5003;3628;6.559;3.386;2026-02-14T02:31:39.983139+00:00;P1;31.20
4853;pms5003;3628;6.559;3.386;2026-02-14T02:31:39.983139+00:00;P0;19.00
4854;DHT22;3628;6.559;3.386;2026-02-14T02:31:57.319804+00:00;humidity;100.00
4854;DHT22;3628;6.559;3.386;2026-02-14T02:31:57.319804+00:00;temperature;25.40
4853;pms5003;3628;6.559;3.386;2026-02-14T02:37:14.520953+00:00;P2;34.50
4853;pms5003;3628;6.559;3.386;2026-02-14T02:37:14.520953+00:00;P1;49.25
4853;pms5003;3628;6.559;3.386;2026-02-14T02:37:14.520953+00:00;P0;22.75
4854;DHT22;3628;6.559;3.386;2026-02-14T02:37:31.880938+00:00;humidity;100.00
4854;DHT22;3628;6.559;3.386;2026-02-14T02:37:31.880938+00:00;temperature;25.60
4853;pms5003;3628;6.559;3.386;2026-02-14T02:42:49.102514+00:00;P2;35.00
4853;pms5003;3628;6.559;3.386;2026-02-14T02:42:49.102514+00:00;P1;48.00
4853;pms5003;3628;6.559;3.386;2026-02-14T02:42:49.102514+00:00;P0;22.00
4854;DHT22;3628;6.559;3.386;2026-02-14T02:48:30.738571+00:00;humidity;100.00
4854;DHT22;3628;6.559;3.386;2026-02-14T02:48:30.738571+00:00;temperature;25.40
4853;pms5003;3628;6.559;3.386;2026-02-14T02:53:47.982684+00:00;P2;39.00
4853;pms5003;3628;6.559;3.386;2026-02-14T02:53:47.982684+00:00;P1;54.67
4853;pms5003;3628;6.559;3.386;2026-02-14T02:53:47.982684+00:00;P0;26.00
4854;DHT22;3628;6.559;3.386;2026-02-14T02:54:05.309361+00:00;humidity;100.00
4854;DHT22;3628;6.559;3.386;2026-02-14T02:54:05.309361+00:00;temperature;25.50
4853;pms5003;3628;6.559;3.386;2026-02-14T02:59:22.492208+00:00;P2;40.00
4853;pms5003;3628;6.559;3.386;2026-02-14T02:59:22.492208+00:00;P1;52.67
4853;pms5003;3628;6.559;3.386;2026-02-14T02:59:22.492208+00:00;P0;26.33
4854;DHT22;3628;6.559;3.386;2026-02-14T02:59:39.845741+00:00;humidity;100.00
4854;DHT22;3628;6.559;3.386;2026-02-14T02:59:39.845741+00:00;temperature;25.50
4853;pms5003;3628;6.559;3.386;2026-02-14T03:04:57.029752+00:00;P2;39.00
4853;pms5003;3628;6.559;3.386;2026-02-14T03:04:57.029752+00:00;P1;52.00
4853;pms5003;3628;6.559;3.386;2026-02-14T03:04:57.029752+00:00;P0;27.00
4854;DHT22;3628;6.559;3.386;2026-02-14T03:10:41.503017+00:00;humidity;100.00
4854;DHT22;3628;6.559;3.386;2026-02-14T03:10:41.503017+00:00;temperature;25.50
4854;DHT22;3628;6.559;3.386;2026-02-14T06:08:04.652251+00:00;humidity;100.00
4854;DHT22;3628;6.559;3.386;2026-02-14T06:08:04.652251+00:00;temperature;24.10
4853;pms5003;3628;6.559;3.386;2026-02-14T11:33:29.578775+00:00;P2;28.50
4853;pms5003;3628;6.559;3.386;2026-02-14T11:33:29.578775+00:00;P1;38.00
4853;pms5003;3628;6.559;3.386;2026-02-14T11:33:29.578775+00:00;P0;20.25
4854;DHT22;3628;6.559;3.386;2026-02-14T11:33:47.039286+00:00;humidity;71.40
4854;DHT22;3628;6.559;3.386;2026-02-14T11:33:47.039286+00:00;temperature;32.60
4854;DHT22;3628;6.559;3.386;2026-02-14T11:39:21.529563+00:00;humidity;68.30
4854;DHT22;3628;6.559;3.386;2026-02-14T11:39:21.529563+00:00;temperature;33.90
4854;DHT22;3628;6.559;3.386;2026-02-14T11:44:38.749082+00:00;P2;21.00
4854;DHT22;3628;6.559;3.386;2026-02-14T11:44:38.749082+00:00;P1;22.20
4854;DHT22;3628;6.559;3.386;2026-02-14T11:44:38.749082+00:00;P0;15.40
4854;DHT22;3628;6.559;3.386;2026-02-14T11:44:56.101064+00:00;humidity;66.40
4854;DHT22;3628;6.559;3.386;2026-02-14T11:44:56.101064+00:00;temperature;34.70
4853;pms5003;3628;6.559;3.386;2026-02-14T11:50:13.255707+00:00;P2;24.00
4853;pms5003;3628;6.559;3.386;2026-02-14T11:50:13.255707+00:00;P1;25.00
4853;pms5003;3628;6.559;3.386;2026-02-14T11:50:13.255707+00:00;P0;18.50
4853;pms5003;3628;6.559;3.386;2026-02-14T11:55:40.441301+00:00;P2;20.00
4853;pms5003;3628;6.559;3.386;2026-02-14T11:55:40.441301+00:00;P1;29.50
4853;pms5003;3628;6.559;3.386;2026-02-14T11:55:40.441301+00:00;P0;13.50
4853;pms5003;3628;6.559;3.386;2026-02-14T12:01:12.195691+00:00;P2;23.00
4853;pms5003;3628;6.559;3.386;2026-02-14T12:01:12.195691+00:00;P1;35.40
4853;pms5003;3628;6.559;3.386;2026-02-14T12:01:12.195691+00:00;P0;15.80
4854;DHT22;3628;6.559;3.386;2026-02-14T12:01:29.571971+00:00;humidity;60.20
4854;DHT22;3628;6.559;3.386;2026-02-14T12:01:29.571971+00:00;temperature;36.50
4853;pms5003;3628;6.559;3.386;2026-02-14T12:06:46.739375+00:00;P2;24.00
4853;pms5003;3628;6.559;3.386;2026-02-14T12:06:46.739375+00:00;P1;34.00
4853;pms5003;3628;6.559;3.386;2026-02-14T12:06:46.739375+00:00;P0;16.00
4854;DHT22;3628;6.559;3.386;2026-02-14T12:07:04.074021+00:00;humidity;59.30
4854;DHT22;3628;6.559;3.386;2026-02-14T12:07:04.074021+00:00;temperature;37.00
4853;pms5003;3628;6.559;3.386;2026-02-14T12:12:21.479775+00:00;P2;20.00
4853;pms5003;3628;6.559;3.386;2026-02-14T12:12:21.479775+00:00;P1;21.00
4853;pms5003;3628;6.559;3.386;2026-02-14T12:12:21.479775+00:00;P0;15.00
4854;DHT22;3628;6.559;3.386;2026-02-14T12:12:38.975636+00:00;humidity;59.70
4854;DHT22;3628;6.559;3.386;2026-02-14T12:12:38.975636+00:00;temperature;36.60
4853;pms5003;3628;6.559;3.386;2026-02-14T12:17:56.209843+00:00;P2;22.60
4853;pms5003;3628;6.559;3.386;2026-02-14T12:17:56.209843+00:00;P1;34.00
4853;pms5003;3628;6.559;3.386;2026-02-14T12:17:56.209843+00:00;P0;13.00
4854;DHT22;3628;6.559;3.386;2026-02-14T12:18:13.605926+00:00;humidity;60.10
4854;DHT22;3628;6.559;3.386;2026-02-14T12:18:13.605926+00:00;temperature;36.60
4854;DHT22;3628;6.559;3.386;2026-02-14T12:29:12.633599+00:00;humidity;59.90
4854;DHT22;3628;6.559;3.386;2026-02-14T12:29:12.633599+00:00;temperature;36.60
4853;pms5003;3628;6.559;3.386;2026-02-14T12:34:32.898636+00:00;P2;23.00
4853;pms5003;3628;6.559;3.386;2026-02-14T12:34:32.898636+00:00;P1;23.00
4853;pms5003;3628;6.559;3.386;2026-02-14T12:34:32.898636+00:00;P0;16.00
4854;DHT22;3628;6.559;3.386;2026-02-14T12:34:50.399330+00:00;humidity;60.30
4854;DHT22;3628;6.559;3.386;2026-02-14T12:34:50.399330+00:00;temperature;36.60
4853;pms5003;3628;6.559;3.386;2026-02-14T12:40:07.472371+00:00;P2;20.25
4853;pms5003;3628;6.559;3.386;2026-02-14T12:40:07.472371+00:00;P1;29.75
4853;pms5003;3628;6.559;3.386;2026-02-14T12:40:07.472371+00:00;P0;15.00
4854;DHT22;3628;6.559;3.386;2026-02-14T12:46:32.460340+00:00;humidity;60.20
4854;DHT22;3628;6.559;3.386;2026-02-14T12:46:32.460340+00:00;temperature;36.30
4853;pms5003;3628;6.559;3.386;2026-02-14T12:51:09.008673+00:00;P2;24.25
4853;pms5003;3628;6.559;3.386;2026-02-14T12:51:09.008673+00:00;P1;34.75
4853;pms5003;3628;6.559;3.386;2026-02-14T12:51:09.008673+00:00;P0;16.00
4853;pms5003;3628;6.559;3.386;2026-02-14T12:56:35.640433+00:00;P2;27.25
4853;pms5003;3628;6.559;3.386;2026-02-14T12:56:35.640433+00:00;P1;33.50
4853;pms5003;3628;6.559;3.386;2026-02-14T12:56:35.640433+00:00;P0;19.50
4853;pms5003;3628;6.559;3.386;2026-02-14T13:01:59.731415+00:00;P2;22.25
4853;pms5003;3628;6.559;3.386;2026-02-14T13:01:59.731415+00:00;P1;31.25
4853;pms5003;3628;6.559;3.386;2026-02-14T13:01:59.731415+00:00;P0;15.00
4853;pms5003;3628;6.559;3.386;2026-02-14T13:12:37.497515+00:00;P2;19.60
4853;pms5003;3628;6.559;3.386;2026-02-14T13:12:37.497515+00:00;P1;31.40
4853;pms5003;3628;6.559;3.386;2026-02-14T13:12:37.497515+00:00;P0;14.00
4853;pms5003;3628;6.559;3.386;2026-02-14T13:32:32.012719+00:00;P2;22.20
4853;pms5003;3628;6.559;3.386;2026-02-14T13:32:32.012719+00:00;P1;24.00
4853;pms5003;3628;6.559;3.386;2026-02-14T13:32:32.012719+00:00;P0;15.00
4854;DHT22;3628;6.559;3.386;2026-02-14T13:32:49.340410+00:00;humidity;60.50
4854;DHT22;3628;6.559;3.386;2026-02-14T13:32:49.340410+00:00;temperature;35.10
4853;pms5003;3628;6.559;3.386;2026-02-14T14:31:57.160415+00:00;P2;20.00
4853;pms5003;3628;6.559;3.386;2026-02-14T14:31:57.160415+00:00;P1;23.00
4853;pms5003;3628;6.559;3.386;2026-02-14T14:31:57.160415+00:00;P0;13.50
4853;pms5003;3628;6.559;3.386;2026-02-14T14:50:57.137140+00:00;P2;22.50
4853;pms5003;3628;6.559;3.386;2026-02-14T14:50:57.137140+00:00;P1;23.50
4853;pms5003;3628;6.559;3.386;2026-02-14T14:50:57.137140+00:00;P0;15.00
4854;DHT22;3628;6.559;3.386;2026-02-14T14:51:14.518208+00:00;humidity;63.10
4854;DHT22;3628;6.559;3.386;2026-02-14T14:51:14.518208+00:00;temperature;34.30
4854;DHT22;3628;6.559;3.386;2026-02-14T14:57:16.248098+00:00;humidity;61.40
4854;DHT22;3628;6.559;3.386;2026-02-14T14:57:16.248098+00:00;temperature;34.70
4854;DHT22;3628;6.559;3.386;2026-02-14T15:27:02.353776+00:00;humidity;59.70
4854;DHT22;3628;6.559;3.386;2026-02-14T15:27:02.353776+00:00;temperature;34.50
4854;DHT22;3628;6.559;3.386;2026-02-14T15:33:22.062506+00:00;humidity;56.40
4854;DHT22;3628;6.559;3.386;2026-02-14T15:33:22.062506+00:00;temperature;34.30
4853;pms5003;3628;6.559;3.386;2026-02-14T15:53:20.565198+00:00;P2;18.00
4853;pms5003;3628;6.559;3.386;2026-02-14T15:53:20.565198+00:00;P1;22.00
4853;pms5003;3628;6.559;3.386;2026-02-14T15:53:20.565198+00:00;P0;12.00
4853;pms5003;3628;6.559;3.386;2026-02-14T17:30:26.636672+00:00;P2;29.25
4853;pms5003;3628;6.559;3.386;2026-02-14T17:30:26.636672+00:00;P1;30.25
4853;pms5003;3628;6.559;3.386;2026-02-14T17:30:26.636672+00:00;P0;19.00
4854;DHT22;3628;6.559;3.386;2026-02-14T17:30:44.041998+00:00;humidity;68.90
4854;DHT22;3628;6.559;3.386;2026-02-14T17:30:44.041998+00:00;temperature;32.10
4853;pms5003;3628;6.559;3.386;2026-02-14T17:36:01.336893+00:00;P2;29.75
4853;pms5003;3628;6.559;3.386;2026-02-14T17:36:01.336893+00:00;P1;42.25
4853;pms5003;3628;6.559;3.386;2026-02-14T17:36:01.336893+00:00;P0;17.75
4854;DHT22;3628;6.559;3.386;2026-02-14T17:36:21.590348+00:00;humidity;69.20
4854;DHT22;3628;6.559;3.386;2026-02-14T17:36:21.590348+00:00;temperature;32.10
4853;pms5003;3628;6.559;3.386;2026-02-14T17:41:39.093942+00:00;P2;23.25
4853;pms5003;3628;6.559;3.386;2026-02-14T17:41:39.093942+00:00;P1;37.25
4853;pms5003;3628;6.559;3.386;2026-02-14T17:41:39.093942+00:00;P0;15.00
4853;pms5003;3628;6.559;3.386;2026-02-14T17:47:02.853337+00:00;P2;25.75
4853;pms5003;3628;6.559;3.386;2026-02-14T17:47:02.853337+00:00;P1;29.75
4853;pms5003;3628;6.559;3.386;2026-02-14T17:47:02.853337+00:00;P0;16.00
4854;DHT22;3628;6.559;3.386;2026-02-14T17:47:23.281022+00:00;humidity;71.60
4854;DHT22;3628;6.559;3.386;2026-02-14T17:47:23.281022+00:00;temperature;31.60
4853;pms5003;3628;6.559;3.386;2026-02-14T17:52:40.470862+00:00;P2;20.60
4853;pms5003;3628;6.559;3.386;2026-02-14T17:52:40.470862+00:00;P1;24.20
4853;pms5003;3628;6.559;3.386;2026-02-14T17:52:40.470862+00:00;P0;14.60
4854;DHT22;3628;6.559;3.386;2026-02-14T17:52:57.945114+00:00;humidity;72.70
4854;DHT22;3628;6.559;3.386;2026-02-14T17:52:57.945114+00:00;temperature;31.50
4853;pms5003;3628;6.559;3.386;2026-02-14T17:58:15.227657+00:00;P2;25.80
4853;pms5003;3628;6.559;3.386;2026-02-14T17:58:15.227657+00:00;P1;36.40
4853;pms5003;3628;6.559;3.386;2026-02-14T17:58:15.227657+00:00;P0;18.00
4854;DHT22;3628;6.559;3.386;2026-02-14T17:58:32.667294+00:00;humidity;73.10
4854;DHT22;3628;6.559;3.386;2026-02-14T17:58:32.667294+00:00;temperature;31.30
4853;pms5003;3628;6.559;3.386;2026-02-14T18:03:49.776440+00:00;P2;23.40
4853;pms5003;3628;6.559;3.386;2026-02-14T18:03:49.776440+00:00;P1;26.60
4853;pms5003;3628;6.559;3.386;2026-02-14T18:03:49.776440+00:00;P0;14.80
4854;DHT22;3628;6.559;3.386;2026-02-14T18:04:07.248250+00:00;humidity;74.10
4854;DHT22;3628;6.559;3.386;2026-02-14T18:04:07.248250+00:00;temperature;31.20
4854;DHT22;3628;6.559;3.386;2026-02-14T18:15:54.183367+00:00;humidity;73.20
4854;DHT22;3628;6.559;3.386;2026-02-14T18:15:54.183367+00:00;temperature;31.70
4854;DHT22;3628;6.559;3.386;2026-02-14T18:21:24.964502+00:00;humidity;74.40
4854;DHT22;3628;6.559;3.386;2026-02-14T18:21:24.964502+00:00;temperature;31.40
4854;DHT22;3628;6.559;3.386;2026-02-14T18:26:51.837395+00:00;humidity;75.30
4854;DHT22;3628;6.559;3.386;2026-02-14T18:26:51.837395+00:00;temperature;31.20
4853;pms5003;3628;6.559;3.386;2026-02-14T18:37:22.801645+00:00;P2;38.50
4853;pms5003;3628;6.559;3.386;2026-02-14T18:37:22.801645+00:00;P1;47.25
4853;pms5003;3628;6.559;3.386;2026-02-14T18:37:22.801645+00:00;P0;25.50
4853;pms5003;3628;6.559;3.386;2026-02-14T18:42:47.126736+00:00;P2;47.00
4853;pms5003;3628;6.559;3.386;2026-02-14T18:42:47.126736+00:00;P1;61.00
4853;pms5003;3628;6.559;3.386;2026-02-14T18:42:47.126736+00:00;P0;31.00
4854;DHT22;3628;6.559;3.386;2026-02-14T18:43:04.470462+00:00;humidity;76.90
4854;DHT22;3628;6.559;3.386;2026-02-14T18:43:04.470462+00:00;temperature;30.90
4853;pms5003;3628;6.559;3.386;2026-02-14T18:54:10.286254+00:00;P2;49.60
4853;pms5003;3628;6.559;3.386;2026-02-14T18:54:10.286254+00:00;P1;66.60
4853;pms5003;3628;6.559;3.386;2026-02-14T18:54:10.286254+00:00;P0;32.00
4853;pms5003;3628;6.559;3.386;2026-02-14T19:04:34.277722+00:00;P2;48.75
4853;pms5003;3628;6.559;3.386;2026-02-14T19:04:34.277722+00:00;P1;66.25
4853;pms5003;3628;6.559;3.386;2026-02-14T19:04:34.277722+00:00;P0;33.00
4853;pms5003;3628;6.559;3.386;2026-02-14T19:10:08.866311+00:00;P2;55.80
4853;pms5003;3628;6.559;3.386;2026-02-14T19:10:08.866311+00:00;P1;72.60
4853;pms5003;3628;6.559;3.386;2026-02-14T19:10:08.866311+00:00;P0;38.20
4854;DHT22;3628;6.559;3.386;2026-02-14T19:10:26.506715+00:00;humidity;78.50
4854;DHT22;3628;6.559;3.386;2026-02-14T19:10:26.506715+00:00;temperature;30.70
4853;pms5003;3628;6.559;3.386;2026-02-14T19:15:43.606917+00:00;P2;41.00
4853;pms5003;3628;6.559;3.386;2026-02-14T19:15:43.606917+00:00;P1;53.75
4853;pms5003;3628;6.559;3.386;2026-02-14T19:15:43.606917+00:00;P0;28.75
4854;DHT22;3628;6.559;3.386;2026-02-14T19:16:00.959458+00:00;humidity;78.80
4854;DHT22;3628;6.559;3.386;2026-02-14T19:16:00.959458+00:00;temperature;30.80
4853;pms5003;3628;6.559;3.386;2026-02-14T19:21:18.112674+00:00;P2;42.00
4853;pms5003;3628;6.559;3.386;2026-02-14T19:21:18.112674+00:00;P1;50.25
4853;pms5003;3628;6.559;3.386;2026-02-14T19:21:18.112674+00:00;P0;28.00
4854;DHT22;3628;6.559;3.386;2026-02-14T19:21:35.524318+00:00;humidity;78.50
4854;DHT22;3628;6.559;3.386;2026-02-14T19:21:35.524318+00:00;temperature;30.80
4853;pms5003;3628;6.559;3.386;2026-02-15T05:59:00.116524+00:00;P2;86.25
4853;pms5003;3628;6.559;3.386;2026-02-15T05:59:00.116524+00:00;P1;98.75
4853;pms5003;3628;6.559;3.386;2026-02-15T05:59:00.116524+00:00;P0;55.75
4854;DHT22;3628;6.559;3.386;2026-02-15T06:21:29.604132+00:00;humidity;95.30
4854;DHT22;3628;6.559;3.386;2026-02-15T06:21:29.604132+00:00;temperature;29.30
4853;pms5003;3628;6.559;3.386;2026-02-15T09:31:24.778293+00:00;P2;17.00
4853;pms5003;3628;6.559;3.386;2026-02-15T09:31:24.778293+00:00;P1;17.00
4853;pms5003;3628;6.559;3.386;2026-02-15T09:31:24.778293+00:00;P0;12.00
4854;DHT22;3628;6.559;3.386;2026-02-15T09:31:42.147682+00:00;humidity;58.10
4854;DHT22;3628;6.559;3.386;2026-02-15T09:31:42.147682+00:00;temperature;39.90
4853;pms5003;3628;6.559;3.386;2026-02-15T09:36:59.366229+00:00;P2;17.00
4853;pms5003;3628;6.559;3.386;2026-02-15T09:36:59.366229+00:00;P1;18.40
4853;pms5003;3628;6.559;3.386;2026-02-15T09:36:59.366229+00:00;P0;13.00
4853;pms5003;3628;6.559;3.386;2026-02-15T09:42:23.136026+00:00;P2;15.75
4853;pms5003;3628;6.559;3.386;2026-02-15T09:42:23.136026+00:00;P1;15.75
4853;pms5003;3628;6.559;3.386;2026-02-15T09:42:23.136026+00:00;P0;11.00
4854;DHT22;3628;6.559;3.386;2026-02-15T09:42:40.481545+00:00;humidity;59.40
4854;DHT22;3628;6.559;3.386;2026-02-15T09:42:40.481545+00:00;temperature;38.60
4853;pms5003;3628;6.559;3.386;2026-02-15T09:47:57.711576+00:00;P2;14.40
4853;pms5003;3628;6.559;3.386;2026-02-15T09:47:57.711576+00:00;P1;14.40
4853;pms5003;3628;6.559;3.386;2026-02-15T09:47:57.711576+00:00;P0;10.60
4854;DHT22;3628;6.559;3.386;2026-02-15T09:48:15.156571+00:00;humidity;59.50
4854;DHT22;3628;6.559;3.386;2026-02-15T09:48:15.156571+00:00;temperature;38.70
4853;pms5003;3628;6.559;3.386;2026-02-15T09:53:32.369680+00:00;P2;17.00
4853;pms5003;3628;6.559;3.386;2026-02-15T09:53:32.369680+00:00;P1;22.00
4853;pms5003;3628;6.559;3.386;2026-02-15T09:53:32.369680+00:00;P0;11.50
4854;DHT22;3628;6.559;3.386;2026-02-15T09:53:49.704702+00:00;humidity;57.50
4854;DHT22;3628;6.559;3.386;2026-02-15T09:53:49.704702+00:00;temperature;38.90
4853;pms5003;3628;6.559;3.386;2026-02-15T10:04:41.454898+00:00;P2;15.67
4853;pms5003;3628;6.559;3.386;2026-02-15T10:04:41.454898+00:00;P1;26.00
4853;pms5003;3628;6.559;3.386;2026-02-15T10:04:41.454898+00:00;P0;10.00
4854;DHT22;3628;6.559;3.386;2026-02-15T10:04:58.787978+00:00;humidity;57.10
4854;DHT22;3628;6.559;3.386;2026-02-15T10:04:58.787978+00:00;temperature;39.20
4853;pms5003;3628;6.559;3.386;2026-02-15T10:10:15.995352+00:00;P2;17.75
4853;pms5003;3628;6.559;3.386;2026-02-15T10:10:15.995352+00:00;P1;19.50
4853;pms5003;3628;6.559;3.386;2026-02-15T10:10:15.995352+00:00;P0;14.00
4853;pms5003;3628;6.559;3.386;2026-02-15T10:15:40.065037+00:00;P2;14.00
4853;pms5003;3628;6.559;3.386;2026-02-15T10:15:40.065037+00:00;P1;15.00
4853;pms5003;3628;6.559;3.386;2026-02-15T10:15:40.065037+00:00;P0;11.00
4854;DHT22;3628;6.559;3.386;2026-02-15T10:15:57.439221+00:00;humidity;61.00
4854;DHT22;3628;6.559;3.386;2026-02-15T10:15:57.439221+00:00;temperature;38.10
4853;pms5003;3628;6.559;3.386;2026-02-15T10:26:38.596456+00:00;P2;17.00
4853;pms5003;3628;6.559;3.386;2026-02-15T10:26:38.596456+00:00;P1;19.00
4853;pms5003;3628;6.559;3.386;2026-02-15T10:26:38.596456+00:00;P0;12.00
4854;DHT22;3628;6.559;3.386;2026-02-15T10:26:55.921774+00:00;humidity;57.60
4854;DHT22;3628;6.559;3.386;2026-02-15T10:26:55.921774+00:00;temperature;39.80
4854;DHT22;3628;6.559;3.386;2026-02-15T10:32:13.104444+00:00;P2;16.00
4854;DHT22;3628;6.559;3.386;2026-02-15T10:32:13.104444+00:00;P1;24.40
4854;DHT22;3628;6.559;3.386;2026-02-15T10:32:13.104444+00:00;P0;11.00
4853;pms5003;3628;6.559;3.386;2026-02-15T10:37:50.565925+00:00;P2;16.20
4853;pms5003;3628;6.559;3.386;2026-02-15T10:37:50.565925+00:00;P1;16.20
4853;pms5003;3628;6.559;3.386;2026-02-15T10:37:50.565925+00:00;P0;12.00
4854;DHT22;3628;6.559;3.386;2026-02-15T10:38:07.873663+00:00;humidity;57.50
4854;DHT22;3628;6.559;3.386;2026-02-15T10:38:07.873663+00:00;temperature;39.40
4853;pms5003;3628;6.559;3.386;2026-02-15T10:43:25.048647+00:00;P2;21.00
4853;pms5003;3628;6.559;3.386;2026-02-15T10:43:25.048647+00:00;P1;26.40
4853;pms5003;3628;6.559;3.386;2026-02-15T10:43:25.048647+00:00;P0;14.00
4854;DHT22;3628;6.559;3.386;2026-02-15T10:43:42.461374+00:00;humidity;60.90
4854;DHT22;3628;6.559;3.386;2026-02-15T10:43:42.461374+00:00;temperature;37.80
4853;pms5003;3628;6.559;3.386;2026-02-15T10:48:59.632355+00:00;P2;18.00
4853;pms5003;3628;6.559;3.386;2026-02-15T10:48:59.632355+00:00;P1;19.25
4853;pms5003;3628;6.559;3.386;2026-02-15T10:48:59.632355+00:00;P0;12.75
4854;DHT22;3628;6.559;3.386;2026-02-15T10:49:17.002269+00:00;humidity;61.30
4854;DHT22;3628;6.559;3.386;2026-02-15T10:49:17.002269+00:00;temperature;37.30
4853;pms5003;3628;6.559;3.386;2026-02-15T10:54:34.284305+00:00;P2;19.00
4853;pms5003;3628;6.559;3.386;2026-02-15T10:54:34.284305+00:00;P1;31.50
4853;pms5003;3628;6.559;3.386;2026-02-15T10:54:34.284305+00:00;P0;13.75
4854;DHT22;3628;6.559;3.386;2026-02-15T10:54:51.618257+00:00;humidity;62.20
4854;DHT22;3628;6.559;3.386;2026-02-15T10:54:51.618257+00:00;temperature;36.90
4853;pms5003;3628;6.559;3.386;2026-02-15T11:00:08.791368+00:00;P2;19.60
4853;pms5003;3628;6.559;3.386;2026-02-15T11:00:08.791368+00:00;P1;29.00
4853;pms5003;3628;6.559;3.386;2026-02-15T11:00:08.791368+00:00;P0;14.60
4854;DHT22;3628;6.559;3.386;2026-02-15T11:00:26.175922+00:00;humidity;60.80
4854;DHT22;3628;6.559;3.386;2026-02-15T11:00:26.175922+00:00;temperature;36.90
4853;pms5003;3628;6.559;3.386;2026-02-15T11:05:43.348009+00:00;P2;21.25
4853;pms5003;3628;6.559;3.386;2026-02-15T11:05:43.348009+00:00;P1;25.00
4853;pms5003;3628;6.559;3.386;2026-02-15T11:05:43.348009+00:00;P0;14.00
4854;DHT22;3628;6.559;3.386;2026-02-15T11:06:00.721652+00:00;humidity;61.40
4854;DHT22;3628;6.559;3.386;2026-02-15T11:06:00.721652+00:00;temperature;37.40
4853;pms5003;3628;6.559;3.386;2026-02-15T11:11:17.896783+00:00;P2;18.80
4853;pms5003;3628;6.559;3.386;2026-02-15T11:11:17.896783+00:00;P1;22.60
4853;pms5003;3628;6.559;3.386;2026-02-15T11:11:17.896783+00:00;P0;13.00
4854;DHT22;3628;6.559;3.386;2026-02-15T11:11:35.232047+00:00;humidity;62.90
4854;DHT22;3628;6.559;3.386;2026-02-15T11:11:35.232047+00:00;temperature;36.90
4853;pms5003;3628;6.559;3.386;2026-02-15T11:16:52.413507+00:00;P2;18.00
4853;pms5003;3628;6.559;3.386;2026-02-15T11:16:52.413507+00:00;P1;23.00
4853;pms5003;3628;6.559;3.386;2026-02-15T11:16:52.413507+00:00;P0;14.00
4854;DHT22;3628;6.559;3.386;2026-02-15T11:17:09.784775+00:00;humidity;60.80
4854;DHT22;3628;6.559;3.386;2026-02-15T11:17:09.784775+00:00;temperature;37.50
4854;DHT22;3628;6.559;3.386;2026-02-15T11:28:08.538214+00:00;humidity;64.60
4854;DHT22;3628;6.559;3.386;2026-02-15T11:28:08.538214+00:00;temperature;36.20
4854;DHT22;3628;6.559;3.386;2026-02-15T11:33:43.537381+00:00;humidity;59.80
4854;DHT22;3628;6.559;3.386;2026-02-15T11:33:43.537381+00:00;temperature;38.00
4853;pms5003;3628;6.559;3.386;2026-02-15T11:39:00.536439+00:00;P2;21.33
4853;pms5003;3628;6.559;3.386;2026-02-15T11:39:00.536439+00:00;P1;26.33
4853;pms5003;3628;6.559;3.386;2026-02-15T11:39:00.536439+00:00;P0;15.33
4854;DHT22;3628;6.559;3.386;2026-02-15T11:39:17.897351+00:00;humidity;61.20
4854;DHT22;3628;6.559;3.386;2026-02-15T11:39:17.897351+00:00;temperature;37.50
4853;pms5003;3628;6.559;3.386;2026-02-15T11:44:35.059556+00:00;P2;21.00
4853;pms5003;3628;6.559;3.386;2026-02-15T11:44:35.059556+00:00;P1;34.40
4853;pms5003;3628;6.559;3.386;2026-02-15T11:44:35.059556+00:00;P0;17.00
4854;DHT22;3628;6.559;3.386;2026-02-15T11:44:52.431870+00:00;humidity;61.40
4854;DHT22;3628;6.559;3.386;2026-02-15T11:44:52.431870+00:00;temperature;37.20
4853;pms5003;3628;6.559;3.386;2026-02-15T11:50:09.604137+00:00;P2;20.00
4853;pms5003;3628;6.559;3.386;2026-02-15T11:50:09.604137+00:00;P1;24.00
4853;pms5003;3628;6.559;3.386;2026-02-15T11:50:09.604137+00:00;P0;14.00
4854;DHT22;3628;6.559;3.386;2026-02-15T11:50:27.043305+00:00;humidity;63.80
4854;DHT22;3628;6.559;3.386;2026-02-15T11:50:27.043305+00:00;temperature;36.20
4854;DHT22;3628;6.559;3.386;2026-02-15T11:55:50.769281+00:00;humidity;66.80
4854;DHT22;3628;6.559;3.386;2026-02-15T11:55:50.769281+00:00;temperature;35.10
4854;DHT22;3628;6.559;3.386;2026-02-15T12:01:25.283301+00:00;humidity;64.20
4854;DHT22;3628;6.559;3.386;2026-02-15T12:01:25.283301+00:00;temperature;36.40
4853;pms5003;3628;6.559;3.386;2026-02-15T12:11:56.174619+00:00;P2;22.00
4853;pms5003;3628;6.559;3.386;2026-02-15T12:11:56.174619+00:00;P1;22.00
4853;pms5003;3628;6.559;3.386;2026-02-15T12:11:56.174619+00:00;P0;14.25
4854;DHT22;3628;6.559;3.386;2026-02-15T12:12:13.503880+00:00;humidity;65.10
4854;DHT22;3628;6.559;3.386;2026-02-15T12:12:13.503880+00:00;temperature;36.10
4853;pms5003;3628;6.559;3.386;2026-02-15T12:17:30.679025+00:00;P2;20.00
4853;pms5003;3628;6.559;3.386;2026-02-15T12:17:30.679025+00:00;P1;27.60
4853;pms5003;3628;6.559;3.386;2026-02-15T12:17:30.679025+00:00;P0;13.20
4854;DHT22;3628;6.559;3.386;2026-02-15T12:17:48.030140+00:00;humidity;65.80
4854;DHT22;3628;6.559;3.386;2026-02-15T12:17:48.030140+00:00;temperature;35.80
4853;pms5003;3628;6.559;3.386;2026-02-15T12:23:05.200822+00:00;P2;23.80
4853;pms5003;3628;6.559;3.386;2026-02-15T12:23:05.200822+00:00;P1;26.20
4853;pms5003;3628;6.559;3.386;2026-02-15T12:23:05.200822+00:00;P0;15.00
4854;DHT22;3628;6.559;3.386;2026-02-15T12:23:22.547233+00:00;humidity;66.00
4854;DHT22;3628;6.559;3.386;2026-02-15T12:23:22.547233+00:00;temperature;35.50
4853;pms5003;3628;6.559;3.386;2026-02-15T12:28:39.834320+00:00;P2;24.40
4853;pms5003;3628;6.559;3.386;2026-02-15T12:28:39.834320+00:00;P1;25.40
4853;pms5003;3628;6.559;3.386;2026-02-15T12:28:39.834320+00:00;P0;16.40
4854;DHT22;3628;6.559;3.386;2026-02-15T12:28:57.165247+00:00;humidity;62.30
4854;DHT22;3628;6.559;3.386;2026-02-15T12:28:57.165247+00:00;temperature;37.30
4853;pms5003;3628;6.559;3.386;2026-02-15T12:34:14.340736+00:00;P2;21.60
4853;pms5003;3628;6.559;3.386;2026-02-15T12:34:14.340736+00:00;P1;23.00
4853;pms5003;3628;6.559;3.386;2026-02-15T12:34:14.340736+00:00;P0;14.00
4854;DHT22;3628;6.559;3.386;2026-02-15T12:39:55.872439+00:00;humidity;60.70
4854;DHT22;3628;6.559;3.386;2026-02-15T12:39:55.872439+00:00;temperature;37.30
4854;DHT22;3628;6.559;3.386;2026-02-15T12:50:54.071547+00:00;humidity;57.20
4854;DHT22;3628;6.559;3.386;2026-02-15T12:50:54.071547+00:00;temperature;38.20
4853;pms5003;3628;6.559;3.386;2026-02-15T12:56:11.243686+00:00;P2;20.00
4853;pms5003;3628;6.559;3.386;2026-02-15T12:56:11.243686+00:00;P1;22.60
4853;pms5003;3628;6.559;3.386;2026-02-15T12:56:11.243686+00:00;P0;13.00
4854;DHT22;3628;6.559;3.386;2026-02-15T12:56:28.601051+00:00;humidity;55.50
4854;DHT22;3628;6.559;3.386;2026-02-15T12:56:28.601051+00:00;temperature;39.50
4854;DHT22;3628;6.559;3.386;2026-02-15T13:01:52.283545+00:00;humidity;55.10
4854;DHT22;3628;6.559;3.386;2026-02-15T13:01:52.283545+00:00;temperature;39.90
4854;DHT22;3628;6.559;3.386;2026-02-15T13:12:29.909946+00:00;humidity;56.80
4854;DHT22;3628;6.559;3.386;2026-02-15T13:12:29.909946+00:00;temperature;38.10
4853;pms5003;3628;6.559;3.386;2026-02-15T13:17:47.063809+00:00;P2;21.25
4853;pms5003;3628;6.559;3.386;2026-02-15T13:17:47.063809+00:00;P1;32.75
4853;pms5003;3628;6.559;3.386;2026-02-15T13:17:47.063809+00:00;P0;14.50
4854;DHT22;3628;6.559;3.386;2026-02-15T13:18:04.430188+00:00;humidity;55.60
4854;DHT22;3628;6.559;3.386;2026-02-15T13:18:04.430188+00:00;temperature;39.20
4853;pms5003;3628;6.559;3.386;2026-02-15T13:23:21.599550+00:00;P2;20.75
4853;pms5003;3628;6.559;3.386;2026-02-15T13:23:21.599550+00:00;P1;32.75
4853;pms5003;3628;6.559;3.386;2026-02-15T13:23:21.599550+00:00;P0;15.50
4854;DHT22;3628;6.559;3.386;2026-02-15T13:23:38.952087+00:00;humidity;54.70
4854;DHT22;3628;6.559;3.386;2026-02-15T13:23:38.952087+00:00;temperature;39.80
4853;pms5003;3628;6.559;3.386;2026-02-15T13:28:56.118759+00:00;P2;27.00
4853;pms5003;3628;6.559;3.386;2026-02-15T13:28:56.118759+00:00;P1;33.00
4853;pms5003;3628;6.559;3.386;2026-02-15T13:28:56.118759+00:00;P0;18.50
4854;DHT22;3628;6.559;3.386;2026-02-15T13:29:13.473168+00:00;humidity;54.70
4854;DHT22;3628;6.559;3.386;2026-02-15T13:29:13.473168+00:00;temperature;40.30
4853;pms5003;3628;6.559;3.386;2026-02-15T13:34:30.644634+00:00;P2;20.00
4853;pms5003;3628;6.559;3.386;2026-02-15T13:34:30.644634+00:00;P1;20.00
4853;pms5003;3628;6.559;3.386;2026-02-15T13:34:30.644634+00:00;P0;14.20
4854;DHT22;3628;6.559;3.386;2026-02-15T13:45:14.201735+00:00;humidity;55.00
4854;DHT22;3628;6.559;3.386;2026-02-15T13:45:14.201735+00:00;temperature;39.90
4853;pms5003;3628;6.559;3.386;2026-02-15T13:50:31.371189+00:00;P2;19.75
4853;pms5003;3628;6.559;3.386;2026-02-15T13:50:31.371189+00:00;P1;27.50
4853;pms5003;3628;6.559;3.386;2026-02-15T13:50:31.371189+00:00;P0;14.00
4854;DHT22;3628;6.559;3.386;2026-02-15T13:50:48.809613+00:00;humidity;53.70
4854;DHT22;3628;6.559;3.386;2026-02-15T13:50:48.809613+00:00;temperature;40.30
4853;pms5003;3628;6.559;3.386;2026-02-15T13:56:05.993419+00:00;P2;25.00
4853;pms5003;3628;6.559;3.386;2026-02-15T13:56:05.993419+00:00;P1;29.00
4853;pms5003;3628;6.559;3.386;2026-02-15T13:56:05.993419+00:00;P0;18.00
4854;DHT22;3628;6.559;3.386;2026-02-15T13:56:23.315140+00:00;humidity;53.40
4854;DHT22;3628;6.559;3.386;2026-02-15T13:56:23.315140+00:00;temperature;40.20
4853;pms5003;3628;6.559;3.386;2026-02-15T14:01:40.483304+00:00;P2;23.00
4853;pms5003;3628;6.559;3.386;2026-02-15T14:01:40.483304+00:00;P1;33.00
4853;pms5003;3628;6.559;3.386;2026-02-15T14:01:40.483304+00:00;P0;16.50
4854;DHT22;3628;6.559;3.386;2026-02-15T14:01:57.823822+00:00;humidity;53.30
4854;DHT22;3628;6.559;3.386;2026-02-15T14:01:57.823822+00:00;temperature;40.70
4853;pms5003;3628;6.559;3.386;2026-02-15T14:07:14.985701+00:00;P2;23.50
4853;pms5003;3628;6.559;3.386;2026-02-15T14:07:14.985701+00:00;P1;34.00
4853;pms5003;3628;6.559;3.386;2026-02-15T14:07:14.985701+00:00;P0;17.50
4853;pms5003;3628;6.559;3.386;2026-02-15T14:12:41.572439+00:00;P2;22.40
4853;pms5003;3628;6.559;3.386;2026-02-15T14:12:41.572439+00:00;P1;23.20
4853;pms5003;3628;6.559;3.386;2026-02-15T14:12:41.572439+00:00;P0;15.40
4853;pms5003;3628;6.559;3.386;2026-02-15T14:18:16.285044+00:00;P2;21.00
4853;pms5003;3628;6.559;3.386;2026-02-15T14:18:16.285044+00:00;P1;25.00
4853;pms5003;3628;6.559;3.386;2026-02-15T14:18:16.285044+00:00;P0;15.00
4854;DHT22;3628;6.559;3.386;2026-02-15T14:18:33.854622+00:00;humidity;54.50
4854;DHT22;3628;6.559;3.386;2026-02-15T14:18:33.854622+00:00;temperature;40.20
4854;DHT22;3628;6.559;3.386;2026-02-15T14:24:08.152590+00:00;humidity;54.00
4854;DHT22;3628;6.559;3.386;2026-02-15T14:24:08.152590+00:00;temperature;40.20
4853;pms5003;3628;6.559;3.386;2026-02-15T14:29:25.333259+00:00;P2;20.25
4853;pms5003;3628;6.559;3.386;2026-02-15T14:29:25.333259+00:00;P1;20.25
4853;pms5003;3628;6.559;3.386;2026-02-15T14:29:25.333259+00:00;P0;14.25
4854;DHT22;3628;6.559;3.386;2026-02-15T14:29:42.690167+00:00;humidity;54.40
4854;DHT22;3628;6.559;3.386;2026-02-15T14:29:42.690167+00:00;temperature;39.80
4854;DHT22;3628;6.559;3.386;2026-02-15T14:35:17.185583+00:00;humidity;53.30
4854;DHT22;3628;6.559;3.386;2026-02-15T14:35:17.185583+00:00;temperature;40.00
4854;DHT22;3628;6.559;3.386;2026-02-15T14:40:51.898416+00:00;humidity;53.30
4854;DHT22;3628;6.559;3.386;2026-02-15T14:40:51.898416+00:00;temperature;40.10
4854;DHT22;3628;6.559;3.386;2026-02-15T14:46:26.453716+00:00;humidity;53.70
4854;DHT22;3628;6.559;3.386;2026-02-15T14:46:26.453716+00:00;temperature;40.30
4853;pms5003;3628;6.559;3.386;2026-02-15T14:51:43.604111+00:00;P2;22.50
4853;pms5003;3628;6.559;3.386;2026-02-15T14:51:43.604111+00:00;P1;22.50
4853;pms5003;3628;6.559;3.386;2026-02-15T14:51:43.604111+00:00;P0;16.50
4853;pms5003;3628;6.559;3.386;2026-02-15T14:57:10.247800+00:00;P2;18.00
4853;pms5003;3628;6.559;3.386;2026-02-15T14:57:10.247800+00:00;P1;18.50
4853;pms5003;3628;6.559;3.386;2026-02-15T14:57:10.247800+00:00;P0;12.50
4854;DHT22;3628;6.559;3.386;2026-02-15T14:57:27.618321+00:00;humidity;54.60
4854;DHT22;3628;6.559;3.386;2026-02-15T14:57:27.618321+00:00;temperature;39.30
4853;pms5003;3628;6.559;3.386;2026-02-15T15:02:44.792285+00:00;P2;20.75
4853;pms5003;3628;6.559;3.386;2026-02-15T15:02:44.792285+00:00;P1;20.75
4853;pms5003;3628;6.559;3.386;2026-02-15T15:02:44.792285+00:00;P0;15.00
4854;DHT22;3628;6.559;3.386;2026-02-15T15:03:02.124434+00:00;humidity;53.50
4854;DHT22;3628;6.559;3.386;2026-02-15T15:03:02.124434+00:00;temperature;39.40
4853;pms5003;3628;6.559;3.386;2026-02-15T15:08:19.362378+00:00;P2;21.00
4853;pms5003;3628;6.559;3.386;2026-02-15T15:08:19.362378+00:00;P1;21.00
4853;pms5003;3628;6.559;3.386;2026-02-15T15:08:19.362378+00:00;P0;14.00
4854;DHT22;3628;6.559;3.386;2026-02-15T15:08:39.702580+00:00;humidity;54.00
4854;DHT22;3628;6.559;3.386;2026-02-15T15:08:39.702580+00:00;temperature;39.70
4853;pms5003;3628;6.559;3.386;2026-02-15T15:13:56.855957+00:00;P2;24.80
4853;pms5003;3628;6.559;3.386;2026-02-15T15:13:56.855957+00:00;P1;29.20
4853;pms5003;3628;6.559;3.386;2026-02-15T15:13:56.855957+00:00;P0;17.80
4854;DHT22;3628;6.559;3.386;2026-02-15T15:14:14.189825+00:00;humidity;54.20
4854;DHT22;3628;6.559;3.386;2026-02-15T15:14:14.189825+00:00;temperature;39.80
4853;pms5003;3628;6.559;3.386;2026-02-15T15:19:31.387636+00:00;P2;22.75
4853;pms5003;3628;6.559;3.386;2026-02-15T15:19:31.387636+00:00;P1;33.25
4853;pms5003;3628;6.559;3.386;2026-02-15T15:19:31.387636+00:00;P0;16.00
4854;DHT22;3628;6.559;3.386;2026-02-15T15:19:48.773144+00:00;humidity;54.70
4854;DHT22;3628;6.559;3.386;2026-02-15T15:19:48.773144+00:00;temperature;39.50
4853;pms5003;3628;6.559;3.386;2026-02-15T15:25:05.960037+00:00;P2;22.80
4853;pms5003;3628;6.559;3.386;2026-02-15T15:25:05.960037+00:00;P1;35.20
4853;pms5003;3628;6.559;3.386;2026-02-15T15:25:05.960037+00:00;P0;16.80
4854;DHT22;3628;6.559;3.386;2026-02-15T15:25:23.288049+00:00;humidity;54.80
4854;DHT22;3628;6.559;3.386;2026-02-15T15:25:23.288049+00:00;temperature;39.20
4854;DHT22;3628;6.559;3.386;2026-02-15T15:30:57.795568+00:00;humidity;54.80
4854;DHT22;3628;6.559;3.386;2026-02-15T15:30:57.795568+00:00;temperature;39.50
4853;pms5003;3628;6.559;3.386;2026-02-15T15:36:14.967979+00:00;P2;18.40
4853;pms5003;3628;6.559;3.386;2026-02-15T15:36:14.967979+00:00;P1;19.40
4853;pms5003;3628;6.559;3.386;2026-02-15T15:36:14.967979+00:00;P0;12.40
4854;DHT22;3628;6.559;3.386;2026-02-15T15:36:32.383341+00:00;humidity;54.70
4854;DHT22;3628;6.559;3.386;2026-02-15T15:36:32.383341+00:00;temperature;39.20
4854;DHT22;3628;6.559;3.386;2026-02-15T15:42:06.990503+00:00;humidity;53.80
4854;DHT22;3628;6.559;3.386;2026-02-15T15:42:06.990503+00:00;temperature;39.60
4853;pms5003;3628;6.559;3.386;2026-02-15T16:09:20.982703+00:00;P2;18.75
4853;pms5003;3628;6.559;3.386;2026-02-15T16:09:20.982703+00:00;P1;19.00
4853;pms5003;3628;6.559;3.386;2026-02-15T16:09:20.982703+00:00;P0;13.00
4854;DHT22;3628;6.559;3.386;2026-02-15T16:09:38.336959+00:00;humidity;53.20
4854;DHT22;3628;6.559;3.386;2026-02-15T16:09:38.336959+00:00;temperature;38.20
4854;DHT22;3628;6.559;3.386;2026-02-15T16:15:02.143412+00:00;humidity;53.50
4854;DHT22;3628;6.559;3.386;2026-02-15T16:15:02.143412+00:00;temperature;38.40
4854;DHT22;3628;6.559;3.386;2026-02-15T16:20:25.854037+00:00;humidity;52.60
4854;DHT22;3628;6.559;3.386;2026-02-15T16:20:25.854037+00:00;temperature;38.10
4853;pms5003;3628;6.559;3.386;2026-02-15T16:25:43.024441+00:00;P2;16.00
4853;pms5003;3628;6.559;3.386;2026-02-15T16:25:43.024441+00:00;P1;16.50
4853;pms5003;3628;6.559;3.386;2026-02-15T16:25:43.024441+00:00;P0;11.00
4854;DHT22;3628;6.559;3.386;2026-02-15T16:26:00.396585+00:00;humidity;55.70
4854;DHT22;3628;6.559;3.386;2026-02-15T16:26:00.396585+00:00;temperature;37.60
4853;pms5003;3628;6.559;3.386;2026-02-15T16:31:17.581508+00:00;P2;20.25
4853;pms5003;3628;6.559;3.386;2026-02-15T16:31:17.581508+00:00;P1;24.25
4853;pms5003;3628;6.559;3.386;2026-02-15T16:31:17.581508+00:00;P0;13.25
4853;pms5003;3628;6.559;3.386;2026-02-15T16:36:41.473040+00:00;P2;16.00
4853;pms5003;3628;6.559;3.386;2026-02-15T16:36:41.473040+00:00;P1;29.75
4853;pms5003;3628;6.559;3.386;2026-02-15T16:36:41.473040+00:00;P0;11.00
4854;DHT22;3628;6.559;3.386;2026-02-15T16:36:58.849361+00:00;humidity;56.60
4854;DHT22;3628;6.559;3.386;2026-02-15T16:36:58.849361+00:00;temperature;37.00
4853;pms5003;3628;6.559;3.386;2026-02-15T16:42:16.187264+00:00;P2;18.00
4853;pms5003;3628;6.559;3.386;2026-02-15T16:42:16.187264+00:00;P1;19.40
4853;pms5003;3628;6.559;3.386;2026-02-15T16:42:16.187264+00:00;P0;11.60
4853;pms5003;3628;6.559;3.386;2026-02-15T16:47:39.918048+00:00;P2;15.00
4853;pms5003;3628;6.559;3.386;2026-02-15T16:47:39.918048+00:00;P1;26.00
4853;pms5003;3628;6.559;3.386;2026-02-15T16:47:39.918048+00:00;P0;10.00
4854;DHT22;3628;6.559;3.386;2026-02-15T16:47:57.298224+00:00;humidity;57.80
4854;DHT22;3628;6.559;3.386;2026-02-15T16:47:57.298224+00:00;temperature;36.70
4854;DHT22;3628;6.559;3.386;2026-02-15T16:53:31.836652+00:00;humidity;57.90
4854;DHT22;3628;6.559;3.386;2026-02-15T16:53:31.836652+00:00;temperature;36.50
4853;pms5003;3628;6.559;3.386;2026-02-15T16:58:49.002864+00:00;P2;19.50
4853;pms5003;3628;6.559;3.386;2026-02-15T16:58:49.002864+00:00;P1;32.00
4853;pms5003;3628;6.559;3.386;2026-02-15T16:58:49.002864+00:00;P0;13.00
4854;DHT22;3628;6.559;3.386;2026-02-15T16:59:06.333775+00:00;humidity;58.80
4854;DHT22;3628;6.559;3.386;2026-02-15T16:59:06.333775+00:00;temperature;36.30
4853;pms5003;3628;6.559;3.386;2026-02-15T17:04:23.507946+00:00;P2;18.00
4853;pms5003;3628;6.559;3.386;2026-02-15T17:04:23.507946+00:00;P1;22.25
4853;pms5003;3628;6.559;3.386;2026-02-15T17:04:23.507946+00:00;P0;12.25
4854;DHT22;3628;6.559;3.386;2026-02-15T17:04:40.843704+00:00;humidity;59.50
4854;DHT22;3628;6.559;3.386;2026-02-15T17:04:40.843704+00:00;temperature;35.90
4853;pms5003;3628;6.559;3.386;2026-02-15T17:09:58.131516+00:00;P2;22.00
4853;pms5003;3628;6.559;3.386;2026-02-15T17:09:58.131516+00:00;P1;24.00
4853;pms5003;3628;6.559;3.386;2026-02-15T17:09:58.131516+00:00;P0;14.00
4854;DHT22;3628;6.559;3.386;2026-02-15T17:10:15.540582+00:00;humidity;60.20
4854;DHT22;3628;6.559;3.386;2026-02-15T17:10:15.540582+00:00;temperature;35.40
4853;pms5003;3628;6.559;3.386;2026-02-15T17:15:32.713031+00:00;P2;20.40
4853;pms5003;3628;6.559;3.386;2026-02-15T17:15:32.713031+00:00;P1;24.20
4853;pms5003;3628;6.559;3.386;2026-02-15T17:15:32.713031+00:00;P0;13.00
4853;pms5003;3628;6.559;3.386;2026-02-15T17:26:09.742699+00:00;P2;23.00
4853;pms5003;3628;6.559;3.386;2026-02-15T17:26:09.742699+00:00;P1;24.00
4853;pms5003;3628;6.559;3.386;2026-02-15T17:26:09.742699+00:00;P0;14.00
4854;DHT22;3628;6.559;3.386;2026-02-15T17:26:27.035350+00:00;humidity;66.00
4854;DHT22;3628;6.559;3.386;2026-02-15T17:26:27.035350+00:00;temperature;34.10
4853;pms5003;3628;6.559;3.386;2026-02-15T17:31:44.243629+00:00;P2;20.00
4853;pms5003;3628;6.559;3.386;2026-02-15T17:31:44.243629+00:00;P1;21.00
4853;pms5003;3628;6.559;3.386;2026-02-15T17:31:44.243629+00:00;P0;13.50
4853;pms5003;3628;6.559;3.386;2026-02-15T17:37:08.470634+00:00;P2;19.50
4853;pms5003;3628;6.559;3.386;2026-02-15T17:37:08.470634+00:00;P1;22.50
4853;pms5003;3628;6.559;3.386;2026-02-15T17:37:08.470634+00:00;P0;13.00
4854;DHT22;3628;6.559;3.386;2026-02-15T17:37:28.747330+00:00;humidity;68.20
4854;DHT22;3628;6.559;3.386;2026-02-15T17:37:28.747330+00:00;temperature;33.70
4853;pms5003;3628;6.559;3.386;2026-02-15T17:42:45.948390+00:00;P2;19.00
4853;pms5003;3628;6.559;3.386;2026-02-15T17:42:45.948390+00:00;P1;23.00
4853;pms5003;3628;6.559;3.386;2026-02-15T17:42:45.948390+00:00;P0;14.00
4854;DHT22;3628;6.559;3.386;2026-02-15T17:43:03.269946+00:00;humidity;69.40
4854;DHT22;3628;6.559;3.386;2026-02-15T17:43:03.269946+00:00;temperature;33.30
4853;pms5003;3628;6.559;3.386;2026-02-15T17:48:20.485302+00:00;P2;19.60
4853;pms5003;3628;6.559;3.386;2026-02-15T17:48:20.485302+00:00;P1;20.40
4853;pms5003;3628;6.559;3.386;2026-02-15T17:48:20.485302+00:00;P0;12.60
4854;DHT22;3628;6.559;3.386;2026-02-15T17:48:37.925663+00:00;humidity;70.20
4854;DHT22;3628;6.559;3.386;2026-02-15T17:48:37.925663+00:00;temperature;33.10
4853;pms5003;3628;6.559;3.386;2026-02-15T17:53:55.072353+00:00;P2;21.00
4853;pms5003;3628;6.559;3.386;2026-02-15T17:53:55.072353+00:00;P1;23.25
4853;pms5003;3628;6.559;3.386;2026-02-15T17:53:55.072353+00:00;P0;14.00
4854;DHT22;3628;6.559;3.386;2026-02-15T17:54:12.448007+00:00;humidity;71.50
4854;DHT22;3628;6.559;3.386;2026-02-15T17:54:12.448007+00:00;temperature;32.90
4854;DHT22;3628;6.559;3.386;2026-02-15T17:59:36.375353+00:00;humidity;72.40
4854;DHT22;3628;6.559;3.386;2026-02-15T17:59:36.375353+00:00;temperature;32.70
4853;pms5003;3628;6.559;3.386;2026-02-15T18:10:21.822520+00:00;P2;22.20
4853;pms5003;3628;6.559;3.386;2026-02-15T18:10:21.822520+00:00;P1;22.20
4853;pms5003;3628;6.559;3.386;2026-02-15T18:10:21.822520+00:00;P0;15.20
4854;DHT22;3628;6.559;3.386;2026-02-15T18:10:39.213916+00:00;humidity;73.90
4854;DHT22;3628;6.559;3.386;2026-02-15T18:10:39.213916+00:00;temperature;32.40
4853;pms5003;3628;6.559;3.386;2026-02-15T18:15:56.382439+00:00;P2;21.25
4853;pms5003;3628;6.559;3.386;2026-02-15T18:15:56.382439+00:00;P1;25.50
4853;pms5003;3628;6.559;3.386;2026-02-15T18:15:56.382439+00:00;P0;14.50
4854;DHT22;3628;6.559;3.386;2026-02-15T18:16:13.712322+00:00;humidity;74.40
4854;DHT22;3628;6.559;3.386;2026-02-15T18:16:13.712322+00:00;temperature;32.40
4853;pms5003;3628;6.559;3.386;2026-02-15T18:21:30.923887+00:00;P2;28.75
4853;pms5003;3628;6.559;3.386;2026-02-15T18:21:30.923887+00:00;P1;39.25
4853;pms5003;3628;6.559;3.386;2026-02-15T18:21:30.923887+00:00;P0;18.00
4853;pms5003;3628;6.559;3.386;2026-02-15T18:27:05.527975+00:00;P2;19.50
4853;pms5003;3628;6.559;3.386;2026-02-15T18:27:05.527975+00:00;P1;22.50
4853;pms5003;3628;6.559;3.386;2026-02-15T18:27:05.527975+00:00;P0;13.50
4854;DHT22;3628;6.559;3.386;2026-02-15T18:27:22.902692+00:00;humidity;75.40
4854;DHT22;3628;6.559;3.386;2026-02-15T18:27:22.902692+00:00;temperature;32.30
4853;pms5003;3628;6.559;3.386;2026-02-15T18:38:03.838127+00:00;P2;21.40
4853;pms5003;3628;6.559;3.386;2026-02-15T18:38:03.838127+00:00;P1;26.40
4853;pms5003;3628;6.559;3.386;2026-02-15T18:38:03.838127+00:00;P0;14.40
4854;DHT22;3628;6.559;3.386;2026-02-15T18:38:21.145459+00:00;humidity;76.30
4854;DHT22;3628;6.559;3.386;2026-02-15T18:38:21.145459+00:00;temperature;32.10
4853;pms5003;3628;6.559;3.386;2026-02-15T18:43:38.310900+00:00;P2;26.00
4853;pms5003;3628;6.559;3.386;2026-02-15T18:43:38.310900+00:00;P1;27.25
4853;pms5003;3628;6.559;3.386;2026-02-15T18:43:38.310900+00:00;P0;17.00
4853;pms5003;3628;6.559;3.386;2026-02-15T18:49:02.395982+00:00;P2;23.50
4853;pms5003;3628;6.559;3.386;2026-02-15T18:49:02.395982+00:00;P1;26.00
4853;pms5003;3628;6.559;3.386;2026-02-15T18:49:02.395982+00:00;P0;15.50
4853;pms5003;3628;6.559;3.386;2026-02-15T18:54:36.921326+00:00;P2;24.00
4853;pms5003;3628;6.559;3.386;2026-02-15T18:54:36.921326+00:00;P1;24.00
4853;pms5003;3628;6.559;3.386;2026-02-15T18:54:36.921326+00:00;P0;17.00
4854;DHT22;3628;6.559;3.386;2026-02-15T19:00:10.887426+00:00;humidity;77.40
4854;DHT22;3628;6.559;3.386;2026-02-15T19:00:10.887426+00:00;temperature;32.00
4854;DHT22;3628;6.559;3.386;2026-02-15T19:05:45.525755+00:00;humidity;76.80
4854;DHT22;3628;6.559;3.386;2026-02-15T19:05:45.525755+00:00;temperature;32.10
4854;DHT22;3628;6.559;3.386;2026-02-15T19:16:23.275442+00:00;humidity;77.70
4854;DHT22;3628;6.559;3.386;2026-02-15T19:16:23.275442+00:00;temperature;31.90
4853;pms5003;3628;6.559;3.386;2026-02-15T19:21:40.550124+00:00;P2;22.50
4853;pms5003;3628;6.559;3.386;2026-02-15T19:21:40.550124+00:00;P1;26.00
4853;pms5003;3628;6.559;3.386;2026-02-15T19:21:40.550124+00:00;P0;15.50
4854;DHT22;3628;6.559;3.386;2026-02-15T19:21:57.970704+00:00;humidity;77.60
4854;DHT22;3628;6.559;3.386;2026-02-15T19:21:57.970704+00:00;temperature;31.90
4853;pms5003;3628;6.559;3.386;2026-02-15T19:27:15.139366+00:00;P2;24.33
4853;pms5003;3628;6.559;3.386;2026-02-15T19:27:15.139366+00:00;P1;26.00
4853;pms5003;3628;6.559;3.386;2026-02-15T19:27:15.139366+00:00;P0;16.00
4854;DHT22;3628;6.559;3.386;2026-02-15T19:27:32.608146+00:00;humidity;77.60
4854;DHT22;3628;6.559;3.386;2026-02-15T19:27:32.608146+00:00;temperature;31.80
4853;pms5003;3628;6.559;3.386;2026-02-15T19:32:49.815875+00:00;P2;22.75
4853;pms5003;3628;6.559;3.386;2026-02-15T19:32:49.815875+00:00;P1;24.00
4853;pms5003;3628;6.559;3.386;2026-02-15T19:32:49.815875+00:00;P0;16.00
4854;DHT22;3628;6.559;3.386;2026-02-15T19:38:20.714198+00:00;humidity;78.10
4854;DHT22;3628;6.559;3.386;2026-02-15T19:38:20.714198+00:00;temperature;31.90
4854;DHT22;3628;6.559;3.386;2026-02-15T19:43:44.473888+00:00;humidity;78.70
4854;DHT22;3628;6.559;3.386;2026-02-15T19:43:44.473888+00:00;temperature;31.80
4854;DHT22;3628;6.559;3.386;2026-02-15T19:49:08.154604+00:00;humidity;78.80
4854;DHT22;3628;6.559;3.386;2026-02-15T19:49:08.154604+00:00;temperature;31.70
4853;pms5003;3628;6.559;3.386;2026-02-15T19:54:25.345614+00:00;P2;25.33
4853;pms5003;3628;6.559;3.386;2026-02-15T19:54:25.345614+00:00;P1;36.33
4853;pms5003;3628;6.559;3.386;2026-02-15T19:54:25.345614+00:00;P0;17.00
4854;DHT22;3628;6.559;3.386;2026-02-15T19:54:42.714070+00:00;humidity;78.80
4854;DHT22;3628;6.559;3.386;2026-02-15T19:54:42.714070+00:00;temperature;31.70
4854;DHT22;3628;6.559;3.386;2026-02-15T20:00:07.179441+00:00;humidity;78.60
4854;DHT22;3628;6.559;3.386;2026-02-15T20:00:07.179441+00:00;temperature;31.80
4853;pms5003;3628;6.559;3.386;2026-02-15T20:05:24.241038+00:00;P2;22.00
4853;pms5003;3628;6.559;3.386;2026-02-15T20:05:24.241038+00:00;P1;25.00
4853;pms5003;3628;6.559;3.386;2026-02-15T20:05:24.241038+00:00;P0;16.00
4854;DHT22;3628;6.559;3.386;2026-02-15T20:05:41.589493+00:00;humidity;78.50
4854;DHT22;3628;6.559;3.386;2026-02-15T20:05:41.589493+00:00;temperature;31.80
4853;pms5003;3628;6.559;3.386;2026-02-15T20:10:59.048939+00:00;P2;24.40
4853;pms5003;3628;6.559;3.386;2026-02-15T20:10:59.048939+00:00;P1;25.20
4853;pms5003;3628;6.559;3.386;2026-02-15T20:10:59.048939+00:00;P0;15.00
4853;pms5003;3628;6.559;3.386;2026-02-15T20:16:25.676561+00:00;P2;27.33
4853;pms5003;3628;6.559;3.386;2026-02-15T20:16:25.676561+00:00;P1;32.00
4853;pms5003;3628;6.559;3.386;2026-02-15T20:16:25.676561+00:00;P0;19.00
4853;pms5003;3628;6.559;3.386;2026-02-15T20:21:49.719357+00:00;P2;29.60
4853;pms5003;3628;6.559;3.386;2026-02-15T20:21:49.719357+00:00;P1;33.20
4853;pms5003;3628;6.559;3.386;2026-02-15T20:21:49.719357+00:00;P0;20.00
4854;DHT22;3628;6.559;3.386;2026-02-15T20:22:07.093455+00:00;humidity;79.80
4854;DHT22;3628;6.559;3.386;2026-02-15T20:22:07.093455+00:00;temperature;31.60
4853;pms5003;3628;6.559;3.386;2026-02-15T20:27:24.320975+00:00;P2;26.50
4853;pms5003;3628;6.559;3.386;2026-02-15T20:27:24.320975+00:00;P1;26.50
4853;pms5003;3628;6.559;3.386;2026-02-15T20:27:24.320975+00:00;P0;18.00
4854;DHT22;3628;6.559;3.386;2026-02-15T20:27:41.741071+00:00;humidity;80.30
4854;DHT22;3628;6.559;3.386;2026-02-15T20:27:41.741071+00:00;temperature;31.60
4853;pms5003;3628;6.559;3.386;2026-02-15T20:32:58.944515+00:00;P2;28.00
4853;pms5003;3628;6.559;3.386;2026-02-15T20:32:58.944515+00:00;P1;39.00
4853;pms5003;3628;6.559;3.386;2026-02-15T20:32:58.944515+00:00;P0;17.50
4853;pms5003;3628;6.559;3.386;2026-02-15T20:38:22.721697+00:00;P2;28.00
4853;pms5003;3628;6.559;3.386;2026-02-15T20:38:22.721697+00:00;P1;29.00
4853;pms5003;3628;6.559;3.386;2026-02-15T20:38:22.721697+00:00;P0;20.00
4854;DHT22;3628;6.559;3.386;2026-02-15T20:38:40.069817+00:00;humidity;80.60
4854;DHT22;3628;6.559;3.386;2026-02-15T20:38:40.069817+00:00;temperature;31.70
4854;DHT22;3628;6.559;3.386;2026-02-15T20:44:04.270385+00:00;humidity;80.70
4854;DHT22;3628;6.559;3.386;2026-02-15T20:44:04.270385+00:00;temperature;31.60
4853;pms5003;3628;6.559;3.386;2026-02-15T20:49:21.553293+00:00;P2;29.00
4853;pms5003;3628;6.559;3.386;2026-02-15T20:49:21.553293+00:00;P1;32.80
4853;pms5003;3628;6.559;3.386;2026-02-15T20:49:21.553293+00:00;P0;19.40
4854;DHT22;3628;6.559;3.386;2026-02-15T20:49:39.059629+00:00;humidity;81.20
4854;DHT22;3628;6.559;3.386;2026-02-15T20:49:39.059629+00:00;temperature;31.60
4853;pms5003;3628;6.559;3.386;2026-02-15T20:54:56.251764+00:00;P2;28.00
4853;pms5003;3628;6.559;3.386;2026-02-15T20:54:56.251764+00:00;P1;29.00
4853;pms5003;3628;6.559;3.386;2026-02-15T20:54:56.251764+00:00;P0;18.00
4854;DHT22;3628;6.559;3.386;2026-02-15T20:55:13.595750+00:00;humidity;81.00
4854;DHT22;3628;6.559;3.386;2026-02-15T20:55:13.595750+00:00;temperature;31.60
4853;pms5003;3628;6.559;3.386;2026-02-15T21:00:30.771834+00:00;P2;25.50
4853;pms5003;3628;6.559;3.386;2026-02-15T21:00:30.771834+00:00;P1;29.25
4853;pms5003;3628;6.559;3.386;2026-02-15T21:00:30.771834+00:00;P0;18.25
4854;DHT22;3628;6.559;3.386;2026-02-15T21:00:48.107217+00:00;humidity;81.10
4854;DHT22;3628;6.559;3.386;2026-02-15T21:00:48.107217+00:00;temperature;31.50
4854;DHT22;3628;6.559;3.386;2026-02-15T21:21:55.400758+00:00;humidity;80.90
4854;DHT22;3628;6.559;3.386;2026-02-15T21:21:55.400758+00:00;temperature;31.60
4853;pms5003;3628;6.559;3.386;2026-02-15T21:27:12.601194+00:00;P2;26.40
4853;pms5003;3628;6.559;3.386;2026-02-15T21:27:12.601194+00:00;P1;33.00
4853;pms5003;3628;6.559;3.386;2026-02-15T21:27:12.601194+00:00;P0;19.00
4853;pms5003;3628;6.559;3.386;2026-02-15T21:32:36.483515+00:00;P2;23.25
4853;pms5003;3628;6.559;3.386;2026-02-15T21:32:36.483515+00:00;P1;23.50
4853;pms5003;3628;6.559;3.386;2026-02-15T21:32:36.483515+00:00;P0;17.00
4854;DHT22;3628;6.559;3.386;2026-02-15T21:32:53.881755+00:00;humidity;81.70
4854;DHT22;3628;6.559;3.386;2026-02-15T21:32:53.881755+00:00;temperature;31.40
4853;pms5003;3628;6.559;3.386;2026-02-15T21:38:10.988931+00:00;P2;30.00
4853;pms5003;3628;6.559;3.386;2026-02-15T21:38:10.988931+00:00;P1;33.00
4853;pms5003;3628;6.559;3.386;2026-02-15T21:38:10.988931+00:00;P0;21.00
4854;DHT22;3628;6.559;3.386;2026-02-15T21:38:28.366533+00:00;humidity;81.70
4854;DHT22;3628;6.559;3.386;2026-02-15T21:38:28.366533+00:00;temperature;31.50
4854;DHT22;3628;6.559;3.386;2026-02-15T21:44:03.111371+00:00;humidity;81.50
4854;DHT22;3628;6.559;3.386;2026-02-15T21:44:03.111371+00:00;temperature;31.60
4854;DHT22;3628;6.559;3.386;2026-02-15T21:49:27.048704+00:00;humidity;82.00
4854;DHT22;3628;6.559;3.386;2026-02-15T21:49:27.048704+00:00;temperature;31.40
4853;pms5003;3628;6.559;3.386;2026-02-15T21:54:44.210784+00:00;P2;30.00
4853;pms5003;3628;6.559;3.386;2026-02-15T21:54:44.210784+00:00;P1;33.50
4853;pms5003;3628;6.559;3.386;2026-02-15T21:54:44.210784+00:00;P0;20.75
4854;DHT22;3628;6.559;3.386;2026-02-15T21:55:01.745877+00:00;humidity;82.30
4854;DHT22;3628;6.559;3.386;2026-02-15T21:55:01.745877+00:00;temperature;31.40
4854;DHT22;3628;6.559;3.386;2026-02-15T22:00:36.182661+00:00;humidity;82.40
4854;DHT22;3628;6.559;3.386;2026-02-15T22:00:36.182661+00:00;temperature;31.40
4853;pms5003;3628;6.559;3.386;2026-02-15T22:05:53.541908+00:00;P2;30.00
4853;pms5003;3628;6.559;3.386;2026-02-15T22:05:53.541908+00:00;P1;31.00
4853;pms5003;3628;6.559;3.386;2026-02-15T22:05:53.541908+00:00;P0;19.25
4854;DHT22;3628;6.559;3.386;2026-02-15T22:06:11.073048+00:00;humidity;82.60
4854;DHT22;3628;6.559;3.386;2026-02-15T22:06:11.073048+00:00;temperature;31.40
4853;pms5003;3628;6.559;3.386;2026-02-15T22:16:51.906193+00:00;P2;24.20
4853;pms5003;3628;6.559;3.386;2026-02-15T22:16:51.906193+00:00;P1;29.40
4853;pms5003;3628;6.559;3.386;2026-02-15T22:16:51.906193+00:00;P0;18.60
4854;DHT22;3628;6.559;3.386;2026-02-15T22:22:33.550566+00:00;humidity;83.40
4854;DHT22;3628;6.559;3.386;2026-02-15T22:22:33.550566+00:00;temperature;31.30
4854;DHT22;3628;6.559;3.386;2026-02-15T22:27:57.409057+00:00;humidity;83.80
4854;DHT22;3628;6.559;3.386;2026-02-15T22:27:57.409057+00:00;temperature;31.20
4853;pms5003;3628;6.559;3.386;2026-02-15T22:33:14.620255+00:00;P2;25.50
4853;pms5003;3628;6.559;3.386;2026-02-15T22:33:14.620255+00:00;P1;30.00
4853;pms5003;3628;6.559;3.386;2026-02-15T22:33:14.620255+00:00;P0;18.75
4854;DHT22;3628;6.559;3.386;2026-02-15T22:33:31.934304+00:00;humidity;84.00
4854;DHT22;3628;6.559;3.386;2026-02-15T22:33:31.934304+00:00;temperature;31.20
4853;pms5003;3628;6.559;3.386;2026-02-15T22:38:49.181080+00:00;P2;28.50
4853;pms5003;3628;6.559;3.386;2026-02-15T22:38:49.181080+00:00;P1;31.50
4853;pms5003;3628;6.559;3.386;2026-02-15T22:38:49.181080+00:00;P0;18.00
4853;pms5003;3628;6.559;3.386;2026-02-15T22:44:13.324531+00:00;P2;25.00
4853;pms5003;3628;6.559;3.386;2026-02-15T22:44:13.324531+00:00;P1;27.00
4853;pms5003;3628;6.559;3.386;2026-02-15T22:44:13.324531+00:00;P0;19.00
4853;pms5003;3628;6.559;3.386;2026-02-15T22:49:47.802918+00:00;P2;25.00
4853;pms5003;3628;6.559;3.386;2026-02-15T22:49:47.802918+00:00;P1;27.00
4853;pms5003;3628;6.559;3.386;2026-02-15T22:49:47.802918+00:00;P0;15.50
4854;DHT22;3628;6.559;3.386;2026-02-15T22:50:05.151302+00:00;humidity;84.80
4854;DHT22;3628;6.559;3.386;2026-02-15T22:50:05.151302+00:00;temperature;31.10
4853;pms5003;3628;6.559;3.386;2026-02-15T22:55:22.530130+00:00;P2;28.00
4853;pms5003;3628;6.559;3.386;2026-02-15T22:55:22.530130+00:00;P1;32.80
4853;pms5003;3628;6.559;3.386;2026-02-15T22:55:22.530130+00:00;P0;16.00
4854;DHT22;3628;6.559;3.386;2026-02-15T22:55:39.899055+00:00;humidity;84.70
4854;DHT22;3628;6.559;3.386;2026-02-15T22:55:39.899055+00:00;temperature;31.20
4853;pms5003;3628;6.559;3.386;2026-02-15T23:00:57.098587+00:00;P2;23.00
4853;pms5003;3628;6.559;3.386;2026-02-15T23:00:57.098587+00:00;P1;25.25
4853;pms5003;3628;6.559;3.386;2026-02-15T23:00:57.098587+00:00;P0;16.00
4854;DHT22;3628;6.559;3.386;2026-02-15T23:01:14.449241+00:00;humidity;84.60
4854;DHT22;3628;6.559;3.386;2026-02-15T23:01:14.449241+00:00;temperature;31.20
4853;pms5003;3628;6.559;3.386;2026-02-15T23:06:31.733223+00:00;P2;19.75
4853;pms5003;3628;6.559;3.386;2026-02-15T23:06:31.733223+00:00;P1;20.75
4853;pms5003;3628;6.559;3.386;2026-02-15T23:06:31.733223+00:00;P0;14.75
4854;DHT22;3628;6.559;3.386;2026-02-15T23:06:49.325051+00:00;humidity;84.30
4854;DHT22;3628;6.559;3.386;2026-02-15T23:06:49.325051+00:00;temperature;31.20
4853;pms5003;3628;6.559;3.386;2026-02-15T23:12:06.271482+00:00;P2;16.75
4853;pms5003;3628;6.559;3.386;2026-02-15T23:12:06.271482+00:00;P1;19.75
4853;pms5003;3628;6.559;3.386;2026-02-15T23:12:06.271482+00:00;P0;12.75
4854;DHT22;3628;6.559;3.386;2026-02-15T23:12:23.652864+00:00;humidity;84.20
4854;DHT22;3628;6.559;3.386;2026-02-15T23:12:23.652864+00:00;temperature;31.20
4853;pms5003;3628;6.559;3.386;2026-02-15T23:17:40.908299+00:00;P2;22.33
4853;pms5003;3628;6.559;3.386;2026-02-15T23:17:40.908299+00:00;P1;29.33
4853;pms5003;3628;6.559;3.386;2026-02-15T23:17:40.908299+00:00;P0;16.00
4854;DHT22;3628;6.559;3.386;2026-02-15T23:17:58.324382+00:00;humidity;83.50
4854;DHT22;3628;6.559;3.386;2026-02-15T23:17:58.324382+00:00;temperature;31.40
4853;pms5003;3628;6.559;3.386;2026-02-15T23:23:15.487144+00:00;P2;18.40
4853;pms5003;3628;6.559;3.386;2026-02-15T23:23:15.487144+00:00;P1;20.40
4853;pms5003;3628;6.559;3.386;2026-02-15T23:23:15.487144+00:00;P0;13.40
4854;DHT22;3628;6.559;3.386;2026-02-15T23:23:32.998132+00:00;humidity;83.50
4854;DHT22;3628;6.559;3.386;2026-02-15T23:23:32.998132+00:00;temperature;31.30
4853;pms5003;3628;6.559;3.386;2026-02-15T23:28:50.123235+00:00;P2;23.00
4853;pms5003;3628;6.559;3.386;2026-02-15T23:28:50.123235+00:00;P1;34.75
4853;pms5003;3628;6.559;3.386;2026-02-15T23:28:50.123235+00:00;P0;15.75
4854;DHT22;3628;6.559;3.386;2026-02-15T23:29:07.530119+00:00;humidity;83.70
4854;DHT22;3628;6.559;3.386;2026-02-15T23:29:07.530119+00:00;temperature;31.20
4853;pms5003;3628;6.559;3.386;2026-02-15T23:34:24.770944+00:00;P2;16.60
4853;pms5003;3628;6.559;3.386;2026-02-15T23:34:24.770944+00:00;P1;22.60
4853;pms5003;3628;6.559;3.386;2026-02-15T23:34:24.770944+00:00;P0;12.00
4854;DHT22;3628;6.559;3.386;2026-02-15T23:34:42.181450+00:00;humidity;83.90
4854;DHT22;3628;6.559;3.386;2026-02-15T23:34:42.181450+00:00;temperature;31.30
4853;pms5003;3628;6.559;3.386;2026-02-15T23:39:59.362162+00:00;P2;22.50
4853;pms5003;3628;6.559;3.386;2026-02-15T23:39:59.362162+00:00;P1;25.00
4853;pms5003;3628;6.559;3.386;2026-02-15T23:39:59.362162+00:00;P0;16.00
4854;DHT22;3628;6.559;3.386;2026-02-15T23:40:16.671300+00:00;humidity;84.30
4854;DHT22;3628;6.559;3.386;2026-02-15T23:40:16.671300+00:00;temperature;31.20
4854;DHT22;3628;6.559;3.386;2026-02-15T23:45:51.186146+00:00;humidity;84.30
4854;DHT22;3628;6.559;3.386;2026-02-15T23:45:51.186146+00:00;temperature;31.20
4853;pms5003;3628;6.559;3.386;2026-02-15T23:51:08.528671+00:00;P2;22.00
4853;pms5003;3628;6.559;3.386;2026-02-15T23:51:08.528671+00:00;P1;23.75
4853;pms5003;3628;6.559;3.386;2026-02-15T23:51:08.528671+00:00;P0;15.00
4854;DHT22;3628;6.559;3.386;2026-02-15T23:51:25.866086+00:00;humidity;84.50
4854;DHT22;3628;6.559;3.386;2026-02-15T23:51:25.866086+00:00;temperature;31.20
4853;pms5003;3628;6.559;3.386;2026-02-15T23:56:43.218913+00:00;P2;22.75
4853;pms5003;3628;6.559;3.386;2026-02-15T23:56:43.218913+00:00;P1;24.00
4853;pms5003;3628;6.559;3.386;2026-02-15T23:56:43.218913+00:00;P0;15.00
4854;DHT22;3628;6.559;3.386;2026-02-15T23:57:00.633930+00:00;humidity;84.60
4854;DHT22;3628;6.559;3.386;2026-02-15T23:57:00.633930+00:00;temperature;31.20
4853;pms5003;3628;6.559;3.386;2026-02-16T00:02:17.822384+00:00;P2;25.50
4853;pms5003;3628;6.559;3.386;2026-02-16T00:02:17.822384+00:00;P1;30.50
4853;pms5003;3628;6.559;3.386;2026-02-16T00:02:17.822384+00:00;P0;17.50
4854;DHT22;3628;6.559;3.386;2026-02-16T00:02:35.192099+00:00;humidity;85.10
4854;DHT22;3628;6.559;3.386;2026-02-16T00:02:35.192099+00:00;temperature;31.00
4853;pms5003;3628;6.559;3.386;2026-02-16T00:07:52.376516+00:00;P2;25.50
4853;pms5003;3628;6.559;3.386;2026-02-16T00:07:52.376516+00:00;P1;25.50
4853;pms5003;3628;6.559;3.386;2026-02-16T00:07:52.376516+00:00;P0;16.75
4854;DHT22;3628;6.559;3.386;2026-02-16T00:08:09.739321+00:00;humidity;85.40
4854;DHT22;3628;6.559;3.386;2026-02-16T00:08:09.739321+00:00;temperature;31.00
4853;pms5003;3628;6.559;3.386;2026-02-16T00:13:26.926551+00:00;P2;27.00
4853;pms5003;3628;6.559;3.386;2026-02-16T00:13:26.926551+00:00;P1;34.50
4853;pms5003;3628;6.559;3.386;2026-02-16T00:13:26.926551+00:00;P0;18.00
4854;DHT22;3628;6.559;3.386;2026-02-16T00:13:44.471060+00:00;humidity;85.00
4854;DHT22;3628;6.559;3.386;2026-02-16T00:13:44.471060+00:00;temperature;31.20
4853;pms5003;3628;6.559;3.386;2026-02-16T00:19:01.671314+00:00;P2;26.33
4853;pms5003;3628;6.559;3.386;2026-02-16T00:19:01.671314+00:00;P1;38.67
4853;pms5003;3628;6.559;3.386;2026-02-16T00:19:01.671314+00:00;P0;18.00
4854;DHT22;3628;6.559;3.386;2026-02-16T00:19:19.052062+00:00;humidity;85.50
4854;DHT22;3628;6.559;3.386;2026-02-16T00:19:19.052062+00:00;temperature;31.10
4854;DHT22;3628;6.559;3.386;2026-02-16T00:24:53.553528+00:00;humidity;85.50
4854;DHT22;3628;6.559;3.386;2026-02-16T00:24:53.553528+00:00;temperature;31.10
4854;DHT22;3628;6.559;3.386;2026-02-16T00:30:28.113365+00:00;humidity;85.50
4854;DHT22;3628;6.559;3.386;2026-02-16T00:30:28.113365+00:00;temperature;31.00
4853;pms5003;3628;6.559;3.386;2026-02-16T00:35:45.304458+00:00;P2;22.20
4853;pms5003;3628;6.559;3.386;2026-02-16T00:35:45.304458+00:00;P1;24.20
4853;pms5003;3628;6.559;3.386;2026-02-16T00:35:45.304458+00:00;P0;14.80
4853;pms5003;3628;6.559;3.386;2026-02-16T00:41:09.185629+00:00;P2;23.33
4853;pms5003;3628;6.559;3.386;2026-02-16T00:41:09.185629+00:00;P1;23.33
4853;pms5003;3628;6.559;3.386;2026-02-16T00:41:09.185629+00:00;P0;16.33
4854;DHT22;3628;6.559;3.386;2026-02-16T00:41:26.563017+00:00;humidity;84.60
4854;DHT22;3628;6.559;3.386;2026-02-16T00:41:26.563017+00:00;temperature;31.10
4853;pms5003;3628;6.559;3.386;2026-02-16T00:46:43.782255+00:00;P2;22.00
4853;pms5003;3628;6.559;3.386;2026-02-16T00:46:43.782255+00:00;P1;31.00
4853;pms5003;3628;6.559;3.386;2026-02-16T00:46:43.782255+00:00;P0;17.00
4853;pms5003;3628;6.559;3.386;2026-02-16T00:52:07.609061+00:00;P2;21.00
4853;pms5003;3628;6.559;3.386;2026-02-16T00:52:07.609061+00:00;P1;24.00
4853;pms5003;3628;6.559;3.386;2026-02-16T00:52:07.609061+00:00;P0;13.60
4854;DHT22;3628;6.559;3.386;2026-02-16T00:57:38.424026+00:00;humidity;83.70
4854;DHT22;3628;6.559;3.386;2026-02-16T00:57:38.424026+00:00;temperature;31.00
4853;pms5003;3628;6.559;3.386;2026-02-16T01:02:58.476223+00:00;P2;42.00
4853;pms5003;3628;6.559;3.386;2026-02-16T01:02:58.476223+00:00;P1;58.00
4853;pms5003;3628;6.559;3.386;2026-02-16T01:02:58.476223+00:00;P0;25.50
4854;DHT22;3628;6.559;3.386;2026-02-16T01:03:15.826411+00:00;humidity;83.40
4854;DHT22;3628;6.559;3.386;2026-02-16T01:03:15.826411+00:00;temperature;31.00
4853;pms5003;3628;6.559;3.386;2026-02-16T01:08:33.029452+00:00;P2;37.75
4853;pms5003;3628;6.559;3.386;2026-02-16T01:08:33.029452+00:00;P1;51.50
4853;pms5003;3628;6.559;3.386;2026-02-16T01:08:33.029452+00:00;P0;23.50
4854;DHT22;3628;6.559;3.386;2026-02-16T01:08:50.356312+00:00;humidity;83.70
4854;DHT22;3628;6.559;3.386;2026-02-16T01:08:50.356312+00:00;temperature;30.90
4853;pms5003;3628;6.559;3.386;2026-02-16T01:14:07.709554+00:00;P2;35.00
4853;pms5003;3628;6.559;3.386;2026-02-16T01:14:07.709554+00:00;P1;47.50
4853;pms5003;3628;6.559;3.386;2026-02-16T01:14:07.709554+00:00;P0;24.00
4853;pms5003;3628;6.559;3.386;2026-02-16T01:19:42.335913+00:00;P2;30.00
4853;pms5003;3628;6.559;3.386;2026-02-16T01:19:42.335913+00:00;P1;45.20
4853;pms5003;3628;6.559;3.386;2026-02-16T01:19:42.335913+00:00;P0;21.00
4854;DHT22;3628;6.559;3.386;2026-02-16T01:25:53.241584+00:00;humidity;84.60
4854;DHT22;3628;6.559;3.386;2026-02-16T01:25:53.241584+00:00;temperature;30.70
4853;pms5003;3628;6.559;3.386;2026-02-16T01:31:10.456764+00:00;P2;28.40
4853;pms5003;3628;6.559;3.386;2026-02-16T01:31:10.456764+00:00;P1;30.40
4853;pms5003;3628;6.559;3.386;2026-02-16T01:31:10.456764+00:00;P0;17.40
4853;pms5003;3628;6.559;3.386;2026-02-16T01:36:34.218220+00:00;P2;31.00
4853;pms5003;3628;6.559;3.386;2026-02-16T01:36:34.218220+00:00;P1;40.60
4853;pms5003;3628;6.559;3.386;2026-02-16T01:36:34.218220+00:00;P0;20.00
4854;DHT22;3628;6.559;3.386;2026-02-16T01:36:51.553050+00:00;humidity;84.50
4854;DHT22;3628;6.559;3.386;2026-02-16T01:36:51.553050+00:00;temperature;30.80
4853;pms5003;3628;6.559;3.386;2026-02-16T01:42:08.725923+00:00;P2;32.25
4853;pms5003;3628;6.559;3.386;2026-02-16T01:42:08.725923+00:00;P1;49.00
4853;pms5003;3628;6.559;3.386;2026-02-16T01:42:08.725923+00:00;P0;21.25
4854;DHT22;3628;6.559;3.386;2026-02-16T01:42:28.960230+00:00;humidity;84.90
4854;DHT22;3628;6.559;3.386;2026-02-16T01:42:28.960230+00:00;temperature;30.70
4853;pms5003;3628;6.559;3.386;2026-02-16T01:47:46.135405+00:00;P2;28.50
4853;pms5003;3628;6.559;3.386;2026-02-16T01:47:46.135405+00:00;P1;37.00
4853;pms5003;3628;6.559;3.386;2026-02-16T01:47:46.135405+00:00;P0;19.50
4854;DHT22;3628;6.559;3.386;2026-02-16T01:48:03.483581+00:00;humidity;84.80
4854;DHT22;3628;6.559;3.386;2026-02-16T01:48:03.483581+00:00;temperature;30.80
4854;DHT22;3628;6.559;3.386;2026-02-16T01:53:38.087110+00:00;humidity;85.30
4854;DHT22;3628;6.559;3.386;2026-02-16T01:53:38.087110+00:00;temperature;30.70
4853;pms5003;3628;6.559;3.386;2026-02-16T01:58:55.244846+00:00;P2;23.25
4853;pms5003;3628;6.559;3.386;2026-02-16T01:58:55.244846+00:00;P1;24.25
4853;pms5003;3628;6.559;3.386;2026-02-16T01:58:55.244846+00:00;P0;15.00
4854;DHT22;3628;6.559;3.386;2026-02-16T01:59:12.595425+00:00;humidity;86.00
4854;DHT22;3628;6.559;3.386;2026-02-16T01:59:12.595425+00:00;temperature;30.70
4853;pms5003;3628;6.559;3.386;2026-02-16T02:04:29.832856+00:00;P2;21.80
4853;pms5003;3628;6.559;3.386;2026-02-16T02:04:29.832856+00:00;P1;27.40
4853;pms5003;3628;6.559;3.386;2026-02-16T02:04:29.832856+00:00;P0;14.80
4854;DHT22;3628;6.559;3.386;2026-02-16T02:04:47.196148+00:00;humidity;86.10
4854;DHT22;3628;6.559;3.386;2026-02-16T02:04:47.196148+00:00;temperature;30.60
4854;DHT22;3628;6.559;3.386;2026-02-16T02:10:10.844722+00:00;humidity;86.40
4854;DHT22;3628;6.559;3.386;2026-02-16T02:10:10.844722+00:00;temperature;30.60
4853;pms5003;3628;6.559;3.386;2026-02-16T02:15:28.020583+00:00;P2;31.75
4853;pms5003;3628;6.559;3.386;2026-02-16T02:15:28.020583+00:00;P1;46.50
4853;pms5003;3628;6.559;3.386;2026-02-16T02:15:28.020583+00:00;P0;20.50
4854;DHT22;3628;6.559;3.386;2026-02-16T02:15:45.363403+00:00;humidity;86.70
4854;DHT22;3628;6.559;3.386;2026-02-16T02:15:45.363403+00:00;temperature;30.50
4854;DHT22;3628;6.559;3.386;2026-02-16T02:21:09.555179+00:00;humidity;86.30
4854;DHT22;3628;6.559;3.386;2026-02-16T02:21:09.555179+00:00;temperature;30.70
4853;pms5003;3628;6.559;3.386;2026-02-16T02:31:40.089805+00:00;P2;20.00
4853;pms5003;3628;6.559;3.386;2026-02-16T02:31:40.089805+00:00;P1;22.00
4853;pms5003;3628;6.559;3.386;2026-02-16T02:31:40.089805+00:00;P0;14.50
4854;DHT22;3628;6.559;3.386;2026-02-16T02:31:57.514809+00:00;humidity;86.90
4854;DHT22;3628;6.559;3.386;2026-02-16T02:31:57.514809+00:00;temperature;30.60
4853;pms5003;3628;6.559;3.386;2026-02-16T02:37:14.758192+00:00;P2;30.50
4853;pms5003;3628;6.559;3.386;2026-02-16T02:37:14.758192+00:00;P1;36.50
4853;pms5003;3628;6.559;3.386;2026-02-16T02:37:14.758192+00:00;P0;20.50
4854;DHT22;3628;6.559;3.386;2026-02-16T02:37:32.080982+00:00;humidity;86.90
4854;DHT22;3628;6.559;3.386;2026-02-16T02:37:32.080982+00:00;temperature;30.60
4853;pms5003;3628;6.559;3.386;2026-02-16T02:48:13.305924+00:00;P2;41.00
4853;pms5003;3628;6.559;3.386;2026-02-16T02:48:13.305924+00:00;P1;59.25
4853;pms5003;3628;6.559;3.386;2026-02-16T02:48:13.305924+00:00;P0;26.00
4853;pms5003;3628;6.559;3.386;2026-02-16T02:53:47.833959+00:00;P2;35.00
4853;pms5003;3628;6.559;3.386;2026-02-16T02:53:47.833959+00:00;P1;43.75
4853;pms5003;3628;6.559;3.386;2026-02-16T02:53:47.833959+00:00;P0;22.25
4854;DHT22;3628;6.559;3.386;2026-02-16T02:54:05.157473+00:00;humidity;87.90
4854;DHT22;3628;6.559;3.386;2026-02-16T02:54:05.157473+00:00;temperature;30.50
4854;DHT22;3628;6.559;3.386;2026-02-16T02:59:29.179516+00:00;humidity;88.10
4854;DHT22;3628;6.559;3.386;2026-02-16T02:59:29.179516+00:00;temperature;30.40
4853;pms5003;3628;6.559;3.386;2026-02-16T03:04:46.333443+00:00;P2;19.60
4853;pms5003;3628;6.559;3.386;2026-02-16T03:04:46.333443+00:00;P1;19.60
4853;pms5003;3628;6.559;3.386;2026-02-16T03:04:46.333443+00:00;P0;13.00
4854;DHT22;3628;6.559;3.386;2026-02-16T03:05:03.777084+00:00;humidity;88.60
4854;DHT22;3628;6.559;3.386;2026-02-16T03:05:03.777084+00:00;temperature;30.40
4853;pms5003;3628;6.559;3.386;2026-02-16T03:15:34.351631+00:00;P2;23.00
4853;pms5003;3628;6.559;3.386;2026-02-16T03:15:34.351631+00:00;P1;23.20
4853;pms5003;3628;6.559;3.386;2026-02-16T03:15:34.351631+00:00;P0;16.00
4854;DHT22;3628;6.559;3.386;2026-02-16T03:15:51.720433+00:00;humidity;88.70
4854;DHT22;3628;6.559;3.386;2026-02-16T03:15:51.720433+00:00;temperature;30.40
4854;DHT22;3628;6.559;3.386;2026-02-16T03:21:15.482091+00:00;humidity;88.80
4854;DHT22;3628;6.559;3.386;2026-02-16T03:21:15.482091+00:00;temperature;30.40
4853;pms5003;3628;6.559;3.386;2026-02-16T03:26:32.623457+00:00;P2;24.33
4853;pms5003;3628;6.559;3.386;2026-02-16T03:26:32.623457+00:00;P1;28.33
4853;pms5003;3628;6.559;3.386;2026-02-16T03:26:32.623457+00:00;P0;16.00
4853;pms5003;3628;6.559;3.386;2026-02-16T03:31:56.359319+00:00;P2;26.80
4853;pms5003;3628;6.559;3.386;2026-02-16T03:31:56.359319+00:00;P1;37.60
4853;pms5003;3628;6.559;3.386;2026-02-16T03:31:56.359319+00:00;P0;17.80
4854;DHT22;3628;6.559;3.386;2026-02-16T03:32:13.699397+00:00;humidity;89.20
4854;DHT22;3628;6.559;3.386;2026-02-16T03:32:13.699397+00:00;temperature;30.20
4854;DHT22;3628;6.559;3.386;2026-02-16T03:37:48.212823+00:00;humidity;89.50
4854;DHT22;3628;6.559;3.386;2026-02-16T03:37:48.212823+00:00;temperature;30.10
4853;pms5003;3628;6.559;3.386;2026-02-16T03:48:18.836398+00:00;P2;36.80
4853;pms5003;3628;6.559;3.386;2026-02-16T03:48:18.836398+00:00;P1;49.60
4853;pms5003;3628;6.559;3.386;2026-02-16T03:48:18.836398+00:00;P0;22.60
4854;DHT22;3628;6.559;3.386;2026-02-16T03:48:36.142295+00:00;humidity;89.30
4854;DHT22;3628;6.559;3.386;2026-02-16T03:48:36.142295+00:00;temperature;30.20
4853;pms5003;3628;6.559;3.386;2026-02-16T03:53:53.341978+00:00;P2;31.00
4853;pms5003;3628;6.559;3.386;2026-02-16T03:53:53.341978+00:00;P1;46.00
4853;pms5003;3628;6.559;3.386;2026-02-16T03:53:53.341978+00:00;P0;20.00
4854;DHT22;3628;6.559;3.386;2026-02-16T03:54:10.640710+00:00;humidity;89.50
4854;DHT22;3628;6.559;3.386;2026-02-16T03:54:10.640710+00:00;temperature;30.10
4853;pms5003;3628;6.559;3.386;2026-02-16T03:59:27.835195+00:00;P2;35.00
4853;pms5003;3628;6.559;3.386;2026-02-16T03:59:27.835195+00:00;P1;40.80
4853;pms5003;3628;6.559;3.386;2026-02-16T03:59:27.835195+00:00;P0;22.60
4854;DHT22;3628;6.559;3.386;2026-02-16T03:59:45.219943+00:00;humidity;89.50
4854;DHT22;3628;6.559;3.386;2026-02-16T03:59:45.219943+00:00;temperature;30.10
4853;pms5003;3628;6.559;3.386;2026-02-16T04:05:02.352449+00:00;P2;31.25
4853;pms5003;3628;6.559;3.386;2026-02-16T04:05:02.352449+00:00;P1;40.75
4853;pms5003;3628;6.559;3.386;2026-02-16T04:05:02.352449+00:00;P0;20.75
4854;DHT22;3628;6.559;3.386;2026-02-16T04:05:19.698698+00:00;humidity;89.50
4854;DHT22;3628;6.559;3.386;2026-02-16T04:05:19.698698+00:00;temperature;30.20
4853;pms5003;3628;6.559;3.386;2026-02-16T04:10:36.986256+00:00;P2;30.60
4853;pms5003;3628;6.559;3.386;2026-02-16T04:10:36.986256+00:00;P1;42.00
4853;pms5003;3628;6.559;3.386;2026-02-16T04:10:36.986256+00:00;P0;20.60
4854;DHT22;3628;6.559;3.386;2026-02-16T04:10:54.216736+00:00;humidity;89.70
4854;DHT22;3628;6.559;3.386;2026-02-16T04:10:54.216736+00:00;temperature;30.00
4854;DHT22;3628;6.559;3.386;2026-02-16T04:16:28.724642+00:00;humidity;89.80
4854;DHT22;3628;6.559;3.386;2026-02-16T04:16:28.724642+00:00;temperature;30.10
4854;DHT22;3628;6.559;3.386;2026-02-16T04:21:53.150163+00:00;humidity;89.60
4854;DHT22;3628;6.559;3.386;2026-02-16T04:21:53.150163+00:00;temperature;30.10
4853;pms5003;3628;6.559;3.386;2026-02-16T04:27:10.416849+00:00;P2;27.75
4853;pms5003;3628;6.559;3.386;2026-02-16T04:27:10.416849+00:00;P1;39.00
4853;pms5003;3628;6.559;3.386;2026-02-16T04:27:10.416849+00:00;P0;19.50
4854;DHT22;3628;6.559;3.386;2026-02-16T04:27:27.777051+00:00;humidity;89.90
4854;DHT22;3628;6.559;3.386;2026-02-16T04:27:27.777051+00:00;temperature;30.00
4854;DHT22;3628;6.559;3.386;2026-02-16T04:32:54.563775+00:00;humidity;89.60
4854;DHT22;3628;6.559;3.386;2026-02-16T04:32:54.563775+00:00;temperature;30.10
4854;DHT22;3628;6.559;3.386;2026-02-16T04:38:29.188188+00:00;humidity;89.50
4854;DHT22;3628;6.559;3.386;2026-02-16T04:38:29.188188+00:00;temperature;30.10
4854;DHT22;3628;6.559;3.386;2026-02-16T04:49:05.959910+00:00;humidity;89.50
4854;DHT22;3628;6.559;3.386;2026-02-16T04:49:05.959910+00:00;temperature;30.10
4853;pms5003;3628;6.559;3.386;2026-02-16T04:54:23.175386+00:00;P2;36.75
4853;pms5003;3628;6.559;3.386;2026-02-16T04:54:23.175386+00:00;P1;45.50
4853;pms5003;3628;6.559;3.386;2026-02-16T04:54:23.175386+00:00;P0;23.75
4854;DHT22;3628;6.559;3.386;2026-02-16T04:54:40.513637+00:00;humidity;89.70
4854;DHT22;3628;6.559;3.386;2026-02-16T04:54:40.513637+00:00;temperature;30.10
4853;pms5003;3628;6.559;3.386;2026-02-16T04:59:57.752306+00:00;P2;41.00
4853;pms5003;3628;6.559;3.386;2026-02-16T04:59:57.752306+00:00;P1;54.00
4853;pms5003;3628;6.559;3.386;2026-02-16T04:59:57.752306+00:00;P0;26.25
4854;DHT22;3628;6.559;3.386;2026-02-16T05:00:15.157062+00:00;humidity;89.60
4854;DHT22;3628;6.559;3.386;2026-02-16T05:00:15.157062+00:00;temperature;30.10
4853;pms5003;3628;6.559;3.386;2026-02-16T05:05:32.433472+00:00;P2;38.75
4853;pms5003;3628;6.559;3.386;2026-02-16T05:05:32.433472+00:00;P1;51.25
4853;pms5003;3628;6.559;3.386;2026-02-16T05:05:32.433472+00:00;P0;24.00
4854;DHT22;3628;6.559;3.386;2026-02-16T05:05:49.743862+00:00;humidity;90.20
4854;DHT22;3628;6.559;3.386;2026-02-16T05:05:49.743862+00:00;temperature;29.90
4853;pms5003;3628;6.559;3.386;2026-02-16T05:11:07.002039+00:00;P2;38.20
4853;pms5003;3628;6.559;3.386;2026-02-16T05:11:07.002039+00:00;P1;47.00
4853;pms5003;3628;6.559;3.386;2026-02-16T05:11:07.002039+00:00;P0;24.20
4854;DHT22;3628;6.559;3.386;2026-02-16T05:11:24.279253+00:00;humidity;90.50
4854;DHT22;3628;6.559;3.386;2026-02-16T05:11:24.279253+00:00;temperature;29.90
4853;pms5003;3628;6.559;3.386;2026-02-16T05:16:41.565394+00:00;P2;35.00
4853;pms5003;3628;6.559;3.386;2026-02-16T05:16:41.565394+00:00;P1;48.25
4853;pms5003;3628;6.559;3.386;2026-02-16T05:16:41.565394+00:00;P0;24.00
4854;DHT22;3628;6.559;3.386;2026-02-16T05:16:58.952839+00:00;humidity;90.20
4854;DHT22;3628;6.559;3.386;2026-02-16T05:16:58.952839+00:00;temperature;30.00
4853;pms5003;3628;6.559;3.386;2026-02-16T06:03:38.152363+00:00;P2;38.00
4853;pms5003;3628;6.559;3.386;2026-02-16T06:03:38.152363+00:00;P1;53.00
4853;pms5003;3628;6.559;3.386;2026-02-16T06:03:38.152363+00:00;P0;24.50
4854;DHT22;3628;6.559;3.386;2026-02-16T06:03:55.522850+00:00;humidity;95.20
4854;DHT22;3628;6.559;3.386;2026-02-16T06:03:55.522850+00:00;temperature;29.60
4853;pms5003;3628;6.559;3.386;2026-02-16T06:09:12.669932+00:00;P2;34.25
4853;pms5003;3628;6.559;3.386;2026-02-16T06:09:12.669932+00:00;P1;48.25
4853;pms5003;3628;6.559;3.386;2026-02-16T06:09:12.669932+00:00;P0;24.25
4854;DHT22;3628;6.559;3.386;2026-02-16T06:18:24.746276+00:00;humidity;91.20
4854;DHT22;3628;6.559;3.386;2026-02-16T06:18:24.746276+00:00;temperature;30.00
4854;DHT22;3628;6.559;3.386;2026-02-16T10:45:01.480983+00:00;humidity;61.60
4854;DHT22;3628;6.559;3.386;2026-02-16T10:45:01.480983+00:00;temperature;38.10
4853;pms5003;3628;6.559;3.386;2026-02-16T10:50:05.959450+00:00;P2;32.50
4853;pms5003;3628;6.559;3.386;2026-02-16T10:50:05.959450+00:00;P1;40.50
4853;pms5003;3628;6.559;3.386;2026-02-16T10:50:05.959450+00:00;P0;22.25
4854;DHT22;3628;6.559;3.386;2026-02-16T10:50:24.440152+00:00;humidity;59.80
4854;DHT22;3628;6.559;3.386;2026-02-16T10:50:24.440152+00:00;temperature;39.20
4854;DHT22;3628;6.559;3.386;2026-02-16T11:01:11.681147+00:00;humidity;60.00
4854;DHT22;3628;6.559;3.386;2026-02-16T11:01:11.681147+00:00;temperature;38.60
4853;pms5003;3628;6.559;3.386;2026-02-16T11:17:17.083262+00:00;P2;29.60
4853;pms5003;3628;6.559;3.386;2026-02-16T11:17:17.083262+00:00;P1;34.80
4853;pms5003;3628;6.559;3.386;2026-02-16T11:17:17.083262+00:00;P0;20.00
4854;DHT22;3628;6.559;3.386;2026-02-16T11:17:34.425825+00:00;humidity;60.00
4854;DHT22;3628;6.559;3.386;2026-02-16T11:17:34.425825+00:00;temperature;38.80
4853;pms5003;3628;6.559;3.386;2026-02-16T11:23:30.566767+00:00;P2;31.50
4853;pms5003;3628;6.559;3.386;2026-02-16T11:23:30.566767+00:00;P1;45.00
4853;pms5003;3628;6.559;3.386;2026-02-16T11:23:30.566767+00:00;P0;22.00
4853;pms5003;3628;6.559;3.386;2026-02-16T11:28:15.570271+00:00;P2;32.00
4853;pms5003;3628;6.559;3.386;2026-02-16T11:28:15.570271+00:00;P1;37.00
4853;pms5003;3628;6.559;3.386;2026-02-16T11:28:15.570271+00:00;P0;22.00
4854;DHT22;3628;6.559;3.386;2026-02-16T11:33:46.565496+00:00;humidity;55.90
4854;DHT22;3628;6.559;3.386;2026-02-16T11:33:46.565496+00:00;temperature;40.80
4853;pms5003;3628;6.559;3.386;2026-02-16T11:39:18.435958+00:00;P2;31.00
4853;pms5003;3628;6.559;3.386;2026-02-16T11:39:18.435958+00:00;P1;32.00
4853;pms5003;3628;6.559;3.386;2026-02-16T11:39:18.435958+00:00;P0;22.00
4853;pms5003;3628;6.559;3.386;2026-02-16T11:44:27.589162+00:00;P2;34.80
4853;pms5003;3628;6.559;3.386;2026-02-16T11:44:27.589162+00:00;P1;49.00
4853;pms5003;3628;6.559;3.386;2026-02-16T11:44:27.589162+00:00;P0;23.20
4853;pms5003;3628;6.559;3.386;2026-02-16T11:49:51.918170+00:00;P2;37.50
4853;pms5003;3628;6.559;3.386;2026-02-16T11:49:51.918170+00:00;P1;51.75
4853;pms5003;3628;6.559;3.386;2026-02-16T11:49:51.918170+00:00;P0;25.75
4853;pms5003;3628;6.559;3.386;2026-02-16T11:55:18.742276+00:00;P2;36.25
4853;pms5003;3628;6.559;3.386;2026-02-16T11:55:18.742276+00:00;P1;50.25
4853;pms5003;3628;6.559;3.386;2026-02-16T11:55:18.742276+00:00;P0;25.25
4853;pms5003;3628;6.559;3.386;2026-02-16T12:09:02.772978+00:00;P2;38.00
4853;pms5003;3628;6.559;3.386;2026-02-16T12:09:02.772978+00:00;P1;47.25
4853;pms5003;3628;6.559;3.386;2026-02-16T12:09:02.772978+00:00;P0;27.00
4854;DHT22;3628;6.559;3.386;2026-02-16T12:09:20.178283+00:00;humidity;66.10
4854;DHT22;3628;6.559;3.386;2026-02-16T12:09:20.178283+00:00;temperature;36.60
4853;pms5003;3628;6.559;3.386;2026-02-16T12:14:37.652180+00:00;P2;37.20
4853;pms5003;3628;6.559;3.386;2026-02-16T12:14:37.652180+00:00;P1;46.80
4853;pms5003;3628;6.559;3.386;2026-02-16T12:14:37.652180+00:00;P0;26.00
4854;DHT22;3628;6.559;3.386;2026-02-16T12:14:54.902301+00:00;humidity;63.00
4854;DHT22;3628;6.559;3.386;2026-02-16T12:14:54.902301+00:00;temperature;38.00
4853;pms5003;3628;6.559;3.386;2026-02-16T12:20:12.232758+00:00;P2;35.00
4853;pms5003;3628;6.559;3.386;2026-02-16T12:20:12.232758+00:00;P1;43.40
4853;pms5003;3628;6.559;3.386;2026-02-16T12:20:12.232758+00:00;P0;23.00
4854;DHT22;3628;6.559;3.386;2026-02-16T12:20:29.489189+00:00;humidity;62.20
4854;DHT22;3628;6.559;3.386;2026-02-16T12:20:29.489189+00:00;temperature;38.10
4854;DHT22;3628;6.559;3.386;2026-02-16T12:31:28.152168+00:00;humidity;61.30
4854;DHT22;3628;6.559;3.386;2026-02-16T12:31:28.152168+00:00;temperature;39.00
4853;pms5003;3628;6.559;3.386;2026-02-16T12:36:45.339324+00:00;P2;29.25
4853;pms5003;3628;6.559;3.386;2026-02-16T12:36:45.339324+00:00;P1;31.00
4853;pms5003;3628;6.559;3.386;2026-02-16T12:36:45.339324+00:00;P0;19.25
4854;DHT22;3628;6.559;3.386;2026-02-16T12:37:02.811337+00:00;humidity;60.10
4854;DHT22;3628;6.559;3.386;2026-02-16T12:37:02.811337+00:00;temperature;39.20
4853;pms5003;3628;6.559;3.386;2026-02-16T12:42:20.068271+00:00;P2;30.75
4853;pms5003;3628;6.559;3.386;2026-02-16T12:42:20.068271+00:00;P1;44.00
4853;pms5003;3628;6.559;3.386;2026-02-16T12:42:20.068271+00:00;P0;20.00
4854;DHT22;3628;6.559;3.386;2026-02-16T12:48:01.597577+00:00;humidity;58.00
4854;DHT22;3628;6.559;3.386;2026-02-16T12:48:01.597577+00:00;temperature;39.70
4853;pms5003;3628;6.559;3.386;2026-02-16T12:53:18.773447+00:00;P2;30.67
4853;pms5003;3628;6.559;3.386;2026-02-16T12:53:18.773447+00:00;P1;40.67
4853;pms5003;3628;6.559;3.386;2026-02-16T12:53:18.773447+00:00;P0;22.00
4853;pms5003;3628;6.559;3.386;2026-02-16T12:58:42.593743+00:00;P2;32.25
4853;pms5003;3628;6.559;3.386;2026-02-16T12:58:42.593743+00:00;P1;42.75
4853;pms5003;3628;6.559;3.386;2026-02-16T12:58:42.593743+00:00;P0;23.00
4854;DHT22;3628;6.559;3.386;2026-02-16T12:59:00.038980+00:00;humidity;55.40
4854;DHT22;3628;6.559;3.386;2026-02-16T12:59:00.038980+00:00;temperature;41.10
4854;DHT22;3628;6.559;3.386;2026-02-16T13:04:23.840133+00:00;humidity;55.40
4854;DHT22;3628;6.559;3.386;2026-02-16T13:04:23.840133+00:00;temperature;40.80
4853;pms5003;3628;6.559;3.386;2026-02-16T13:15:05.122615+00:00;P2;28.50
4853;pms5003;3628;6.559;3.386;2026-02-16T13:15:05.122615+00:00;P1;29.50
4853;pms5003;3628;6.559;3.386;2026-02-16T13:15:05.122615+00:00;P0;20.00
4854;DHT22;3628;6.559;3.386;2026-02-16T13:27:03.014200+00:00;humidity;60.10
4854;DHT22;3628;6.559;3.386;2026-02-16T13:27:03.014200+00:00;temperature;38.10
4853;pms5003;3628;6.559;3.386;2026-02-16T13:31:16.473546+00:00;P2;25.00
4853;pms5003;3628;6.559;3.386;2026-02-16T13:31:16.473546+00:00;P1;27.75
4853;pms5003;3628;6.559;3.386;2026-02-16T13:31:16.473546+00:00;P0;20.00
4854;DHT22;3628;6.559;3.386;2026-02-16T13:31:33.838888+00:00;humidity;57.70
4854;DHT22;3628;6.559;3.386;2026-02-16T13:31:33.838888+00:00;temperature;39.40
4853;pms5003;3628;6.559;3.386;2026-02-16T13:36:51.017508+00:00;P2;29.20
4853;pms5003;3628;6.559;3.386;2026-02-16T13:36:51.017508+00:00;P1;30.60
4853;pms5003;3628;6.559;3.386;2026-02-16T13:36:51.017508+00:00;P0;20.60
4854;DHT22;3628;6.559;3.386;2026-02-16T13:37:08.386240+00:00;humidity;58.90
4854;DHT22;3628;6.559;3.386;2026-02-16T13:37:08.386240+00:00;temperature;38.80
4853;pms5003;3628;6.559;3.386;2026-02-16T13:42:25.737022+00:00;P2;27.00
4853;pms5003;3628;6.559;3.386;2026-02-16T13:42:25.737022+00:00;P1;28.50
4853;pms5003;3628;6.559;3.386;2026-02-16T13:42:25.737022+00:00;P0;20.00
4853;pms5003;3628;6.559;3.386;2026-02-16T13:47:50.014185+00:00;P2;30.40
4853;pms5003;3628;6.559;3.386;2026-02-16T13:47:50.014185+00:00;P1;38.00
4853;pms5003;3628;6.559;3.386;2026-02-16T13:47:50.014185+00:00;P0;21.40
4853;pms5003;3628;6.559;3.386;2026-02-16T13:53:16.657302+00:00;P2;26.25
4853;pms5003;3628;6.559;3.386;2026-02-16T13:53:16.657302+00:00;P1;27.25
4853;pms5003;3628;6.559;3.386;2026-02-16T13:53:16.657302+00:00;P0;17.25
4853;pms5003;3628;6.559;3.386;2026-02-16T13:58:40.571803+00:00;P2;29.40
4853;pms5003;3628;6.559;3.386;2026-02-16T13:58:40.571803+00:00;P1;30.40
4853;pms5003;3628;6.559;3.386;2026-02-16T13:58:40.571803+00:00;P0;20.40
4854;DHT22;3628;6.559;3.386;2026-02-16T13:58:58.196484+00:00;humidity;59.20
4854;DHT22;3628;6.559;3.386;2026-02-16T13:58:58.196484+00:00;temperature;38.50
4853;pms5003;3628;6.559;3.386;2026-02-16T14:04:15.383086+00:00;P2;31.00
4853;pms5003;3628;6.559;3.386;2026-02-16T14:04:15.383086+00:00;P1;42.25
4853;pms5003;3628;6.559;3.386;2026-02-16T14:04:15.383086+00:00;P0;22.00
4854;DHT22;3628;6.559;3.386;2026-02-16T14:04:32.946824+00:00;humidity;61.30
4854;DHT22;3628;6.559;3.386;2026-02-16T14:04:32.946824+00:00;temperature;37.60
4853;pms5003;3628;6.559;3.386;2026-02-16T14:09:50.059416+00:00;P2;25.75
4853;pms5003;3628;6.559;3.386;2026-02-16T14:09:50.059416+00:00;P1;40.50
4853;pms5003;3628;6.559;3.386;2026-02-16T14:09:50.059416+00:00;P0;19.00
4853;pms5003;3628;6.559;3.386;2026-02-16T14:15:13.850044+00:00;P2;25.50
4853;pms5003;3628;6.559;3.386;2026-02-16T14:15:13.850044+00:00;P1;27.50
4853;pms5003;3628;6.559;3.386;2026-02-16T14:15:13.850044+00:00;P0;19.00
4854;DHT22;3628;6.559;3.386;2026-02-16T14:15:31.368112+00:00;humidity;58.00
4854;DHT22;3628;6.559;3.386;2026-02-16T14:15:31.368112+00:00;temperature;39.30
4853;pms5003;3628;6.559;3.386;2026-02-16T14:20:48.472767+00:00;P2;31.00
4853;pms5003;3628;6.559;3.386;2026-02-16T14:20:48.472767+00:00;P1;42.33
4853;pms5003;3628;6.559;3.386;2026-02-16T14:20:48.472767+00:00;P0;21.33
4854;DHT22;3628;6.559;3.386;2026-02-16T14:21:05.859261+00:00;humidity;56.80
4854;DHT22;3628;6.559;3.386;2026-02-16T14:21:05.859261+00:00;temperature;39.70
4853;pms5003;3628;6.559;3.386;2026-02-16T14:26:23.132134+00:00;P2;28.75
4853;pms5003;3628;6.559;3.386;2026-02-16T14:26:23.132134+00:00;P1;28.75
4853;pms5003;3628;6.559;3.386;2026-02-16T14:26:23.132134+00:00;P0;20.00
4854;DHT22;3628;6.559;3.386;2026-02-16T14:26:40.492468+00:00;humidity;57.10
4854;DHT22;3628;6.559;3.386;2026-02-16T14:26:40.492468+00:00;temperature;39.80
4853;pms5003;3628;6.559;3.386;2026-02-16T14:31:57.700276+00:00;P2;22.40
4853;pms5003;3628;6.559;3.386;2026-02-16T14:31:57.700276+00:00;P1;31.40
4853;pms5003;3628;6.559;3.386;2026-02-16T14:31:57.700276+00:00;P0;15.60
4854;DHT22;3628;6.559;3.386;2026-02-16T14:32:15.066471+00:00;humidity;57.10
4854;DHT22;3628;6.559;3.386;2026-02-16T14:32:15.066471+00:00;temperature;39.40
4853;pms5003;3628;6.559;3.386;2026-02-16T14:37:33.390731+00:00;P2;21.00
4853;pms5003;3628;6.559;3.386;2026-02-16T14:37:33.390731+00:00;P1;26.75
4853;pms5003;3628;6.559;3.386;2026-02-16T14:37:33.390731+00:00;P0;14.25
4854;DHT22;3628;6.559;3.386;2026-02-16T14:43:07.311331+00:00;humidity;58.40
4854;DHT22;3628;6.559;3.386;2026-02-16T14:43:07.311331+00:00;temperature;39.00
4853;pms5003;3628;6.559;3.386;2026-02-16T14:48:24.498065+00:00;P2;23.50
4853;pms5003;3628;6.559;3.386;2026-02-16T14:48:24.498065+00:00;P1;33.50
4853;pms5003;3628;6.559;3.386;2026-02-16T14:48:24.498065+00:00;P0;16.00
4853;pms5003;3628;6.559;3.386;2026-02-16T14:53:48.247050+00:00;P2;23.00
4853;pms5003;3628;6.559;3.386;2026-02-16T14:53:48.247050+00:00;P1;26.50
4853;pms5003;3628;6.559;3.386;2026-02-16T14:53:48.247050+00:00;P0;16.00
4854;DHT22;3628;6.559;3.386;2026-02-16T14:54:05.689454+00:00;humidity;57.80
4854;DHT22;3628;6.559;3.386;2026-02-16T14:54:05.689454+00:00;temperature;39.00
4853;pms5003;3628;6.559;3.386;2026-02-16T14:59:22.903009+00:00;P2;22.50
4853;pms5003;3628;6.559;3.386;2026-02-16T14:59:22.903009+00:00;P1;29.00
4853;pms5003;3628;6.559;3.386;2026-02-16T14:59:22.903009+00:00;P0;16.00
4853;pms5003;3628;6.559;3.386;2026-02-16T15:04:46.795395+00:00;P2;21.50
4853;pms5003;3628;6.559;3.386;2026-02-16T15:04:46.795395+00:00;P1;22.50
4853;pms5003;3628;6.559;3.386;2026-02-16T15:04:46.795395+00:00;P0;15.00
4853;pms5003;3628;6.559;3.386;2026-02-16T15:20:49.194697+00:00;P2;23.00
4853;pms5003;3628;6.559;3.386;2026-02-16T15:20:49.194697+00:00;P1;25.00
4853;pms5003;3628;6.559;3.386;2026-02-16T15:20:49.194697+00:00;P0;17.00
4854;DHT22;3628;6.559;3.386;2026-02-16T15:21:06.420410+00:00;humidity;58.50
4854;DHT22;3628;6.559;3.386;2026-02-16T15:21:06.420410+00:00;temperature;38.70
4853;pms5003;3628;6.559;3.386;2026-02-16T15:26:23.694301+00:00;P2;23.00
4853;pms5003;3628;6.559;3.386;2026-02-16T15:26:23.694301+00:00;P1;23.00
4853;pms5003;3628;6.559;3.386;2026-02-16T15:26:23.694301+00:00;P0;16.33
4853;pms5003;3628;6.559;3.386;2026-02-16T15:31:47.527439+00:00;P2;19.00
4853;pms5003;3628;6.559;3.386;2026-02-16T15:31:47.527439+00:00;P1;31.20
4853;pms5003;3628;6.559;3.386;2026-02-16T15:31:47.527439+00:00;P0;13.00
4853;pms5003;3628;6.559;3.386;2026-02-16T15:37:11.585716+00:00;P2;25.25
4853;pms5003;3628;6.559;3.386;2026-02-16T15:37:11.585716+00:00;P1;28.50
4853;pms5003;3628;6.559;3.386;2026-02-16T15:37:11.585716+00:00;P0;17.25
4854;DHT22;3628;6.559;3.386;2026-02-16T15:37:28.990597+00:00;humidity;59.20
4854;DHT22;3628;6.559;3.386;2026-02-16T15:37:28.990597+00:00;temperature;38.50
4853;pms5003;3628;6.559;3.386;2026-02-16T15:42:46.135537+00:00;P2;23.50
4853;pms5003;3628;6.559;3.386;2026-02-16T15:42:46.135537+00:00;P1;33.00
4853;pms5003;3628;6.559;3.386;2026-02-16T15:42:46.135537+00:00;P0;15.25
4853;pms5003;3628;6.559;3.386;2026-02-16T15:48:46.965428+00:00;P2;17.00
4853;pms5003;3628;6.559;3.386;2026-02-16T15:48:46.965428+00:00;P1;19.00
4853;pms5003;3628;6.559;3.386;2026-02-16T15:48:46.965428+00:00;P0;13.00
4853;pms5003;3628;6.559;3.386;2026-02-16T15:53:34.845718+00:00;P2;16.00
4853;pms5003;3628;6.559;3.386;2026-02-16T15:53:34.845718+00:00;P1;17.60
4853;pms5003;3628;6.559;3.386;2026-02-16T15:53:34.845718+00:00;P0;11.00
4854;DHT22;3628;6.559;3.386;2026-02-16T15:53:52.222294+00:00;humidity;59.60
4854;DHT22;3628;6.559;3.386;2026-02-16T15:53:52.222294+00:00;temperature;38.00
4853;pms5003;3628;6.559;3.386;2026-02-16T15:59:09.380503+00:00;P2;17.80
4853;pms5003;3628;6.559;3.386;2026-02-16T15:59:09.380503+00:00;P1;22.80
4853;pms5003;3628;6.559;3.386;2026-02-16T15:59:09.380503+00:00;P0;11.80
4854;DHT22;3628;6.559;3.386;2026-02-16T15:59:26.846247+00:00;humidity;61.20
4854;DHT22;3628;6.559;3.386;2026-02-16T15:59:26.846247+00:00;temperature;37.80
4853;pms5003;3628;6.559;3.386;2026-02-16T16:04:43.924705+00:00;P2;18.25
4853;pms5003;3628;6.559;3.386;2026-02-16T16:04:43.924705+00:00;P1;18.25
4853;pms5003;3628;6.559;3.386;2026-02-16T16:04:43.924705+00:00;P0;13.25
4853;pms5003;3628;6.559;3.386;2026-02-16T16:15:42.527977+00:00;P2;19.50
4853;pms5003;3628;6.559;3.386;2026-02-16T16:15:42.527977+00:00;P1;22.00
4853;pms5003;3628;6.559;3.386;2026-02-16T16:15:42.527977+00:00;P0;13.50
4854;DHT22;3628;6.559;3.386;2026-02-16T16:15:59.912391+00:00;humidity;63.40
4854;DHT22;3628;6.559;3.386;2026-02-16T16:15:59.912391+00:00;temperature;37.00
4853;pms5003;3628;6.559;3.386;2026-02-16T16:21:17.094457+00:00;P2;20.00
4853;pms5003;3628;6.559;3.386;2026-02-16T16:21:17.094457+00:00;P1;20.60
4853;pms5003;3628;6.559;3.386;2026-02-16T16:21:17.094457+00:00;P0;13.00
4854;DHT22;3628;6.559;3.386;2026-02-16T16:21:34.386709+00:00;humidity;64.30
4854;DHT22;3628;6.559;3.386;2026-02-16T16:21:34.386709+00:00;temperature;36.60
4854;DHT22;3628;6.559;3.386;2026-02-16T16:27:53.581116+00:00;humidity;64.60
4854;DHT22;3628;6.559;3.386;2026-02-16T16:27:53.581116+00:00;temperature;36.00
4854;DHT22;3628;6.559;3.386;2026-02-16T16:59:45.561525+00:00;humidity;71.70
4854;DHT22;3628;6.559;3.386;2026-02-16T16:59:45.561525+00:00;temperature;34.10
4853;pms5003;3628;6.559;3.386;2026-02-16T17:10:15.856708+00:00;P2;19.00
4853;pms5003;3628;6.559;3.386;2026-02-16T17:10:15.856708+00:00;P1;30.75
4853;pms5003;3628;6.559;3.386;2026-02-16T17:10:15.856708+00:00;P0;15.00
4854;DHT22;3628;6.559;3.386;2026-02-16T17:10:33.210541+00:00;humidity;73.10
4854;DHT22;3628;6.559;3.386;2026-02-16T17:10:33.210541+00:00;temperature;33.70
4854;DHT22;3628;6.559;3.386;2026-02-16T17:15:57.283642+00:00;humidity;74.10
4854;DHT22;3628;6.559;3.386;2026-02-16T17:15:57.283642+00:00;temperature;33.40
4853;pms5003;3628;6.559;3.386;2026-02-16T17:22:20.543241+00:00;P2;22.50
4853;pms5003;3628;6.559;3.386;2026-02-16T17:22:20.543241+00:00;P1;28.50
4853;pms5003;3628;6.559;3.386;2026-02-16T17:22:20.543241+00:00;P0;14.00
4853;pms5003;3628;6.559;3.386;2026-02-16T17:26:38.750340+00:00;P2;21.50
4853;pms5003;3628;6.559;3.386;2026-02-16T17:26:38.750340+00:00;P1;23.75
4853;pms5003;3628;6.559;3.386;2026-02-16T17:26:38.750340+00:00;P0;13.75
4854;DHT22;3628;6.559;3.386;2026-02-16T17:26:56.261991+00:00;humidity;74.80
4854;DHT22;3628;6.559;3.386;2026-02-16T17:26:56.261991+00:00;temperature;33.30
4854;DHT22;3628;6.559;3.386;2026-02-16T17:32:20.151536+00:00;humidity;75.70
4854;DHT22;3628;6.559;3.386;2026-02-16T17:32:20.151536+00:00;temperature;33.20
4853;pms5003;3628;6.559;3.386;2026-02-16T17:37:37.321988+00:00;P2;23.75
4853;pms5003;3628;6.559;3.386;2026-02-16T17:37:37.321988+00:00;P1;26.75
4853;pms5003;3628;6.559;3.386;2026-02-16T17:37:37.321988+00:00;P0;13.75
4854;DHT22;3628;6.559;3.386;2026-02-16T17:37:54.788350+00:00;humidity;76.70
4854;DHT22;3628;6.559;3.386;2026-02-16T17:37:54.788350+00:00;temperature;33.10
4853;pms5003;3628;6.559;3.386;2026-02-16T17:43:11.997561+00:00;P2;19.00
4853;pms5003;3628;6.559;3.386;2026-02-16T17:43:11.997561+00:00;P1;29.67
4853;pms5003;3628;6.559;3.386;2026-02-16T17:43:11.997561+00:00;P0;13.00
4853;pms5003;3628;6.559;3.386;2026-02-16T17:48:35.926890+00:00;P2;19.00
4853;pms5003;3628;6.559;3.386;2026-02-16T17:48:35.926890+00:00;P1;23.80
4853;pms5003;3628;6.559;3.386;2026-02-16T17:48:35.926890+00:00;P0;14.00
4854;DHT22;3628;6.559;3.386;2026-02-16T17:48:53.298107+00:00;humidity;77.70
4854;DHT22;3628;6.559;3.386;2026-02-16T17:48:53.298107+00:00;temperature;33.00
4854;DHT22;3628;6.559;3.386;2026-02-16T17:59:47.191116+00:00;humidity;78.40
4854;DHT22;3628;6.559;3.386;2026-02-16T17:59:47.191116+00:00;temperature;32.70
4854;DHT22;3628;6.559;3.386;2026-02-16T18:05:22.126215+00:00;humidity;78.80
4854;DHT22;3628;6.559;3.386;2026-02-16T18:05:22.126215+00:00;temperature;32.50
4854;DHT22;3628;6.559;3.386;2026-02-16T18:10:56.474485+00:00;humidity;79.80
4854;DHT22;3628;6.559;3.386;2026-02-16T18:10:56.474485+00:00;temperature;32.40
4853;pms5003;3628;6.559;3.386;2026-02-16T18:16:13.732756+00:00;P2;17.25
4853;pms5003;3628;6.559;3.386;2026-02-16T18:16:13.732756+00:00;P1;28.00
4853;pms5003;3628;6.559;3.386;2026-02-16T18:16:13.732756+00:00;P0;12.00
4854;DHT22;3628;6.559;3.386;2026-02-16T18:16:31.058377+00:00;humidity;80.50
4854;DHT22;3628;6.559;3.386;2026-02-16T18:16:31.058377+00:00;temperature;32.30
4853;pms5003;3628;6.559;3.386;2026-02-16T18:21:48.214093+00:00;P2;17.00
4853;pms5003;3628;6.559;3.386;2026-02-16T18:21:48.214093+00:00;P1;17.00
4853;pms5003;3628;6.559;3.386;2026-02-16T18:21:48.214093+00:00;P0;11.25
4854;DHT22;3628;6.559;3.386;2026-02-16T18:22:05.595079+00:00;humidity;80.30
4854;DHT22;3628;6.559;3.386;2026-02-16T18:22:05.595079+00:00;temperature;32.30
4853;pms5003;3628;6.559;3.386;2026-02-16T18:27:22.786251+00:00;P2;17.00
4853;pms5003;3628;6.559;3.386;2026-02-16T18:27:22.786251+00:00;P1;19.40
4853;pms5003;3628;6.559;3.386;2026-02-16T18:27:22.786251+00:00;P0;10.40
4854;DHT22;3628;6.559;3.386;2026-02-16T18:27:40.206770+00:00;humidity;80.40
4854;DHT22;3628;6.559;3.386;2026-02-16T18:27:40.206770+00:00;temperature;32.30
4853;pms5003;3628;6.559;3.386;2026-02-16T18:32:57.323356+00:00;P2;12.50
4853;pms5003;3628;6.559;3.386;2026-02-16T18:32:57.323356+00:00;P1;23.00
4853;pms5003;3628;6.559;3.386;2026-02-16T18:32:57.323356+00:00;P0;8.50
4854;DHT22;3628;6.559;3.386;2026-02-16T18:33:14.836157+00:00;humidity;81.40
4854;DHT22;3628;6.559;3.386;2026-02-16T18:33:14.836157+00:00;temperature;32.10
4853;pms5003;3628;6.559;3.386;2026-02-16T18:38:32.122500+00:00;P2;15.67
4853;pms5003;3628;6.559;3.386;2026-02-16T18:38:32.122500+00:00;P1;18.33
4853;pms5003;3628;6.559;3.386;2026-02-16T18:38:32.122500+00:00;P0;11.33
4853;pms5003;3628;6.559;3.386;2026-02-16T18:49:34.651439+00:00;P2;31.00
4853;pms5003;3628;6.559;3.386;2026-02-16T18:49:34.651439+00:00;P1;44.25
4853;pms5003;3628;6.559;3.386;2026-02-16T18:49:34.651439+00:00;P0;20.50
4854;DHT22;3628;6.559;3.386;2026-02-16T18:49:52.107645+00:00;humidity;82.00
4854;DHT22;3628;6.559;3.386;2026-02-16T18:49:52.107645+00:00;temperature;32.00
4853;pms5003;3628;6.559;3.386;2026-02-16T18:55:09.692521+00:00;P2;15.00
4853;pms5003;3628;6.559;3.386;2026-02-16T18:55:09.692521+00:00;P1;17.00
4853;pms5003;3628;6.559;3.386;2026-02-16T18:55:09.692521+00:00;P0;11.00
4853;pms5003;3628;6.559;3.386;2026-02-16T19:06:09.937151+00:00;P2;17.00
4853;pms5003;3628;6.559;3.386;2026-02-16T19:06:09.937151+00:00;P1;22.00
4853;pms5003;3628;6.559;3.386;2026-02-16T19:06:09.937151+00:00;P0;13.75
4853;pms5003;3628;6.559;3.386;2026-02-16T19:11:40.109400+00:00;P2;18.40
4853;pms5003;3628;6.559;3.386;2026-02-16T19:11:40.109400+00:00;P1;24.40
4853;pms5003;3628;6.559;3.386;2026-02-16T19:11:40.109400+00:00;P0;12.40
4853;pms5003;3628;6.559;3.386;2026-02-16T19:38:29.836187+00:00;P2;19.00
4853;pms5003;3628;6.559;3.386;2026-02-16T19:38:29.836187+00:00;P1;31.00
4853;pms5003;3628;6.559;3.386;2026-02-16T19:38:29.836187+00:00;P0;13.75
4854;DHT22;3628;6.559;3.386;2026-02-16T19:38:47.192564+00:00;humidity;84.20
4854;DHT22;3628;6.559;3.386;2026-02-16T19:38:47.192564+00:00;temperature;31.70
4854;DHT22;3628;6.559;3.386;2026-02-16T19:45:31.082651+00:00;humidity;84.30
4854;DHT22;3628;6.559;3.386;2026-02-16T19:45:31.082651+00:00;temperature;31.70
4853;pms5003;3628;6.559;3.386;2026-02-16T19:49:31.206817+00:00;P2;18.75
4853;pms5003;3628;6.559;3.386;2026-02-16T19:49:31.206817+00:00;P1;20.75
4853;pms5003;3628;6.559;3.386;2026-02-16T19:49:31.206817+00:00;P0;12.75
4854;DHT22;3628;6.559;3.386;2026-02-16T19:49:48.522876+00:00;humidity;84.60
4854;DHT22;3628;6.559;3.386;2026-02-16T19:49:48.522876+00:00;temperature;31.70
4853;pms5003;3628;6.559;3.386;2026-02-16T20:00:30.678307+00:00;P2;24.00
4853;pms5003;3628;6.559;3.386;2026-02-16T20:00:30.678307+00:00;P1;30.50
4853;pms5003;3628;6.559;3.386;2026-02-16T20:00:30.678307+00:00;P0;15.50
4854;DHT22;3628;6.559;3.386;2026-02-16T20:00:44.933194+00:00;humidity;84.90
4854;DHT22;3628;6.559;3.386;2026-02-16T20:00:44.933194+00:00;temperature;31.80
4854;DHT22;3628;6.559;3.386;2026-02-16T20:11:21.867318+00:00;humidity;84.70
4854;DHT22;3628;6.559;3.386;2026-02-16T20:11:21.867318+00:00;temperature;31.80
4853;pms5003;3628;6.559;3.386;2026-02-16T20:16:39.047496+00:00;P2;17.75
4853;pms5003;3628;6.559;3.386;2026-02-16T20:16:39.047496+00:00;P1;17.75
4853;pms5003;3628;6.559;3.386;2026-02-16T20:16:39.047496+00:00;P0;11.50
4853;pms5003;3628;6.559;3.386;2026-02-16T20:22:03.227718+00:00;P2;18.60
4853;pms5003;3628;6.559;3.386;2026-02-16T20:22:03.227718+00:00;P1;18.60
4853;pms5003;3628;6.559;3.386;2026-02-16T20:22:03.227718+00:00;P0;13.00
4854;DHT22;3628;6.559;3.386;2026-02-16T20:22:20.712013+00:00;humidity;84.90
4854;DHT22;3628;6.559;3.386;2026-02-16T20:22:20.712013+00:00;temperature;31.70
4854;DHT22;3628;6.559;3.386;2026-02-16T20:27:58.291838+00:00;humidity;84.90
4854;DHT22;3628;6.559;3.386;2026-02-16T20:27:58.291838+00:00;temperature;31.70
4853;pms5003;3628;6.559;3.386;2026-02-16T20:33:15.572714+00:00;P2;16.00
4853;pms5003;3628;6.559;3.386;2026-02-16T20:33:15.572714+00:00;P1;16.00
4853;pms5003;3628;6.559;3.386;2026-02-16T20:33:15.572714+00:00;P0;11.33
4854;DHT22;3628;6.559;3.386;2026-02-16T20:33:33.049907+00:00;humidity;85.50
4854;DHT22;3628;6.559;3.386;2026-02-16T20:33:33.049907+00:00;temperature;31.60
4853;pms5003;3628;6.559;3.386;2026-02-16T20:38:50.278526+00:00;P2;15.50
4853;pms5003;3628;6.559;3.386;2026-02-16T20:38:50.278526+00:00;P1;16.75
4853;pms5003;3628;6.559;3.386;2026-02-16T20:38:50.278526+00:00;P0;10.00
4854;DHT22;3628;6.559;3.386;2026-02-16T20:39:10.166565+00:00;humidity;85.40
4854;DHT22;3628;6.559;3.386;2026-02-16T20:39:10.166565+00:00;temperature;31.70
4853;pms5003;3628;6.559;3.386;2026-02-16T20:44:27.386063+00:00;P2;18.75
4853;pms5003;3628;6.559;3.386;2026-02-16T20:44:27.386063+00:00;P1;25.25
4853;pms5003;3628;6.559;3.386;2026-02-16T20:44:27.386063+00:00;P0;11.75
4854;DHT22;3628;6.559;3.386;2026-02-16T20:44:44.778608+00:00;humidity;85.30
4854;DHT22;3628;6.559;3.386;2026-02-16T20:44:44.778608+00:00;temperature;31.60
4853;pms5003;3628;6.559;3.386;2026-02-16T20:50:02.061869+00:00;P2;15.00
4853;pms5003;3628;6.559;3.386;2026-02-16T20:50:02.061869+00:00;P1;17.00
4853;pms5003;3628;6.559;3.386;2026-02-16T20:50:02.061869+00:00;P0;10.75
4854;DHT22;3628;6.559;3.386;2026-02-16T20:55:38.400539+00:00;humidity;85.30
4854;DHT22;3628;6.559;3.386;2026-02-16T20:55:38.400539+00:00;temperature;31.50
4853;pms5003;3628;6.559;3.386;2026-02-16T21:00:58.571829+00:00;P2;19.60
4853;pms5003;3628;6.559;3.386;2026-02-16T21:00:58.571829+00:00;P1;21.00
4853;pms5003;3628;6.559;3.386;2026-02-16T21:00:58.571829+00:00;P0;11.00
4854;DHT22;3628;6.559;3.386;2026-02-16T21:01:15.973201+00:00;humidity;85.00
4854;DHT22;3628;6.559;3.386;2026-02-16T21:01:15.973201+00:00;temperature;31.60
4853;pms5003;3628;6.559;3.386;2026-02-16T21:06:33.172130+00:00;P2;18.20
4853;pms5003;3628;6.559;3.386;2026-02-16T21:06:33.172130+00:00;P1;29.20
4853;pms5003;3628;6.559;3.386;2026-02-16T21:06:33.172130+00:00;P0;12.20
4854;DHT22;3628;6.559;3.386;2026-02-16T21:06:50.627373+00:00;humidity;84.80
4854;DHT22;3628;6.559;3.386;2026-02-16T21:06:50.627373+00:00;temperature;31.60
4853;pms5003;3628;6.559;3.386;2026-02-16T21:12:10.793466+00:00;P2;16.00
4853;pms5003;3628;6.559;3.386;2026-02-16T21:12:10.793466+00:00;P1;18.50
4853;pms5003;3628;6.559;3.386;2026-02-16T21:12:10.793466+00:00;P0;11.00
4854;DHT22;3628;6.559;3.386;2026-02-16T21:12:28.158826+00:00;humidity;84.60
4854;DHT22;3628;6.559;3.386;2026-02-16T21:12:28.158826+00:00;temperature;31.70
4854;DHT22;3628;6.559;3.386;2026-02-16T21:17:51.937056+00:00;humidity;84.90
4854;DHT22;3628;6.559;3.386;2026-02-16T21:17:51.937056+00:00;temperature;31.60
4853;pms5003;3628;6.559;3.386;2026-02-16T21:23:09.127574+00:00;P2;17.00
4853;pms5003;3628;6.559;3.386;2026-02-16T21:23:09.127574+00:00;P1;20.00
4853;pms5003;3628;6.559;3.386;2026-02-16T21:23:09.127574+00:00;P0;12.00
4854;DHT22;3628;6.559;3.386;2026-02-16T21:23:26.490535+00:00;humidity;85.30
4854;DHT22;3628;6.559;3.386;2026-02-16T21:23:26.490535+00:00;temperature;31.60
4853;pms5003;3628;6.559;3.386;2026-02-16T21:28:49.627097+00:00;P2;12.80
4853;pms5003;3628;6.559;3.386;2026-02-16T21:28:49.627097+00:00;P1;14.20
4853;pms5003;3628;6.559;3.386;2026-02-16T21:28:49.627097+00:00;P0;9.80
4853;pms5003;3628;6.559;3.386;2026-02-16T21:34:57.514891+00:00;P2;17.60
4853;pms5003;3628;6.559;3.386;2026-02-16T21:34:57.514891+00:00;P1;18.00
4853;pms5003;3628;6.559;3.386;2026-02-16T21:34:57.514891+00:00;P0;11.00
4853;pms5003;3628;6.559;3.386;2026-02-16T21:39:40.580612+00:00;P2;18.20
4853;pms5003;3628;6.559;3.386;2026-02-16T21:39:40.580612+00:00;P1;19.20
4853;pms5003;3628;6.559;3.386;2026-02-16T21:39:40.580612+00:00;P0;12.60
4854;DHT22;3628;6.559;3.386;2026-02-16T21:45:11.516101+00:00;humidity;85.90
4854;DHT22;3628;6.559;3.386;2026-02-16T21:45:11.516101+00:00;temperature;31.40
4853;pms5003;3628;6.559;3.386;2026-02-16T21:50:28.846562+00:00;P2;18.50
4853;pms5003;3628;6.559;3.386;2026-02-16T21:50:28.846562+00:00;P1;21.50
4853;pms5003;3628;6.559;3.386;2026-02-16T21:50:28.846562+00:00;P0;11.00
4854;DHT22;3628;6.559;3.386;2026-02-16T21:50:46.221711+00:00;humidity;85.80
4854;DHT22;3628;6.559;3.386;2026-02-16T21:50:46.221711+00:00;temperature;31.50
4854;DHT22;3628;6.559;3.386;2026-02-16T21:56:09.989028+00:00;humidity;86.00
4854;DHT22;3628;6.559;3.386;2026-02-16T21:56:09.989028+00:00;temperature;31.40
4854;DHT22;3628;6.559;3.386;2026-02-16T22:02:14.650512+00:00;humidity;86.00
4854;DHT22;3628;6.559;3.386;2026-02-16T22:02:14.650512+00:00;temperature;31.40
4853;pms5003;3628;6.559;3.386;2026-02-16T22:06:50.963741+00:00;P2;20.25
4853;pms5003;3628;6.559;3.386;2026-02-16T22:06:50.963741+00:00;P1;26.50
4853;pms5003;3628;6.559;3.386;2026-02-16T22:06:50.963741+00:00;P0;13.00
4854;DHT22;3628;6.559;3.386;2026-02-16T22:07:08.589715+00:00;humidity;86.10
4854;DHT22;3628;6.559;3.386;2026-02-16T22:07:08.589715+00:00;temperature;31.40
4853;pms5003;3628;6.559;3.386;2026-02-16T22:14:40.177481+00:00;P2;22.00
4853;pms5003;3628;6.559;3.386;2026-02-16T22:14:40.177481+00:00;P1;26.00
4853;pms5003;3628;6.559;3.386;2026-02-16T22:14:40.177481+00:00;P0;14.33
4853;pms5003;3628;6.559;3.386;2026-02-16T22:20:09.825778+00:00;P2;16.67
4853;pms5003;3628;6.559;3.386;2026-02-16T22:20:09.825778+00:00;P1;21.67
4853;pms5003;3628;6.559;3.386;2026-02-16T22:20:09.825778+00:00;P0;11.67
4854;DHT22;3628;6.559;3.386;2026-02-16T22:20:37.894587+00:00;humidity;86.30
4854;DHT22;3628;6.559;3.386;2026-02-16T22:20:37.894587+00:00;temperature;31.40
4853;pms5003;3628;6.559;3.386;2026-02-16T22:26:43.437270+00:00;P2;19.00
4853;pms5003;3628;6.559;3.386;2026-02-16T22:26:43.437270+00:00;P1;24.00
4853;pms5003;3628;6.559;3.386;2026-02-16T22:26:43.437270+00:00;P0;12.00
4853;pms5003;3628;6.559;3.386;2026-02-16T22:31:08.686602+00:00;P2;19.00
4853;pms5003;3628;6.559;3.386;2026-02-16T22:31:08.686602+00:00;P1;21.00
4853;pms5003;3628;6.559;3.386;2026-02-16T22:31:08.686602+00:00;P0;14.00
4854;DHT22;3628;6.559;3.386;2026-02-16T22:31:25.984255+00:00;humidity;86.40
4854;DHT22;3628;6.559;3.386;2026-02-16T22:31:25.984255+00:00;temperature;31.40
4854;DHT22;3628;6.559;3.386;2026-02-16T22:36:50.038458+00:00;humidity;87.00
4854;DHT22;3628;6.559;3.386;2026-02-16T22:36:50.038458+00:00;temperature;31.20
4853;pms5003;3628;6.559;3.386;2026-02-16T22:42:07.312098+00:00;P2;18.50
4853;pms5003;3628;6.559;3.386;2026-02-16T22:42:07.312098+00:00;P1;29.25
4853;pms5003;3628;6.559;3.386;2026-02-16T22:42:07.312098+00:00;P0;13.00
4853;pms5003;3628;6.559;3.386;2026-02-16T22:47:33.914503+00:00;P2;20.00
4853;pms5003;3628;6.559;3.386;2026-02-16T22:47:33.914503+00:00;P1;33.25
4853;pms5003;3628;6.559;3.386;2026-02-16T22:47:33.914503+00:00;P0;15.50
4854;DHT22;3628;6.559;3.386;2026-02-16T22:47:51.397474+00:00;humidity;86.80
4854;DHT22;3628;6.559;3.386;2026-02-16T22:47:51.397474+00:00;temperature;31.30
4853;pms5003;3628;6.559;3.386;2026-02-16T22:54:21.021799+00:00;P2;19.00
4853;pms5003;3628;6.559;3.386;2026-02-16T22:54:21.021799+00:00;P1;20.00
4853;pms5003;3628;6.559;3.386;2026-02-16T22:54:21.021799+00:00;P0;12.00
4853;pms5003;3628;6.559;3.386;2026-02-16T22:58:32.883123+00:00;P2;21.60
4853;pms5003;3628;6.559;3.386;2026-02-16T22:58:32.883123+00:00;P1;21.60
4853;pms5003;3628;6.559;3.386;2026-02-16T22:58:32.883123+00:00;P0;14.60
4854;DHT22;3628;6.559;3.386;2026-02-16T22:58:50.202015+00:00;humidity;86.90
4854;DHT22;3628;6.559;3.386;2026-02-16T22:58:50.202015+00:00;temperature;31.20
4854;DHT22;3628;6.559;3.386;2026-02-16T23:04:14.362674+00:00;humidity;87.10
4854;DHT22;3628;6.559;3.386;2026-02-16T23:04:14.362674+00:00;temperature;31.20
4853;pms5003;3628;6.559;3.386;2026-02-16T23:09:31.544148+00:00;P2;20.00
4853;pms5003;3628;6.559;3.386;2026-02-16T23:09:31.544148+00:00;P1;22.00
4853;pms5003;3628;6.559;3.386;2026-02-16T23:09:31.544148+00:00;P0;12.50
4854;DHT22;3628;6.559;3.386;2026-02-16T23:09:48.918102+00:00;humidity;87.00
4854;DHT22;3628;6.559;3.386;2026-02-16T23:09:48.918102+00:00;temperature;31.20
4853;pms5003;3628;6.559;3.386;2026-02-16T23:15:06.127190+00:00;P2;17.00
4853;pms5003;3628;6.559;3.386;2026-02-16T23:15:06.127190+00:00;P1;21.00
4853;pms5003;3628;6.559;3.386;2026-02-16T23:15:06.127190+00:00;P0;11.50
4854;DHT22;3628;6.559;3.386;2026-02-16T23:15:23.496109+00:00;humidity;87.40
4854;DHT22;3628;6.559;3.386;2026-02-16T23:15:23.496109+00:00;temperature;31.10
4853;pms5003;3628;6.559;3.386;2026-02-16T23:20:40.784915+00:00;P2;19.00
4853;pms5003;3628;6.559;3.386;2026-02-16T23:20:40.784915+00:00;P1;21.00
4853;pms5003;3628;6.559;3.386;2026-02-16T23:20:40.784915+00:00;P0;13.00
4854;DHT22;3628;6.559;3.386;2026-02-16T23:20:58.176357+00:00;humidity;87.30
4854;DHT22;3628;6.559;3.386;2026-02-16T23:20:58.176357+00:00;temperature;31.20
4853;pms5003;3628;6.559;3.386;2026-02-16T23:31:28.718310+00:00;P2;21.00
4853;pms5003;3628;6.559;3.386;2026-02-16T23:31:28.718310+00:00;P1;23.60
4853;pms5003;3628;6.559;3.386;2026-02-16T23:31:28.718310+00:00;P0;13.40
4854;DHT22;3628;6.559;3.386;2026-02-16T23:31:45.988924+00:00;humidity;88.00
4854;DHT22;3628;6.559;3.386;2026-02-16T23:31:45.988924+00:00;temperature;31.00
4854;DHT22;3628;6.559;3.386;2026-02-16T23:37:20.564415+00:00;humidity;88.30
4854;DHT22;3628;6.559;3.386;2026-02-16T23:37:20.564415+00:00;temperature;31.00
4853;pms5003;3628;6.559;3.386;2026-02-16T23:42:37.714661+00:00;P2;18.50
4853;pms5003;3628;6.559;3.386;2026-02-16T23:42:37.714661+00:00;P1;24.75
4853;pms5003;3628;6.559;3.386;2026-02-16T23:42:37.714661+00:00;P0;13.75
4853;pms5003;3628;6.559;3.386;2026-02-16T23:48:01.742530+00:00;P2;21.25
4853;pms5003;3628;6.559;3.386;2026-02-16T23:48:01.742530+00:00;P1;29.25
4853;pms5003;3628;6.559;3.386;2026-02-16T23:48:01.742530+00:00;P0;14.75
4853;pms5003;3628;6.559;3.386;2026-02-16T23:53:25.676756+00:00;P2;20.80
4853;pms5003;3628;6.559;3.386;2026-02-16T23:53:25.676756+00:00;P1;25.60
4853;pms5003;3628;6.559;3.386;2026-02-16T23:53:25.676756+00:00;P0;13.40
4854;DHT22;3628;6.559;3.386;2026-02-16T23:53:43.031584+00:00;humidity;88.30
4854;DHT22;3628;6.559;3.386;2026-02-16T23:53:43.031584+00:00;temperature;31.00
4853;pms5003;3628;6.559;3.386;2026-02-16T23:59:00.336681+00:00;P2;15.40
4853;pms5003;3628;6.559;3.386;2026-02-16T23:59:00.336681+00:00;P1;19.60
4853;pms5003;3628;6.559;3.386;2026-02-16T23:59:00.336681+00:00;P0;11.60
4853;pms5003;3628;6.559;3.386;2026-02-17T00:04:24.515729+00:00;P2;21.00
4853;pms5003;3628;6.559;3.386;2026-02-17T00:04:24.515729+00:00;P1;21.00
4853;pms5003;3628;6.559;3.386;2026-02-17T00:04:24.515729+00:00;P0;14.00
4854;DHT22;3628;6.559;3.386;2026-02-17T00:04:41.923064+00:00;humidity;88.10
4854;DHT22;3628;6.559;3.386;2026-02-17T00:04:41.923064+00:00;temperature;31.00
4853;pms5003;3628;6.559;3.386;2026-02-17T00:09:59.083143+00:00;P2;15.00
4853;pms5003;3628;6.559;3.386;2026-02-17T00:09:59.083143+00:00;P1;19.00
4853;pms5003;3628;6.559;3.386;2026-02-17T00:09:59.083143+00:00;P0;12.00
4854;DHT22;3628;6.559;3.386;2026-02-17T00:10:16.447285+00:00;humidity;88.60
4854;DHT22;3628;6.559;3.386;2026-02-17T00:10:16.447285+00:00;temperature;30.90
4853;pms5003;3628;6.559;3.386;2026-02-17T00:15:33.673770+00:00;P2;18.50
4853;pms5003;3628;6.559;3.386;2026-02-17T00:15:33.673770+00:00;P1;22.50
4853;pms5003;3628;6.559;3.386;2026-02-17T00:15:33.673770+00:00;P0;13.00
4854;DHT22;3628;6.559;3.386;2026-02-17T00:15:51.015503+00:00;humidity;88.30
4854;DHT22;3628;6.559;3.386;2026-02-17T00:15:51.015503+00:00;temperature;31.00
4853;pms5003;3628;6.559;3.386;2026-02-17T00:21:11.619871+00:00;P2;18.00
4853;pms5003;3628;6.559;3.386;2026-02-17T00:21:11.619871+00:00;P1;19.50
4853;pms5003;3628;6.559;3.386;2026-02-17T00:21:11.619871+00:00;P0;12.00
4854;DHT22;3628;6.559;3.386;2026-02-17T00:21:25.549009+00:00;humidity;88.60
4854;DHT22;3628;6.559;3.386;2026-02-17T00:21:25.549009+00:00;temperature;30.90
4853;pms5003;3628;6.559;3.386;2026-02-17T00:27:44.964729+00:00;P2;17.67
4853;pms5003;3628;6.559;3.386;2026-02-17T00:27:44.964729+00:00;P1;17.67
4853;pms5003;3628;6.559;3.386;2026-02-17T00:27:44.964729+00:00;P0;11.00
4854;DHT22;3628;6.559;3.386;2026-02-17T00:32:14.208128+00:00;humidity;88.80
4854;DHT22;3628;6.559;3.386;2026-02-17T00:32:14.208128+00:00;temperature;30.80
4854;DHT22;3628;6.559;3.386;2026-02-17T00:37:38.099770+00:00;humidity;88.70
4854;DHT22;3628;6.559;3.386;2026-02-17T00:37:38.099770+00:00;temperature;30.80
4853;pms5003;3628;6.559;3.386;2026-02-17T00:45:30.818098+00:00;P2;17.50
4853;pms5003;3628;6.559;3.386;2026-02-17T00:45:30.818098+00:00;P1;24.00
4853;pms5003;3628;6.559;3.386;2026-02-17T00:45:30.818098+00:00;P0;13.50
4854;DHT22;3628;6.559;3.386;2026-02-17T00:48:26.339350+00:00;humidity;88.70
4854;DHT22;3628;6.559;3.386;2026-02-17T00:48:26.339350+00:00;temperature;30.80
4853;pms5003;3628;6.559;3.386;2026-02-17T06:00:55.963733+00:00;P2;42.50
4853;pms5003;3628;6.559;3.386;2026-02-17T06:00:55.963733+00:00;P1;57.75
4853;pms5003;3628;6.559;3.386;2026-02-17T06:00:55.963733+00:00;P0;28.25
4854;DHT22;3628;6.559;3.386;2026-02-17T06:01:13.320133+00:00;humidity;100.00
4854;DHT22;3628;6.559;3.386;2026-02-17T06:01:13.320133+00:00;temperature;28.70
4854;DHT22;3628;6.559;3.386;2026-02-17T06:06:37.224056+00:00;humidity;100.00
4854;DHT22;3628;6.559;3.386;2026-02-17T06:06:37.224056+00:00;temperature;29.50
4854;DHT22;3628;6.559;3.386;2026-02-17T06:13:35.669698+00:00;humidity;100.00
4854;DHT22;3628;6.559;3.386;2026-02-17T06:13:35.669698+00:00;temperature;29.60
4854;DHT22;3628;6.559;3.386;2026-02-17T09:05:46.933422+00:00;humidity;72.20
4854;DHT22;3628;6.559;3.386;2026-02-17T09:05:46.933422+00:00;temperature;35.70
4853;pms5003;3628;6.559;3.386;2026-02-17T09:11:04.181480+00:00;P2;24.00
4853;pms5003;3628;6.559;3.386;2026-02-17T09:11:04.181480+00:00;P1;35.75
4853;pms5003;3628;6.559;3.386;2026-02-17T09:11:04.181480+00:00;P0;17.75
4854;DHT22;3628;6.559;3.386;2026-02-17T09:11:21.524593+00:00;humidity;69.20
4854;DHT22;3628;6.559;3.386;2026-02-17T09:11:21.524593+00:00;temperature;36.90
4853;pms5003;3628;6.559;3.386;2026-02-17T09:22:03.565017+00:00;P2;22.60
4853;pms5003;3628;6.559;3.386;2026-02-17T09:22:03.565017+00:00;P1;26.00
4853;pms5003;3628;6.559;3.386;2026-02-17T09:22:03.565017+00:00;P0;16.00
4854;DHT22;3628;6.559;3.386;2026-02-17T09:22:20.927261+00:00;humidity;64.80
4854;DHT22;3628;6.559;3.386;2026-02-17T09:22:20.927261+00:00;temperature;38.50
4853;pms5003;3628;6.559;3.386;2026-02-17T09:55:59.508357+00:00;humidity;69.60
4853;pms5003;3628;6.559;3.386;2026-02-17T09:55:59.508357+00:00;temperature;36.20
4854;DHT22;3628;6.559;3.386;2026-02-17T10:01:34.411373+00:00;humidity;68.60
4854;DHT22;3628;6.559;3.386;2026-02-17T10:01:34.411373+00:00;temperature;36.30
4854;DHT22;3628;6.559;3.386;2026-02-17T10:08:34.980579+00:00;humidity;67.20
4854;DHT22;3628;6.559;3.386;2026-02-17T10:08:34.980579+00:00;temperature;37.20
4853;pms5003;3628;6.559;3.386;2026-02-17T10:24:36.289847+00:00;P2;28.50
4853;pms5003;3628;6.559;3.386;2026-02-17T10:24:36.289847+00:00;P1;35.75
4853;pms5003;3628;6.559;3.386;2026-02-17T10:24:36.289847+00:00;P0;18.50
4853;pms5003;3628;6.559;3.386;2026-02-17T10:30:10.848432+00:00;P2;25.50
4853;pms5003;3628;6.559;3.386;2026-02-17T10:30:10.848432+00:00;P1;28.50
4853;pms5003;3628;6.559;3.386;2026-02-17T10:30:10.848432+00:00;P0;17.75
4854;DHT22;3628;6.559;3.386;2026-02-17T10:30:28.238734+00:00;humidity;63.10
4854;DHT22;3628;6.559;3.386;2026-02-17T10:30:28.238734+00:00;temperature;38.60
4853;pms5003;3628;6.559;3.386;2026-02-17T10:35:45.763345+00:00;P2;26.60
4853;pms5003;3628;6.559;3.386;2026-02-17T10:35:45.763345+00:00;P1;29.60
4853;pms5003;3628;6.559;3.386;2026-02-17T10:35:45.763345+00:00;P0;18.60
4853;pms5003;3628;6.559;3.386;2026-02-17T11:03:21.138493+00:00;P2;32.75
4853;pms5003;3628;6.559;3.386;2026-02-17T11:03:21.138493+00:00;P1;43.75
4853;pms5003;3628;6.559;3.386;2026-02-17T11:03:21.138493+00:00;P0;22.00
4853;pms5003;3628;6.559;3.386;2026-02-17T11:14:08.706136+00:00;P2;33.50
4853;pms5003;3628;6.559;3.386;2026-02-17T11:14:08.706136+00:00;P1;46.50
4853;pms5003;3628;6.559;3.386;2026-02-17T11:14:08.706136+00:00;P0;23.50
4853;pms5003;3628;6.559;3.386;2026-02-17T11:19:32.955534+00:00;P2;33.00
4853;pms5003;3628;6.559;3.386;2026-02-17T11:19:32.955534+00:00;P1;41.00
4853;pms5003;3628;6.559;3.386;2026-02-17T11:19:32.955534+00:00;P0;23.50
4854;DHT22;3628;6.559;3.386;2026-02-17T11:19:50.333250+00:00;humidity;58.20
4854;DHT22;3628;6.559;3.386;2026-02-17T11:19:50.333250+00:00;temperature;40.30
4854;DHT22;3628;6.559;3.386;2026-02-17T11:25:14.663441+00:00;humidity;60.80
4854;DHT22;3628;6.559;3.386;2026-02-17T11:25:14.663441+00:00;temperature;38.70
4854;DHT22;3628;6.559;3.386;2026-02-17T11:30:49.246708+00:00;humidity;61.40
4854;DHT22;3628;6.559;3.386;2026-02-17T11:30:49.246708+00:00;temperature;38.80
4854;DHT22;3628;6.559;3.386;2026-02-17T11:36:12.939419+00:00;humidity;57.90
4854;DHT22;3628;6.559;3.386;2026-02-17T11:36:12.939419+00:00;temperature;40.00
4853;pms5003;3628;6.559;3.386;2026-02-17T11:46:43.543920+00:00;P2;35.00
4853;pms5003;3628;6.559;3.386;2026-02-17T11:46:43.543920+00:00;P1;44.00
4853;pms5003;3628;6.559;3.386;2026-02-17T11:46:43.543920+00:00;P0;24.00
4853;pms5003;3628;6.559;3.386;2026-02-17T11:52:18.115898+00:00;P2;35.00
4853;pms5003;3628;6.559;3.386;2026-02-17T11:52:18.115898+00:00;P1;47.75
4853;pms5003;3628;6.559;3.386;2026-02-17T11:52:18.115898+00:00;P0;25.00
4854;DHT22;3628;6.559;3.386;2026-02-17T11:52:35.490536+00:00;humidity;56.10
4854;DHT22;3628;6.559;3.386;2026-02-17T11:52:35.490536+00:00;temperature;40.00
4853;pms5003;3628;6.559;3.386;2026-02-17T11:57:52.666033+00:00;P2;37.50
4853;pms5003;3628;6.559;3.386;2026-02-17T11:57:52.666033+00:00;P1;42.50
4853;pms5003;3628;6.559;3.386;2026-02-17T11:57:52.666033+00:00;P0;24.50
4854;DHT22;3628;6.559;3.386;2026-02-17T11:58:10.025801+00:00;humidity;58.00
4854;DHT22;3628;6.559;3.386;2026-02-17T11:58:10.025801+00:00;temperature;39.80
4854;DHT22;3628;6.559;3.386;2026-02-17T12:03:36.654952+00:00;humidity;55.10
4854;DHT22;3628;6.559;3.386;2026-02-17T12:03:36.654952+00:00;temperature;40.70
4853;pms5003;3628;6.559;3.386;2026-02-17T12:14:18.017352+00:00;P2;32.80
4853;pms5003;3628;6.559;3.386;2026-02-17T12:14:18.017352+00:00;P1;35.00
4853;pms5003;3628;6.559;3.386;2026-02-17T12:14:18.017352+00:00;P0;23.40
4854;DHT22;3628;6.559;3.386;2026-02-17T12:14:35.372654+00:00;humidity;54.00
4854;DHT22;3628;6.559;3.386;2026-02-17T12:14:35.372654+00:00;temperature;40.80
4853;pms5003;3628;6.559;3.386;2026-02-17T12:19:52.641551+00:00;P2;33.20
4853;pms5003;3628;6.559;3.386;2026-02-17T12:19:52.641551+00:00;P1;39.00
4853;pms5003;3628;6.559;3.386;2026-02-17T12:19:52.641551+00:00;P0;23.20
4853;pms5003;3628;6.559;3.386;2026-02-17T12:25:16.456340+00:00;P2;35.75
4853;pms5003;3628;6.559;3.386;2026-02-17T12:25:16.456340+00:00;P1;51.50
4853;pms5003;3628;6.559;3.386;2026-02-17T12:25:16.456340+00:00;P0;26.00
4854;DHT22;3628;6.559;3.386;2026-02-17T12:25:33.913388+00:00;humidity;51.80
4854;DHT22;3628;6.559;3.386;2026-02-17T12:25:33.913388+00:00;temperature;42.40
4853;pms5003;3628;6.559;3.386;2026-02-17T12:30:51.001742+00:00;P2;35.50
4853;pms5003;3628;6.559;3.386;2026-02-17T12:30:51.001742+00:00;P1;50.00
4853;pms5003;3628;6.559;3.386;2026-02-17T12:30:51.001742+00:00;P0;24.75
4854;DHT22;3628;6.559;3.386;2026-02-17T12:31:08.399544+00:00;humidity;49.80
4854;DHT22;3628;6.559;3.386;2026-02-17T12:31:08.399544+00:00;temperature;43.50
4853;pms5003;3628;6.559;3.386;2026-02-17T12:36:25.543247+00:00;P2;35.00
4853;pms5003;3628;6.559;3.386;2026-02-17T12:36:25.543247+00:00;P1;40.50
4853;pms5003;3628;6.559;3.386;2026-02-17T12:36:25.543247+00:00;P0;23.00
4854;DHT22;3628;6.559;3.386;2026-02-17T12:36:42.918579+00:00;humidity;52.20
4854;DHT22;3628;6.559;3.386;2026-02-17T12:36:42.918579+00:00;temperature;41.50
4853;pms5003;3628;6.559;3.386;2026-02-17T12:42:00.524211+00:00;P2;35.00
4853;pms5003;3628;6.559;3.386;2026-02-17T12:42:00.524211+00:00;P1;41.00
4853;pms5003;3628;6.559;3.386;2026-02-17T12:42:00.524211+00:00;P0;23.33
4854;DHT22;3628;6.559;3.386;2026-02-17T12:42:17.564165+00:00;humidity;52.80
4854;DHT22;3628;6.559;3.386;2026-02-17T12:42:17.564165+00:00;temperature;42.00
4853;pms5003;3628;6.559;3.386;2026-02-17T12:47:34.783141+00:00;P2;39.00
4853;pms5003;3628;6.559;3.386;2026-02-17T12:47:34.783141+00:00;P1;48.00
4853;pms5003;3628;6.559;3.386;2026-02-17T12:47:34.783141+00:00;P0;26.33
4853;pms5003;3628;6.559;3.386;2026-02-17T12:53:09.338387+00:00;P2;35.25
4853;pms5003;3628;6.559;3.386;2026-02-17T12:53:09.338387+00:00;P1;44.50
4853;pms5003;3628;6.559;3.386;2026-02-17T12:53:09.338387+00:00;P0;24.25
4853;pms5003;3628;6.559;3.386;2026-02-17T12:58:33.699156+00:00;P2;32.00
4853;pms5003;3628;6.559;3.386;2026-02-17T12:58:33.699156+00:00;P1;48.20
4853;pms5003;3628;6.559;3.386;2026-02-17T12:58:33.699156+00:00;P0;21.00
4854;DHT22;3628;6.559;3.386;2026-02-17T12:58:51.057435+00:00;humidity;56.90
4854;DHT22;3628;6.559;3.386;2026-02-17T12:58:51.057435+00:00;temperature;39.00
4853;pms5003;3628;6.559;3.386;2026-02-17T13:04:08.227429+00:00;P2;31.67
4853;pms5003;3628;6.559;3.386;2026-02-17T13:04:08.227429+00:00;P1;47.33
4853;pms5003;3628;6.559;3.386;2026-02-17T13:04:08.227429+00:00;P0;21.33
4854;DHT22;3628;6.559;3.386;2026-02-17T13:04:25.604490+00:00;humidity;52.30
4854;DHT22;3628;6.559;3.386;2026-02-17T13:04:25.604490+00:00;temperature;40.90
4854;DHT22;3628;6.559;3.386;2026-02-17T13:09:49.905491+00:00;humidity;52.50
4854;DHT22;3628;6.559;3.386;2026-02-17T13:09:49.905491+00:00;temperature;42.60
4854;DHT22;3628;6.559;3.386;2026-02-17T13:15:24.660424+00:00;humidity;54.60
4854;DHT22;3628;6.559;3.386;2026-02-17T13:15:24.660424+00:00;temperature;40.30
4854;DHT22;3628;6.559;3.386;2026-02-17T13:20:49.055874+00:00;humidity;60.30
4854;DHT22;3628;6.559;3.386;2026-02-17T13:20:49.055874+00:00;temperature;38.70
4853;pms5003;3628;6.559;3.386;2026-02-17T13:26:06.270122+00:00;P2;31.50
4853;pms5003;3628;6.559;3.386;2026-02-17T13:26:06.270122+00:00;P1;49.00
4853;pms5003;3628;6.559;3.386;2026-02-17T13:26:06.270122+00:00;P0;21.00
4854;DHT22;3628;6.559;3.386;2026-02-17T13:26:23.642256+00:00;humidity;60.10
4854;DHT22;3628;6.559;3.386;2026-02-17T13:26:23.642256+00:00;temperature;38.90
4853;pms5003;3628;6.559;3.386;2026-02-17T13:31:40.815663+00:00;P2;27.60
4853;pms5003;3628;6.559;3.386;2026-02-17T13:31:40.815663+00:00;P1;34.20
4853;pms5003;3628;6.559;3.386;2026-02-17T13:31:40.815663+00:00;P0;19.40
4854;DHT22;3628;6.559;3.386;2026-02-17T13:31:58.156976+00:00;humidity;60.10
4854;DHT22;3628;6.559;3.386;2026-02-17T13:31:58.156976+00:00;temperature;39.50
4853;pms5003;3628;6.559;3.386;2026-02-17T13:37:15.365672+00:00;P2;27.60
4853;pms5003;3628;6.559;3.386;2026-02-17T13:37:15.365672+00:00;P1;33.80
4853;pms5003;3628;6.559;3.386;2026-02-17T13:37:15.365672+00:00;P0;18.00
4854;DHT22;3628;6.559;3.386;2026-02-17T13:48:09.643662+00:00;humidity;62.60
4854;DHT22;3628;6.559;3.386;2026-02-17T13:48:09.643662+00:00;temperature;38.40
4853;pms5003;3628;6.559;3.386;2026-02-17T13:53:26.850685+00:00;P2;27.50
4853;pms5003;3628;6.559;3.386;2026-02-17T13:53:26.850685+00:00;P1;32.50
4853;pms5003;3628;6.559;3.386;2026-02-17T13:53:26.850685+00:00;P0;19.00
4853;pms5003;3628;6.559;3.386;2026-02-17T13:58:51.061680+00:00;P2;28.50
4853;pms5003;3628;6.559;3.386;2026-02-17T13:58:51.061680+00:00;P1;28.50
4853;pms5003;3628;6.559;3.386;2026-02-17T13:58:51.061680+00:00;P0;20.00
4853;pms5003;3628;6.559;3.386;2026-02-17T14:14:52.887133+00:00;P2;29.25
4853;pms5003;3628;6.559;3.386;2026-02-17T14:14:52.887133+00:00;P1;36.00
4853;pms5003;3628;6.559;3.386;2026-02-17T14:14:52.887133+00:00;P0;19.25
4854;DHT22;3628;6.559;3.386;2026-02-17T14:15:10.236346+00:00;humidity;64.90
4854;DHT22;3628;6.559;3.386;2026-02-17T14:15:10.236346+00:00;temperature;37.40
4854;DHT22;3628;6.559;3.386;2026-02-17T14:26:09.108734+00:00;humidity;61.70
4854;DHT22;3628;6.559;3.386;2026-02-17T14:26:09.108734+00:00;temperature;39.10
4853;pms5003;3628;6.559;3.386;2026-02-17T14:31:26.472177+00:00;P2;29.50
4853;pms5003;3628;6.559;3.386;2026-02-17T14:31:26.472177+00:00;P1;41.25
4853;pms5003;3628;6.559;3.386;2026-02-17T14:31:26.472177+00:00;P0;19.50
4854;DHT22;3628;6.559;3.386;2026-02-17T14:31:43.808963+00:00;humidity;61.50
4854;DHT22;3628;6.559;3.386;2026-02-17T14:31:43.808963+00:00;temperature;38.90
4854;DHT22;3628;6.559;3.386;2026-02-17T14:37:18.513071+00:00;humidity;61.90
4854;DHT22;3628;6.559;3.386;2026-02-17T14:37:18.513071+00:00;temperature;38.60
4854;DHT22;3628;6.559;3.386;2026-02-17T14:48:06.903327+00:00;humidity;63.20
4854;DHT22;3628;6.559;3.386;2026-02-17T14:48:06.903327+00:00;temperature;38.00
4854;DHT22;3628;6.559;3.386;2026-02-17T14:53:41.519659+00:00;humidity;62.70
4854;DHT22;3628;6.559;3.386;2026-02-17T14:53:41.519659+00:00;temperature;38.20
4853;pms5003;3628;6.559;3.386;2026-02-17T14:59:01.582895+00:00;P2;20.80
4853;pms5003;3628;6.559;3.386;2026-02-17T14:59:01.582895+00:00;P1;32.20
4853;pms5003;3628;6.559;3.386;2026-02-17T14:59:01.582895+00:00;P0;14.20
4854;DHT22;3628;6.559;3.386;2026-02-17T14:59:18.939875+00:00;humidity;62.10
4854;DHT22;3628;6.559;3.386;2026-02-17T14:59:18.939875+00:00;temperature;38.30
4853;pms5003;3628;6.559;3.386;2026-02-17T15:04:36.115734+00:00;P2;23.33
4853;pms5003;3628;6.559;3.386;2026-02-17T15:04:36.115734+00:00;P1;25.00
4853;pms5003;3628;6.559;3.386;2026-02-17T15:04:36.115734+00:00;P0;16.00
4854;DHT22;3628;6.559;3.386;2026-02-17T15:04:53.580470+00:00;humidity;61.00
4854;DHT22;3628;6.559;3.386;2026-02-17T15:04:53.580470+00:00;temperature;38.70
4853;pms5003;3628;6.559;3.386;2026-02-17T15:15:26.781110+00:00;P2;23.00
4853;pms5003;3628;6.559;3.386;2026-02-17T15:15:26.781110+00:00;P1;26.00
4853;pms5003;3628;6.559;3.386;2026-02-17T15:15:26.781110+00:00;P0;17.00
4854;DHT22;3628;6.559;3.386;2026-02-17T15:15:44.128476+00:00;humidity;64.50
4854;DHT22;3628;6.559;3.386;2026-02-17T15:15:44.128476+00:00;temperature;37.30
4853;pms5003;3628;6.559;3.386;2026-02-17T15:21:01.289374+00:00;P2;28.00
4853;pms5003;3628;6.559;3.386;2026-02-17T15:21:01.289374+00:00;P1;39.00
4853;pms5003;3628;6.559;3.386;2026-02-17T15:21:01.289374+00:00;P0;20.00
4854;DHT22;3628;6.559;3.386;2026-02-17T15:21:18.650236+00:00;humidity;65.20
4854;DHT22;3628;6.559;3.386;2026-02-17T15:21:18.650236+00:00;temperature;37.40
4853;pms5003;3628;6.559;3.386;2026-02-17T15:26:35.885728+00:00;P2;23.75
4853;pms5003;3628;6.559;3.386;2026-02-17T15:26:35.885728+00:00;P1;32.75
4853;pms5003;3628;6.559;3.386;2026-02-17T15:26:35.885728+00:00;P0;17.75
4853;pms5003;3628;6.559;3.386;2026-02-17T15:32:10.423493+00:00;P2;23.20
4853;pms5003;3628;6.559;3.386;2026-02-17T15:32:10.423493+00:00;P1;25.60
4853;pms5003;3628;6.559;3.386;2026-02-17T15:32:10.423493+00:00;P0;16.80
4854;DHT22;3628;6.559;3.386;2026-02-17T15:32:27.774840+00:00;humidity;68.40
4854;DHT22;3628;6.559;3.386;2026-02-17T15:32:27.774840+00:00;temperature;35.90
4854;DHT22;3628;6.559;3.386;2026-02-17T15:37:52.051253+00:00;humidity;67.90
4854;DHT22;3628;6.559;3.386;2026-02-17T15:37:52.051253+00:00;temperature;36.20
4853;pms5003;3628;6.559;3.386;2026-02-17T15:43:09.423656+00:00;P2;25.25
4853;pms5003;3628;6.559;3.386;2026-02-17T15:43:09.423656+00:00;P1;34.50
4853;pms5003;3628;6.559;3.386;2026-02-17T15:43:09.423656+00:00;P0;17.50
4853;pms5003;3628;6.559;3.386;2026-02-17T15:48:33.531801+00:00;P2;26.33
4853;pms5003;3628;6.559;3.386;2026-02-17T15:48:33.531801+00:00;P1;26.33
4853;pms5003;3628;6.559;3.386;2026-02-17T15:48:33.531801+00:00;P0;19.33
4854;DHT22;3628;6.559;3.386;2026-02-17T15:48:51.050556+00:00;humidity;65.70
4854;DHT22;3628;6.559;3.386;2026-02-17T15:48:51.050556+00:00;temperature;37.10
4853;pms5003;3628;6.559;3.386;2026-02-17T15:54:08.232092+00:00;P2;27.50
4853;pms5003;3628;6.559;3.386;2026-02-17T15:54:08.232092+00:00;P1;34.00
4853;pms5003;3628;6.559;3.386;2026-02-17T15:54:08.232092+00:00;P0;19.25
4854;DHT22;3628;6.559;3.386;2026-02-17T15:54:25.600003+00:00;humidity;65.50
4854;DHT22;3628;6.559;3.386;2026-02-17T15:54:25.600003+00:00;temperature;37.20
4853;pms5003;3628;6.559;3.386;2026-02-17T15:59:42.876612+00:00;P2;22.80
4853;pms5003;3628;6.559;3.386;2026-02-17T15:59:42.876612+00:00;P1;33.20
4853;pms5003;3628;6.559;3.386;2026-02-17T15:59:42.876612+00:00;P0;15.80
4854;DHT22;3628;6.559;3.386;2026-02-17T16:00:00.271314+00:00;humidity;65.40
4854;DHT22;3628;6.559;3.386;2026-02-17T16:00:00.271314+00:00;temperature;37.30
4853;pms5003;3628;6.559;3.386;2026-02-17T16:05:17.431514+00:00;P2;28.00
4853;pms5003;3628;6.559;3.386;2026-02-17T16:05:17.431514+00:00;P1;30.60
4853;pms5003;3628;6.559;3.386;2026-02-17T16:05:17.431514+00:00;P0;19.00
4854;DHT22;3628;6.559;3.386;2026-02-17T16:11:01.385794+00:00;humidity;65.60
4854;DHT22;3628;6.559;3.386;2026-02-17T16:11:01.385794+00:00;temperature;37.00
4853;pms5003;3628;6.559;3.386;2026-02-17T16:16:18.709820+00:00;P2;21.25
4853;pms5003;3628;6.559;3.386;2026-02-17T16:16:18.709820+00:00;P1;21.75
4853;pms5003;3628;6.559;3.386;2026-02-17T16:16:18.709820+00:00;P0;14.00
4854;DHT22;3628;6.559;3.386;2026-02-17T16:16:36.300804+00:00;humidity;67.00
4854;DHT22;3628;6.559;3.386;2026-02-17T16:16:36.300804+00:00;temperature;36.80
4853;pms5003;3628;6.559;3.386;2026-02-17T16:21:53.483221+00:00;P2;20.80
4853;pms5003;3628;6.559;3.386;2026-02-17T16:21:53.483221+00:00;P1;33.40
4853;pms5003;3628;6.559;3.386;2026-02-17T16:21:53.483221+00:00;P0;15.80
4854;DHT22;3628;6.559;3.386;2026-02-17T16:22:11.041914+00:00;humidity;67.90
4854;DHT22;3628;6.559;3.386;2026-02-17T16:22:11.041914+00:00;temperature;36.80
4853;pms5003;3628;6.559;3.386;2026-02-17T16:27:28.019674+00:00;P2;26.50
4853;pms5003;3628;6.559;3.386;2026-02-17T16:27:28.019674+00:00;P1;34.75
4853;pms5003;3628;6.559;3.386;2026-02-17T16:27:28.019674+00:00;P0;17.00
4854;DHT22;3628;6.559;3.386;2026-02-17T16:27:45.382852+00:00;humidity;68.40
4854;DHT22;3628;6.559;3.386;2026-02-17T16:27:45.382852+00:00;temperature;36.10
4853;pms5003;3628;6.559;3.386;2026-02-17T16:33:02.631652+00:00;P2;17.60
4853;pms5003;3628;6.559;3.386;2026-02-17T16:33:02.631652+00:00;P1;27.00
4853;pms5003;3628;6.559;3.386;2026-02-17T16:33:02.631652+00:00;P0;11.60
4854;DHT22;3628;6.559;3.386;2026-02-17T16:33:20.061275+00:00;humidity;68.50
4854;DHT22;3628;6.559;3.386;2026-02-17T16:33:20.061275+00:00;temperature;36.10
4853;pms5003;3628;6.559;3.386;2026-02-17T16:38:37.264136+00:00;P2;28.00
4853;pms5003;3628;6.559;3.386;2026-02-17T16:38:37.264136+00:00;P1;29.00
4853;pms5003;3628;6.559;3.386;2026-02-17T16:38:37.264136+00:00;P0;17.25
4853;pms5003;3628;6.559;3.386;2026-02-17T16:44:14.705488+00:00;P2;22.00
4853;pms5003;3628;6.559;3.386;2026-02-17T16:44:14.705488+00:00;P1;26.00
4853;pms5003;3628;6.559;3.386;2026-02-17T16:44:14.705488+00:00;P0;13.00
4854;DHT22;3628;6.559;3.386;2026-02-17T16:49:48.252270+00:00;humidity;72.20
4854;DHT22;3628;6.559;3.386;2026-02-17T16:49:48.252270+00:00;temperature;34.50
4854;DHT22;3628;6.559;3.386;2026-02-17T16:55:15.357995+00:00;humidity;74.50
4854;DHT22;3628;6.559;3.386;2026-02-17T16:55:15.357995+00:00;temperature;34.00
4854;DHT22;3628;6.559;3.386;2026-02-17T17:00:39.063780+00:00;humidity;76.10
4854;DHT22;3628;6.559;3.386;2026-02-17T17:00:39.063780+00:00;temperature;33.80
4854;DHT22;3628;6.559;3.386;2026-02-17T17:06:13.616904+00:00;humidity;76.50
4854;DHT22;3628;6.559;3.386;2026-02-17T17:06:13.616904+00:00;temperature;33.80
4853;pms5003;3628;6.559;3.386;2026-02-17T17:11:30.807576+00:00;P2;28.00
4853;pms5003;3628;6.559;3.386;2026-02-17T17:11:30.807576+00:00;P1;30.00
4853;pms5003;3628;6.559;3.386;2026-02-17T17:11:30.807576+00:00;P0;18.50
4854;DHT22;3628;6.559;3.386;2026-02-17T17:11:48.114338+00:00;humidity;75.90
4854;DHT22;3628;6.559;3.386;2026-02-17T17:11:48.114338+00:00;temperature;33.90
4853;pms5003;3628;6.559;3.386;2026-02-17T17:17:05.310865+00:00;P2;25.40
4853;pms5003;3628;6.559;3.386;2026-02-17T17:17:05.310865+00:00;P1;28.40
4853;pms5003;3628;6.559;3.386;2026-02-17T17:17:05.310865+00:00;P0;17.40
4853;pms5003;3628;6.559;3.386;2026-02-17T17:22:29.169532+00:00;P2;24.00
4853;pms5003;3628;6.559;3.386;2026-02-17T17:22:29.169532+00:00;P1;26.50
4853;pms5003;3628;6.559;3.386;2026-02-17T17:22:29.169532+00:00;P0;17.50
4854;DHT22;3628;6.559;3.386;2026-02-17T17:22:46.696992+00:00;humidity;77.10
4854;DHT22;3628;6.559;3.386;2026-02-17T17:22:46.696992+00:00;temperature;33.50
4853;pms5003;3628;6.559;3.386;2026-02-17T17:28:03.984110+00:00;P2;17.50
4853;pms5003;3628;6.559;3.386;2026-02-17T17:28:03.984110+00:00;P1;27.50
4853;pms5003;3628;6.559;3.386;2026-02-17T17:28:03.984110+00:00;P0;11.50
4854;DHT22;3628;6.559;3.386;2026-02-17T17:28:24.203385+00:00;humidity;77.70
4854;DHT22;3628;6.559;3.386;2026-02-17T17:28:24.203385+00:00;temperature;33.30
4854;DHT22;3628;6.559;3.386;2026-02-17T17:33:48.086958+00:00;humidity;78.90
4854;DHT22;3628;6.559;3.386;2026-02-17T17:33:48.086958+00:00;temperature;33.00
4853;pms5003;3628;6.559;3.386;2026-02-17T17:39:08.151333+00:00;P2;29.00
4853;pms5003;3628;6.559;3.386;2026-02-17T17:39:08.151333+00:00;P1;40.50
4853;pms5003;3628;6.559;3.386;2026-02-17T17:39:08.151333+00:00;P0;20.00
4854;DHT22;3628;6.559;3.386;2026-02-17T17:39:25.499936+00:00;humidity;79.30
4854;DHT22;3628;6.559;3.386;2026-02-17T17:39:25.499936+00:00;temperature;32.90
4853;pms5003;3628;6.559;3.386;2026-02-17T17:44:42.699568+00:00;P2;30.00
4853;pms5003;3628;6.559;3.386;2026-02-17T17:44:42.699568+00:00;P1;43.00
4853;pms5003;3628;6.559;3.386;2026-02-17T17:44:42.699568+00:00;P0;20.00
4854;DHT22;3628;6.559;3.386;2026-02-17T17:45:00.242330+00:00;humidity;79.30
4854;DHT22;3628;6.559;3.386;2026-02-17T17:45:00.242330+00:00;temperature;32.90
4853;pms5003;3628;6.559;3.386;2026-02-17T18:00:44.810371+00:00;P2;24.60
4853;pms5003;3628;6.559;3.386;2026-02-17T18:00:44.810371+00:00;P1;27.80
4853;pms5003;3628;6.559;3.386;2026-02-17T18:00:44.810371+00:00;P0;15.60
4853;pms5003;3628;6.559;3.386;2026-02-17T18:06:08.906958+00:00;P2;27.50
4853;pms5003;3628;6.559;3.386;2026-02-17T18:06:08.906958+00:00;P1;41.50
4853;pms5003;3628;6.559;3.386;2026-02-17T18:06:08.906958+00:00;P0;17.50
4854;DHT22;3628;6.559;3.386;2026-02-17T18:06:26.347013+00:00;humidity;80.20
4854;DHT22;3628;6.559;3.386;2026-02-17T18:06:26.347013+00:00;temperature;32.50
4853;pms5003;3628;6.559;3.386;2026-02-17T18:28:19.445275+00:00;P2;29.00
4853;pms5003;3628;6.559;3.386;2026-02-17T18:28:19.445275+00:00;P1;33.80
4853;pms5003;3628;6.559;3.386;2026-02-17T18:28:19.445275+00:00;P0;19.00
4854;DHT22;3628;6.559;3.386;2026-02-17T18:28:36.768948+00:00;humidity;82.70
4854;DHT22;3628;6.559;3.386;2026-02-17T18:28:36.768948+00:00;temperature;32.30
4853;pms5003;3628;6.559;3.386;2026-02-17T18:33:54.012748+00:00;P2;29.75
4853;pms5003;3628;6.559;3.386;2026-02-17T18:33:54.012748+00:00;P1;37.00
4853;pms5003;3628;6.559;3.386;2026-02-17T18:33:54.012748+00:00;P0;19.75
4854;DHT22;3628;6.559;3.386;2026-02-17T18:34:11.427131+00:00;humidity;82.80
4854;DHT22;3628;6.559;3.386;2026-02-17T18:34:11.427131+00:00;temperature;32.40
4853;pms5003;3628;6.559;3.386;2026-02-17T18:39:28.604064+00:00;P2;31.50
4853;pms5003;3628;6.559;3.386;2026-02-17T18:39:28.604064+00:00;P1;47.25
4853;pms5003;3628;6.559;3.386;2026-02-17T18:39:28.604064+00:00;P0;20.25
4854;DHT22;3628;6.559;3.386;2026-02-17T18:39:45.916670+00:00;humidity;83.00
4854;DHT22;3628;6.559;3.386;2026-02-17T18:39:45.916670+00:00;temperature;32.30
4853;pms5003;3628;6.559;3.386;2026-02-17T18:45:03.294865+00:00;P2;27.50
4853;pms5003;3628;6.559;3.386;2026-02-17T18:45:03.294865+00:00;P1;44.00
4853;pms5003;3628;6.559;3.386;2026-02-17T18:45:03.294865+00:00;P0;18.50
4854;DHT22;3628;6.559;3.386;2026-02-17T18:45:20.664294+00:00;humidity;83.10
4854;DHT22;3628;6.559;3.386;2026-02-17T18:45:20.664294+00:00;temperature;32.20
4854;DHT22;3628;6.559;3.386;2026-02-17T18:50:44.581017+00:00;humidity;83.60
4854;DHT22;3628;6.559;3.386;2026-02-17T18:50:44.581017+00:00;temperature;32.20
4853;pms5003;3628;6.559;3.386;2026-02-17T18:56:01.775336+00:00;P2;29.00
4853;pms5003;3628;6.559;3.386;2026-02-17T18:56:01.775336+00:00;P1;34.50
4853;pms5003;3628;6.559;3.386;2026-02-17T18:56:01.775336+00:00;P0;19.00
4854;DHT22;3628;6.559;3.386;2026-02-17T18:56:19.156547+00:00;humidity;83.20
4854;DHT22;3628;6.559;3.386;2026-02-17T18:56:19.156547+00:00;temperature;32.20
4853;pms5003;3628;6.559;3.386;2026-02-17T19:06:49.452462+00:00;P2;24.75
4853;pms5003;3628;6.559;3.386;2026-02-17T19:06:49.452462+00:00;P1;32.75
4853;pms5003;3628;6.559;3.386;2026-02-17T19:06:49.452462+00:00;P0;17.00
4854;DHT22;3628;6.559;3.386;2026-02-17T19:07:06.828699+00:00;humidity;83.50
4854;DHT22;3628;6.559;3.386;2026-02-17T19:07:06.828699+00:00;temperature;32.10
4854;DHT22;3628;6.559;3.386;2026-02-17T19:18:16.036743+00:00;humidity;84.20
4854;DHT22;3628;6.559;3.386;2026-02-17T19:18:16.036743+00:00;temperature;32.00
4853;pms5003;3628;6.559;3.386;2026-02-17T19:23:33.227683+00:00;P2;37.75
4853;pms5003;3628;6.559;3.386;2026-02-17T19:23:33.227683+00:00;P1;56.50
4853;pms5003;3628;6.559;3.386;2026-02-17T19:23:33.227683+00:00;P0;22.75
4854;DHT22;3628;6.559;3.386;2026-02-17T19:23:50.545408+00:00;humidity;84.20
4854;DHT22;3628;6.559;3.386;2026-02-17T19:23:50.545408+00:00;temperature;31.90
4853;pms5003;3628;6.559;3.386;2026-02-17T19:29:07.730261+00:00;P2;35.25
4853;pms5003;3628;6.559;3.386;2026-02-17T19:29:07.730261+00:00;P1;48.50
4853;pms5003;3628;6.559;3.386;2026-02-17T19:29:07.730261+00:00;P0;22.00
4854;DHT22;3628;6.559;3.386;2026-02-17T19:29:25.108623+00:00;humidity;84.10
4854;DHT22;3628;6.559;3.386;2026-02-17T19:29:25.108623+00:00;temperature;31.90
4853;pms5003;3628;6.559;3.386;2026-02-17T19:34:42.274043+00:00;P2;32.00
4853;pms5003;3628;6.559;3.386;2026-02-17T19:34:42.274043+00:00;P1;42.75
4853;pms5003;3628;6.559;3.386;2026-02-17T19:34:42.274043+00:00;P0;18.50
4853;pms5003;3628;6.559;3.386;2026-02-17T19:40:06.490416+00:00;P2;37.00
4853;pms5003;3628;6.559;3.386;2026-02-17T19:40:06.490416+00:00;P1;54.00
4853;pms5003;3628;6.559;3.386;2026-02-17T19:40:06.490416+00:00;P0;22.50
4854;DHT22;3628;6.559;3.386;2026-02-17T19:40:23.835372+00:00;humidity;84.40
4854;DHT22;3628;6.559;3.386;2026-02-17T19:40:23.835372+00:00;temperature;31.80
4853;pms5003;3628;6.559;3.386;2026-02-17T19:45:41.017422+00:00;P2;35.00
4853;pms5003;3628;6.559;3.386;2026-02-17T19:45:41.017422+00:00;P1;47.00
4853;pms5003;3628;6.559;3.386;2026-02-17T19:45:41.017422+00:00;P0;23.00
4854;DHT22;3628;6.559;3.386;2026-02-17T19:45:58.367971+00:00;humidity;84.90
4854;DHT22;3628;6.559;3.386;2026-02-17T19:45:58.367971+00:00;temperature;31.80
4854;DHT22;3628;6.559;3.386;2026-02-17T19:51:22.076039+00:00;humidity;85.00
4854;DHT22;3628;6.559;3.386;2026-02-17T19:51:22.076039+00:00;temperature;31.80
4853;pms5003;3628;6.559;3.386;2026-02-17T19:56:39.254410+00:00;P2;30.25
4853;pms5003;3628;6.559;3.386;2026-02-17T19:56:39.254410+00:00;P1;45.25
4853;pms5003;3628;6.559;3.386;2026-02-17T19:56:39.254410+00:00;P0;20.50
4854;DHT22;3628;6.559;3.386;2026-02-17T19:56:56.704972+00:00;humidity;84.40
4854;DHT22;3628;6.559;3.386;2026-02-17T19:56:56.704972+00:00;temperature;31.90
4854;DHT22;3628;6.559;3.386;2026-02-17T20:02:20.275283+00:00;humidity;84.10
4854;DHT22;3628;6.559;3.386;2026-02-17T20:02:20.275283+00:00;temperature;31.90
4853;pms5003;3628;6.559;3.386;2026-02-17T20:13:01.519852+00:00;P2;22.00
4853;pms5003;3628;6.559;3.386;2026-02-17T20:13:01.519852+00:00;P1;33.00
4853;pms5003;3628;6.559;3.386;2026-02-17T20:13:01.519852+00:00;P0;15.00
4854;DHT22;3628;6.559;3.386;2026-02-17T20:13:18.873914+00:00;humidity;84.80
4854;DHT22;3628;6.559;3.386;2026-02-17T20:13:18.873914+00:00;temperature;31.90
4853;pms5003;3628;6.559;3.386;2026-02-17T20:18:36.045280+00:00;P2;29.50
4853;pms5003;3628;6.559;3.386;2026-02-17T20:18:36.045280+00:00;P1;41.75
4853;pms5003;3628;6.559;3.386;2026-02-17T20:18:36.045280+00:00;P0;20.00
4854;DHT22;3628;6.559;3.386;2026-02-17T20:18:53.425673+00:00;humidity;85.20
4854;DHT22;3628;6.559;3.386;2026-02-17T20:18:53.425673+00:00;temperature;31.80
4853;pms5003;3628;6.559;3.386;2026-02-17T20:24:10.587592+00:00;P2;29.00
4853;pms5003;3628;6.559;3.386;2026-02-17T20:24:10.587592+00:00;P1;42.00
4853;pms5003;3628;6.559;3.386;2026-02-17T20:24:10.587592+00:00;P0;18.00
4854;DHT22;3628;6.559;3.386;2026-02-17T20:24:28.081686+00:00;humidity;85.60
4854;DHT22;3628;6.559;3.386;2026-02-17T20:24:28.081686+00:00;temperature;31.80
4853;pms5003;3628;6.559;3.386;2026-02-17T20:29:45.279887+00:00;P2;35.00
4853;pms5003;3628;6.559;3.386;2026-02-17T20:29:45.279887+00:00;P1;46.75
4853;pms5003;3628;6.559;3.386;2026-02-17T20:29:45.279887+00:00;P0;21.50
4854;DHT22;3628;6.559;3.386;2026-02-17T20:30:02.648953+00:00;humidity;84.60
4854;DHT22;3628;6.559;3.386;2026-02-17T20:30:02.648953+00:00;temperature;31.80
4853;pms5003;3628;6.559;3.386;2026-02-17T20:40:33.172855+00:00;P2;30.00
4853;pms5003;3628;6.559;3.386;2026-02-17T20:40:33.172855+00:00;P1;42.00
4853;pms5003;3628;6.559;3.386;2026-02-17T20:40:33.172855+00:00;P0;18.50
4854;DHT22;3628;6.559;3.386;2026-02-17T20:40:50.523997+00:00;humidity;83.60
4854;DHT22;3628;6.559;3.386;2026-02-17T20:40:50.523997+00:00;temperature;31.90
4853;pms5003;3628;6.559;3.386;2026-02-17T20:46:07.678144+00:00;P2;33.00
4853;pms5003;3628;6.559;3.386;2026-02-17T20:46:07.678144+00:00;P1;53.00
4853;pms5003;3628;6.559;3.386;2026-02-17T20:46:07.678144+00:00;P0;22.00
4854;DHT22;3628;6.559;3.386;2026-02-17T20:46:25.018073+00:00;humidity;82.80
4854;DHT22;3628;6.559;3.386;2026-02-17T20:46:25.018073+00:00;temperature;31.80
4853;pms5003;3628;6.559;3.386;2026-02-17T20:51:42.200361+00:00;P2;33.00
4853;pms5003;3628;6.559;3.386;2026-02-17T20:51:42.200361+00:00;P1;43.25
4853;pms5003;3628;6.559;3.386;2026-02-17T20:51:42.200361+00:00;P0;22.00
4854;DHT22;3628;6.559;3.386;2026-02-17T20:51:59.528076+00:00;humidity;83.40
4854;DHT22;3628;6.559;3.386;2026-02-17T20:51:59.528076+00:00;temperature;31.70
4853;pms5003;3628;6.559;3.386;2026-02-17T20:57:16.723838+00:00;P2;30.25
4853;pms5003;3628;6.559;3.386;2026-02-17T20:57:16.723838+00:00;P1;34.00
4853;pms5003;3628;6.559;3.386;2026-02-17T20:57:16.723838+00:00;P0;19.25
4853;pms5003;3628;6.559;3.386;2026-02-17T20:57:34.165896+00:00;humidity;83.20
4853;pms5003;3628;6.559;3.386;2026-02-17T20:57:34.165896+00:00;temperature;31.60
4853;pms5003;3628;6.559;3.386;2026-02-17T21:02:51.331566+00:00;P2;31.40
4853;pms5003;3628;6.559;3.386;2026-02-17T21:02:51.331566+00:00;P1;43.60
4853;pms5003;3628;6.559;3.386;2026-02-17T21:02:51.331566+00:00;P0;17.40
4853;pms5003;3628;6.559;3.386;2026-02-17T21:24:19.476847+00:00;P2;22.00
4853;pms5003;3628;6.559;3.386;2026-02-17T21:24:19.476847+00:00;P1;25.50
4853;pms5003;3628;6.559;3.386;2026-02-17T21:24:19.476847+00:00;P0;16.00
4854;DHT22;3628;6.559;3.386;2026-02-17T21:24:34.014244+00:00;humidity;84.40
4854;DHT22;3628;6.559;3.386;2026-02-17T21:24:34.014244+00:00;temperature;31.70
4853;pms5003;3628;6.559;3.386;2026-02-17T21:29:56.374122+00:00;P2;17.40
4853;pms5003;3628;6.559;3.386;2026-02-17T21:29:56.374122+00:00;P1;20.40
4853;pms5003;3628;6.559;3.386;2026-02-17T21:29:56.374122+00:00;P0;13.00
4853;pms5003;3628;6.559;3.386;2026-02-17T21:35:17.953259+00:00;P2;20.75
4853;pms5003;3628;6.559;3.386;2026-02-17T21:35:17.953259+00:00;P1;33.50
4853;pms5003;3628;6.559;3.386;2026-02-17T21:35:17.953259+00:00;P0;14.75
4853;pms5003;3628;6.559;3.386;2026-02-17T21:40:44.665485+00:00;P2;22.75
4853;pms5003;3628;6.559;3.386;2026-02-17T21:40:44.665485+00:00;P1;30.50
4853;pms5003;3628;6.559;3.386;2026-02-17T21:40:44.665485+00:00;P0;15.00
4854;DHT22;3628;6.559;3.386;2026-02-17T21:41:04.646442+00:00;humidity;84.50
4854;DHT22;3628;6.559;3.386;2026-02-17T21:41:04.646442+00:00;temperature;31.60
4854;DHT22;3628;6.559;3.386;2026-02-17T21:50:36.030502+00:00;humidity;83.70
4854;DHT22;3628;6.559;3.386;2026-02-17T21:50:36.030502+00:00;temperature;31.60
4853;pms5003;3628;6.559;3.386;2026-02-17T21:55:53.129977+00:00;P2;30.00
4853;pms5003;3628;6.559;3.386;2026-02-17T21:55:53.129977+00:00;P1;45.25
4853;pms5003;3628;6.559;3.386;2026-02-17T21:55:53.129977+00:00;P0;19.25
4854;DHT22;3628;6.559;3.386;2026-02-17T22:01:26.747940+00:00;humidity;83.70
4854;DHT22;3628;6.559;3.386;2026-02-17T22:01:26.747940+00:00;temperature;31.70
4853;pms5003;3628;6.559;3.386;2026-02-17T22:06:43.897541+00:00;P2;34.50
4853;pms5003;3628;6.559;3.386;2026-02-17T22:06:43.897541+00:00;P1;42.00
4853;pms5003;3628;6.559;3.386;2026-02-17T22:06:43.897541+00:00;P0;21.50
4854;DHT22;3628;6.559;3.386;2026-02-17T22:07:01.438470+00:00;humidity;83.90
4854;DHT22;3628;6.559;3.386;2026-02-17T22:07:01.438470+00:00;temperature;31.60
4853;pms5003;3628;6.559;3.386;2026-02-17T22:12:18.656159+00:00;P2;25.20
4853;pms5003;3628;6.559;3.386;2026-02-17T22:12:18.656159+00:00;P1;29.40
4853;pms5003;3628;6.559;3.386;2026-02-17T22:12:18.656159+00:00;P0;16.80
4854;DHT22;3628;6.559;3.386;2026-02-17T22:12:36.224993+00:00;humidity;83.80
4854;DHT22;3628;6.559;3.386;2026-02-17T22:12:36.224993+00:00;temperature;31.60
4853;pms5003;3628;6.559;3.386;2026-02-17T22:17:53.303004+00:00;P2;30.50
4853;pms5003;3628;6.559;3.386;2026-02-17T22:17:53.303004+00:00;P1;45.00
4853;pms5003;3628;6.559;3.386;2026-02-17T22:17:53.303004+00:00;P0;22.00
4854;DHT22;3628;6.559;3.386;2026-02-17T22:18:10.640727+00:00;humidity;83.60
4854;DHT22;3628;6.559;3.386;2026-02-17T22:18:10.640727+00:00;temperature;31.60
4853;pms5003;3628;6.559;3.386;2026-02-17T22:23:28.045180+00:00;P2;34.80
4853;pms5003;3628;6.559;3.386;2026-02-17T22:23:28.045180+00:00;P1;47.40
4853;pms5003;3628;6.559;3.386;2026-02-17T22:23:28.045180+00:00;P0;22.00
4854;DHT22;3628;6.559;3.386;2026-02-17T22:23:45.416319+00:00;humidity;83.80
4854;DHT22;3628;6.559;3.386;2026-02-17T22:23:45.416319+00:00;temperature;31.50
4853;pms5003;3628;6.559;3.386;2026-02-17T22:29:02.620610+00:00;P2;36.00
4853;pms5003;3628;6.559;3.386;2026-02-17T22:29:02.620610+00:00;P1;52.00
4853;pms5003;3628;6.559;3.386;2026-02-17T22:29:02.620610+00:00;P0;22.00
4854;DHT22;3628;6.559;3.386;2026-02-17T22:29:19.971104+00:00;humidity;84.10
4854;DHT22;3628;6.559;3.386;2026-02-17T22:29:19.971104+00:00;temperature;31.50
4853;pms5003;3628;6.559;3.386;2026-02-17T22:34:37.205239+00:00;P2;38.40
4853;pms5003;3628;6.559;3.386;2026-02-17T22:34:37.205239+00:00;P1;51.60
4853;pms5003;3628;6.559;3.386;2026-02-17T22:34:37.205239+00:00;P0;24.00
4854;DHT22;3628;6.559;3.386;2026-02-17T22:40:18.692068+00:00;humidity;84.90
4854;DHT22;3628;6.559;3.386;2026-02-17T22:40:18.692068+00:00;temperature;31.60
4853;pms5003;3628;6.559;3.386;2026-02-17T22:45:35.868503+00:00;P2;37.75
4853;pms5003;3628;6.559;3.386;2026-02-17T22:45:35.868503+00:00;P1;53.75
4853;pms5003;3628;6.559;3.386;2026-02-17T22:45:35.868503+00:00;P0;24.00
4854;DHT22;3628;6.559;3.386;2026-02-17T22:45:53.235600+00:00;humidity;85.90
4854;DHT22;3628;6.559;3.386;2026-02-17T22:45:53.235600+00:00;temperature;31.50
4853;pms5003;3628;6.559;3.386;2026-02-17T22:51:10.533310+00:00;P2;30.00
4853;pms5003;3628;6.559;3.386;2026-02-17T22:51:10.533310+00:00;P1;37.00
4853;pms5003;3628;6.559;3.386;2026-02-17T22:51:10.533310+00:00;P0;19.67
4854;DHT22;3628;6.559;3.386;2026-02-17T22:51:28.023748+00:00;humidity;86.10
4854;DHT22;3628;6.559;3.386;2026-02-17T22:51:28.023748+00:00;temperature;31.40
4854;DHT22;3628;6.559;3.386;2026-02-17T22:56:51.711467+00:00;humidity;86.20
4854;DHT22;3628;6.559;3.386;2026-02-17T22:56:51.711467+00:00;temperature;31.30
4854;DHT22;3628;6.559;3.386;2026-02-17T23:02:15.438675+00:00;humidity;85.90
4854;DHT22;3628;6.559;3.386;2026-02-17T23:02:15.438675+00:00;temperature;31.40
4853;pms5003;3628;6.559;3.386;2026-02-17T23:07:32.617200+00:00;P2;19.50
4853;pms5003;3628;6.559;3.386;2026-02-17T23:07:32.617200+00:00;P1;22.50
4853;pms5003;3628;6.559;3.386;2026-02-17T23:07:32.617200+00:00;P0;14.50
4854;DHT22;3628;6.559;3.386;2026-02-17T23:07:49.973625+00:00;humidity;86.00
4854;DHT22;3628;6.559;3.386;2026-02-17T23:07:49.973625+00:00;temperature;31.40
4853;pms5003;3628;6.559;3.386;2026-02-17T23:13:07.154908+00:00;P2;26.00
4853;pms5003;3628;6.559;3.386;2026-02-17T23:13:07.154908+00:00;P1;29.00
4853;pms5003;3628;6.559;3.386;2026-02-17T23:13:07.154908+00:00;P0;17.00
4854;DHT22;3628;6.559;3.386;2026-02-17T23:13:24.497124+00:00;humidity;86.50
4854;DHT22;3628;6.559;3.386;2026-02-17T23:13:24.497124+00:00;temperature;31.40
4853;pms5003;3628;6.559;3.386;2026-02-17T23:18:41.662661+00:00;P2;27.00
4853;pms5003;3628;6.559;3.386;2026-02-17T23:18:41.662661+00:00;P1;27.00
4853;pms5003;3628;6.559;3.386;2026-02-17T23:18:41.662661+00:00;P0;17.50
4854;DHT22;3628;6.559;3.386;2026-02-17T23:18:59.014733+00:00;humidity;86.60
4854;DHT22;3628;6.559;3.386;2026-02-17T23:18:59.014733+00:00;temperature;31.40
4853;pms5003;3628;6.559;3.386;2026-02-17T23:24:16.187976+00:00;P2;19.75
4853;pms5003;3628;6.559;3.386;2026-02-17T23:24:16.187976+00:00;P1;26.25
4853;pms5003;3628;6.559;3.386;2026-02-17T23:24:16.187976+00:00;P0;13.50
4853;pms5003;3628;6.559;3.386;2026-02-17T23:29:40.332080+00:00;P2;20.00
4853;pms5003;3628;6.559;3.386;2026-02-17T23:29:40.332080+00:00;P1;21.33
4853;pms5003;3628;6.559;3.386;2026-02-17T23:29:40.332080+00:00;P0;14.00
4854;DHT22;3628;6.559;3.386;2026-02-17T23:29:57.678279+00:00;humidity;86.30
4854;DHT22;3628;6.559;3.386;2026-02-17T23:29:57.678279+00:00;temperature;31.50
4854;DHT22;3628;6.559;3.386;2026-02-17T23:35:21.756346+00:00;humidity;86.30
4854;DHT22;3628;6.559;3.386;2026-02-17T23:35:21.756346+00:00;temperature;31.30
4853;pms5003;3628;6.559;3.386;2026-02-17T23:40:38.914962+00:00;P2;19.80
4853;pms5003;3628;6.559;3.386;2026-02-17T23:40:38.914962+00:00;P1;24.20
4853;pms5003;3628;6.559;3.386;2026-02-17T23:40:38.914962+00:00;P0;13.80
4854;DHT22;3628;6.559;3.386;2026-02-17T23:40:56.265815+00:00;humidity;86.80
4854;DHT22;3628;6.559;3.386;2026-02-17T23:40:56.265815+00:00;temperature;31.20
4854;DHT22;3628;6.559;3.386;2026-02-17T23:46:20.421511+00:00;humidity;86.70
4854;DHT22;3628;6.559;3.386;2026-02-17T23:46:20.421511+00:00;temperature;31.30
4853;pms5003;3628;6.559;3.386;2026-02-17T23:51:37.602385+00:00;P2;32.50
4853;pms5003;3628;6.559;3.386;2026-02-17T23:51:37.602385+00:00;P1;38.00
4853;pms5003;3628;6.559;3.386;2026-02-17T23:51:37.602385+00:00;P0;22.00
4854;DHT22;3628;6.559;3.386;2026-02-17T23:51:55.031425+00:00;humidity;87.00
4854;DHT22;3628;6.559;3.386;2026-02-17T23:51:55.031425+00:00;temperature;31.30
4853;pms5003;3628;6.559;3.386;2026-02-17T23:57:12.159097+00:00;P2;21.50
4853;pms5003;3628;6.559;3.386;2026-02-17T23:57:12.159097+00:00;P1;30.50
4853;pms5003;3628;6.559;3.386;2026-02-17T23:57:12.159097+00:00;P0;16.00
4854;DHT22;3628;6.559;3.386;2026-02-17T23:57:29.540301+00:00;humidity;87.40
4854;DHT22;3628;6.559;3.386;2026-02-17T23:57:29.540301+00:00;temperature;31.10
4853;pms5003;3628;6.559;3.386;2026-02-18T00:02:46.739202+00:00;P2;23.60
4853;pms5003;3628;6.559;3.386;2026-02-18T00:02:46.739202+00:00;P1;25.60
4853;pms5003;3628;6.559;3.386;2026-02-18T00:02:46.739202+00:00;P0;16.60
4854;DHT22;3628;6.559;3.386;2026-02-18T00:03:04.156718+00:00;humidity;87.50
4854;DHT22;3628;6.559;3.386;2026-02-18T00:03:04.156718+00:00;temperature;31.10
4853;pms5003;3628;6.559;3.386;2026-02-18T00:08:21.329819+00:00;P2;23.00
4853;pms5003;3628;6.559;3.386;2026-02-18T00:08:21.329819+00:00;P1;30.80
4853;pms5003;3628;6.559;3.386;2026-02-18T00:08:21.329819+00:00;P0;16.20
4854;DHT22;3628;6.559;3.386;2026-02-18T00:08:38.661412+00:00;humidity;87.50
4854;DHT22;3628;6.559;3.386;2026-02-18T00:08:38.661412+00:00;temperature;31.20
4853;pms5003;3628;6.559;3.386;2026-02-18T00:13:55.850595+00:00;P2;23.50
4853;pms5003;3628;6.559;3.386;2026-02-18T00:13:55.850595+00:00;P1;28.50
4853;pms5003;3628;6.559;3.386;2026-02-18T00:13:55.850595+00:00;P0;15.50
4854;DHT22;3628;6.559;3.386;2026-02-18T00:14:13.518467+00:00;humidity;87.40
4854;DHT22;3628;6.559;3.386;2026-02-18T00:14:13.518467+00:00;temperature;31.20
4854;DHT22;3628;6.559;3.386;2026-02-18T00:19:48.015590+00:00;humidity;87.60
4854;DHT22;3628;6.559;3.386;2026-02-18T00:19:48.015590+00:00;temperature;31.10
4853;pms5003;3628;6.559;3.386;2026-02-18T00:25:05.276077+00:00;P2;20.60
4853;pms5003;3628;6.559;3.386;2026-02-18T00:25:05.276077+00:00;P1;26.20
4853;pms5003;3628;6.559;3.386;2026-02-18T00:25:05.276077+00:00;P0;15.60
4853;pms5003;3628;6.559;3.386;2026-02-18T00:30:31.900831+00:00;P2;22.25
4853;pms5003;3628;6.559;3.386;2026-02-18T00:30:31.900831+00:00;P1;31.00
4853;pms5003;3628;6.559;3.386;2026-02-18T00:30:31.900831+00:00;P0;16.00
4853;pms5003;3628;6.559;3.386;2026-02-18T00:35:55.759882+00:00;P2;20.00
4853;pms5003;3628;6.559;3.386;2026-02-18T00:35:55.759882+00:00;P1;30.50
4853;pms5003;3628;6.559;3.386;2026-02-18T00:35:55.759882+00:00;P0;14.50
4854;DHT22;3628;6.559;3.386;2026-02-18T00:36:13.187350+00:00;humidity;87.20
4854;DHT22;3628;6.559;3.386;2026-02-18T00:36:13.187350+00:00;temperature;31.10
4853;pms5003;3628;6.559;3.386;2026-02-18T00:41:30.355466+00:00;P2;24.20
4853;pms5003;3628;6.559;3.386;2026-02-18T00:41:30.355466+00:00;P1;24.60
4853;pms5003;3628;6.559;3.386;2026-02-18T00:41:30.355466+00:00;P0;17.60
4854;DHT22;3628;6.559;3.386;2026-02-18T00:41:47.723670+00:00;humidity;87.50
4854;DHT22;3628;6.559;3.386;2026-02-18T00:41:47.723670+00:00;temperature;31.10
4853;pms5003;3628;6.559;3.386;2026-02-18T00:47:04.911926+00:00;P2;28.50
4853;pms5003;3628;6.559;3.386;2026-02-18T00:47:04.911926+00:00;P1;34.50
4853;pms5003;3628;6.559;3.386;2026-02-18T00:47:04.911926+00:00;P0;17.50
4853;pms5003;3628;6.559;3.386;2026-02-18T00:52:28.833542+00:00;P2;28.50
4853;pms5003;3628;6.559;3.386;2026-02-18T00:52:28.833542+00:00;P1;30.50
4853;pms5003;3628;6.559;3.386;2026-02-18T00:52:28.833542+00:00;P0;18.00
4854;DHT22;3628;6.559;3.386;2026-02-18T00:52:46.175731+00:00;humidity;87.80
4854;DHT22;3628;6.559;3.386;2026-02-18T00:52:46.175731+00:00;temperature;31.10
4854;DHT22;3628;6.559;3.386;2026-02-18T00:58:09.947001+00:00;humidity;87.50
4854;DHT22;3628;6.559;3.386;2026-02-18T00:58:09.947001+00:00;temperature;31.10
4853;pms5003;3628;6.559;3.386;2026-02-18T01:03:27.223607+00:00;P2;23.25
4853;pms5003;3628;6.559;3.386;2026-02-18T01:03:27.223607+00:00;P1;28.25
4853;pms5003;3628;6.559;3.386;2026-02-18T01:03:27.223607+00:00;P0;16.25
4854;DHT22;3628;6.559;3.386;2026-02-18T01:03:44.559468+00:00;humidity;87.70
4854;DHT22;3628;6.559;3.386;2026-02-18T01:03:44.559468+00:00;temperature;31.10
4853;pms5003;3628;6.559;3.386;2026-02-18T01:14:28.408307+00:00;P2;22.00
4853;pms5003;3628;6.559;3.386;2026-02-18T01:14:28.408307+00:00;P1;33.75
4853;pms5003;3628;6.559;3.386;2026-02-18T01:14:28.408307+00:00;P0;13.00
4854;DHT22;3628;6.559;3.386;2026-02-18T01:14:45.738435+00:00;humidity;88.10
4854;DHT22;3628;6.559;3.386;2026-02-18T01:14:45.738435+00:00;temperature;31.00
4853;pms5003;3628;6.559;3.386;2026-02-18T01:20:02.915807+00:00;P2;23.00
4853;pms5003;3628;6.559;3.386;2026-02-18T01:20:02.915807+00:00;P1;24.50
4853;pms5003;3628;6.559;3.386;2026-02-18T01:20:02.915807+00:00;P0;15.00
4853;pms5003;3628;6.559;3.386;2026-02-18T01:25:26.962306+00:00;P2;22.00
4853;pms5003;3628;6.559;3.386;2026-02-18T01:25:26.962306+00:00;P1;23.60
4853;pms5003;3628;6.559;3.386;2026-02-18T01:25:26.962306+00:00;P0;14.60
4853;pms5003;3628;6.559;3.386;2026-02-18T01:30:50.705655+00:00;P2;21.40
4853;pms5003;3628;6.559;3.386;2026-02-18T01:30:50.705655+00:00;P1;26.20
4853;pms5003;3628;6.559;3.386;2026-02-18T01:30:50.705655+00:00;P0;15.00
4854;DHT22;3628;6.559;3.386;2026-02-18T01:31:08.047047+00:00;humidity;88.40
4854;DHT22;3628;6.559;3.386;2026-02-18T01:31:08.047047+00:00;temperature;30.80
4854;DHT22;3628;6.559;3.386;2026-02-18T01:36:31.735115+00:00;humidity;88.20
4854;DHT22;3628;6.559;3.386;2026-02-18T01:36:31.735115+00:00;temperature;30.90
4853;pms5003;3628;6.559;3.386;2026-02-18T01:41:48.909835+00:00;P2;17.50
4853;pms5003;3628;6.559;3.386;2026-02-18T01:41:48.909835+00:00;P1;17.50
4853;pms5003;3628;6.559;3.386;2026-02-18T01:41:48.909835+00:00;P0;13.50
4854;DHT22;3628;6.559;3.386;2026-02-18T01:42:06.277818+00:00;humidity;88.10
4854;DHT22;3628;6.559;3.386;2026-02-18T01:42:06.277818+00:00;temperature;30.90
4854;DHT22;3628;6.559;3.386;2026-02-18T06:05:53.818269+00:00;humidity;100.00
4854;DHT22;3628;6.559;3.386;2026-02-18T06:05:53.818269+00:00;temperature;29.00
4854;DHT22;3628;6.559;3.386;2026-02-18T06:11:17.583791+00:00;humidity;100.00
4854;DHT22;3628;6.559;3.386;2026-02-18T06:11:17.583791+00:00;temperature;30.00
4854;DHT22;3628;6.559;3.386;2026-02-18T06:16:41.645750+00:00;humidity;100.00
4854;DHT22;3628;6.559;3.386;2026-02-18T06:16:41.645750+00:00;temperature;30.00
4853;pms5003;3628;6.559;3.386;2026-02-18T11:37:56.371259+00:00;P2;49.25
4853;pms5003;3628;6.559;3.386;2026-02-18T11:37:56.371259+00:00;P1;67.00
4853;pms5003;3628;6.559;3.386;2026-02-18T11:37:56.371259+00:00;P0;32.25
4853;pms5003;3628;6.559;3.386;2026-02-18T11:48:44.216596+00:00;P2;51.00
4853;pms5003;3628;6.559;3.386;2026-02-18T11:48:44.216596+00:00;P1;69.40
4853;pms5003;3628;6.559;3.386;2026-02-18T11:48:44.216596+00:00;P0;34.00
4853;pms5003;3628;6.559;3.386;2026-02-18T11:54:08.207052+00:00;P2;56.00
4853;pms5003;3628;6.559;3.386;2026-02-18T11:54:08.207052+00:00;P1;73.00
4853;pms5003;3628;6.559;3.386;2026-02-18T11:54:08.207052+00:00;P0;37.50
4854;DHT22;3628;6.559;3.386;2026-02-18T11:54:25.601610+00:00;humidity;73.00
4854;DHT22;3628;6.559;3.386;2026-02-18T11:54:25.601610+00:00;temperature;34.40
4853;pms5003;3628;6.559;3.386;2026-02-18T11:59:42.780215+00:00;P2;53.20
4853;pms5003;3628;6.559;3.386;2026-02-18T11:59:42.780215+00:00;P1;69.40
4853;pms5003;3628;6.559;3.386;2026-02-18T11:59:42.780215+00:00;P0;35.80
4854;DHT22;3628;6.559;3.386;2026-02-18T12:00:00.185625+00:00;humidity;72.30
4854;DHT22;3628;6.559;3.386;2026-02-18T12:00:00.185625+00:00;temperature;34.70
4853;pms5003;3628;6.559;3.386;2026-02-18T12:05:17.451728+00:00;P2;52.20
4853;pms5003;3628;6.559;3.386;2026-02-18T12:05:17.451728+00:00;P1;67.40
4853;pms5003;3628;6.559;3.386;2026-02-18T12:05:17.451728+00:00;P0;35.40
4853;pms5003;3628;6.559;3.386;2026-02-18T12:10:41.963327+00:00;P2;46.50
4853;pms5003;3628;6.559;3.386;2026-02-18T12:10:41.963327+00:00;P1;58.50
4853;pms5003;3628;6.559;3.386;2026-02-18T12:10:41.963327+00:00;P0;31.00
4854;DHT22;3628;6.559;3.386;2026-02-18T12:10:59.011742+00:00;humidity;73.00
4854;DHT22;3628;6.559;3.386;2026-02-18T12:10:59.011742+00:00;temperature;34.00
4853;pms5003;3628;6.559;3.386;2026-02-18T12:16:16.329200+00:00;P2;43.00
4853;pms5003;3628;6.559;3.386;2026-02-18T12:16:16.329200+00:00;P1;56.25
4853;pms5003;3628;6.559;3.386;2026-02-18T12:16:16.329200+00:00;P0;28.00
4853;pms5003;3628;6.559;3.386;2026-02-18T12:21:40.247063+00:00;P2;43.25
4853;pms5003;3628;6.559;3.386;2026-02-18T12:21:40.247063+00:00;P1;61.00
4853;pms5003;3628;6.559;3.386;2026-02-18T12:21:40.247063+00:00;P0;28.75
4854;DHT22;3628;6.559;3.386;2026-02-18T12:29:08.575203+00:00;humidity;69.90
4854;DHT22;3628;6.559;3.386;2026-02-18T12:29:08.575203+00:00;temperature;34.70
4853;pms5003;3628;6.559;3.386;2026-02-18T12:33:55.450628+00:00;P2;41.75
4853;pms5003;3628;6.559;3.386;2026-02-18T12:33:55.450628+00:00;P1;60.00
4853;pms5003;3628;6.559;3.386;2026-02-18T12:33:55.450628+00:00;P0;27.25
4854;DHT22;3628;6.559;3.386;2026-02-18T12:34:12.779997+00:00;humidity;68.10
4854;DHT22;3628;6.559;3.386;2026-02-18T12:34:12.779997+00:00;temperature;35.50
4853;pms5003;3628;6.559;3.386;2026-02-18T12:39:29.958419+00:00;P2;40.00
4853;pms5003;3628;6.559;3.386;2026-02-18T12:39:29.958419+00:00;P1;51.25
4853;pms5003;3628;6.559;3.386;2026-02-18T12:39:29.958419+00:00;P0;26.25
4854;DHT22;3628;6.559;3.386;2026-02-18T12:55:11.825977+00:00;humidity;66.10
4854;DHT22;3628;6.559;3.386;2026-02-18T12:55:11.825977+00:00;temperature;36.20
4854;DHT22;3628;6.559;3.386;2026-02-18T13:10:17.326310+00:00;humidity;65.70
4854;DHT22;3628;6.559;3.386;2026-02-18T13:10:17.326310+00:00;temperature;36.60
4853;pms5003;3628;6.559;3.386;2026-02-18T13:15:34.494040+00:00;P2;43.00
4853;pms5003;3628;6.559;3.386;2026-02-18T13:15:34.494040+00:00;P1;60.25
4853;pms5003;3628;6.559;3.386;2026-02-18T13:15:34.494040+00:00;P0;29.00
4854;DHT22;3628;6.559;3.386;2026-02-18T13:15:51.832254+00:00;humidity;64.70
4854;DHT22;3628;6.559;3.386;2026-02-18T13:15:51.832254+00:00;temperature;37.00
4853;pms5003;3628;6.559;3.386;2026-02-18T13:21:09.059734+00:00;P2;40.25
4853;pms5003;3628;6.559;3.386;2026-02-18T13:21:09.059734+00:00;P1;57.00
4853;pms5003;3628;6.559;3.386;2026-02-18T13:21:09.059734+00:00;P0;27.00
4853;pms5003;3628;6.559;3.386;2026-02-18T13:26:43.702448+00:00;P2;39.75
4853;pms5003;3628;6.559;3.386;2026-02-18T13:26:43.702448+00:00;P1;54.75
4853;pms5003;3628;6.559;3.386;2026-02-18T13:26:43.702448+00:00;P0;26.75
4854;DHT22;3628;6.559;3.386;2026-02-18T13:27:00.964154+00:00;humidity;61.70
4854;DHT22;3628;6.559;3.386;2026-02-18T13:27:00.964154+00:00;temperature;38.40
4854;DHT22;3628;6.559;3.386;2026-02-18T13:37:54.923478+00:00;humidity;62.10
4854;DHT22;3628;6.559;3.386;2026-02-18T13:37:54.923478+00:00;temperature;38.00
4854;DHT22;3628;6.559;3.386;2026-02-18T13:53:57.300820+00:00;humidity;62.20
4854;DHT22;3628;6.559;3.386;2026-02-18T13:53:57.300820+00:00;temperature;38.10
4854;DHT22;3628;6.559;3.386;2026-02-18T13:59:21.180828+00:00;humidity;61.40
4854;DHT22;3628;6.559;3.386;2026-02-18T13:59:21.180828+00:00;temperature;38.40
4854;DHT22;3628;6.559;3.386;2026-02-18T14:15:37.475294+00:00;humidity;60.50
4854;DHT22;3628;6.559;3.386;2026-02-18T14:15:37.475294+00:00;temperature;38.60
4854;DHT22;3628;6.559;3.386;2026-02-18T14:21:33.412482+00:00;humidity;59.90
4854;DHT22;3628;6.559;3.386;2026-02-18T14:21:33.412482+00:00;temperature;38.60
4853;pms5003;3628;6.559;3.386;2026-02-18T14:26:18.841458+00:00;P2;36.00
4853;pms5003;3628;6.559;3.386;2026-02-18T14:26:18.841458+00:00;P1;47.20
4853;pms5003;3628;6.559;3.386;2026-02-18T14:26:18.841458+00:00;P0;25.80
4854;DHT22;3628;6.559;3.386;2026-02-18T14:26:36.158382+00:00;humidity;59.70
4854;DHT22;3628;6.559;3.386;2026-02-18T14:26:36.158382+00:00;temperature;39.00
4854;DHT22;3628;6.559;3.386;2026-02-18T14:32:00.144358+00:00;humidity;60.10
4854;DHT22;3628;6.559;3.386;2026-02-18T14:32:00.144358+00:00;temperature;38.70
4853;pms5003;3628;6.559;3.386;2026-02-18T14:37:17.297412+00:00;P2;35.00
4853;pms5003;3628;6.559;3.386;2026-02-18T14:37:17.297412+00:00;P1;48.00
4853;pms5003;3628;6.559;3.386;2026-02-18T14:37:17.297412+00:00;P0;24.00
4854;DHT22;3628;6.559;3.386;2026-02-18T14:42:58.707347+00:00;humidity;61.30
4854;DHT22;3628;6.559;3.386;2026-02-18T14:42:58.707347+00:00;temperature;38.00
4854;DHT22;3628;6.559;3.386;2026-02-18T14:53:46.459660+00:00;humidity;64.80
4854;DHT22;3628;6.559;3.386;2026-02-18T14:53:46.459660+00:00;temperature;36.50
4854;DHT22;3628;6.559;3.386;2026-02-18T15:00:09.524065+00:00;humidity;67.30
4854;DHT22;3628;6.559;3.386;2026-02-18T15:00:09.524065+00:00;temperature;35.60
4853;pms5003;3628;6.559;3.386;2026-02-18T15:04:27.534948+00:00;P2;29.00
4853;pms5003;3628;6.559;3.386;2026-02-18T15:04:27.534948+00:00;P1;43.50
4853;pms5003;3628;6.559;3.386;2026-02-18T15:04:27.534948+00:00;P0;20.00
4853;pms5003;3628;6.559;3.386;2026-02-18T15:09:54.163121+00:00;P2;27.20
4853;pms5003;3628;6.559;3.386;2026-02-18T15:09:54.163121+00:00;P1;37.40
4853;pms5003;3628;6.559;3.386;2026-02-18T15:09:54.163121+00:00;P0;20.00
4854;DHT22;3628;6.559;3.386;2026-02-18T15:10:11.527624+00:00;humidity;65.40
4854;DHT22;3628;6.559;3.386;2026-02-18T15:10:11.527624+00:00;temperature;36.30
4853;pms5003;3628;6.559;3.386;2026-02-18T15:15:28.696261+00:00;P2;31.80
4853;pms5003;3628;6.559;3.386;2026-02-18T15:15:28.696261+00:00;P1;35.40
4853;pms5003;3628;6.559;3.386;2026-02-18T15:15:28.696261+00:00;P0;22.00
4854;DHT22;3628;6.559;3.386;2026-02-18T15:15:46.047288+00:00;humidity;65.50
4854;DHT22;3628;6.559;3.386;2026-02-18T15:15:46.047288+00:00;temperature;36.30
4854;DHT22;3628;6.559;3.386;2026-02-18T15:21:20.839995+00:00;humidity;65.90
4854;DHT22;3628;6.559;3.386;2026-02-18T15:21:20.839995+00:00;temperature;36.20
4854;DHT22;3628;6.559;3.386;2026-02-18T15:26:55.269590+00:00;humidity;67.10
4854;DHT22;3628;6.559;3.386;2026-02-18T15:26:55.269590+00:00;temperature;35.70
4854;DHT22;3628;6.559;3.386;2026-02-18T15:32:34.477603+00:00;humidity;67.60
4854;DHT22;3628;6.559;3.386;2026-02-18T15:32:34.477603+00:00;temperature;35.70
4853;pms5003;3628;6.559;3.386;2026-02-18T15:37:51.678025+00:00;P2;30.00
4853;pms5003;3628;6.559;3.386;2026-02-18T15:37:51.678025+00:00;P1;41.00
4853;pms5003;3628;6.559;3.386;2026-02-18T15:37:51.678025+00:00;P0;19.00
4853;pms5003;3628;6.559;3.386;2026-02-18T15:44:27.611721+00:00;P2;33.00
4853;pms5003;3628;6.559;3.386;2026-02-18T15:44:27.611721+00:00;P1;53.25
4853;pms5003;3628;6.559;3.386;2026-02-18T15:44:27.611721+00:00;P0;22.00
4853;pms5003;3628;6.559;3.386;2026-02-18T15:48:56.196160+00:00;P2;28.75
4853;pms5003;3628;6.559;3.386;2026-02-18T15:48:56.196160+00:00;P1;39.00
4853;pms5003;3628;6.559;3.386;2026-02-18T15:48:56.196160+00:00;P0;19.00
4853;pms5003;3628;6.559;3.386;2026-02-18T15:59:44.535169+00:00;P2;29.00
4853;pms5003;3628;6.559;3.386;2026-02-18T15:59:44.535169+00:00;P1;40.33
4853;pms5003;3628;6.559;3.386;2026-02-18T15:59:44.535169+00:00;P0;18.33
4853;pms5003;3628;6.559;3.386;2026-02-18T16:05:08.503336+00:00;P2;26.75
4853;pms5003;3628;6.559;3.386;2026-02-18T16:05:08.503336+00:00;P1;39.75
4853;pms5003;3628;6.559;3.386;2026-02-18T16:05:08.503336+00:00;P0;17.75
4854;DHT22;3628;6.559;3.386;2026-02-18T16:05:26.016778+00:00;humidity;65.40
4854;DHT22;3628;6.559;3.386;2026-02-18T16:05:26.016778+00:00;temperature;36.20
4853;pms5003;3628;6.559;3.386;2026-02-18T16:10:43.301689+00:00;P2;22.67
4853;pms5003;3628;6.559;3.386;2026-02-18T16:10:43.301689+00:00;P1;30.00
4853;pms5003;3628;6.559;3.386;2026-02-18T16:10:43.301689+00:00;P0;16.33
4854;DHT22;3628;6.559;3.386;2026-02-18T16:11:00.669824+00:00;humidity;66.60
4854;DHT22;3628;6.559;3.386;2026-02-18T16:11:00.669824+00:00;temperature;35.80
4853;pms5003;3628;6.559;3.386;2026-02-18T16:16:17.911747+00:00;P2;23.75
4853;pms5003;3628;6.559;3.386;2026-02-18T16:16:17.911747+00:00;P1;36.50
4853;pms5003;3628;6.559;3.386;2026-02-18T16:16:17.911747+00:00;P0;16.00
4854;DHT22;3628;6.559;3.386;2026-02-18T16:27:12.629803+00:00;humidity;67.80
4854;DHT22;3628;6.559;3.386;2026-02-18T16:27:12.629803+00:00;temperature;35.00
4853;pms5003;3628;6.559;3.386;2026-02-18T16:32:29.817364+00:00;P2;27.25
4853;pms5003;3628;6.559;3.386;2026-02-18T16:32:29.817364+00:00;P1;42.25
4853;pms5003;3628;6.559;3.386;2026-02-18T16:32:29.817364+00:00;P0;18.75
4854;DHT22;3628;6.559;3.386;2026-02-18T16:32:47.224571+00:00;humidity;69.70
4854;DHT22;3628;6.559;3.386;2026-02-18T16:32:47.224571+00:00;temperature;34.30
4853;pms5003;3628;6.559;3.386;2026-02-18T16:38:04.349848+00:00;P2;23.00
4853;pms5003;3628;6.559;3.386;2026-02-18T16:38:04.349848+00:00;P1;35.40
4853;pms5003;3628;6.559;3.386;2026-02-18T16:38:04.349848+00:00;P0;18.00
4853;pms5003;3628;6.559;3.386;2026-02-18T16:43:41.922792+00:00;P2;25.75
4853;pms5003;3628;6.559;3.386;2026-02-18T16:43:41.922792+00:00;P1;38.50
4853;pms5003;3628;6.559;3.386;2026-02-18T16:43:41.922792+00:00;P0;16.50
4854;DHT22;3628;6.559;3.386;2026-02-18T16:43:59.281218+00:00;humidity;69.90
4854;DHT22;3628;6.559;3.386;2026-02-18T16:43:59.281218+00:00;temperature;34.20
4853;pms5003;3628;6.559;3.386;2026-02-18T16:49:16.566437+00:00;P2;27.00
4853;pms5003;3628;6.559;3.386;2026-02-18T16:49:16.566437+00:00;P1;33.00
4853;pms5003;3628;6.559;3.386;2026-02-18T16:49:16.566437+00:00;P0;18.00
4853;pms5003;3628;6.559;3.386;2026-02-18T16:54:40.717255+00:00;P2;25.25
4853;pms5003;3628;6.559;3.386;2026-02-18T16:54:40.717255+00:00;P1;29.25
4853;pms5003;3628;6.559;3.386;2026-02-18T16:54:40.717255+00:00;P0;16.75
4853;pms5003;3628;6.559;3.386;2026-02-18T17:00:04.764968+00:00;P2;24.67
4853;pms5003;3628;6.559;3.386;2026-02-18T17:00:04.764968+00:00;P1;34.33
4853;pms5003;3628;6.559;3.386;2026-02-18T17:00:04.764968+00:00;P0;16.67
4854;DHT22;3628;6.559;3.386;2026-02-18T17:00:22.114545+00:00;humidity;71.10
4854;DHT22;3628;6.559;3.386;2026-02-18T17:00:22.114545+00:00;temperature;33.50
4854;DHT22;3628;6.559;3.386;2026-02-18T17:05:49.087518+00:00;humidity;72.20
4854;DHT22;3628;6.559;3.386;2026-02-18T17:05:49.087518+00:00;temperature;33.10
4853;pms5003;3628;6.559;3.386;2026-02-18T17:11:06.266626+00:00;P2;28.40
4853;pms5003;3628;6.559;3.386;2026-02-18T17:11:06.266626+00:00;P1;32.60
4853;pms5003;3628;6.559;3.386;2026-02-18T17:11:06.266626+00:00;P0;19.60
4854;DHT22;3628;6.559;3.386;2026-02-18T17:11:23.701681+00:00;humidity;73.00
4854;DHT22;3628;6.559;3.386;2026-02-18T17:11:23.701681+00:00;temperature;32.90
4853;pms5003;3628;6.559;3.386;2026-02-18T17:16:40.949039+00:00;P2;28.00
4853;pms5003;3628;6.559;3.386;2026-02-18T17:16:40.949039+00:00;P1;39.00
4853;pms5003;3628;6.559;3.386;2026-02-18T17:16:40.949039+00:00;P0;20.00
4853;pms5003;3628;6.559;3.386;2026-02-18T17:27:29.606349+00:00;P2;28.80
4853;pms5003;3628;6.559;3.386;2026-02-18T17:27:29.606349+00:00;P1;31.00
4853;pms5003;3628;6.559;3.386;2026-02-18T17:27:29.606349+00:00;P0;19.00
4854;DHT22;3628;6.559;3.386;2026-02-18T17:27:46.968536+00:00;humidity;74.90
4854;DHT22;3628;6.559;3.386;2026-02-18T17:27:46.968536+00:00;temperature;32.50
4853;pms5003;3628;6.559;3.386;2026-02-18T17:33:04.255851+00:00;P2;31.67
4853;pms5003;3628;6.559;3.386;2026-02-18T17:33:04.255851+00:00;P1;49.00
4853;pms5003;3628;6.559;3.386;2026-02-18T17:33:04.255851+00:00;P0;21.33
4854;DHT22;3628;6.559;3.386;2026-02-18T17:33:21.655179+00:00;humidity;75.30
4854;DHT22;3628;6.559;3.386;2026-02-18T17:33:21.655179+00:00;temperature;32.40
4854;DHT22;3628;6.559;3.386;2026-02-18T17:38:48.295720+00:00;humidity;75.70
4854;DHT22;3628;6.559;3.386;2026-02-18T17:38:48.295720+00:00;temperature;32.20
4853;pms5003;3628;6.559;3.386;2026-02-18T17:44:05.612747+00:00;P2;30.00
4853;pms5003;3628;6.559;3.386;2026-02-18T17:44:05.612747+00:00;P1;46.60
4853;pms5003;3628;6.559;3.386;2026-02-18T17:44:05.612747+00:00;P0;19.80
4854;DHT22;3628;6.559;3.386;2026-02-18T17:50:04.696797+00:00;humidity;76.00
4854;DHT22;3628;6.559;3.386;2026-02-18T17:50:04.696797+00:00;temperature;32.10
4853;pms5003;3628;6.559;3.386;2026-02-18T17:55:22.009728+00:00;P2;27.40
4853;pms5003;3628;6.559;3.386;2026-02-18T17:55:22.009728+00:00;P1;40.80
4853;pms5003;3628;6.559;3.386;2026-02-18T17:55:22.009728+00:00;P0;19.40
4854;DHT22;3628;6.559;3.386;2026-02-18T17:55:39.334693+00:00;humidity;76.40
4854;DHT22;3628;6.559;3.386;2026-02-18T17:55:39.334693+00:00;temperature;32.10
4853;pms5003;3628;6.559;3.386;2026-02-18T18:00:56.556798+00:00;P2;28.00
4853;pms5003;3628;6.559;3.386;2026-02-18T18:00:56.556798+00:00;P1;45.00
4853;pms5003;3628;6.559;3.386;2026-02-18T18:00:56.556798+00:00;P0;19.00
4854;DHT22;3628;6.559;3.386;2026-02-18T18:01:13.974000+00:00;humidity;76.60
4854;DHT22;3628;6.559;3.386;2026-02-18T18:01:13.974000+00:00;temperature;31.90
4854;DHT22;3628;6.559;3.386;2026-02-18T18:06:40.717193+00:00;humidity;76.60
4854;DHT22;3628;6.559;3.386;2026-02-18T18:06:40.717193+00:00;temperature;32.00
4853;pms5003;3628;6.559;3.386;2026-02-18T18:11:58.032201+00:00;P2;32.00
4853;pms5003;3628;6.559;3.386;2026-02-18T18:11:58.032201+00:00;P1;44.00
4853;pms5003;3628;6.559;3.386;2026-02-18T18:11:58.032201+00:00;P0;20.00
4854;DHT22;3628;6.559;3.386;2026-02-18T18:12:15.457876+00:00;humidity;76.40
4854;DHT22;3628;6.559;3.386;2026-02-18T18:12:15.457876+00:00;temperature;32.00
4854;DHT22;3628;6.559;3.386;2026-02-18T18:33:39.717621+00:00;humidity;77.30
4854;DHT22;3628;6.559;3.386;2026-02-18T18:33:39.717621+00:00;temperature;31.80
4853;pms5003;3628;6.559;3.386;2026-02-18T18:43:58.343023+00:00;P2;31.25
4853;pms5003;3628;6.559;3.386;2026-02-18T18:43:58.343023+00:00;P1;45.50
4853;pms5003;3628;6.559;3.386;2026-02-18T18:43:58.343023+00:00;P0;21.00
4853;pms5003;3628;6.559;3.386;2026-02-18T18:44:36.078391+00:00;P2;38.00
4853;pms5003;3628;6.559;3.386;2026-02-18T18:44:36.078391+00:00;P1;50.50
4853;pms5003;3628;6.559;3.386;2026-02-18T18:44:36.078391+00:00;P0;24.00
4853;pms5003;3628;6.559;3.386;2026-02-18T18:52:26.968033+00:00;P2;30.25
4853;pms5003;3628;6.559;3.386;2026-02-18T18:52:26.968033+00:00;P1;43.25
4853;pms5003;3628;6.559;3.386;2026-02-18T18:52:26.968033+00:00;P0;19.75
4854;DHT22;3628;6.559;3.386;2026-02-18T19:00:57.478886+00:00;humidity;78.90
4854;DHT22;3628;6.559;3.386;2026-02-18T19:00:57.478886+00:00;temperature;31.60
4854;DHT22;3628;6.559;3.386;2026-02-18T19:06:33.703699+00:00;humidity;78.60
4854;DHT22;3628;6.559;3.386;2026-02-18T19:06:33.703699+00:00;temperature;31.70
4854;DHT22;3628;6.559;3.386;2026-02-18T19:11:55.886226+00:00;humidity;78.50
4854;DHT22;3628;6.559;3.386;2026-02-18T19:11:55.886226+00:00;temperature;31.70
4853;pms5003;3628;6.559;3.386;2026-02-18T19:17:13.139472+00:00;P2;32.50
4853;pms5003;3628;6.559;3.386;2026-02-18T19:17:13.139472+00:00;P1;38.50
4853;pms5003;3628;6.559;3.386;2026-02-18T19:17:13.139472+00:00;P0;22.00
4853;pms5003;3628;6.559;3.386;2026-02-18T19:22:56.206845+00:00;P2;33.20
4853;pms5003;3628;6.559;3.386;2026-02-18T19:22:56.206845+00:00;P1;51.60
4853;pms5003;3628;6.559;3.386;2026-02-18T19:22:56.206845+00:00;P0;22.00
4854;DHT22;3628;6.559;3.386;2026-02-18T19:23:22.282751+00:00;humidity;77.90
4854;DHT22;3628;6.559;3.386;2026-02-18T19:23:22.282751+00:00;temperature;31.80
4853;pms5003;3628;6.559;3.386;2026-02-18T19:29:13.973813+00:00;humidity;78.70
4853;pms5003;3628;6.559;3.386;2026-02-18T19:29:13.973813+00:00;temperature;31.50
4853;pms5003;3628;6.559;3.386;2026-02-18T19:34:40.043118+00:00;P2;30.75
4853;pms5003;3628;6.559;3.386;2026-02-18T19:34:40.043118+00:00;P1;43.50
4853;pms5003;3628;6.559;3.386;2026-02-18T19:34:40.043118+00:00;P0;20.25
4854;DHT22;3628;6.559;3.386;2026-02-18T19:46:00.897494+00:00;humidity;79.30
4854;DHT22;3628;6.559;3.386;2026-02-18T19:46:00.897494+00:00;temperature;31.30
4853;pms5003;3628;6.559;3.386;2026-02-18T19:56:31.610963+00:00;P2;29.50
4853;pms5003;3628;6.559;3.386;2026-02-18T19:56:31.610963+00:00;P1;43.00
4853;pms5003;3628;6.559;3.386;2026-02-18T19:56:31.610963+00:00;P0;19.50
4854;DHT22;3628;6.559;3.386;2026-02-18T20:02:25.587334+00:00;humidity;79.90
4854;DHT22;3628;6.559;3.386;2026-02-18T20:02:25.587334+00:00;temperature;31.20
4853;pms5003;3628;6.559;3.386;2026-02-18T20:39:17.507443+00:00;P2;35.33
4853;pms5003;3628;6.559;3.386;2026-02-18T20:39:17.507443+00:00;P1;49.33
4853;pms5003;3628;6.559;3.386;2026-02-18T20:39:17.507443+00:00;P0;22.33
4853;pms5003;3628;6.559;3.386;2026-02-18T20:49:58.626712+00:00;P2;29.00
4853;pms5003;3628;6.559;3.386;2026-02-18T20:49:58.626712+00:00;P1;37.75
4853;pms5003;3628;6.559;3.386;2026-02-18T20:49:58.626712+00:00;P0;19.75
4853;pms5003;3628;6.559;3.386;2026-02-18T20:56:20.942618+00:00;P2;31.75
4853;pms5003;3628;6.559;3.386;2026-02-18T20:56:20.942618+00:00;P1;44.50
4853;pms5003;3628;6.559;3.386;2026-02-18T20:56:20.942618+00:00;P0;20.00
4854;DHT22;3628;6.559;3.386;2026-02-18T21:06:46.468025+00:00;humidity;80.10
4854;DHT22;3628;6.559;3.386;2026-02-18T21:06:46.468025+00:00;temperature;31.10
4853;pms5003;3628;6.559;3.386;2026-02-18T21:12:03.685546+00:00;P2;33.75
4853;pms5003;3628;6.559;3.386;2026-02-18T21:12:03.685546+00:00;P1;50.25
4853;pms5003;3628;6.559;3.386;2026-02-18T21:12:03.685546+00:00;P0;23.00
4854;DHT22;3628;6.559;3.386;2026-02-18T21:12:32.760320+00:00;humidity;79.70
4854;DHT22;3628;6.559;3.386;2026-02-18T21:12:32.760320+00:00;temperature;31.10
4854;DHT22;3628;6.559;3.386;2026-02-18T21:39:07.718327+00:00;humidity;80.20
4854;DHT22;3628;6.559;3.386;2026-02-18T21:39:07.718327+00:00;temperature;31.00
4853;pms5003;3628;6.559;3.386;2026-02-18T21:49:47.601379+00:00;P2;33.00
4853;pms5003;3628;6.559;3.386;2026-02-18T21:49:47.601379+00:00;P1;49.00
4853;pms5003;3628;6.559;3.386;2026-02-18T21:49:47.601379+00:00;P0;21.00
4853;pms5003;3628;6.559;3.386;2026-02-18T21:55:11.584781+00:00;P2;32.00
4853;pms5003;3628;6.559;3.386;2026-02-18T21:55:11.584781+00:00;P1;44.50
4853;pms5003;3628;6.559;3.386;2026-02-18T21:55:11.584781+00:00;P0;21.75
4854;DHT22;3628;6.559;3.386;2026-02-18T21:55:28.967207+00:00;humidity;81.00
4854;DHT22;3628;6.559;3.386;2026-02-18T21:55:28.967207+00:00;temperature;31.00
4853;pms5003;3628;6.559;3.386;2026-02-18T22:00:54.911637+00:00;P2;35.00
4853;pms5003;3628;6.559;3.386;2026-02-18T22:00:54.911637+00:00;P1;48.67
4853;pms5003;3628;6.559;3.386;2026-02-18T22:00:54.911637+00:00;P0;22.00
4854;DHT22;3628;6.559;3.386;2026-02-19T05:59:32.790196+00:00;humidity;100.00
4854;DHT22;3628;6.559;3.386;2026-02-19T05:59:32.790196+00:00;temperature;27.40
4853;pms5003;3628;6.559;3.386;2026-02-19T06:04:49.957586+00:00;P2;47.33
4853;pms5003;3628;6.559;3.386;2026-02-19T06:04:49.957586+00:00;P1;59.00
4853;pms5003;3628;6.559;3.386;2026-02-19T06:04:49.957586+00:00;P0;31.67
4854;DHT22;3628;6.559;3.386;2026-02-19T06:05:07.309835+00:00;humidity;100.00
4854;DHT22;3628;6.559;3.386;2026-02-19T06:05:07.309835+00:00;temperature;28.10
4853;pms5003;3628;6.559;3.386;2026-02-19T06:10:24.589797+00:00;P2;50.67
4853;pms5003;3628;6.559;3.386;2026-02-19T06:10:24.589797+00:00;P1;71.33
4853;pms5003;3628;6.559;3.386;2026-02-19T06:10:24.589797+00:00;P0;33.00
4853;pms5003;3628;6.559;3.386;2026-02-19T09:13:06.675926+00:00;P2;42.00
4853;pms5003;3628;6.559;3.386;2026-02-19T09:13:06.675926+00:00;P1;53.50
4853;pms5003;3628;6.559;3.386;2026-02-19T09:13:06.675926+00:00;P0;28.00
4853;pms5003;3628;6.559;3.386;2026-02-19T09:18:30.591787+00:00;P2;42.80
4853;pms5003;3628;6.559;3.386;2026-02-19T09:18:30.591787+00:00;P1;59.20
4853;pms5003;3628;6.559;3.386;2026-02-19T09:18:30.591787+00:00;P0;28.20
4854;DHT22;3628;6.559;3.386;2026-02-19T09:18:48.008583+00:00;humidity;71.50
4854;DHT22;3628;6.559;3.386;2026-02-19T09:18:48.008583+00:00;temperature;35.90
4853;pms5003;3628;6.559;3.386;2026-02-19T09:24:05.222425+00:00;P2;42.00
4853;pms5003;3628;6.559;3.386;2026-02-19T09:24:05.222425+00:00;P1;56.00
4853;pms5003;3628;6.559;3.386;2026-02-19T09:24:05.222425+00:00;P0;28.00
4854;DHT22;3628;6.559;3.386;2026-02-19T09:24:22.602394+00:00;humidity;68.90
4854;DHT22;3628;6.559;3.386;2026-02-19T09:24:22.602394+00:00;temperature;36.90
4853;pms5003;3628;6.559;3.386;2026-02-19T09:29:39.798045+00:00;P2;40.00
4853;pms5003;3628;6.559;3.386;2026-02-19T09:29:39.798045+00:00;P1;55.00
4853;pms5003;3628;6.559;3.386;2026-02-19T09:29:39.798045+00:00;P0;27.00
4853;pms5003;3628;6.559;3.386;2026-02-19T09:44:50.813638+00:00;P2;37.00
4853;pms5003;3628;6.559;3.386;2026-02-19T09:44:50.813638+00:00;P1;52.80
4853;pms5003;3628;6.559;3.386;2026-02-19T09:44:50.813638+00:00;P0;24.00
4854;DHT22;3628;6.559;3.386;2026-02-19T09:55:45.629814+00:00;humidity;64.70
4854;DHT22;3628;6.559;3.386;2026-02-19T09:55:45.629814+00:00;temperature;37.40
4853;pms5003;3628;6.559;3.386;2026-02-19T10:04:20.790106+00:00;P2;43.00
4853;pms5003;3628;6.559;3.386;2026-02-19T10:04:20.790106+00:00;P1;52.00
4853;pms5003;3628;6.559;3.386;2026-02-19T10:04:20.790106+00:00;P0;28.75
4853;pms5003;3628;6.559;3.386;2026-02-19T10:10:12.169669+00:00;P2;47.50
4853;pms5003;3628;6.559;3.386;2026-02-19T10:10:12.169669+00:00;P1;64.00
4853;pms5003;3628;6.559;3.386;2026-02-19T10:10:12.169669+00:00;P0;32.50
4853;pms5003;3628;6.559;3.386;2026-02-19T10:39:32.947071+00:00;P2;43.75
4853;pms5003;3628;6.559;3.386;2026-02-19T10:39:32.947071+00:00;P1;58.00
4853;pms5003;3628;6.559;3.386;2026-02-19T10:39:32.947071+00:00;P0;29.75
4854;DHT22;3628;6.559;3.386;2026-02-19T10:39:50.276048+00:00;humidity;64.40
4854;DHT22;3628;6.559;3.386;2026-02-19T10:39:50.276048+00:00;temperature;37.30
4853;pms5003;3628;6.559;3.386;2026-02-19T10:45:07.713351+00:00;P2;40.75
4853;pms5003;3628;6.559;3.386;2026-02-19T10:45:07.713351+00:00;P1;50.00
4853;pms5003;3628;6.559;3.386;2026-02-19T10:45:07.713351+00:00;P0;27.00
4854;DHT22;3628;6.559;3.386;2026-02-19T10:45:25.128748+00:00;humidity;64.60
4854;DHT22;3628;6.559;3.386;2026-02-19T10:45:25.128748+00:00;temperature;36.80
4853;pms5003;3628;6.559;3.386;2026-02-19T10:50:42.334872+00:00;P2;43.25
4853;pms5003;3628;6.559;3.386;2026-02-19T10:50:42.334872+00:00;P1;59.50
4853;pms5003;3628;6.559;3.386;2026-02-19T10:50:42.334872+00:00;P0;28.00
4854;DHT22;3628;6.559;3.386;2026-02-19T10:50:59.674563+00:00;humidity;63.90
4854;DHT22;3628;6.559;3.386;2026-02-19T10:50:59.674563+00:00;temperature;37.40
4853;pms5003;3628;6.559;3.386;2026-02-19T10:59:23.624222+00:00;P2;35.60
4853;pms5003;3628;6.559;3.386;2026-02-19T10:59:23.624222+00:00;P1;45.00
4853;pms5003;3628;6.559;3.386;2026-02-19T10:59:23.624222+00:00;P0;24.00
4854;DHT22;3628;6.559;3.386;2026-02-19T10:59:40.975373+00:00;humidity;60.90
4854;DHT22;3628;6.559;3.386;2026-02-19T10:59:40.975373+00:00;temperature;38.60
4854;DHT22;3628;6.559;3.386;2026-02-19T11:05:07.762332+00:00;humidity;61.90
4854;DHT22;3628;6.559;3.386;2026-02-19T11:05:07.762332+00:00;temperature;37.80
4854;DHT22;3628;6.559;3.386;2026-02-19T11:10:45.173214+00:00;humidity;60.50
4854;DHT22;3628;6.559;3.386;2026-02-19T11:10:45.173214+00:00;temperature;38.10
4853;pms5003;3628;6.559;3.386;2026-02-19T11:16:02.453698+00:00;P2;43.50
4853;pms5003;3628;6.559;3.386;2026-02-19T11:16:02.453698+00:00;P1;57.25
4853;pms5003;3628;6.559;3.386;2026-02-19T11:16:02.453698+00:00;P0;28.00
4853;pms5003;3628;6.559;3.386;2026-02-19T11:21:26.128492+00:00;P2;38.40
4853;pms5003;3628;6.559;3.386;2026-02-19T11:21:26.128492+00:00;P1;50.60
4853;pms5003;3628;6.559;3.386;2026-02-19T11:21:26.128492+00:00;P0;26.00
4854;DHT22;3628;6.559;3.386;2026-02-19T11:21:43.589321+00:00;humidity;54.90
4854;DHT22;3628;6.559;3.386;2026-02-19T11:21:43.589321+00:00;temperature;40.20
4853;pms5003;3628;6.559;3.386;2026-02-19T11:27:00.751615+00:00;P2;42.20
4853;pms5003;3628;6.559;3.386;2026-02-19T11:27:00.751615+00:00;P1;59.80
4853;pms5003;3628;6.559;3.386;2026-02-19T11:27:00.751615+00:00;P0;27.00
4854;DHT22;3628;6.559;3.386;2026-02-19T11:27:18.100280+00:00;humidity;52.30
4854;DHT22;3628;6.559;3.386;2026-02-19T11:27:18.100280+00:00;temperature;41.60
4853;pms5003;3628;6.559;3.386;2026-02-19T11:32:35.281829+00:00;P2;45.60
4853;pms5003;3628;6.559;3.386;2026-02-19T11:32:35.281829+00:00;P1;68.40
4853;pms5003;3628;6.559;3.386;2026-02-19T11:32:35.281829+00:00;P0;30.80
4853;pms5003;3628;6.559;3.386;2026-02-19T11:37:59.005761+00:00;P2;44.00
4853;pms5003;3628;6.559;3.386;2026-02-19T11:37:59.005761+00:00;P1;62.50
4853;pms5003;3628;6.559;3.386;2026-02-19T11:37:59.005761+00:00;P0;29.00
4854;DHT22;3628;6.559;3.386;2026-02-19T11:43:31.029618+00:00;humidity;49.10
4854;DHT22;3628;6.559;3.386;2026-02-19T11:43:31.029618+00:00;temperature;41.80
4853;pms5003;3628;6.559;3.386;2026-02-19T11:48:48.177955+00:00;P2;42.00
4853;pms5003;3628;6.559;3.386;2026-02-19T11:48:48.177955+00:00;P1;60.00
4853;pms5003;3628;6.559;3.386;2026-02-19T11:48:48.177955+00:00;P0;28.00
4854;DHT22;3628;6.559;3.386;2026-02-19T11:49:05.528186+00:00;humidity;50.60
4854;DHT22;3628;6.559;3.386;2026-02-19T11:49:05.528186+00:00;temperature;40.60
4854;DHT22;3628;6.559;3.386;2026-02-19T11:54:29.628324+00:00;humidity;55.70
4854;DHT22;3628;6.559;3.386;2026-02-19T11:54:29.628324+00:00;temperature;39.80
4854;DHT22;3628;6.559;3.386;2026-02-19T11:59:53.461293+00:00;humidity;58.20
4854;DHT22;3628;6.559;3.386;2026-02-19T11:59:53.461293+00:00;temperature;38.70
4853;pms5003;3628;6.559;3.386;2026-02-19T12:20:54.059941+00:00;P2;42.00
4853;pms5003;3628;6.559;3.386;2026-02-19T12:20:54.059941+00:00;P1;54.40
4853;pms5003;3628;6.559;3.386;2026-02-19T12:20:54.059941+00:00;P0;28.00
4853;pms5003;3628;6.559;3.386;2026-02-19T12:26:18.465778+00:00;P2;43.00
4853;pms5003;3628;6.559;3.386;2026-02-19T12:26:18.465778+00:00;P1;57.50
4853;pms5003;3628;6.559;3.386;2026-02-19T12:26:18.465778+00:00;P0;29.00
4854;DHT22;3628;6.559;3.386;2026-02-19T12:26:35.931435+00:00;humidity;59.10
4854;DHT22;3628;6.559;3.386;2026-02-19T12:26:35.931435+00:00;temperature;39.20
4853;pms5003;3628;6.559;3.386;2026-02-19T12:42:31.803915+00:00;P2;40.00
4853;pms5003;3628;6.559;3.386;2026-02-19T12:42:31.803915+00:00;P1;53.00
4853;pms5003;3628;6.559;3.386;2026-02-19T12:42:31.803915+00:00;P0;27.00
4853;pms5003;3628;6.559;3.386;2026-02-19T12:47:55.932106+00:00;P2;43.25
4853;pms5003;3628;6.559;3.386;2026-02-19T12:47:55.932106+00:00;P1;57.00
4853;pms5003;3628;6.559;3.386;2026-02-19T12:47:55.932106+00:00;P0;28.25
4854;DHT22;3628;6.559;3.386;2026-02-19T12:48:13.259720+00:00;humidity;57.50
4854;DHT22;3628;6.559;3.386;2026-02-19T12:48:13.259720+00:00;temperature;39.70
4853;pms5003;3628;6.559;3.386;2026-02-19T12:53:30.545280+00:00;P2;41.40
4853;pms5003;3628;6.559;3.386;2026-02-19T12:53:30.545280+00:00;P1;50.40
4853;pms5003;3628;6.559;3.386;2026-02-19T12:53:30.545280+00:00;P0;27.60
4854;DHT22;3628;6.559;3.386;2026-02-19T12:53:47.963956+00:00;humidity;55.50
4854;DHT22;3628;6.559;3.386;2026-02-19T12:53:47.963956+00:00;temperature;40.10
4854;DHT22;3628;6.559;3.386;2026-02-19T13:10:00.562600+00:00;humidity;56.90
4854;DHT22;3628;6.559;3.386;2026-02-19T13:10:00.562600+00:00;temperature;40.10
4853;pms5003;3628;6.559;3.386;2026-02-19T13:15:20.746073+00:00;P2;44.25
4853;pms5003;3628;6.559;3.386;2026-02-19T13:15:20.746073+00:00;P1;62.00
4853;pms5003;3628;6.559;3.386;2026-02-19T13:15:20.746073+00:00;P0;29.75
4854;DHT22;3628;6.559;3.386;2026-02-19T13:21:02.105539+00:00;humidity;60.20
4854;DHT22;3628;6.559;3.386;2026-02-19T13:21:02.105539+00:00;temperature;38.30
4853;pms5003;3628;6.559;3.386;2026-02-19T13:26:19.182172+00:00;P2;41.00
4853;pms5003;3628;6.559;3.386;2026-02-19T13:26:19.182172+00:00;P1;57.75
4853;pms5003;3628;6.559;3.386;2026-02-19T13:26:19.182172+00:00;P0;29.00
4854;DHT22;3628;6.559;3.386;2026-02-19T13:26:36.519693+00:00;humidity;57.80
4854;DHT22;3628;6.559;3.386;2026-02-19T13:26:36.519693+00:00;temperature;39.70
4854;DHT22;3628;6.559;3.386;2026-02-19T13:32:13.913181+00:00;humidity;59.00
4854;DHT22;3628;6.559;3.386;2026-02-19T13:32:13.913181+00:00;temperature;39.10
4854;DHT22;3628;6.559;3.386;2026-02-19T13:37:48.455822+00:00;humidity;60.50
4854;DHT22;3628;6.559;3.386;2026-02-19T13:37:48.455822+00:00;temperature;38.10
4854;DHT22;3628;6.559;3.386;2026-02-19T13:43:23.101755+00:00;humidity;59.50
4854;DHT22;3628;6.559;3.386;2026-02-19T13:43:23.101755+00:00;temperature;38.70
4853;pms5003;3628;6.559;3.386;2026-02-19T13:48:40.404654+00:00;P2;42.75
4853;pms5003;3628;6.559;3.386;2026-02-19T13:48:40.404654+00:00;P1;56.75
4853;pms5003;3628;6.559;3.386;2026-02-19T13:48:40.404654+00:00;P0;28.00
4853;pms5003;3628;6.559;3.386;2026-02-19T13:54:04.349588+00:00;P2;38.33
4853;pms5003;3628;6.559;3.386;2026-02-19T13:54:04.349588+00:00;P1;51.33
4853;pms5003;3628;6.559;3.386;2026-02-19T13:54:04.349588+00:00;P0;25.00
4854;DHT22;3628;6.559;3.386;2026-02-19T13:54:24.596181+00:00;humidity;60.50
4854;DHT22;3628;6.559;3.386;2026-02-19T13:54:24.596181+00:00;temperature;38.10
4854;DHT22;3628;6.559;3.386;2026-02-19T14:05:01.930146+00:00;humidity;60.00
4854;DHT22;3628;6.559;3.386;2026-02-19T14:05:01.930146+00:00;temperature;38.50
4854;DHT22;3628;6.559;3.386;2026-02-19T14:10:25.664312+00:00;humidity;60.40
4854;DHT22;3628;6.559;3.386;2026-02-19T14:10:25.664312+00:00;temperature;38.20
4853;pms5003;3628;6.559;3.386;2026-02-19T14:21:06.838645+00:00;P2;39.75
4853;pms5003;3628;6.559;3.386;2026-02-19T14:21:06.838645+00:00;P1;56.75
4853;pms5003;3628;6.559;3.386;2026-02-19T14:21:06.838645+00:00;P0;27.50
4854;DHT22;3628;6.559;3.386;2026-02-19T14:21:24.193180+00:00;humidity;58.30
4854;DHT22;3628;6.559;3.386;2026-02-19T14:21:24.193180+00:00;temperature;39.20
4853;pms5003;3628;6.559;3.386;2026-02-19T14:26:41.398407+00:00;P2;38.75
4853;pms5003;3628;6.559;3.386;2026-02-19T14:26:41.398407+00:00;P1;52.75
4853;pms5003;3628;6.559;3.386;2026-02-19T14:26:41.398407+00:00;P0;26.00
4854;DHT22;3628;6.559;3.386;2026-02-19T14:26:58.751211+00:00;humidity;58.10
4854;DHT22;3628;6.559;3.386;2026-02-19T14:26:58.751211+00:00;temperature;39.30
4853;pms5003;3628;6.559;3.386;2026-02-19T14:32:15.919779+00:00;P2;41.25
4853;pms5003;3628;6.559;3.386;2026-02-19T14:32:15.919779+00:00;P1;53.50
4853;pms5003;3628;6.559;3.386;2026-02-19T14:32:15.919779+00:00;P0;27.50
4854;DHT22;3628;6.559;3.386;2026-02-19T14:32:33.287438+00:00;humidity;58.00
4854;DHT22;3628;6.559;3.386;2026-02-19T14:32:33.287438+00:00;temperature;39.30
4853;pms5003;3628;6.559;3.386;2026-02-19T14:37:50.454799+00:00;P2;39.50
4853;pms5003;3628;6.559;3.386;2026-02-19T14:37:50.454799+00:00;P1;54.25
4853;pms5003;3628;6.559;3.386;2026-02-19T14:37:50.454799+00:00;P0;26.00
4854;DHT22;3628;6.559;3.386;2026-02-19T14:38:07.808063+00:00;humidity;57.60
4854;DHT22;3628;6.559;3.386;2026-02-19T14:38:07.808063+00:00;temperature;39.30
4853;pms5003;3628;6.559;3.386;2026-02-19T14:43:24.971651+00:00;P2;38.00
4853;pms5003;3628;6.559;3.386;2026-02-19T14:43:24.971651+00:00;P1;49.00
4853;pms5003;3628;6.559;3.386;2026-02-19T14:43:24.971651+00:00;P0;26.25
4854;DHT22;3628;6.559;3.386;2026-02-19T14:49:16.971946+00:00;humidity;57.30
4854;DHT22;3628;6.559;3.386;2026-02-19T14:49:16.971946+00:00;temperature;39.20
4854;DHT22;3628;6.559;3.386;2026-02-19T14:54:43.959508+00:00;humidity;57.70
4854;DHT22;3628;6.559;3.386;2026-02-19T14:54:43.959508+00:00;temperature;39.10
4854;DHT22;3628;6.559;3.386;2026-02-19T15:00:18.441481+00:00;humidity;58.30
4854;DHT22;3628;6.559;3.386;2026-02-19T15:00:18.441481+00:00;temperature;38.80
4853;pms5003;3628;6.559;3.386;2026-02-19T15:05:35.634497+00:00;P2;36.75
4853;pms5003;3628;6.559;3.386;2026-02-19T15:05:35.634497+00:00;P1;49.75
4853;pms5003;3628;6.559;3.386;2026-02-19T15:05:35.634497+00:00;P0;24.00
4854;DHT22;3628;6.559;3.386;2026-02-19T15:05:52.986025+00:00;humidity;58.50
4854;DHT22;3628;6.559;3.386;2026-02-19T15:05:52.986025+00:00;temperature;38.80
4853;pms5003;3628;6.559;3.386;2026-02-19T15:16:23.906994+00:00;P2;37.50
4853;pms5003;3628;6.559;3.386;2026-02-19T15:16:23.906994+00:00;P1;47.75
4853;pms5003;3628;6.559;3.386;2026-02-19T15:16:23.906994+00:00;P0;24.50
4854;DHT22;3628;6.559;3.386;2026-02-19T15:21:54.330400+00:00;humidity;58.50
4854;DHT22;3628;6.559;3.386;2026-02-19T15:21:54.330400+00:00;temperature;38.60
4854;DHT22;3628;6.559;3.386;2026-02-19T15:27:18.353640+00:00;humidity;60.50
4854;DHT22;3628;6.559;3.386;2026-02-19T15:27:18.353640+00:00;temperature;38.20
4854;DHT22;3628;6.559;3.386;2026-02-19T15:32:45.385439+00:00;humidity;61.40
4854;DHT22;3628;6.559;3.386;2026-02-19T15:32:45.385439+00:00;temperature;37.90
4853;pms5003;3628;6.559;3.386;2026-02-19T15:43:17.237199+00:00;P2;36.00
4853;pms5003;3628;6.559;3.386;2026-02-19T15:43:17.237199+00:00;P1;53.40
4853;pms5003;3628;6.559;3.386;2026-02-19T15:43:17.237199+00:00;P0;24.00
4854;DHT22;3628;6.559;3.386;2026-02-19T15:43:34.582823+00:00;humidity;62.00
4854;DHT22;3628;6.559;3.386;2026-02-19T15:43:34.582823+00:00;temperature;37.70
4853;pms5003;3628;6.559;3.386;2026-02-19T15:48:51.738795+00:00;P2;35.75
4853;pms5003;3628;6.559;3.386;2026-02-19T15:48:51.738795+00:00;P1;53.50
4853;pms5003;3628;6.559;3.386;2026-02-19T15:48:51.738795+00:00;P0;24.00
4854;DHT22;3628;6.559;3.386;2026-02-19T15:49:09.151640+00:00;humidity;62.20
4854;DHT22;3628;6.559;3.386;2026-02-19T15:49:09.151640+00:00;temperature;37.50
4853;pms5003;3628;6.559;3.386;2026-02-19T15:54:26.281424+00:00;P2;34.40
4853;pms5003;3628;6.559;3.386;2026-02-19T15:54:26.281424+00:00;P1;44.40
4853;pms5003;3628;6.559;3.386;2026-02-19T15:54:26.281424+00:00;P0;22.40
4854;DHT22;3628;6.559;3.386;2026-02-19T15:54:43.727686+00:00;humidity;62.50
4854;DHT22;3628;6.559;3.386;2026-02-19T15:54:43.727686+00:00;temperature;37.30
4854;DHT22;3628;6.559;3.386;2026-02-19T16:00:07.868905+00:00;humidity;63.30
4854;DHT22;3628;6.559;3.386;2026-02-19T16:00:07.868905+00:00;temperature;37.00
4853;pms5003;3628;6.559;3.386;2026-02-19T16:05:25.267152+00:00;P2;35.00
4853;pms5003;3628;6.559;3.386;2026-02-19T16:05:25.267152+00:00;P1;45.00
4853;pms5003;3628;6.559;3.386;2026-02-19T16:05:25.267152+00:00;P0;23.00
4854;DHT22;3628;6.559;3.386;2026-02-19T16:10:56.127820+00:00;humidity;63.70
4854;DHT22;3628;6.559;3.386;2026-02-19T16:10:56.127820+00:00;temperature;37.00
4854;DHT22;3628;6.559;3.386;2026-02-19T16:16:22.922906+00:00;humidity;63.90
4854;DHT22;3628;6.559;3.386;2026-02-19T16:16:22.922906+00:00;temperature;37.00
4854;DHT22;3628;6.559;3.386;2026-02-19T16:21:50.041116+00:00;humidity;64.40
4854;DHT22;3628;6.559;3.386;2026-02-19T16:21:50.041116+00:00;temperature;37.00
4853;pms5003;3628;6.559;3.386;2026-02-19T16:32:20.434093+00:00;P2;32.75
4853;pms5003;3628;6.559;3.386;2026-02-19T16:32:20.434093+00:00;P1;47.00
4853;pms5003;3628;6.559;3.386;2026-02-19T16:32:20.434093+00:00;P0;22n00
4853;pms5003;3628;6.559;3.386;2026-02-19T16:37:44.845502+00:00;P2;33.50
4853;pms5003;3628;6.559;3.386;2026-02-19T16:37:44.845502+00:00;P1;44.50
4853;pms5003;3628;6.559;3.386;2026-02-19T16:37:44.845502+00:00;P0;22.00
4854;DHT22;3628;6.559;3.386;2026-02-19T16:38:02.241460+00:00;humidity;66.80
4854;DHT22;3628;6.559;3.386;2026-02-19T16:38:02.241460+00:00;temperature;35.70
4854;DHT22;3628;6.559;3.386;2026-02-19T16:54:06.697158+00:00;humidity;69.70
4854;DHT22;3628;6.559;3.386;2026-02-19T16:54:06.697158+00:00;temperature;35.00
4854;DHT22;3628;6.559;3.386;2026-02-19T16:59:41.313710+00:00;humidity;70.00
4854;DHT22;3628;6.559;3.386;2026-02-19T16:59:41.313710+00:00;temperature;34.90
4854;DHT22;3628;6.559;3.386;2026-02-19T17:05:05.230884+00:00;humidity;70.80
4854;DHT22;3628;6.559;3.386;2026-02-19T17:05:05.230884+00:00;temperature;34.60
4853;pms5003;3628;6.559;3.386;2026-02-19T17:10:22.553815+00:00;P2;36.75
4853;pms5003;3628;6.559;3.386;2026-02-19T17:10:22.553815+00:00;P1;53.75
4853;pms5003;3628;6.559;3.386;2026-02-19T17:10:22.553815+00:00;P0;24.25
4853;pms5003;3628;6.559;3.386;2026-02-19T17:15:46.408811+00:00;P2;40.00
4853;pms5003;3628;6.559;3.386;2026-02-19T17:15:46.408811+00:00;P1;58.00
4853;pms5003;3628;6.559;3.386;2026-02-19T17:15:46.408811+00:00;P0;25.00
4854;DHT22;3628;6.559;3.386;2026-02-19T17:16:03.782594+00:00;humidity;71.40
4854;DHT22;3628;6.559;3.386;2026-02-19T17:16:03.782594+00:00;temperature;34.20
4853;pms5003;3628;6.559;3.386;2026-02-19T17:21:20.980150+00:00;P2;38.75
4853;pms5003;3628;6.559;3.386;2026-02-19T17:21:20.980150+00:00;P1;55.25
4853;pms5003;3628;6.559;3.386;2026-02-19T17:21:20.980150+00:00;P0;23.25
4854;DHT22;3628;6.559;3.386;2026-02-19T17:21:38.357996+00:00;humidity;72.00
4854;DHT22;3628;6.559;3.386;2026-02-19T17:21:38.357996+00:00;temperature;34.10
4853;pms5003;3628;6.559;3.386;2026-02-19T17:26:58.669671+00:00;P2;36.00
4853;pms5003;3628;6.559;3.386;2026-02-19T17:26:58.669671+00:00;P1;53.00
4853;pms5003;3628;6.559;3.386;2026-02-19T17:26:58.669671+00:00;P0;24.00
4853;pms5003;3628;6.559;3.386;2026-02-19T17:32:22.917210+00:00;P2;35.50
4853;pms5003;3628;6.559;3.386;2026-02-19T17:32:22.917210+00:00;P1;46.00
4853;pms5003;3628;6.559;3.386;2026-02-19T17:32:22.917210+00:00;P0;21.50
4854;DHT22;3628;6.559;3.386;2026-02-19T17:32:40.246873+00:00;humidity;74.30
4854;DHT22;3628;6.559;3.386;2026-02-19T17:32:40.246873+00:00;temperature;33.60
4853;pms5003;3628;6.559;3.386;2026-02-19T17:37:57.477872+00:00;P2;36.67
4853;pms5003;3628;6.559;3.386;2026-02-19T17:37:57.477872+00:00;P1;49.33
4853;pms5003;3628;6.559;3.386;2026-02-19T17:37:57.477872+00:00;P0;23.33
4853;pms5003;3628;6.559;3.386;2026-02-19T17:43:21.689606+00:00;P2;31.00
4853;pms5003;3628;6.559;3.386;2026-02-19T17:43:21.689606+00:00;P1;37.60
4853;pms5003;3628;6.559;3.386;2026-02-19T17:43:21.689606+00:00;P0;19.00
4854;DHT22;3628;6.559;3.386;2026-02-19T17:43:39.178902+00:00;humidity;76.20
4854;DHT22;3628;6.559;3.386;2026-02-19T17:43:39.178902+00:00;temperature;33.20
4853;pms5003;3628;6.559;3.386;2026-02-19T17:48:56.373288+00:00;P2;32.00
4853;pms5003;3628;6.559;3.386;2026-02-19T17:48:56.373288+00:00;P1;46.50
4853;pms5003;3628;6.559;3.386;2026-02-19T17:48:56.373288+00:00;P0;22.25
4854;DHT22;3628;6.559;3.386;2026-02-19T17:49:13.744609+00:00;humidity;76.70
4854;DHT22;3628;6.559;3.386;2026-02-19T17:49:13.744609+00:00;temperature;33.20
4854;DHT22;3628;6.559;3.386;2026-02-19T17:54:37.442530+00:00;humidity;77.80
4854;DHT22;3628;6.559;3.386;2026-02-19T17:54:37.442530+00:00;temperature;32.80
4853;pms5003;3628;6.559;3.386;2026-02-19T17:59:54.636526+00:00;P2;34.80
4853;pms5003;3628;6.559;3.386;2026-02-19T17:59:54.636526+00:00;P1;52.20
4853;pms5003;3628;6.559;3.386;2026-02-19T17:59:54.636526+00:00;P0;22.20
4853;pms5003;3628;6.559;3.386;2026-02-19T18:05:18.422232+00:00;P2;31.50
4853;pms5003;3628;6.559;3.386;2026-02-19T18:05:18.422232+00:00;P1;42.50
4853;pms5003;3628;6.559;3.386;2026-02-19T18:05:18.422232+00:00;P0;20.00
4854;DHT22;3628;6.559;3.386;2026-02-19T18:05:35.764998+00:00;humidity;79.20
4854;DHT22;3628;6.559;3.386;2026-02-19T18:05:35.764998+00:00;temperature;32.60
4853;pms5003;3628;6.559;3.386;2026-02-19T18:16:06.607479+00:00;P2;33.00
4853;pms5003;3628;6.559;3.386;2026-02-19T18:16:06.607479+00:00;P1;48.60
4853;pms5003;3628;6.559;3.386;2026-02-19T18:16:06.607479+00:00;P0;21.80
4854;DHT22;3628;6.559;3.386;2026-02-19T18:16:24.127331+00:00;humidity;79.60
4854;DHT22;3628;6.559;3.386;2026-02-19T18:16:24.127331+00:00;temperature;32.50
4853;pms5003;3628;6.559;3.386;2026-02-19T18:21:41.334700+00:00;P2;25.00
4853;pms5003;3628;6.559;3.386;2026-02-19T18:21:41.334700+00:00;P1;43.00
4853;pms5003;3628;6.559;3.386;2026-02-19T18:21:41.334700+00:00;P0;16.75
4854;DHT22;3628;6.559;3.386;2026-02-19T18:21:58.818257+00:00;humidity;80.70
4854;DHT22;3628;6.559;3.386;2026-02-19T18:21:58.818257+00:00;temperature;32.40
4854;DHT22;3628;6.559;3.386;2026-02-19T18:27:23.034051+00:00;humidity;80.90
4854;DHT22;3628;6.559;3.386;2026-02-19T18:27:23.034051+00:00;temperature;32.30
4853;pms5003;3628;6.559;3.386;2026-02-19T18:32:40.225626+00:00;P2;31.75
4853;pms5003;3628;6.559;3.386;2026-02-19T18:32:40.225626+00:00;P1;42.00
4853;pms5003;3628;6.559;3.386;2026-02-19T18:32:40.225626+00:00;P0;21.00
4854;DHT22;3628;6.559;3.386;2026-02-19T18:38:10.647526+00:00;humidity;81.80
4854;DHT22;3628;6.559;3.386;2026-02-19T18:38:10.647526+00:00;temperature;32.20
4854;DHT22;3628;6.559;3.386;2026-02-19T18:43:37.816832+00:00;humidity;81.40
4854;DHT22;3628;6.559;3.386;2026-02-19T18:43:37.816832+00:00;temperature;32.10
4853;pms5003;3628;6.559;3.386;2026-02-19T18:48:55.040244+00:00;P2;26.75
4853;pms5003;3628;6.559;3.386;2026-02-19T18:48:55.040244+00:00;P1;26.75
4853;pms5003;3628;6.559;3.386;2026-02-19T18:48:55.040244+00:00;P0;17.00
4854;DHT22;3628;6.559;3.386;2026-02-19T18:49:12.420021+00:00;humidity;81.20
4854;DHT22;3628;6.559;3.386;2026-02-19T18:49:12.420021+00:00;temperature;32.20
4853;pms5003;3628;6.559;3.386;2026-02-19T18:54:29.673783+00:00;P2;27.00
4853;pms5003;3628;6.559;3.386;2026-02-19T18:54:29.673783+00:00;P1;39.00
4853;pms5003;3628;6.559;3.386;2026-02-19T18:54:29.673783+00:00;P0;20.00
4854;DHT22;3628;6.559;3.386;2026-02-19T18:54:47.089870+00:00;humidity;81.40
4854;DHT22;3628;6.559;3.386;2026-02-19T18:54:47.089870+00:00;temperature;32.20
4854;DHT22;3628;6.559;3.386;2026-02-19T19:00:11.049067+00:00;humidity;81.90
4854;DHT22;3628;6.559;3.386;2026-02-19T19:00:11.049067+00:00;temperature;32.10
4854;DHT22;3628;6.559;3.386;2026-02-19T19:16:26.099459+00:00;humidity;81.70
4854;DHT22;3628;6.559;3.386;2026-02-19T19:16:26.099459+00:00;temperature;32.10
4853;pms5003;3628;6.559;3.386;2026-02-19T19:21:56.582192+00:00;P2;32.33
4853;pms5003;3628;6.559;3.386;2026-02-19T19:21:56.582192+00:00;P1;40.00
4853;pms5003;3628;6.559;3.386;2026-02-19T19:21:56.582192+00:00;P0;21.00
4853;pms5003;3628;6.559;3.386;2026-02-19T19:27:13.086552+00:00;P2;30.00
4853;pms5003;3628;6.559;3.386;2026-02-19T19:27:13.086552+00:00;P1;32.40
4853;pms5003;3628;6.559;3.386;2026-02-19T19:27:13.086552+00:00;P0;20.00
4854;DHT22;3628;6.559;3.386;2026-02-19T19:27:33.039955+00:00;humidity;82.80
4854;DHT22;3628;6.559;3.386;2026-02-19T19:27:33.039955+00:00;temperature;31.90
4854;DHT22;3628;6.559;3.386;2026-02-19T19:38:11.403145+00:00;humidity;83.00
4854;DHT22;3628;6.559;3.386;2026-02-19T19:38:11.403145+00:00;temperature;31.90
4853;pms5003;3628;6.559;3.386;2026-02-19T19:43:34.573153+00:00;P2;31.50
4853;pms5003;3628;6.559;3.386;2026-02-19T19:43:34.573153+00:00;P1;41.75
4853;pms5003;3628;6.559;3.386;2026-02-19T19:43:34.573153+00:00;P0;21.25
4854;DHT22;3628;6.559;3.386;2026-02-19T19:43:54.736843+00:00;humidity;83.20
4854;DHT22;3628;6.559;3.386;2026-02-19T19:43:54.736843+00:00;temperature;31.90
4854;DHT22;3628;6.559;3.386;2026-02-19T19:49:20.734916+00:00;humidity;83.90
4854;DHT22;3628;6.559;3.386;2026-02-19T19:49:20.734916+00:00;temperature;31.80
4853;pms5003;3628;6.559;3.386;2026-02-19T19:54:35.670188+00:00;P2;31.75
4853;pms5003;3628;6.559;3.386;2026-02-19T19:54:35.670188+00:00;P1;48.75
4853;pms5003;3628;6.559;3.386;2026-02-19T19:54:35.670188+00:00;P0;20.00
4854;DHT22;3628;6.559;3.386;2026-02-19T19:55:01.583692+00:00;humidity;83.60
4854;DHT22;3628;6.559;3.386;2026-02-19T19:55:01.583692+00:00;temperature;31.90
4853;pms5003;3628;6.559;3.386;2026-02-19T20:00:12.734711+00:00;P2;30.00
4853;pms5003;3628;6.559;3.386;2026-02-19T20:00:12.734711+00:00;P1;35.20
4853;pms5003;3628;6.559;3.386;2026-02-19T20:00:12.734711+00:00;P0;21.80
4854;DHT22;3628;6.559;3.386;2026-02-19T20:00:32.968675+00:00;humidity;83.30
4854;DHT22;3628;6.559;3.386;2026-02-19T20:00:32.968675+00:00;temperature;31.80
4853;pms5003;3628;6.559;3.386;2026-02-19T20:05:56.063538+00:00;P2;33.00
4853;pms5003;3628;6.559;3.386;2026-02-19T20:05:56.063538+00:00;P1;49.00
4853;pms5003;3628;6.559;3.386;2026-02-19T20:05:56.063538+00:00;P0;23.00
4854;DHT22;3628;6.559;3.386;2026-02-19T20:06:23.750680+00:00;humidity;83.20
4854;DHT22;3628;6.559;3.386;2026-02-19T20:06:23.750680+00:00;temperature;31.80
4853;pms5003;3628;6.559;3.386;2026-02-19T20:11:32.780656+00:00;P2;35.00
4853;pms5003;3628;6.559;3.386;2026-02-19T20:11:32.780656+00:00;P1;55.25
4853;pms5003;3628;6.559;3.386;2026-02-19T20:11:32.780656+00:00;P0;22.75
4854;DHT22;3628;6.559;3.386;2026-02-19T20:11:50.620898+00:00;humidity;83.50
4854;DHT22;3628;6.559;3.386;2026-02-19T20:11:50.620898+00:00;temperature;31.90
4853;pms5003;3628;6.559;3.386;2026-02-19T20:17:16.830639+00:00;P2;30.40
4853;pms5003;3628;6.559;3.386;2026-02-19T20:17:16.830639+00:00;P1;44.60
4853;pms5003;3628;6.559;3.386;2026-02-19T20:17:16.830639+00:00;P0;20.00
4854;DHT22;3628;6.559;3.386;2026-02-19T20:17:34.241116+00:00;humidity;83.90
4854;DHT22;3628;6.559;3.386;2026-02-19T20:17:34.241116+00:00;temperature;31.70
4853;pms5003;3628;6.559;3.386;2026-02-19T20:22:51.337785+00:00;P2;36.50
4853;pms5003;3628;6.559;3.386;2026-02-19T20:22:51.337785+00:00;P1;48.00
4853;pms5003;3628;6.559;3.386;2026-02-19T20:22:51.337785+00:00;P0;23.50
4853;pms5003;3628;6.559;3.386;2026-02-19T20:28:21.030722+00:00;P2;38.00
4853;pms5003;3628;6.559;3.386;2026-02-19T20:28:21.030722+00:00;P1;57.00
4853;pms5003;3628;6.559;3.386;2026-02-19T20:28:21.030722+00:00;P0;23.33
4853;pms5003;3628;6.559;3.386;2026-02-19T20:33:58.352008+00:00;P2;39.00
4853;pms5003;3628;6.559;3.386;2026-02-19T20:33:58.352008+00:00;P1;48.33
4853;pms5003;3628;6.559;3.386;2026-02-19T20:33:58.352008+00:00;P0;24.00
4854;DHT22;3628;6.559;3.386;2026-02-19T20:34:21.167806+00:00;humidity;84.60
4854;DHT22;3628;6.559;3.386;2026-02-19T20:34:21.167806+00:00;temperature;31.70
4854;DHT22;3628;6.559;3.386;2026-02-19T20:40:10.129524+00:00;humidity;84.50
4854;DHT22;3628;6.559;3.386;2026-02-19T20:40:10.129524+00:00;temperature;31.80
4854;DHT22;3628;6.559;3.386;2026-02-19T20:50:36.761694+00:00;humidity;84.40
4854;DHT22;3628;6.559;3.386;2026-02-19T20:50:36.761694+00:00;temperature;31.80
4853;pms5003;3628;6.559;3.386;2026-02-19T21:01:06.855183+00:00;P2;34.00
4853;pms5003;3628;6.559;3.386;2026-02-19T21:01:06.855183+00:00;P1;49.50
4853;pms5003;3628;6.559;3.386;2026-02-19T21:01:06.855183+00:00;P0;22.50
4854;DHT22;3628;6.559;3.386;2026-02-19T21:01:24.260013+00:00;humidity;84.30
4854;DHT22;3628;6.559;3.386;2026-02-19T21:01:24.260013+00:00;temperature;31.70
4853;pms5003;3628;6.559;3.386;2026-02-19T21:06:41.453107+00:00;P2;37.00
4853;pms5003;3628;6.559;3.386;2026-02-19T21:06:41.453107+00:00;P1;53.60
4853;pms5003;3628;6.559;3.386;2026-02-19T21:06:41.453107+00:00;P0;21.80
4854;DHT22;3628;6.559;3.386;2026-02-19T21:07:07.404336+00:00;humidity;84.60
4854;DHT22;3628;6.559;3.386;2026-02-19T21:07:07.404336+00:00;temperature;31.70
4854;DHT22;3628;6.559;3.386;2026-02-19T21:12:37.576888+00:00;humidity;84.90
4854;DHT22;3628;6.559;3.386;2026-02-19T21:12:37.576888+00:00;temperature;31.60
4853;pms5003;3628;6.559;3.386;2026-02-19T21:18:04.864474+00:00;P2;42.50
4853;pms5003;3628;6.559;3.386;2026-02-19T21:18:04.864474+00:00;P1;62.75
4853;pms5003;3628;6.559;3.386;2026-02-19T21:18:04.864474+00:00;P0;26.00
4854;DHT22;3628;6.559;3.386;2026-02-19T21:18:17.692440+00:00;humidity;84.20
4854;DHT22;3628;6.559;3.386;2026-02-19T21:18:17.692440+00:00;temperature;31.70
4853;pms5003;3628;6.559;3.386;2026-02-19T21:23:37.007627+00:00;P2;41.50
4853;pms5003;3628;6.559;3.386;2026-02-19T21:23:37.007627+00:00;P1;56.25
4853;pms5003;3628;6.559;3.386;2026-02-19T21:23:37.007627+00:00;P0;27.00
4853;pms5003;3628;6.559;3.386;2026-02-19T21:29:01.043099+00:00;P2;43.40
4853;pms5003;3628;6.559;3.386;2026-02-19T21:29:01.043099+00:00;P1;63.00
4853;pms5003;3628;6.559;3.386;2026-02-19T21:29:01.043099+00:00;P0;27.00
4854;DHT22;3628;6.559;3.386;2026-02-19T21:29:16.284832+00:00;humidity;84.30
4854;DHT22;3628;6.559;3.386;2026-02-19T21:29:16.284832+00:00;temperature;31.70
4854;DHT22;3628;6.559;3.386;2026-02-19T21:58:50.788738+00:00;humidity;84.70
4854;DHT22;3628;6.559;3.386;2026-02-19T21:58:50.788738+00:00;temperature;31.50
4853;pms5003;3628;6.559;3.386;2026-02-19T22:04:08.162282+00:00;P2;35.00
4853;pms5003;3628;6.559;3.386;2026-02-19T22:04:08.162282+00:00;P1;45.50
4853;pms5003;3628;6.559;3.386;2026-02-19T22:04:08.162282+00:00;P0;23.00
4854;DHT22;3628;6.559;3.386;2026-02-19T22:04:25.695924+00:00;humidity;84.50
4854;DHT22;3628;6.559;3.386;2026-02-19T22:04:25.695924+00:00;temperature;31.60
4853;pms5003;3628;6.559;3.386;2026-02-19T22:09:43.009602+00:00;P2;35.60
4853;pms5003;3628;6.559;3.386;2026-02-19T22:09:43.009602+00:00;P1;52.20
4853;pms5003;3628;6.559;3.386;2026-02-19T22:09:43.009602+00:00;P0;23.40
4854;DHT22;3628;6.559;3.386;2026-02-19T22:10:00.373129+00:00;humidity;84.60
4854;DHT22;3628;6.559;3.386;2026-02-19T22:10:00.373129+00:00;temperature;31.60
4853;pms5003;3628;6.559;3.386;2026-02-19T22:15:17.546321+00:00;P2;27.00
4853;pms5003;3628;6.559;3.386;2026-02-19T22:15:17.546321+00:00;P1;41.00
4853;pms5003;3628;6.559;3.386;2026-02-19T22:15:17.546321+00:00;P0;20.00
4854;DHT22;3628;6.559;3.386;2026-02-19T22:15:34.931616+00:00;humidity;84.80
4854;DHT22;3628;6.559;3.386;2026-02-19T22:15:34.931616+00:00;temperature;31.60
4853;pms5003;3628;6.559;3.386;2026-02-19T22:20:52.196517+00:00;P2;31.00
4853;pms5003;3628;6.559;3.386;2026-02-19T22:20:52.196517+00:00;P1;45.00
4853;pms5003;3628;6.559;3.386;2026-02-19T22:20:52.196517+00:00;P0;19.50
4854;DHT22;3628;6.559;3.386;2026-02-19T22:21:09.663154+00:00;humidity;84.70
4854;DHT22;3628;6.559;3.386;2026-02-19T22:21:09.663154+00:00;temperature;31.70
4853;pms5003;3628;6.559;3.386;2026-02-19T22:26:27.455426+00:00;P2;32.00
4853;pms5003;3628;6.559;3.386;2026-02-19T22:26:27.455426+00:00;P1;41.40
4853;pms5003;3628;6.559;3.386;2026-02-19T22:26:27.455426+00:00;P0;22.00
4854;DHT22;3628;6.559;3.386;2026-02-19T22:26:44.798236+00:00;humidity;85.30
4854;DHT22;3628;6.559;3.386;2026-02-19T22:26:44.798236+00:00;temperature;31.50
4854;DHT22;3628;6.559;3.386;2026-02-19T22:32:02.324635+00:00;P2;34.25
4854;DHT22;3628;6.559;3.386;2026-02-19T22:32:02.324635+00:00;P1;50.75
4854;DHT22;3628;6.559;3.386;2026-02-19T22:32:02.324635+00:00;P0;23.75
4853;pms5003;3628;6.559;3.386;2026-02-19T22:37:26.148243+00:00;P2;39.80
4853;pms5003;3628;6.559;3.386;2026-02-19T22:37:26.148243+00:00;P1;50.40
4853;pms5003;3628;6.559;3.386;2026-02-19T22:37:26.148243+00:00;P0;27.40
4853;pms5003;3628;6.559;3.386;2026-02-19T22:48:03.781450+00:00;P2;33.75
4853;pms5003;3628;6.559;3.386;2026-02-19T22:48:03.781450+00:00;P1;38.50
4853;pms5003;3628;6.559;3.386;2026-02-19T22:48:03.781450+00:00;P0;23.00
4854;DHT22;3628;6.559;3.386;2026-02-19T22:48:21.334196+00:00;humidity;85.40
4854;DHT22;3628;6.559;3.386;2026-02-19T22:48:21.334196+00:00;temperature;31.40
4853;pms5003;3628;6.559;3.386;2026-02-19T22:53:38.514482+00:00;P2;35.75
4853;pms5003;3628;6.559;3.386;2026-02-19T22:53:38.514482+00:00;P1;46.50
4853;pms5003;3628;6.559;3.386;2026-02-19T22:53:38.514482+00:00;P0;23.00
4854;DHT22;3628;6.559;3.386;2026-02-19T22:53:55.893207+00:00;humidity;85.50
4854;DHT22;3628;6.559;3.386;2026-02-19T22:53:55.893207+00:00;temperature;31.30
4853;pms5003;3628;6.559;3.386;2026-02-19T22:59:13.154308+00:00;P2;34.67
4853;pms5003;3628;6.559;3.386;2026-02-19T22:59:13.154308+00:00;P1;45.33
4853;pms5003;3628;6.559;3.386;2026-02-19T22:59:13.154308+00:00;P0;22.33
4854;DHT22;3628;6.559;3.386;2026-02-19T22:59:30.490717+00:00;humidity;85.40
4854;DHT22;3628;6.559;3.386;2026-02-19T22:59:30.490717+00:00;temperature;31.50
4853;pms5003;3628;6.559;3.386;2026-02-19T23:04:47.780173+00:00;P2;32.00
4853;pms5003;3628;6.559;3.386;2026-02-19T23:04:47.780173+00:00;P1;37.25
4853;pms5003;3628;6.559;3.386;2026-02-19T23:04:47.780173+00:00;P0;21.00
4854;DHT22;3628;6.559;3.386;2026-02-19T23:05:05.180323+00:00;humidity;85.50
4854;DHT22;3628;6.559;3.386;2026-02-19T23:05:05.180323+00:00;temperature;31.40
4853;pms5003;3628;6.559;3.386;2026-02-19T23:10:22.711311+00:00;P2;31.75
4853;pms5003;3628;6.559;3.386;2026-02-19T23:10:22.711311+00:00;P1;46.50
4853;pms5003;3628;6.559;3.386;2026-02-19T23:10:22.711311+00:00;P0;20.00
4854;DHT22;3628;6.559;3.386;2026-02-19T23:16:04.102645+00:00;humidity;85.30
4854;DHT22;3628;6.559;3.386;2026-02-19T23:16:04.102645+00:00;temperature;31.30
4854;DHT22;3628;6.559;3.386;2026-02-19T23:21:27.941634+00:00;humidity;85.40
4854;DHT22;3628;6.559;3.386;2026-02-19T23:21:27.941634+00:00;temperature;31.30
4853;pms5003;3628;6.559;3.386;2026-02-19T23:26:45.167308+00:00;P2;32.00
4853;pms5003;3628;6.559;3.386;2026-02-19T23:26:45.167308+00:00;P1;40.25
4853;pms5003;3628;6.559;3.386;2026-02-19T23:26:45.167308+00:00;P0;22.00
4854;DHT22;3628;6.559;3.386;2026-02-19T23:27:02.506077+00:00;humidity;85.10
4854;DHT22;3628;6.559;3.386;2026-02-19T23:27:02.506077+00:00;temperature;31.40
4853;pms5003;3628;6.559;3.386;2026-02-19T23:32:19.709537+00:00;P2;36.00
4853;pms5003;3628;6.559;3.386;2026-02-19T23:32:19.709537+00:00;P1;52.75
4853;pms5003;3628;6.559;3.386;2026-02-19T23:32:19.709537+00:00;P0;22.25
4854;DHT22;3628;6.559;3.386;2026-02-19T23:32:37.026282+00:00;humidity;85.00
4854;DHT22;3628;6.559;3.386;2026-02-19T23:32:37.026282+00:00;temperature;31.40
4853;pms5003;3628;6.559;3.386;2026-02-19T23:37:54.549427+00:00;P2;39.00
4853;pms5003;3628;6.559;3.386;2026-02-19T23:37:54.549427+00:00;P1;52.00
4853;pms5003;3628;6.559;3.386;2026-02-19T23:37:54.549427+00:00;P0;24.00
4854;DHT22;3628;6.559;3.386;2026-02-19T23:38:11.923809+00:00;humidity;85.10
4854;DHT22;3628;6.559;3.386;2026-02-19T23:38:11.923809+00:00;temperature;31.40
4853;pms5003;3628;6.559;3.386;2026-02-19T23:43:29.343648+00:00;P2;39.00
4853;pms5003;3628;6.559;3.386;2026-02-19T23:43:29.343648+00:00;P1;51.67
4853;pms5003;3628;6.559;3.386;2026-02-19T23:43:29.343648+00:00;P0;26.00
4854;DHT22;3628;6.559;3.386;2026-02-19T23:43:46.737410+00:00;humidity;85.60
4854;DHT22;3628;6.559;3.386;2026-02-19T23:43:46.737410+00:00;temperature;31.20
4853;pms5003;3628;6.559;3.386;2026-02-19T23:49:03.909585+00:00;P2;45.50
4853;pms5003;3628;6.559;3.386;2026-02-19T23:49:03.909585+00:00;P1;62.50
4853;pms5003;3628;6.559;3.386;2026-02-19T23:49:03.909585+00:00;P0;29.00
4854;DHT22;3628;6.559;3.386;2026-02-19T23:49:21.374405+00:00;humidity;85.30
4854;DHT22;3628;6.559;3.386;2026-02-19T23:49:21.374405+00:00;temperature;31.40
4853;pms5003;3628;6.559;3.386;2026-02-19T23:54:38.451171+00:00;P2;46.25
4853;pms5003;3628;6.559;3.386;2026-02-19T23:54:38.451171+00:00;P1;67.00
4853;pms5003;3628;6.559;3.386;2026-02-19T23:54:38.451171+00:00;P0;30.00
4853;pms5003;3628;6.559;3.386;2026-02-20T00:00:13.083849+00:00;P2;48.33
4853;pms5003;3628;6.559;3.386;2026-02-20T00:00:13.083849+00:00;P1;70.00
4853;pms5003;3628;6.559;3.386;2026-02-20T00:00:13.083849+00:00;P0;31.00
4853;pms5003;3628;6.559;3.386;2026-02-20T00:05:36.849729+00:00;P2;51.50
4853;pms5003;3628;6.559;3.386;2026-02-20T00:05:36.849729+00:00;P1;72.50
4853;pms5003;3628;6.559;3.386;2026-02-20T00:05:36.849729+00:00;P0;32.00
4854;DHT22;3628;6.559;3.386;2026-02-20T00:05:54.330244+00:00;humidity;85.50
4854;DHT22;3628;6.559;3.386;2026-02-20T00:05:54.330244+00:00;temperature;31.30
4854;DHT22;3628;6.559;3.386;2026-02-20T00:11:29.023562+00:00;humidity;85.60
4854;DHT22;3628;6.559;3.386;2026-02-20T00:11:29.023562+00:00;temperature;31.20
4853;pms5003;3628;6.559;3.386;2026-02-20T00:16:46.267992+00:00;P2;51.50
4853;pms5003;3628;6.559;3.386;2026-02-20T00:16:46.267992+00:00;P1;75.75
4853;pms5003;3628;6.559;3.386;2026-02-20T00:16:46.267992+00:00;P0;31.50
4854;DHT22;3628;6.559;3.386;2026-02-20T00:17:03.648384+00:00;humidity;85.40
4854;DHT22;3628;6.559;3.386;2026-02-20T00:17:03.648384+00:00;temperature;31.30
4853;pms5003;3628;6.559;3.386;2026-02-20T00:22:20.822332+00:00;P2;53.75
4853;pms5003;3628;6.559;3.386;2026-02-20T00:22:20.822332+00:00;P1;73.50
4853;pms5003;3628;6.559;3.386;2026-02-20T00:22:20.822332+00:00;P0;32.50
4854;DHT22;3628;6.559;3.386;2026-02-20T00:22:38.178233+00:00;humidity;85.60
4854;DHT22;3628;6.559;3.386;2026-02-20T00:22:38.178233+00:00;temperature;31.30
4853;pms5003;3628;6.559;3.386;2026-02-20T00:33:08.708482+00:00;P2;51.00
4853;pms5003;3628;6.559;3.386;2026-02-20T00:33:08.708482+00:00;P1;75.25
4853;pms5003;3628;6.559;3.386;2026-02-20T00:33:08.708482+00:00;P0;32.00
4854;DHT22;3628;6.559;3.386;2026-02-20T00:33:26.126148+00:00;humidity;86.10
4854;DHT22;3628;6.559;3.386;2026-02-20T00:33:26.126148+00:00;temperature;31.10
4853;pms5003;3628;6.559;3.386;2026-02-20T00:38:43.337022+00:00;P2;49.50
4853;pms5003;3628;6.559;3.386;2026-02-20T00:38:43.337022+00:00;P1;70.25
4853;pms5003;3628;6.559;3.386;2026-02-20T00:38:43.337022+00:00;P0;30.25
4854;DHT22;3628;6.559;3.386;2026-02-20T00:39:00.676296+00:00;humidity;86.20
4854;DHT22;3628;6.559;3.386;2026-02-20T00:39:00.676296+00:00;temperature;31.10
4853;pms5003;3628;6.559;3.386;2026-02-20T00:44:18.032080+00:00;P2;48.00
4853;pms5003;3628;6.559;3.386;2026-02-20T00:44:18.032080+00:00;P1;67.00
4853;pms5003;3628;6.559;3.386;2026-02-20T00:44:18.032080+00:00;P0;30.00
4854;DHT22;3628;6.559;3.386;2026-02-20T00:44:35.447101+00:00;humidity;86.50
4854;DHT22;3628;6.559;3.386;2026-02-20T00:44:35.447101+00:00;temperature;31.10
4853;pms5003;3628;6.559;3.386;2026-02-20T00:49:52.690162+00:00;P2;44.00
4853;pms5003;3628;6.559;3.386;2026-02-20T00:49:52.690162+00:00;P1;60.20
4853;pms5003;3628;6.559;3.386;2026-02-20T00:49:52.690162+00:00;P0;27.40
4854;DHT22;3628;6.559;3.386;2026-02-20T00:50:10.168180+00:00;humidity;86.50
4854;DHT22;3628;6.559;3.386;2026-02-20T00:50:10.168180+00:00;temperature;31.00
4854;DHT22;3628;6.559;3.386;2026-02-20T00:55:36.861966+00:00;humidity;86.70
4854;DHT22;3628;6.559;3.386;2026-02-20T00:55:36.861966+00:00;temperature;31.00
4853;pms5003;3628;6.559;3.386;2026-02-20T01:00:54.172547+00:00;P2;43.25
4853;pms5003;3628;6.559;3.386;2026-02-20T01:00:54.172547+00:00;P1;58.75
4853;pms5003;3628;6.559;3.386;2026-02-20T01:00:54.172547+00:00;P0;26.00
4854;DHT22;3628;6.559;3.386;2026-02-20T01:01:11.648878+00:00;humidity;86.80
4854;DHT22;3628;6.559;3.386;2026-02-20T01:01:11.648878+00:00;temperature;31.00
4853;pms5003;3628;6.559;3.386;2026-02-20T01:06:28.863910+00:00;P2;36.00
4853;pms5003;3628;6.559;3.386;2026-02-20T01:06:28.863910+00:00;P1;51.33
4853;pms5003;3628;6.559;3.386;2026-02-20T01:06:28.863910+00:00;P0;23.00
4853;pms5003;3628;6.559;3.386;2026-02-20T01:12:03.653711+00:00;P2;35.00
4853;pms5003;3628;6.559;3.386;2026-02-20T01:12:03.653711+00:00;P1;43.75
4853;pms5003;3628;6.559;3.386;2026-02-20T01:12:03.653711+00:00;P0;22.00
4854;DHT22;3628;6.559;3.386;2026-02-20T01:12:21.138477+00:00;humidity;87.10
4854;DHT22;3628;6.559;3.386;2026-02-20T01:12:21.138477+00:00;temperature;31.00
4853;pms5003;3628;6.559;3.386;2026-02-20T01:17:38.309061+00:00;P2;32.50
4853;pms5003;3628;6.559;3.386;2026-02-20T01:17:38.309061+00:00;P1;46.50
4853;pms5003;3628;6.559;3.386;2026-02-20T01:17:38.309061+00:00;P0;21.50
4854;DHT22;3628;6.559;3.386;2026-02-20T01:17:55.724086+00:00;humidity;87.00
4854;DHT22;3628;6.559;3.386;2026-02-20T01:17:55.724086+00:00;temperature;30.90
4853;pms5003;3628;6.559;3.386;2026-02-20T01:23:13.041482+00:00;P2;38.25
4853;pms5003;3628;6.559;3.386;2026-02-20T01:23:13.041482+00:00;P1;53.25
4853;pms5003;3628;6.559;3.386;2026-02-20T01:23:13.041482+00:00;P0;27.00
4854;DHT22;3628;6.559;3.386;2026-02-20T01:23:30.472108+00:00;humidity;87.20
4854;DHT22;3628;6.559;3.386;2026-02-20T01:23:30.472108+00:00;temperature;30.80
4853;pms5003;3628;6.559;3.386;2026-02-20T01:34:22.493959+00:00;P2;41.00
4853;pms5003;3628;6.559;3.386;2026-02-20T01:34:22.493959+00:00;P1;56.75
4853;pms5003;3628;6.559;3.386;2026-02-20T01:34:22.493959+00:00;P0;26.75
4854;DHT22;3628;6.559;3.386;2026-02-20T01:34:39.925209+00:00;humidity;87.60
4854;DHT22;3628;6.559;3.386;2026-02-20T01:34:39.925209+00:00;temperature;30.80
4853;pms5003;3628;6.559;3.386;2026-02-20T01:39:57.204072+00:00;P2;37.80
4853;pms5003;3628;6.559;3.386;2026-02-20T01:39:57.204072+00:00;P1;44.80
4853;pms5003;3628;6.559;3.386;2026-02-20T01:39:57.204072+00:00;P0;25.40
4854;DHT22;3628;6.559;3.386;2026-02-20T01:40:14.948529+00:00;humidity;87.60
4854;DHT22;3628;6.559;3.386;2026-02-20T01:40:14.948529+00:00;temperature;30.80
4853;pms5003;3628;6.559;3.386;2026-02-20T06:00:37.932918+00:00;P2;79.75
4853;pms5003;3628;6.559;3.386;2026-02-20T06:00:37.932918+00:00;P1;90.50
4853;pms5003;3628;6.559;3.386;2026-02-20T06:00:37.932918+00:00;P0;53.25
4853;pms5003;3628;6.559;3.386;2026-02-20T06:06:12.507882+00:00;P2;78.00
4853;pms5003;3628;6.559;3.386;2026-02-20T06:06:12.507882+00:00;P1;81.75
4853;pms5003;3628;6.559;3.386;2026-02-20T06:06:12.507882+00:00;P0;52.00
4854;DHT22;3628;6.559;3.386;2026-02-20T06:06:29.853597+00:00;humidity;99.80
4854;DHT22;3628;6.559;3.386;2026-02-20T06:06:29.853597+00:00;temperature;29.80
4853;pms5003;3628;6.559;3.386;2026-02-20T06:11:47.067176+00:00;P2;81.00
4853;pms5003;3628;6.559;3.386;2026-02-20T06:11:47.067176+00:00;P1;91.00
4853;pms5003;3628;6.559;3.386;2026-02-20T06:11:47.067176+00:00;P0;55.40
4853;pms5003;3628;6.559;3.386;2026-02-20T09:46:49.472883+00:00;P2;38.20
4853;pms5003;3628;6.559;3.386;2026-02-20T09:46:49.472883+00:00;P1;57.20
4853;pms5003;3628;6.559;3.386;2026-02-20T09:46:49.472883+00:00;P0;25.80
4853;pms5003;3628;6.559;3.386;2026-02-20T09:57:40.707571+00:00;P2;38.00
4853;pms5003;3628;6.559;3.386;2026-02-20T09:57:40.707571+00:00;P1;55.00
4853;pms5003;3628;6.559;3.386;2026-02-20T09:57:40.707571+00:00;P0;24.00
4854;DHT22;3628;6.559;3.386;2026-02-20T09:57:58.164570+00:00;humidity;65.70
4854;DHT22;3628;6.559;3.386;2026-02-20T09:57:58.164570+00:00;temperature;37.60
4853;pms5003;3628;6.559;3.386;2026-02-20T10:08:39.592024+00:00;P2;37.25
4853;pms5003;3628;6.559;3.386;2026-02-20T10:08:39.592024+00:00;P1;55.50
4853;pms5003;3628;6.559;3.386;2026-02-20T10:08:39.592024+00:00;P0;24.00
4854;DHT22;3628;6.559;3.386;2026-02-20T10:14:20.806077+00:00;humidity;61.70
4854;DHT22;3628;6.559;3.386;2026-02-20T10:14:20.806077+00:00;temperature;39.20
4853;pms5003;3628;6.559;3.386;2026-02-20T10:19:38.109054+00:00;P2;39.75
4853;pms5003;3628;6.559;3.386;2026-02-20T10:19:38.109054+00:00;P1;53.25
4853;pms5003;3628;6.559;3.386;2026-02-20T10:19:38.109054+00:00;P0;26.00
4854;DHT22;3628;6.559;3.386;2026-02-20T10:51:56.420426+00:00;humidity;61.20
4854;DHT22;3628;6.559;3.386;2026-02-20T10:51:56.420426+00:00;temperature;38.90
4854;DHT22;3628;6.559;3.386;2026-02-20T11:02:54.816658+00:00;humidity;63.60
4854;DHT22;3628;6.559;3.386;2026-02-20T11:02:54.816658+00:00;temperature;38.20
4853;pms5003;3628;6.559;3.386;2026-02-20T11:08:12.100939+00:00;P2;45.00
4853;pms5003;3628;6.559;3.386;2026-02-20T11:08:12.100939+00:00;P1;67.00
4853;pms5003;3628;6.559;3.386;2026-02-20T11:08:12.100939+00:00;P0;30.00
4854;DHT22;3628;6.559;3.386;2026-02-20T11:08:29.438457+00:00;humidity;64.40
4854;DHT22;3628;6.559;3.386;2026-02-20T11:08:29.438457+00:00;temperature;37.90
4854;DHT22;3628;6.559;3.386;2026-02-20T11:13:56.064644+00:00;humidity;63.20
4854;DHT22;3628;6.559;3.386;2026-02-20T11:13:56.064644+00:00;temperature;38.70
4853;pms5003;3628;6.559;3.386;2026-02-20T11:19:13.284514+00:00;P2;46.50
4853;pms5003;3628;6.559;3.386;2026-02-20T11:19:13.284514+00:00;P1;63.75
4853;pms5003;3628;6.559;3.386;2026-02-20T11:19:13.284514+00:00;P0;30.00
4854;DHT22;3628;6.559;3.386;2026-02-20T11:19:30.624895+00:00;humidity;62.50
4854;DHT22;3628;6.559;3.386;2026-02-20T11:19:30.624895+00:00;temperature;38.80
4854;DHT22;3628;6.559;3.386;2026-02-20T11:24:54.840830+00:00;humidity;62.50
4854;DHT22;3628;6.559;3.386;2026-02-20T11:24:54.840830+00:00;temperature;38.70
4854;DHT22;3628;6.559;3.386;2026-02-20T11:30:21.724425+00:00;humidity;62.90
4854;DHT22;3628;6.559;3.386;2026-02-20T11:30:21.724425+00:00;temperature;38.50
4853;pms5003;3628;6.559;3.386;2026-02-20T11:35:41.855023+00:00;P2;48.00
4853;pms5003;3628;6.559;3.386;2026-02-20T11:35:41.855023+00:00;P1;66.75
4853;pms5003;3628;6.559;3.386;2026-02-20T11:35:41.855023+00:00;P0;31.00
4853;pms5003;3628;6.559;3.386;2026-02-20T11:41:05.752695+00:00;P2;46.00
4853;pms5003;3628;6.559;3.386;2026-02-20T11:41:05.752695+00:00;P1;64.60
4853;pms5003;3628;6.559;3.386;2026-02-20T11:41:05.752695+00:00;P0;32.00
4854;DHT22;3628;6.559;3.386;2026-02-20T11:41:26.133767+00:00;humidity;62.60
4854;DHT22;3628;6.559;3.386;2026-02-20T11:41:26.133767+00:00;temperature;38.10
4853;pms5003;3628;6.559;3.386;2026-02-20T11:46:43.405671+00:00;P2;48.20
4853;pms5003;3628;6.559;3.386;2026-02-20T11:46:43.405671+00:00;P1;66.80
4853;pms5003;3628;6.559;3.386;2026-02-20T11:46:43.405671+00:00;P0;33.00
4853;pms5003;3628;6.559;3.386;2026-02-20T11:57:45.892896+00:00;P2;46.50
4853;pms5003;3628;6.559;3.386;2026-02-20T11:57:45.892896+00:00;P1;67.75
4853;pms5003;3628;6.559;3.386;2026-02-20T11:57:45.892896+00:00;P0;31.50
4854;DHT22;3628;6.559;3.386;2026-02-20T11:58:03.359734+00:00;humidity;61.50
4854;DHT22;3628;6.559;3.386;2026-02-20T11:58:03.359734+00:00;temperature;38.60
4854;DHT22;3628;6.559;3.386;2026-02-20T12:03:27.021274+00:00;humidity;60.40
4854;DHT22;3628;6.559;3.386;2026-02-20T12:03:27.021274+00:00;temperature;38.70
4854;DHT22;3628;6.559;3.386;2026-02-20T12:09:01.558834+00:00;humidity;58.30
4854;DHT22;3628;6.559;3.386;2026-02-20T12:09:01.558834+00:00;temperature;39.20
4853;pms5003;3628;6.559;3.386;2026-02-20T12:26:06.446547+00:00;P2;46.75
4853;pms5003;3628;6.559;3.386;2026-02-20T12:26:06.446547+00:00;P1;64.50
4853;pms5003;3628;6.559;3.386;2026-02-20T12:26:06.446547+00:00;P0;31.00
4853;pms5003;3628;6.559;3.386;2026-02-20T13:28:58.464658+00:00;P2;40.25
4853;pms5003;3628;6.559;3.386;2026-02-20T13:28:58.464658+00:00;P1;56.25
4853;pms5003;3628;6.559;3.386;2026-02-20T13:28:58.464658+00:00;P0;26.25
4854;DHT22;3628;6.559;3.386;2026-02-20T13:29:15.832364+00:00;humidity;60.50
4854;DHT22;3628;6.559;3.386;2026-02-20T13:29:15.832364+00:00;temperature;38.60
4853;pms5003;3628;6.559;3.386;2026-02-20T13:34:33.078405+00:00;P2;37.50
4853;pms5003;3628;6.559;3.386;2026-02-20T13:34:33.078405+00:00;P1;48.00
4853;pms5003;3628;6.559;3.386;2026-02-20T13:34:33.078405+00:00;P0;26.00
4854;DHT22;3628;6.559;3.386;2026-02-20T13:34:50.631953+00:00;humidity;59.60
4854;DHT22;3628;6.559;3.386;2026-02-20T13:34:50.631953+00:00;temperature;38.60
4853;pms5003;3628;6.559;3.386;2026-02-20T13:40:07.770747+00:00;P2;38.00
4853;pms5003;3628;6.559;3.386;2026-02-20T13:40:07.770747+00:00;P1;53.00
4853;pms5003;3628;6.559;3.386;2026-02-20T13:40:07.770747+00:00;P0;23.67
4853;pms5003;3628;6.559;3.386;2026-02-20T13:45:31.696753+00:00;P2;39.00
4853;pms5003;3628;6.559;3.386;2026-02-20T13:45:31.696753+00:00;P1;50.00
4853;pms5003;3628;6.559;3.386;2026-02-20T13:45:31.696753+00:00;P0;27.00
4853;pms5003;3628;6.559;3.386;2026-02-20T13:51:06.235917+00:00;P2;37.00
4853;pms5003;3628;6.559;3.386;2026-02-20T13:51:06.235917+00:00;P1;56.00
4853;pms5003;3628;6.559;3.386;2026-02-20T13:51:06.235917+00:00;P0;25.50
4853;pms5003;3628;6.559;3.386;2026-02-20T13:56:40.766259+00:00;P2;45.25
4853;pms5003;3628;6.559;3.386;2026-02-20T13:56:40.766259+00:00;P1;61.50
4853;pms5003;3628;6.559;3.386;2026-02-20T13:56:40.766259+00:00;P0;29.75
4854;DHT22;3628;6.559;3.386;2026-02-20T13:56:58.137560+00:00;humidity;60.70
4854;DHT22;3628;6.559;3.386;2026-02-20T13:56:58.137560+00:00;temperature;37.70
4853;pms5003;3628;6.559;3.386;2026-02-20T14:02:15.325936+00:00;P2;42.50
4853;pms5003;3628;6.559;3.386;2026-02-20T14:02:15.325936+00:00;P1;61.75
4853;pms5003;3628;6.559;3.386;2026-02-20T14:02:15.325936+00:00;P0;28.00
4854;DHT22;3628;6.559;3.386;2026-02-20T14:02:32.729603+00:00;humidity;63.00
4854;DHT22;3628;6.559;3.386;2026-02-20T14:02:32.729603+00:00;temperature;37.00
4854;DHT22;3628;6.559;3.386;2026-02-20T14:07:56.936496+00:00;humidity;64.50
4854;DHT22;3628;6.559;3.386;2026-02-20T14:07:56.936496+00:00;temperature;36.40
4853;pms5003;3628;6.559;3.386;2026-02-20T14:13:14.157855+00:00;P2;39.00
4853;pms5003;3628;6.559;3.386;2026-02-20T14:13:14.157855+00:00;P1;52.00
4853;pms5003;3628;6.559;3.386;2026-02-20T14:13:14.157855+00:00;P0;24.75
4854;DHT22;3628;6.559;3.386;2026-02-20T14:18:44.820779+00:00;humidity;66.10
4854;DHT22;3628;6.559;3.386;2026-02-20T14:18:44.820779+00:00;temperature;35.80
4854;DHT22;3628;6.559;3.386;2026-02-20T14:24:08.570194+00:00;humidity;67.00
4854;DHT22;3628;6.559;3.386;2026-02-20T14:24:08.570194+00:00;temperature;35.60
4853;pms5003;3628;6.559;3.386;2026-02-20T14:29:25.778285+00:00;P2;39.25
4853;pms5003;3628;6.559;3.386;2026-02-20T14:29:25.778285+00:00;P1;48.75
4853;pms5003;3628;6.559;3.386;2026-02-20T14:29:25.778285+00:00;P0;26.00
4853;pms5003;3628;6.559;3.386;2026-02-20T14:34:49.858849+00:00;P2;38.50
4853;pms5003;3628;6.559;3.386;2026-02-20T14:34:49.858849+00:00;P1;50.00
4853;pms5003;3628;6.559;3.386;2026-02-20T14:34:49.858849+00:00;P0;24.00
4853;pms5003;3628;6.559;3.386;2026-02-20T14:40:13.771267+00:00;P2;39.50
4853;pms5003;3628;6.559;3.386;2026-02-20T14:40:13.771267+00:00;P1;57.75
4853;pms5003;3628;6.559;3.386;2026-02-20T14:40:13.771267+00:00;P0;26.75
4854;DHT22;3628;6.559;3.386;2026-02-20T14:40:31.160261+00:00;humidity;69.70
4854;DHT22;3628;6.559;3.386;2026-02-20T14:40:31.160261+00:00;temperature;35.00
4853;pms5003;3628;6.559;3.386;2026-02-20T14:45:48.317668+00:00;P2;38.67
4853;pms5003;3628;6.559;3.386;2026-02-20T14:45:48.317668+00:00;P1;52.00
4853;pms5003;3628;6.559;3.386;2026-02-20T14:45:48.317668+00:00;P0;23.00
4854;DHT22;3628;6.559;3.386;2026-02-20T14:46:05.996364+00:00;humidity;70.60
4854;DHT22;3628;6.559;3.386;2026-02-20T14:46:05.996364+00:00;temperature;34.80
4853;pms5003;3628;6.559;3.386;2026-02-20T14:51:23.213086+00:00;P2;36.50
4853;pms5003;3628;6.559;3.386;2026-02-20T14:51:23.213086+00:00;P1;60.25
4853;pms5003;3628;6.559;3.386;2026-02-20T14:51:23.213086+00:00;P0;23.50
4853;pms5003;3628;6.559;3.386;2026-02-20T14:56:46.953553+00:00;P2;35.50
4853;pms5003;3628;6.559;3.386;2026-02-20T14:56:46.953553+00:00;P1;54.75
4853;pms5003;3628;6.559;3.386;2026-02-20T14:56:46.953553+00:00;P0;23.00
4853;pms5003;3628;6.559;3.386;2026-02-20T15:07:45.414455+00:00;P2;36.00
4853;pms5003;3628;6.559;3.386;2026-02-20T15:07:45.414455+00:00;P1;48.00
4853;pms5003;3628;6.559;3.386;2026-02-20T15:07:45.414455+00:00;P0;23.00
4853;pms5003;3628;6.559;3.386;2026-02-20T15:13:09.659092+00:00;P2;37.75
4853;pms5003;3628;6.559;3.386;2026-02-20T15:13:09.659092+00:00;P1;53.50
4853;pms5003;3628;6.559;3.386;2026-02-20T15:13:09.659092+00:00;P0;22.00
4854;DHT22;3628;6.559;3.386;2026-02-20T15:13:27.033664+00:00;humidity;71.80
4854;DHT22;3628;6.559;3.386;2026-02-20T15:13:27.033664+00:00;temperature;34.10
4853;pms5003;3628;6.559;3.386;2026-02-20T15:18:44.324273+00:00;P2;35.25
4853;pms5003;3628;6.559;3.386;2026-02-20T15:18:44.324273+00:00;P1;50.75
4853;pms5003;3628;6.559;3.386;2026-02-20T15:18:44.324273+00:00;P0;22.00
4854;DHT22;3628;6.559;3.386;2026-02-20T15:19:01.760423+00:00;humidity;71.40
4854;DHT22;3628;6.559;3.386;2026-02-20T15:19:01.760423+00:00;temperature;34.20
4854;DHT22;3628;6.559;3.386;2026-02-20T15:35:25.147399+00:00;humidity;72.50
4854;DHT22;3628;6.559;3.386;2026-02-20T15:35:25.147399+00:00;temperature;34.10
4853;pms5003;3628;6.559;3.386;2026-02-20T15:44:05.714286+00:00;P2;36.00
4853;pms5003;3628;6.559;3.386;2026-02-20T15:44:05.714286+00:00;P1;52.00
4853;pms5003;3628;6.559;3.386;2026-02-20T15:44:05.714286+00:00;P0;24.00
4853;pms5003;3628;6.559;3.386;2026-02-20T15:46:06.111925+00:00;P2;36.20
4853;pms5003;3628;6.559;3.386;2026-02-20T15:46:06.111925+00:00;P1;49.00
4853;pms5003;3628;6.559;3.386;2026-02-20T15:46:06.111925+00:00;P0;23.00
4854;DHT22;3628;6.559;3.386;2026-02-20T15:46:23.620434+00:00;humidity;72.40
4854;DHT22;3628;6.559;3.386;2026-02-20T15:46:23.620434+00:00;temperature;34.20
4853;pms5003;3628;6.559;3.386;2026-02-20T15:51:40.699268+00:00;P2;37.25
4853;pms5003;3628;6.559;3.386;2026-02-20T15:51:40.699268+00:00;P1;52.25
4853;pms5003;3628;6.559;3.386;2026-02-20T15:51:40.699268+00:00;P0;22.75
4854;DHT22;3628;6.559;3.386;2026-02-20T15:51:58.117365+00:00;humidity;73.50
4854;DHT22;3628;6.559;3.386;2026-02-20T15:51:58.117365+00:00;temperature;34.10
4853;pms5003;3628;6.559;3.386;2026-02-20T15:57:15.479374+00:00;P2;38.00
4853;pms5003;3628;6.559;3.386;2026-02-20T15:57:15.479374+00:00;P1;52.50
4853;pms5003;3628;6.559;3.386;2026-02-20T15:57:15.479374+00:00;P0;24.00
4853;pms5003;3628;6.559;3.386;2026-02-20T16:02:50.122709+00:00;P2;34.75
4853;pms5003;3628;6.559;3.386;2026-02-20T16:02:50.122709+00:00;P1;50.50
4853;pms5003;3628;6.559;3.386;2026-02-20T16:02:50.122709+00:00;P0;23.50
4853;pms5003;3628;6.559;3.386;2026-02-20T16:08:13.923720+00:00;P2;36.50
4853;pms5003;3628;6.559;3.386;2026-02-20T16:08:13.923720+00:00;P1;49.00
4853;pms5003;3628;6.559;3.386;2026-02-20T16:08:13.923720+00:00;P0;23.50
4854;DHT22;3628;6.559;3.386;2026-02-20T16:08:31.292116+00:00;humidity;73.30
4854;DHT22;3628;6.559;3.386;2026-02-20T16:08:31.292116+00:00;temperature;33.90
4853;pms5003;3628;6.559;3.386;2026-02-20T16:19:02.139500+00:00;P2;39.00
4853;pms5003;3628;6.559;3.386;2026-02-20T16:19:02.139500+00:00;P1;58.00
4853;pms5003;3628;6.559;3.386;2026-02-20T16:19:02.139500+00:00;P0;24.00
4853;pms5003;3628;6.559;3.386;2026-02-20T16:24:32.038173+00:00;P2;41.25
4853;pms5003;3628;6.559;3.386;2026-02-20T16:24:32.038173+00:00;P1;61.75
4853;pms5003;3628;6.559;3.386;2026-02-20T16:24:32.038173+00:00;P0;24.00
4854;DHT22;3628;6.559;3.386;2026-02-20T16:24:49.417710+00:00;humidity;73.00
4854;DHT22;3628;6.559;3.386;2026-02-20T16:24:49.417710+00:00;temperature;33.80
4853;pms5003;3628;6.559;3.386;2026-02-20T16:30:06.632521+00:00;P2;33.00
4853;pms5003;3628;6.559;3.386;2026-02-20T16:30:06.632521+00:00;P1;52.25
4853;pms5003;3628;6.559;3.386;2026-02-20T16:30:06.632521+00:00;P0;22.00
4854;DHT22;3628;6.559;3.386;2026-02-20T16:30:24.024511+00:00;humidity;72.70
4854;DHT22;3628;6.559;3.386;2026-02-20T16:30:24.024511+00:00;temperature;33.70
4853;pms5003;3628;6.559;3.386;2026-02-20T16:35:41.395362+00:00;P2;35.80
4853;pms5003;3628;6.559;3.386;2026-02-20T16:35:41.395362+00:00;P1;45.20
4853;pms5003;3628;6.559;3.386;2026-02-20T16:35:41.395362+00:00;P0;22.80
4854;DHT22;3628;6.559;3.386;2026-02-20T16:35:58.763949+00:00;humidity;73.00
4854;DHT22;3628;6.559;3.386;2026-02-20T16:35:58.763949+00:00;temperature;33.80
4853;pms5003;3628;6.559;3.386;2026-02-20T16:46:29.249077+00:00;P2;38.50
4853;pms5003;3628;6.559;3.386;2026-02-20T16:46:29.249077+00:00;P1;53.25
4853;pms5003;3628;6.559;3.386;2026-02-20T16:46:29.249077+00:00;P0;24.00
4854;DHT22;3628;6.559;3.386;2026-02-20T16:46:46.640920+00:00;humidity;74.00
4854;DHT22;3628;6.559;3.386;2026-02-20T16:46:46.640920+00:00;temperature;33.50
4853;pms5003;3628;6.559;3.386;2026-02-20T16:52:03.908101+00:00;P2;35.80
4853;pms5003;3628;6.559;3.386;2026-02-20T16:52:03.908101+00:00;P1;50.20
4853;pms5003;3628;6.559;3.386;2026-02-20T16:52:03.908101+00:00;P0;21.80
4853;pms5003;3628;6.559;3.386;2026-02-20T16:57:27.822852+00:00;P2;36.25
4853;pms5003;3628;6.559;3.386;2026-02-20T16:57:27.822852+00:00;P1;53.00
4853;pms5003;3628;6.559;3.386;2026-02-20T16:57:27.822852+00:00;P0;25.00
4854;DHT22;3628;6.559;3.386;2026-02-20T16:57:45.215061+00:00;humidity;75.30
4854;DHT22;3628;6.559;3.386;2026-02-20T16:57:45.215061+00:00;temperature;33.50
4854;DHT22;3628;6.559;3.386;2026-02-20T17:03:19.792109+00:00;humidity;74.50
4854;DHT22;3628;6.559;3.386;2026-02-20T17:03:19.792109+00:00;temperature;33.60
4853;pms5003;3628;6.559;3.386;2026-02-20T17:08:37.222036+00:00;P2;38.00
4853;pms5003;3628;6.559;3.386;2026-02-20T17:08:37.222036+00:00;P1;55.67
4853;pms5003;3628;6.559;3.386;2026-02-20T17:08:37.222036+00:00;P0;24.00
4854;DHT22;3628;6.559;3.386;2026-02-20T17:08:54.589493+00:00;humidity;74.80
4854;DHT22;3628;6.559;3.386;2026-02-20T17:08:54.589493+00:00;temperature;33.50
4854;DHT22;3628;6.559;3.386;2026-02-20T17:14:29.213413+00:00;humidity;75.30
4854;DHT22;3628;6.559;3.386;2026-02-20T17:14:29.213413+00:00;temperature;33.50
4854;DHT22;3628;6.559;3.386;2026-02-20T17:20:03.929233+00:00;humidity;75.60
4854;DHT22;3628;6.559;3.386;2026-02-20T17:20:03.929233+00:00;temperature;33.40
4853;pms5003;3628;6.559;3.386;2026-02-20T17:25:21.087941+00:00;P2;40.20
4853;pms5003;3628;6.559;3.386;2026-02-20T17:25:21.087941+00:00;P1;54.80
4853;pms5003;3628;6.559;3.386;2026-02-20T17:25:21.087941+00:00;P0;25.40
4854;DHT22;3628;6.559;3.386;2026-02-20T17:25:38.453232+00:00;humidity;76.20
4854;DHT22;3628;6.559;3.386;2026-02-20T17:25:38.453232+00:00;temperature;33.30
4853;pms5003;3628;6.559;3.386;2026-02-20T17:36:12.061539+00:00;P2;40.40
4853;pms5003;3628;6.559;3.386;2026-02-20T17:36:12.061539+00:00;P1;53.00
4853;pms5003;3628;6.559;3.386;2026-02-20T17:36:12.061539+00:00;P0;25.00
4854;DHT22;3628;6.559;3.386;2026-02-20T17:45:31.913377+00:00;humidity;77.80
4854;DHT22;3628;6.559;3.386;2026-02-20T17:45:31.913377+00:00;temperature;33.10
4853;pms5003;3628;6.559;3.386;2026-02-20T17:50:49.183435+00:00;P2;41.00
4853;pms5003;3628;6.559;3.386;2026-02-20T17:50:49.183435+00:00;P1;58.40
4853;pms5003;3628;6.559;3.386;2026-02-20T17:50:49.183435+00:00;P0;26.00
4854;DHT22;3628;6.559;3.386;2026-02-20T17:51:06.508625+00:00;humidity;79.40
4854;DHT22;3628;6.559;3.386;2026-02-20T17:51:06.508625+00:00;temperature;33.00
4853;pms5003;3628;6.559;3.386;2026-02-20T17:56:26.622665+00:00;P2;44.00
4853;pms5003;3628;6.559;3.386;2026-02-20T17:56:26.622665+00:00;P1;61.50
4853;pms5003;3628;6.559;3.386;2026-02-20T17:56:26.622665+00:00;P0;28.00
4854;DHT22;3628;6.559;3.386;2026-02-20T17:56:43.997996+00:00;humidity;79.40
4854;DHT22;3628;6.559;3.386;2026-02-20T17:56:43.997996+00:00;temperature;32.90
4853;pms5003;3628;6.559;3.386;2026-02-20T18:02:01.147821+00:00;P2;37.50
4853;pms5003;3628;6.559;3.386;2026-02-20T18:02:01.147821+00:00;P1;55.75
4853;pms5003;3628;6.559;3.386;2026-02-20T18:02:01.147821+00:00;P0;24.00
4854;DHT22;3628;6.559;3.386;2026-02-20T18:02:18.476888+00:00;humidity;78.90
4854;DHT22;3628;6.559;3.386;2026-02-20T18:02:18.476888+00:00;temperature;32.90
4854;DHT22;3628;6.559;3.386;2026-02-20T18:07:53.271988+00:00;humidity;78.60
4854;DHT22;3628;6.559;3.386;2026-02-20T18:07:53.271988+00:00;temperature;32.90
4853;pms5003;3628;6.559;3.386;2026-02-20T18:13:11.100013+00:00;P2;38.50
4853;pms5003;3628;6.559;3.386;2026-02-20T18:13:11.100013+00:00;P1;58.50
4853;pms5003;3628;6.559;3.386;2026-02-20T18:13:11.100013+00:00;P0;23.00
4854;DHT22;3628;6.559;3.386;2026-02-20T18:13:28.805237+00:00;humidity;78.80
4854;DHT22;3628;6.559;3.386;2026-02-20T18:13:28.805237+00:00;temperature;32.80
4854;DHT22;3628;6.559;3.386;2026-02-20T18:20:50.820858+00:00;humidity;79.30
4854;DHT22;3628;6.559;3.386;2026-02-20T18:20:50.820858+00:00;temperature;32.70
4854;DHT22;3628;6.559;3.386;2026-02-20T18:26:13.992304+00:00;humidity;79.60
4854;DHT22;3628;6.559;3.386;2026-02-20T18:26:13.992304+00:00;temperature;32.60
4853;pms5003;3628;6.559;3.386;2026-02-20T18:32:33.965690+00:00;P2;32.50
4853;pms5003;3628;6.559;3.386;2026-02-20T18:32:33.965690+00:00;P1;49.50
4853;pms5003;3628;6.559;3.386;2026-02-20T18:32:33.965690+00:00;P0;20.00
4853;pms5003;3628;6.559;3.386;2026-02-20T18:36:56.124637+00:00;P2;37.00
4853;pms5003;3628;6.559;3.386;2026-02-20T18:36:56.124637+00:00;P1;51.50
4853;pms5003;3628;6.559;3.386;2026-02-20T18:36:56.124637+00:00;P0;23.25
4854;DHT22;3628;6.559;3.386;2026-02-20T18:42:30.174034+00:00;humidity;80.40
4854;DHT22;3628;6.559;3.386;2026-02-20T18:42:30.174034+00:00;temperature;32.40
4853;pms5003;3628;6.559;3.386;2026-02-20T18:47:47.180921+00:00;P2;33.00
4853;pms5003;3628;6.559;3.386;2026-02-20T18:47:47.180921+00:00;P1;45.00
4853;pms5003;3628;6.559;3.386;2026-02-20T18:47:47.180921+00:00;P0;22.00
4853;pms5003;3628;6.559;3.386;2026-02-20T18:53:10.912901+00:00;P2;33.00
4853;pms5003;3628;6.559;3.386;2026-02-20T18:53:10.912901+00:00;P1;50.25
4853;pms5003;3628;6.559;3.386;2026-02-20T18:53:10.912901+00:00;P0;22.00
4854;DHT22;3628;6.559;3.386;2026-02-20T19:04:16.189917+00:00;humidity;80.00
4854;DHT22;3628;6.559;3.386;2026-02-20T19:04:16.189917+00:00;temperature;32.30
4853;pms5003;3628;6.559;3.386;2026-02-20T19:09:33.578179+00:00;P2;33.75
4853;pms5003;3628;6.559;3.386;2026-02-20T19:09:33.578179+00:00;P1;48.75
4853;pms5003;3628;6.559;3.386;2026-02-20T19:09:33.578179+00:00;P0;21.00
4853;pms5003;3628;6.559;3.386;2026-02-20T19:14:57.280519+00:00;P2;33.00
4853;pms5003;3628;6.559;3.386;2026-02-20T19:14:57.280519+00:00;P1;50.75
4853;pms5003;3628;6.559;3.386;2026-02-20T19:14:57.280519+00:00;P0;22.00
4854;DHT22;3628;6.559;3.386;2026-02-20T19:15:14.756987+00:00;humidity;80.30
4854;DHT22;3628;6.559;3.386;2026-02-20T19:15:14.756987+00:00;temperature;32.30
4853;pms5003;3628;6.559;3.386;2026-02-20T19:20:32.075193+00:00;P2;31.25
4853;pms5003;3628;6.559;3.386;2026-02-20T19:20:32.075193+00:00;P1;45.00
4853;pms5003;3628;6.559;3.386;2026-02-20T19:20:32.075193+00:00;P0;21.25
4854;DHT22;3628;6.559;3.386;2026-02-20T19:20:49.437672+00:00;humidity;80.50
4854;DHT22;3628;6.559;3.386;2026-02-20T19:20:49.437672+00:00;temperature;32.20
4853;pms5003;3628;6.559;3.386;2026-02-20T19:26:06.692206+00:00;P2;33.00
4853;pms5003;3628;6.559;3.386;2026-02-20T19:26:06.692206+00:00;P1;49.75
4853;pms5003;3628;6.559;3.386;2026-02-20T19:26:06.692206+00:00;P0;21.00
4854;DHT22;3628;6.559;3.386;2026-02-20T19:26:23.967278+00:00;humidity;80.30
4854;DHT22;3628;6.559;3.386;2026-02-20T19:26:23.967278+00:00;temperature;32.20
4853;pms5003;3628;6.559;3.386;2026-02-20T19:37:05.377906+00:00;P2;32.40
4853;pms5003;3628;6.559;3.386;2026-02-20T19:37:05.377906+00:00;P1;44.00
4853;pms5003;3628;6.559;3.386;2026-02-20T19:37:05.377906+00:00;P0;21.00
4854;DHT22;3628;6.559;3.386;2026-02-20T19:37:22.731265+00:00;humidity;81.20
4854;DHT22;3628;6.559;3.386;2026-02-20T19:37:22.731265+00:00;temperature;32.10
4853;pms5003;3628;6.559;3.386;2026-02-20T19:42:39.943059+00:00;P2;34.25
4853;pms5003;3628;6.559;3.386;2026-02-20T19:42:39.943059+00:00;P1;48.50
4853;pms5003;3628;6.559;3.386;2026-02-20T19:42:39.943059+00:00;P0;22.00
4854;DHT22;3628;6.559;3.386;2026-02-20T19:42:57.340450+00:00;humidity;80.90
4854;DHT22;3628;6.559;3.386;2026-02-20T19:42:57.340450+00:00;temperature;32.10
4853;pms5003;3628;6.559;3.386;2026-02-20T19:48:14.590104+00:00;P2;29.50
4853;pms5003;3628;6.559;3.386;2026-02-20T19:48:14.590104+00:00;P1;44.25
4853;pms5003;3628;6.559;3.386;2026-02-20T19:48:14.590104+00:00;P0;17.00
4854;DHT22;3628;6.559;3.386;2026-02-20T19:48:31.919661+00:00;humidity;81.30
4854;DHT22;3628;6.559;3.386;2026-02-20T19:48:31.919661+00:00;temperature;32.10
4853;pms5003;3628;6.559;3.386;2026-02-20T19:53:49.227759+00:00;P2;29.50
4853;pms5003;3628;6.559;3.386;2026-02-20T19:53:49.227759+00:00;P1;38.25
4853;pms5003;3628;6.559;3.386;2026-02-20T19:53:49.227759+00:00;P0;19.25
4854;DHT22;3628;6.559;3.386;2026-02-20T19:54:06.547524+00:00;humidity;81.60
4854;DHT22;3628;6.559;3.386;2026-02-20T19:54:06.547524+00:00;temperature;32.10
4853;pms5003;3628;6.559;3.386;2026-02-20T19:59:23.958776+00:00;P2;32.50
4853;pms5003;3628;6.559;3.386;2026-02-20T19:59:23.958776+00:00;P1;44.75
4853;pms5003;3628;6.559;3.386;2026-02-20T19:59:23.958776+00:00;P0;22.00
4854;DHT22;3628;6.559;3.386;2026-02-20T19:59:41.520877+00:00;humidity;81.90
4854;DHT22;3628;6.559;3.386;2026-02-20T19:59:41.520877+00:00;temperature;32.00
4853;pms5003;3628;6.559;3.386;2026-02-20T20:04:58.988393+00:00;P2;29.50
4853;pms5003;3628;6.559;3.386;2026-02-20T20:04:58.988393+00:00;P1;50.00
4853;pms5003;3628;6.559;3.386;2026-02-20T20:04:58.988393+00:00;P0;19.25
4853;pms5003;3628;6.559;3.386;2026-02-20T20:11:10.257602+00:00;P2;32.25
4853;pms5003;3628;6.559;3.386;2026-02-20T20:11:10.257602+00:00;P1;48.00
4853;pms5003;3628;6.559;3.386;2026-02-20T20:11:10.257602+00:00;P0;20.75
4853;pms5003;3628;6.559;3.386;2026-02-20T20:17:48.213800+00:00;P2;30.50
4853;pms5003;3628;6.559;3.386;2026-02-20T20:17:48.213800+00:00;P1;45.25
4853;pms5003;3628;6.559;3.386;2026-02-20T20:17:48.213800+00:00;P0;19.00
4854;DHT22;3628;6.559;3.386;2026-02-20T20:21:28.496040+00:00;humidity;83.50
4854;DHT22;3628;6.559;3.386;2026-02-20T20:21:28.496040+00:00;temperature;31.90
4854;DHT22;3628;6.559;3.386;2026-02-20T20:26:52.602302+00:00;humidity;83.90
4854;DHT22;3628;6.559;3.386;2026-02-20T20:26:52.602302+00:00;temperature;31.90
4854;DHT22;3628;6.559;3.386;2026-02-20T20:34:04.313154+00:00;humidity;84.00
4854;DHT22;3628;6.559;3.386;2026-02-20T20:34:04.313154+00:00;temperature;31.90
4853;pms5003;3628;6.559;3.386;2026-02-20T20:53:16.330385+00:00;P2;30.00
4853;pms5003;3628;6.559;3.386;2026-02-20T20:53:16.330385+00:00;P1;46.00
4853;pms5003;3628;6.559;3.386;2026-02-20T20:53:16.330385+00:00;P0;21.00
4853;pms5003;3628;6.559;3.386;2026-02-20T20:58:40.663181+00:00;P2;32.00
4853;pms5003;3628;6.559;3.386;2026-02-20T20:58:40.663181+00:00;P1;41.60
4853;pms5003;3628;6.559;3.386;2026-02-20T20:58:40.663181+00:00;P0;19.40
4853;pms5003;3628;6.559;3.386;2026-02-20T21:05:18.541031+00:00;P2;29.25
4853;pms5003;3628;6.559;3.386;2026-02-20T21:05:18.541031+00:00;P1;48.00
4853;pms5003;3628;6.559;3.386;2026-02-20T21:05:18.541031+00:00;P0;18.00
4853;pms5003;3628;6.559;3.386;2026-02-20T21:09:39.483067+00:00;P2;29.20
4853;pms5003;3628;6.559;3.386;2026-02-20T21:09:39.483067+00:00;P1;35.00
4853;pms5003;3628;6.559;3.386;2026-02-20T21:09:39.483067+00:00;P0;17.40
4854;DHT22;3628;6.559;3.386;2026-02-20T21:09:56.961267+00:00;humidity;85.00
4854;DHT22;3628;6.559;3.386;2026-02-20T21:09:56.961267+00:00;temperature;31.70
4853;pms5003;3628;6.559;3.386;2026-02-20T21:15:14.238291+00:00;P2;30.20
4853;pms5003;3628;6.559;3.386;2026-02-20T21:15:14.238291+00:00;P1;31.20
4853;pms5003;3628;6.559;3.386;2026-02-20T21:15:14.238291+00:00;P0;20.20
4853;pms5003;3628;6.559;3.386;2026-02-20T21:20:48.950972+00:00;P2;31.50
4853;pms5003;3628;6.559;3.386;2026-02-20T21:20:48.950972+00:00;P1;46.25
4853;pms5003;3628;6.559;3.386;2026-02-20T21:20:48.950972+00:00;P0;19.75
4854;DHT22;3628;6.559;3.386;2026-02-20T21:21:06.401572+00:00;humidity;85.60
4854;DHT22;3628;6.559;3.386;2026-02-20T21:21:06.401572+00:00;temperature;31.70
4853;pms5003;3628;6.559;3.386;2026-02-20T21:27:05.239218+00:00;P2;30.00
4853;pms5003;3628;6.559;3.386;2026-02-20T21:27:05.239218+00:00;P1;44.00
4853;pms5003;3628;6.559;3.386;2026-02-20T21:27:05.239218+00:00;P0;19.25
4853;pms5003;3628;6.559;3.386;2026-02-20T21:31:47.504005+00:00;P2;31.60
4853;pms5003;3628;6.559;3.386;2026-02-20T21:31:47.504005+00:00;P1;47.40
4853;pms5003;3628;6.559;3.386;2026-02-20T21:31:47.504005+00:00;P0;19.80
4854;DHT22;3628;6.559;3.386;2026-02-20T21:32:04.903875+00:00;humidity;86.00
4854;DHT22;3628;6.559;3.386;2026-02-20T21:32:04.903875+00:00;temperature;31.70
4854;DHT22;3628;6.559;3.386;2026-02-20T21:42:52.925153+00:00;humidity;86.20
4854;DHT22;3628;6.559;3.386;2026-02-20T21:42:52.925153+00:00;temperature;31.70
4853;pms5003;3628;6.559;3.386;2026-02-20T21:48:10.291236+00:00;P2;32.60
4853;pms5003;3628;6.559;3.386;2026-02-20T21:48:10.291236+00:00;P1;41.60
4853;pms5003;3628;6.559;3.386;2026-02-20T21:48:10.291236+00:00;P0;21.40
4854;DHT22;3628;6.559;3.386;2026-02-20T21:48:27.741920+00:00;humidity;86.50
4854;DHT22;3628;6.559;3.386;2026-02-20T21:48:27.741920+00:00;temperature;31.60
4853;pms5003;3628;6.559;3.386;2026-02-20T21:53:45.102851+00:00;P2;34.40
4853;pms5003;3628;6.559;3.386;2026-02-20T21:53:45.102851+00:00;P1;45.20
4853;pms5003;3628;6.559;3.386;2026-02-20T21:53:45.102851+00:00;P0;22.60
4854;DHT22;3628;6.559;3.386;2026-02-20T21:54:02.309522+00:00;humidity;86.60
4854;DHT22;3628;6.559;3.386;2026-02-20T21:54:02.309522+00:00;temperature;31.50
4853;pms5003;3628;6.559;3.386;2026-02-21T06:07:38.387398+00:00;P2;64.60
4853;pms5003;3628;6.559;3.386;2026-02-21T06:07:38.387398+00:00;P1;76.20
4853;pms5003;3628;6.559;3.386;2026-02-21T06:07:38.387398+00:00;P0;41.40
4854;DHT22;3628;6.559;3.386;2026-02-21T06:07:55.749086+00:00;humidity;100.00
4854;DHT22;3628;6.559;3.386;2026-02-21T06:07:55.749086+00:00;temperature;30.50
4854;DHT22;3628;6.559;3.386;2026-02-21T06:16:11.180341+00:00;humidity;100.00
4854;DHT22;3628;6.559;3.386;2026-02-21T06:16:11.180341+00:00;temperature;30.20
4854;DHT22;3628;6.559;3.386;2026-02-21T09:24:26.585516+00:00;humidity;68.40
4854;DHT22;3628;6.559;3.386;2026-02-21T09:24:26.585516+00:00;temperature;37.20
4853;pms5003;3628;6.559;3.386;2026-02-21T09:29:46.943012+00:00;P2;39.25
4853;pms5003;3628;6.559;3.386;2026-02-21T09:29:46.943012+00:00;P1;55.25
4853;pms5003;3628;6.559;3.386;2026-02-21T09:29:46.943012+00:00;P0;25.25
4854;DHT22;3628;6.559;3.386;2026-02-21T09:30:07.717062+00:00;humidity;64.90
4854;DHT22;3628;6.559;3.386;2026-02-21T09:30:07.717062+00:00;temperature;39.20
4853;pms5003;3628;6.559;3.386;2026-02-21T09:35:22.106596+00:00;P2;39.75
4853;pms5003;3628;6.559;3.386;2026-02-21T09:35:22.106596+00:00;P1;57.50
4853;pms5003;3628;6.559;3.386;2026-02-21T09:35:22.106596+00:00;P0;25.25
4853;pms5003;3628;6.559;3.386;2026-02-21T09:56:14.686903+00:00;P2;35.00
4853;pms5003;3628;6.559;3.386;2026-02-21T09:56:14.686903+00:00;P1;52.25
4853;pms5003;3628;6.559;3.386;2026-02-21T09:56:14.686903+00:00;P0;24.00
4854;DHT22;3628;6.559;3.386;2026-02-21T09:56:32.069754+00:00;humidity;65.80
4854;DHT22;3628;6.559;3.386;2026-02-21T09:56:32.069754+00:00;temperature;37.50
4853;pms5003;3628;6.559;3.386;2026-02-21T10:01:49.568281+00:00;P2;38.60
4853;pms5003;3628;6.559;3.386;2026-02-21T10:01:49.568281+00:00;P1;54.40
4853;pms5003;3628;6.559;3.386;2026-02-21T10:01:49.568281+00:00;P0;26.00
4854;DHT22;3628;6.559;3.386;2026-02-21T10:02:07.075022+00:00;humidity;64.20
4854;DHT22;3628;6.559;3.386;2026-02-21T10:02:07.075022+00:00;temperature;38.30
4853;pms5003;3628;6.559;3.386;2026-02-21T10:07:24.282246+00:00;P2;42.75
4853;pms5003;3628;6.559;3.386;2026-02-21T10:07:24.282246+00:00;P1;60.50
4853;pms5003;3628;6.559;3.386;2026-02-21T10:07:24.282246+00:00;P0;28.00
4854;DHT22;3628;6.559;3.386;2026-02-21T10:07:41.655428+00:00;humidity;63.50
4854;DHT22;3628;6.559;3.386;2026-02-21T10:07:41.655428+00:00;temperature;38.70
4853;pms5003;3628;6.559;3.386;2026-02-21T10:12:58.848239+00:00;P2;42.25
4853;pms5003;3628;6.559;3.386;2026-02-21T10:12:58.848239+00:00;P1;64.50
4853;pms5003;3628;6.559;3.386;2026-02-21T10:12:58.848239+00:00;P0;28.00
4854;DHT22;3628;6.559;3.386;2026-02-21T10:13:16.251421+00:00;humidity;60.10
4854;DHT22;3628;6.559;3.386;2026-02-21T10:13:16.251421+00:00;temperature;40.10
4853;pms5003;3628;6.559;3.386;2026-02-21T10:18:33.489535+00:00;P2;40.25
4853;pms5003;3628;6.559;3.386;2026-02-21T10:18:33.489535+00:00;P1;56.25
4853;pms5003;3628;6.559;3.386;2026-02-21T10:18:33.489535+00:00;P0;27.00
4854;DHT22;3628;6.559;3.386;2026-02-21T10:18:50.969876+00:00;humidity;61.00
4854;DHT22;3628;6.559;3.386;2026-02-21T10:18:50.969876+00:00;temperature;39.30
4853;pms5003;3628;6.559;3.386;2026-02-21T10:24:08.271865+00:00;P2;44.00
4853;pms5003;3628;6.559;3.386;2026-02-21T10:24:08.271865+00:00;P1;62.00
4853;pms5003;3628;6.559;3.386;2026-02-21T10:24:08.271865+00:00;P0;29.00
4854;DHT22;3628;6.559;3.386;2026-02-21T10:24:25.596017+00:00;humidity;59.60
4854;DHT22;3628;6.559;3.386;2026-02-21T10:24:25.596017+00:00;temperature;40.00
4853;pms5003;3628;6.559;3.386;2026-02-21T11:06:42.128838+00:00;P2;46.00
4853;pms5003;3628;6.559;3.386;2026-02-21T11:06:42.128838+00:00;P1;65.00
4853;pms5003;3628;6.559;3.386;2026-02-21T11:06:42.128838+00:00;P0;29.00
4853;pms5003;3628;6.559;3.386;2026-02-21T11:17:40.407552+00:00;P2;45.50
4853;pms5003;3628;6.559;3.386;2026-02-21T11:17:40.407552+00:00;P1;66.50
4853;pms5003;3628;6.559;3.386;2026-02-21T11:17:40.407552+00:00;P0;30.00
4854;DHT22;3628;6.559;3.386;2026-02-21T11:23:21.809547+00:00;humidity;55.40
4854;DHT22;3628;6.559;3.386;2026-02-21T11:23:21.809547+00:00;temperature;41.60
4853;pms5003;3628;6.559;3.386;2026-02-21T11:28:39.002517+00:00;P2;46.00
4853;pms5003;3628;6.559;3.386;2026-02-21T11:28:39.002517+00:00;P1;62.25
4853;pms5003;3628;6.559;3.386;2026-02-21T11:28:39.002517+00:00;P0;30.00
4854;DHT22;3628;6.559;3.386;2026-02-21T11:28:56.382532+00:00;humidity;60.80
4854;DHT22;3628;6.559;3.386;2026-02-21T11:28:56.382532+00:00;temperature;39.60
4854;DHT22;3628;6.559;3.386;2026-02-21T11:34:31.097626+00:00;humidity;63.70
4854;DHT22;3628;6.559;3.386;2026-02-21T11:34:31.097626+00:00;temperature;38.60
4853;pms5003;3628;6.559;3.386;2026-02-21T11:39:48.293453+00:00;P2;47.50
4853;pms5003;3628;6.559;3.386;2026-02-21T11:39:48.293453+00:00;P1;68.00
4853;pms5003;3628;6.559;3.386;2026-02-21T11:39:48.293453+00:00;P0;31.00
4854;DHT22;3628;6.559;3.386;2026-02-21T11:40:05.641937+00:00;humidity;66.30
4854;DHT22;3628;6.559;3.386;2026-02-21T11:40:05.641937+00:00;temperature;37.60
4853;pms5003;3628;6.559;3.386;2026-02-21T11:45:22.842287+00:00;P2;48.25
4853;pms5003;3628;6.559;3.386;2026-02-21T11:45:22.842287+00:00;P1;67.25
4853;pms5003;3628;6.559;3.386;2026-02-21T11:45:22.842287+00:00;P0;32.00
4853;pms5003;3628;6.559;3.386;2026-02-21T11:50:49.801840+00:00;P2;46.50
4853;pms5003;3628;6.559;3.386;2026-02-21T11:50:49.801840+00:00;P1;68.50
4853;pms5003;3628;6.559;3.386;2026-02-21T11:50:49.801840+00:00;P0;30.75
4854;DHT22;3628;6.559;3.386;2026-02-21T11:51:07.422122+00:00;humidity;65.20
4854;DHT22;3628;6.559;3.386;2026-02-21T11:51:07.422122+00:00;temperature;37.90
4853;pms5003;3628;6.559;3.386;2026-02-21T11:56:24.536894+00:00;P2;47.00
4853;pms5003;3628;6.559;3.386;2026-02-21T11:56:24.536894+00:00;P1;66.00
4853;pms5003;3628;6.559;3.386;2026-02-21T11:56:24.536894+00:00;P0;31.75
4853;pms5003;3628;6.559;3.386;2026-02-21T12:01:48.482096+00:00;P2;47.25
4853;pms5003;3628;6.559;3.386;2026-02-21T12:01:48.482096+00:00;P1;66.50
4853;pms5003;3628;6.559;3.386;2026-02-21T12:01:48.482096+00:00;P0;30.25
4853;pms5003;3628;6.559;3.386;2026-02-21T12:07:12.784922+00:00;P2;46.33
4853;pms5003;3628;6.559;3.386;2026-02-21T12:07:12.784922+00:00;P1;65.00
4853;pms5003;3628;6.559;3.386;2026-02-21T12:07:12.784922+00:00;P0;30.33
4853;pms5003;3628;6.559;3.386;2026-02-21T12:12:39.748739+00:00;P2;44.00
4853;pms5003;3628;6.559;3.386;2026-02-21T12:12:39.748739+00:00;P1;64.40
4853;pms5003;3628;6.559;3.386;2026-02-21T12:12:39.748739+00:00;P0;29.00
4854;DHT22;3628;6.559;3.386;2026-02-21T12:12:57.246098+00:00;humidity;61.70
4854;DHT22;3628;6.559;3.386;2026-02-21T12:12:57.246098+00:00;temperature;38.90
4853;pms5003;3628;6.559;3.386;2026-02-21T12:18:14.397496+00:00;P2;61.00
4853;pms5003;3628;6.559;3.386;2026-02-21T12:18:14.397496+00:00;P1;76.75
4853;pms5003;3628;6.559;3.386;2026-02-21T12:18:14.397496+00:00;P0;41.25
4854;DHT22;3628;6.559;3.386;2026-02-21T12:18:31.779944+00:00;humidity;60.90
4854;DHT22;3628;6.559;3.386;2026-02-21T12:18:31.779944+00:00;temperature;39.00
4853;pms5003;3628;6.559;3.386;2026-02-21T12:23:48.948865+00:00;P2;48.00
4853;pms5003;3628;6.559;3.386;2026-02-21T12:23:48.948865+00:00;P1;68.25
4853;pms5003;3628;6.559;3.386;2026-02-21T12:23:48.948865+00:00;P0;30.75
4854;DHT22;3628;6.559;3.386;2026-02-21T12:24:06.299958+00:00;humidity;59.60
4854;DHT22;3628;6.559;3.386;2026-02-21T12:24:06.299958+00:00;temperature;39.60
4853;pms5003;3628;6.559;3.386;2026-02-21T12:29:23.534652+00:00;P2;43.25
4853;pms5003;3628;6.559;3.386;2026-02-21T12:29:23.534652+00:00;P1;65.25
4853;pms5003;3628;6.559;3.386;2026-02-21T12:29:23.534652+00:00;P0;29.25
4853;pms5003;3628;6.559;3.386;2026-02-21T12:34:58.102258+00:00;P2;41.60
4853;pms5003;3628;6.559;3.386;2026-02-21T12:34:58.102258+00:00;P1;57.20
4853;pms5003;3628;6.559;3.386;2026-02-21T12:34:58.102258+00:00;P0;27.60
4854;DHT22;3628;6.559;3.386;2026-02-21T12:35:15.507146+00:00;humidity;54.50
4854;DHT22;3628;6.559;3.386;2026-02-21T12:35:15.507146+00:00;temperature;40.60
4853;pms5003;3628;6.559;3.386;2026-02-21T12:40:32.706814+00:00;P2;45.67
4853;pms5003;3628;6.559;3.386;2026-02-21T12:40:32.706814+00:00;P1;65.00
4853;pms5003;3628;6.559;3.386;2026-02-21T12:40:32.706814+00:00;P0;28.67
4853;pms5003;3628;6.559;3.386;2026-02-21T12:45:56.428431+00:00;P2;41.40
4853;pms5003;3628;6.559;3.386;2026-02-21T12:45:56.428431+00:00;P1;63.40
4853;pms5003;3628;6.559;3.386;2026-02-21T12:45:56.428431+00:00;P0;27.40
4854;DHT22;3628;6.559;3.386;2026-02-21T12:51:38.152943+00:00;humidity;51.90
4854;DHT22;3628;6.559;3.386;2026-02-21T12:51:38.152943+00:00;temperature;40.60
4853;pms5003;3628;6.559;3.386;2026-02-21T12:56:55.364347+00:00;P2;47.67
4853;pms5003;3628;6.559;3.386;2026-02-21T12:56:55.364347+00:00;P1;65.67
4853;pms5003;3628;6.559;3.386;2026-02-21T12:56:55.364347+00:00;P0;32.00
4854;DHT22;3628;6.559;3.386;2026-02-21T12:57:12.800544+00:00;humidity;57.50
4854;DHT22;3628;6.559;3.386;2026-02-21T12:57:12.800544+00:00;temperature;39.30
4853;pms5003;3628;6.559;3.386;2026-02-21T13:07:43.736118+00:00;P2;44.00
4853;pms5003;3628;6.559;3.386;2026-02-21T13:07:43.736118+00:00;P1;58.50
4853;pms5003;3628;6.559;3.386;2026-02-21T13:07:43.736118+00:00;P0;28.00
4854;DHT22;3628;6.559;3.386;2026-02-21T13:08:01.081725+00:00;humidity;54.00
4854;DHT22;3628;6.559;3.386;2026-02-21T13:08:01.081725+00:00;temperature;40.60
4853;pms5003;3628;6.559;3.386;2026-02-21T13:13:18.282902+00:00;P2;45.50
4853;pms5003;3628;6.559;3.386;2026-02-21T13:13:18.282902+00:00;P1;63.25
4853;pms5003;3628;6.559;3.386;2026-02-21T13:13:18.282902+00:00;P0;30.25
4854;DHT22;3628;6.559;3.386;2026-02-21T13:13:35.664259+00:00;humidity;51.30
4854;DHT22;3628;6.559;3.386;2026-02-21T13:13:35.664259+00:00;temperature;41.10
4853;pms5003;3628;6.559;3.386;2026-02-21T13:24:16.999971+00:00;P2;45.25
4853;pms5003;3628;6.559;3.386;2026-02-21T13:24:16.999971+00:00;P1;62.00
4853;pms5003;3628;6.559;3.386;2026-02-21T13:24:16.999971+00:00;P0;28.25
4854;DHT22;3628;6.559;3.386;2026-02-21T13:24:34.400321+00:00;humidity;55.30
4854;DHT22;3628;6.559;3.386;2026-02-21T13:24:34.400321+00:00;temperature;40.90
4853;pms5003;3628;6.559;3.386;2026-02-21T13:40:18.885132+00:00;P2;42.50
4853;pms5003;3628;6.559;3.386;2026-02-21T13:40:18.885132+00:00;P1;53.75
4853;pms5003;3628;6.559;3.386;2026-02-21T13:40:18.885132+00:00;P0;28.00
4853;pms5003;3628;6.559;3.386;2026-02-21T13:51:06.849151+00:00;P2;42.75
4853;pms5003;3628;6.559;3.386;2026-02-21T13:51:06.849151+00:00;P1;58.25
4853;pms5003;3628;6.559;3.386;2026-02-21T13:51:06.849151+00:00;P0;28.00
4853;pms5003;3628;6.559;3.386;2026-02-21T13:56:41.377915+00:00;P2;42.75
4853;pms5003;3628;6.559;3.386;2026-02-21T13:56:41.377915+00:00;P1;61.50
4853;pms5003;3628;6.559;3.386;2026-02-21T13:56:41.377915+00:00;P0;28.00
4854;DHT22;3628;6.559;3.386;2026-02-21T14:02:22.962415+00:00;humidity;61.40
4854;DHT22;3628;6.559;3.386;2026-02-21T14:02:22.962415+00:00;temperature;38.50
4853;pms5003;3628;6.559;3.386;2026-02-21T14:07:40.174970+00:00;P2;40.50
4853;pms5003;3628;6.559;3.386;2026-02-21T14:07:40.174970+00:00;P1;61.25
4853;pms5003;3628;6.559;3.386;2026-02-21T14:07:40.174970+00:00;P0;26.50
4854;DHT22;3628;6.559;3.386;2026-02-21T14:07:57.541320+00:00;humidity;63.40
4854;DHT22;3628;6.559;3.386;2026-02-21T14:07:57.541320+00:00;temperature;37.70
4853;pms5003;3628;6.559;3.386;2026-02-21T14:13:14.760847+00:00;P2;39.75
4853;pms5003;3628;6.559;3.386;2026-02-21T14:13:14.760847+00:00;P1;60.25
4853;pms5003;3628;6.559;3.386;2026-02-21T14:13:14.760847+00:00;P0;26.00
4854;DHT22;3628;6.559;3.386;2026-02-21T14:13:32.117535+00:00;humidity;61.40
4854;DHT22;3628;6.559;3.386;2026-02-21T14:13:32.117535+00:00;temperature;38.70
4853;pms5003;3628;6.559;3.386;2026-02-21T14:18:49.367387+00:00;P2;43.00
4853;pms5003;3628;6.559;3.386;2026-02-21T14:18:49.367387+00:00;P1;62.50
4853;pms5003;3628;6.559;3.386;2026-02-21T14:18:49.367387+00:00;P0;28.00
4854;DHT22;3628;6.559;3.386;2026-02-21T14:19:06.745572+00:00;humidity;58.90
4854;DHT22;3628;6.559;3.386;2026-02-21T14:19:06.745572+00:00;temperature;39.80
4854;DHT22;3628;6.559;3.386;2026-02-21T14:24:30.938203+00:00;humidity;60.40
4854;DHT22;3628;6.559;3.386;2026-02-21T14:24:30.938203+00:00;temperature;38.80
4853;pms5003;3628;6.559;3.386;2026-02-21T14:29:48.124289+00:00;P2;45.00
4853;pms5003;3628;6.559;3.386;2026-02-21T14:29:48.124289+00:00;P1;65.75
4853;pms5003;3628;6.559;3.386;2026-02-21T14:29:48.124289+00:00;P0;28.50
4853;pms5003;3628;6.559;3.386;2026-02-21T14:35:22.831479+00:00;P2;43.00
4853;pms5003;3628;6.559;3.386;2026-02-21T14:35:22.831479+00:00;P1;64.50
4853;pms5003;3628;6.559;3.386;2026-02-21T14:35:22.831479+00:00;P0;28.00
4854;DHT22;3628;6.559;3.386;2026-02-21T14:35:40.285109+00:00;humidity;61.70
4854;DHT22;3628;6.559;3.386;2026-02-21T14:35:40.285109+00:00;temperature;38.50
4854;DHT22;3628;6.559;3.386;2026-02-21T14:41:04.095931+00:00;humidity;61.60
4854;DHT22;3628;6.559;3.386;2026-02-21T14:41:04.095931+00:00;temperature;38.40
4853;pms5003;3628;6.559;3.386;2026-02-21T14:46:21.302842+00:00;P2;41.40
4853;pms5003;3628;6.559;3.386;2026-02-21T14:46:21.302842+00:00;P1;53.80
4853;pms5003;3628;6.559;3.386;2026-02-21T14:46:21.302842+00:00;P0;27.00
4854;DHT22;3628;6.559;3.386;2026-02-21T14:46:38.690521+00:00;humidity;61.00
4854;DHT22;3628;6.559;3.386;2026-02-21T14:46:38.690521+00:00;temperature;38.70
4854;DHT22;3628;6.559;3.386;2026-02-21T14:52:06.769522+00:00;humidity;61.00
4854;DHT22;3628;6.559;3.386;2026-02-21T14:52:06.769522+00:00;temperature;38.80
4854;DHT22;3628;6.559;3.386;2026-02-21T14:57:30.682443+00:00;humidity;60.20
4854;DHT22;3628;6.559;3.386;2026-02-21T14:57:30.682443+00:00;temperature;39.20
4853;pms5003;3628;6.559;3.386;2026-02-21T15:02:50.807010+00:00;P2;40.00
4853;pms5003;3628;6.559;3.386;2026-02-21T15:02:50.807010+00:00;P1;61.00
4853;pms5003;3628;6.559;3.386;2026-02-21T15:02:50.807010+00:00;P0;25.50
4854;DHT22;3628;6.559;3.386;2026-02-21T15:03:08.232476+00:00;humidity;61.00
4854;DHT22;3628;6.559;3.386;2026-02-21T15:03:08.232476+00:00;temperature;38.70
4854;DHT22;3628;6.559;3.386;2026-02-21T15:08:42.362162+00:00;humidity;61.20
4854;DHT22;3628;6.559;3.386;2026-02-21T15:08:42.362162+00:00;temperature;38.40
4854;DHT22;3628;6.559;3.386;2026-02-21T15:14:12.164011+00:00;humidity;62.30
4854;DHT22;3628;6.559;3.386;2026-02-21T15:14:12.164011+00:00;temperature;38.00
4853;pms5003;3628;6.559;3.386;2026-02-21T15:19:29.657147+00:00;P2;39.20
4853;pms5003;3628;6.559;3.386;2026-02-21T15:19:29.657147+00:00;P1;57.80
4853;pms5003;3628;6.559;3.386;2026-02-21T15:19:29.657147+00:00;P0;25.60
4854;DHT22;3628;6.559;3.386;2026-02-21T15:19:49.646211+00:00;humidity;62.40
4854;DHT22;3628;6.559;3.386;2026-02-21T15:19:49.646211+00:00;temperature;37.80
4853;pms5003;3628;6.559;3.386;2026-02-21T15:30:41.531356+00:00;P2;39.50
4853;pms5003;3628;6.559;3.386;2026-02-21T15:30:41.531356+00:00;P1;55.00
4853;pms5003;3628;6.559;3.386;2026-02-21T15:30:41.531356+00:00;P0;25.00
4854;DHT22;3628;6.559;3.386;2026-02-21T15:31:01.425619+00:00;humidity;64.50
4854;DHT22;3628;6.559;3.386;2026-02-21T15:31:01.425619+00:00;temperature;37.10
4853;pms5003;3628;6.559;3.386;2026-02-21T15:36:21.610692+00:00;P2;39.40
4853;pms5003;3628;6.559;3.386;2026-02-21T15:36:21.610692+00:00;P1;53.20
4853;pms5003;3628;6.559;3.386;2026-02-21T15:36:21.610692+00:00;P0;25.00
4853;pms5003;3628;6.559;3.386;2026-02-21T15:42:02.104515+00:00;P2;38.50
4853;pms5003;3628;6.559;3.386;2026-02-21T15:42:02.104515+00:00;P1;55.50
4853;pms5003;3628;6.559;3.386;2026-02-21T15:42:02.104515+00:00;P0;24.00
4853;pms5003;3628;6.559;3.386;2026-02-21T15:47:47.392103+00:00;P2;35.00
4853;pms5003;3628;6.559;3.386;2026-02-21T15:47:47.392103+00:00;P1;49.00
4853;pms5003;3628;6.559;3.386;2026-02-21T15:47:47.392103+00:00;P0;23.25
4853;pms5003;3628;6.559;3.386;2026-02-21T15:53:14.429158+00:00;P2;35.50
4853;pms5003;3628;6.559;3.386;2026-02-21T15:53:14.429158+00:00;P1;47.00
4853;pms5003;3628;6.559;3.386;2026-02-21T15:53:14.429158+00:00;P0;24.00
4854;DHT22;3628;6.559;3.386;2026-02-21T15:53:38.438349+00:00;humidity;65.90
4854;DHT22;3628;6.559;3.386;2026-02-21T15:53:38.438349+00:00;temperature;36.70
4853;pms5003;3628;6.559;3.386;2026-02-21T15:58:46.873586+00:00;P2;39.00
4853;pms5003;3628;6.559;3.386;2026-02-21T15:58:46.873586+00:00;P1;51.00
4853;pms5003;3628;6.559;3.386;2026-02-21T15:58:46.873586+00:00;P0;24.00
4854;DHT22;3628;6.559;3.386;2026-02-21T15:59:09.408650+00:00;humidity;66.10
4854;DHT22;3628;6.559;3.386;2026-02-21T15:59:09.408650+00:00;temperature;36.50
4853;pms5003;3628;6.559;3.386;2026-02-21T16:04:27.194245+00:00;P2;35.50
4853;pms5003;3628;6.559;3.386;2026-02-21T16:04:27.194245+00:00;P1;53.00
4853;pms5003;3628;6.559;3.386;2026-02-21T16:04:27.194245+00:00;P0;24.00
4853;pms5003;3628;6.559;3.386;2026-02-21T16:20:29.328833+00:00;P2;39.00
4853;pms5003;3628;6.559;3.386;2026-02-21T16:20:29.328833+00:00;P1;57.20
4853;pms5003;3628;6.559;3.386;2026-02-21T16:20:29.328833+00:00;P0;26.00
4853;pms5003;3628;6.559;3.386;2026-02-21T16:25:53.518495+00:00;P2;39.25
4853;pms5003;3628;6.559;3.386;2026-02-21T16:25:53.518495+00:00;P1;57.25
4853;pms5003;3628;6.559;3.386;2026-02-21T16:25:53.518495+00:00;P0;26.00
4854;DHT22;3628;6.559;3.386;2026-02-21T16:26:13.886713+00:00;humidity;70.50
4854;DHT22;3628;6.559;3.386;2026-02-21T16:26:13.886713+00:00;temperature;35.60
4854;DHT22;3628;6.559;3.386;2026-02-21T16:31:40.419971+00:00;humidity;70.50
4854;DHT22;3628;6.559;3.386;2026-02-21T16:31:40.419971+00:00;temperature;35.30
4854;DHT22;3628;6.559;3.386;2026-02-21T16:37:07.801038+00:00;humidity;70.90
4854;DHT22;3628;6.559;3.386;2026-02-21T16:37:07.801038+00:00;temperature;35.20
4853;pms5003;3628;6.559;3.386;2026-02-21T16:42:25.475626+00:00;P2;36.50
4853;pms5003;3628;6.559;3.386;2026-02-21T16:42:25.475626+00:00;P1;56.00
4853;pms5003;3628;6.559;3.386;2026-02-21T16:42:25.475626+00:00;P0;24.00
4854;DHT22;3628;6.559;3.386;2026-02-21T16:42:46.363737+00:00;humidity;72.40
4854;DHT22;3628;6.559;3.386;2026-02-21T16:42:46.363737+00:00;temperature;34.90
4853;pms5003;3628;6.559;3.386;2026-02-21T16:48:00.248980+00:00;P2;40.50
4853;pms5003;3628;6.559;3.386;2026-02-21T16:48:00.248980+00:00;P1;62.00
4853;pms5003;3628;6.559;3.386;2026-02-21T16:48:00.248980+00:00;P0;26.50
4853;pms5003;3628;6.559;3.386;2026-02-21T16:53:24.686974+00:00;P2;38.00
4853;pms5003;3628;6.559;3.386;2026-02-21T16:53:24.686974+00:00;P1;52.25
4853;pms5003;3628;6.559;3.386;2026-02-21T16:53:24.686974+00:00;P0;23.00
4854;DHT22;3628;6.559;3.386;2026-02-21T16:53:42.411707+00:00;humidity;72.10
4854;DHT22;3628;6.559;3.386;2026-02-21T16:53:42.411707+00:00;temperature;34.80
4854;DHT22;3628;6.559;3.386;2026-02-21T16:59:17.683567+00:00;humidity;73.70
4854;DHT22;3628;6.559;3.386;2026-02-21T16:59:17.683567+00:00;temperature;34.60
4853;pms5003;3628;6.559;3.386;2026-02-21T17:15:12.196634+00:00;P2;35.50
4853;pms5003;3628;6.559;3.386;2026-02-21T17:15:12.196634+00:00;P1;50.50
4853;pms5003;3628;6.559;3.386;2026-02-21T17:15:12.196634+00:00;P0;23.00
4854;DHT22;3628;6.559;3.386;2026-02-21T17:15:29.691820+00:00;humidity;74.30
4854;DHT22;3628;6.559;3.386;2026-02-21T17:15:29.691820+00:00;temperature;34.30
4853;pms5003;3628;6.559;3.386;2026-02-21T17:20:46.891383+00:00;P2;38.25
4853;pms5003;3628;6.559;3.386;2026-02-21T17:20:46.891383+00:00;P1;55.25
4853;pms5003;3628;6.559;3.386;2026-02-21T17:20:46.891383+00:00;P0;23.75
4854;DHT22;3628;6.559;3.386;2026-02-21T17:21:04.279255+00:00;humidity;75.60
4854;DHT22;3628;6.559;3.386;2026-02-21T17:21:04.279255+00:00;temperature;33.90
4853;pms5003;3628;6.559;3.386;2026-02-21T17:26:21.541579+00:00;P2;35.00
4853;pms5003;3628;6.559;3.386;2026-02-21T17:26:21.541579+00:00;P1;52.00
4853;pms5003;3628;6.559;3.386;2026-02-21T17:26:21.541579+00:00;P0;22.80
4854;DHT22;3628;6.559;3.386;2026-02-21T17:26:38.906057+00:00;humidity;76.60
4854;DHT22;3628;6.559;3.386;2026-02-21T17:26:38.906057+00:00;temperature;33.90
4853;pms5003;3628;6.559;3.386;2026-02-21T17:31:56.101663+00:00;P2;37.50
4853;pms5003;3628;6.559;3.386;2026-02-21T17:31:56.101663+00:00;P1;48.00
4853;pms5003;3628;6.559;3.386;2026-02-21T17:31:56.101663+00:00;P0;23.50
4853;pms5003;3628;6.559;3.386;2026-02-21T17:58:26.932131+00:00;P2;39.00
4853;pms5003;3628;6.559;3.386;2026-02-21T17:58:26.932131+00:00;P1;55.00
4853;pms5003;3628;6.559;3.386;2026-02-21T17:58:26.932131+00:00;P0;24.00
4854;DHT22;3628;6.559;3.386;2026-02-21T17:58:44.381493+00:00;humidity;78.30
4854;DHT22;3628;6.559;3.386;2026-02-21T17:58:44.381493+00:00;temperature;33.10
4853;pms5003;3628;6.559;3.386;2026-02-21T18:04:01.581312+00:00;P2;39.60
4853;pms5003;3628;6.559;3.386;2026-02-21T18:04:01.581312+00:00;P1;55.20
4853;pms5003;3628;6.559;3.386;2026-02-21T18:04:01.581312+00:00;P0;26.00
4854;DHT22;3628;6.559;3.386;2026-02-21T18:04:19.025983+00:00;humidity;78.60
4854;DHT22;3628;6.559;3.386;2026-02-21T18:04:19.025983+00:00;temperature;33.20
4853;pms5003;3628;6.559;3.386;2026-02-21T18:09:36.272008+00:00;P2;38.25
4853;pms5003;3628;6.559;3.386;2026-02-21T18:09:36.272008+00:00;P1;52.25
4853;pms5003;3628;6.559;3.386;2026-02-21T18:09:36.272008+00:00;P0;25.25
4854;DHT22;3628;6.559;3.386;2026-02-21T18:09:53.650862+00:00;humidity;80.50
4854;DHT22;3628;6.559;3.386;2026-02-21T18:09:53.650862+00:00;temperature;33.00
4853;pms5003;3628;6.559;3.386;2026-02-21T18:15:10.857718+00:00;P2;37.00
4853;pms5003;3628;6.559;3.386;2026-02-21T18:15:10.857718+00:00;P1;53.40
4853;pms5003;3628;6.559;3.386;2026-02-21T18:15:10.857718+00:00;P0;24.00
4854;DHT22;3628;6.559;3.386;2026-02-21T18:15:32.210275+00:00;humidity;80.40
4854;DHT22;3628;6.559;3.386;2026-02-21T18:15:32.210275+00:00;temperature;33.00
4853;pms5003;3628;6.559;3.386;2026-02-21T18:20:49.538933+00:00;P2;38.00
4853;pms5003;3628;6.559;3.386;2026-02-21T18:20:49.538933+00:00;P1;53.25
4853;pms5003;3628;6.559;3.386;2026-02-21T18:20:49.538933+00:00;P0;24.00
4853;pms5003;3628;6.559;3.386;2026-02-21T18:26:13.246902+00:00;P2;36.75
4853;pms5003;3628;6.559;3.386;2026-02-21T18:26:13.246902+00:00;P1;54.00
4853;pms5003;3628;6.559;3.386;2026-02-21T18:26:13.246902+00:00;P0;23.75
4854;DHT22;3628;6.559;3.386;2026-02-21T18:26:30.611760+00:00;humidity;80.40
4854;DHT22;3628;6.559;3.386;2026-02-21T18:26:30.611760+00:00;temperature;32.90
4853;pms5003;3628;6.559;3.386;2026-02-21T18:31:47.928871+00:00;P2;42.00
4853;pms5003;3628;6.559;3.386;2026-02-21T18:31:47.928871+00:00;P1;62.25
4853;pms5003;3628;6.559;3.386;2026-02-21T18:31:47.928871+00:00;P0;27.00
4854;DHT22;3628;6.559;3.386;2026-02-21T18:42:55.054534+00:00;humidity;81.10
4854;DHT22;3628;6.559;3.386;2026-02-21T18:42:55.054534+00:00;temperature;32.80
4854;DHT22;3628;6.559;3.386;2026-02-21T18:58:53.228908+00:00;humidity;82.60
4854;DHT22;3628;6.559;3.386;2026-02-21T18:58:53.228908+00:00;temperature;32.50
4853;pms5003;3628;6.559;3.386;2026-02-21T19:04:10.511458+00:00;P2;34.50
4853;pms5003;3628;6.559;3.386;2026-02-21T19:04:10.511458+00:00;P1;49.75
4853;pms5003;3628;6.559;3.386;2026-02-21T19:04:10.511458+00:00;P0;21.75
4853;pms5003;3628;6.559;3.386;2026-02-21T19:09:45.104145+00:00;P2;38.00
4853;pms5003;3628;6.559;3.386;2026-02-21T19:09:45.104145+00:00;P1;52.25
4853;pms5003;3628;6.559;3.386;2026-02-21T19:09:45.104145+00:00;P0;23.25
4854;DHT22;3628;6.559;3.386;2026-02-21T19:10:02.500991+00:00;humidity;82.10
4854;DHT22;3628;6.559;3.386;2026-02-21T19:10:02.500991+00:00;temperature;32.40
4853;pms5003;3628;6.559;3.386;2026-02-21T19:15:19.652817+00:00;P2;36.00
4853;pms5003;3628;6.559;3.386;2026-02-21T19:15:19.652817+00:00;P1;49.00
4853;pms5003;3628;6.559;3.386;2026-02-21T19:15:19.652817+00:00;P0;24.00
4854;DHT22;3628;6.559;3.386;2026-02-21T19:15:37.164044+00:00;humidity;82.70
4854;DHT22;3628;6.559;3.386;2026-02-21T19:15:37.164044+00:00;temperature;32.40
4853;pms5003;3628;6.559;3.386;2026-02-21T19:20:54.444405+00:00;P2;35.25
4853;pms5003;3628;6.559;3.386;2026-02-21T19:20:54.444405+00:00;P1;52.25
4853;pms5003;3628;6.559;3.386;2026-02-21T19:20:54.444405+00:00;P0;23.25
4854;DHT22;3628;6.559;3.386;2026-02-21T19:21:11.956188+00:00;humidity;82.20
4854;DHT22;3628;6.559;3.386;2026-02-21T19:21:11.956188+00:00;temperature;32.50
4853;pms5003;3628;6.559;3.386;2026-02-21T19:26:29.186833+00:00;P2;39.00
4853;pms5003;3628;6.559;3.386;2026-02-21T19:26:29.186833+00:00;P1;59.50
4853;pms5003;3628;6.559;3.386;2026-02-21T19:26:29.186833+00:00;P0;26.50
4854;DHT22;3628;6.559;3.386;2026-02-21T19:26:46.469973+00:00;humidity;83.20
4854;DHT22;3628;6.559;3.386;2026-02-21T19:26:46.469973+00:00;temperature;32.40
4853;pms5003;3628;6.559;3.386;2026-02-21T19:32:03.692107+00:00;P2;41.40
4853;pms5003;3628;6.559;3.386;2026-02-21T19:32:03.692107+00:00;P1;57.40
4853;pms5003;3628;6.559;3.386;2026-02-21T19:32:03.692107+00:00;P0;27.00
4854;DHT22;3628;6.559;3.386;2026-02-21T19:42:58.376720+00:00;humidity;82.90
4854;DHT22;3628;6.559;3.386;2026-02-21T19:42:58.376720+00:00;temperature;32.30
4853;pms5003;3628;6.559;3.386;2026-02-21T19:48:15.696322+00:00;P2;39.00
4853;pms5003;3628;6.559;3.386;2026-02-21T19:48:15.696322+00:00;P1;52.50
4853;pms5003;3628;6.559;3.386;2026-02-21T19:48:15.696322+00:00;P0;25.25
4854;DHT22;3628;6.559;3.386;2026-02-21T19:48:33.040415+00:00;humidity;82.60
4854;DHT22;3628;6.559;3.386;2026-02-21T19:48:33.040415+00:00;temperature;32.40
4853;pms5003;3628;6.559;3.386;2026-02-21T19:53:50.372983+00:00;P2;41.00
4853;pms5003;3628;6.559;3.386;2026-02-21T19:53:50.372983+00:00;P1;57.40
4853;pms5003;3628;6.559;3.386;2026-02-21T19:53:50.372983+00:00;P0;27.00
4854;DHT22;3628;6.559;3.386;2026-02-21T19:54:07.731939+00:00;humidity;82.90
4854;DHT22;3628;6.559;3.386;2026-02-21T19:54:07.731939+00:00;temperature;32.40
4853;pms5003;3628;6.559;3.386;2026-02-21T19:59:24.960841+00:00;P2;37.25
4853;pms5003;3628;6.559;3.386;2026-02-21T19:59:24.960841+00:00;P1;53.00
4853;pms5003;3628;6.559;3.386;2026-02-21T19:59:24.960841+00:00;P0;23.25
4854;DHT22;3628;6.559;3.386;2026-02-21T19:59:42.323236+00:00;humidity;83.10
4854;DHT22;3628;6.559;3.386;2026-02-21T19:59:42.323236+00:00;temperature;32.30
4853;pms5003;3628;6.559;3.386;2026-02-21T20:04:59.495397+00:00;P2;37.20
4853;pms5003;3628;6.559;3.386;2026-02-21T20:04:59.495397+00:00;P1;52.40
4853;pms5003;3628;6.559;3.386;2026-02-21T20:04:59.495397+00:00;P0;23.20
4853;pms5003;3628;6.559;3.386;2026-02-21T20:10:23.232378+00:00;P2;33.00
4853;pms5003;3628;6.559;3.386;2026-02-21T20:10:23.232378+00:00;P1;55.00
4853;pms5003;3628;6.559;3.386;2026-02-21T20:10:23.232378+00:00;P0;22.00
4853;pms5003;3628;6.559;3.386;2026-02-21T20:15:50.416525+00:00;P2;39.25
4853;pms5003;3628;6.559;3.386;2026-02-21T20:15:50.416525+00:00;P1;55.25
4853;pms5003;3628;6.559;3.386;2026-02-21T20:15:50.416525+00:00;P0;24.25
4854;DHT22;3628;6.559;3.386;2026-02-21T20:21:34.566565+00:00;humidity;84.10
4854;DHT22;3628;6.559;3.386;2026-02-21T20:21:34.566565+00:00;temperature;32.20
4854;DHT22;3628;6.559;3.386;2026-02-21T20:26:58.445562+00:00;humidity;84.30
4854;DHT22;3628;6.559;3.386;2026-02-21T20:26:58.445562+00:00;temperature;32.10
4854;DHT22;3628;6.559;3.386;2026-02-21T20:32:42.097055+00:00;humidity;84.30
4854;DHT22;3628;6.559;3.386;2026-02-21T20:32:42.097055+00:00;temperature;32.10
4854;DHT22;3628;6.559;3.386;2026-02-21T21:46:16.677046+00:00;humidity;86.10
4854;DHT22;3628;6.559;3.386;2026-02-21T21:46:16.677046+00:00;temperature;32.00
4853;pms5003;3628;6.559;3.386;2026-02-21T21:51:33.971717+00:00;P2;43.00
4853;pms5003;3628;6.559;3.386;2026-02-21T21:51:33.971717+00:00;P1;64.67
4853;pms5003;3628;6.559;3.386;2026-02-21T21:51:33.971717+00:00;P0;28.00
4854;DHT22;3628;6.559;3.386;2026-02-21T21:51:51.330374+00:00;humidity;86.20
4854;DHT22;3628;6.559;3.386;2026-02-21T21:51:51.330374+00:00;temperature;32.00
4853;pms5003;3628;6.559;3.386;2026-02-21T21:57:08.572659+00:00;P2;35.00
4853;pms5003;3628;6.559;3.386;2026-02-21T21:57:08.572659+00:00;P1;52.00
4853;pms5003;3628;6.559;3.386;2026-02-21T21:57:08.572659+00:00;P0;24.00
4853;pms5003;3628;6.559;3.386;2026-02-21T22:02:32.616374+00:00;P2;35.75
4853;pms5003;3628;6.559;3.386;2026-02-21T22:02:32.616374+00:00;P1;54.75
4853;pms5003;3628;6.559;3.386;2026-02-21T22:02:32.616374+00:00;P0;23.50
4854;DHT22;3628;6.559;3.386;2026-02-21T22:02:50.004824+00:00;humidity;86.60
4854;DHT22;3628;6.559;3.386;2026-02-21T22:02:50.004824+00:00;temperature;31.90
4854;DHT22;3628;6.559;3.386;2026-02-21T22:08:14.152978+00:00;humidity;86.90
4854;DHT22;3628;6.559;3.386;2026-02-21T22:08:14.152978+00:00;temperature;31.80
4853;pms5003;3628;6.559;3.386;2026-02-21T22:13:31.388996+00:00;P2;40.50
4853;pms5003;3628;6.559;3.386;2026-02-21T22:13:31.388996+00:00;P1;61.50
4853;pms5003;3628;6.559;3.386;2026-02-21T22:13:31.388996+00:00;P0;26.50
4854;DHT22;3628;6.559;3.386;2026-02-21T22:13:48.806266+00:00;humidity;87.00
4854;DHT22;3628;6.559;3.386;2026-02-21T22:13:48.806266+00:00;temperature;31.80
4854;DHT22;3628;6.559;3.386;2026-02-21T22:19:12.604357+00:00;humidity;87.10
4854;DHT22;3628;6.559;3.386;2026-02-21T22:19:12.604357+00:00;temperature;31.80
4853;pms5003;3628;6.559;3.386;2026-02-21T22:24:29.828475+00:00;P2;35.00
4853;pms5003;3628;6.559;3.386;2026-02-21T22:24:29.828475+00:00;P1;53.60
4853;pms5003;3628;6.559;3.386;2026-02-21T22:24:29.828475+00:00;P0;23.00
4854;DHT22;3628;6.559;3.386;2026-02-21T22:24:47.200690+00:00;humidity;87.20
4854;DHT22;3628;6.559;3.386;2026-02-21T22:24:47.200690+00:00;temperature;31.70
4853;pms5003;3628;6.559;3.386;2026-02-21T22:35:28.174581+00:00;P2;38.00
4853;pms5003;3628;6.559;3.386;2026-02-21T22:35:28.174581+00:00;P1;58.75
4853;pms5003;3628;6.559;3.386;2026-02-21T22:35:28.174581+00:00;P0;25.75
4853;pms5003;3628;6.559;3.386;2026-02-21T22:41:02.722843+00:00;P2;42.00
4853;pms5003;3628;6.559;3.386;2026-02-21T22:41:02.722843+00:00;P1;60.80
4853;pms5003;3628;6.559;3.386;2026-02-21T22:41:02.722843+00:00;P0;27.20
4853;pms5003;3628;6.559;3.386;2026-02-21T22:46:27.004828+00:00;P2;40.75
4853;pms5003;3628;6.559;3.386;2026-02-21T22:46:27.004828+00:00;P1;61.25
4853;pms5003;3628;6.559;3.386;2026-02-21T22:46:27.004828+00:00;P0;25.50
4854;DHT22;3628;6.559;3.386;2026-02-21T22:51:58.113516+00:00;humidity;87.30
4854;DHT22;3628;6.559;3.386;2026-02-21T22:51:58.113516+00:00;temperature;31.70
4853;pms5003;3628;6.559;3.386;2026-02-21T22:57:15.389191+00:00;P2;37.25
4853;pms5003;3628;6.559;3.386;2026-02-21T22:57:15.389191+00:00;P1;56.75
4853;pms5003;3628;6.559;3.386;2026-02-21T22:57:15.389191+00:00;P0;23.00
4854;DHT22;3628;6.559;3.386;2026-02-21T22:57:32.765763+00:00;humidity;87.10
4854;DHT22;3628;6.559;3.386;2026-02-21T22:57:32.765763+00:00;temperature;31.70
4854;DHT22;3628;6.559;3.386;2026-02-21T23:03:07.257857+00:00;humidity;87.20
4854;DHT22;3628;6.559;3.386;2026-02-21T23:03:07.257857+00:00;temperature;31.70
4853;pms5003;3628;6.559;3.386;2026-02-21T23:08:24.498950+00:00;P2;36.50
4853;pms5003;3628;6.559;3.386;2026-02-21T23:08:24.498950+00:00;P1;48.00
4853;pms5003;3628;6.559;3.386;2026-02-21T23:08:24.498950+00:00;P0;23.50
4854;DHT22;3628;6.559;3.386;2026-02-21T23:08:41.934361+00:00;humidity;87.40
4854;DHT22;3628;6.559;3.386;2026-02-21T23:08:41.934361+00:00;temperature;31.70
4853;pms5003;3628;6.559;3.386;2026-02-21T23:13:59.026908+00:00;P2;34.00
4853;pms5003;3628;6.559;3.386;2026-02-21T23:13:59.026908+00:00;P1;51.50
4853;pms5003;3628;6.559;3.386;2026-02-21T23:13:59.026908+00:00;P0;21.25
4854;DHT22;3628;6.559;3.386;2026-02-21T23:14:16.404732+00:00;humidity;87.50
4854;DHT22;3628;6.559;3.386;2026-02-21T23:14:16.404732+00:00;temperature;31.60
4853;pms5003;3628;6.559;3.386;2026-02-21T23:19:33.561020+00:00;P2;38.75
4853;pms5003;3628;6.559;3.386;2026-02-21T23:19:33.561020+00:00;P1;52.50
4853;pms5003;3628;6.559;3.386;2026-02-21T23:19:33.561020+00:00;P0;24.50
4854;DHT22;3628;6.559;3.386;2026-02-21T23:19:51.004004+00:00;humidity;87.50
4854;DHT22;3628;6.559;3.386;2026-02-21T23:19:51.004004+00:00;temperature;31.60
4853;pms5003;3628;6.559;3.386;2026-02-21T23:25:08.343377+00:00;P2;38.00
4853;pms5003;3628;6.559;3.386;2026-02-21T23:25:08.343377+00:00;P1;51.00
4853;pms5003;3628;6.559;3.386;2026-02-21T23:25:08.343377+00:00;P0;24.00
4854;DHT22;3628;6.559;3.386;2026-02-21T23:25:25.756826+00:00;humidity;87.50
4854;DHT22;3628;6.559;3.386;2026-02-21T23:25:25.756826+00:00;temperature;31.60
4853;pms5003;3628;6.559;3.386;2026-02-21T23:30:42.976467+00:00;P2;37.00
4853;pms5003;3628;6.559;3.386;2026-02-21T23:30:42.976467+00:00;P1;56.25
4853;pms5003;3628;6.559;3.386;2026-02-21T23:30:42.976467+00:00;P0;22.00
4854;DHT22;3628;6.559;3.386;2026-02-21T23:31:00.355030+00:00;humidity;87.20
4854;DHT22;3628;6.559;3.386;2026-02-21T23:31:00.355030+00:00;temperature;31.60
4854;DHT22;3628;6.559;3.386;2026-02-21T23:36:28.125018+00:00;humidity;86.90
4854;DHT22;3628;6.559;3.386;2026-02-21T23:36:28.125018+00:00;temperature;31.70
4853;pms5003;3628;6.559;3.386;2026-02-21T23:41:45.327001+00:00;P2;33.00
4853;pms5003;3628;6.559;3.386;2026-02-21T23:41:45.327001+00:00;P1;44.50
4853;pms5003;3628;6.559;3.386;2026-02-21T23:41:45.327001+00:00;P0;20.00
4854;DHT22;3628;6.559;3.386;2026-02-21T23:42:02.660824+00:00;humidity;87.10
4854;DHT22;3628;6.559;3.386;2026-02-21T23:42:02.660824+00:00;temperature;31.70
4853;pms5003;3628;6.559;3.386;2026-02-21T23:47:19.859590+00:00;P2;34.00
4853;pms5003;3628;6.559;3.386;2026-02-21T23:47:19.859590+00:00;P1;42.75
4853;pms5003;3628;6.559;3.386;2026-02-21T23:47:19.859590+00:00;P0;21.00
4854;DHT22;3628;6.559;3.386;2026-02-21T23:47:37.228121+00:00;humidity;87.20
4854;DHT22;3628;6.559;3.386;2026-02-21T23:47:37.228121+00:00;temperature;31.60
4853;pms5003;3628;6.559;3.386;2026-02-21T23:52:54.442493+00:00;P2;32.50
4853;pms5003;3628;6.559;3.386;2026-02-21T23:52:54.442493+00:00;P1;52.00
4853;pms5003;3628;6.559;3.386;2026-02-21T23:52:54.442493+00:00;P0;20.75
4854;DHT22;3628;6.559;3.386;2026-02-21T23:53:11.849285+00:00;humidity;87.50
4854;DHT22;3628;6.559;3.386;2026-02-21T23:53:11.849285+00:00;temperature;31.50
4853;pms5003;3628;6.559;3.386;2026-02-21T23:58:29.135743+00:00;P2;32.40
4853;pms5003;3628;6.559;3.386;2026-02-21T23:58:29.135743+00:00;P1;51.00
4853;pms5003;3628;6.559;3.386;2026-02-21T23:58:29.135743+00:00;P0;21.00
4854;DHT22;3628;6.559;3.386;2026-02-21T23:58:46.591784+00:00;humidity;87.50
4854;DHT22;3628;6.559;3.386;2026-02-21T23:58:46.591784+00:00;temperature;31.50
4853;pms5003;3628;6.559;3.386;2026-02-22T00:04:03.801066+00:00;P2;35.00
4853;pms5003;3628;6.559;3.386;2026-02-22T00:04:03.801066+00:00;P1;52.00
4853;pms5003;3628;6.559;3.386;2026-02-22T00:04:03.801066+00:00;P0;22.67
4853;pms5003;3628;6.559;3.386;2026-02-22T00:09:38.443897+00:00;P2;34.75
4853;pms5003;3628;6.559;3.386;2026-02-22T00:09:38.443897+00:00;P1;47.75
4853;pms5003;3628;6.559;3.386;2026-02-22T00:09:38.443897+00:00;P0;21.50
4854;DHT22;3628;6.559;3.386;2026-02-22T00:09:55.838387+00:00;humidity;87.60
4854;DHT22;3628;6.559;3.386;2026-02-22T00:09:55.838387+00:00;temperature;31.50
4853;pms5003;3628;6.559;3.386;2026-02-22T00:15:13.048480+00:00;P2;37.80
4853;pms5003;3628;6.559;3.386;2026-02-22T00:15:13.048480+00:00;P1;52.20
4853;pms5003;3628;6.559;3.386;2026-02-22T00:15:13.048480+00:00;P0;23.00
4853;pms5003;3628;6.559;3.386;2026-02-22T00:20:37.216049+00:00;P2;48.00
4853;pms5003;3628;6.559;3.386;2026-02-22T00:20:37.216049+00:00;P1;69.00
4853;pms5003;3628;6.559;3.386;2026-02-22T00:20:37.216049+00:00;P0;29.00
4853;pms5003;3628;6.559;3.386;2026-02-22T00:26:00.921602+00:00;P2;52.00
4853;pms5003;3628;6.559;3.386;2026-02-22T00:26:00.921602+00:00;P1;80.75
4853;pms5003;3628;6.559;3.386;2026-02-22T00:26:00.921602+00:00;P0;32.00
4853;pms5003;3628;6.559;3.386;2026-02-22T06:01:46.921130+00:00;P2;47.00
4853;pms5003;3628;6.559;3.386;2026-02-22T06:01:46.921130+00:00;P1;64.00
4853;pms5003;3628;6.559;3.386;2026-02-22T06:01:46.921130+00:00;P0;31.50
4854;DHT22;3628;6.559;3.386;2026-02-22T06:02:04.287166+00:00;humidity;100.00
4854;DHT22;3628;6.559;3.386;2026-02-22T06:02:04.287166+00:00;temperature;29.80
4853;pms5003;3628;6.559;3.386;2026-02-22T06:07:21.685976+00:00;P2;47.00
4853;pms5003;3628;6.559;3.386;2026-02-22T06:07:21.685976+00:00;P1;67.00
4853;pms5003;3628;6.559;3.386;2026-02-22T06:07:21.685976+00:00;P0;30.00
4854;DHT22;3628;6.559;3.386;2026-02-22T06:12:55.252032+00:00;humidity;97.70
4854;DHT22;3628;6.559;3.386;2026-02-22T06:12:55.252032+00:00;temperature;30.70
4853;pms5003;3628;6.559;3.386;2026-02-22T09:41:42.220320+00:00;P2;37.25
4853;pms5003;3628;6.559;3.386;2026-02-22T09:41:42.220320+00:00;P1;59.25
4853;pms5003;3628;6.559;3.386;2026-02-22T09:41:42.220320+00:00;P0;22.50
4854;DHT22;3628;6.559;3.386;2026-02-22T10:08:08.629596+00:00;humidity;59.10
4854;DHT22;3628;6.559;3.386;2026-02-22T10:08:08.629596+00:00;temperature;40.60
4854;DHT22;3628;6.559;3.386;2026-02-22T10:23:39.549832+00:00;humidity;57.90
4854;DHT22;3628;6.559;3.386;2026-02-22T10:23:39.549832+00:00;temperature;40.00
4853;pms5003;3628;6.559;3.386;2026-02-22T10:28:56.735048+00:00;P2;36.50
4853;pms5003;3628;6.559;3.386;2026-02-22T10:28:56.735048+00:00;P1;51.50
4853;pms5003;3628;6.559;3.386;2026-02-22T10:28:56.735048+00:00;P0;23.00
4854;DHT22;3628;6.559;3.386;2026-02-22T10:29:14.135538+00:00;humidity;57.80
4854;DHT22;3628;6.559;3.386;2026-02-22T10:29:14.135538+00:00;temperature;40.20
4853;pms5003;3628;6.559;3.386;2026-02-22T10:39:44.757027+00:00;P2;40.75
4853;pms5003;3628;6.559;3.386;2026-02-22T10:39:44.757027+00:00;P1;62.00
4853;pms5003;3628;6.559;3.386;2026-02-22T10:39:44.757027+00:00;P0;26.00
4854;DHT22;3628;6.559;3.386;2026-02-22T10:45:15.245455+00:00;humidity;57.20
4854;DHT22;3628;6.559;3.386;2026-02-22T10:45:15.245455+00:00;temperature;40.40
4853;pms5003;3628;6.559;3.386;2026-02-22T10:50:32.470647+00:00;P2;39.50
4853;pms5003;3628;6.559;3.386;2026-02-22T10:50:32.470647+00:00;P1;57.00
4853;pms5003;3628;6.559;3.386;2026-02-22T10:50:32.470647+00:00;P0;26.50
4853;pms5003;3628;6.559;3.386;2026-02-22T10:56:46.090588+00:00;P2;39.40
4853;pms5003;3628;6.559;3.386;2026-02-22T10:56:46.090588+00:00;P1;57.60
4853;pms5003;3628;6.559;3.386;2026-02-22T10:56:46.090588+00:00;P0;25.80
4853;pms5003;3628;6.559;3.386;2026-02-22T11:01:21.030974+00:00;P2;40.67
4853;pms5003;3628;6.559;3.386;2026-02-22T11:01:21.030974+00:00;P1;58.33
4853;pms5003;3628;6.559;3.386;2026-02-22T11:01:21.030974+00:00;P0;25.67
4854;DHT22;3628;6.559;3.386;2026-02-22T11:01:38.433732+00:00;humidity;55.10
4854;DHT22;3628;6.559;3.386;2026-02-22T11:01:38.433732+00:00;temperature;41.00
4853;pms5003;3628;6.559;3.386;2026-02-22T11:06:55.663343+00:00;P2;44.75
4853;pms5003;3628;6.559;3.386;2026-02-22T11:06:55.663343+00:00;P1;68.50
4853;pms5003;3628;6.559;3.386;2026-02-22T11:06:55.663343+00:00;P0;29.00
4853;pms5003;3628;6.559;3.386;2026-02-22T11:12:19.854169+00:00;P2;43.50
4853;pms5003;3628;6.559;3.386;2026-02-22T11:12:19.854169+00:00;P1;62.00
4853;pms5003;3628;6.559;3.386;2026-02-22T11:12:19.854169+00:00;P0;28.00
4853;pms5003;3628;6.559;3.386;2026-02-22T11:17:43.931369+00:00;P2;42.00
4853;pms5003;3628;6.559;3.386;2026-02-22T11:17:43.931369+00:00;P1;61.50
4853;pms5003;3628;6.559;3.386;2026-02-22T11:17:43.931369+00:00;P0;27.00
4854;DHT22;3628;6.559;3.386;2026-02-22T11:18:01.326455+00:00;humidity;56.20
4854;DHT22;3628;6.559;3.386;2026-02-22T11:18:01.326455+00:00;temperature;40.70
4854;DHT22;3628;6.559;3.386;2026-02-22T11:23:25.612962+00:00;humidity;54.80
4854;DHT22;3628;6.559;3.386;2026-02-22T11:23:25.612962+00:00;temperature;40.80
4853;pms5003;3628;6.559;3.386;2026-02-22T11:28:59.839273+00:00;P2;41.60
4853;pms5003;3628;6.559;3.386;2026-02-22T11:28:59.839273+00:00;P1;63.00
4853;pms5003;3628;6.559;3.386;2026-02-22T11:28:59.839273+00:00;P0;27.00
4854;DHT22;3628;6.559;3.386;2026-02-22T11:34:24.760685+00:00;humidity;54.10
4854;DHT22;3628;6.559;3.386;2026-02-22T11:34:24.760685+00:00;temperature;41.00
4853;pms5003;3628;6.559;3.386;2026-02-22T11:39:41.971735+00:00;P2;41.25
4853;pms5003;3628;6.559;3.386;2026-02-22T11:39:41.971735+00:00;P1;61.50
4853;pms5003;3628;6.559;3.386;2026-02-22T11:39:41.971735+00:00;P0;25.50
4854;DHT22;3628;6.559;3.386;2026-02-22T11:39:59.310137+00:00;humidity;54.80
4854;DHT22;3628;6.559;3.386;2026-02-22T11:39:59.310137+00:00;temperature;41.20
4854;DHT22;3628;6.559;3.386;2026-02-22T11:45:23.289440+00:00;humidity;52.90
4854;DHT22;3628;6.559;3.386;2026-02-22T11:45:23.289440+00:00;temperature;41.90
4853;pms5003;3628;6.559;3.386;2026-02-22T11:50:40.511424+00:00;P2;44.00
4853;pms5003;3628;6.559;3.386;2026-02-22T11:50:40.511424+00:00;P1;61.00
4853;pms5003;3628;6.559;3.386;2026-02-22T11:50:40.511424+00:00;P0;27.67
4853;pms5003;3628;6.559;3.386;2026-02-22T11:56:04.431167+00:00;P2;37.25
4853;pms5003;3628;6.559;3.386;2026-02-22T11:56:04.431167+00:00;P1;74.75
4853;pms5003;3628;6.559;3.386;2026-02-22T11:56:04.431167+00:00;P0;25.25
4853;pms5003;3628;6.559;3.386;2026-02-22T12:06:43.134265+00:00;P2;40.25
4853;pms5003;3628;6.559;3.386;2026-02-22T12:06:43.134265+00:00;P1;62.25
4853;pms5003;3628;6.559;3.386;2026-02-22T12:06:43.134265+00:00;P0;25.50
4854;DHT22;3628;6.559;3.386;2026-02-22T12:12:13.762253+00:00;humidity;48.40
4854;DHT22;3628;6.559;3.386;2026-02-22T12:12:13.762253+00:00;temperature;42.60
4853;pms5003;3628;6.559;3.386;2026-02-22T12:23:26.558475+00:00;P2;50.25
4853;pms5003;3628;6.559;3.386;2026-02-22T12:23:26.558475+00:00;P1;70.00
4853;pms5003;3628;6.559;3.386;2026-02-22T12:23:26.558475+00:00;P0;32.75
4854;DHT22;3628;6.559;3.386;2026-02-22T12:28:36.173511+00:00;humidity;52.60
4854;DHT22;3628;6.559;3.386;2026-02-22T12:28:36.173511+00:00;temperature;42.00
4853;pms5003;3628;6.559;3.386;2026-02-22T12:33:53.392728+00:00;P2;40.00
4853;pms5003;3628;6.559;3.386;2026-02-22T12:33:53.392728+00:00;P1;58.00
4853;pms5003;3628;6.559;3.386;2026-02-22T12:33:53.392728+00:00;P0;26.00
4853;pms5003;3628;6.559;3.386;2026-02-22T13:00:17.573731+00:00;P2;38.20
4853;pms5003;3628;6.559;3.386;2026-02-22T13:00:17.573731+00:00;P1;54.40
4853;pms5003;3628;6.559;3.386;2026-02-22T13:00:17.573731+00:00;P0;23.20
4853;pms5003;3628;6.559;3.386;2026-02-22T13:05:41.467808+00:00;P2;38.75
4853;pms5003;3628;6.559;3.386;2026-02-22T13:05:41.467808+00:00;P1;60.75
4853;pms5003;3628;6.559;3.386;2026-02-22T13:05:41.467808+00:00;P0;24.75
4854;DHT22;3628;6.559;3.386;2026-02-22T13:05:58.912111+00:00;humidity;60.30
4854;DHT22;3628;6.559;3.386;2026-02-22T13:05:58.912111+00:00;temperature;39.20
4853;pms5003;3628;6.559;3.386;2026-02-22T13:11:16.272122+00:00;P2;40.00
4853;pms5003;3628;6.559;3.386;2026-02-22T13:11:16.272122+00:00;P1;62.75
4853;pms5003;3628;6.559;3.386;2026-02-22T13:11:16.272122+00:00;P0;24.25
4854;DHT22;3628;6.559;3.386;2026-02-22T13:11:33.748407+00:00;humidity;62.70
4854;DHT22;3628;6.559;3.386;2026-02-22T13:11:33.748407+00:00;temperature;38.10
4854;DHT22;3628;6.559;3.386;2026-02-22T13:22:21.251625+00:00;humidity;63.80
4854;DHT22;3628;6.559;3.386;2026-02-22T13:22:21.251625+00:00;temperature;37.70
4853;pms5003;3628;6.559;3.386;2026-02-22T13:27:38.493645+00:00;P2;41.50
4853;pms5003;3628;6.559;3.386;2026-02-22T13:27:38.493645+00:00;P1;58.00
4853;pms5003;3628;6.559;3.386;2026-02-22T13:27:38.493645+00:00;P0;27.00
4854;DHT22;3628;6.559;3.386;2026-02-22T13:27:55.807640+00:00;humidity;64.30
4854;DHT22;3628;6.559;3.386;2026-02-22T13:27:55.807640+00:00;temperature;37.70
4853;pms5003;3628;6.559;3.386;2026-02-22T13:33:12.980888+00:00;P2;38.75
4853;pms5003;3628;6.559;3.386;2026-02-22T13:33:12.980888+00:00;P1;62.00
4853;pms5003;3628;6.559;3.386;2026-02-22T13:33:12.980888+00:00;P0;24.00
4854;DHT22;3628;6.559;3.386;2026-02-22T13:38:54.675093+00:00;humidity;65.40
4854;DHT22;3628;6.559;3.386;2026-02-22T13:38:54.675093+00:00;temperature;37.10
4853;pms5003;3628;6.559;3.386;2026-02-22T13:44:11.870692+00:00;P2;40.00
4853;pms5003;3628;6.559;3.386;2026-02-22T13:44:11.870692+00:00;P1;53.50
4853;pms5003;3628;6.559;3.386;2026-02-22T13:44:11.870692+00:00;P0;25.00
4854;DHT22;3628;6.559;3.386;2026-02-22T13:50:09.724394+00:00;humidity;67.20
4854;DHT22;3628;6.559;3.386;2026-02-22T13:50:09.724394+00:00;temperature;36.40
4853;pms5003;3628;6.559;3.386;2026-02-22T13:55:42.317447+00:00;P2;36.00
4853;pms5003;3628;6.559;3.386;2026-02-22T13:55:42.317447+00:00;P1;47.60
4853;pms5003;3628;6.559;3.386;2026-02-22T13:55:42.317447+00:00;P0;24.00
4853;pms5003;3628;6.559;3.386;2026-02-22T14:06:15.296343+00:00;P2;36.25
4853;pms5003;3628;6.559;3.386;2026-02-22T14:06:15.296343+00:00;P1;55.50
4853;pms5003;3628;6.559;3.386;2026-02-22T14:06:15.296343+00:00;P0;24.00
4854;DHT22;3628;6.559;3.386;2026-02-22T14:06:32.802280+00:00;humidity;68.60
4854;DHT22;3628;6.559;3.386;2026-02-22T14:06:32.802280+00:00;temperature;35.80
4853;pms5003;3628;6.559;3.386;2026-02-22T14:11:50.015934+00:00;P2;38.75
4853;pms5003;3628;6.559;3.386;2026-02-22T14:11:50.015934+00:00;P1;60.00
4853;pms5003;3628;6.559;3.386;2026-02-22T14:11:50.015934+00:00;P0;23.00
4854;DHT22;3628;6.559;3.386;2026-02-22T14:12:07.329726+00:00;humidity;68.90
4854;DHT22;3628;6.559;3.386;2026-02-22T14:12:07.329726+00:00;temperature;35.70
4854;DHT22;3628;6.559;3.386;2026-02-22T14:17:31.547712+00:00;humidity;68.80
4854;DHT22;3628;6.559;3.386;2026-02-22T14:17:31.547712+00:00;temperature;35.60
4853;pms5003;3628;6.559;3.386;2026-02-22T14:22:48.747185+00:00;P2;37.00
4853;pms5003;3628;6.559;3.386;2026-02-22T14:22:48.747185+00:00;P1;54.00
4853;pms5003;3628;6.559;3.386;2026-02-22T14:22:48.747185+00:00;P0;25.00
4854;DHT22;3628;6.559;3.386;2026-02-22T14:23:06.223617+00:00;humidity;68.60
4854;DHT22;3628;6.559;3.386;2026-02-22T14:23:06.223617+00:00;temperature;35.90
4853;pms5003;3628;6.559;3.386;2026-02-22T14:28:23.488342+00:00;P2;35.75
4853;pms5003;3628;6.559;3.386;2026-02-22T14:28:23.488342+00:00;P1;53.25
4853;pms5003;3628;6.559;3.386;2026-02-22T14:28:23.488342+00:00;P0;22.50
4854;DHT22;3628;6.559;3.386;2026-02-22T14:28:40.897427+00:00;humidity;67.40
4854;DHT22;3628;6.559;3.386;2026-02-22T14:28:40.897427+00:00;temperature;36.60
4853;pms5003;3628;6.559;3.386;2026-02-22T14:39:11.718784+00:00;P2;34.00
4853;pms5003;3628;6.559;3.386;2026-02-22T14:39:11.718784+00:00;P1;51.25
4853;pms5003;3628;6.559;3.386;2026-02-22T14:39:11.718784+00:00;P0;21.00
4854;DHT22;3628;6.559;3.386;2026-02-22T14:39:29.102772+00:00;humidity;66.20
4854;DHT22;3628;6.559;3.386;2026-02-22T14:39:29.102772+00:00;temperature;37.00
4854;DHT22;3628;6.559;3.386;2026-02-22T14:44:55.782210+00:00;humidity;65.30
4854;DHT22;3628;6.559;3.386;2026-02-22T14:44:55.782210+00:00;temperature;37.40
4853;pms5003;3628;6.559;3.386;2026-02-22T14:50:13.028854+00:00;P2;39.00
4853;pms5003;3628;6.559;3.386;2026-02-22T14:50:13.028854+00:00;P1;59.33
4853;pms5003;3628;6.559;3.386;2026-02-22T14:50:13.028854+00:00;P0;24.00
4854;DHT22;3628;6.559;3.386;2026-02-22T14:50:30.396624+00:00;humidity;65.40
4854;DHT22;3628;6.559;3.386;2026-02-22T14:50:30.396624+00:00;temperature;37.40
4853;pms5003;3628;6.559;3.386;2026-02-22T15:11:51.949014+00:00;P2;39.75
4853;pms5003;3628;6.559;3.386;2026-02-22T15:11:51.949014+00:00;P1;58.50
4853;pms5003;3628;6.559;3.386;2026-02-22T15:11:51.949014+00:00;P0;23.75
4854;DHT22;3628;6.559;3.386;2026-02-22T15:22:48.812873+00:00;humidity;66.10
4854;DHT22;3628;6.559;3.386;2026-02-22T15:22:48.812873+00:00;temperature;37.00
4853;pms5003;3628;6.559;3.386;2026-02-22T15:28:08.994622+00:00;P2;35.00
4853;pms5003;3628;6.559;3.386;2026-02-22T15:28:08.994622+00:00;P1;53.00
4853;pms5003;3628;6.559;3.386;2026-02-22T15:28:08.994622+00:00;P0;23.00
4854;DHT22;3628;6.559;3.386;2026-02-22T15:28:26.363494+00:00;humidity;66.50
4854;DHT22;3628;6.559;3.386;2026-02-22T15:28:26.363494+00:00;temperature;37.00
4853;pms5003;3628;6.559;3.386;2026-02-22T15:39:07.406811+00:00;P2;37.40
4853;pms5003;3628;6.559;3.386;2026-02-22T15:39:07.406811+00:00;P1;48.80
4853;pms5003;3628;6.559;3.386;2026-02-22T15:39:07.406811+00:00;P0;23.00
4853;pms5003;3628;6.559;3.386;2026-02-22T15:44:34.414184+00:00;P2;46.00
4853;pms5003;3628;6.559;3.386;2026-02-22T15:44:34.414184+00:00;P1;65.33
4853;pms5003;3628;6.559;3.386;2026-02-22T15:44:34.414184+00:00;P0;28.33
4853;pms5003;3628;6.559;3.386;2026-02-22T15:55:12.179594+00:00;P2;36.00
4853;pms5003;3628;6.559;3.386;2026-02-22T15:55:12.179594+00:00;P1;59.67
4853;pms5003;3628;6.559;3.386;2026-02-22T15:55:12.179594+00:00;P0;23.67
4854;DHT22;3628;6.559;3.386;2026-02-22T15:55:29.550636+00:00;humidity;67.80
4854;DHT22;3628;6.559;3.386;2026-02-22T15:55:29.550636+00:00;temperature;36.10
4853;pms5003;3628;6.559;3.386;2026-02-22T16:06:00.331147+00:00;P2;36.75
4853;pms5003;3628;6.559;3.386;2026-02-22T16:06:00.331147+00:00;P1;58.00
4853;pms5003;3628;6.559;3.386;2026-02-22T16:06:00.331147+00:00;P0;22.75
4853;pms5003;3628;6.559;3.386;2026-02-22T16:11:24.136282+00:00;P2;37.20
4853;pms5003;3628;6.559;3.386;2026-02-22T16:11:24.136282+00:00;P1;54.60
4853;pms5003;3628;6.559;3.386;2026-02-22T16:11:24.136282+00:00;P0;24.40
4854;DHT22;3628;6.559;3.386;2026-02-22T16:16:54.588036+00:00;humidity;69.00
4854;DHT22;3628;6.559;3.386;2026-02-22T16:16:54.588036+00:00;temperature;35.60
4853;pms5003;3628;6.559;3.386;2026-02-22T16:27:29.725565+00:00;P2;36.25
4853;pms5003;3628;6.559;3.386;2026-02-22T16:27:29.725565+00:00;P1;54.75
4853;pms5003;3628;6.559;3.386;2026-02-22T16:27:29.725565+00:00;P0;23.00
4854;DHT22;3628;6.559;3.386;2026-02-22T16:33:21.615847+00:00;humidity;70.30
4854;DHT22;3628;6.559;3.386;2026-02-22T16:33:21.615847+00:00;temperature;35.10
4853;pms5003;3628;6.559;3.386;2026-02-22T16:38:38.937156+00:00;P2;33.00
4853;pms5003;3628;6.559;3.386;2026-02-22T16:38:38.937156+00:00;P1;51.80
4853;pms5003;3628;6.559;3.386;2026-02-22T16:38:38.937156+00:00;P0;22.00
4853;pms5003;3628;6.559;3.386;2026-02-22T16:44:02.807005+00:00;P2;39.00
4853;pms5003;3628;6.559;3.386;2026-02-22T16:44:02.807005+00:00;P1;57.00
4853;pms5003;3628;6.559;3.386;2026-02-22T16:44:02.807005+00:00;P0;24.00
4854;DHT22;3628;6.559;3.386;2026-02-22T16:44:23.039371+00:00;humidity;71.80
4854;DHT22;3628;6.559;3.386;2026-02-22T16:44:23.039371+00:00;temperature;34.70
4853;pms5003;3628;6.559;3.386;2026-02-22T16:49:40.299171+00:00;P2;37.00
4853;pms5003;3628;6.559;3.386;2026-02-22T16:49:40.299171+00:00;P1;54.25
4853;pms5003;3628;6.559;3.386;2026-02-22T16:49:40.299171+00:00;P0;22.00
4853;pms5003;3628;6.559;3.386;2026-02-22T16:55:04.618476+00:00;P2;36.00
4853;pms5003;3628;6.559;3.386;2026-02-22T16:55:04.618476+00:00;P1;57.00
4853;pms5003;3628;6.559;3.386;2026-02-22T16:55:04.618476+00:00;P0;22.25
4854;DHT22;3628;6.559;3.386;2026-02-22T16:55:22.009424+00:00;humidity;72.60
4854;DHT22;3628;6.559;3.386;2026-02-22T16:55:22.009424+00:00;temperature;34.40
4853;pms5003;3628;6.559;3.386;2026-02-22T17:00:39.201145+00:00;P2;33.00
4853;pms5003;3628;6.559;3.386;2026-02-22T17:00:39.201145+00:00;P1;50.00
4853;pms5003;3628;6.559;3.386;2026-02-22T17:00:39.201145+00:00;P0;21.60
4854;DHT22;3628;6.559;3.386;2026-02-22T17:11:45.195624+00:00;humidity;75.10
4854;DHT22;3628;6.559;3.386;2026-02-22T17:11:45.195624+00:00;temperature;33.80
4853;pms5003;3628;6.559;3.386;2026-02-22T17:17:02.468158+00:00;P2;37.50
4853;pms5003;3628;6.559;3.386;2026-02-22T17:17:02.468158+00:00;P1;52.50
4853;pms5003;3628;6.559;3.386;2026-02-22T17:17:02.468158+00:00;P0;22.50
4854;DHT22;3628;6.559;3.386;2026-02-22T17:17:19.818743+00:00;humidity;75.20
4854;DHT22;3628;6.559;3.386;2026-02-22T17:17:19.818743+00:00;temperature;33.80
4853;pms5003;3628;6.559;3.386;2026-02-22T17:22:37.073746+00:00;P2;35.75
4853;pms5003;3628;6.559;3.386;2026-02-22T17:22:37.073746+00:00;P1;51.50
4853;pms5003;3628;6.559;3.386;2026-02-22T17:22:37.073746+00:00;P0;21.50
4854;DHT22;3628;6.559;3.386;2026-02-22T17:22:54.525689+00:00;humidity;75.70
4854;DHT22;3628;6.559;3.386;2026-02-22T17:22:54.525689+00:00;temperature;33.80
4853;pms5003;3628;6.559;3.386;2026-02-22T17:28:11.858342+00:00;P2;37.00
4853;pms5003;3628;6.559;3.386;2026-02-22T17:28:11.858342+00:00;P1;60.33
4853;pms5003;3628;6.559;3.386;2026-02-22T17:28:11.858342+00:00;P0;22.00
4854;DHT22;3628;6.559;3.386;2026-02-22T17:33:53.183248+00:00;humidity;75.50
4854;DHT22;3628;6.559;3.386;2026-02-22T17:33:53.183248+00:00;temperature;33.60
4853;pms5003;3628;6.559;3.386;2026-02-22T17:39:10.386383+00:00;P2;32.00
4853;pms5003;3628;6.559;3.386;2026-02-22T17:39:10.386383+00:00;P1;54.00
4853;pms5003;3628;6.559;3.386;2026-02-22T17:39:10.386383+00:00;P0;20.00
4854;DHT22;3628;6.559;3.386;2026-02-22T17:39:27.751669+00:00;humidity;75.60
4854;DHT22;3628;6.559;3.386;2026-02-22T17:39:27.751669+00:00;temperature;33.40
4853;pms5003;3628;6.559;3.386;2026-02-22T17:44:45.014763+00:00;P2;32.50
4853;pms5003;3628;6.559;3.386;2026-02-22T17:44:45.014763+00:00;P1;53.00
4853;pms5003;3628;6.559;3.386;2026-02-22T17:44:45.014763+00:00;P0;20.50
4853;pms5003;3628;6.559;3.386;2026-02-22T17:55:59.666562+00:00;P2;36.00
4853;pms5003;3628;6.559;3.386;2026-02-22T17:55:59.666562+00:00;P1;54.33
4853;pms5003;3628;6.559;3.386;2026-02-22T17:55:59.666562+00:00;P0;23.00
4853;pms5003;3628;6.559;3.386;2026-02-22T18:01:50.897271+00:00;P2;35.00
4853;pms5003;3628;6.559;3.386;2026-02-22T18:01:50.897271+00:00;P1;53.50
4853;pms5003;3628;6.559;3.386;2026-02-22T18:01:50.897271+00:00;P0;23.00
4854;DHT22;3628;6.559;3.386;2026-02-22T18:06:52.901791+00:00;humidity;79.50
4854;DHT22;3628;6.559;3.386;2026-02-22T18:06:52.901791+00:00;temperature;32.70
4853;pms5003;3628;6.559;3.386;2026-02-22T18:12:10.130570+00:00;P2;36.00
4853;pms5003;3628;6.559;3.386;2026-02-22T18:12:10.130570+00:00;P1;54.00
4853;pms5003;3628;6.559;3.386;2026-02-22T18:12:10.130570+00:00;P0;21.60
4854;DHT22;3628;6.559;3.386;2026-02-22T18:12:27.501645+00:00;humidity;78.60
4854;DHT22;3628;6.559;3.386;2026-02-22T18:12:27.501645+00:00;temperature;32.80
4853;pms5003;3628;6.559;3.386;2026-02-22T18:17:44.777001+00:00;P2;36.50
4853;pms5003;3628;6.559;3.386;2026-02-22T18:17:44.777001+00:00;P1;56.25
4853;pms5003;3628;6.559;3.386;2026-02-22T18:17:44.777001+00:00;P0;22.00
4853;pms5003;3628;6.559;3.386;2026-02-22T18:23:08.962715+00:00;P2;36.00
4853;pms5003;3628;6.559;3.386;2026-02-22T18:23:08.962715+00:00;P1;58.00
4853;pms5003;3628;6.559;3.386;2026-02-22T18:23:08.962715+00:00;P0;23.00
4854;DHT22;3628;6.559;3.386;2026-02-22T18:23:26.755074+00:00;humidity;79.90
4854;DHT22;3628;6.559;3.386;2026-02-22T18:23:26.755074+00:00;temperature;32.70
4853;pms5003;3628;6.559;3.386;2026-02-22T18:28:43.832533+00:00;P2;41.75
4853;pms5003;3628;6.559;3.386;2026-02-22T18:28:43.832533+00:00;P1;64.50
4853;pms5003;3628;6.559;3.386;2026-02-22T18:28:43.832533+00:00;P0;24.75
4854;DHT22;3628;6.559;3.386;2026-02-22T18:39:38.841427+00:00;humidity;80.80
4854;DHT22;3628;6.559;3.386;2026-02-22T18:39:38.841427+00:00;temperature;32.50
4853;pms5003;3628;6.559;3.386;2026-02-22T18:44:56.162110+00:00;P2;40.40
4853;pms5003;3628;6.559;3.386;2026-02-22T18:44:56.162110+00:00;P1;56.20
4853;pms5003;3628;6.559;3.386;2026-02-22T18:44:56.162110+00:00;P0;24.40
4854;DHT22;3628;6.559;3.386;2026-02-22T18:45:13.413363+00:00;humidity;81.60
4854;DHT22;3628;6.559;3.386;2026-02-22T18:45:13.413363+00:00;temperature;32.30
4853;pms5003;3628;6.559;3.386;2026-02-22T18:50:30.604827+00:00;P2;38.00
4853;pms5003;3628;6.559;3.386;2026-02-22T18:50:30.604827+00:00;P1;53.00
4853;pms5003;3628;6.559;3.386;2026-02-22T18:50:30.604827+00:00;P0;22.50
4854;DHT22;3628;6.559;3.386;2026-02-22T18:50:47.978529+00:00;humidity;81.20
4854;DHT22;3628;6.559;3.386;2026-02-22T18:50:47.978529+00:00;temperature;32.40
4853;pms5003;3628;6.559;3.386;2026-02-22T19:01:21.828508+00:00;P2;36.50
4853;pms5003;3628;6.559;3.386;2026-02-22T19:01:21.828508+00:00;P1;51.00
4853;pms5003;3628;6.559;3.386;2026-02-22T19:01:21.828508+00:00;P0;22.00
4854;DHT22;3628;6.559;3.386;2026-02-22T19:06:52.519450+00:00;humidity;81.60
4854;DHT22;3628;6.559;3.386;2026-02-22T19:06:52.519450+00:00;temperature;32.30
4854;DHT22;3628;6.559;3.386;2026-02-22T19:12:27.000157+00:00;humidity;82.40
4854;DHT22;3628;6.559;3.386;2026-02-22T19:12:27.000157+00:00;temperature;32.30
4854;DHT22;3628;6.559;3.386;2026-02-22T19:18:01.989350+00:00;humidity;82.60
4854;DHT22;3628;6.559;3.386;2026-02-22T19:18:01.989350+00:00;temperature;32.30
4854;DHT22;3628;6.559;3.386;2026-02-22T19:59:47.260483+00:00;humidity;84.30
4854;DHT22;3628;6.559;3.386;2026-02-22T19:59:47.260483+00:00;temperature;32.40
4853;pms5003;3628;6.559;3.386;2026-02-22T20:05:04.519424+00:00;P2;33.00
4853;pms5003;3628;6.559;3.386;2026-02-22T20:05:04.519424+00:00;P1;51.75
4853;pms5003;3628;6.559;3.386;2026-02-22T20:05:04.519424+00:00;P0;20.25
4853;pms5003;3628;6.559;3.386;2026-02-22T20:10:31.746835+00:00;P2;35.25
4853;pms5003;3628;6.559;3.386;2026-02-22T20:10:31.746835+00:00;P1;49.75
4853;pms5003;3628;6.559;3.386;2026-02-22T20:10:31.746835+00:00;P0;24.00
4854;DHT22;3628;6.559;3.386;2026-02-22T20:10:54.875329+00:00;humidity;84.50
4854;DHT22;3628;6.559;3.386;2026-02-22T20:10:54.875329+00:00;temperature;32.30
4853;pms5003;3628;6.559;3.386;2026-02-22T20:21:44.308963+00:00;P2;34.00
4853;pms5003;3628;6.559;3.386;2026-02-22T20:21:44.308963+00:00;P1;53.00
4853;pms5003;3628;6.559;3.386;2026-02-22T20:21:44.308963+00:00;P0;22.33
4854;DHT22;3628;6.559;3.386;2026-02-22T20:22:04.284685+00:00;humidity;85.20
4854;DHT22;3628;6.559;3.386;2026-02-22T20:22:04.284685+00:00;temperature;32.10
4853;pms5003;3628;6.559;3.386;2026-02-22T20:27:24.421598+00:00;P2;36.00
4853;pms5003;3628;6.559;3.386;2026-02-22T20:27:24.421598+00:00;P1;56.67
4853;pms5003;3628;6.559;3.386;2026-02-22T20:27:24.421598+00:00;P0;22.33
4854;DHT22;3628;6.559;3.386;2026-02-22T20:27:41.795872+00:00;humidity;85.50
4854;DHT22;3628;6.559;3.386;2026-02-22T20:27:41.795872+00:00;temperature;32.00
4853;pms5003;3628;6.559;3.386;2026-02-22T20:43:51.199964+00:00;P2;36.00
4853;pms5003;3628;6.559;3.386;2026-02-22T20:43:51.199964+00:00;P1;56.00
4853;pms5003;3628;6.559;3.386;2026-02-22T20:43:51.199964+00:00;P0;22.50
4853;pms5003;3628;6.559;3.386;2026-02-22T20:55:24.887559+00:00;P2;35.50
4853;pms5003;3628;6.559;3.386;2026-02-22T20:55:24.887559+00:00;P1;48.00
4853;pms5003;3628;6.559;3.386;2026-02-22T20:55:24.887559+00:00;P0;21.50
4854;DHT22;3628;6.559;3.386;2026-02-22T21:16:05.401685+00:00;humidity;84.90
4854;DHT22;3628;6.559;3.386;2026-02-22T21:16:05.401685+00:00;temperature;32.00
4853;pms5003;3628;6.559;3.386;2026-02-22T21:26:39.147472+00:00;P2;43.75
4853;pms5003;3628;6.559;3.386;2026-02-22T21:26:39.147472+00:00;P1;63.25
4853;pms5003;3628;6.559;3.386;2026-02-22T21:26:39.147472+00:00;P0;25.75
4854;DHT22;3628;6.559;3.386;2026-02-22T21:26:56.576086+00:00;humidity;85.60
4854;DHT22;3628;6.559;3.386;2026-02-22T21:26:56.576086+00:00;temperature;31.90
4854;DHT22;3628;6.559;3.386;2026-02-22T21:37:44.076615+00:00;humidity;85.90
4854;DHT22;3628;6.559;3.386;2026-02-22T21:37:44.076615+00:00;temperature;31.80
4853;pms5003;3628;6.559;3.386;2026-02-22T21:43:01.254564+00:00;P2;45.20
4853;pms5003;3628;6.559;3.386;2026-02-22T21:43:01.254564+00:00;P1;63.80
4853;pms5003;3628;6.559;3.386;2026-02-22T21:43:01.254564+00:00;P0;26.60
4854;DHT22;3628;6.559;3.386;2026-02-22T21:43:18.635014+00:00;humidity;86.00
4854;DHT22;3628;6.559;3.386;2026-02-22T21:43:18.635014+00:00;temperature;31.70
4853;pms5003;3628;6.559;3.386;2026-02-22T21:53:48.854088+00:00;P2;45.75
4853;pms5003;3628;6.559;3.386;2026-02-22T21:53:48.854088+00:00;P1;64.25
4853;pms5003;3628;6.559;3.386;2026-02-22T21:53:48.854088+00:00;P0;28.25
4854;DHT22;3628;6.559;3.386;2026-02-22T21:54:06.210360+00:00;humidity;85.80
4854;DHT22;3628;6.559;3.386;2026-02-22T21:54:06.210360+00:00;temperature;31.80
4853;pms5003;3628;6.559;3.386;2026-02-22T22:04:36.346826+00:00;P2;45.25
4853;pms5003;3628;6.559;3.386;2026-02-22T22:04:36.346826+00:00;P1;65.50
4853;pms5003;3628;6.559;3.386;2026-02-22T22:04:36.346826+00:00;P0;27.25
4854;DHT22;3628;6.559;3.386;2026-02-22T22:04:53.850579+00:00;humidity;85.80
4854;DHT22;3628;6.559;3.386;2026-02-22T22:04:53.850579+00:00;temperature;31.70
4853;pms5003;3628;6.559;3.386;2026-02-22T22:10:11.089941+00:00;P2;43.25
4853;pms5003;3628;6.559;3.386;2026-02-22T22:10:11.089941+00:00;P1;61.25
4853;pms5003;3628;6.559;3.386;2026-02-22T22:10:11.089941+00:00;P0;26.75
4853;pms5003;3628;6.559;3.386;2026-02-22T22:15:35.074212+00:00;P2;40.00
4853;pms5003;3628;6.559;3.386;2026-02-22T22:15:35.074212+00:00;P1;60.00
4853;pms5003;3628;6.559;3.386;2026-02-22T22:15:35.074212+00:00;P0;24.75
4853;pms5003;3628;6.559;3.386;2026-02-22T22:21:09.748712+00:00;P2;38.00
4853;pms5003;3628;6.559;3.386;2026-02-22T22:21:09.748712+00:00;P1;55.00
4853;pms5003;3628;6.559;3.386;2026-02-22T22:21:09.748712+00:00;P0;24.00
4854;DHT22;3628;6.559;3.386;2026-02-22T22:21:27.118238+00:00;humidity;85.50
4854;DHT22;3628;6.559;3.386;2026-02-22T22:21:27.118238+00:00;temperature;31.80
4853;pms5003;3628;6.559;3.386;2026-02-22T22:26:44.369579+00:00;P2;37.80
4853;pms5003;3628;6.559;3.386;2026-02-22T22:26:44.369579+00:00;P1;60.20
4853;pms5003;3628;6.559;3.386;2026-02-22T22:26:44.369579+00:00;P0;23.80
4854;DHT22;3628;6.559;3.386;2026-02-22T22:27:01.928725+00:00;humidity;85.90
4854;DHT22;3628;6.559;3.386;2026-02-22T22:27:01.928725+00:00;temperature;31.70
4854;DHT22;3628;6.559;3.386;2026-02-22T22:33:34.895156+00:00;humidity;85.30
4854;DHT22;3628;6.559;3.386;2026-02-22T22:33:34.895156+00:00;temperature;31.80
4853;pms5003;3628;6.559;3.386;2026-02-22T22:37:53.986156+00:00;P2;42.50
4853;pms5003;3628;6.559;3.386;2026-02-22T22:37:53.986156+00:00;P1;59.50
4853;pms5003;3628;6.559;3.386;2026-02-22T22:37:53.986156+00:00;P0;27.50
4854;DHT22;3628;6.559;3.386;2026-02-22T22:38:11.390974+00:00;humidity;85.30
4854;DHT22;3628;6.559;3.386;2026-02-22T22:38:11.390974+00:00;temperature;31.80
4853;pms5003;3628;6.559;3.386;2026-02-22T22:43:28.642604+00:00;P2;44.00
4853;pms5003;3628;6.559;3.386;2026-02-22T22:43:28.642604+00:00;P1;60.50
4853;pms5003;3628;6.559;3.386;2026-02-22T22:43:28.642604+00:00;P0;27.25
4854;DHT22;3628;6.559;3.386;2026-02-22T22:43:46.027457+00:00;humidity;85.40
4854;DHT22;3628;6.559;3.386;2026-02-22T22:43:46.027457+00:00;temperature;31.70
4853;pms5003;3628;6.559;3.386;2026-02-22T22:49:40.522822+00:00;P2;49.80
4853;pms5003;3628;6.559;3.386;2026-02-22T22:49:40.522822+00:00;P1;72.40
4853;pms5003;3628;6.559;3.386;2026-02-22T22:49:40.522822+00:00;P0;29.80
4853;pms5003;3628;6.559;3.386;2026-02-22T22:54:27.612445+00:00;P2;49.50
4853;pms5003;3628;6.559;3.386;2026-02-22T22:54:27.612445+00:00;P1;70.50
4853;pms5003;3628;6.559;3.386;2026-02-22T22:54:27.612445+00:00;P0;29.00
4854;DHT22;3628;6.559;3.386;2026-02-22T22:54:44.987160+00:00;humidity;86.10
4854;DHT22;3628;6.559;3.386;2026-02-22T22:54:44.987160+00:00;temperature;31.70
4853;pms5003;3628;6.559;3.386;2026-02-22T23:00:02.342363+00:00;P2;47.00
4853;pms5003;3628;6.559;3.386;2026-02-22T23:00:02.342363+00:00;P1;66.75
4853;pms5003;3628;6.559;3.386;2026-02-22T23:00:02.342363+00:00;P0;28.25
4854;DHT22;3628;6.559;3.386;2026-02-22T23:00:22.466941+00:00;humidity;85.80
4854;DHT22;3628;6.559;3.386;2026-02-22T23:00:22.466941+00:00;temperature;31.60
4854;DHT22;3628;6.559;3.386;2026-02-22T23:05:57.192495+00:00;humidity;85.90
4854;DHT22;3628;6.559;3.386;2026-02-22T23:05:57.192495+00:00;temperature;31.60
4853;pms5003;3628;6.559;3.386;2026-02-23T06:05:04.228593+00:00;P2;47.00
4853;pms5003;3628;6.559;3.386;2026-02-23T06:05:04.228593+00:00;P1;60.50
4853;pms5003;3628;6.559;3.386;2026-02-23T06:05:04.228593+00:00;P0;31.00
4854;DHT22;3628;6.559;3.386;2026-02-23T06:10:48.534416+00:00;humidity;100.00
4854;DHT22;3628;6.559;3.386;2026-02-23T06:10:48.534416+00:00;temperature;30.50
4854;DHT22;3628;6.559;3.386;2026-02-23T10:02:50.513186+00:00;humidity;62.00
4854;DHT22;3628;6.559;3.386;2026-02-23T10:02:50.513186+00:00;temperature;39.20
4853;pms5003;3628;6.559;3.386;2026-02-23T10:08:07.743083+00:00;P2;44.00
4853;pms5003;3628;6.559;3.386;2026-02-23T10:08:07.743083+00:00;P1;64.00
4853;pms5003;3628;6.559;3.386;2026-02-23T10:08:07.743083+00:00;P0;28.00
4854;DHT22;3628;6.559;3.386;2026-02-23T10:08:25.265110+00:00;humidity;65.30
4854;DHT22;3628;6.559;3.386;2026-02-23T10:08:25.265110+00:00;temperature;37.40
4853;pms5003;3628;6.559;3.386;2026-02-23T10:13:42.309260+00:00;P2;45.75
4853;pms5003;3628;6.559;3.386;2026-02-23T10:13:42.309260+00:00;P1;60.50
4853;pms5003;3628;6.559;3.386;2026-02-23T10:13:42.309260+00:00;P0;29.00
4854;DHT22;3628;6.559;3.386;2026-02-23T10:13:59.641007+00:00;humidity;65.20
4854;DHT22;3628;6.559;3.386;2026-02-23T10:13:59.641007+00:00;temperature;37.50
4853;pms5003;3628;6.559;3.386;2026-02-23T10:19:16.804600+00:00;P2;42.25
4853;pms5003;3628;6.559;3.386;2026-02-23T10:19:16.804600+00:00;P1;61.00
4853;pms5003;3628;6.559;3.386;2026-02-23T10:19:16.804600+00:00;P0;27.00
4854;DHT22;3628;6.559;3.386;2026-02-23T10:24:50.033229+00:00;humidity;62.70
4854;DHT22;3628;6.559;3.386;2026-02-23T10:24:50.033229+00:00;temperature;38.80
4853;pms5003;3628;6.559;3.386;2026-02-23T10:39:47.109697+00:00;P2;39.00
4853;pms5003;3628;6.559;3.386;2026-02-23T10:39:47.109697+00:00;P1;60.50
4853;pms5003;3628;6.559;3.386;2026-02-23T10:39:47.109697+00:00;P0;26.00
4853;pms5003;3628;6.559;3.386;2026-02-23T10:47:31.564358+00:00;P2;40.40
4853;pms5003;3628;6.559;3.386;2026-02-23T10:47:31.564358+00:00;P1;57.00
4853;pms5003;3628;6.559;3.386;2026-02-23T10:47:31.564358+00:00;P0;25.00
4854;DHT22;3628;6.559;3.386;2026-02-23T10:47:49.031379+00:00;humidity;62.90
4854;DHT22;3628;6.559;3.386;2026-02-23T10:47:49.031379+00:00;temperature;37.60
4854;DHT22;3628;6.559;3.386;2026-02-23T11:45:57.869511+00:00;humidity;67.70
4854;DHT22;3628;6.559;3.386;2026-02-23T11:45:57.869511+00:00;temperature;35.60
4854;DHT22;3628;6.559;3.386;2026-02-23T11:57:46.609235+00:00;humidity;67.40
4854;DHT22;3628;6.559;3.386;2026-02-23T11:57:46.609235+00:00;temperature;35.60
4853;pms5003;3628;6.559;3.386;2026-02-23T12:08:17.073948+00:00;P2;36.50
4853;pms5003;3628;6.559;3.386;2026-02-23T12:08:17.073948+00:00;P1;54.00
4853;pms5003;3628;6.559;3.386;2026-02-23T12:08:17.073948+00:00;P0;22.50
4854;DHT22;3628;6.559;3.386;2026-02-23T12:08:34.452183+00:00;humidity;63.80
4854;DHT22;3628;6.559;3.386;2026-02-23T12:08:34.452183+00:00;temperature;37.50
4853;pms5003;3628;6.559;3.386;2026-02-23T12:14:29.628317+00:00;P2;35.50
4853;pms5003;3628;6.559;3.386;2026-02-23T12:14:29.628317+00:00;P1;52.50
4853;pms5003;3628;6.559;3.386;2026-02-23T12:14:29.628317+00:00;P0;22.50
4854;DHT22;3628;6.559;3.386;2026-02-23T12:14:46.957370+00:00;humidity;61.70
4854;DHT22;3628;6.559;3.386;2026-02-23T12:14:46.957370+00:00;temperature;38.20
4854;DHT22;3628;6.559;3.386;2026-02-23T12:20:10.675309+00:00;humidity;64.80
4854;DHT22;3628;6.559;3.386;2026-02-23T12:20:10.675309+00:00;temperature;37.10
4854;DHT22;3628;6.559;3.386;2026-02-23T12:41:45.851444+00:00;humidity;60.30
4854;DHT22;3628;6.559;3.386;2026-02-23T12:41:45.851444+00:00;temperature;39.60
4854;DHT22;3628;6.559;3.386;2026-02-23T12:47:12.511295+00:00;humidity;58.70
4854;DHT22;3628;6.559;3.386;2026-02-23T12:47:12.511295+00:00;temperature;40.00
4854;DHT22;3628;6.559;3.386;2026-02-23T12:52:36.459524+00:00;humidity;59.40
4854;DHT22;3628;6.559;3.386;2026-02-23T12:52:36.459524+00:00;temperature;39.60
4853;pms5003;3628;6.559;3.386;2026-02-23T12:57:53.640468+00:00;P2;36.80
4853;pms5003;3628;6.559;3.386;2026-02-23T12:57:53.640468+00:00;P1;52.00
4853;pms5003;3628;6.559;3.386;2026-02-23T12:57:53.640468+00:00;P0;22.60
4853;pms5003;3628;6.559;3.386;2026-02-23T13:03:28.226830+00:00;P2;36.00
4853;pms5003;3628;6.559;3.386;2026-02-23T13:03:28.226830+00:00;P1;52.75
4853;pms5003;3628;6.559;3.386;2026-02-23T13:03:28.226830+00:00;P0;23.00
4854;DHT22;3628;6.559;3.386;2026-02-23T13:03:48.634383+00:00;humidity;59.00
4854;DHT22;3628;6.559;3.386;2026-02-23T13:03:48.634383+00:00;temperature;39.40
4853;pms5003;3628;6.559;3.386;2026-02-23T13:09:05.819735+00:00;P2;39.00
4853;pms5003;3628;6.559;3.386;2026-02-23T13:09:05.819735+00:00;P1;55.80
4853;pms5003;3628;6.559;3.386;2026-02-23T13:09:05.819735+00:00;P0;25.60
4854;DHT22;3628;6.559;3.386;2026-02-23T13:25:03.844490+00:00;humidity;63.80
4854;DHT22;3628;6.559;3.386;2026-02-23T13:25:03.844490+00:00;temperature;37.10
4854;DHT22;3628;6.559;3.386;2026-02-23T13:30:38.425729+00:00;humidity;65.30
4854;DHT22;3628;6.559;3.386;2026-02-23T13:30:38.425729+00:00;temperature;36.50
4853;pms5003;3628;6.559;3.386;2026-02-23T13:35:55.561021+00:00;P2;37.80
4853;pms5003;3628;6.559;3.386;2026-02-23T13:35:55.561021+00:00;P1;57.60
4853;pms5003;3628;6.559;3.386;2026-02-23T13:35:55.561021+00:00;P0;23.20
4854;DHT22;3628;6.559;3.386;2026-02-23T13:36:12.937751+00:00;humidity;64.60
4854;DHT22;3628;6.559;3.386;2026-02-23T13:36:12.937751+00:00;temperature;37.00
4853;pms5003;3628;6.559;3.386;2026-02-23T13:41:30.224804+00:00;P2;38.60
4853;pms5003;3628;6.559;3.386;2026-02-23T13:41:30.224804+00:00;P1;58.80
4853;pms5003;3628;6.559;3.386;2026-02-23T13:41:30.224804+00:00;P0;24.00
4853;pms5003;3628;6.559;3.386;2026-02-23T13:47:23.927216+00:00;P2;34.20
4853;pms5003;3628;6.559;3.386;2026-02-23T13:47:23.927216+00:00;P1;53.80
4853;pms5003;3628;6.559;3.386;2026-02-23T13:47:23.927216+00:00;P0;21.40
4854;DHT22;3628;6.559;3.386;2026-02-23T13:47:41.316206+00:00;humidity;63.70
4854;DHT22;3628;6.559;3.386;2026-02-23T13:47:41.316206+00:00;temperature;37.70
4853;pms5003;3628;6.559;3.386;2026-02-23T13:52:58.484834+00:00;P2;35.00
4853;pms5003;3628;6.559;3.386;2026-02-23T13:52:58.484834+00:00;P1;47.50
4853;pms5003;3628;6.559;3.386;2026-02-23T13:52:58.484834+00:00;P0;21.00
4854;DHT22;3628;6.559;3.386;2026-02-23T13:53:15.856013+00:00;humidity;63.40
4854;DHT22;3628;6.559;3.386;2026-02-23T13:53:15.856013+00:00;temperature;37.60
4853;pms5003;3628;6.559;3.386;2026-02-23T13:58:33.056690+00:00;P2;32.25
4853;pms5003;3628;6.559;3.386;2026-02-23T13:58:33.056690+00:00;P1;49.75
4853;pms5003;3628;6.559;3.386;2026-02-23T13:58:33.056690+00:00;P0;21.25
4854;DHT22;3628;6.559;3.386;2026-02-23T14:04:14.280359+00:00;humidity;58.90
4854;DHT22;3628;6.559;3.386;2026-02-23T14:04:14.280359+00:00;temperature;39.10
4853;pms5003;3628;6.559;3.386;2026-02-23T14:09:31.460126+00:00;P2;39.33
4853;pms5003;3628;6.559;3.386;2026-02-23T14:09:31.460126+00:00;P1;58.00
4853;pms5003;3628;6.559;3.386;2026-02-23T14:09:31.460126+00:00;P0;24.67
4854;DHT22;3628;6.559;3.386;2026-02-23T14:09:48.828136+00:00;humidity;61.20
4854;DHT22;3628;6.559;3.386;2026-02-23T14:09:48.828136+00:00;temperature;38.60
4853;pms5003;3628;6.559;3.386;2026-02-23T14:15:06.140658+00:00;P2;35.00
4853;pms5003;3628;6.559;3.386;2026-02-23T14:15:06.140658+00:00;P1;51.00
4853;pms5003;3628;6.559;3.386;2026-02-23T14:15:06.140658+00:00;P0;22.00
4854;DHT22;3628;6.559;3.386;2026-02-23T14:15:23.499767+00:00;humidity;60.90
4854;DHT22;3628;6.559;3.386;2026-02-23T14:15:23.499767+00:00;temperature;38.30
4853;pms5003;3628;6.559;3.386;2026-02-23T14:20:40.728361+00:00;P2;38.50
4853;pms5003;3628;6.559;3.386;2026-02-23T14:20:40.728361+00:00;P1;57.00
4853;pms5003;3628;6.559;3.386;2026-02-23T14:20:40.728361+00:00;P0;22.50
4854;DHT22;3628;6.559;3.386;2026-02-23T14:20:58.205203+00:00;humidity;62.80
4854;DHT22;3628;6.559;3.386;2026-02-23T14:20:58.205203+00:00;temperature;37.70
4853;pms5003;3628;6.559;3.386;2026-02-23T14:26:15.354647+00:00;P2;36.00
4853;pms5003;3628;6.559;3.386;2026-02-23T14:26:15.354647+00:00;P1;50.50
4853;pms5003;3628;6.559;3.386;2026-02-23T14:26:15.354647+00:00;P0;23.50
4853;pms5003;3628;6.559;3.386;2026-02-23T14:31:49.939113+00:00;P2;37.50
4853;pms5003;3628;6.559;3.386;2026-02-23T14:31:49.939113+00:00;P1;58.00
4853;pms5003;3628;6.559;3.386;2026-02-23T14:31:49.939113+00:00;P0;25.50
4853;pms5003;3628;6.559;3.386;2026-02-23T14:37:13.909883+00:00;P2;37.67
4853;pms5003;3628;6.559;3.386;2026-02-23T14:37:13.909883+00:00;P1;55.67
4853;pms5003;3628;6.559;3.386;2026-02-23T14:37:13.909883+00:00;P0;24.00
4853;pms5003;3628;6.559;3.386;2026-02-23T14:42:38.083518+00:00;P2;36.25
4853;pms5003;3628;6.559;3.386;2026-02-23T14:42:38.083518+00:00;P1;52.75
4853;pms5003;3628;6.559;3.386;2026-02-23T14:42:38.083518+00:00;P0;21.50
4853;pms5003;3628;6.559;3.386;2026-02-23T14:48:05.045567+00:00;P2;37.40
4853;pms5003;3628;6.559;3.386;2026-02-23T14:48:05.045567+00:00;P1;56.40
4853;pms5003;3628;6.559;3.386;2026-02-23T14:48:05.045567+00:00;P0;22.40
4854;DHT22;3628;6.559;3.386;2026-02-23T15:04:34.241944+00:00;humidity;63.70
4854;DHT22;3628;6.559;3.386;2026-02-23T15:04:34.241944+00:00;temperature;38.00
4853;pms5003;3628;6.559;3.386;2026-02-23T15:09:51.458321+00:00;P2;39.00
4853;pms5003;3628;6.559;3.386;2026-02-23T15:09:51.458321+00:00;P1;55.50
4853;pms5003;3628;6.559;3.386;2026-02-23T15:09:51.458321+00:00;P0;25.25
4854;DHT22;3628;6.559;3.386;2026-02-23T15:10:09.893985+00:00;humidity;62.00
4854;DHT22;3628;6.559;3.386;2026-02-23T15:10:09.893985+00:00;temperature;38.40
4854;DHT22;3628;6.559;3.386;2026-02-23T15:15:33.755834+00:00;humidity;63.10
4854;DHT22;3628;6.559;3.386;2026-02-23T15:15:33.755834+00:00;temperature;38.30
4854;DHT22;3628;6.559;3.386;2026-02-23T15:20:57.636968+00:00;humidity;63.00
4854;DHT22;3628;6.559;3.386;2026-02-23T15:20:57.636968+00:00;temperature;38.10
4853;pms5003;3628;6.559;3.386;2026-02-23T15:31:30.776919+00:00;P2;32.40
4853;pms5003;3628;6.559;3.386;2026-02-23T15:31:30.776919+00:00;P1;50.40
4853;pms5003;3628;6.559;3.386;2026-02-23T15:31:30.776919+00:00;P0;20.00
4854;DHT22;3628;6.559;3.386;2026-02-23T15:31:48.244397+00:00;humidity;65.60
4854;DHT22;3628;6.559;3.386;2026-02-23T15:31:48.244397+00:00;temperature;37.20
4853;pms5003;3628;6.559;3.386;2026-02-23T15:37:05.405941+00:00;P2;38.00
4853;pms5003;3628;6.559;3.386;2026-02-23T15:37:05.405941+00:00;P1;54.20
4853;pms5003;3628;6.559;3.386;2026-02-23T15:37:05.405941+00:00;P0;23.40
4854;DHT22;3628;6.559;3.386;2026-02-23T15:37:22.907205+00:00;humidity;64.70
4854;DHT22;3628;6.559;3.386;2026-02-23T15:37:22.907205+00:00;temperature;37.30
4853;pms5003;3628;6.559;3.386;2026-02-23T15:47:56.237905+00:00;P2;35.25
4853;pms5003;3628;6.559;3.386;2026-02-23T15:47:56.237905+00:00;P1;50.75
4853;pms5003;3628;6.559;3.386;2026-02-23T15:47:56.237905+00:00;P0;20.50
4854;DHT22;3628;6.559;3.386;2026-02-23T15:48:13.774352+00:00;humidity;66.30
4854;DHT22;3628;6.559;3.386;2026-02-23T15:48:13.774352+00:00;temperature;37.00
4853;pms5003;3628;6.559;3.386;2026-02-23T15:59:02.944562+00:00;P2;32.50
4853;pms5003;3628;6.559;3.386;2026-02-23T15:59:02.944562+00:00;P1;52.25
4853;pms5003;3628;6.559;3.386;2026-02-23T15:59:02.944562+00:00;P0;20.00
4854;DHT22;3628;6.559;3.386;2026-02-23T15:59:20.167707+00:00;humidity;68.20
4854;DHT22;3628;6.559;3.386;2026-02-23T15:59:20.167707+00:00;temperature;36.70
4853;pms5003;3628;6.559;3.386;2026-02-23T16:04:38.537556+00:00;P2;34.60
4853;pms5003;3628;6.559;3.386;2026-02-23T16:04:38.537556+00:00;P1;48.60
4853;pms5003;3628;6.559;3.386;2026-02-23T16:04:38.537556+00:00;P0;22.00
4854;DHT22;3628;6.559;3.386;2026-02-23T16:04:56.072243+00:00;humidity;67.20
4854;DHT22;3628;6.559;3.386;2026-02-23T16:04:56.072243+00:00;temperature;36.60
4853;pms5003;3628;6.559;3.386;2026-02-23T16:10:19.127963+00:00;P2;33.80
4853;pms5003;3628;6.559;3.386;2026-02-23T16:10:19.127963+00:00;P1;50.20
4853;pms5003;3628;6.559;3.386;2026-02-23T16:10:19.127963+00:00;P0;22.00
4854;DHT22;3628;6.559;3.386;2026-02-23T16:10:36.560569+00:00;humidity;67.50
4854;DHT22;3628;6.559;3.386;2026-02-23T16:10:36.560569+00:00;temperature;36.40
4853;pms5003;3628;6.559;3.386;2026-02-23T16:15:53.754224+00:00;P2;37.00
4853;pms5003;3628;6.559;3.386;2026-02-23T16:15:53.754224+00:00;P1;59.75
4853;pms5003;3628;6.559;3.386;2026-02-23T16:15:53.754224+00:00;P0;22.25
4854;DHT22;3628;6.559;3.386;2026-02-23T16:16:11.099539+00:00;humidity;68.10
4854;DHT22;3628;6.559;3.386;2026-02-23T16:16:11.099539+00:00;temperature;36.40
4853;pms5003;3628;6.559;3.386;2026-02-23T16:26:55.675328+00:00;P2;35.50
4853;pms5003;3628;6.559;3.386;2026-02-23T16:26:55.675328+00:00;P1;53.75
4853;pms5003;3628;6.559;3.386;2026-02-23T16:26:55.675328+00:00;P0;22.00
4854;DHT22;3628;6.559;3.386;2026-02-23T16:27:13.099898+00:00;humidity;70.00
4854;DHT22;3628;6.559;3.386;2026-02-23T16:27:13.099898+00:00;temperature;35.80
4853;pms5003;3628;6.559;3.386;2026-02-23T16:32:30.277021+00:00;P2;37.50
4853;pms5003;3628;6.559;3.386;2026-02-23T16:32:30.277021+00:00;P1;55.00
4853;pms5003;3628;6.559;3.386;2026-02-23T16:32:30.277021+00:00;P0;23.00
4853;pms5003;3628;6.559;3.386;2026-02-23T16:37:54.543437+00:00;P2;31.75
4853;pms5003;3628;6.559;3.386;2026-02-23T16:37:54.543437+00:00;P1;49.25
4853;pms5003;3628;6.559;3.386;2026-02-23T16:37:54.543437+00:00;P0;19.25
4854;DHT22;3628;6.559;3.386;2026-02-23T16:38:11.871717+00:00;humidity;70.60
4854;DHT22;3628;6.559;3.386;2026-02-23T16:38:11.871717+00:00;temperature;35.40
4853;pms5003;3628;6.559;3.386;2026-02-23T16:43:29.060048+00:00;P2;34.25
4853;pms5003;3628;6.559;3.386;2026-02-23T16:43:29.060048+00:00;P1;57.00
4853;pms5003;3628;6.559;3.386;2026-02-23T16:43:29.060048+00:00;P0;22.25
4854;DHT22;3628;6.559;3.386;2026-02-23T16:43:46.672666+00:00;humidity;72.00
4854;DHT22;3628;6.559;3.386;2026-02-23T16:43:46.672666+00:00;temperature;34.90
4853;pms5003;3628;6.559;3.386;2026-02-23T16:54:17.561434+00:00;P2;34.00
4853;pms5003;3628;6.559;3.386;2026-02-23T16:54:17.561434+00:00;P1;45.00
4853;pms5003;3628;6.559;3.386;2026-02-23T16:54:17.561434+00:00;P0;23.00
4854;DHT22;3628;6.559;3.386;2026-02-23T16:54:35.066318+00:00;humidity;73.40
4854;DHT22;3628;6.559;3.386;2026-02-23T16:54:35.066318+00:00;temperature;34.50
4854;DHT22;3628;6.559;3.386;2026-02-23T16:59:58.849224+00:00;humidity;73.50
4854;DHT22;3628;6.559;3.386;2026-02-23T16:59:58.849224+00:00;temperature;34.50
4853;pms5003;3628;6.559;3.386;2026-02-23T17:05:16.038453+00:00;P2;37.00
4853;pms5003;3628;6.559;3.386;2026-02-23T17:05:16.038453+00:00;P1;57.25
4853;pms5003;3628;6.559;3.386;2026-02-23T17:05:16.038453+00:00;P0;22.50
4854;DHT22;3628;6.559;3.386;2026-02-23T17:05:33.495250+00:00;humidity;73.90
4854;DHT22;3628;6.559;3.386;2026-02-23T17:05:33.495250+00:00;temperature;34.40
4854;DHT22;3628;6.559;3.386;2026-02-23T17:11:08.011233+00:00;humidity;74.80
4854;DHT22;3628;6.559;3.386;2026-02-23T17:11:08.011233+00:00;temperature;34.10
4854;DHT22;3628;6.559;3.386;2026-02-23T17:16:42.691252+00:00;humidity;76.10
4854;DHT22;3628;6.559;3.386;2026-02-23T17:16:42.691252+00:00;temperature;34.00
4853;pms5003;3628;6.559;3.386;2026-02-23T17:22:00.015437+00:00;P2;36.75
4853;pms5003;3628;6.559;3.386;2026-02-23T17:22:00.015437+00:00;P1;57.00
4853;pms5003;3628;6.559;3.386;2026-02-23T17:22:00.015437+00:00;P0;23.50
4854;DHT22;3628;6.559;3.386;2026-02-23T17:22:17.408605+00:00;humidity;77.10
4854;DHT22;3628;6.559;3.386;2026-02-23T17:22:17.408605+00:00;temperature;33.90
4854;DHT22;3628;6.559;3.386;2026-02-23T17:27:52.046327+00:00;humidity;77.80
4854;DHT22;3628;6.559;3.386;2026-02-23T17:27:52.046327+00:00;temperature;33.60
4853;pms5003;3628;6.559;3.386;2026-02-23T17:33:09.262003+00:00;P2;46.50
4853;pms5003;3628;6.559;3.386;2026-02-23T17:33:09.262003+00:00;P1;62.25
4853;pms5003;3628;6.559;3.386;2026-02-23T17:33:09.262003+00:00;P0;27.50
4854;DHT22;3628;6.559;3.386;2026-02-23T17:33:26.605206+00:00;humidity;78.70
4854;DHT22;3628;6.559;3.386;2026-02-23T17:33:26.605206+00:00;temperature;33.30
4853;pms5003;3628;6.559;3.386;2026-02-23T17:44:07.725481+00:00;P2;41.25
4853;pms5003;3628;6.559;3.386;2026-02-23T17:44:07.725481+00:00;P1;63.50
4853;pms5003;3628;6.559;3.386;2026-02-23T17:44:07.725481+00:00;P0;27.00
4853;pms5003;3628;6.559;3.386;2026-02-23T17:49:31.470868+00:00;P2;41.40
4853;pms5003;3628;6.559;3.386;2026-02-23T17:49:31.470868+00:00;P1;62.40
4853;pms5003;3628;6.559;3.386;2026-02-23T17:49:31.470868+00:00;P0;27.00
4854;DHT22;3628;6.559;3.386;2026-02-23T18:00:36.701942+00:00;humidity;80.60
4854;DHT22;3628;6.559;3.386;2026-02-23T18:00:36.701942+00:00;temperature;32.90
4853;pms5003;3628;6.559;3.386;2026-02-23T18:05:54.042423+00:00;P2;37.33
4853;pms5003;3628;6.559;3.386;2026-02-23T18:05:54.042423+00:00;P1;52.00
4853;pms5003;3628;6.559;3.386;2026-02-23T18:05:54.042423+00:00;P0;23.00
4853;pms5003;3628;6.559;3.386;2026-02-23T18:11:20.485520+00:00;P2;36.00
4853;pms5003;3628;6.559;3.386;2026-02-23T18:11:20.485520+00:00;P1;59.00
4853;pms5003;3628;6.559;3.386;2026-02-23T18:11:20.485520+00:00;P0;22.75
4853;pms5003;3628;6.559;3.386;2026-02-23T18:16:45.085264+00:00;P2;40.00
4853;pms5003;3628;6.559;3.386;2026-02-23T18:16:45.085264+00:00;P1;61.00
4853;pms5003;3628;6.559;3.386;2026-02-23T18:16:45.085264+00:00;P0;23.50
4854;DHT22;3628;6.559;3.386;2026-02-23T18:22:32.034528+00:00;humidity;81.40
4854;DHT22;3628;6.559;3.386;2026-02-23T18:22:32.034528+00:00;temperature;32.60
4854;DHT22;3628;6.559;3.386;2026-02-23T18:49:14.511530+00:00;humidity;82.80
4854;DHT22;3628;6.559;3.386;2026-02-23T18:49:14.511530+00:00;temperature;32.60
4853;pms5003;3628;6.559;3.386;2026-02-23T18:54:31.750225+00:00;P2;35.75
4853;pms5003;3628;6.559;3.386;2026-02-23T18:54:31.750225+00:00;P1;50.75
4853;pms5003;3628;6.559;3.386;2026-02-23T18:54:31.750225+00:00;P0;21.75
4854;DHT22;3628;6.559;3.386;2026-02-23T18:54:49.659434+00:00;humidity;82.50
4854;DHT22;3628;6.559;3.386;2026-02-23T18:54:49.659434+00:00;temperature;32.60
4853;pms5003;3628;6.559;3.386;2026-02-23T19:00:06.794749+00:00;P2;33.25
4853;pms5003;3628;6.559;3.386;2026-02-23T19:00:06.794749+00:00;P1;54.25
4853;pms5003;3628;6.559;3.386;2026-02-23T19:00:06.794749+00:00;P0;22.25
4854;DHT22;3628;6.559;3.386;2026-02-23T19:00:24.418601+00:00;humidity;83.30
4854;DHT22;3628;6.559;3.386;2026-02-23T19:00:24.418601+00:00;temperature;32.40
4853;pms5003;3628;6.559;3.386;2026-02-23T19:05:41.490146+00:00;P2;33.25
4853;pms5003;3628;6.559;3.386;2026-02-23T19:05:41.490146+00:00;P1;52.50
4853;pms5003;3628;6.559;3.386;2026-02-23T19:05:41.490146+00:00;P0;20.00
4854;DHT22;3628;6.559;3.386;2026-02-23T19:11:12.154431+00:00;humidity;83.70
4854;DHT22;3628;6.559;3.386;2026-02-23T19:11:12.154431+00:00;temperature;32.40
4854;DHT22;3628;6.559;3.386;2026-02-23T19:16:36.375496+00:00;humidity;83.80
4854;DHT22;3628;6.559;3.386;2026-02-23T19:16:36.375496+00:00;temperature;32.30
4854;DHT22;3628;6.559;3.386;2026-02-23T19:22:03.059188+00:00;humidity;83.70
4854;DHT22;3628;6.559;3.386;2026-02-23T19:22:03.059188+00:00;temperature;32.30
4854;DHT22;3628;6.559;3.386;2026-02-23T19:27:37.931714+00:00;humidity;83.50
4854;DHT22;3628;6.559;3.386;2026-02-23T19:27:37.931714+00:00;temperature;32.40
4853;pms5003;3628;6.559;3.386;2026-02-23T19:32:55.161298+00:00;P2;34.50
4853;pms5003;3628;6.559;3.386;2026-02-23T19:32:55.161298+00:00;P1;48.25
4853;pms5003;3628;6.559;3.386;2026-02-23T19:32:55.161298+00:00;P0;21.75
4854;DHT22;3628;6.559;3.386;2026-02-23T19:33:12.589438+00:00;humidity;84.10
4854;DHT22;3628;6.559;3.386;2026-02-23T19:33:12.589438+00:00;temperature;32.20
4853;pms5003;3628;6.559;3.386;2026-02-23T19:38:29.868698+00:00;P2;32.00
4853;pms5003;3628;6.559;3.386;2026-02-23T19:38:29.868698+00:00;P1;47.20
4853;pms5003;3628;6.559;3.386;2026-02-23T19:38:29.868698+00:00;P0;20.80
4853;pms5003;3628;6.559;3.386;2026-02-23T19:43:56.763377+00:00;P2;33.75
4853;pms5003;3628;6.559;3.386;2026-02-23T19:43:56.763377+00:00;P1;47.25
4853;pms5003;3628;6.559;3.386;2026-02-23T19:43:56.763377+00:00;P0;21.25
4854;DHT22;3628;6.559;3.386;2026-02-23T19:44:14.227343+00:00;humidity;83.90
4854;DHT22;3628;6.559;3.386;2026-02-23T19:44:14.227343+00:00;temperature;32.30
4853;pms5003;3628;6.559;3.386;2026-02-23T19:49:31.368662+00:00;P2;36.00
4853;pms5003;3628;6.559;3.386;2026-02-23T19:49:31.368662+00:00;P1;53.00
4853;pms5003;3628;6.559;3.386;2026-02-23T19:49:31.368662+00:00;P0;23.40
4854;DHT22;3628;6.559;3.386;2026-02-23T19:49:48.819044+00:00;humidity;84.50
4854;DHT22;3628;6.559;3.386;2026-02-23T19:49:48.819044+00:00;temperature;32.30
4853;pms5003;3628;6.559;3.386;2026-02-23T19:55:06.393877+00:00;P2;33.00
4853;pms5003;3628;6.559;3.386;2026-02-23T19:55:06.393877+00:00;P1;47.50
4853;pms5003;3628;6.559;3.386;2026-02-23T19:55:06.393877+00:00;P0;22.00
4854;DHT22;3628;6.559;3.386;2026-02-23T19:55:24.145664+00:00;humidity;85.30
4854;DHT22;3628;6.559;3.386;2026-02-23T19:55:24.145664+00:00;temperature;32.20
4853;pms5003;3628;6.559;3.386;2026-02-23T20:05:54.622020+00:00;P2;33.00
4853;pms5003;3628;6.559;3.386;2026-02-23T20:05:54.622020+00:00;P1;48.33
4853;pms5003;3628;6.559;3.386;2026-02-23T20:05:54.622020+00:00;P0;19.67
4854;DHT22;3628;6.559;3.386;2026-02-23T20:06:12.062680+00:00;humidity;85.10
4854;DHT22;3628;6.559;3.386;2026-02-23T20:06:12.062680+00:00;temperature;32.20
4853;pms5003;3628;6.559;3.386;2026-02-23T20:11:29.309884+00:00;P2;34.00
4853;pms5003;3628;6.559;3.386;2026-02-23T20:11:29.309884+00:00;P1;54.00
4853;pms5003;3628;6.559;3.386;2026-02-23T20:11:29.309884+00:00;P0;22.00
4853;pms5003;3628;6.559;3.386;2026-02-23T20:17:03.778277+00:00;P2;32.00
4853;pms5003;3628;6.559;3.386;2026-02-23T20:17:03.778277+00:00;P1;51.25
4853;pms5003;3628;6.559;3.386;2026-02-23T20:17:03.778277+00:00;P0;20.50
4854;DHT22;3628;6.559;3.386;2026-02-23T20:17:21.134857+00:00;humidity;84.90
4854;DHT22;3628;6.559;3.386;2026-02-23T20:17:21.134857+00:00;temperature;32.20
4853;pms5003;3628;6.559;3.386;2026-02-23T20:22:38.316867+00:00;P2;29.75
4853;pms5003;3628;6.559;3.386;2026-02-23T20:22:38.316867+00:00;P1;40.25
4853;pms5003;3628;6.559;3.386;2026-02-23T20:22:38.316867+00:00;P0;19.00
4854;DHT22;3628;6.559;3.386;2026-02-23T20:22:55.691712+00:00;humidity;84.40
4854;DHT22;3628;6.559;3.386;2026-02-23T20:22:55.691712+00:00;temperature;32.20
4853;pms5003;3628;6.559;3.386;2026-02-23T20:28:13.095968+00:00;P2;34.00
4853;pms5003;3628;6.559;3.386;2026-02-23T20:28:13.095968+00:00;P1;49.20
4853;pms5003;3628;6.559;3.386;2026-02-23T20:28:13.095968+00:00;P0;21.00
4854;DHT22;3628;6.559;3.386;2026-02-23T20:28:35.140999+00:00;humidity;84.20
4854;DHT22;3628;6.559;3.386;2026-02-23T20:28:35.140999+00:00;temperature;32.10
4853;pms5003;3628;6.559;3.386;2026-02-23T20:33:52.374760+00:00;P2;34.40
4853;pms5003;3628;6.559;3.386;2026-02-23T20:33:52.374760+00:00;P1;53.40
4853;pms5003;3628;6.559;3.386;2026-02-23T20:33:52.374760+00:00;P0;21.40
4854;DHT22;3628;6.559;3.386;2026-02-23T20:34:09.718788+00:00;humidity;84.30
4854;DHT22;3628;6.559;3.386;2026-02-23T20:34:09.718788+00:00;temperature;32.10
4853;pms5003;3628;6.559;3.386;2026-02-23T20:39:26.895300+00:00;P2;37.25
4853;pms5003;3628;6.559;3.386;2026-02-23T20:39:26.895300+00:00;P1;51.25
4853;pms5003;3628;6.559;3.386;2026-02-23T20:39:26.895300+00:00;P0;22.50
4853;pms5003;3628;6.559;3.386;2026-02-23T20:45:01.432773+00:00;P2;33.40
4853;pms5003;3628;6.559;3.386;2026-02-23T20:45:01.432773+00:00;P1;46.20
4853;pms5003;3628;6.559;3.386;2026-02-23T20:45:01.432773+00:00;P0;22.40
4853;pms5003;3628;6.559;3.386;2026-02-23T20:50:28.459789+00:00;P2;36.00
4853;pms5003;3628;6.559;3.386;2026-02-23T20:50:28.459789+00:00;P1;52.00
4853;pms5003;3628;6.559;3.386;2026-02-23T20:50:28.459789+00:00;P0;23.00
4854;DHT22;3628;6.559;3.386;2026-02-23T20:50:45.813922+00:00;humidity;84.90
4854;DHT22;3628;6.559;3.386;2026-02-23T20:50:45.813922+00:00;temperature;32.10
4854;DHT22;3628;6.559;3.386;2026-02-23T20:56:09.585856+00:00;humidity;84.90
4854;DHT22;3628;6.559;3.386;2026-02-23T20:56:09.585856+00:00;temperature;32.10
4853;pms5003;3628;6.559;3.386;2026-02-23T21:01:27.277797+00:00;P2;32.50
4853;pms5003;3628;6.559;3.386;2026-02-23T21:01:27.277797+00:00;P1;54.75
4853;pms5003;3628;6.559;3.386;2026-02-23T21:01:27.277797+00:00;P0;21.00
4854;DHT22;3628;6.559;3.386;2026-02-23T21:06:57.945907+00:00;humidity;85.30
4854;DHT22;3628;6.559;3.386;2026-02-23T21:06:57.945907+00:00;temperature;32.10
4853;pms5003;3628;6.559;3.386;2026-02-23T21:17:39.336950+00:00;P2;39.40
4853;pms5003;3628;6.559;3.386;2026-02-23T21:17:39.336950+00:00;P1;54.60
4853;pms5003;3628;6.559;3.386;2026-02-23T21:17:39.336950+00:00;P0;26.20
4854;DHT22;3628;6.559;3.386;2026-02-23T21:17:56.724524+00:00;humidity;85.20
4854;DHT22;3628;6.559;3.386;2026-02-23T21:17:56.724524+00:00;temperature;32.20
4853;pms5003;3628;6.559;3.386;2026-02-23T21:23:13.918294+00:00;P2;39.00
4853;pms5003;3628;6.559;3.386;2026-02-23T21:23:13.918294+00:00;P1;58.40
4853;pms5003;3628;6.559;3.386;2026-02-23T21:23:13.918294+00:00;P0;23.00
4854;DHT22;3628;6.559;3.386;2026-02-23T21:23:31.328659+00:00;humidity;85.10
4854;DHT22;3628;6.559;3.386;2026-02-23T21:23:31.328659+00:00;temperature;32.10
4854;DHT22;3628;6.559;3.386;2026-02-23T21:28:58.234725+00:00;humidity;85.10
4854;DHT22;3628;6.559;3.386;2026-02-23T21:28:58.234725+00:00;temperature;32.10
4853;pms5003;3628;6.559;3.386;2026-02-23T21:34:15.400098+00:00;P2;37.75
4853;pms5003;3628;6.559;3.386;2026-02-23T21:34:15.400098+00:00;P1;54.00
4853;pms5003;3628;6.559;3.386;2026-02-23T21:34:15.400098+00:00;P0;22.25
4853;pms5003;3628;6.559;3.386;2026-02-23T21:39:39.412420+00:00;P2;36.00
4853;pms5003;3628;6.559;3.386;2026-02-23T21:39:39.412420+00:00;P1;60.00
4853;pms5003;3628;6.559;3.386;2026-02-23T21:39:39.412420+00:00;P0;23.50
4854;DHT22;3628;6.559;3.386;2026-02-23T21:39:56.994717+00:00;humidity;84.90
4854;DHT22;3628;6.559;3.386;2026-02-23T21:39:56.994717+00:00;temperature;32.20
4854;DHT22;3628;6.559;3.386;2026-02-23T21:45:21.026879+00:00;humidity;85.00
4854;DHT22;3628;6.559;3.386;2026-02-23T21:45:21.026879+00:00;temperature;32.10
4853;pms5003;3628;6.559;3.386;2026-02-23T21:55:52.240999+00:00;P2;33.25
4853;pms5003;3628;6.559;3.386;2026-02-23T21:55:52.240999+00:00;P1;48.75
4853;pms5003;3628;6.559;3.386;2026-02-23T21:55:52.240999+00:00;P0;22.25
4854;DHT22;3628;6.559;3.386;2026-02-23T21:56:09.562680+00:00;humidity;85.10
4854;DHT22;3628;6.559;3.386;2026-02-23T21:56:09.562680+00:00;temperature;32.10
4853;pms5003;3628;6.559;3.386;2026-02-23T22:01:26.920813+00:00;P2;35.80
4853;pms5003;3628;6.559;3.386;2026-02-23T22:01:26.920813+00:00;P1;53.80
4853;pms5003;3628;6.559;3.386;2026-02-23T22:01:26.920813+00:00;P0;22.20
4854;DHT22;3628;6.559;3.386;2026-02-23T22:01:44.313458+00:00;humidity;85.60
4854;DHT22;3628;6.559;3.386;2026-02-23T22:01:44.313458+00:00;temperature;32.00
4853;pms5003;3628;6.559;3.386;2026-02-23T22:07:01.537942+00:00;P2;33.75
4853;pms5003;3628;6.559;3.386;2026-02-23T22:07:01.537942+00:00;P1;48.00
4853;pms5003;3628;6.559;3.386;2026-02-23T22:07:01.537942+00:00;P0;21.25
4854;DHT22;3628;6.559;3.386;2026-02-23T22:07:18.879114+00:00;humidity;85.60
4854;DHT22;3628;6.559;3.386;2026-02-23T22:07:18.879114+00:00;temperature;32.00
4853;pms5003;3628;6.559;3.386;2026-02-23T22:12:36.212215+00:00;P2;30.00
4853;pms5003;3628;6.559;3.386;2026-02-23T22:12:36.212215+00:00;P1;41.50
4853;pms5003;3628;6.559;3.386;2026-02-23T22:12:36.212215+00:00;P0;19.75
4854;DHT22;3628;6.559;3.386;2026-02-23T22:12:53.591942+00:00;humidity;86.00
4854;DHT22;3628;6.559;3.386;2026-02-23T22:12:53.591942+00:00;temperature;31.90
4853;pms5003;3628;6.559;3.386;2026-02-24T06:05:52.263511+00:00;P2;37.50
4853;pms5003;3628;6.559;3.386;2026-02-24T06:05:52.263511+00:00;P1;50.75
4853;pms5003;3628;6.559;3.386;2026-02-24T06:05:52.263511+00:00;P0;24.25
4854;DHT22;3628;6.559;3.386;2026-02-24T06:06:09.605013+00:00;humidity;99.60
4854;DHT22;3628;6.559;3.386;2026-02-24T06:06:09.605013+00:00;temperature;30.60
4854;DHT22;3628;6.559;3.386;2026-02-24T06:11:33.388546+00:00;humidity;98.10
4854;DHT22;3628;6.559;3.386;2026-02-24T06:11:33.388546+00:00;temperature;30.70
4854;DHT22;3628;6.559;3.386;2026-02-24T11:56:25.109709+00:00;humidity;72.30
4854;DHT22;3628;6.559;3.386;2026-02-24T11:56:25.109709+00:00;temperature;35.80
4853;pms5003;3628;6.559;3.386;2026-02-24T12:02:36.553764+00:00;P2;49.50
4853;pms5003;3628;6.559;3.386;2026-02-24T12:02:36.553764+00:00;P1;68.50
4853;pms5003;3628;6.559;3.386;2026-02-24T12:02:36.553764+00:00;P0;31.75
4853;pms5003;3628;6.559;3.386;2026-02-24T12:07:06.944482+00:00;P2;49.60
4853;pms5003;3628;6.559;3.386;2026-02-24T12:07:06.944482+00:00;P1;70.60
4853;pms5003;3628;6.559;3.386;2026-02-24T12:07:06.944482+00:00;P0;31.20
4853;pms5003;3628;6.559;3.386;2026-02-24T12:12:30.915858+00:00;P2;49.25
4853;pms5003;3628;6.559;3.386;2026-02-24T12:12:30.915858+00:00;P1;71.50
4853;pms5003;3628;6.559;3.386;2026-02-24T12:12:30.915858+00:00;P0;31.50
4854;DHT22;3628;6.559;3.386;2026-02-24T12:12:48.520603+00:00;humidity;66.00
4854;DHT22;3628;6.559;3.386;2026-02-24T12:12:48.520603+00:00;temperature;38.50
4853;pms5003;3628;6.559;3.386;2026-02-24T12:18:05.676986+00:00;P2;50.50
4853;pms5003;3628;6.559;3.386;2026-02-24T12:18:05.676986+00:00;P1;69.00
4853;pms5003;3628;6.559;3.386;2026-02-24T12:18:05.676986+00:00;P0;32.75
4854;DHT22;3628;6.559;3.386;2026-02-24T12:18:23.213674+00:00;humidity;64.80
4854;DHT22;3628;6.559;3.386;2026-02-24T12:18:23.213674+00:00;temperature;38.40
4853;pms5003;3628;6.559;3.386;2026-02-24T12:23:40.412640+00:00;P2;43.25
4853;pms5003;3628;6.559;3.386;2026-02-24T12:23:40.412640+00:00;P1;61.75
4853;pms5003;3628;6.559;3.386;2026-02-24T12:23:40.412640+00:00;P0;28.25
4854;DHT22;3628;6.559;3.386;2026-02-24T12:23:57.905668+00:00;humidity;63.80
4854;DHT22;3628;6.559;3.386;2026-02-24T12:23:57.905668+00:00;temperature;38.20
4853;pms5003;3628;6.559;3.386;2026-02-24T12:42:38.261705+00:00;P2;47.25
4853;pms5003;3628;6.559;3.386;2026-02-24T12:42:38.261705+00:00;P1;64.50
4853;pms5003;3628;6.559;3.386;2026-02-24T12:42:38.261705+00:00;P0;31.50
4853;pms5003;3628;6.559;3.386;2026-02-24T12:45:19.531145+00:00;P2;47.40
4853;pms5003;3628;6.559;3.386;2026-02-24T12:45:19.531145+00:00;P1;70.60
4853;pms5003;3628;6.559;3.386;2026-02-24T12:45:19.531145+00:00;P0;30.40
4854;DHT22;3628;6.559;3.386;2026-02-24T12:45:37.095170+00:00;humidity;58.80
4854;DHT22;3628;6.559;3.386;2026-02-24T12:45:37.095170+00:00;temperature;40.40
4853;pms5003;3628;6.559;3.386;2026-02-24T12:50:54.194866+00:00;P2;49.75
4853;pms5003;3628;6.559;3.386;2026-02-24T12:50:54.194866+00:00;P1;69.25
4853;pms5003;3628;6.559;3.386;2026-02-24T12:50:54.194866+00:00;P0;33.25
4854;DHT22;3628;6.559;3.386;2026-02-24T12:51:11.547778+00:00;humidity;58.80
4854;DHT22;3628;6.559;3.386;2026-02-24T12:51:11.547778+00:00;temperature;40.30
4854;DHT22;3628;6.559;3.386;2026-02-24T12:56:46.075163+00:00;humidity;60.60
4854;DHT22;3628;6.559;3.386;2026-02-24T12:56:46.075163+00:00;temperature;39.10
4855;pms5003;3629;6.428;3.435;2026-02-24T12:57:00.721327+00:00;P2;47.80
4855;pms5003;3629;6.428;3.435;2026-02-24T12:57:00.721327+00:00;P1;64.60
4855;pms5003;3629;6.428;3.435;2026-02-24T12:57:00.721327+00:00;P0;32.00
4856;DHT22;3629;6.428;3.435;2026-02-24T12:57:10.908080+00:00;humidity;88.70
4856;DHT22;3629;6.428;3.435;2026-02-24T12:57:10.908080+00:00;temperature;33.30
4855;pms5003;3629;6.428;3.435;2026-02-24T13:00:26.827327+00:00;P2;40.00
4855;pms5003;3629;6.428;3.435;2026-02-24T13:00:26.827327+00:00;P1;57.00
4855;pms5003;3629;6.428;3.435;2026-02-24T13:00:26.827327+00:00;P0;27.25
4853;pms5003;3628;6.559;3.386;2026-02-24T13:02:03.383160+00:00;P2;46.00
4853;pms5003;3628;6.559;3.386;2026-02-24T13:02:03.383160+00:00;P1;67.60
4853;pms5003;3628;6.559;3.386;2026-02-24T13:02:03.383160+00:00;P0;29.00
4855;pms5003;3629;6.428;3.435;2026-02-24T13:02:44.781109+00:00;P2;39.80
4855;pms5003;3629;6.428;3.435;2026-02-24T13:02:44.781109+00:00;P1;54.60
4855;pms5003;3629;6.428;3.435;2026-02-24T13:02:44.781109+00:00;P0;26.40
4856;DHT22;3629;6.428;3.435;2026-02-24T13:02:55.700599+00:00;humidity;79.90
4856;DHT22;3629;6.428;3.435;2026-02-24T13:02:55.700599+00:00;temperature;35.40
4855;pms5003;3629;6.428;3.435;2026-02-24T13:05:36.424728+00:00;P2;37.50
4855;pms5003;3629;6.428;3.435;2026-02-24T13:05:36.424728+00:00;P1;49.50
4855;pms5003;3629;6.428;3.435;2026-02-24T13:05:36.424728+00:00;P0;24.00
4856;DHT22;3629;6.428;3.435;2026-02-24T13:05:47.219312+00:00;humidity;77.60
4856;DHT22;3629;6.428;3.435;2026-02-24T13:05:47.219312+00:00;temperature;36.30
4854;DHT22;3628;6.559;3.386;2026-02-24T13:07:34.243119+00:00;humidity;61.30
4854;DHT22;3628;6.559;3.386;2026-02-24T13:07:34.243119+00:00;temperature;38.60
4855;pms5003;3629;6.428;3.435;2026-02-24T13:08:28.086313+00:00;P2;47.25
4855;pms5003;3629;6.428;3.435;2026-02-24T13:08:28.086313+00:00;P1;62.00
4855;pms5003;3629;6.428;3.435;2026-02-24T13:08:28.086313+00:00;P0;31.00
4856;DHT22;3629;6.428;3.435;2026-02-24T13:08:38.818135+00:00;humidity;80.90
4856;DHT22;3629;6.428;3.435;2026-02-24T13:08:38.818135+00:00;temperature;35.10
4855;pms5003;3629;6.428;3.435;2026-02-24T13:11:19.560119+00:00;P2;46.00
4855;pms5003;3629;6.428;3.435;2026-02-24T13:11:19.560119+00:00;P1;58.50
4855;pms5003;3629;6.428;3.435;2026-02-24T13:11:19.560119+00:00;P0;31.00
4856;DHT22;3629;6.428;3.435;2026-02-24T13:11:30.364057+00:00;humidity;78.30
4856;DHT22;3629;6.428;3.435;2026-02-24T13:11:30.364057+00:00;temperature;36.00
4853;pms5003;3628;6.559;3.386;2026-02-24T13:12:51.443103+00:00;P2;41.67
4853;pms5003;3628;6.559;3.386;2026-02-24T13:12:51.443103+00:00;P1;60.67
4853;pms5003;3628;6.559;3.386;2026-02-24T13:12:51.443103+00:00;P0;27.00
4855;pms5003;3629;6.428;3.435;2026-02-24T13:14:11.399899+00:00;P2;45.25
4855;pms5003;3629;6.428;3.435;2026-02-24T13:14:11.399899+00:00;P1;60.50
4855;pms5003;3629;6.428;3.435;2026-02-24T13:14:11.399899+00:00;P0;30.00
4856;DHT22;3629;6.428;3.435;2026-02-24T13:14:21.918130+00:00;humidity;79.70
4856;DHT22;3629;6.428;3.435;2026-02-24T13:14:21.918130+00:00;temperature;35.40
4855;pms5003;3629;6.428;3.435;2026-02-24T13:17:02.680773+00:00;P2;49.50
4855;pms5003;3629;6.428;3.435;2026-02-24T13:17:02.680773+00:00;P1;65.50
4855;pms5003;3629;6.428;3.435;2026-02-24T13:17:02.680773+00:00;P0;33.00
4856;DHT22;3629;6.428;3.435;2026-02-24T13:17:13.322243+00:00;humidity;81.10
4856;DHT22;3629;6.428;3.435;2026-02-24T13:17:13.322243+00:00;temperature;35.20
4855;pms5003;3629;6.428;3.435;2026-02-24T13:19:57.678773+00:00;P2;49.40
4855;pms5003;3629;6.428;3.435;2026-02-24T13:19:57.678773+00:00;P1;66.40
4855;pms5003;3629;6.428;3.435;2026-02-24T13:19:57.678773+00:00;P0;33.40
4856;DHT22;3629;6.428;3.435;2026-02-24T13:20:08.267205+00:00;humidity;81.50
4856;DHT22;3629;6.428;3.435;2026-02-24T13:20:08.267205+00:00;temperature;35.30
4855;pms5003;3629;6.428;3.435;2026-02-24T13:23:07.465669+00:00;P2;51.00
4855;pms5003;3629;6.428;3.435;2026-02-24T13:23:07.465669+00:00;P1;66.00
4855;pms5003;3629;6.428;3.435;2026-02-24T13:23:07.465669+00:00;P0;34.00
4854;DHT22;3628;6.559;3.386;2026-02-24T13:23:56.440860+00:00;humidity;61.00
4854;DHT22;3628;6.559;3.386;2026-02-24T13:23:56.440860+00:00;temperature;38.30
4855;pms5003;3629;6.428;3.435;2026-02-24T13:25:38.163507+00:00;P2;52.20
4855;pms5003;3629;6.428;3.435;2026-02-24T13:25:38.163507+00:00;P1;71.00
4855;pms5003;3629;6.428;3.435;2026-02-24T13:25:38.163507+00:00;P0;34.20
4856;DHT22;3629;6.428;3.435;2026-02-24T13:25:48.878250+00:00;humidity;81.40
4856;DHT22;3629;6.428;3.435;2026-02-24T13:25:48.878250+00:00;temperature;35.10
4855;pms5003;3629;6.428;3.435;2026-02-24T13:29:19.213580+00:00;P2;52.00
4855;pms5003;3629;6.428;3.435;2026-02-24T13:29:19.213580+00:00;P1;67.00
4855;pms5003;3629;6.428;3.435;2026-02-24T13:29:19.213580+00:00;P0;34.00
4854;DHT22;3628;6.559;3.386;2026-02-24T13:29:31.393490+00:00;humidity;62.60
4854;DHT22;3628;6.559;3.386;2026-02-24T13:29:31.393490+00:00;temperature;37.80
4855;pms5003;3629;6.428;3.435;2026-02-24T13:31:18.272547+00:00;P2;62.20
4855;pms5003;3629;6.428;3.435;2026-02-24T13:31:18.272547+00:00;P1;74.80
4855;pms5003;3629;6.428;3.435;2026-02-24T13:31:18.272547+00:00;P0;42.00
4856;DHT22;3629;6.428;3.435;2026-02-24T13:31:28.740059+00:00;humidity;83.30
4856;DHT22;3629;6.428;3.435;2026-02-24T13:31:28.740059+00:00;temperature;34.80
4855;pms5003;3629;6.428;3.435;2026-02-24T13:34:09.242943+00:00;P2;53.00
4855;pms5003;3629;6.428;3.435;2026-02-24T13:34:09.242943+00:00;P1;70.00
4855;pms5003;3629;6.428;3.435;2026-02-24T13:34:09.242943+00:00;P0;35.00
4856;DHT22;3629;6.428;3.435;2026-02-24T13:34:19.746293+00:00;humidity;85.10
4856;DHT22;3629;6.428;3.435;2026-02-24T13:34:19.746293+00:00;temperature;34.30
4854;DHT22;3628;6.559;3.386;2026-02-24T13:34:48.309133+00:00;P2;44.00
4854;DHT22;3628;6.559;3.386;2026-02-24T13:34:48.309133+00:00;P1;62.00
4854;DHT22;3628;6.559;3.386;2026-02-24T13:34:48.309133+00:00;P0;28.50
4855;pms5003;3629;6.428;3.435;2026-02-24T13:37:10.117260+00:00;P2;49.00
4855;pms5003;3629;6.428;3.435;2026-02-24T13:37:10.117260+00:00;P1;68.00
4855;pms5003;3629;6.428;3.435;2026-02-24T13:37:10.117260+00:00;P0;31.60
4856;DHT22;3629;6.428;3.435;2026-02-24T13:37:18.877358+00:00;humidity;84.00
4856;DHT22;3629;6.428;3.435;2026-02-24T13:37:18.877358+00:00;temperature;34.50
4855;pms5003;3629;6.428;3.435;2026-02-24T13:39:59.453522+00:00;P2;50.75
4855;pms5003;3629;6.428;3.435;2026-02-24T13:39:59.453522+00:00;P1;66.00
4855;pms5003;3629;6.428;3.435;2026-02-24T13:39:59.453522+00:00;P0;33.75
4856;DHT22;3629;6.428;3.435;2026-02-24T13:40:10.384352+00:00;humidity;84.80
4856;DHT22;3629;6.428;3.435;2026-02-24T13:40:10.384352+00:00;temperature;34.10
4853;pms5003;3628;6.559;3.386;2026-02-24T13:40:12.594394+00:00;P2;47.00
4853;pms5003;3628;6.559;3.386;2026-02-24T13:40:12.594394+00:00;P1;64.00
4853;pms5003;3628;6.559;3.386;2026-02-24T13:40:12.594394+00:00;P0;31.00
4854;DHT22;3628;6.559;3.386;2026-02-24T13:40:29.994991+00:00;humidity;64.90
4854;DHT22;3628;6.559;3.386;2026-02-24T13:40:29.994991+00:00;temperature;37.00
4855;pms5003;3629;6.428;3.435;2026-02-24T13:42:50.980175+00:00;P2;58.60
4855;pms5003;3629;6.428;3.435;2026-02-24T13:42:50.980175+00:00;P1;73.60
4855;pms5003;3629;6.428;3.435;2026-02-24T13:42:50.980175+00:00;P0;38.20
4856;DHT22;3629;6.428;3.435;2026-02-24T13:43:01.620921+00:00;humidity;82.90
4856;DHT22;3629;6.428;3.435;2026-02-24T13:43:01.620921+00:00;temperature;35.00
4855;pms5003;3629;6.428;3.435;2026-02-24T13:45:42.260931+00:00;P2;52.00
4855;pms5003;3629;6.428;3.435;2026-02-24T13:45:42.260931+00:00;P1;70.00
4855;pms5003;3629;6.428;3.435;2026-02-24T13:45:42.260931+00:00;P0;34.20
4856;DHT22;3629;6.428;3.435;2026-02-24T13:45:52.802959+00:00;humidity;84.00
4856;DHT22;3629;6.428;3.435;2026-02-24T13:45:52.802959+00:00;temperature;34.60
4855;pms5003;3629;6.428;3.435;2026-02-24T13:48:33.397225+00:00;P2;40.75
4855;pms5003;3629;6.428;3.435;2026-02-24T13:48:33.397225+00:00;P1;48.50
4855;pms5003;3629;6.428;3.435;2026-02-24T13:48:33.397225+00:00;P0;28.00
4856;DHT22;3629;6.428;3.435;2026-02-24T13:48:44.035936+00:00;humidity;85.60
4856;DHT22;3629;6.428;3.435;2026-02-24T13:48:44.035936+00:00;temperature;34.50
4853;pms5003;3628;6.559;3.386;2026-02-24T13:51:00.490887+00:00;P2;45.00
4853;pms5003;3628;6.559;3.386;2026-02-24T13:51:00.490887+00:00;P1;61.60
4853;pms5003;3628;6.559;3.386;2026-02-24T13:51:00.490887+00:00;P0;29.40
4854;DHT22;3628;6.559;3.386;2026-02-24T13:51:17.973454+00:00;humidity;64.40
4854;DHT22;3628;6.559;3.386;2026-02-24T13:51:17.973454+00:00;temperature;37.40
4855;pms5003;3629;6.428;3.435;2026-02-24T13:51:24.644314+00:00;P2;33.75
4855;pms5003;3629;6.428;3.435;2026-02-24T13:51:24.644314+00:00;P1;46.00
4855;pms5003;3629;6.428;3.435;2026-02-24T13:51:24.644314+00:00;P0;20.25
4856;DHT22;3629;6.428;3.435;2026-02-24T13:51:35.235757+00:00;humidity;87.60
4856;DHT22;3629;6.428;3.435;2026-02-24T13:51:35.235757+00:00;temperature;33.80
4855;pms5003;3629;6.428;3.435;2026-02-24T13:54:15.953172+00:00;P2;41.25
4855;pms5003;3629;6.428;3.435;2026-02-24T13:54:15.953172+00:00;P1;54.25
4855;pms5003;3629;6.428;3.435;2026-02-24T13:54:15.953172+00:00;P0;27.50
4856;DHT22;3629;6.428;3.435;2026-02-24T13:54:26.618934+00:00;humidity;82.00
4856;DHT22;3629;6.428;3.435;2026-02-24T13:54:26.618934+00:00;temperature;35.40
4854;DHT22;3628;6.559;3.386;2026-02-24T13:56:41.739667+00:00;humidity;66.80
4854;DHT22;3628;6.559;3.386;2026-02-24T13:56:41.739667+00:00;temperature;36.40
4855;pms5003;3629;6.428;3.435;2026-02-24T13:57:08.400142+00:00;P2;32.50
4855;pms5003;3629;6.428;3.435;2026-02-24T13:57:08.400142+00:00;P1;44.25
4855;pms5003;3629;6.428;3.435;2026-02-24T13:57:08.400142+00:00;P0;20.50
4856;DHT22;3629;6.428;3.435;2026-02-24T13:57:18.996790+00:00;humidity;80.40
4856;DHT22;3629;6.428;3.435;2026-02-24T13:57:18.996790+00:00;temperature;35.60
4855;pms5003;3629;6.428;3.435;2026-02-24T14:00:05.859344+00:00;P2;39.00
4855;pms5003;3629;6.428;3.435;2026-02-24T14:00:05.859344+00:00;P1;55.00
4855;pms5003;3629;6.428;3.435;2026-02-24T14:00:05.859344+00:00;P0;25.20
4856;DHT22;3629;6.428;3.435;2026-02-24T14:00:16.308009+00:00;humidity;82.40
4856;DHT22;3629;6.428;3.435;2026-02-24T14:00:16.308009+00:00;temperature;34.90
4853;pms5003;3628;6.559;3.386;2026-02-24T14:01:58.915801+00:00;P2;29.00
4853;pms5003;3628;6.559;3.386;2026-02-24T14:01:58.915801+00:00;P1;44.75
4853;pms5003;3628;6.559;3.386;2026-02-24T14:01:58.915801+00:00;P0;19.00
4855;pms5003;3629;6.428;3.435;2026-02-24T14:02:57.381600+00:00;P2;36.00
4855;pms5003;3629;6.428;3.435;2026-02-24T14:02:57.381600+00:00;P1;45.80
4855;pms5003;3629;6.428;3.435;2026-02-24T14:02:57.381600+00:00;P0;23.40
4856;DHT22;3629;6.428;3.435;2026-02-24T14:03:14.073665+00:00;humidity;83.00
4856;DHT22;3629;6.428;3.435;2026-02-24T14:03:14.073665+00:00;temperature;35.00
4855;pms5003;3629;6.428;3.435;2026-02-24T14:05:54.221217+00:00;P2;29.25
4855;pms5003;3629;6.428;3.435;2026-02-24T14:05:54.221217+00:00;P1;40.50
4855;pms5003;3629;6.428;3.435;2026-02-24T14:05:54.221217+00:00;P0;18.25
4856;DHT22;3629;6.428;3.435;2026-02-24T14:06:04.480726+00:00;humidity;81.30
4856;DHT22;3629;6.428;3.435;2026-02-24T14:06:04.480726+00:00;temperature;35.10
4853;pms5003;3628;6.559;3.386;2026-02-24T14:07:33.645646+00:00;P2;32.50
4853;pms5003;3628;6.559;3.386;2026-02-24T14:07:33.645646+00:00;P1;48.50
4853;pms5003;3628;6.559;3.386;2026-02-24T14:07:33.645646+00:00;P0;20.50
4854;DHT22;3628;6.559;3.386;2026-02-24T14:07:51.298638+00:00;humidity;64.10
4854;DHT22;3628;6.559;3.386;2026-02-24T14:07:51.298638+00:00;temperature;37.10
4855;pms5003;3629;6.428;3.435;2026-02-24T14:08:44.494335+00:00;P2;26.00
4855;pms5003;3629;6.428;3.435;2026-02-24T14:08:44.494335+00:00;P1;37.50
4855;pms5003;3629;6.428;3.435;2026-02-24T14:08:44.494335+00:00;P0;17.50
4856;DHT22;3629;6.428;3.435;2026-02-24T14:08:54.834096+00:00;humidity;80.10
4856;DHT22;3629;6.428;3.435;2026-02-24T14:08:54.834096+00:00;temperature;35.10
4855;pms5003;3629;6.428;3.435;2026-02-24T14:11:34.667990+00:00;P2;33.80
4855;pms5003;3629;6.428;3.435;2026-02-24T14:11:34.667990+00:00;P1;43.80
4855;pms5003;3629;6.428;3.435;2026-02-24T14:11:34.667990+00:00;P0;21.00
4856;DHT22;3629;6.428;3.435;2026-02-24T14:11:44.977273+00:00;humidity;81.60
4856;DHT22;3629;6.428;3.435;2026-02-24T14:11:44.977273+00:00;temperature;34.90
4855;pms5003;3629;6.428;3.435;2026-02-24T14:14:24.893862+00:00;P2;30.40
4855;pms5003;3629;6.428;3.435;2026-02-24T14:14:24.893862+00:00;P1;41.40
4855;pms5003;3629;6.428;3.435;2026-02-24T14:14:24.893862+00:00;P0;20.40
4856;DHT22;3629;6.428;3.435;2026-02-24T14:14:35.077660+00:00;humidity;80.30
4856;DHT22;3629;6.428;3.435;2026-02-24T14:14:35.077660+00:00;temperature;35.00
4855;pms5003;3629;6.428;3.435;2026-02-24T14:17:14.953369+00:00;P2;39.00
4855;pms5003;3629;6.428;3.435;2026-02-24T14:17:14.953369+00:00;P1;52.50
4855;pms5003;3629;6.428;3.435;2026-02-24T14:17:14.953369+00:00;P0;26.50
4856;DHT22;3629;6.428;3.435;2026-02-24T14:17:25.190682+00:00;humidity;83.20
4856;DHT22;3629;6.428;3.435;2026-02-24T14:17:25.190682+00:00;temperature;33.90
4853;pms5003;3628;6.559;3.386;2026-02-24T14:18:32.247134+00:00;P2;31.50
4853;pms5003;3628;6.559;3.386;2026-02-24T14:18:32.247134+00:00;P1;44.25
4853;pms5003;3628;6.559;3.386;2026-02-24T14:18:32.247134+00:00;P0;22.00
4855;pms5003;3629;6.428;3.435;2026-02-24T14:20:05.091309+00:00;P2;36.25
4855;pms5003;3629;6.428;3.435;2026-02-24T14:20:05.091309+00:00;P1;48.25
4855;pms5003;3629;6.428;3.435;2026-02-24T14:20:05.091309+00:00;P0;22.75
4856;DHT22;3629;6.428;3.435;2026-02-24T14:20:16.268175+00:00;humidity;80.40
4856;DHT22;3629;6.428;3.435;2026-02-24T14:20:16.268175+00:00;temperature;35.40
4855;pms5003;3629;6.428;3.435;2026-02-24T14:22:56.271142+00:00;P2;36.00
4855;pms5003;3629;6.428;3.435;2026-02-24T14:22:56.271142+00:00;P1;51.50
4855;pms5003;3629;6.428;3.435;2026-02-24T14:22:56.271142+00:00;P0;24.00
4856;DHT22;3629;6.428;3.435;2026-02-24T14:23:06.915091+00:00;humidity;80.80
4856;DHT22;3629;6.428;3.435;2026-02-24T14:23:06.915091+00:00;temperature;34.90
4853;pms5003;3628;6.559;3.386;2026-02-24T14:23:55.961000+00:00;P2;34.25
4853;pms5003;3628;6.559;3.386;2026-02-24T14:23:55.961000+00:00;P1;46.00
4853;pms5003;3628;6.559;3.386;2026-02-24T14:23:55.961000+00:00;P0;21.25
4854;DHT22;3628;6.559;3.386;2026-02-24T14:24:13.626488+00:00;humidity;63.50
4854;DHT22;3628;6.559;3.386;2026-02-24T14:24:13.626488+00:00;temperature;37.20
4855;pms5003;3629;6.428;3.435;2026-02-24T14:25:47.771302+00:00;P2;32.50
4855;pms5003;3629;6.428;3.435;2026-02-24T14:25:47.771302+00:00;P1;46.00
4855;pms5003;3629;6.428;3.435;2026-02-24T14:25:47.771302+00:00;P0;22.00
4856;DHT22;3629;6.428;3.435;2026-02-24T14:25:58.950890+00:00;humidity;82.90
4856;DHT22;3629;6.428;3.435;2026-02-24T14:25:58.950890+00:00;temperature;34.20
4855;pms5003;3629;6.428;3.435;2026-02-24T14:29:03.305195+00:00;P2;29.25
4855;pms5003;3629;6.428;3.435;2026-02-24T14:29:03.305195+00:00;P1;44.75
4855;pms5003;3629;6.428;3.435;2026-02-24T14:29:03.305195+00:00;P0;20.00
4855;pms5003;3629;6.428;3.435;2026-02-24T14:31:39.795410+00:00;P2;41.25
4855;pms5003;3629;6.428;3.435;2026-02-24T14:31:39.795410+00:00;P1;52.00
4855;pms5003;3629;6.428;3.435;2026-02-24T14:31:39.795410+00:00;P0;25.50
4855;pms5003;3629;6.428;3.435;2026-02-24T14:34:20.573401+00:00;P2;34.50
4855;pms5003;3629;6.428;3.435;2026-02-24T14:34:20.573401+00:00;P1;45.75
4855;pms5003;3629;6.428;3.435;2026-02-24T14:34:20.573401+00:00;P0;22.00
4854;DHT22;3628;6.559;3.386;2026-02-24T14:35:02.245163+00:00;humidity;62.50
4854;DHT22;3628;6.559;3.386;2026-02-24T14:35:02.245163+00:00;temperature;38.00
4855;pms5003;3629;6.428;3.435;2026-02-24T14:37:11.894992+00:00;P2;42.00
4855;pms5003;3629;6.428;3.435;2026-02-24T14:37:11.894992+00:00;P1;59.00
4855;pms5003;3629;6.428;3.435;2026-02-24T14:37:11.894992+00:00;P0;27.00
4855;pms5003;3629;6.428;3.435;2026-02-24T14:39:56.994447+00:00;P2;39.00
4855;pms5003;3629;6.428;3.435;2026-02-24T14:39:56.994447+00:00;P1;50.00
4855;pms5003;3629;6.428;3.435;2026-02-24T14:39:56.994447+00:00;P0;24.50
4856;DHT22;3629;6.428;3.435;2026-02-24T14:40:07.248347+00:00;humidity;78.00
4856;DHT22;3629;6.428;3.435;2026-02-24T14:40:07.248347+00:00;temperature;36.30
4853;pms5003;3628;6.559;3.386;2026-02-24T14:40:19.452193+00:00;P2;36.50
4853;pms5003;3628;6.559;3.386;2026-02-24T14:40:19.452193+00:00;P1;51.00
4853;pms5003;3628;6.559;3.386;2026-02-24T14:40:19.452193+00:00;P0;24.50
4855;pms5003;3629;6.428;3.435;2026-02-24T14:42:47.593970+00:00;P2;45.50
4855;pms5003;3629;6.428;3.435;2026-02-24T14:42:47.593970+00:00;P1;61.25
4855;pms5003;3629;6.428;3.435;2026-02-24T14:42:47.593970+00:00;P0;29.75
4856;DHT22;3629;6.428;3.435;2026-02-24T14:42:58.223087+00:00;humidity;81.20
4856;DHT22;3629;6.428;3.435;2026-02-24T14:42:58.223087+00:00;temperature;34.50
4855;pms5003;3629;6.428;3.435;2026-02-24T14:45:39.419626+00:00;P2;46.75
4855;pms5003;3629;6.428;3.435;2026-02-24T14:45:39.419626+00:00;P1;64.75
4855;pms5003;3629;6.428;3.435;2026-02-24T14:45:39.419626+00:00;P0;30.75
4853;pms5003;3628;6.559;3.386;2026-02-24T14:45:43.325529+00:00;P2;38.75
4853;pms5003;3628;6.559;3.386;2026-02-24T14:45:43.325529+00:00;P1;55.50
4853;pms5003;3628;6.559;3.386;2026-02-24T14:45:43.325529+00:00;P0;23.50
4856;DHT22;3629;6.428;3.435;2026-02-24T14:45:49.843307+00:00;humidity;80.20
4856;DHT22;3629;6.428;3.435;2026-02-24T14:45:49.843307+00:00;temperature;35.30
4855;pms5003;3629;6.428;3.435;2026-02-24T14:48:44.006048+00:00;P2;40.25
4855;pms5003;3629;6.428;3.435;2026-02-24T14:48:44.006048+00:00;P1;56.50
4855;pms5003;3629;6.428;3.435;2026-02-24T14:48:44.006048+00:00;P0;25.50
4853;pms5003;3628;6.559;3.386;2026-02-24T14:51:07.609044+00:00;P2;40.00
4853;pms5003;3628;6.559;3.386;2026-02-24T14:51:07.609044+00:00;P1;53.60
4853;pms5003;3628;6.559;3.386;2026-02-24T14:51:07.609044+00:00;P0;25.60
4854;DHT22;3628;6.559;3.386;2026-02-24T14:51:24.902258+00:00;humidity;63.20
4854;DHT22;3628;6.559;3.386;2026-02-24T14:51:24.902258+00:00;temperature;37.70
4855;pms5003;3629;6.428;3.435;2026-02-24T14:51:44.008271+00:00;P2;38.80
4855;pms5003;3629;6.428;3.435;2026-02-24T14:51:44.008271+00:00;P1;48.40
4855;pms5003;3629;6.428;3.435;2026-02-24T14:51:44.008271+00:00;P0;26.20
4855;pms5003;3629;6.428;3.435;2026-02-24T14:54:11.536044+00:00;P2;36.40
4855;pms5003;3629;6.428;3.435;2026-02-24T14:54:11.536044+00:00;P1;50.00
4855;pms5003;3629;6.428;3.435;2026-02-24T14:54:11.536044+00:00;P0;23.40
4856;DHT22;3629;6.428;3.435;2026-02-24T14:54:22.382304+00:00;humidity;77.60
4856;DHT22;3629;6.428;3.435;2026-02-24T14:54:22.382304+00:00;temperature;35.90
4853;pms5003;3628;6.559;3.386;2026-02-24T14:56:42.123515+00:00;P2;43.67
4853;pms5003;3628;6.559;3.386;2026-02-24T14:56:42.123515+00:00;P1;62.67
4853;pms5003;3628;6.559;3.386;2026-02-24T14:56:42.123515+00:00;P0;27.67
4854;DHT22;3628;6.559;3.386;2026-02-24T14:56:59.622156+00:00;humidity;64.90
4854;DHT22;3628;6.559;3.386;2026-02-24T14:56:59.622156+00:00;temperature;37.10
4855;pms5003;3629;6.428;3.435;2026-02-24T14:57:15.882860+00:00;P2;39.20
4855;pms5003;3629;6.428;3.435;2026-02-24T14:57:15.882860+00:00;P1;53.40
4855;pms5003;3629;6.428;3.435;2026-02-24T14:57:15.882860+00:00;P0;25.00
4853;pms5003;3628;6.559;3.386;2026-02-24T15:02:17.430289+00:00;P2;42.00
4853;pms5003;3628;6.559;3.386;2026-02-24T15:02:17.430289+00:00;P1;58.25
4853;pms5003;3628;6.559;3.386;2026-02-24T15:02:17.430289+00:00;P0;27.25
4854;DHT22;3628;6.559;3.386;2026-02-24T15:02:34.983320+00:00;humidity;63.10
4854;DHT22;3628;6.559;3.386;2026-02-24T15:02:34.983320+00:00;temperature;37.90
4855;pms5003;3629;6.428;3.435;2026-02-24T15:02:50.641863+00:00;P2;44.75
4855;pms5003;3629;6.428;3.435;2026-02-24T15:02:50.641863+00:00;P1;60.50
4855;pms5003;3629;6.428;3.435;2026-02-24T15:02:50.641863+00:00;P0;29.00
4856;DHT22;3629;6.428;3.435;2026-02-24T15:03:03.259503+00:00;humidity;80.20
4856;DHT22;3629;6.428;3.435;2026-02-24T15:03:03.259503+00:00;temperature;35.10
4855;pms5003;3629;6.428;3.435;2026-02-24T15:05:53.073078+00:00;P2;51.40
4855;pms5003;3629;6.428;3.435;2026-02-24T15:05:53.073078+00:00;P1;69.00
4855;pms5003;3629;6.428;3.435;2026-02-24T15:05:53.073078+00:00;P0;32.40
4856;DHT22;3629;6.428;3.435;2026-02-24T15:06:25.051564+00:00;humidity;82.10
4856;DHT22;3629;6.428;3.435;2026-02-24T15:06:25.051564+00:00;temperature;34.50
4853;pms5003;3628;6.559;3.386;2026-02-24T15:07:52.032486+00:00;P2;46.00
4853;pms5003;3628;6.559;3.386;2026-02-24T15:07:52.032486+00:00;P1;60.80
4853;pms5003;3628;6.559;3.386;2026-02-24T15:07:52.032486+00:00;P0;30.00
4854;DHT22;3628;6.559;3.386;2026-02-24T15:08:09.420219+00:00;humidity;63.00
4854;DHT22;3628;6.559;3.386;2026-02-24T15:08:09.420219+00:00;temperature;37.70
4855;pms5003;3629;6.428;3.435;2026-02-24T15:08:52.864567+00:00;P2;44.60
4855;pms5003;3629;6.428;3.435;2026-02-24T15:08:52.864567+00:00;P1;61.40
4855;pms5003;3629;6.428;3.435;2026-02-24T15:08:52.864567+00:00;P0;29.80
4856;DHT22;3629;6.428;3.435;2026-02-24T15:09:03.222117+00:00;humidity;83.60
4856;DHT22;3629;6.428;3.435;2026-02-24T15:09:03.222117+00:00;temperature;34.10
4855;pms5003;3629;6.428;3.435;2026-02-24T15:11:43.341913+00:00;P2;47.40
4855;pms5003;3629;6.428;3.435;2026-02-24T15:11:43.341913+00:00;P1;62.20
4855;pms5003;3629;6.428;3.435;2026-02-24T15:11:43.341913+00:00;P0;31.00
4856;DHT22;3629;6.428;3.435;2026-02-24T15:11:53.647559+00:00;humidity;81.60
4856;DHT22;3629;6.428;3.435;2026-02-24T15:11:53.647559+00:00;temperature;34.90
4854;DHT22;3628;6.559;3.386;2026-02-24T15:13:33.486043+00:00;humidity;62.90
4854;DHT22;3628;6.559;3.386;2026-02-24T15:13:33.486043+00:00;temperature;37.60
4855;pms5003;3629;6.428;3.435;2026-02-24T15:14:33.649720+00:00;P2;47.00
4855;pms5003;3629;6.428;3.435;2026-02-24T15:14:33.649720+00:00;P1;64.20
4855;pms5003;3629;6.428;3.435;2026-02-24T15:14:33.649720+00:00;P0;30.80
4856;DHT22;3629;6.428;3.435;2026-02-24T15:14:43.854718+00:00;humidity;80.90
4856;DHT22;3629;6.428;3.435;2026-02-24T15:14:43.854718+00:00;temperature;35.10
4855;pms5003;3629;6.428;3.435;2026-02-24T15:17:24.534731+00:00;P2;47.50
4855;pms5003;3629;6.428;3.435;2026-02-24T15:17:24.534731+00:00;P1;61.75
4855;pms5003;3629;6.428;3.435;2026-02-24T15:17:24.534731+00:00;P0;30.25
4856;DHT22;3629;6.428;3.435;2026-02-24T15:17:34.943044+00:00;humidity;82.70
4856;DHT22;3629;6.428;3.435;2026-02-24T15:17:34.943044+00:00;temperature;34.40
4853;pms5003;3628;6.559;3.386;2026-02-24T15:18:50.656231+00:00;P2;39.00
4853;pms5003;3628;6.559;3.386;2026-02-24T15:18:50.656231+00:00;P1;57.00
4853;pms5003;3628;6.559;3.386;2026-02-24T15:18:50.656231+00:00;P0;25.50
4854;DHT22;3628;6.559;3.386;2026-02-24T15:19:08.092763+00:00;humidity;64.40
4854;DHT22;3628;6.559;3.386;2026-02-24T15:19:08.092763+00:00;temperature;37.00
4855;pms5003;3629;6.428;3.435;2026-02-24T15:20:20.472643+00:00;P2;44.00
4855;pms5003;3629;6.428;3.435;2026-02-24T15:20:20.472643+00:00;P1;58.50
4855;pms5003;3629;6.428;3.435;2026-02-24T15:20:20.472643+00:00;P0;28.50
4856;DHT22;3629;6.428;3.435;2026-02-24T15:20:31.851056+00:00;humidity;84.80
4856;DHT22;3629;6.428;3.435;2026-02-24T15:20:31.851056+00:00;temperature;33.90
4855;pms5003;3629;6.428;3.435;2026-02-24T15:23:15.091973+00:00;P2;44.00
4855;pms5003;3629;6.428;3.435;2026-02-24T15:23:15.091973+00:00;P1;62.00
4855;pms5003;3629;6.428;3.435;2026-02-24T15:23:15.091973+00:00;P0;29.00
4855;pms5003;3629;6.428;3.435;2026-02-24T15:26:09.869658+00:00;P2;41.00
4855;pms5003;3629;6.428;3.435;2026-02-24T15:26:09.869658+00:00;P1;57.00
4855;pms5003;3629;6.428;3.435;2026-02-24T15:26:09.869658+00:00;P0;27.00
4855;pms5003;3629;6.428;3.435;2026-02-24T15:28:54.002321+00:00;P2;42.80
4855;pms5003;3629;6.428;3.435;2026-02-24T15:28:54.002321+00:00;P1;58.40
4855;pms5003;3629;6.428;3.435;2026-02-24T15:28:54.002321+00:00;P0;28.00
4856;DHT22;3629;6.428;3.435;2026-02-24T15:29:04.937325+00:00;humidity;86.10
4856;DHT22;3629;6.428;3.435;2026-02-24T15:29:04.937325+00:00;temperature;33.50
4853;pms5003;3628;6.559;3.386;2026-02-24T15:29:49.211078+00:00;P2;38.25
4853;pms5003;3628;6.559;3.386;2026-02-24T15:29:49.211078+00:00;P1;57.50
4853;pms5003;3628;6.559;3.386;2026-02-24T15:29:49.211078+00:00;P0;25.00
4854;DHT22;3628;6.559;3.386;2026-02-24T15:30:09.465650+00:00;humidity;65.20
4854;DHT22;3628;6.559;3.386;2026-02-24T15:30:09.465650+00:00;temperature;36.60
4855;pms5003;3629;6.428;3.435;2026-02-24T15:31:53.896279+00:00;P2;37.20
4855;pms5003;3629;6.428;3.435;2026-02-24T15:31:53.896279+00:00;P1;51.20
4855;pms5003;3629;6.428;3.435;2026-02-24T15:31:53.896279+00:00;P0;24.00
4856;DHT22;3629;6.428;3.435;2026-02-24T15:32:04.372149+00:00;humidity;84.40
4856;DHT22;3629;6.428;3.435;2026-02-24T15:32:04.372149+00:00;temperature;34.10
4853;pms5003;3628;6.559;3.386;2026-02-24T15:35:26.645516+00:00;P2;41.75
4853;pms5003;3628;6.559;3.386;2026-02-24T15:35:26.645516+00:00;P1;60.75
4853;pms5003;3628;6.559;3.386;2026-02-24T15:35:26.645516+00:00;P0;28.00
4854;DHT22;3628;6.559;3.386;2026-02-24T15:35:44.199278+00:00;humidity;63.40
4854;DHT22;3628;6.559;3.386;2026-02-24T15:35:44.199278+00:00;temperature;37.60
4855;pms5003;3629;6.428;3.435;2026-02-24T15:37:33.242992+00:00;P2;39.00
4855;pms5003;3629;6.428;3.435;2026-02-24T15:37:33.242992+00:00;P1;51.60
4855;pms5003;3629;6.428;3.435;2026-02-24T15:37:33.242992+00:00;P0;26.00
4856;DHT22;3629;6.428;3.435;2026-02-24T15:37:43.531954+00:00;humidity;84.00
4856;DHT22;3629;6.428;3.435;2026-02-24T15:37:43.531954+00:00;temperature;34.10
4855;pms5003;3629;6.428;3.435;2026-02-24T15:40:56.904181+00:00;P2;36.60
4855;pms5003;3629;6.428;3.435;2026-02-24T15:40:56.904181+00:00;P1;51.20
4855;pms5003;3629;6.428;3.435;2026-02-24T15:40:56.904181+00:00;P0;23.60
4853;pms5003;3628;6.559;3.386;2026-02-24T15:41:01.379406+00:00;P2;49.25
4853;pms5003;3628;6.559;3.386;2026-02-24T15:41:01.379406+00:00;P1;68.25
4853;pms5003;3628;6.559;3.386;2026-02-24T15:41:01.379406+00:00;P0;32.00
4855;pms5003;3629;6.428;3.435;2026-02-24T15:43:13.474859+00:00;P2;35.00
4855;pms5003;3629;6.428;3.435;2026-02-24T15:43:13.474859+00:00;P1;41.60
4855;pms5003;3629;6.428;3.435;2026-02-24T15:43:13.474859+00:00;P0;24.00
4856;DHT22;3629;6.428;3.435;2026-02-24T15:43:30.519573+00:00;humidity;83.20
4856;DHT22;3629;6.428;3.435;2026-02-24T15:43:30.519573+00:00;temperature;34.50
4853;pms5003;3628;6.559;3.386;2026-02-24T15:47:26.308288+00:00;P2;38.00
4853;pms5003;3628;6.559;3.386;2026-02-24T15:47:26.308288+00:00;P1;50.00
4853;pms5003;3628;6.559;3.386;2026-02-24T15:47:26.308288+00:00;P0;26.00
4855;pms5003;3629;6.428;3.435;2026-02-24T15:47:44.343362+00:00;P2;33.00
4855;pms5003;3629;6.428;3.435;2026-02-24T15:47:44.343362+00:00;P1;45.40
4855;pms5003;3629;6.428;3.435;2026-02-24T15:47:44.343362+00:00;P0;22.60
4855;pms5003;3629;6.428;3.435;2026-02-24T15:49:08.614386+00:00;P2;34.75
4855;pms5003;3629;6.428;3.435;2026-02-24T15:49:08.614386+00:00;P1;48.75
4855;pms5003;3629;6.428;3.435;2026-02-24T15:49:08.614386+00:00;P0;23.00
4856;DHT22;3629;6.428;3.435;2026-02-24T15:49:19.710148+00:00;humidity;86.70
4856;DHT22;3629;6.428;3.435;2026-02-24T15:49:19.710148+00:00;temperature;33.20
4855;pms5003;3629;6.428;3.435;2026-02-24T15:52:01.224977+00:00;P2;35.00
4855;pms5003;3629;6.428;3.435;2026-02-24T15:52:01.224977+00:00;P1;49.40
4855;pms5003;3629;6.428;3.435;2026-02-24T15:52:01.224977+00:00;P0;23.00
4856;DHT22;3629;6.428;3.435;2026-02-24T15:52:13.580364+00:00;humidity;88.80
4856;DHT22;3629;6.428;3.435;2026-02-24T15:52:13.580364+00:00;temperature;32.90
4855;pms5003;3629;6.428;3.435;2026-02-24T15:55:40.063267+00:00;P2;35.20
4855;pms5003;3629;6.428;3.435;2026-02-24T15:55:40.063267+00:00;P1;49.20
4855;pms5003;3629;6.428;3.435;2026-02-24T15:55:40.063267+00:00;P0;22.60
4853;pms5003;3628;6.559;3.386;2026-02-24T15:57:14.115774+00:00;P2;38.00
4853;pms5003;3628;6.559;3.386;2026-02-24T15:57:14.115774+00:00;P1;58.25
4853;pms5003;3628;6.559;3.386;2026-02-24T15:57:14.115774+00:00;P0;24.5p
4854;DHT22;3628;6.559;3.386;2026-02-24T15:57:31.497177+00:00;humidity;67.10
4854;DHT22;3628;6.559;3.386;2026-02-24T15:57:31.497177+00:00;temperature;35.90
4855;pms5003;3629;6.428;3.435;2026-02-24T15:58:00.194991+00:00;P2;38.40
4855;pms5003;3629;6.428;3.435;2026-02-24T15:58:00.194991+00:00;P1;53.00
4855;pms5003;3629;6.428;3.435;2026-02-24T15:58:00.194991+00:00;P0;24.00
4856;DHT22;3629;6.428;3.435;2026-02-24T15:58:22.000329+00:00;humidity;91.30
4856;DHT22;3629;6.428;3.435;2026-02-24T15:58:22.000329+00:00;temperature;32.00
4855;pms5003;3629;6.428;3.435;2026-02-24T16:01:00.379367+00:00;P2;34.60
4855;pms5003;3629;6.428;3.435;2026-02-24T16:01:00.379367+00:00;P1;49.40
4855;pms5003;3629;6.428;3.435;2026-02-24T16:01:00.379367+00:00;P0;22.00
4854;DHT22;3628;6.559;3.386;2026-02-24T16:03:06.163918+00:00;humidity;68.20
4854;DHT22;3628;6.559;3.386;2026-02-24T16:03:06.163918+00:00;temperature;35.70
4855;pms5003;3629;6.428;3.435;2026-02-24T16:03:44.469632+00:00;P2;36.25
4855;pms5003;3629;6.428;3.435;2026-02-24T16:03:44.469632+00:00;P1;51.50
4855;pms5003;3629;6.428;3.435;2026-02-24T16:03:44.469632+00:00;P0;21.75
4856;DHT22;3629;6.428;3.435;2026-02-24T16:03:55.024382+00:00;humidity;90.80
4856;DHT22;3629;6.428;3.435;2026-02-24T16:03:55.024382+00:00;temperature;31.90
4855;pms5003;3629;6.428;3.435;2026-02-24T16:08:02.772287+00:00;P2;65.00
4855;pms5003;3629;6.428;3.435;2026-02-24T16:08:02.772287+00:00;P1;82.00
4855;pms5003;3629;6.428;3.435;2026-02-24T16:08:02.772287+00:00;P0;41.60
4853;pms5003;3628;6.559;3.386;2026-02-24T16:08:23.337294+00:00;P2;38.00
4853;pms5003;3628;6.559;3.386;2026-02-24T16:08:23.337294+00:00;P1;56.60
4853;pms5003;3628;6.559;3.386;2026-02-24T16:08:23.337294+00:00;P0;24.40
4855;pms5003;3629;6.428;3.435;2026-02-24T16:12:28.933581+00:00;P2;38.60
4855;pms5003;3629;6.428;3.435;2026-02-24T16:12:28.933581+00:00;P1;54.80
4855;pms5003;3629;6.428;3.435;2026-02-24T16:12:28.933581+00:00;P0;24.80
4856;DHT22;3629;6.428;3.435;2026-02-24T16:12:39.122368+00:00;humidity;90.90
4856;DHT22;3629;6.428;3.435;2026-02-24T16:12:39.122368+00:00;temperature;31.90
4854;DHT22;3628;6.559;3.386;2026-02-24T16:14:39.576564+00:00;humidity;70.40
4854;DHT22;3628;6.559;3.386;2026-02-24T16:14:39.576564+00:00;temperature;34.60
4855;pms5003;3629;6.428;3.435;2026-02-24T16:15:19.991423+00:00;P2;43.50
4855;pms5003;3629;6.428;3.435;2026-02-24T16:15:19.991423+00:00;P1;59.25
4855;pms5003;3629;6.428;3.435;2026-02-24T16:15:19.991423+00:00;P0;28.00
4856;DHT22;3629;6.428;3.435;2026-02-24T16:15:30.355130+00:00;humidity;92.60
4856;DHT22;3629;6.428;3.435;2026-02-24T16:15:30.355130+00:00;temperature;31.40
4855;pms5003;3629;6.428;3.435;2026-02-24T16:18:18.252928+00:00;P2;44.00
4855;pms5003;3629;6.428;3.435;2026-02-24T16:18:18.252928+00:00;P1;58.00
4855;pms5003;3629;6.428;3.435;2026-02-24T16:18:18.252928+00:00;P0;28.50
4856;DHT22;3629;6.428;3.435;2026-02-24T16:18:28.672372+00:00;humidity;92.80
4856;DHT22;3629;6.428;3.435;2026-02-24T16:18:28.672372+00:00;temperature;31.40
4855;pms5003;3629;6.428;3.435;2026-02-24T16:21:25.511114+00:00;P2;39.60
4855;pms5003;3629;6.428;3.435;2026-02-24T16:21:25.511114+00:00;P1;53.00
4855;pms5003;3629;6.428;3.435;2026-02-24T16:21:25.511114+00:00;P0;26.40
4855;pms5003;3629;6.428;3.435;2026-02-24T16:23:59.895010+00:00;P2;40.20
4855;pms5003;3629;6.428;3.435;2026-02-24T16:23:59.895010+00:00;P1;53.80
4855;pms5003;3629;6.428;3.435;2026-02-24T16:23:59.895010+00:00;P0;26.60
4856;DHT22;3629;6.428;3.435;2026-02-24T16:24:11.290424+00:00;humidity;93.50
4856;DHT22;3629;6.428;3.435;2026-02-24T16:24:11.290424+00:00;temperature;31.30
4855;pms5003;3629;6.428;3.435;2026-02-24T16:26:53.433500+00:00;P2;42.40
4855;pms5003;3629;6.428;3.435;2026-02-24T16:26:53.433500+00:00;P1;55.00
4855;pms5003;3629;6.428;3.435;2026-02-24T16:26:53.433500+00:00;P0;26.00
4856;DHT22;3629;6.428;3.435;2026-02-24T16:27:04.059881+00:00;humidity;92.00
4856;DHT22;3629;6.428;3.435;2026-02-24T16:27:04.059881+00:00;temperature;31.50
4855;pms5003;3629;6.428;3.435;2026-02-24T16:29:45.662889+00:00;P2;40.00
4855;pms5003;3629;6.428;3.435;2026-02-24T16:29:45.662889+00:00;P1;52.50
4855;pms5003;3629;6.428;3.435;2026-02-24T16:29:45.662889+00:00;P0;25.00
4856;DHT22;3629;6.428;3.435;2026-02-24T16:29:56.157508+00:00;humidity;91.20
4856;DHT22;3629;6.428;3.435;2026-02-24T16:29:56.157508+00:00;temperature;31.90
4854;DHT22;3628;6.559;3.386;2026-02-24T16:30:02.211778+00:00;humidity;71.30
4854;DHT22;3628;6.559;3.386;2026-02-24T16:30:02.211778+00:00;temperature;34.00
4855;pms5003;3629;6.428;3.435;2026-02-24T16:32:50.093370+00:00;P2;37.75
4855;pms5003;3629;6.428;3.435;2026-02-24T16:32:50.093370+00:00;P1;51.75
4855;pms5003;3629;6.428;3.435;2026-02-24T16:32:50.093370+00:00;P0;24.50
4856;DHT22;3629;6.428;3.435;2026-02-24T16:33:00.455818+00:00;humidity;90.30
4856;DHT22;3629;6.428;3.435;2026-02-24T16:33:00.455818+00:00;temperature;32.20
4853;pms5003;3628;6.559;3.386;2026-02-24T16:35:40.359502+00:00;P2;44.00
4853;pms5003;3628;6.559;3.386;2026-02-24T16:35:40.359502+00:00;P1;61.00
4853;pms5003;3628;6.559;3.386;2026-02-24T16:35:40.359502+00:00;P0;28.00
4855;pms5003;3629;6.428;3.435;2026-02-24T16:35:41.531178+00:00;P2;40.00
4855;pms5003;3629;6.428;3.435;2026-02-24T16:35:41.531178+00:00;P1;49.60
4855;pms5003;3629;6.428;3.435;2026-02-24T16:35:41.531178+00:00;P0;26.20
4856;DHT22;3629;6.428;3.435;2026-02-24T16:35:52.214980+00:00;humidity;88.40
4856;DHT22;3629;6.428;3.435;2026-02-24T16:35:52.214980+00:00;temperature;32.40
4855;pms5003;3629;6.428;3.435;2026-02-24T16:38:33.049898+00:00;P2;43.00
4855;pms5003;3629;6.428;3.435;2026-02-24T16:38:33.049898+00:00;P1;57.75
4855;pms5003;3629;6.428;3.435;2026-02-24T16:38:33.049898+00:00;P0;28.00
4856;DHT22;3629;6.428;3.435;2026-02-24T16:38:43.720746+00:00;humidity;91.20
4856;DHT22;3629;6.428;3.435;2026-02-24T16:38:43.720746+00:00;temperature;31.60
4853;pms5003;3628;6.559;3.386;2026-02-24T16:40:43.728985+00:00;P2;38.40
4853;pms5003;3628;6.559;3.386;2026-02-24T16:40:43.728985+00:00;P1;56.80
4853;pms5003;3628;6.559;3.386;2026-02-24T16:40:43.728985+00:00;P0;24.60
4854;DHT22;3628;6.559;3.386;2026-02-24T16:41:01.130404+00:00;humidity;71.20
4854;DHT22;3628;6.559;3.386;2026-02-24T16:41:01.130404+00:00;temperature;33.90
4855;pms5003;3629;6.428;3.435;2026-02-24T16:41:30.295026+00:00;P2;43.75
4855;pms5003;3629;6.428;3.435;2026-02-24T16:41:30.295026+00:00;P1;62.25
4855;pms5003;3629;6.428;3.435;2026-02-24T16:41:30.295026+00:00;P0;29.00
4856;DHT22;3629;6.428;3.435;2026-02-24T16:41:40.576163+00:00;humidity;91.10
4856;DHT22;3629;6.428;3.435;2026-02-24T16:41:40.576163+00:00;temperature;31.70
4855;pms5003;3629;6.428;3.435;2026-02-24T16:44:23.011250+00:00;P2;92.20
4855;pms5003;3629;6.428;3.435;2026-02-24T16:44:23.011250+00:00;P1;109.20
4855;pms5003;3629;6.428;3.435;2026-02-24T16:44:23.011250+00:00;P0;58.60
4856;DHT22;3629;6.428;3.435;2026-02-24T16:44:33.656036+00:00;humidity;91.70
4856;DHT22;3629;6.428;3.435;2026-02-24T16:44:33.656036+00:00;temperature;31.60
4853;pms5003;3628;6.559;3.386;2026-02-24T16:46:18.320371+00:00;P2;40.75
4853;pms5003;3628;6.559;3.386;2026-02-24T16:46:18.320371+00:00;P1;53.00
4853;pms5003;3628;6.559;3.386;2026-02-24T16:46:18.320371+00:00;P0;25.75
4855;pms5003;3629;6.428;3.435;2026-02-24T16:47:14.536042+00:00;P2;45.75
4855;pms5003;3629;6.428;3.435;2026-02-24T16:47:14.536042+00:00;P1;61.75
4855;pms5003;3629;6.428;3.435;2026-02-24T16:47:14.536042+00:00;P0;29.75
4856;DHT22;3629;6.428;3.435;2026-02-24T16:47:24.753280+00:00;humidity;91.50
4856;DHT22;3629;6.428;3.435;2026-02-24T16:47:24.753280+00:00;temperature;31.80
4855;pms5003;3629;6.428;3.435;2026-02-24T16:50:04.734424+00:00;P2;44.00
4855;pms5003;3629;6.428;3.435;2026-02-24T16:50:04.734424+00:00;P1;57.40
4855;pms5003;3629;6.428;3.435;2026-02-24T16:50:04.734424+00:00;P0;30.00
4856;DHT22;3629;6.428;3.435;2026-02-24T16:50:15.042669+00:00;humidity;92.40
4856;DHT22;3629;6.428;3.435;2026-02-24T16:50:15.042669+00:00;temperature;31.50
4855;pms5003;3629;6.428;3.435;2026-02-24T16:52:55.076525+00:00;P2;38.00
4855;pms5003;3629;6.428;3.435;2026-02-24T16:52:55.076525+00:00;P1;51.50
4855;pms5003;3629;6.428;3.435;2026-02-24T16:52:55.076525+00:00;P0;25.00
4856;DHT22;3629;6.428;3.435;2026-02-24T16:53:05.751934+00:00;humidity;92.90
4856;DHT22;3629;6.428;3.435;2026-02-24T16:53:05.751934+00:00;temperature;31.30
4855;pms5003;3629;6.428;3.435;2026-02-24T16:55:47.372920+00:00;P2;37.60
4855;pms5003;3629;6.428;3.435;2026-02-24T16:55:47.372920+00:00;P1;51.40
4855;pms5003;3629;6.428;3.435;2026-02-24T16:55:47.372920+00:00;P0;24.80
4856;DHT22;3629;6.428;3.435;2026-02-24T16:55:57.870942+00:00;humidity;93.00
4856;DHT22;3629;6.428;3.435;2026-02-24T16:55:57.870942+00:00;temperature;31.50
4854;DHT22;3628;6.559;3.386;2026-02-24T16:57:05.156922+00:00;humidity;72.10
4854;DHT22;3628;6.559;3.386;2026-02-24T16:57:05.156922+00:00;temperature;33.50
4855;pms5003;3629;6.428;3.435;2026-02-24T16:58:43.685910+00:00;P2;39.75
4855;pms5003;3629;6.428;3.435;2026-02-24T16:58:43.685910+00:00;P1;55.50
4855;pms5003;3629;6.428;3.435;2026-02-24T16:58:43.685910+00:00;P0;26.00
4856;DHT22;3629;6.428;3.435;2026-02-24T16:58:54.056608+00:00;humidity;93.90
4856;DHT22;3629;6.428;3.435;2026-02-24T16:58:54.056608+00:00;temperature;31.40
4855;pms5003;3629;6.428;3.435;2026-02-24T17:01:43.821284+00:00;P2;41.75
4855;pms5003;3629;6.428;3.435;2026-02-24T17:01:43.821284+00:00;P1;59.50
4855;pms5003;3629;6.428;3.435;2026-02-24T17:01:43.821284+00:00;P0;28.00
4856;DHT22;3629;6.428;3.435;2026-02-24T17:01:54.219843+00:00;humidity;94.40
4856;DHT22;3629;6.428;3.435;2026-02-24T17:01:54.219843+00:00;temperature;31.40
4853;pms5003;3628;6.559;3.386;2026-02-24T17:02:22.390195+00:00;P2;41.50
4853;pms5003;3628;6.559;3.386;2026-02-24T17:02:22.390195+00:00;P1;60.25
4853;pms5003;3628;6.559;3.386;2026-02-24T17:02:22.390195+00:00;P0;27.75
4855;pms5003;3629;6.428;3.435;2026-02-24T17:04:51.831249+00:00;P2;44.00
4855;pms5003;3629;6.428;3.435;2026-02-24T17:04:51.831249+00:00;P1;59.00
4855;pms5003;3629;6.428;3.435;2026-02-24T17:04:51.831249+00:00;P0;28.25
4855;pms5003;3629;6.428;3.435;2026-02-24T17:07:24.337781+00:00;P2;42.50
4855;pms5003;3629;6.428;3.435;2026-02-24T17:07:24.337781+00:00;P1;57.75
4855;pms5003;3629;6.428;3.435;2026-02-24T17:07:24.337781+00:00;P0;26.75
4856;DHT22;3629;6.428;3.435;2026-02-24T17:07:34.590390+00:00;humidity;96.80
4856;DHT22;3629;6.428;3.435;2026-02-24T17:07:34.590390+00:00;temperature;31.00
4853;pms5003;3628;6.559;3.386;2026-02-24T17:07:46.152644+00:00;P2;39.75
4853;pms5003;3628;6.559;3.386;2026-02-24T17:07:46.152644+00:00;P1;54.00
4853;pms5003;3628;6.559;3.386;2026-02-24T17:07:46.152644+00:00;P0;24.50
4855;pms5003;3629;6.428;3.435;2026-02-24T17:10:14.397416+00:00;P2;44.75
4855;pms5003;3629;6.428;3.435;2026-02-24T17:10:14.397416+00:00;P1;61.50
4855;pms5003;3629;6.428;3.435;2026-02-24T17:10:14.397416+00:00;P0;28.00
4856;DHT22;3629;6.428;3.435;2026-02-24T17:10:29.452233+00:00;humidity;96.70
4856;DHT22;3629;6.428;3.435;2026-02-24T17:10:29.452233+00:00;temperature;31.10
4855;pms5003;3629;6.428;3.435;2026-02-24T17:13:11.152238+00:00;P2;41.60
4855;pms5003;3629;6.428;3.435;2026-02-24T17:13:11.152238+00:00;P1;58.60
4855;pms5003;3629;6.428;3.435;2026-02-24T17:13:11.152238+00:00;P0;26.40
4856;DHT22;3629;6.428;3.435;2026-02-24T17:13:21.430188+00:00;humidity;97.00
4856;DHT22;3629;6.428;3.435;2026-02-24T17:13:21.430188+00:00;temperature;31.30
4855;pms5003;3629;6.428;3.435;2026-02-24T17:17:48.631127+00:00;P2;44.60
4855;pms5003;3629;6.428;3.435;2026-02-24T17:17:48.631127+00:00;P1;61.00
4855;pms5003;3629;6.428;3.435;2026-02-24T17:17:48.631127+00:00;P0;28.20
4853;pms5003;3628;6.559;3.386;2026-02-24T17:18:34.836688+00:00;P2;43.25
4853;pms5003;3628;6.559;3.386;2026-02-24T17:18:34.836688+00:00;P1;62.00
4853;pms5003;3628;6.559;3.386;2026-02-24T17:18:34.836688+00:00;P0;28.25
4854;DHT22;3628;6.559;3.386;2026-02-24T17:18:52.277396+00:00;humidity;74.70
4854;DHT22;3628;6.559;3.386;2026-02-24T17:18:52.277396+00:00;temperature;33.40
4855;pms5003;3629;6.428;3.435;2026-02-24T17:18:59.139729+00:00;P2;46.00
4855;pms5003;3629;6.428;3.435;2026-02-24T17:18:59.139729+00:00;P1;60.75
4855;pms5003;3629;6.428;3.435;2026-02-24T17:18:59.139729+00:00;P0;30.00
4856;DHT22;3629;6.428;3.435;2026-02-24T17:19:10.275737+00:00;humidity;99.20
4856;DHT22;3629;6.428;3.435;2026-02-24T17:19:10.275737+00:00;temperature;30.90
4855;pms5003;3629;6.428;3.435;2026-02-24T17:22:22.360174+00:00;P2;44.00
4855;pms5003;3629;6.428;3.435;2026-02-24T17:22:22.360174+00:00;P1;58.40
4855;pms5003;3629;6.428;3.435;2026-02-24T17:22:22.360174+00:00;P0;29.00
4855;pms5003;3629;6.428;3.435;2026-02-24T17:24:43.294575+00:00;P2;51.80
4855;pms5003;3629;6.428;3.435;2026-02-24T17:24:43.294575+00:00;P1;70.80
4855;pms5003;3629;6.428;3.435;2026-02-24T17:24:43.294575+00:00;P0;34.00
4856;DHT22;3629;6.428;3.435;2026-02-24T17:24:54.737774+00:00;humidity;100.00
4856;DHT22;3629;6.428;3.435;2026-02-24T17:24:54.737774+00:00;temperature;30.80
4855;pms5003;3629;6.428;3.435;2026-02-24T17:28:15.299424+00:00;P2;48.20
4855;pms5003;3629;6.428;3.435;2026-02-24T17:28:15.299424+00:00;P1;62.60
4855;pms5003;3629;6.428;3.435;2026-02-24T17:28:15.299424+00:00;P0;31.00
4854;DHT22;3628;6.559;3.386;2026-02-24T17:29:41.871891+00:00;humidity;76.50
4854;DHT22;3628;6.559;3.386;2026-02-24T17:29:41.871891+00:00;temperature;33.00
4855;pms5003;3629;6.428;3.435;2026-02-24T17:30:25.892750+00:00;P2;53.80
4855;pms5003;3629;6.428;3.435;2026-02-24T17:30:25.892750+00:00;P1;68.80
4855;pms5003;3629;6.428;3.435;2026-02-24T17:30:25.892750+00:00;P0;34.00
4856;DHT22;3629;6.428;3.435;2026-02-24T17:30:36.424658+00:00;humidity;99.10
4856;DHT22;3629;6.428;3.435;2026-02-24T17:30:36.424658+00:00;temperature;31.00
4855;pms5003;3629;6.428;3.435;2026-02-24T17:33:16.764678+00:00;P2;48.50
4855;pms5003;3629;6.428;3.435;2026-02-24T17:33:16.764678+00:00;P1;69.00
4855;pms5003;3629;6.428;3.435;2026-02-24T17:33:16.764678+00:00;P0;32.00
4856;DHT22;3629;6.428;3.435;2026-02-24T17:33:27.135383+00:00;humidity;100.00
4856;DHT22;3629;6.428;3.435;2026-02-24T17:33:27.135383+00:00;temperature;30.70
4853;pms5003;3628;6.559;3.386;2026-02-24T17:34:58.883480+00:00;P2;41.00
4853;pms5003;3628;6.559;3.386;2026-02-24T17:34:58.883480+00:00;P1;60.00
4853;pms5003;3628;6.559;3.386;2026-02-24T17:34:58.883480+00:00;P0;27.00
4854;DHT22;3628;6.559;3.386;2026-02-24T17:35:16.338801+00:00;humidity;77.50
4854;DHT22;3628;6.559;3.386;2026-02-24T17:35:16.338801+00:00;temperature;32.80
4855;pms5003;3629;6.428;3.435;2026-02-24T17:36:07.770995+00:00;P2;48.00
4855;pms5003;3629;6.428;3.435;2026-02-24T17:36:07.770995+00:00;P1;63.80
4855;pms5003;3629;6.428;3.435;2026-02-24T17:36:07.770995+00:00;P0;31.00
4856;DHT22;3629;6.428;3.435;2026-02-24T17:36:18.171408+00:00;humidity;100.00
4856;DHT22;3629;6.428;3.435;2026-02-24T17:36:18.171408+00:00;temperature;30.70
4855;pms5003;3629;6.428;3.435;2026-02-24T17:38:58.057273+00:00;P2;51.40
4855;pms5003;3629;6.428;3.435;2026-02-24T17:38:58.057273+00:00;P1;66.80
4855;pms5003;3629;6.428;3.435;2026-02-24T17:38:58.057273+00:00;P0;32.40
4856;DHT22;3629;6.428;3.435;2026-02-24T17:39:08.311538+00:00;humidity;100.00
4856;DHT22;3629;6.428;3.435;2026-02-24T17:39:08.311538+00:00;temperature;30.40
4853;pms5003;3628;6.559;3.386;2026-02-24T17:40:33.552934+00:00;P2;48.50
4853;pms5003;3628;6.559;3.386;2026-02-24T17:40:33.552934+00:00;P1;68.50
4853;pms5003;3628;6.559;3.386;2026-02-24T17:40:33.552934+00:00;P0;30.50
4854;DHT22;3628;6.559;3.386;2026-02-24T17:40:50.954525+00:00;humidity;77.20
4854;DHT22;3628;6.559;3.386;2026-02-24T17:40:50.954525+00:00;temperature;32.80
4853;pms5003;3628;6.559;3.386;2026-02-24T17:46:08.211906+00:00;P2;45.80
4853;pms5003;3628;6.559;3.386;2026-02-24T17:46:08.211906+00:00;P1;62.40
4853;pms5003;3628;6.559;3.386;2026-02-24T17:46:08.211906+00:00;P0;28.40
4854;DHT22;3628;6.559;3.386;2026-02-24T17:46:25.678428+00:00;humidity;77.20
4854;DHT22;3628;6.559;3.386;2026-02-24T17:46:25.678428+00:00;temperature;32.70
4853;pms5003;3628;6.559;3.386;2026-02-24T17:51:42.914969+00:00;P2;45.00
4853;pms5003;3628;6.559;3.386;2026-02-24T17:51:42.914969+00:00;P1;67.00
4853;pms5003;3628;6.559;3.386;2026-02-24T17:51:42.914969+00:00;P0;29.00
4853;pms5003;3628;6.559;3.386;2026-02-24T17:57:17.632625+00:00;P2;46.00
4853;pms5003;3628;6.559;3.386;2026-02-24T17:57:17.632625+00:00;P1;65.50
4853;pms5003;3628;6.559;3.386;2026-02-24T17:57:17.632625+00:00;P0;30.50
4854;DHT22;3628;6.559;3.386;2026-02-24T17:57:34.997287+00:00;humidity;79.30
4854;DHT22;3628;6.559;3.386;2026-02-24T17:57:34.997287+00:00;temperature;32.30
4853;pms5003;3628;6.559;3.386;2026-02-24T18:02:55.153178+00:00;P2;47.50
4853;pms5003;3628;6.559;3.386;2026-02-24T18:02:55.153178+00:00;P1;69.00
4853;pms5003;3628;6.559;3.386;2026-02-24T18:02:55.153178+00:00;P0;31.00
4854;DHT22;3628;6.559;3.386;2026-02-24T18:03:12.494351+00:00;humidity;79.90
4854;DHT22;3628;6.559;3.386;2026-02-24T18:03:12.494351+00:00;temperature;32.40
4854;DHT22;3628;6.559;3.386;2026-02-24T18:08:36.264668+00:00;humidity;79.50
4854;DHT22;3628;6.559;3.386;2026-02-24T18:08:36.264668+00:00;temperature;32.20
4853;pms5003;3628;6.559;3.386;2026-02-24T18:13:53.502627+00:00;P2;53.25
4853;pms5003;3628;6.559;3.386;2026-02-24T18:13:53.502627+00:00;P1;75.00
4853;pms5003;3628;6.559;3.386;2026-02-24T18:13:53.502627+00:00;P0;33.75
4854;DHT22;3628;6.559;3.386;2026-02-24T18:14:10.956678+00:00;humidity;79.60
4854;DHT22;3628;6.559;3.386;2026-02-24T18:14:10.956678+00:00;temperature;32.10
4854;DHT22;3628;6.559;3.386;2026-02-24T18:19:45.451979+00:00;humidity;79.70
4854;DHT22;3628;6.559;3.386;2026-02-24T18:19:45.451979+00:00;temperature;32.00
4854;DHT22;3628;6.559;3.386;2026-02-24T18:25:09.732424+00:00;humidity;79.70
4854;DHT22;3628;6.559;3.386;2026-02-24T18:25:09.732424+00:00;temperature;32.00
4853;pms5003;3628;6.559;3.386;2026-02-24T18:30:26.967766+00:00;P2;46.25
4853;pms5003;3628;6.559;3.386;2026-02-24T18:30:26.967766+00:00;P1;66.50
4853;pms5003;3628;6.559;3.386;2026-02-24T18:30:26.967766+00:00;P0;29.50
4854;DHT22;3628;6.559;3.386;2026-02-24T18:37:11.113796+00:00;humidity;79.10
4854;DHT22;3628;6.559;3.386;2026-02-24T18:37:11.113796+00:00;temperature;32.00
4853;pms5003;3628;6.559;3.386;2026-02-24T18:41:41.915999+00:00;P2;44.75
4853;pms5003;3628;6.559;3.386;2026-02-24T18:41:41.915999+00:00;P1;62.50
4853;pms5003;3628;6.559;3.386;2026-02-24T18:41:41.915999+00:00;P0;29.00
4854;DHT22;3628;6.559;3.386;2026-02-24T18:42:07.734397+00:00;humidity;79.70
4854;DHT22;3628;6.559;3.386;2026-02-24T18:42:07.734397+00:00;temperature;31.90
4854;DHT22;3628;6.559;3.386;2026-02-24T18:47:44.619019+00:00;humidity;80.00
4854;DHT22;3628;6.559;3.386;2026-02-24T18:47:44.619019+00:00;temperature;31.90
4853;pms5003;3628;6.559;3.386;2026-02-24T18:52:46.082710+00:00;P2;44.00
4853;pms5003;3628;6.559;3.386;2026-02-24T18:52:46.082710+00:00;P1;56.33
4853;pms5003;3628;6.559;3.386;2026-02-24T18:52:46.082710+00:00;P0;29.00
4854;DHT22;3628;6.559;3.386;2026-02-24T18:53:03.630819+00:00;humidity;80.00
4854;DHT22;3628;6.559;3.386;2026-02-24T18:53:03.630819+00:00;temperature;32.00
4853;pms5003;3628;6.559;3.386;2026-02-24T18:58:20.793651+00:00;P2;42.00
4853;pms5003;3628;6.559;3.386;2026-02-24T18:58:20.793651+00:00;P1;63.00
4853;pms5003;3628;6.559;3.386;2026-02-24T18:58:20.793651+00:00;P0;28.00
4853;pms5003;3628;6.559;3.386;2026-02-24T19:03:45.262548+00:00;P2;44.75
4853;pms5003;3628;6.559;3.386;2026-02-24T19:03:45.262548+00:00;P1;60.25
4853;pms5003;3628;6.559;3.386;2026-02-24T19:03:45.262548+00:00;P0;29.75
4854;DHT22;3628;6.559;3.386;2026-02-24T19:04:02.517294+00:00;humidity;80.70
4854;DHT22;3628;6.559;3.386;2026-02-24T19:04:02.517294+00:00;temperature;31.80
4853;pms5003;3628;6.559;3.386;2026-02-24T19:09:19.725498+00:00;P2;45.25
4853;pms5003;3628;6.559;3.386;2026-02-24T19:09:19.725498+00:00;P1;64.50
4853;pms5003;3628;6.559;3.386;2026-02-24T19:09:19.725498+00:00;P0;28.50
4854;DHT22;3628;6.559;3.386;2026-02-24T19:09:37.072823+00:00;humidity;80.50
4854;DHT22;3628;6.559;3.386;2026-02-24T19:09:37.072823+00:00;temperature;31.70
4853;pms5003;3628;6.559;3.386;2026-02-24T19:15:09.206476+00:00;P2;44.50
4853;pms5003;3628;6.559;3.386;2026-02-24T19:15:09.206476+00:00;P1;61.75
4853;pms5003;3628;6.559;3.386;2026-02-24T19:15:09.206476+00:00;P0;27.50
4854;DHT22;3628;6.559;3.386;2026-02-24T19:20:44.992905+00:00;humidity;80.30
4854;DHT22;3628;6.559;3.386;2026-02-24T19:20:44.992905+00:00;temperature;31.70
4853;pms5003;3628;6.559;3.386;2026-02-24T19:26:02.463922+00:00;P2;43.00
4853;pms5003;3628;6.559;3.386;2026-02-24T19:26:02.463922+00:00;P1;62.00
4853;pms5003;3628;6.559;3.386;2026-02-24T19:26:02.463922+00:00;P0;28.00
4854;DHT22;3628;6.559;3.386;2026-02-24T19:26:19.855692+00:00;humidity;80.20
4854;DHT22;3628;6.559;3.386;2026-02-24T19:26:19.855692+00:00;temperature;31.70
4853;pms5003;3628;6.559;3.386;2026-02-24T19:31:43.076430+00:00;P2;42.33
4853;pms5003;3628;6.559;3.386;2026-02-24T19:31:43.076430+00:00;P1;61.00
4853;pms5003;3628;6.559;3.386;2026-02-24T19:31:43.076430+00:00;P0;28.33
4853;pms5003;3628;6.559;3.386;2026-02-24T19:37:20.102594+00:00;P2;37.00
4853;pms5003;3628;6.559;3.386;2026-02-24T19:37:20.102594+00:00;P1;56.00
4853;pms5003;3628;6.559;3.386;2026-02-24T19:37:20.102594+00:00;P0;24.00
4854;DHT22;3628;6.559;3.386;2026-02-24T19:37:37.444633+00:00;humidity;80.20
4854;DHT22;3628;6.559;3.386;2026-02-24T19:37:37.444633+00:00;temperature;31.60
4853;pms5003;3628;6.559;3.386;2026-02-24T19:43:03.590958+00:00;P2;43.00
4853;pms5003;3628;6.559;3.386;2026-02-24T19:43:03.590958+00:00;P1;57.50
4853;pms5003;3628;6.559;3.386;2026-02-24T19:43:03.590958+00:00;P0;28.75
4854;DHT22;3628;6.559;3.386;2026-02-24T19:43:29.837351+00:00;humidity;79.50
4854;DHT22;3628;6.559;3.386;2026-02-24T19:43:29.837351+00:00;temperature;31.60
4853;pms5003;3628;6.559;3.386;2026-02-24T19:54:29.494300+00:00;P2;39.00
4853;pms5003;3628;6.559;3.386;2026-02-24T19:54:29.494300+00:00;P1;56.00
4853;pms5003;3628;6.559;3.386;2026-02-24T19:54:29.494300+00:00;P0;27.00
4854;DHT22;3628;6.559;3.386;2026-02-24T19:54:46.861135+00:00;humidity;78.90
4854;DHT22;3628;6.559;3.386;2026-02-24T19:54:46.861135+00:00;temperature;31.60
4853;pms5003;3628;6.559;3.386;2026-02-24T20:00:04.279828+00:00;P2;39.00
4853;pms5003;3628;6.559;3.386;2026-02-24T20:00:04.279828+00:00;P1;56.75
4853;pms5003;3628;6.559;3.386;2026-02-24T20:00:04.279828+00:00;P0;26.00
4854;DHT22;3628;6.559;3.386;2026-02-24T20:26:48.014626+00:00;humidity;77.10
4854;DHT22;3628;6.559;3.386;2026-02-24T20:26:48.014626+00:00;temperature;31.70
4853;pms5003;3628;6.559;3.386;2026-02-24T20:32:05.513631+00:00;P2;41.33
4853;pms5003;3628;6.559;3.386;2026-02-24T20:32:05.513631+00:00;P1;61.67
4853;pms5003;3628;6.559;3.386;2026-02-24T20:32:05.513631+00:00;P0;27.00
4854;DHT22;3628;6.559;3.386;2026-02-24T20:37:58.797434+00:00;humidity;78.10
4854;DHT22;3628;6.559;3.386;2026-02-24T20:37:58.797434+00:00;temperature;31.60
4853;pms5003;3628;6.559;3.386;2026-02-24T20:43:35.583714+00:00;P2;40.50
4853;pms5003;3628;6.559;3.386;2026-02-24T20:43:35.583714+00:00;P1;53.00
4853;pms5003;3628;6.559;3.386;2026-02-24T20:43:35.583714+00:00;P0;27.75
4853;pms5003;3628;6.559;3.386;2026-02-24T21:04:59.230249+00:00;P2;43.75
4853;pms5003;3628;6.559;3.386;2026-02-24T21:04:59.230249+00:00;P1;62.25
4853;pms5003;3628;6.559;3.386;2026-02-24T21:04:59.230249+00:00;P0;28.00
4853;pms5003;3628;6.559;3.386;2026-02-24T21:15:59.705333+00:00;P2;39.00
4853;pms5003;3628;6.559;3.386;2026-02-24T21:15:59.705333+00:00;P1;55.50
4853;pms5003;3628;6.559;3.386;2026-02-24T21:15:59.705333+00:00;P0;26.00
4853;pms5003;3628;6.559;3.386;2026-02-24T21:32:15.944805+00:00;P2;48.75
4853;pms5003;3628;6.559;3.386;2026-02-24T21:32:15.944805+00:00;P1;68.00
4853;pms5003;3628;6.559;3.386;2026-02-24T21:32:15.944805+00:00;P0;31.50
4854;DHT22;3628;6.559;3.386;2026-02-24T21:32:41.052348+00:00;humidity;78.70
4854;DHT22;3628;6.559;3.386;2026-02-24T21:32:41.052348+00:00;temperature;31.30
4853;pms5003;3628;6.559;3.386;2026-02-24T21:38:00.195616+00:00;P2;48.50
4853;pms5003;3628;6.559;3.386;2026-02-24T21:38:00.195616+00:00;P1;66.50
4853;pms5003;3628;6.559;3.386;2026-02-24T21:38:00.195616+00:00;P0;31.75
4854;DHT22;3628;6.559;3.386;2026-02-24T21:38:17.530089+00:00;humidity;78.60
4854;DHT22;3628;6.559;3.386;2026-02-24T21:38:17.530089+00:00;temperature;31.30
4853;pms5003;3628;6.559;3.386;2026-02-24T21:43:34.725264+00:00;P2;52.00
4853;pms5003;3628;6.559;3.386;2026-02-24T21:43:34.725264+00:00;P1;70.00
4853;pms5003;3628;6.559;3.386;2026-02-24T21:43:34.725264+00:00;P0;34.00
4854;DHT22;3628;6.559;3.386;2026-02-24T21:43:55.814825+00:00;humidity;78.50
4854;DHT22;3628;6.559;3.386;2026-02-24T21:43:55.814825+00:00;temperature;31.30
4853;pms5003;3628;6.559;3.386;2026-02-24T21:49:20.474961+00:00;P2;47.00
4853;pms5003;3628;6.559;3.386;2026-02-24T21:49:20.474961+00:00;P1;66.00
4853;pms5003;3628;6.559;3.386;2026-02-24T21:49:20.474961+00:00;P0;31.00
4853;pms5003;3628;6.559;3.386;2026-02-24T21:54:42.709073+00:00;P2;43.00
4853;pms5003;3628;6.559;3.386;2026-02-24T21:54:42.709073+00:00;P1;61.00
4853;pms5003;3628;6.559;3.386;2026-02-24T21:54:42.709073+00:00;P0;28.00
4854;DHT22;3628;6.559;3.386;2026-02-24T21:55:00.263111+00:00;humidity;78.70
4854;DHT22;3628;6.559;3.386;2026-02-24T21:55:00.263111+00:00;temperature;31.30
4853;pms5003;3628;6.559;3.386;2026-02-24T22:00:17.429711+00:00;P2;43.00
4853;pms5003;3628;6.559;3.386;2026-02-24T22:00:17.429711+00:00;P1;61.25
4853;pms5003;3628;6.559;3.386;2026-02-24T22:00:17.429711+00:00;P0;27.75
4854;DHT22;3628;6.559;3.386;2026-02-24T22:00:34.840281+00:00;humidity;78.50
4854;DHT22;3628;6.559;3.386;2026-02-24T22:00:34.840281+00:00;temperature;31.30
4854;DHT22;3628;6.559;3.386;2026-02-24T22:06:09.519756+00:00;humidity;78.80
4854;DHT22;3628;6.559;3.386;2026-02-24T22:06:09.519756+00:00;temperature;31.20
4853;pms5003;3628;6.559;3.386;2026-02-24T22:11:26.811325+00:00;P2;35.60
4853;pms5003;3628;6.559;3.386;2026-02-24T22:11:26.811325+00:00;P1;50.20
4853;pms5003;3628;6.559;3.386;2026-02-24T22:11:26.811325+00:00;P0;24.00
4853;pms5003;3628;6.559;3.386;2026-02-24T22:16:51.063386+00:00;P2;38.00
4853;pms5003;3628;6.559;3.386;2026-02-24T22:16:51.063386+00:00;P1;48.00
4853;pms5003;3628;6.559;3.386;2026-02-24T22:16:51.063386+00:00;P0;24.80
4854;DHT22;3628;6.559;3.386;2026-02-24T22:17:08.637560+00:00;humidity;79.10
4854;DHT22;3628;6.559;3.386;2026-02-24T22:17:08.637560+00:00;temperature;31.10
4853;pms5003;3628;6.559;3.386;2026-02-25T05:58:16.986405+00:00;P2;61.00
4853;pms5003;3628;6.559;3.386;2026-02-25T05:58:16.986405+00:00;P1;75.67
4853;pms5003;3628;6.559;3.386;2026-02-25T05:58:16.986405+00:00;P0;37.33
4854;DHT22;3628;6.559;3.386;2026-02-25T06:03:47.932596+00:00;humidity;96.80
4854;DHT22;3628;6.559;3.386;2026-02-25T06:03:47.932596+00:00;temperature;28.50
4853;pms5003;3628;6.559;3.386;2026-02-25T09:16:21.534780+00:00;P2;39.50
4853;pms5003;3628;6.559;3.386;2026-02-25T09:16:21.534780+00:00;P1;55.50
4853;pms5003;3628;6.559;3.386;2026-02-25T09:16:21.534780+00:00;P0;26.25
4854;DHT22;3628;6.559;3.386;2026-02-25T09:21:51.835587+00:00;humidity;65.30
4854;DHT22;3628;6.559;3.386;2026-02-25T09:21:51.835587+00:00;temperature;35.80
4853;pms5003;3628;6.559;3.386;2026-02-25T09:27:08.978590+00:00;P2;39.40
4853;pms5003;3628;6.559;3.386;2026-02-25T09:27:08.978590+00:00;P1;53.00
4853;pms5003;3628;6.559;3.386;2026-02-25T09:27:08.978590+00:00;P0;24.40
4853;pms5003;3628;6.559;3.386;2026-02-25T09:37:59.994757+00:00;P2;40.40
4853;pms5003;3628;6.559;3.386;2026-02-25T09:37:59.994757+00:00;P1;55.40
4853;pms5003;3628;6.559;3.386;2026-02-25T09:37:59.994757+00:00;P0;26.20
4853;pms5003;3628;6.559;3.386;2026-02-25T09:43:34.502325+00:00;P2;41.25
4853;pms5003;3628;6.559;3.386;2026-02-25T09:43:34.502325+00:00;P1;57.50
4853;pms5003;3628;6.559;3.386;2026-02-25T09:43:34.502325+00:00;P0;27.25
4854;DHT22;3628;6.559;3.386;2026-02-25T09:43:51.938765+00:00;humidity;59.80
4854;DHT22;3628;6.559;3.386;2026-02-25T09:43:51.938765+00:00;temperature;37.70
4853;pms5003;3628;6.559;3.386;2026-02-25T09:49:09.171154+00:00;P2;39.00
4853;pms5003;3628;6.559;3.386;2026-02-25T09:49:09.171154+00:00;P1;56.75
4853;pms5003;3628;6.559;3.386;2026-02-25T09:49:09.171154+00:00;P0;23.00
4854;DHT22;3628;6.559;3.386;2026-02-25T09:49:26.499742+00:00;humidity;59.10
4854;DHT22;3628;6.559;3.386;2026-02-25T09:49:26.499742+00:00;temperature;37.50
4853;pms5003;3628;6.559;3.386;2026-02-25T10:10:33.875899+00:00;P2;36.00
4853;pms5003;3628;6.559;3.386;2026-02-25T10:10:33.875899+00:00;P1;52.60
4853;pms5003;3628;6.559;3.386;2026-02-25T10:10:33.875899+00:00;P0;22.60
4854;DHT22;3628;6.559;3.386;2026-02-25T10:10:51.215293+00:00;humidity;53.10
4854;DHT22;3628;6.559;3.386;2026-02-25T10:10:51.215293+00:00;temperature;39.20
4853;pms5003;3628;6.559;3.386;2026-02-25T10:16:08.397014+00:00;P2;36.00
4853;pms5003;3628;6.559;3.386;2026-02-25T10:16:08.397014+00:00;P1;49.75
4853;pms5003;3628;6.559;3.386;2026-02-25T10:16:08.397014+00:00;P0;24.25
4853;pms5003;3628;6.559;3.386;2026-02-25T10:21:32.450068+00:00;P2;38.75
4853;pms5003;3628;6.559;3.386;2026-02-25T10:21:32.450068+00:00;P1;51.25
4853;pms5003;3628;6.559;3.386;2026-02-25T10:21:32.450068+00:00;P0;23.75
4854;DHT22;3628;6.559;3.386;2026-02-25T10:21:49.843951+00:00;humidity;54.90
4854;DHT22;3628;6.559;3.386;2026-02-25T10:21:49.843951+00:00;temperature;38.90
4854;DHT22;3628;6.559;3.386;2026-02-25T10:32:32.628806+00:00;humidity;54.00
4854;DHT22;3628;6.559;3.386;2026-02-25T10:32:32.628806+00:00;temperature;38.80
4853;pms5003;3628;6.559;3.386;2026-02-25T10:43:13.637268+00:00;P2;35.00
4853;pms5003;3628;6.559;3.386;2026-02-25T10:43:13.637268+00:00;P1;55.25
4853;pms5003;3628;6.559;3.386;2026-02-25T10:43:13.637268+00:00;P0;23.00
4853;pms5003;3628;6.559;3.386;2026-02-25T10:48:48.157859+00:00;P2;37.00
4853;pms5003;3628;6.559;3.386;2026-02-25T10:48:48.157859+00:00;P1;58.67
4853;pms5003;3628;6.559;3.386;2026-02-25T10:48:48.157859+00:00;P0;24.00
4854;DHT22;3628;6.559;3.386;2026-02-25T10:49:05.540555+00:00;humidity;53.00
4854;DHT22;3628;6.559;3.386;2026-02-25T10:49:05.540555+00:00;temperature;39.00
4853;pms5003;3628;6.559;3.386;2026-02-25T10:59:37.599228+00:00;P2;38.50
4853;pms5003;3628;6.559;3.386;2026-02-25T10:59:37.599228+00:00;P1;48.50
4853;pms5003;3628;6.559;3.386;2026-02-25T10:59:37.599228+00:00;P0;24.50
4854;DHT22;3628;6.559;3.386;2026-02-25T10:59:54.941710+00:00;humidity;53.40
4854;DHT22;3628;6.559;3.386;2026-02-25T10:59:54.941710+00:00;temperature;39.00
4853;pms5003;3628;6.559;3.386;2026-02-25T11:05:12.155150+00:00;P2;38.67
4853;pms5003;3628;6.559;3.386;2026-02-25T11:05:12.155150+00:00;P1;49.33
4853;pms5003;3628;6.559;3.386;2026-02-25T11:05:12.155150+00:00;P0;25.00
4853;pms5003;3628;6.559;3.386;2026-02-25T11:10:36.283884+00:00;P2;35.60
4853;pms5003;3628;6.559;3.386;2026-02-25T11:10:36.283884+00:00;P1;47.60
4853;pms5003;3628;6.559;3.386;2026-02-25T11:10:36.283884+00:00;P0;23.60
4854;DHT22;3628;6.559;3.386;2026-02-25T11:10:53.750117+00:00;humidity;55.80
4854;DHT22;3628;6.559;3.386;2026-02-25T11:10:53.750117+00:00;temperature;38.60
4853;pms5003;3628;6.559;3.386;2026-02-25T11:16:11.007790+00:00;P2;37.75
4853;pms5003;3628;6.559;3.386;2026-02-25T11:16:11.007790+00:00;P1;57.50
4853;pms5003;3628;6.559;3.386;2026-02-25T11:16:11.007790+00:00;P0;23.25
4853;pms5003;3628;6.559;3.386;2026-02-25T11:21:47.196305+00:00;P2;35.00
4853;pms5003;3628;6.559;3.386;2026-02-25T11:21:47.196305+00:00;P1;52.00
4853;pms5003;3628;6.559;3.386;2026-02-25T11:21:47.196305+00:00;P0;24.00
4853;pms5003;3628;6.559;3.386;2026-02-25T11:27:11.330931+00:00;P2;33.00
4853;pms5003;3628;6.559;3.386;2026-02-25T11:27:11.330931+00:00;P1;55.33
4853;pms5003;3628;6.559;3.386;2026-02-25T11:27:11.330931+00:00;P0;22.00
4854;DHT22;3628;6.559;3.386;2026-02-25T11:27:28.779494+00:00;humidity;51.90
4854;DHT22;3628;6.559;3.386;2026-02-25T11:27:28.779494+00:00;temperature;39.40
4854;DHT22;3628;6.559;3.386;2026-02-25T11:32:52.866798+00:00;humidity;50.70
4854;DHT22;3628;6.559;3.386;2026-02-25T11:32:52.866798+00:00;temperature;39.30
4853;pms5003;3628;6.559;3.386;2026-02-25T11:38:10.048959+00:00;P2;36.25
4853;pms5003;3628;6.559;3.386;2026-02-25T11:38:10.048959+00:00;P1;50.50
4853;pms5003;3628;6.559;3.386;2026-02-25T11:38:10.048959+00:00;P0;24.00
4854;DHT22;3628;6.559;3.386;2026-02-25T11:38:27.443144+00:00;humidity;50.40
4854;DHT22;3628;6.559;3.386;2026-02-25T11:38:27.443144+00:00;temperature;39.30
4853;pms5003;3628;6.559;3.386;2026-02-25T11:43:44.613323+00:00;P2;33.50
4853;pms5003;3628;6.559;3.386;2026-02-25T11:43:44.613323+00:00;P1;48.50
4853;pms5003;3628;6.559;3.386;2026-02-25T11:43:44.613323+00:00;P0;22.00
4854;DHT22;3628;6.559;3.386;2026-02-25T11:44:02.001678+00:00;humidity;51.10
4854;DHT22;3628;6.559;3.386;2026-02-25T11:44:02.001678+00:00;temperature;39.40
4853;pms5003;3628;6.559;3.386;2026-02-25T12:00:10.307859+00:00;P2;41.80
4853;pms5003;3628;6.559;3.386;2026-02-25T12:00:10.307859+00:00;P1;51.40
4853;pms5003;3628;6.559;3.386;2026-02-25T12:00:10.307859+00:00;P0;26.00
4854;DHT22;3628;6.559;3.386;2026-02-25T12:00:27.711681+00:00;humidity;50.90
4854;DHT22;3628;6.559;3.386;2026-02-25T12:00:27.711681+00:00;temperature;39.40
4853;pms5003;3628;6.559;3.386;2026-02-25T12:05:44.916722+00:00;P2;39.00
4853;pms5003;3628;6.559;3.386;2026-02-25T12:05:44.916722+00:00;P1;50.25
4853;pms5003;3628;6.559;3.386;2026-02-25T12:05:44.916722+00:00;P0;26.75
4854;DHT22;3628;6.559;3.386;2026-02-25T12:06:02.370063+00:00;humidity;52.40
4854;DHT22;3628;6.559;3.386;2026-02-25T12:06:02.370063+00:00;temperature;38.80
4853;pms5003;3628;6.559;3.386;2026-02-25T12:11:19.584614+00:00;P2;41.25
4853;pms5003;3628;6.559;3.386;2026-02-25T12:11:19.584614+00:00;P1;59.75
4853;pms5003;3628;6.559;3.386;2026-02-25T12:11:19.584614+00:00;P0;25.75
4854;DHT22;3628;6.559;3.386;2026-02-25T12:11:37.053850+00:00;humidity;48.70
4854;DHT22;3628;6.559;3.386;2026-02-25T12:11:37.053850+00:00;temperature;41.00
4853;pms5003;3628;6.559;3.386;2026-02-25T12:16:54.555431+00:00;P2;38.80
4853;pms5003;3628;6.559;3.386;2026-02-25T12:16:54.555431+00:00;P1;49.80
4853;pms5003;3628;6.559;3.386;2026-02-25T12:16:54.555431+00:00;P0;25.00
4853;pms5003;3628;6.559;3.386;2026-02-25T12:22:18.495269+00:00;P2;42.00
4853;pms5003;3628;6.559;3.386;2026-02-25T12:22:18.495269+00:00;P1;60.20
4853;pms5003;3628;6.559;3.386;2026-02-25T12:22:18.495269+00:00;P0;27.00
4854;DHT22;3628;6.559;3.386;2026-02-25T12:22:36.064456+00:00;humidity;49.10
4854;DHT22;3628;6.559;3.386;2026-02-25T12:22:36.064456+00:00;temperature;40.90
4854;DHT22;3628;6.559;3.386;2026-02-25T12:28:00.333727+00:00;humidity;50.10
4854;DHT22;3628;6.559;3.386;2026-02-25T12:28:00.333727+00:00;temperature;40.30
4853;pms5003;3628;6.559;3.386;2026-02-25T12:33:17.523938+00:00;P2;42.75
4853;pms5003;3628;6.559;3.386;2026-02-25T12:33:17.523938+00:00;P1;63.00
4853;pms5003;3628;6.559;3.386;2026-02-25T12:33:17.523938+00:00;P0;27.00
4854;DHT22;3628;6.559;3.386;2026-02-25T12:33:34.868027+00:00;humidity;50.60
4854;DHT22;3628;6.559;3.386;2026-02-25T12:33:34.868027+00:00;temperature;40.00
4853;pms5003;3628;6.559;3.386;2026-02-25T12:38:52.075114+00:00;P2;43.67
4853;pms5003;3628;6.559;3.386;2026-02-25T12:38:52.075114+00:00;P1;59.67
4853;pms5003;3628;6.559;3.386;2026-02-25T12:38:52.075114+00:00;P0;26.67
4854;DHT22;3628;6.559;3.386;2026-02-25T12:44:22.995538+00:00;humidity;49.20
4854;DHT22;3628;6.559;3.386;2026-02-25T12:44:22.995538+00:00;temperature;40.70
4853;pms5003;3628;6.559;3.386;2026-02-25T12:55:14.682916+00:00;P2;42.67
4853;pms5003;3628;6.559;3.386;2026-02-25T12:55:14.682916+00:00;P1;60.67
4853;pms5003;3628;6.559;3.386;2026-02-25T12:55:14.682916+00:00;P0;27.33
4853;pms5003;3628;6.559;3.386;2026-02-25T13:00:49.317564+00:00;P2;42.50
4853;pms5003;3628;6.559;3.386;2026-02-25T13:00:49.317564+00:00;P1;60.00
4853;pms5003;3628;6.559;3.386;2026-02-25T13:00:49.317564+00:00;P0;26.50
4854;DHT22;3628;6.559;3.386;2026-02-25T13:01:06.714607+00:00;humidity;49.50
4854;DHT22;3628;6.559;3.386;2026-02-25T13:01:06.714607+00:00;temperature;40.60
4853;pms5003;3628;6.559;3.386;2026-02-25T13:06:23.890544+00:00;P2;45.75
4853;pms5003;3628;6.559;3.386;2026-02-25T13:06:23.890544+00:00;P1;64.50
4853;pms5003;3628;6.559;3.386;2026-02-25T13:06:23.890544+00:00;P0;30.75
4853;pms5003;3628;6.559;3.386;2026-02-25T13:11:47.994000+00:00;P2;37.50
4853;pms5003;3628;6.559;3.386;2026-02-25T13:11:47.994000+00:00;P1;57.00
4853;pms5003;3628;6.559;3.386;2026-02-25T13:11:47.994000+00:00;P0;24.00
4854;DHT22;3628;6.559;3.386;2026-02-25T13:12:05.345802+00:00;humidity;50.00
4854;DHT22;3628;6.559;3.386;2026-02-25T13:12:05.345802+00:00;temperature;40.40
4853;pms5003;3628;6.559;3.386;2026-02-25T13:17:22.722729+00:00;P2;37.50
4853;pms5003;3628;6.559;3.386;2026-02-25T13:17:22.722729+00:00;P1;55.25
4853;pms5003;3628;6.559;3.386;2026-02-25T13:17:22.722729+00:00;P0;23.75
4854;DHT22;3628;6.559;3.386;2026-02-25T13:23:18.337307+00:00;humidity;49.60
4854;DHT22;3628;6.559;3.386;2026-02-25T13:23:18.337307+00:00;temperature;40.80
4853;pms5003;3628;6.559;3.386;2026-02-25T13:28:36.124486+00:00;P2;39.00
4853;pms5003;3628;6.559;3.386;2026-02-25T13:28:36.124486+00:00;P1;58.50
4853;pms5003;3628;6.559;3.386;2026-02-25T13:28:36.124486+00:00;P0;24.00
4854;DHT22;3628;6.559;3.386;2026-02-25T13:28:53.561784+00:00;humidity;50.70
4854;DHT22;3628;6.559;3.386;2026-02-25T13:28:53.561784+00:00;temperature;40.10
4853;pms5003;3628;6.559;3.386;2026-02-25T13:34:10.824697+00:00;P2;38.00
4853;pms5003;3628;6.559;3.386;2026-02-25T13:34:10.824697+00:00;P1;52.00
4853;pms5003;3628;6.559;3.386;2026-02-25T13:34:10.824697+00:00;P0;23.50
4853;pms5003;3628;6.559;3.386;2026-02-25T13:39:45.372004+00:00;P2;37.25
4853;pms5003;3628;6.559;3.386;2026-02-25T13:39:45.372004+00:00;P1;48.25
4853;pms5003;3628;6.559;3.386;2026-02-25T13:39:45.372004+00:00;P0;25.00
4854;DHT22;3628;6.559;3.386;2026-02-25T13:40:02.951814+00:00;humidity;48.50
4854;DHT22;3628;6.559;3.386;2026-02-25T13:40:02.951814+00:00;temperature;40.70
4854;DHT22;3628;6.559;3.386;2026-02-25T13:45:40.382510+00:00;humidity;48.80
4854;DHT22;3628;6.559;3.386;2026-02-25T13:45:40.382510+00:00;temperature;40.90
4853;pms5003;3628;6.559;3.386;2026-02-25T13:50:57.725320+00:00;P2;42.50
4853;pms5003;3628;6.559;3.386;2026-02-25T13:50:57.725320+00:00;P1;61.00
4853;pms5003;3628;6.559;3.386;2026-02-25T13:50:57.725320+00:00;P0;28.00
4854;DHT22;3628;6.559;3.386;2026-02-25T13:51:12.403844+00:00;humidity;52.80
4854;DHT22;3628;6.559;3.386;2026-02-25T13:51:12.403844+00:00;temperature;39.60
4853;pms5003;3628;6.559;3.386;2026-02-25T13:56:29.883225+00:00;P2;44.00
4853;pms5003;3628;6.559;3.386;2026-02-25T13:56:29.883225+00:00;P1;65.50
4853;pms5003;3628;6.559;3.386;2026-02-25T13:56:29.883225+00:00;P0;28.00
4853;pms5003;3628;6.559;3.386;2026-02-25T14:01:53.703957+00:00;P2;42.75
4853;pms5003;3628;6.559;3.386;2026-02-25T14:01:53.703957+00:00;P1;61.50
4853;pms5003;3628;6.559;3.386;2026-02-25T14:01:53.703957+00:00;P0;27.00
4854;DHT22;3628;6.559;3.386;2026-02-25T14:13:09.615275+00:00;humidity;53.60
4854;DHT22;3628;6.559;3.386;2026-02-25T14:13:09.615275+00:00;temperature;40.20
4853;pms5003;3628;6.559;3.386;2026-02-25T14:18:26.773702+00:00;P2;43.00
4853;pms5003;3628;6.559;3.386;2026-02-25T14:18:26.773702+00:00;P1;63.00
4853;pms5003;3628;6.559;3.386;2026-02-25T14:18:26.773702+00:00;P0;28.00
4854;DHT22;3628;6.559;3.386;2026-02-25T14:18:44.123612+00:00;humidity;53.50
4854;DHT22;3628;6.559;3.386;2026-02-25T14:18:44.123612+00:00;temperature;40.20
4854;DHT22;3628;6.559;3.386;2026-02-25T14:24:21.271982+00:00;humidity;52.70
4854;DHT22;3628;6.559;3.386;2026-02-25T14:24:21.271982+00:00;temperature;40.60
4853;pms5003;3628;6.559;3.386;2026-02-25T14:29:38.427254+00:00;P2;47.00
4853;pms5003;3628;6.559;3.386;2026-02-25T14:29:38.427254+00:00;P1;62.67
4853;pms5003;3628;6.559;3.386;2026-02-25T14:29:38.427254+00:00;P0;31.00
4854;DHT22;3628;6.559;3.386;2026-02-25T14:40:33.211255+00:00;humidity;52.80
4854;DHT22;3628;6.559;3.386;2026-02-25T14:40:33.211255+00:00;temperature;40.60
4853;pms5003;3628;6.559;3.386;2026-02-25T14:51:03.636395+00:00;P2;42.00
4853;pms5003;3628;6.559;3.386;2026-02-25T14:51:03.636395+00:00;P1;58.00
4853;pms5003;3628;6.559;3.386;2026-02-25T14:51:03.636395+00:00;P0;27.00
4854;DHT22;3628;6.559;3.386;2026-02-25T14:51:23.911609+00:00;humidity;53.50
4854;DHT22;3628;6.559;3.386;2026-02-25T14:51:23.911609+00:00;temperature;40.20
4853;pms5003;3628;6.559;3.386;2026-02-25T15:02:02.030132+00:00;P2;39.25
4853;pms5003;3628;6.559;3.386;2026-02-25T15:02:02.030132+00:00;P1;57.00
4853;pms5003;3628;6.559;3.386;2026-02-25T15:02:02.030132+00:00;P0;26.25
4853;pms5003;3628;6.559;3.386;2026-02-25T15:07:36.193341+00:00;P2;40.75
4853;pms5003;3628;6.559;3.386;2026-02-25T15:07:36.193341+00:00;P1;62.25
4853;pms5003;3628;6.559;3.386;2026-02-25T15:07:36.193341+00:00;P0;26.00
4853;pms5003;3628;6.559;3.386;2026-02-25T15:13:10.831584+00:00;P2;43.20
4853;pms5003;3628;6.559;3.386;2026-02-25T15:13:10.831584+00:00;P1;62.00
4853;pms5003;3628;6.559;3.386;2026-02-25T15:13:10.831584+00:00;P0;28.00
4854;DHT22;3628;6.559;3.386;2026-02-25T15:13:30.775362+00:00;humidity;55.60
4854;DHT22;3628;6.559;3.386;2026-02-25T15:13:30.775362+00:00;temperature;39.20
4853;pms5003;3628;6.559;3.386;2026-02-25T15:18:47.931012+00:00;P2;40.00
4853;pms5003;3628;6.559;3.386;2026-02-25T15:18:47.931012+00:00;P1;52.00
4853;pms5003;3628;6.559;3.386;2026-02-25T15:18:47.931012+00:00;P0;26.50
4854;DHT22;3628;6.559;3.386;2026-02-25T15:19:05.382537+00:00;humidity;55.80
4854;DHT22;3628;6.559;3.386;2026-02-25T15:19:05.382537+00:00;temperature;38.90
4853;pms5003;3628;6.559;3.386;2026-02-25T15:24:22.598302+00:00;P2;39.25
4853;pms5003;3628;6.559;3.386;2026-02-25T15:24:22.598302+00:00;P1;56.50
4853;pms5003;3628;6.559;3.386;2026-02-25T15:24:22.598302+00:00;P0;26.00
4853;pms5003;3628;6.559;3.386;2026-02-25T15:29:46.694576+00:00;P2;36.60
4853;pms5003;3628;6.559;3.386;2026-02-25T15:29:46.694576+00:00;P1;56.60
4853;pms5003;3628;6.559;3.386;2026-02-25T15:29:46.694576+00:00;P0;23.00
4854;DHT22;3628;6.559;3.386;2026-02-25T15:30:04.189955+00:00;humidity;55.80
4854;DHT22;3628;6.559;3.386;2026-02-25T15:30:04.189955+00:00;temperature;38.50
4854;DHT22;3628;6.559;3.386;2026-02-25T15:35:38.758774+00:00;humidity;56.30
4854;DHT22;3628;6.559;3.386;2026-02-25T15:35:38.758774+00:00;temperature;38.20
4854;DHT22;3628;6.559;3.386;2026-02-25T15:41:13.351397+00:00;humidity;56.90
4854;DHT22;3628;6.559;3.386;2026-02-25T15:41:13.351397+00:00;temperature;38.10
4853;pms5003;3628;6.559;3.386;2026-02-25T15:51:47.278269+00:00;P2;33.75
4853;pms5003;3628;6.559;3.386;2026-02-25T15:51:47.278269+00:00;P1;50.00
4853;pms5003;3628;6.559;3.386;2026-02-25T15:51:47.278269+00:00;P0;22.00
4854;DHT22;3628;6.559;3.386;2026-02-25T15:52:04.734181+00:00;humidity;56.70
4854;DHT22;3628;6.559;3.386;2026-02-25T15:52:04.734181+00:00;temperature;37.80
4854;DHT22;3628;6.559;3.386;2026-02-25T15:57:39.228164+00:00;humidity;57.90
4854;DHT22;3628;6.559;3.386;2026-02-25T15:57:39.228164+00:00;temperature;37.70
4853;pms5003;3628;6.559;3.386;2026-02-25T16:02:56.381806+00:00;P2;38.00
4853;pms5003;3628;6.559;3.386;2026-02-25T16:02:56.381806+00:00;P1;47.33
4853;pms5003;3628;6.559;3.386;2026-02-25T16:02:56.381806+00:00;P0;26.00
4853;pms5003;3628;6.559;3.386;2026-02-25T16:08:31.084617+00:00;P2;41.75
4853;pms5003;3628;6.559;3.386;2026-02-25T16:08:31.084617+00:00;P1;59.25
4853;pms5003;3628;6.559;3.386;2026-02-25T16:08:31.084617+00:00;P0;26.00
4854;DHT22;3628;6.559;3.386;2026-02-25T16:08:48.446117+00:00;humidity;59.50
4854;DHT22;3628;6.559;3.386;2026-02-25T16:08:48.446117+00:00;temperature;37.10
4853;pms5003;3628;6.559;3.386;2026-02-25T16:14:05.632660+00:00;P2;35.25
4853;pms5003;3628;6.559;3.386;2026-02-25T16:14:05.632660+00:00;P1;52.00
4853;pms5003;3628;6.559;3.386;2026-02-25T16:14:05.632660+00:00;P0;23.00
4853;pms5003;3628;6.559;3.386;2026-02-25T16:19:40.354420+00:00;P2;35.00
4853;pms5003;3628;6.559;3.386;2026-02-25T16:19:40.354420+00:00;P1;51.50
4853;pms5003;3628;6.559;3.386;2026-02-25T16:19:40.354420+00:00;P0;22.00
4854;DHT22;3628;6.559;3.386;2026-02-25T16:25:11.017365+00:00;humidity;59.30
4854;DHT22;3628;6.559;3.386;2026-02-25T16:25:11.017365+00:00;temperature;36.60
4853;pms5003;3628;6.559;3.386;2026-02-25T16:30:28.225404+00:00;P2;42.00
4853;pms5003;3628;6.559;3.386;2026-02-25T16:30:28.225404+00:00;P1;60.00
4853;pms5003;3628;6.559;3.386;2026-02-25T16:30:28.225404+00:00;P0;27.00
4854;DHT22;3628;6.559;3.386;2026-02-25T16:30:45.603878+00:00;humidity;60.30
4854;DHT22;3628;6.559;3.386;2026-02-25T16:30:45.603878+00:00;temperature;36.30
4853;pms5003;3628;6.559;3.386;2026-02-25T16:57:22.917386+00:00;P2;39.20
4853;pms5003;3628;6.559;3.386;2026-02-25T16:57:22.917386+00:00;P1;55.40
4853;pms5003;3628;6.559;3.386;2026-02-25T16:57:22.917386+00:00;P0;24.20
4854;DHT22;3628;6.559;3.386;2026-02-25T16:57:40.215627+00:00;humidity;64.00
4854;DHT22;3628;6.559;3.386;2026-02-25T16:57:40.215627+00:00;temperature;35.00
4854;DHT22;3628;6.559;3.386;2026-02-25T17:03:04.265374+00:00;humidity;64.00
4854;DHT22;3628;6.559;3.386;2026-02-25T17:03:04.265374+00:00;temperature;34.90
4853;pms5003;3628;6.559;3.386;2026-02-25T17:08:21.454834+00:00;P2;43.00
4853;pms5003;3628;6.559;3.386;2026-02-25T17:08:21.454834+00:00;P1;63.25
4853;pms5003;3628;6.559;3.386;2026-02-25T17:08:21.454834+00:00;P0;27.25
4853;pms5003;3628;6.559;3.386;2026-02-25T17:13:56.112613+00:00;P2;39.33
4853;pms5003;3628;6.559;3.386;2026-02-25T17:13:56.112613+00:00;P1;59.00
4853;pms5003;3628;6.559;3.386;2026-02-25T17:13:56.112613+00:00;P0;25.33
4853;pms5003;3628;6.559;3.386;2026-02-25T17:19:23.082854+00:00;P2;43.50
4853;pms5003;3628;6.559;3.386;2026-02-25T17:19:23.082854+00:00;P1;62.75
4853;pms5003;3628;6.559;3.386;2026-02-25T17:19:23.082854+00:00;P0;27.75
4853;pms5003;3628;6.559;3.386;2026-02-25T17:41:34.591126+00:00;P2;42.50
4853;pms5003;3628;6.559;3.386;2026-02-25T17:41:34.591126+00:00;P1;62.00
4853;pms5003;3628;6.559;3.386;2026-02-25T17:41:34.591126+00:00;P0;27.75
4854;DHT22;3628;6.559;3.386;2026-02-25T17:41:51.953157+00:00;humidity;70.10
4854;DHT22;3628;6.559;3.386;2026-02-25T17:41:51.953157+00:00;temperature;33.70
4853;pms5003;3628;6.559;3.386;2026-02-25T17:47:11.269043+00:00;P2;43.00
4853;pms5003;3628;6.559;3.386;2026-02-25T17:47:11.269043+00:00;P1;57.75
4853;pms5003;3628;6.559;3.386;2026-02-25T17:47:11.269043+00:00;P0;28.00
4854;DHT22;3628;6.559;3.386;2026-02-25T17:47:26.538186+00:00;humidity;70.30
4854;DHT22;3628;6.559;3.386;2026-02-25T17:47:26.538186+00:00;temperature;33.60
4853;pms5003;3628;6.559;3.386;2026-02-25T17:52:43.730572+00:00;P2;39.33
4853;pms5003;3628;6.559;3.386;2026-02-25T17:52:43.730572+00:00;P1;61.67
4853;pms5003;3628;6.559;3.386;2026-02-25T17:52:43.730572+00:00;P0;25.00
4854;DHT22;3628;6.559;3.386;2026-02-25T17:53:09.578953+00:00;humidity;71.20
4854;DHT22;3628;6.559;3.386;2026-02-25T17:53:09.578953+00:00;temperature;33.50
4854;DHT22;3628;6.559;3.386;2026-02-25T17:58:33.859678+00:00;humidity;71.60
4854;DHT22;3628;6.559;3.386;2026-02-25T17:58:33.859678+00:00;temperature;33.30
4853;pms5003;3628;6.559;3.386;2026-02-25T18:03:53.800298+00:00;P2;40.25
4853;pms5003;3628;6.559;3.386;2026-02-25T18:03:53.800298+00:00;P1;55.25
4853;pms5003;3628;6.559;3.386;2026-02-25T18:03:53.800298+00:00;P0;26.00
4854;DHT22;3628;6.559;3.386;2026-02-25T18:04:08.532085+00:00;humidity;72.50
4854;DHT22;3628;6.559;3.386;2026-02-25T18:04:08.532085+00:00;temperature;33.20
4853;pms5003;3628;6.559;3.386;2026-02-25T18:09:42.066532+00:00;P2;40.50
4853;pms5003;3628;6.559;3.386;2026-02-25T18:09:42.066532+00:00;P1;60.50
4853;pms5003;3628;6.559;3.386;2026-02-25T18:09:42.066532+00:00;P0;25.50
4854;DHT22;3628;6.559;3.386;2026-02-25T18:09:49.334555+00:00;humidity;73.20
4854;DHT22;3628;6.559;3.386;2026-02-25T18:09:49.334555+00:00;temperature;33.00
4854;DHT22;3628;6.559;3.386;2026-02-25T18:15:13.458861+00:00;humidity;73.10
4854;DHT22;3628;6.559;3.386;2026-02-25T18:15:13.458861+00:00;temperature;33.00
4853;pms5003;3628;6.559;3.386;2026-02-25T18:20:35.802233+00:00;P2;41.00
4853;pms5003;3628;6.559;3.386;2026-02-25T18:20:35.802233+00:00;P1;55.00
4853;pms5003;3628;6.559;3.386;2026-02-25T18:20:35.802233+00:00;P0;27.00
4853;pms5003;3628;6.559;3.386;2026-02-25T18:26:13.846996+00:00;P2;40.75
4853;pms5003;3628;6.559;3.386;2026-02-25T18:26:13.846996+00:00;P1;56.50
4853;pms5003;3628;6.559;3.386;2026-02-25T18:26:13.846996+00:00;P0;25.75
4854;DHT22;3628;6.559;3.386;2026-02-25T18:26:35.926412+00:00;humidity;74.10
4854;DHT22;3628;6.559;3.386;2026-02-25T18:26:35.926412+00:00;temperature;32.90
4854;DHT22;3628;6.559;3.386;2026-02-25T18:31:58.103307+00:00;humidity;75.10
4854;DHT22;3628;6.559;3.386;2026-02-25T18:31:58.103307+00:00;temperature;32.80
4853;pms5003;3628;6.559;3.386;2026-02-25T18:37:15.350213+00:00;P2;42.00
4853;pms5003;3628;6.559;3.386;2026-02-25T18:37:15.350213+00:00;P1;63.75
4853;pms5003;3628;6.559;3.386;2026-02-25T18:37:15.350213+00:00;P0;26.50
4854;DHT22;3628;6.559;3.386;2026-02-25T18:37:32.692403+00:00;humidity;76.10
4854;DHT22;3628;6.559;3.386;2026-02-25T18:37:32.692403+00:00;temperature;32.70
4854;DHT22;3628;6.559;3.386;2026-02-25T18:43:05.216985+00:00;humidity;76.40
4854;DHT22;3628;6.559;3.386;2026-02-25T18:43:05.216985+00:00;temperature;32.60
4853;pms5003;3628;6.559;3.386;2026-02-25T18:48:26.658767+00:00;P2;41.50
4853;pms5003;3628;6.559;3.386;2026-02-25T18:48:26.658767+00:00;P1;58.75
4853;pms5003;3628;6.559;3.386;2026-02-25T18:48:26.658767+00:00;P0;27.25
4854;DHT22;3628;6.559;3.386;2026-02-25T18:48:37.029447+00:00;humidity;76.90
4854;DHT22;3628;6.559;3.386;2026-02-25T18:48:37.029447+00:00;temperature;32.60
4853;pms5003;3628;6.559;3.386;2026-02-25T19:05:01.840298+00:00;P2;42.00
4853;pms5003;3628;6.559;3.386;2026-02-25T19:05:01.840298+00:00;P1;54.80
4853;pms5003;3628;6.559;3.386;2026-02-25T19:05:01.840298+00:00;P0;27.80
4853;pms5003;3628;6.559;3.386;2026-02-25T19:15:55.701232+00:00;P2;41.75
4853;pms5003;3628;6.559;3.386;2026-02-25T19:15:55.701232+00:00;P1;60.50
4853;pms5003;3628;6.559;3.386;2026-02-25T19:15:55.701232+00:00;P0;27.25
4854;DHT22;3628;6.559;3.386;2026-02-25T19:16:15.674886+00:00;humidity;78.00
4854;DHT22;3628;6.559;3.386;2026-02-25T19:16:15.674886+00:00;temperature;32.60
4853;pms5003;3628;6.559;3.386;2026-02-25T19:26:59.174651+00:00;P2;41.75
4853;pms5003;3628;6.559;3.386;2026-02-25T19:26:59.174651+00:00;P1;52.25
4853;pms5003;3628;6.559;3.386;2026-02-25T19:26:59.174651+00:00;P0;26.75
4853;pms5003;3628;6.559;3.386;2026-02-25T19:32:29.207349+00:00;P2;42.50
4853;pms5003;3628;6.559;3.386;2026-02-25T19:32:29.207349+00:00;P1;61.00
4853;pms5003;3628;6.559;3.386;2026-02-25T19:32:29.207349+00:00;P0;28.00
4854;DHT22;3628;6.559;3.386;2026-02-25T19:32:46.606596+00:00;humidity;78.40
4854;DHT22;3628;6.559;3.386;2026-02-25T19:32:46.606596+00:00;temperature;32.50
4853;pms5003;3628;6.559;3.386;2026-02-25T19:38:09.780878+00:00;P2;39.00
4853;pms5003;3628;6.559;3.386;2026-02-25T19:38:09.780878+00:00;P1;55.00
4853;pms5003;3628;6.559;3.386;2026-02-25T19:38:09.780878+00:00;P0;24.67
4854;DHT22;3628;6.559;3.386;2026-02-25T19:38:32.084391+00:00;humidity;79.10
4854;DHT22;3628;6.559;3.386;2026-02-25T19:38:32.084391+00:00;temperature;32.30
4853;pms5003;3628;6.559;3.386;2026-02-25T19:43:53.055986+00:00;P2;37.50
4853;pms5003;3628;6.559;3.386;2026-02-25T19:43:53.055986+00:00;P1;56.50
4853;pms5003;3628;6.559;3.386;2026-02-25T19:43:53.055986+00:00;P0;25.50
4854;DHT22;3628;6.559;3.386;2026-02-25T19:44:07.472111+00:00;humidity;79.40
4854;DHT22;3628;6.559;3.386;2026-02-25T19:44:07.472111+00:00;temperature;32.30
4853;pms5003;3628;6.559;3.386;2026-02-25T19:49:30.622211+00:00;P2;40.50
4853;pms5003;3628;6.559;3.386;2026-02-25T19:49:30.622211+00:00;P1;53.25
4853;pms5003;3628;6.559;3.386;2026-02-25T19:49:30.622211+00:00;P0;26.50
4854;DHT22;3628;6.559;3.386;2026-02-25T19:49:50.616318+00:00;humidity;79.40
4854;DHT22;3628;6.559;3.386;2026-02-25T19:49:50.616318+00:00;temperature;32.20
4853;pms5003;3628;6.559;3.386;2026-02-25T19:55:10.758398+00:00;P2;40.00
4853;pms5003;3628;6.559;3.386;2026-02-25T19:55:10.758398+00:00;P1;56.00
4853;pms5003;3628;6.559;3.386;2026-02-25T19:55:10.758398+00:00;P0;26.00
4854;DHT22;3628;6.559;3.386;2026-02-25T19:55:36.739848+00:00;humidity;79.50
4854;DHT22;3628;6.559;3.386;2026-02-25T19:55:36.739848+00:00;temperature;32.30
4854;DHT22;3628;6.559;3.386;2026-02-25T20:01:29.281921+00:00;humidity;79.70
4854;DHT22;3628;6.559;3.386;2026-02-25T20:01:29.281921+00:00;temperature;32.30
4853;pms5003;3628;6.559;3.386;2026-02-25T20:06:42.722396+00:00;P2;38.00
4853;pms5003;3628;6.559;3.386;2026-02-25T20:06:42.722396+00:00;P1;52.25
4853;pms5003;3628;6.559;3.386;2026-02-25T20:06:42.722396+00:00;P0;24.75
4854;DHT22;3628;6.559;3.386;2026-02-25T20:07:07.758602+00:00;humidity;79.00
4854;DHT22;3628;6.559;3.386;2026-02-25T20:07:07.758602+00:00;temperature;32.30
4853;pms5003;3628;6.559;3.386;2026-02-25T20:12:17.872056+00:00;P2;35.00
4853;pms5003;3628;6.559;3.386;2026-02-25T20:12:17.872056+00:00;P1;47.00
4853;pms5003;3628;6.559;3.386;2026-02-25T20:12:17.872056+00:00;P0;24.00
4853;pms5003;3628;6.559;3.386;2026-02-25T20:17:50.788065+00:00;P2;36.50
4853;pms5003;3628;6.559;3.386;2026-02-25T20:17:50.788065+00:00;P1;48.75
4853;pms5003;3628;6.559;3.386;2026-02-25T20:17:50.788065+00:00;P0;23.00
4854;DHT22;3628;6.559;3.386;2026-02-25T20:18:24.085899+00:00;humidity;79.80
4854;DHT22;3628;6.559;3.386;2026-02-25T20:18:24.085899+00:00;temperature;32.20
4853;pms5003;3628;6.559;3.386;2026-02-25T20:39:16.623225+00:00;P2;36.00
4853;pms5003;3628;6.559;3.386;2026-02-25T20:39:16.623225+00:00;P1;51.75
4853;pms5003;3628;6.559;3.386;2026-02-25T20:39:16.623225+00:00;P0;23.00
4854;DHT22;3628;6.559;3.386;2026-02-25T20:39:36.784572+00:00;humidity;82.00
4854;DHT22;3628;6.559;3.386;2026-02-25T20:39:36.784572+00:00;temperature;32.10
4853;pms5003;3628;6.559;3.386;2026-02-25T20:44:57.461843+00:00;P2;33.00
4853;pms5003;3628;6.559;3.386;2026-02-25T20:44:57.461843+00:00;P1;51.50
4853;pms5003;3628;6.559;3.386;2026-02-25T20:44:57.461843+00:00;P0;22.00
4854;DHT22;3628;6.559;3.386;2026-02-25T20:45:14.776290+00:00;humidity;81.70
4854;DHT22;3628;6.559;3.386;2026-02-25T20:45:14.776290+00:00;temperature;32.10
4853;pms5003;3628;6.559;3.386;2026-02-25T20:50:32.074489+00:00;P2;34.25
4853;pms5003;3628;6.559;3.386;2026-02-25T20:50:32.074489+00:00;P1;50.50
4853;pms5003;3628;6.559;3.386;2026-02-25T20:50:32.074489+00:00;P0;22.25
4854;DHT22;3628;6.559;3.386;2026-02-25T20:56:05.732461+00:00;humidity;81.60
4854;DHT22;3628;6.559;3.386;2026-02-25T20:56:05.732461+00:00;temperature;32.00
4853;pms5003;3628;6.559;3.386;2026-02-25T21:06:35.924412+00:00;P2;35.20
4853;pms5003;3628;6.559;3.386;2026-02-25T21:06:35.924412+00:00;P1;51.20
4853;pms5003;3628;6.559;3.386;2026-02-25T21:06:35.924412+00:00;P0;22.00
4854;DHT22;3628;6.559;3.386;2026-02-25T21:06:53.420142+00:00;humidity;82.70
4854;DHT22;3628;6.559;3.386;2026-02-25T21:06:53.420142+00:00;temperature;32.00
4853;pms5003;3628;6.559;3.386;2026-02-25T21:32:48.733857+00:00;P2;53.00
4853;pms5003;3628;6.559;3.386;2026-02-25T21:32:48.733857+00:00;P1;73.00
4853;pms5003;3628;6.559;3.386;2026-02-25T21:32:48.733857+00:00;P0;34.00
4854;DHT22;3628;6.559;3.386;2026-02-25T21:33:06.385244+00:00;humidity;82.70
4854;DHT22;3628;6.559;3.386;2026-02-25T21:33:06.385244+00:00;temperature;31.90
4854;DHT22;3628;6.559;3.386;2026-02-25T21:38:39.507099+00:00;humidity;83.00
4854;DHT22;3628;6.559;3.386;2026-02-25T21:38:39.507099+00:00;temperature;31.80
4853;pms5003;3628;6.559;3.386;2026-02-25T22:10:52.188296+00:00;P2;36.00
4853;pms5003;3628;6.559;3.386;2026-02-25T22:10:52.188296+00:00;P1;52.00
4853;pms5003;3628;6.559;3.386;2026-02-25T22:10:52.188296+00:00;P0;24.00
4854;DHT22;3628;6.559;3.386;2026-02-25T22:11:09.695807+00:00;humidity;83.50
4854;DHT22;3628;6.559;3.386;2026-02-25T22:11:09.695807+00:00;temperature;31.80
4853;pms5003;3628;6.559;3.386;2026-02-25T22:16:26.845072+00:00;P2;38.00
4853;pms5003;3628;6.559;3.386;2026-02-25T22:16:26.845072+00:00;P1;56.00
4853;pms5003;3628;6.559;3.386;2026-02-25T22:16:26.845072+00:00;P0;25.50
4854;DHT22;3628;6.559;3.386;2026-02-25T22:16:44.399924+00:00;humidity;83.30
4854;DHT22;3628;6.559;3.386;2026-02-25T22:16:44.399924+00:00;temperature;31.80
4854;DHT22;3628;6.559;3.386;2026-02-25T22:22:08.882320+00:00;humidity;83.60
4854;DHT22;3628;6.559;3.386;2026-02-25T22:22:08.882320+00:00;temperature;31.70
4853;pms5003;3628;6.559;3.386;2026-02-25T22:27:26.346363+00:00;P2;39.50
4853;pms5003;3628;6.559;3.386;2026-02-25T22:27:26.346363+00:00;P1;53.00
4853;pms5003;3628;6.559;3.386;2026-02-25T22:27:26.346363+00:00;P0;24.00
4854;DHT22;3628;6.559;3.386;2026-02-25T22:27:43.773937+00:00;humidity;83.60
4854;DHT22;3628;6.559;3.386;2026-02-25T22:27:43.773937+00:00;temperature;31.70
4853;pms5003;3628;6.559;3.386;2026-02-25T22:33:00.960800+00:00;P2;38.00
4853;pms5003;3628;6.559;3.386;2026-02-25T22:33:00.960800+00:00;P1;55.00
4853;pms5003;3628;6.559;3.386;2026-02-25T22:33:00.960800+00:00;P0;22.00
4854;DHT22;3628;6.559;3.386;2026-02-25T22:33:18.358633+00:00;humidity;83.70
4854;DHT22;3628;6.559;3.386;2026-02-25T22:33:18.358633+00:00;temperature;31.70
4853;pms5003;3628;6.559;3.386;2026-02-25T22:38:35.780899+00:00;P2;37.75
4853;pms5003;3628;6.559;3.386;2026-02-25T22:38:35.780899+00:00;P1;55.75
4853;pms5003;3628;6.559;3.386;2026-02-25T22:38:35.780899+00:00;P0;23.25
4854;DHT22;3628;6.559;3.386;2026-02-25T22:38:53.168565+00:00;humidity;83.40
4854;DHT22;3628;6.559;3.386;2026-02-25T22:38:53.168565+00:00;temperature;31.70
4853;pms5003;3628;6.559;3.386;2026-02-25T22:44:10.455596+00:00;P2;41.00
4853;pms5003;3628;6.559;3.386;2026-02-25T22:44:10.455596+00:00;P1;59.50
4853;pms5003;3628;6.559;3.386;2026-02-25T22:44:10.455596+00:00;P0;24.00
4854;DHT22;3628;6.559;3.386;2026-02-25T22:44:27.877879+00:00;humidity;83.20
4854;DHT22;3628;6.559;3.386;2026-02-25T22:44:27.877879+00:00;temperature;31.70
4854;DHT22;3628;6.559;3.386;2026-02-25T22:49:51.606634+00:00;humidity;83.40
4854;DHT22;3628;6.559;3.386;2026-02-25T22:49:51.606634+00:00;temperature;31.70
4853;pms5003;3628;6.559;3.386;2026-02-25T22:55:08.753874+00:00;P2;36.00
4853;pms5003;3628;6.559;3.386;2026-02-25T22:55:08.753874+00:00;P1;46.50
4853;pms5003;3628;6.559;3.386;2026-02-25T22:55:08.753874+00:00;P0;23.50
4854;DHT22;3628;6.559;3.386;2026-02-25T22:55:26.253727+00:00;humidity;83.30
4854;DHT22;3628;6.559;3.386;2026-02-25T22:55:26.253727+00:00;temperature;31.60
4853;pms5003;3628;6.559;3.386;2026-02-25T23:00:43.537118+00:00;P2;38.60
4853;pms5003;3628;6.559;3.386;2026-02-25T23:00:43.537118+00:00;P1;51.20
4853;pms5003;3628;6.559;3.386;2026-02-25T23:00:43.537118+00:00;P0;26.60
4854;DHT22;3628;6.559;3.386;2026-02-25T23:01:00.869734+00:00;humidity;83.50
4854;DHT22;3628;6.559;3.386;2026-02-25T23:01:00.869734+00:00;temperature;31.50
4853;pms5003;3628;6.559;3.386;2026-02-25T23:06:18.135758+00:00;P2;41.50
4853;pms5003;3628;6.559;3.386;2026-02-25T23:06:18.135758+00:00;P1;56.50
4853;pms5003;3628;6.559;3.386;2026-02-25T23:06:18.135758+00:00;P0;27.00
4854;DHT22;3628;6.559;3.386;2026-02-25T23:06:35.617034+00:00;humidity;83.60
4854;DHT22;3628;6.559;3.386;2026-02-25T23:06:35.617034+00:00;temperature;31.60
4853;pms5003;3628;6.559;3.386;2026-02-25T23:11:52.841134+00:00;P2;43.50
4853;pms5003;3628;6.559;3.386;2026-02-25T23:11:52.841134+00:00;P1;65.50
4853;pms5003;3628;6.559;3.386;2026-02-25T23:11:52.841134+00:00;P0;29.00
4853;pms5003;3628;6.559;3.386;2026-02-25T23:17:16.625628+00:00;P2;43.00
4853;pms5003;3628;6.559;3.386;2026-02-25T23:17:16.625628+00:00;P1;62.00
4853;pms5003;3628;6.559;3.386;2026-02-25T23:17:16.625628+00:00;P0;27.00
4854;DHT22;3628;6.559;3.386;2026-02-25T23:17:34.119606+00:00;humidity;83.90
4854;DHT22;3628;6.559;3.386;2026-02-25T23:17:34.119606+00:00;temperature;31.60
4853;pms5003;3628;6.559;3.386;2026-02-25T23:22:51.309063+00:00;P2;42.00
4853;pms5003;3628;6.559;3.386;2026-02-25T23:22:51.309063+00:00;P1;58.25
4853;pms5003;3628;6.559;3.386;2026-02-25T23:22:51.309063+00:00;P0;28.00
4854;DHT22;3628;6.559;3.386;2026-02-25T23:23:08.724797+00:00;humidity;83.80
4854;DHT22;3628;6.559;3.386;2026-02-25T23:23:08.724797+00:00;temperature;31.60
4854;DHT22;3628;6.559;3.386;2026-02-25T23:28:33.128152+00:00;humidity;83.90
4854;DHT22;3628;6.559;3.386;2026-02-25T23:28:33.128152+00:00;temperature;31.50
4853;pms5003;3628;6.559;3.386;2026-02-25T23:33:50.592887+00:00;P2;39.00
4853;pms5003;3628;6.559;3.386;2026-02-25T23:33:50.592887+00:00;P1;49.75
4853;pms5003;3628;6.559;3.386;2026-02-25T23:33:50.592887+00:00;P0;24.75
4854;DHT22;3628;6.559;3.386;2026-02-25T23:34:07.915183+00:00;humidity;84.30
4854;DHT22;3628;6.559;3.386;2026-02-25T23:34:07.915183+00:00;temperature;31.50
4853;pms5003;3628;6.559;3.386;2026-02-25T23:39:25.174116+00:00;P2;37.00
4853;pms5003;3628;6.559;3.386;2026-02-25T23:39:25.174116+00:00;P1;54.33
4853;pms5003;3628;6.559;3.386;2026-02-25T23:39:25.174116+00:00;P0;23.00
4854;DHT22;3628;6.559;3.386;2026-02-25T23:39:42.518746+00:00;humidity;84.40
4854;DHT22;3628;6.559;3.386;2026-02-25T23:39:42.518746+00:00;temperature;31.50
4853;pms5003;3628;6.559;3.386;2026-02-25T23:44:59.910960+00:00;P2;40.00
4853;pms5003;3628;6.559;3.386;2026-02-25T23:44:59.910960+00:00;P1;55.00
4853;pms5003;3628;6.559;3.386;2026-02-25T23:44:59.910960+00:00;P0;25.50
4854;DHT22;3628;6.559;3.386;2026-02-25T23:45:17.544666+00:00;humidity;84.40
4854;DHT22;3628;6.559;3.386;2026-02-25T23:45:17.544666+00:00;temperature;31.50
4853;pms5003;3628;6.559;3.386;2026-02-25T23:50:34.826838+00:00;P2;37.50
4853;pms5003;3628;6.559;3.386;2026-02-25T23:50:34.826838+00:00;P1;55.00
4853;pms5003;3628;6.559;3.386;2026-02-25T23:50:34.826838+00:00;P0;23.50
4853;pms5003;3628;6.559;3.386;2026-02-25T23:56:09.410351+00:00;P2;35.00
4853;pms5003;3628;6.559;3.386;2026-02-25T23:56:09.410351+00:00;P1;50.00
4853;pms5003;3628;6.559;3.386;2026-02-25T23:56:09.410351+00:00;P0;23.00
4853;pms5003;3628;6.559;3.386;2026-02-26T00:02:00.938847+00:00;P2;39.00
4853;pms5003;3628;6.559;3.386;2026-02-26T00:02:00.938847+00:00;P1;53.67
4853;pms5003;3628;6.559;3.386;2026-02-26T00:02:00.938847+00:00;P0;25.67
4854;DHT22;3628;6.559;3.386;2026-02-26T00:02:18.317926+00:00;humidity;84.80
4854;DHT22;3628;6.559;3.386;2026-02-26T00:02:18.317926+00:00;temperature;31.0
4853;pms5003;3628;6.559;3.386;2026-02-26T00:07:35.772832+00:00;P2;39.00
4853;pms5003;3628;6.559;3.386;2026-02-26T00:07:35.772832+00:00;P1;51.00
4853;pms5003;3628;6.559;3.386;2026-02-26T00:07:35.772832+00:00;P0;24.60
4853;pms5003;3628;6.559;3.386;2026-02-26T00:13:10.530321+00:00;P2;39.00
4853;pms5003;3628;6.559;3.386;2026-02-26T00:13:10.530321+00:00;P1;55.75
4853;pms5003;3628;6.559;3.386;2026-02-26T00:13:10.530321+00:00;P0;24.75
4854;DHT22;3628;6.559;3.386;2026-02-26T00:13:28.087316+00:00;humidity;84.60
4854;DHT22;3628;6.559;3.386;2026-02-26T00:13:28.087316+00:00;temperature;31.50
4853;pms5003;3628;6.559;3.386;2026-02-26T00:18:45.277662+00:00;P2;36.00
4853;pms5003;3628;6.559;3.386;2026-02-26T00:18:45.277662+00:00;P1;49.20
4853;pms5003;3628;6.559;3.386;2026-02-26T00:18:45.277662+00:00;P0;24.00
4854;DHT22;3628;6.559;3.386;2026-02-26T00:19:02.604249+00:00;humidity;84.70
4854;DHT22;3628;6.559;3.386;2026-02-26T00:19:02.604249+00:00;temperature;31.50
4853;pms5003;3628;6.559;3.386;2026-02-26T00:24:19.913113+00:00;P2;35.75
4853;pms5003;3628;6.559;3.386;2026-02-26T00:24:19.913113+00:00;P1;51.25
4853;pms5003;3628;6.559;3.386;2026-02-26T00:24:19.913113+00:00;P0;23.50
4854;DHT22;3628;6.559;3.386;2026-02-26T00:24:37.296233+00:00;humidity;85.30
4854;DHT22;3628;6.559;3.386;2026-02-26T00:24:37.296233+00:00;temperature;31.40
4853;pms5003;3628;6.559;3.386;2026-02-26T00:29:54.452859+00:00;P2;32.00
4853;pms5003;3628;6.559;3.386;2026-02-26T00:29:54.452859+00:00;P1;47.50
4853;pms5003;3628;6.559;3.386;2026-02-26T00:29:54.452859+00:00;P0;21.00
4854;DHT22;3628;6.559;3.386;2026-02-26T00:30:11.796793+00:00;humidity;85.60
4854;DHT22;3628;6.559;3.386;2026-02-26T00:30:11.796793+00:00;temperature;31.30
4853;pms5003;3628;6.559;3.386;2026-02-26T00:35:28.950229+00:00;P2;34.00
4853;pms5003;3628;6.559;3.386;2026-02-26T00:35:28.950229+00:00;P1;49.33
4853;pms5003;3628;6.559;3.386;2026-02-26T00:35:28.950229+00:00;P0;21.67
4854;DHT22;3628;6.559;3.386;2026-02-26T00:35:46.293142+00:00;humidity;85.50
4854;DHT22;3628;6.559;3.386;2026-02-26T00:35:46.293142+00:00;temperature;31.40
4853;pms5003;3628;6.559;3.386;2026-02-26T00:41:03.562475+00:00;P2;34.50
4853;pms5003;3628;6.559;3.386;2026-02-26T00:41:03.562475+00:00;P1;52.50
4853;pms5003;3628;6.559;3.386;2026-02-26T00:41:03.562475+00:00;P0;21.50
4853;pms5003;3628;6.559;3.386;2026-02-26T00:46:27.585103+00:00;P2;33.00
4853;pms5003;3628;6.559;3.386;2026-02-26T00:46:27.585103+00:00;P1;42.50
4853;pms5003;3628;6.559;3.386;2026-02-26T00:46:27.585103+00:00;P0;20.75
4853;pms5003;3628;6.559;3.386;2026-02-26T00:51:51.357092+00:00;P2;32.00
4853;pms5003;3628;6.559;3.386;2026-02-26T00:51:51.357092+00:00;P1;40.40
4853;pms5003;3628;6.559;3.386;2026-02-26T00:51:51.357092+00:00;P0;20.20
4854;DHT22;3628;6.559;3.386;2026-02-26T00:52:13.228111+00:00;humidity;85.30
4854;DHT22;3628;6.559;3.386;2026-02-26T00:52:13.228111+00:00;temperature;31.40
4854;DHT22;3628;6.559;3.386;2026-02-26T00:57:32.490300+00:00;humidity;85.80
4854;DHT22;3628;6.559;3.386;2026-02-26T00:57:32.490300+00:00;temperature;31.30
4854;DHT22;3628;6.559;3.386;2026-02-26T01:02:56.496701+00:00;humidity;86.00
4854;DHT22;3628;6.559;3.386;2026-02-26T01:02:56.496701+00:00;temperature;31.30
4853;pms5003;3628;6.559;3.386;2026-02-26T01:08:13.684432+00:00;P2;30.50
4853;pms5003;3628;6.559;3.386;2026-02-26T01:08:13.684432+00:00;P1;45.75
4853;pms5003;3628;6.559;3.386;2026-02-26T01:08:13.684432+00:00;P0;19.50
4854;DHT22;3628;6.559;3.386;2026-02-26T01:08:31.072225+00:00;humidity;85.90
4854;DHT22;3628;6.559;3.386;2026-02-26T01:08:31.072225+00:00;temperature;31.30
4853;pms5003;3628;6.559;3.386;2026-02-26T01:13:48.289802+00:00;P2;31.00
4853;pms5003;3628;6.559;3.386;2026-02-26T01:13:48.289802+00:00;P1;38.60
4853;pms5003;3628;6.559;3.386;2026-02-26T01:13:48.289802+00:00;P0;20.00
4854;DHT22;3628;6.559;3.386;2026-02-26T01:14:05.623390+00:00;humidity;85.60
4854;DHT22;3628;6.559;3.386;2026-02-26T01:14:05.623390+00:00;temperature;31.30
4853;pms5003;3628;6.559;3.386;2026-02-26T01:19:22.969751+00:00;P2;32.75
4853;pms5003;3628;6.559;3.386;2026-02-26T01:19:22.969751+00:00;P1;44.25
4853;pms5003;3628;6.559;3.386;2026-02-26T01:19:22.969751+00:00;P0;20.00
4853;pms5003;3628;6.559;3.386;2026-02-26T01:24:47.059239+00:00;P2;26.80
4853;pms5003;3628;6.559;3.386;2026-02-26T01:24:47.059239+00:00;P1;33.40
4853;pms5003;3628;6.559;3.386;2026-02-26T01:24:47.059239+00:00;P0;18.40
4854;DHT22;3628;6.559;3.386;2026-02-26T01:25:04.556100+00:00;humidity;85.80
4854;DHT22;3628;6.559;3.386;2026-02-26T01:25:04.556100+00:00;temperature;31.40
4853;pms5003;3628;6.559;3.386;2026-02-26T01:35:35.081896+00:00;P2;29.67
4853;pms5003;3628;6.559;3.386;2026-02-26T01:35:35.081896+00:00;P1;45.33
4853;pms5003;3628;6.559;3.386;2026-02-26T01:35:35.081896+00:00;P0;19.00
4854;DHT22;3628;6.559;3.386;2026-02-26T01:35:52.426281+00:00;humidity;86.00
4854;DHT22;3628;6.559;3.386;2026-02-26T01:35:52.426281+00:00;temperature;31.30
4854;DHT22;3628;6.559;3.386;2026-02-26T01:46:40.678584+00:00;humidity;86.30
4854;DHT22;3628;6.559;3.386;2026-02-26T01:46:40.678584+00:00;temperature;31.20
4853;pms5003;3628;6.559;3.386;2026-02-26T01:51:58.125682+00:00;P2;32.40
4853;pms5003;3628;6.559;3.386;2026-02-26T01:51:58.125682+00:00;P1;53.00
4853;pms5003;3628;6.559;3.386;2026-02-26T01:51:58.125682+00:00;P0;21.00
4854;DHT22;3628;6.559;3.386;2026-02-26T01:52:15.313785+00:00;humidity;86.60
4854;DHT22;3628;6.559;3.386;2026-02-26T01:52:15.313785+00:00;temperature;31.20
4854;DHT22;3628;6.559;3.386;2026-02-26T01:57:49.967966+00:00;humidity;86.80
4854;DHT22;3628;6.559;3.386;2026-02-26T01:57:49.967966+00:00;temperature;31.20
4853;pms5003;3628;6.559;3.386;2026-02-26T02:03:07.299792+00:00;P2;30.00
4853;pms5003;3628;6.559;3.386;2026-02-26T02:03:07.299792+00:00;P1;33.40
4853;pms5003;3628;6.559;3.386;2026-02-26T02:03:07.299792+00:00;P0;20.00
4853;pms5003;3628;6.559;3.386;2026-02-26T02:08:31.205204+00:00;P2;28.40
4853;pms5003;3628;6.559;3.386;2026-02-26T02:08:31.205204+00:00;P1;44.80
4853;pms5003;3628;6.559;3.386;2026-02-26T02:08:31.205204+00:00;P0;17.00
4853;pms5003;3628;6.559;3.386;2026-02-26T02:13:55.042303+00:00;P2;26.25
4853;pms5003;3628;6.559;3.386;2026-02-26T02:13:55.042303+00:00;P1;44.50
4853;pms5003;3628;6.559;3.386;2026-02-26T02:13:55.042303+00:00;P0;16.00
4853;pms5003;3628;6.559;3.386;2026-02-26T02:19:19.437666+00:00;P2;29.50
4853;pms5003;3628;6.559;3.386;2026-02-26T02:19:19.437666+00:00;P1;44.75
4853;pms5003;3628;6.559;3.386;2026-02-26T02:19:19.437666+00:00;P0;19.00
4853;pms5003;3628;6.559;3.386;2026-02-26T02:29:59.618576+00:00;P2;32.40
4853;pms5003;3628;6.559;3.386;2026-02-26T02:29:59.618576+00:00;P1;45.00
4853;pms5003;3628;6.559;3.386;2026-02-26T02:29:59.618576+00:00;P0;20.00
4854;DHT22;3628;6.559;3.386;2026-02-26T02:30:16.968828+00:00;humidity;87.10
4854;DHT22;3628;6.559;3.386;2026-02-26T02:30:16.968828+00:00;temperature;31.10
4853;pms5003;3628;6.559;3.386;2026-02-26T02:35:34.255486+00:00;P2;31.50
4853;pms5003;3628;6.559;3.386;2026-02-26T02:35:34.255486+00:00;P1;46.50
4853;pms5003;3628;6.559;3.386;2026-02-26T02:35:34.255486+00:00;P0;21.25
4853;pms5003;3628;6.559;3.386;2026-02-26T02:41:09.284603+00:00;P2;31.50
4853;pms5003;3628;6.559;3.386;2026-02-26T02:41:09.284603+00:00;P1;46.50
4853;pms5003;3628;6.559;3.386;2026-02-26T02:41:09.284603+00:00;P0;21.00
4854;DHT22;3628;6.559;3.386;2026-02-26T02:41:26.386302+00:00;humidity;86.80
4854;DHT22;3628;6.559;3.386;2026-02-26T02:41:26.386302+00:00;temperature;31.10
4853;pms5003;3628;6.559;3.386;2026-02-26T02:46:43.732843+00:00;P2;31.50
4853;pms5003;3628;6.559;3.386;2026-02-26T02:46:43.732843+00:00;P1;39.00
4853;pms5003;3628;6.559;3.386;2026-02-26T02:46:43.732843+00:00;P0;21.00
4854;DHT22;3628;6.559;3.386;2026-02-26T02:57:38.720668+00:00;humidity;87.50
4854;DHT22;3628;6.559;3.386;2026-02-26T02:57:38.720668+00:00;temperature;31.00
4853;pms5003;3628;6.559;3.386;2026-02-26T03:02:56.003074+00:00;P2;39.40
4853;pms5003;3628;6.559;3.386;2026-02-26T03:02:56.003074+00:00;P1;51.80
4853;pms5003;3628;6.559;3.386;2026-02-26T03:02:56.003074+00:00;P0;25.40
4854;DHT22;3628;6.559;3.386;2026-02-26T03:03:13.612384+00:00;humidity;87.30
4854;DHT22;3628;6.559;3.386;2026-02-26T03:03:13.612384+00:00;temperature;31.00
4853;pms5003;3628;6.559;3.386;2026-02-26T03:13:44.582922+00:00;P2;41.00
4853;pms5003;3628;6.559;3.386;2026-02-26T03:13:44.582922+00:00;P1;62.75
4853;pms5003;3628;6.559;3.386;2026-02-26T03:13:44.582922+00:00;P0;25.75
4854;DHT22;3628;6.559;3.386;2026-02-26T03:14:01.869649+00:00;humidity;87.20
4854;DHT22;3628;6.559;3.386;2026-02-26T03:14:01.869649+00:00;temperature;31.10
4853;pms5003;3628;6.559;3.386;2026-02-26T03:19:19.098206+00:00;P2;44.00
4853;pms5003;3628;6.559;3.386;2026-02-26T03:19:19.098206+00:00;P1;61.00
4853;pms5003;3628;6.559;3.386;2026-02-26T03:19:19.098206+00:00;P0;28.00
4854;DHT22;3628;6.559;3.386;2026-02-26T03:19:36.477601+00:00;humidity;87.40
4854;DHT22;3628;6.559;3.386;2026-02-26T03:19:36.477601+00:00;temperature;31.10
4853;pms5003;3628;6.559;3.386;2026-02-26T03:24:53.700440+00:00;P2;40.80
4853;pms5003;3628;6.559;3.386;2026-02-26T03:24:53.700440+00:00;P1;56.80
4853;pms5003;3628;6.559;3.386;2026-02-26T03:24:53.700440+00:00;P0;26.40
4853;pms5003;3628;6.559;3.386;2026-02-26T03:30:17.660996+00:00;P2;45.00
4853;pms5003;3628;6.559;3.386;2026-02-26T03:30:17.660996+00:00;P1;68.00
4853;pms5003;3628;6.559;3.386;2026-02-26T03:30:17.660996+00:00;P0;27.50
4854;DHT22;3628;6.559;3.386;2026-02-26T03:30:35.203250+00:00;humidity;87.80
4854;DHT22;3628;6.559;3.386;2026-02-26T03:30:35.203250+00:00;temperature;31.00
4853;pms5003;3628;6.559;3.386;2026-02-26T03:35:52.474284+00:00;P2;45.25
4853;pms5003;3628;6.559;3.386;2026-02-26T03:35:52.474284+00:00;P1;67.50
4853;pms5003;3628;6.559;3.386;2026-02-26T03:35:52.474284+00:00;P0;27.00
4854;DHT22;3628;6.559;3.386;2026-02-26T03:36:09.948857+00:00;humidity;88.00
4854;DHT22;3628;6.559;3.386;2026-02-26T03:36:09.948857+00:00;temperature;30.90
4853;pms5003;3628;6.559;3.386;2026-02-26T03:41:27.211878+00:00;P2;44.00
4853;pms5003;3628;6.559;3.386;2026-02-26T03:41:27.211878+00:00;P1;60.75
4853;pms5003;3628;6.559;3.386;2026-02-26T03:41:27.211878+00:00;P0;29.00
4854;DHT22;3628;6.559;3.386;2026-02-26T03:41:44.691335+00:00;humidity;88.60
4854;DHT22;3628;6.559;3.386;2026-02-26T03:41:44.691335+00:00;temperature;30.90
4853;pms5003;3628;6.559;3.386;2026-02-26T03:47:02.019070+00:00;P2;43.50
4853;pms5003;3628;6.559;3.386;2026-02-26T03:47:02.019070+00:00;P1;62.00
4853;pms5003;3628;6.559;3.386;2026-02-26T03:47:02.019070+00:00;P0;28.00
4853;pms5003;3628;6.559;3.386;2026-02-26T09:32:31.467056+00:00;P2;43.75
4853;pms5003;3628;6.559;3.386;2026-02-26T09:32:31.467056+00:00;P1;60.00
4853;pms5003;3628;6.559;3.386;2026-02-26T09:32:31.467056+00:00;P0;28.00
4854;DHT22;3628;6.559;3.386;2026-02-26T09:32:48.828681+00:00;humidity;66.70
4854;DHT22;3628;6.559;3.386;2026-02-26T09:32:48.828681+00:00;temperature;37.70
4853;pms5003;3628;6.559;3.386;2026-02-26T09:38:06.053524+00:00;P2;38.50
4853;pms5003;3628;6.559;3.386;2026-02-26T09:38:06.053524+00:00;P1;55.75
4853;pms5003;3628;6.559;3.386;2026-02-26T09:38:06.053524+00:00;P0;26.00
4854;DHT22;3628;6.559;3.386;2026-02-26T09:38:23.396191+00:00;humidity;65.20
4854;DHT22;3628;6.559;3.386;2026-02-26T09:38:23.396191+00:00;temperature;38.00
4853;pms5003;3628;6.559;3.386;2026-02-26T09:43:40.630544+00:00;P2;43.75
4853;pms5003;3628;6.559;3.386;2026-02-26T09:43:40.630544+00:00;P1;58.00
4853;pms5003;3628;6.559;3.386;2026-02-26T09:43:40.630544+00:00;P0;27.75
4854;DHT22;3628;6.559;3.386;2026-02-26T09:43:58.042517+00:00;humidity;64.90
4854;DHT22;3628;6.559;3.386;2026-02-26T09:43:58.042517+00:00;temperature;38.00
4853;pms5003;3628;6.559;3.386;2026-02-26T09:49:15.291256+00:00;P2;39.50
4853;pms5003;3628;6.559;3.386;2026-02-26T09:49:15.291256+00:00;P1;47.00
4853;pms5003;3628;6.559;3.386;2026-02-26T09:49:15.291256+00:00;P0;24.75
4854;DHT22;3628;6.559;3.386;2026-02-26T09:49:32.635180+00:00;humidity;66.00
4854;DHT22;3628;6.559;3.386;2026-02-26T09:49:32.635180+00:00;temperature;37.10
4853;pms5003;3628;6.559;3.386;2026-02-26T09:54:49.784390+00:00;P2;41.00
4853;pms5003;3628;6.559;3.386;2026-02-26T09:54:49.784390+00:00;P1;58.33
4853;pms5003;3628;6.559;3.386;2026-02-26T09:54:49.784390+00:00;P0;27.00
4853;pms5003;3628;6.559;3.386;2026-02-26T10:00:16.412928+00:00;P2;37.00
4853;pms5003;3628;6.559;3.386;2026-02-26T10:00:16.412928+00:00;P1;57.00
4853;pms5003;3628;6.559;3.386;2026-02-26T10:00:16.412928+00:00;P0;25.00
4853;pms5003;3628;6.559;3.386;2026-02-26T10:05:40.307847+00:00;P2;39.00
4853;pms5003;3628;6.559;3.386;2026-02-26T10:05:40.307847+00:00;P1;59.50
4853;pms5003;3628;6.559;3.386;2026-02-26T10:05:40.307847+00:00;P0;25.00
4854;DHT22;3628;6.559;3.386;2026-02-26T10:05:57.708601+00:00;humidity;62.90
4854;DHT22;3628;6.559;3.386;2026-02-26T10:05:57.708601+00:00;temperature;37.60
4854;DHT22;3628;6.559;3.386;2026-02-26T10:11:21.409428+00:00;humidity;62.70
4854;DHT22;3628;6.559;3.386;2026-02-26T10:11:21.409428+00:00;temperature;38.20
4853;pms5003;3628;6.559;3.386;2026-02-26T10:16:38.590546+00:00;P2;41.50
4853;pms5003;3628;6.559;3.386;2026-02-26T10:16:38.590546+00:00;P1;59.00
4853;pms5003;3628;6.559;3.386;2026-02-26T10:16:38.590546+00:00;P0;27.00
4854;DHT22;3628;6.559;3.386;2026-02-26T10:22:57.914272+00:00;humidity;62.50
4854;DHT22;3628;6.559;3.386;2026-02-26T10:22:57.914272+00:00;temperature;38.40
4853;pms5003;3628;6.559;3.386;2026-02-26T10:27:37.131009+00:00;P2;40.75
4853;pms5003;3628;6.559;3.386;2026-02-26T10:27:37.131009+00:00;P1;59.00
4853;pms5003;3628;6.559;3.386;2026-02-26T10:27:37.131009+00:00;P0;27.00
4854;DHT22;3628;6.559;3.386;2026-02-26T10:33:18.580526+00:00;humidity;60.50
4854;DHT22;3628;6.559;3.386;2026-02-26T10:33:18.580526+00:00;temperature;38.60
4853;pms5003;3628;6.559;3.386;2026-02-26T10:38:35.936059+00:00;P2;35.00
4853;pms5003;3628;6.559;3.386;2026-02-26T10:38:35.936059+00:00;P1;54.25
4853;pms5003;3628;6.559;3.386;2026-02-26T10:38:35.936059+00:00;P0;22.50
4854;DHT22;3628;6.559;3.386;2026-02-26T10:38:53.310866+00:00;humidity;59.70
4854;DHT22;3628;6.559;3.386;2026-02-26T10:38:53.310866+00:00;temperature;38.60
4853;pms5003;3628;6.559;3.386;2026-02-26T10:54:47.905565+00:00;P2;38.75
4853;pms5003;3628;6.559;3.386;2026-02-26T10:54:47.905565+00:00;P1;60.00
4853;pms5003;3628;6.559;3.386;2026-02-26T10:54:47.905565+00:00;P0;24.50
4853;pms5003;3628;6.559;3.386;2026-02-26T11:00:12.225802+00:00;P2;40.25
4853;pms5003;3628;6.559;3.386;2026-02-26T11:00:12.225802+00:00;P1;57.50
4853;pms5003;3628;6.559;3.386;2026-02-26T11:00:12.225802+00:00;P0;25.75
4854;DHT22;3628;6.559;3.386;2026-02-26T11:00:29.643426+00:00;humidity;56.70
4854;DHT22;3628;6.559;3.386;2026-02-26T11:00:29.643426+00:00;temperature;40.10
4853;pms5003;3628;6.559;3.386;2026-02-26T11:21:55.819848+00:00;P2;37.40
4853;pms5003;3628;6.559;3.386;2026-02-26T11:21:55.819848+00:00;P1;51.80
4853;pms5003;3628;6.559;3.386;2026-02-26T11:21:55.819848+00:00;P0;25.00
4854;DHT22;3628;6.559;3.386;2026-02-26T11:32:43.585953+00:00;humidity;62.80
4854;DHT22;3628;6.559;3.386;2026-02-26T11:32:43.585953+00:00;temperature;38.50
4853;pms5003;3628;6.559;3.386;2026-02-26T11:38:01.086306+00:00;P2;45.00
4853;pms5003;3628;6.559;3.386;2026-02-26T11:38:01.086306+00:00;P1;60.50
4853;pms5003;3628;6.559;3.386;2026-02-26T11:38:01.086306+00:00;P0;28.00
4854;DHT22;3628;6.559;3.386;2026-02-26T11:48:55.927561+00:00;humidity;62.60
4854;DHT22;3628;6.559;3.386;2026-02-26T11:48:55.927561+00:00;temperature;38.40
4853;pms5003;3628;6.559;3.386;2026-02-26T11:54:13.173685+00:00;P2;39.00
4853;pms5003;3628;6.559;3.386;2026-02-26T11:54:13.173685+00:00;P1;56.00
4853;pms5003;3628;6.559;3.386;2026-02-26T11:54:13.173685+00:00;P0;26.40
4853;pms5003;3628;6.559;3.386;2026-02-26T11:59:47.841175+00:00;P2;41.00
4853;pms5003;3628;6.559;3.386;2026-02-26T11:59:47.841175+00:00;P1;59.00
4853;pms5003;3628;6.559;3.386;2026-02-26T11:59:47.841175+00:00;P0;25.75
4854;DHT22;3628;6.559;3.386;2026-02-26T12:00:05.228415+00:00;humidity;60.40
4854;DHT22;3628;6.559;3.386;2026-02-26T12:00:05.228415+00:00;temperature;39.20
4853;pms5003;3628;6.559;3.386;2026-02-26T12:05:22.466219+00:00;P2;44.00
4853;pms5003;3628;6.559;3.386;2026-02-26T12:05:22.466219+00:00;P1;64.50
4853;pms5003;3628;6.559;3.386;2026-02-26T12:05:22.466219+00:00;P0;27.50
4854;DHT22;3628;6.559;3.386;2026-02-26T12:05:39.826600+00:00;humidity;61.40
4854;DHT22;3628;6.559;3.386;2026-02-26T12:05:39.826600+00:00;temperature;38.50
4854;DHT22;3628;6.559;3.386;2026-02-26T12:11:03.753591+00:00;humidity;60.20
4854;DHT22;3628;6.559;3.386;2026-02-26T12:11:03.753591+00:00;temperature;38.90
4853;pms5003;3628;6.559;3.386;2026-02-26T12:16:21.266968+00:00;P2;39.75
4853;pms5003;3628;6.559;3.386;2026-02-26T12:16:21.266968+00:00;P1;56.75
4853;pms5003;3628;6.559;3.386;2026-02-26T12:16:21.266968+00:00;P0;26.00
4854;DHT22;3628;6.559;3.386;2026-02-26T12:16:38.653100+00:00;humidity;60.2p
4854;DHT22;3628;6.559;3.386;2026-02-26T12:16:38.653100+00:00;temperature;39.20
4853;pms5003;3628;6.559;3.386;2026-02-26T12:21:55.935620+00:00;P2;40.00
4853;pms5003;3628;6.559;3.386;2026-02-26T12:21:55.935620+00:00;P1;55.40
4853;pms5003;3628;6.559;3.386;2026-02-26T12:21:55.935620+00:00;P0;26.00
4854;DHT22;3628;6.559;3.386;2026-02-26T12:22:13.377639+00:00;humidity;59.30
4854;DHT22;3628;6.559;3.386;2026-02-26T12:22:13.377639+00:00;temperature;39.00
4853;pms5003;3628;6.559;3.386;2026-02-26T12:27:30.374562+00:00;P2;37.40
4853;pms5003;3628;6.559;3.386;2026-02-26T12:27:30.374562+00:00;P1;55.80
4853;pms5003;3628;6.559;3.386;2026-02-26T12:27:30.374562+00:00;P0;25.00
4854;DHT22;3628;6.559;3.386;2026-02-26T12:27:47.922393+00:00;humidity;59.40
4854;DHT22;3628;6.559;3.386;2026-02-26T12:27:47.922393+00:00;temperature;39.10
4853;pms5003;3628;6.559;3.386;2026-02-26T12:38:29.122832+00:00;P2;33.50
4853;pms5003;3628;6.559;3.386;2026-02-26T12:38:29.122832+00:00;P1;47.00
4853;pms5003;3628;6.559;3.386;2026-02-26T12:38:29.122832+00:00;P0;21.00
4853;pms5003;3628;6.559;3.386;2026-02-26T12:43:53.187802+00:00;P2;33.50
4853;pms5003;3628;6.559;3.386;2026-02-26T12:43:53.187802+00:00;P1;46.00
4853;pms5003;3628;6.559;3.386;2026-02-26T12:43:53.187802+00:00;P0;22.25
4854;DHT22;3628;6.559;3.386;2026-02-26T12:44:10.685802+00:00;humidity;59.00
4854;DHT22;3628;6.559;3.386;2026-02-26T12:44:10.685802+00:00;temperature;39.20
4854;DHT22;3628;6.559;3.386;2026-02-26T12:49:34.519719+00:00;humidity;58.60
4854;DHT22;3628;6.559;3.386;2026-02-26T12:49:34.519719+00:00;temperature;39.30
4853;pms5003;3628;6.559;3.386;2026-02-26T12:54:51.802364+00:00;P2;32.00
4853;pms5003;3628;6.559;3.386;2026-02-26T12:54:51.802364+00:00;P1;48.00
4853;pms5003;3628;6.559;3.386;2026-02-26T12:54:51.802364+00:00;P0;20.50
4854;DHT22;3628;6.559;3.386;2026-02-26T12:55:09.149687+00:00;humidity;58.50
4854;DHT22;3628;6.559;3.386;2026-02-26T12:55:09.149687+00:00;temperature;39.00
4853;pms5003;3628;6.559;3.386;2026-02-26T13:00:26.400143+00:00;P2;33.50
4853;pms5003;3628;6.559;3.386;2026-02-26T13:00:26.400143+00:00;P1;45.50
4853;pms5003;3628;6.559;3.386;2026-02-26T13:00:26.400143+00:00;P0;22.00
4854;DHT22;3628;6.559;3.386;2026-02-26T13:00:43.735373+00:00;humidity;57.80
4854;DHT22;3628;6.559;3.386;2026-02-26T13:00:43.735373+00:00;temperature;39.50
4853;pms5003;3628;6.559;3.386;2026-02-26T13:06:42.446894+00:00;P2;32.00
4853;pms5003;3628;6.559;3.386;2026-02-26T13:06:42.446894+00:00;P1;53.33
4853;pms5003;3628;6.559;3.386;2026-02-26T13:06:42.446894+00:00;P0;21.00
4854;DHT22;3628;6.559;3.386;2026-02-26T13:11:31.809415+00:00;humidity;58.20
4854;DHT22;3628;6.559;3.386;2026-02-26T13:11:31.809415+00:00;temperature;39.30
4853;pms5003;3628;6.559;3.386;2026-02-26T13:16:49.051213+00:00;P2;31.75
4853;pms5003;3628;6.559;3.386;2026-02-26T13:16:49.051213+00:00;P1;48.25
4853;pms5003;3628;6.559;3.386;2026-02-26T13:16:49.051213+00:00;P0;21.50
4854;DHT22;3628;6.559;3.386;2026-02-26T13:17:06.409721+00:00;humidity;57.10
4854;DHT22;3628;6.559;3.386;2026-02-26T13:17:06.409721+00:00;temperature;39.70
4853;pms5003;3628;6.559;3.386;2026-02-26T13:27:47.377341+00:00;P2;33.60
4853;pms5003;3628;6.559;3.386;2026-02-26T13:27:47.377341+00:00;P1;43.20
4853;pms5003;3628;6.559;3.386;2026-02-26T13:27:47.377341+00:00;P0;21.00
4854;DHT22;3628;6.559;3.386;2026-02-26T13:28:04.983085+00:00;humidity;58.20
4854;DHT22;3628;6.559;3.386;2026-02-26T13:28:04.983085+00:00;temperature;39.00
4853;pms5003;3628;6.559;3.386;2026-02-26T13:33:22.161464+00:00;P2;37.00
4853;pms5003;3628;6.559;3.386;2026-02-26T13:33:22.161464+00:00;P1;52.50
4853;pms5003;3628;6.559;3.386;2026-02-26T13:33:22.161464+00:00;P0;23.00
4854;DHT22;3628;6.559;3.386;2026-02-26T13:33:39.528732+00:00;humidity;57.10
4854;DHT22;3628;6.559;3.386;2026-02-26T13:33:39.528732+00:00;temperature;39.80
4853;pms5003;3628;6.559;3.386;2026-02-26T13:38:56.838582+00:00;P2;31.75
4853;pms5003;3628;6.559;3.386;2026-02-26T13:38:56.838582+00:00;P1;48.75
4853;pms5003;3628;6.559;3.386;2026-02-26T13:38:56.838582+00:00;P0;19.25
4853;pms5003;3628;6.559;3.386;2026-02-26T13:44:25.103094+00:00;P2;31.20
4853;pms5003;3628;6.559;3.386;2026-02-26T13:44:25.103094+00:00;P1;45.00
4853;pms5003;3628;6.559;3.386;2026-02-26T13:44:25.103094+00:00;P0;19.00
4854;DHT22;3628;6.559;3.386;2026-02-26T13:50:01.808980+00:00;humidity;57.80
4854;DHT22;3628;6.559;3.386;2026-02-26T13:50:01.808980+00:00;temperature;39.30
4853;pms5003;3628;6.559;3.386;2026-02-26T13:55:18.955938+00:00;P2;38.50
4853;pms5003;3628;6.559;3.386;2026-02-26T13:55:18.955938+00:00;P1;58.75
4853;pms5003;3628;6.559;3.386;2026-02-26T13:55:18.955938+00:00;P0;24.50
4853;pms5003;3628;6.559;3.386;2026-02-26T14:00:43.149816+00:00;P2;30.75
4853;pms5003;3628;6.559;3.386;2026-02-26T14:00:43.149816+00:00;P1;45.25
4853;pms5003;3628;6.559;3.386;2026-02-26T14:00:43.149816+00:00;P0;20.50
4854;DHT22;3628;6.559;3.386;2026-02-26T14:01:00.521908+00:00;humidity;56.90
4854;DHT22;3628;6.559;3.386;2026-02-26T14:01:00.521908+00:00;temperature;39.30
4853;pms5003;3628;6.559;3.386;2026-02-26T14:06:46.186787+00:00;P2;33.00
4853;pms5003;3628;6.559;3.386;2026-02-26T14:06:46.186787+00:00;P1;51.00
4853;pms5003;3628;6.559;3.386;2026-02-26T14:06:46.186787+00:00;P0;21.00
4853;pms5003;3628;6.559;3.386;2026-02-26T14:13:23.350566+00:00;P2;32.67
4853;pms5003;3628;6.559;3.386;2026-02-26T14:13:23.350566+00:00;P1;48.67
4853;pms5003;3628;6.559;3.386;2026-02-26T14:13:23.350566+00:00;P0;21.00
4853;pms5003;3628;6.559;3.386;2026-02-26T14:17:06.207838+00:00;P2;29.25
4853;pms5003;3628;6.559;3.386;2026-02-26T14:17:06.207838+00:00;P1;37.00
4853;pms5003;3628;6.559;3.386;2026-02-26T14:17:06.207838+00:00;P0;19.75
4853;pms5003;3628;6.559;3.386;2026-02-26T14:22:29.892470+00:00;P2;31.00
4853;pms5003;3628;6.559;3.386;2026-02-26T14:22:29.892470+00:00;P1;48.00
4853;pms5003;3628;6.559;3.386;2026-02-26T14:22:29.892470+00:00;P0;20.00
4853;pms5003;3628;6.559;3.386;2026-02-26T14:27:53.827407+00:00;P2;32.75
4853;pms5003;3628;6.559;3.386;2026-02-26T14:27:53.827407+00:00;P1;51.25
4853;pms5003;3628;6.559;3.386;2026-02-26T14:27:53.827407+00:00;P0;20.75
4854;DHT22;3628;6.559;3.386;2026-02-26T14:28:14.095560+00:00;humidity;58.60
4854;DHT22;3628;6.559;3.386;2026-02-26T14:28:14.095560+00:00;temperature;38.60
4854;DHT22;3628;6.559;3.386;2026-02-26T14:33:38.095897+00:00;humidity;59.00
4854;DHT22;3628;6.559;3.386;2026-02-26T14:33:38.095897+00:00;temperature;38.70
4853;pms5003;3628;6.559;3.386;2026-02-26T14:38:55.295051+00:00;P2;30.20
4853;pms5003;3628;6.559;3.386;2026-02-26T14:38:55.295051+00:00;P1;46.00
4853;pms5003;3628;6.559;3.386;2026-02-26T14:38:55.295051+00:00;P0;21.60
4854;DHT22;3628;6.559;3.386;2026-02-26T14:39:12.643179+00:00;humidity;59.20
4854;DHT22;3628;6.559;3.386;2026-02-26T14:39:12.643179+00:00;temperature;38.90
4853;pms5003;3628;6.559;3.386;2026-02-26T14:44:29.825299+00:00;P2;30.50
4853;pms5003;3628;6.559;3.386;2026-02-26T14:44:29.825299+00:00;P1;44.25
4853;pms5003;3628;6.559;3.386;2026-02-26T14:44:29.825299+00:00;P0;19.50
4854;DHT22;3628;6.559;3.386;2026-02-26T14:44:47.153984+00:00;humidity;59.90
4854;DHT22;3628;6.559;3.386;2026-02-26T14:44:47.153984+00:00;temperature;38.90
4853;pms5003;3628;6.559;3.386;2026-02-26T14:50:07.357803+00:00;P2;29.75
4853;pms5003;3628;6.559;3.386;2026-02-26T14:50:07.357803+00:00;P1;40.50
4853;pms5003;3628;6.559;3.386;2026-02-26T14:50:07.357803+00:00;P0;19.00
4853;pms5003;3628;6.559;3.386;2026-02-26T14:55:31.025822+00:00;P2;33.60
4853;pms5003;3628;6.559;3.386;2026-02-26T14:55:31.025822+00:00;P1;53.20
4853;pms5003;3628;6.559;3.386;2026-02-26T14:55:31.025822+00:00;P0;21.80
4854;DHT22;3628;6.559;3.386;2026-02-26T14:55:48.374781+00:00;humidity;62.20
4854;DHT22;3628;6.559;3.386;2026-02-26T14:55:48.374781+00:00;temperature;38.20
4853;pms5003;3628;6.559;3.386;2026-02-26T15:06:29.836690+00:00;P2;28.75
4853;pms5003;3628;6.559;3.386;2026-02-26T15:06:29.836690+00:00;P1;47.75
4853;pms5003;3628;6.559;3.386;2026-02-26T15:06:29.836690+00:00;P0;19.75
4853;pms5003;3628;6.559;3.386;2026-02-26T15:11:53.695537+00:00;P2;33.00
4853;pms5003;3628;6.559;3.386;2026-02-26T15:11:53.695537+00:00;P1;50.00
4853;pms5003;3628;6.559;3.386;2026-02-26T15:11:53.695537+00:00;P0;22.00
4854;DHT22;3628;6.559;3.386;2026-02-26T15:12:11.044611+00:00;humidity;63.20
4854;DHT22;3628;6.559;3.386;2026-02-26T15:12:11.044611+00:00;temperature;37.60
4853;pms5003;3628;6.559;3.386;2026-02-26T15:17:28.485700+00:00;P2;26.50
4853;pms5003;3628;6.559;3.386;2026-02-26T15:17:28.485700+00:00;P1;40.50
4853;pms5003;3628;6.559;3.386;2026-02-26T15:17:28.485700+00:00;P0;17.50
4854;DHT22;3628;6.559;3.386;2026-02-26T15:17:45.788774+00:00;humidity;64.60
4854;DHT22;3628;6.559;3.386;2026-02-26T15:17:45.788774+00:00;temperature;37.10
4854;DHT22;3628;6.559;3.386;2026-02-26T15:23:12.449731+00:00;humidity;65.30
4854;DHT22;3628;6.559;3.386;2026-02-26T15:23:12.449731+00:00;temperature;37.10
4854;DHT22;3628;6.559;3.386;2026-02-26T15:28:36.557140+00:00;humidity;66.60
4854;DHT22;3628;6.559;3.386;2026-02-26T15:28:36.557140+00:00;temperature;37.10
4853;pms5003;3628;6.559;3.386;2026-02-26T15:33:53.714086+00:00;P2;30.25
4853;pms5003;3628;6.559;3.386;2026-02-26T15:33:53.714086+00:00;P1;45.00
4853;pms5003;3628;6.559;3.386;2026-02-26T15:33:53.714086+00:00;P0;20.00
4853;pms5003;3628;6.559;3.386;2026-02-26T15:39:28.275960+00:00;P2;30.00
4853;pms5003;3628;6.559;3.386;2026-02-26T15:39:28.275960+00:00;P1;47.00
4853;pms5003;3628;6.559;3.386;2026-02-26T15:39:28.275960+00:00;P0;18.25
4854;DHT22;3628;6.559;3.386;2026-02-26T15:39:45.693888+00:00;humidity;67.40
4854;DHT22;3628;6.559;3.386;2026-02-26T15:39:45.693888+00:00;temperature;36.50
4854;DHT22;3628;6.559;3.386;2026-02-26T15:45:20.189667+00:00;humidity;66.30
4854;DHT22;3628;6.559;3.386;2026-02-26T15:45:20.189667+00:00;temperature;36.40
4853;pms5003;3628;6.559;3.386;2026-02-26T15:50:37.452324+00:00;P2;29.80
4853;pms5003;3628;6.559;3.386;2026-02-26T15:50:37.452324+00:00;P1;44.80
4853;pms5003;3628;6.559;3.386;2026-02-26T15:50:37.452324+00:00;P0;18.40
4854;DHT22;3628;6.559;3.386;2026-02-26T15:50:54.796408+00:00;humidity;66.60
4854;DHT22;3628;6.559;3.386;2026-02-26T15:50:54.796408+00:00;temperature;36.20
4853;pms5003;3628;6.559;3.386;2026-02-26T15:56:14.880301+00:00;P2;31.50
4853;pms5003;3628;6.559;3.386;2026-02-26T15:56:14.880301+00:00;P1;50.25
4853;pms5003;3628;6.559;3.386;2026-02-26T15:56:14.880301+00:00;P0;17.75
4853;pms5003;3628;6.559;3.386;2026-02-26T16:01:39.212412+00:00;P2;30.00
4853;pms5003;3628;6.559;3.386;2026-02-26T16:01:39.212412+00:00;P1;35.00
4853;pms5003;3628;6.559;3.386;2026-02-26T16:01:39.212412+00:00;P0;19.00
4854;DHT22;3628;6.559;3.386;2026-02-26T16:01:56.700347+00:00;humidity;65.60
4854;DHT22;3628;6.559;3.386;2026-02-26T16:01:56.700347+00:00;temperature;36.10
4853;pms5003;3628;6.559;3.386;2026-02-26T16:07:13.896619+00:00;P2;31.75
4853;pms5003;3628;6.559;3.386;2026-02-26T16:07:13.896619+00:00;P1;46.50
4853;pms5003;3628;6.559;3.386;2026-02-26T16:07:13.896619+00:00;P0;20.00
4854;DHT22;3628;6.559;3.386;2026-02-26T16:07:31.239556+00:00;humidity;66.30
4854;DHT22;3628;6.559;3.386;2026-02-26T16:07:31.239556+00:00;temperature;35.90
4853;pms5003;3628;6.559;3.386;2026-02-26T16:13:46.901291+00:00;P2;33.25
4853;pms5003;3628;6.559;3.386;2026-02-26T16:13:46.901291+00:00;P1;45.75
4853;pms5003;3628;6.559;3.386;2026-02-26T16:13:46.901291+00:00;P0;21.00
4853;pms5003;3628;6.559;3.386;2026-02-26T16:18:12.310757+00:00;P2;32.00
4853;pms5003;3628;6.559;3.386;2026-02-26T16:18:12.310757+00:00;P1;47.75
4853;pms5003;3628;6.559;3.386;2026-02-26T16:18:12.310757+00:00;P0;20.00
4853;pms5003;3628;6.559;3.386;2026-02-26T16:23:46.912084+00:00;P2;32.00
4853;pms5003;3628;6.559;3.386;2026-02-26T16:23:46.912084+00:00;P1;50.25
4853;pms5003;3628;6.559;3.386;2026-02-26T16:23:46.912084+00:00;P0;20.25
4854;DHT22;3628;6.559;3.386;2026-02-26T16:24:04.331019+00:00;humidity;67.50
4854;DHT22;3628;6.559;3.386;2026-02-26T16:24:04.331019+00:00;temperature;35.70
4853;pms5003;3628;6.559;3.386;2026-02-26T16:29:21.427343+00:00;P2;29.00
4853;pms5003;3628;6.559;3.386;2026-02-26T16:29:21.427343+00:00;P1;33.00
4853;pms5003;3628;6.559;3.386;2026-02-26T16:29:21.427343+00:00;P0;19.00
4854;DHT22;3628;6.559;3.386;2026-02-26T16:29:38.963498+00:00;humidity;67.90
4854;DHT22;3628;6.559;3.386;2026-02-26T16:29:38.963498+00:00;temperature;35.50
4853;pms5003;3628;6.559;3.386;2026-02-26T16:34:56.133307+00:00;P2;29.67
4853;pms5003;3628;6.559;3.386;2026-02-26T16:34:56.133307+00:00;P1;46.00
4853;pms5003;3628;6.559;3.386;2026-02-26T16:34:56.133307+00:00;P0;19.67
4854;DHT22;3628;6.559;3.386;2026-02-26T16:36:42.368422+00:00;humidity;69.30
4854;DHT22;3628;6.559;3.386;2026-02-26T16:36:42.368422+00:00;temperature;35.00
4853;pms5003;3628;6.559;3.386;2026-02-26T16:56:23.639855+00:00;P2;34.00
4853;pms5003;3628;6.559;3.386;2026-02-26T16:56:23.639855+00:00;P1;48.00
4853;pms5003;3628;6.559;3.386;2026-02-26T16:56:23.639855+00:00;P0;22.00
4853;pms5003;3628;6.559;3.386;2026-02-26T17:07:11.179775+00:00;P2;32.40
4853;pms5003;3628;6.559;3.386;2026-02-26T17:07:11.179775+00:00;P1;50.60
4853;pms5003;3628;6.559;3.386;2026-02-26T17:07:11.179775+00:00;P0;21.40
4853;pms5003;3628;6.559;3.386;2026-02-26T17:12:45.715607+00:00;P2;34.75
4853;pms5003;3628;6.559;3.386;2026-02-26T17:12:45.715607+00:00;P1;57.00
4853;pms5003;3628;6.559;3.386;2026-02-26T17:12:45.715607+00:00;P0;22.00
4854;DHT22;3628;6.559;3.386;2026-02-26T17:13:03.085109+00:00;humidity;69.50
4854;DHT22;3628;6.559;3.386;2026-02-26T17:13:03.085109+00:00;temperature;33.80
4854;DHT22;3628;6.559;3.386;2026-02-26T17:23:54.196801+00:00;humidity;73.10
4854;DHT22;3628;6.559;3.386;2026-02-26T17:23:54.196801+00:00;temperature;33.60
4853;pms5003;3628;6.559;3.386;2026-02-26T17:34:36.863395+00:00;P2;33.33
4853;pms5003;3628;6.559;3.386;2026-02-26T17:34:36.863395+00:00;P1;48.00
4853;pms5003;3628;6.559;3.386;2026-02-26T17:34:36.863395+00:00;P0;22.00
4854;DHT22;3628;6.559;3.386;2026-02-26T17:34:57.247637+00:00;humidity;75.20
4854;DHT22;3628;6.559;3.386;2026-02-26T17:34:57.247637+00:00;temperature;33.20
4853;pms5003;3628;6.559;3.386;2026-02-26T17:40:14.523134+00:00;P2;35.25
4853;pms5003;3628;6.559;3.386;2026-02-26T17:40:14.523134+00:00;P1;55.00
4853;pms5003;3628;6.559;3.386;2026-02-26T17:40:14.523134+00:00;P0;22.25
4853;pms5003;3628;6.559;3.386;2026-02-26T17:45:53.181466+00:00;P2;32.00
4853;pms5003;3628;6.559;3.386;2026-02-26T17:45:53.181466+00:00;P1;44.33
4853;pms5003;3628;6.559;3.386;2026-02-26T17:45:53.181466+00:00;P0;23.00
4854;DHT22;3628;6.559;3.386;2026-02-26T17:51:34.636479+00:00;humidity;76.00
4854;DHT22;3628;6.559;3.386;2026-02-26T17:51:34.636479+00:00;temperature;33.10
4854;DHT22;3628;6.559;3.386;2026-02-26T17:57:09.451331+00:00;humidity;77.20
4854;DHT22;3628;6.559;3.386;2026-02-26T17:57:09.451331+00:00;temperature;32.90
4853;pms5003;3628;6.559;3.386;2026-02-26T18:02:26.822953+00:00;P2;32.00
4853;pms5003;3628;6.559;3.386;2026-02-26T18:02:26.822953+00:00;P1;46.75
4853;pms5003;3628;6.559;3.386;2026-02-26T18:02:26.822953+00:00;P0;21.00
4853;pms5003;3628;6.559;3.386;2026-02-26T18:07:50.458563+00:00;P2;34.75
4853;pms5003;3628;6.559;3.386;2026-02-26T18:07:50.458563+00:00;P1;47.25
4853;pms5003;3628;6.559;3.386;2026-02-26T18:07:50.458563+00:00;P0;22.00
4854;DHT22;3628;6.559;3.386;2026-02-26T18:08:07.851823+00:00;humidity;78.40
4854;DHT22;3628;6.559;3.386;2026-02-26T18:08:07.851823+00:00;temperature;32.70
4854;DHT22;3628;6.559;3.386;2026-02-26T18:18:58.273819+00:00;humidity;78.80
4854;DHT22;3628;6.559;3.386;2026-02-26T18:18:58.273819+00:00;temperature;32.80
4854;DHT22;3628;6.559;3.386;2026-02-26T18:24:32.788534+00:00;humidity;78.70
4854;DHT22;3628;6.559;3.386;2026-02-26T18:24:32.788534+00:00;temperature;32.70
4854;DHT22;3628;6.559;3.386;2026-02-26T18:29:56.976013+00:00;humidity;77.80
4854;DHT22;3628;6.559;3.386;2026-02-26T18:29:56.976013+00:00;temperature;32.80
4854;DHT22;3628;6.559;3.386;2026-02-26T18:35:20.823215+00:00;humidity;79.50
4854;DHT22;3628;6.559;3.386;2026-02-26T18:35:20.823215+00:00;temperature;32.60
4854;DHT22;3628;6.559;3.386;2026-02-26T18:40:47.513873+00:00;humidity;79.20
4854;DHT22;3628;6.559;3.386;2026-02-26T18:40:47.513873+00:00;temperature;32.60
4853;pms5003;3628;6.559;3.386;2026-02-26T18:47:05.158916+00:00;P2;34.50
4853;pms5003;3628;6.559;3.386;2026-02-26T18:47:05.158916+00:00;P1;47.50
4853;pms5003;3628;6.559;3.386;2026-02-26T18:47:05.158916+00:00;P0;21.00
4854;DHT22;3628;6.559;3.386;2026-02-26T18:51:35.536056+00:00;humidity;79.30
4854;DHT22;3628;6.559;3.386;2026-02-26T18:51:35.536056+00:00;temperature;32.40
4853;pms5003;3628;6.559;3.386;2026-02-26T18:56:58.014083+00:00;P2;35.50
4853;pms5003;3628;6.559;3.386;2026-02-26T18:56:58.014083+00:00;P1;54.50
4853;pms5003;3628;6.559;3.386;2026-02-26T18:56:58.014083+00:00;P0;21.50
4854;DHT22;3628;6.559;3.386;2026-02-26T18:57:18.977386+00:00;humidity;79.10
4854;DHT22;3628;6.559;3.386;2026-02-26T18:57:18.977386+00:00;temperature;32.50
4854;DHT22;3628;6.559;3.386;2026-02-26T19:02:58.771739+00:00;humidity;79.50
4854;DHT22;3628;6.559;3.386;2026-02-26T19:02:58.771739+00:00;temperature;32.40
4854;DHT22;3628;6.559;3.386;2026-02-26T19:08:21.951818+00:00;humidity;79.10
4854;DHT22;3628;6.559;3.386;2026-02-26T19:08:21.951818+00:00;temperature;32.40
4853;pms5003;3628;6.559;3.386;2026-02-26T19:14:40.949273+00:00;P2;33.50
4853;pms5003;3628;6.559;3.386;2026-02-26T19:14:40.949273+00:00;P1;54.00
4853;pms5003;3628;6.559;3.386;2026-02-26T19:14:40.949273+00:00;P0;21.75
4853;pms5003;3628;6.559;3.386;2026-02-26T19:19:03.384499+00:00;P2;31.00
4853;pms5003;3628;6.559;3.386;2026-02-26T19:19:03.384499+00:00;P1;44.50
4853;pms5003;3628;6.559;3.386;2026-02-26T19:19:03.384499+00:00;P0;20.00
4854;DHT22;3628;6.559;3.386;2026-02-26T19:19:18.794515+00:00;humidity;79.30
4854;DHT22;3628;6.559;3.386;2026-02-26T19:19:18.794515+00:00;temperature;32.50
4853;pms5003;3628;6.559;3.386;2026-02-26T19:29:49.663926+00:00;P2;36.75
4853;pms5003;3628;6.559;3.386;2026-02-26T19:29:49.663926+00:00;P1;53.75
4853;pms5003;3628;6.559;3.386;2026-02-26T19:29:49.663926+00:00;P0;22.75
4854;DHT22;3628;6.559;3.386;2026-02-26T19:30:15.628179+00:00;humidity;80.90
4854;DHT22;3628;6.559;3.386;2026-02-26T19:30:15.628179+00:00;temperature;32.30
4853;pms5003;3628;6.559;3.386;2026-02-26T19:41:50.465237+00:00;P2;32.67
4853;pms5003;3628;6.559;3.386;2026-02-26T19:41:50.465237+00:00;P1;40.67
4853;pms5003;3628;6.559;3.386;2026-02-26T19:41:50.465237+00:00;P0;20.67
4853;pms5003;3628;6.559;3.386;2026-02-26T19:46:44.034160+00:00;P2;38.25
4853;pms5003;3628;6.559;3.386;2026-02-26T19:46:44.034160+00:00;P1;54.50
4853;pms5003;3628;6.559;3.386;2026-02-26T19:46:44.034160+00:00;P0;24.00
4853;pms5003;3628;6.559;3.386;2026-02-26T19:52:19.213534+00:00;P2;35.00
4853;pms5003;3628;6.559;3.386;2026-02-26T19:52:19.213534+00:00;P1;46.50
4853;pms5003;3628;6.559;3.386;2026-02-26T19:52:19.213534+00:00;P0;22.75
4854;DHT22;3628;6.559;3.386;2026-02-26T19:52:42.465930+00:00;humidity;81.00
4854;DHT22;3628;6.559;3.386;2026-02-26T19:52:42.465930+00:00;temperature;32.30
4854;DHT22;3628;6.559;3.386;2026-02-26T20:19:08.693905+00:00;humidity;81.20
4854;DHT22;3628;6.559;3.386;2026-02-26T20:19:08.693905+00:00;temperature;32.40
4854;DHT22;3628;6.559;3.386;2026-02-26T20:30:08.154554+00:00;humidity;81.80
4854;DHT22;3628;6.559;3.386;2026-02-26T20:30:08.154554+00:00;temperature;32.30
4854;DHT22;3628;6.559;3.386;2026-02-26T20:35:48.359773+00:00;humidity;82.00
4854;DHT22;3628;6.559;3.386;2026-02-26T20:35:48.359773+00:00;temperature;32.20
4854;DHT22;3628;6.559;3.386;2026-02-26T20:46:47.726954+00:00;humidity;82.70
4854;DHT22;3628;6.559;3.386;2026-02-26T20:46:47.726954+00:00;temperature;32.20
4853;pms5003;3628;6.559;3.386;2026-02-26T20:52:04.882793+00:00;P2;29.50
4853;pms5003;3628;6.559;3.386;2026-02-26T20:52:04.882793+00:00;P1;45.75
4853;pms5003;3628;6.559;3.386;2026-02-26T20:52:04.882793+00:00;P0;20.00
4854;DHT22;3628;6.559;3.386;2026-02-26T20:52:22.257784+00:00;humidity;82.50
4854;DHT22;3628;6.559;3.386;2026-02-26T20:52:22.257784+00:00;temperature;32.20
4853;pms5003;3628;6.559;3.386;2026-02-26T20:57:39.561472+00:00;P2;35.00
4853;pms5003;3628;6.559;3.386;2026-02-26T20:57:39.561472+00:00;P1;49.00
4853;pms5003;3628;6.559;3.386;2026-02-26T20:57:39.561472+00:00;P0;22.50
4854;DHT22;3628;6.559;3.386;2026-02-26T20:57:59.360637+00:00;humidity;82.60
4854;DHT22;3628;6.559;3.386;2026-02-26T20:57:59.360637+00:00;temperature;32.20
4853;pms5003;3628;6.559;3.386;2026-02-26T21:03:16.645621+00:00;P2;32.50
4853;pms5003;3628;6.559;3.386;2026-02-26T21:03:16.645621+00:00;P1;50.75
4853;pms5003;3628;6.559;3.386;2026-02-26T21:03:16.645621+00:00;P0;19.75
4853;pms5003;3628;6.559;3.386;2026-02-26T21:08:40.768850+00:00;P2;35.75
4853;pms5003;3628;6.559;3.386;2026-02-26T21:08:40.768850+00:00;P1;53.50
4853;pms5003;3628;6.559;3.386;2026-02-26T21:08:40.768850+00:00;P0;21.50
4854;DHT22;3628;6.559;3.386;2026-02-26T21:14:21.510276+00:00;humidity;82.90
4854;DHT22;3628;6.559;3.386;2026-02-26T21:14:21.510276+00:00;temperature;32.10
4853;pms5003;3628;6.559;3.386;2026-02-26T21:33:52.330116+00:00;P2;31.00
4853;pms5003;3628;6.559;3.386;2026-02-26T21:33:52.330116+00:00;P1;38.50
4853;pms5003;3628;6.559;3.386;2026-02-26T21:33:52.330116+00:00;P0;21.00
4853;pms5003;3628;6.559;3.386;2026-02-26T21:38:50.028237+00:00;P2;30.00
4853;pms5003;3628;6.559;3.386;2026-02-26T21:38:50.028237+00:00;P1;36.50
4853;pms5003;3628;6.559;3.386;2026-02-26T21:38:50.028237+00:00;P0;20.00
4854;DHT22;3628;6.559;3.386;2026-02-26T21:44:53.745910+00:00;humidity;83.70
4854;DHT22;3628;6.559;3.386;2026-02-26T21:44:53.745910+00:00;temperature;32.00
4853;pms5003;3628;6.559;3.386;2026-02-26T21:50:51.273105+00:00;P2;33.00
4853;pms5003;3628;6.559;3.386;2026-02-26T21:50:51.273105+00:00;P1;49.00
4853;pms5003;3628;6.559;3.386;2026-02-26T21:50:51.273105+00:00;P0;21.60
4854;DHT22;3628;6.559;3.386;2026-02-26T21:55:09.420649+00:00;humidity;83.40
4854;DHT22;3628;6.559;3.386;2026-02-26T21:55:09.420649+00:00;temperature;32.00
4853;pms5003;3628;6.559;3.386;2026-02-26T22:00:31.641156+00:00;P2;32.25
4853;pms5003;3628;6.559;3.386;2026-02-26T22:00:31.641156+00:00;P1;49.50
4853;pms5003;3628;6.559;3.386;2026-02-26T22:00:31.641156+00:00;P0;20.25
4854;DHT22;3628;6.559;3.386;2026-02-26T22:00:49.819665+00:00;humidity;83.00
4854;DHT22;3628;6.559;3.386;2026-02-26T22:00:49.819665+00:00;temperature;32.00
4853;pms5003;3628;6.559;3.386;2026-02-26T22:06:21.292840+00:00;P2;36.00
4853;pms5003;3628;6.559;3.386;2026-02-26T22:06:21.292840+00:00;P1;52.75
4853;pms5003;3628;6.559;3.386;2026-02-26T22:06:21.292840+00:00;P0;22.50
4853;pms5003;3628;6.559;3.386;2026-02-26T22:11:29.150624+00:00;P2;34.00
4853;pms5003;3628;6.559;3.386;2026-02-26T22:11:29.150624+00:00;P1;44.75
4853;pms5003;3628;6.559;3.386;2026-02-26T22:11:29.150624+00:00;P0;22.25
4854;DHT22;3628;6.559;3.386;2026-02-26T22:17:23.562392+00:00;humidity;82.60
4854;DHT22;3628;6.559;3.386;2026-02-26T22:17:23.562392+00:00;temperature;32.00
4853;pms5003;3628;6.559;3.386;2026-02-26T22:22:40.700772+00:00;P2;40.50
4853;pms5003;3628;6.559;3.386;2026-02-26T22:22:40.700772+00:00;P1;55.25
4853;pms5003;3628;6.559;3.386;2026-02-26T22:22:40.700772+00:00;P0;25.75
4853;pms5003;3628;6.559;3.386;2026-02-26T22:28:04.836631+00:00;P2;40.25
4853;pms5003;3628;6.559;3.386;2026-02-26T22:28:04.836631+00:00;P1;52.25
4853;pms5003;3628;6.559;3.386;2026-02-26T22:28:04.836631+00:00;P0;25.50
4854;DHT22;3628;6.559;3.386;2026-02-26T22:28:22.228204+00:00;humidity;83.50
4854;DHT22;3628;6.559;3.386;2026-02-26T22:28:22.228204+00:00;temperature;31.90
4854;DHT22;3628;6.559;3.386;2026-02-26T22:33:57.069344+00:00;humidity;83.40
4854;DHT22;3628;6.559;3.386;2026-02-26T22:33:57.069344+00:00;temperature;31.80
4854;DHT22;3628;6.559;3.386;2026-02-26T22:45:26.439542+00:00;humidity;83.30
4854;DHT22;3628;6.559;3.386;2026-02-26T22:45:26.439542+00:00;temperature;31.80
4853;pms5003;3628;6.559;3.386;2026-02-26T22:49:07.854405+00:00;P2;32.25
4853;pms5003;3628;6.559;3.386;2026-02-26T22:49:07.854405+00:00;P1;45.00
4853;pms5003;3628;6.559;3.386;2026-02-26T22:49:07.854405+00:00;P0;20.75
4854;DHT22;3628;6.559;3.386;2026-02-26T22:49:25.266665+00:00;humidity;83.70
4854;DHT22;3628;6.559;3.386;2026-02-26T22:49:25.266665+00:00;temperature;31.80
4853;pms5003;3628;6.559;3.386;2026-02-26T22:55:40.050337+00:00;P2;30.00
4853;pms5003;3628;6.559;3.386;2026-02-26T22:55:40.050337+00:00;P1;33.33
4853;pms5003;3628;6.559;3.386;2026-02-26T22:55:40.050337+00:00;P0;20.00
4853;pms5003;3628;6.559;3.386;2026-02-26T23:00:07.449106+00:00;P2;30.50
4853;pms5003;3628;6.559;3.386;2026-02-26T23:00:07.449106+00:00;P1;38.00
4853;pms5003;3628;6.559;3.386;2026-02-26T23:00:07.449106+00:00;P0;19.00
4854;DHT22;3628;6.559;3.386;2026-02-26T23:00:24.916112+00:00;humidity;84.20
4854;DHT22;3628;6.559;3.386;2026-02-26T23:00:24.916112+00:00;temperature;31.80
4853;pms5003;3628;6.559;3.386;2026-02-26T23:06:58.254157+00:00;P2;36.00
4853;pms5003;3628;6.559;3.386;2026-02-26T23:06:58.254157+00:00;P1;53.00
4853;pms5003;3628;6.559;3.386;2026-02-26T23:06:58.254157+00:00;P0;23.25
4853;pms5003;3628;6.559;3.386;2026-02-26T23:11:05.944365+00:00;P2;30.80
4853;pms5003;3628;6.559;3.386;2026-02-26T23:11:05.944365+00:00;P1;36.40
4853;pms5003;3628;6.559;3.386;2026-02-26T23:11:05.944365+00:00;P0;22.00
4854;DHT22;3628;6.559;3.386;2026-02-26T23:11:23.361451+00:00;humidity;84.40
4854;DHT22;3628;6.559;3.386;2026-02-26T23:11:23.361451+00:00;temperature;31.70
4853;pms5003;3628;6.559;3.386;2026-02-26T23:16:40.607725+00:00;P2;32.00
4853;pms5003;3628;6.559;3.386;2026-02-26T23:16:40.607725+00:00;P1;37.33
4853;pms5003;3628;6.559;3.386;2026-02-26T23:16:40.607725+00:00;P0;20.00
4854;DHT22;3628;6.559;3.386;2026-02-26T23:16:57.962456+00:00;humidity;84.30
4854;DHT22;3628;6.559;3.386;2026-02-26T23:16:57.962456+00:00;temperature;31.80
4853;pms5003;3628;6.559;3.386;2026-02-26T23:22:15.207980+00:00;P2;32.00
4853;pms5003;3628;6.559;3.386;2026-02-26T23:22:15.207980+00:00;P1;50.00
4853;pms5003;3628;6.559;3.386;2026-02-26T23:22:15.207980+00:00;P0;19.50
4854;DHT22;3628;6.559;3.386;2026-02-26T23:22:32.538543+00:00;humidity;84.40
4854;DHT22;3628;6.559;3.386;2026-02-26T23:22:32.538543+00:00;temperature;31.60
4853;pms5003;3628;6.559;3.386;2026-02-26T23:27:49.907498+00:00;P2;32.20
4853;pms5003;3628;6.559;3.386;2026-02-26T23:27:49.907498+00:00;P1;50.20
4853;pms5003;3628;6.559;3.386;2026-02-26T23:27:49.907498+00:00;P0;20.00
4853;pms5003;3628;6.559;3.386;2026-02-26T23:33:13.918167+00:00;P2;31.20
4853;pms5003;3628;6.559;3.386;2026-02-26T23:33:13.918167+00:00;P1;47.40
4853;pms5003;3628;6.559;3.386;2026-02-26T23:33:13.918167+00:00;P0;20.00
4854;DHT22;3628;6.559;3.386;2026-02-26T23:33:31.243722+00:00;humidity;83.90
4854;DHT22;3628;6.559;3.386;2026-02-26T23:33:31.243722+00:00;temperature;31.70
4854;DHT22;3628;6.559;3.386;2026-02-26T23:38:55.047121+00:00;humidity;83.10
4854;DHT22;3628;6.559;3.386;2026-02-26T23:38:55.047121+00:00;temperature;31.70
4854;DHT22;3628;6.559;3.386;2026-02-26T23:44:19.073190+00:00;humidity;82.90
4854;DHT22;3628;6.559;3.386;2026-02-26T23:44:19.073190+00:00;temperature;31.60
4853;pms5003;3628;6.559;3.386;2026-02-26T23:49:39.080585+00:00;P2;31.00
4853;pms5003;3628;6.559;3.386;2026-02-26T23:49:39.080585+00:00;P1;45.00
4853;pms5003;3628;6.559;3.386;2026-02-26T23:49:39.080585+00:00;P0;20.00
4854;DHT22;3628;6.559;3.386;2026-02-26T23:49:54.041259+00:00;humidity;82.50
4854;DHT22;3628;6.559;3.386;2026-02-26T23:49:54.041259+00:00;temperature;31.70
4854;DHT22;3628;6.559;3.386;2026-02-26T23:55:17.765041+00:00;humidity;82.50
4854;DHT22;3628;6.559;3.386;2026-02-26T23:55:17.765041+00:00;temperature;31.80
4853;pms5003;3628;6.559;3.386;2026-02-27T00:05:59.069198+00:00;P2;32.00
4853;pms5003;3628;6.559;3.386;2026-02-27T00:05:59.069198+00:00;P1;45.25
4853;pms5003;3628;6.559;3.386;2026-02-27T00:05:59.069198+00:00;P0;20.25
4854;DHT22;3628;6.559;3.386;2026-02-27T00:06:16.377434+00:00;humidity;83.20
4854;DHT22;3628;6.559;3.386;2026-02-27T00:06:16.377434+00:00;temperature;31.70
4853;pms5003;3628;6.559;3.386;2026-02-27T00:11:33.636937+00:00;P2;27.75
4853;pms5003;3628;6.559;3.386;2026-02-27T00:11:33.636937+00:00;P1;38.00
4853;pms5003;3628;6.559;3.386;2026-02-27T00:11:33.636937+00:00;P0;19.00
4854;DHT22;3628;6.559;3.386;2026-02-27T00:11:51.198614+00:00;humidity;83.50
4854;DHT22;3628;6.559;3.386;2026-02-27T00:11:51.198614+00:00;temperature;31.60
4853;pms5003;3628;6.559;3.386;2026-02-27T00:17:08.538949+00:00;P2;27.50
4853;pms5003;3628;6.559;3.386;2026-02-27T00:17:08.538949+00:00;P1;33.50
4853;pms5003;3628;6.559;3.386;2026-02-27T00:17:08.538949+00:00;P0;18.00
4854;DHT22;3628;6.559;3.386;2026-02-27T00:22:49.846974+00:00;humidity;83.10
4854;DHT22;3628;6.559;3.386;2026-02-27T00:22:49.846974+00:00;temperature;31.60
4853;pms5003;3628;6.559;3.386;2026-02-27T00:28:07.065314+00:00;P2;30.00
4853;pms5003;3628;6.559;3.386;2026-02-27T00:28:07.065314+00:00;P1;46.25
4853;pms5003;3628;6.559;3.386;2026-02-27T00:28:07.065314+00:00;P0;18.25
4854;DHT22;3628;6.559;3.386;2026-02-27T00:28:24.433046+00:00;humidity;83.30
4854;DHT22;3628;6.559;3.386;2026-02-27T00:28:24.433046+00:00;temperature;31.60
4853;pms5003;3628;6.559;3.386;2026-02-27T00:34:14.597029+00:00;P2;29.50
4853;pms5003;3628;6.559;3.386;2026-02-27T00:34:14.597029+00:00;P1;38.00
4853;pms5003;3628;6.559;3.386;2026-02-27T00:34:14.597029+00:00;P0;19.50
4853;pms5003;3628;6.559;3.386;2026-02-27T00:42:06.222150+00:00;P2;36.50
4853;pms5003;3628;6.559;3.386;2026-02-27T00:42:06.222150+00:00;P1;49.25
4853;pms5003;3628;6.559;3.386;2026-02-27T00:42:06.222150+00:00;P0;22.75
4853;pms5003;3628;6.559;3.386;2026-02-27T00:44:57.684348+00:00;P2;41.75
4853;pms5003;3628;6.559;3.386;2026-02-27T00:44:57.684348+00:00;P1;57.00
4853;pms5003;3628;6.559;3.386;2026-02-27T00:44:57.684348+00:00;P0;26.00
4854;DHT22;3628;6.559;3.386;2026-02-27T06:06:30.080599+00:00;humidity;88.00
4854;DHT22;3628;6.559;3.386;2026-02-27T06:06:30.080599+00:00;temperature;30.80
4853;pms5003;3628;6.559;3.386;2026-02-27T10:18:08.355633+00:00;P2;32.00
4853;pms5003;3628;6.559;3.386;2026-02-27T10:18:08.355633+00:00;P1;36.00
4853;pms5003;3628;6.559;3.386;2026-02-27T10:18:08.355633+00:00;P0;22.00
4853;pms5003;3628;6.559;3.386;2026-02-27T10:18:25.919585+00:00;humidity;72.20
4853;pms5003;3628;6.559;3.386;2026-02-27T10:18:25.919585+00:00;temperature;35.00
4853;pms5003;3628;6.559;3.386;2026-02-27T10:23:43.089659+00:00;P2;35.20
4853;pms5003;3628;6.559;3.386;2026-02-27T10:23:43.089659+00:00;P1;53.80
4853;pms5003;3628;6.559;3.386;2026-02-27T10:23:43.089659+00:00;P0;23.00
4854;DHT22;3628;6.559;3.386;2026-02-27T10:24:00.445121+00:00;humidity;67.80
4854;DHT22;3628;6.559;3.386;2026-02-27T10:24:00.445121+00:00;temperature;36.90
4853;pms5003;3628;6.559;3.386;2026-02-27T10:29:17.673226+00:00;P2;35.00
4853;pms5003;3628;6.559;3.386;2026-02-27T10:29:17.673226+00:00;P1;54.25
4853;pms5003;3628;6.559;3.386;2026-02-27T10:29:17.673226+00:00;P0;24.00
4854;DHT22;3628;6.559;3.386;2026-02-27T10:29:35.027961+00:00;humidity;66.00
4854;DHT22;3628;6.559;3.386;2026-02-27T10:29:35.027961+00:00;temperature;37.50
4853;pms5003;3628;6.559;3.386;2026-02-27T10:34:52.324089+00:00;P2;31.20
4853;pms5003;3628;6.559;3.386;2026-02-27T10:34:52.324089+00:00;P1;49.40
4853;pms5003;3628;6.559;3.386;2026-02-27T10:34:52.324089+00:00;P0;21.80
4853;pms5003;3628;6.559;3.386;2026-02-27T10:40:19.126232+00:00;P2;34.25
4853;pms5003;3628;6.559;3.386;2026-02-27T10:40:19.126232+00:00;P1;45.00
4853;pms5003;3628;6.559;3.386;2026-02-27T10:40:19.126232+00:00;P0;23.00
4854;DHT22;3628;6.559;3.386;2026-02-27T10:45:52.713650+00:00;humidity;63.70
4854;DHT22;3628;6.559;3.386;2026-02-27T10:45:52.713650+00:00;temperature;38.30
4854;DHT22;3628;6.559;3.386;2026-02-27T10:51:27.399140+00:00;humidity;62.10
4854;DHT22;3628;6.559;3.386;2026-02-27T10:51:27.399140+00:00;temperature;38.90
4853;pms5003;3628;6.559;3.386;2026-02-27T10:56:44.674545+00:00;P2;36.00
4853;pms5003;3628;6.559;3.386;2026-02-27T10:56:44.674545+00:00;P1;45.75
4853;pms5003;3628;6.559;3.386;2026-02-27T10:56:44.674545+00:00;P0;23.00
4854;DHT22;3628;6.559;3.386;2026-02-27T10:57:02.036007+00:00;humidity;60.90
4854;DHT22;3628;6.559;3.386;2026-02-27T10:57:02.036007+00:00;temperature;39.40
4853;pms5003;3628;6.559;3.386;2026-02-27T11:07:45.821831+00:00;P2;35.60
4853;pms5003;3628;6.559;3.386;2026-02-27T11:07:45.821831+00:00;P1;45.40
4853;pms5003;3628;6.559;3.386;2026-02-27T11:07:45.821831+00:00;P0;23.20
4853;pms5003;3628;6.559;3.386;2026-02-27T11:26:39.557047+00:00;P2;36.00
4853;pms5003;3628;6.559;3.386;2026-02-27T11:26:39.557047+00:00;P1;52.50
4853;pms5003;3628;6.559;3.386;2026-02-27T11:26:39.557047+00:00;P0;24.00
4853;pms5003;3628;6.559;3.386;2026-02-27T11:32:34.937068+00:00;P2;38.00
4853;pms5003;3628;6.559;3.386;2026-02-27T11:32:34.937068+00:00;P1;54.00
4853;pms5003;3628;6.559;3.386;2026-02-27T11:32:34.937068+00:00;P0;25.00
4853;pms5003;3628;6.559;3.386;2026-02-27T11:37:58.785033+00:00;P2;39.25
4853;pms5003;3628;6.559;3.386;2026-02-27T11:37:58.785033+00:00;P1;54.00
4853;pms5003;3628;6.559;3.386;2026-02-27T11:37:58.785033+00:00;P0;26.00
4853;pms5003;3628;6.559;3.386;2026-02-27T11:43:25.471870+00:00;P2;38.00
4853;pms5003;3628;6.559;3.386;2026-02-27T11:43:25.471870+00:00;P1;55.50
4853;pms5003;3628;6.559;3.386;2026-02-27T11:43:25.471870+00:00;P0;23.50
4854;DHT22;3628;6.559;3.386;2026-02-27T11:43:42.841553+00:00;humidity;64.50
4854;DHT22;3628;6.559;3.386;2026-02-27T11:43:42.841553+00:00;temperature;37.30
4853;pms5003;3628;6.559;3.386;2026-02-27T11:49:02.976956+00:00;P2;38.40
4853;pms5003;3628;6.559;3.386;2026-02-27T11:49:02.976956+00:00;P1;53.20
4853;pms5003;3628;6.559;3.386;2026-02-27T11:49:02.976956+00:00;P0;25.40
4854;DHT22;3628;6.559;3.386;2026-02-27T11:49:20.364153+00:00;humidity;62.30
4854;DHT22;3628;6.559;3.386;2026-02-27T11:49:20.364153+00:00;temperature;38.20
4853;pms5003;3628;6.559;3.386;2026-02-27T11:54:37.522790+00:00;P2;36.00
4853;pms5003;3628;6.559;3.386;2026-02-27T11:54:37.522790+00:00;P1;46.00
4853;pms5003;3628;6.559;3.386;2026-02-27T11:54:37.522790+00:00;P0;25.00
4854;DHT22;3628;6.559;3.386;2026-02-27T11:54:54.886670+00:00;humidity;60.50
4854;DHT22;3628;6.559;3.386;2026-02-27T11:54:54.886670+00:00;temperature;38.60
4853;pms5003;3628;6.559;3.386;2026-02-27T12:00:12.074621+00:00;P2;33.00
4853;pms5003;3628;6.559;3.386;2026-02-27T12:00:12.074621+00:00;P1;53.00
4853;pms5003;3628;6.559;3.386;2026-02-27T12:00:12.074621+00:00;P0;22.00
4854;DHT22;3628;6.559;3.386;2026-02-27T12:00:29.427724+00:00;humidity;59.00
4854;DHT22;3628;6.559;3.386;2026-02-27T12:00:29.427724+00:00;temperature;39.40
4853;pms5003;3628;6.559;3.386;2026-02-27T12:16:15.860114+00:00;P2;34.80
4853;pms5003;3628;6.559;3.386;2026-02-27T12:16:15.860114+00:00;P1;41.20
4853;pms5003;3628;6.559;3.386;2026-02-27T12:16:15.860114+00:00;P0;23.80
4854;DHT22;3628;6.559;3.386;2026-02-27T12:16:33.228407+00:00;humidity;60.10
4854;DHT22;3628;6.559;3.386;2026-02-27T12:16:33.228407+00:00;temperature;38.70
4854;DHT22;3628;6.559;3.386;2026-02-27T12:22:07.842749+00:00;humidity;59.40
4854;DHT22;3628;6.559;3.386;2026-02-27T12:22:07.842749+00:00;temperature;39.40
4854;DHT22;3628;6.559;3.386;2026-02-27T12:33:06.357895+00:00;humidity;60.90
4854;DHT22;3628;6.559;3.386;2026-02-27T12:33:06.357895+00:00;temperature;38.80
4853;pms5003;3628;6.559;3.386;2026-02-27T12:38:23.584367+00:00;P2;35.50
4853;pms5003;3628;6.559;3.386;2026-02-27T12:38:23.584367+00:00;P1;49.50
4853;pms5003;3628;6.559;3.386;2026-02-27T12:38:23.584367+00:00;P0;24.00
4854;DHT22;3628;6.559;3.386;2026-02-27T12:38:40.930761+00:00;humidity;60.20
4854;DHT22;3628;6.559;3.386;2026-02-27T12:38:40.930761+00:00;temperature;39.10
4853;pms5003;3628;6.559;3.386;2026-02-27T12:43:58.110402+00:00;P2;32.00
4853;pms5003;3628;6.559;3.386;2026-02-27T12:43:58.110402+00:00;P1;45.00
4853;pms5003;3628;6.559;3.386;2026-02-27T12:43:58.110402+00:00;P0;22.25
4853;pms5003;3628;6.559;3.386;2026-02-27T12:49:32.659270+00:00;P2;39.25
4853;pms5003;3628;6.559;3.386;2026-02-27T12:49:32.659270+00:00;P1;56.00
4853;pms5003;3628;6.559;3.386;2026-02-27T12:49:32.659270+00:00;P0;27.25
4854;DHT22;3628;6.559;3.386;2026-02-27T12:49:50.027318+00:00;humidity;58.40
4854;DHT22;3628;6.559;3.386;2026-02-27T12:49:50.027318+00:00;temperature;39.30
4853;pms5003;3628;6.559;3.386;2026-02-27T12:55:07.204711+00:00;P2;33.50
4853;pms5003;3628;6.559;3.386;2026-02-27T12:55:07.204711+00:00;P1;46.75
4853;pms5003;3628;6.559;3.386;2026-02-27T12:55:07.204711+00:00;P0;22.00
4853;pms5003;3628;6.559;3.386;2026-02-27T13:00:41.800063+00:00;P2;34.75
4853;pms5003;3628;6.559;3.386;2026-02-27T13:00:41.800063+00:00;P1;52.25
4853;pms5003;3628;6.559;3.386;2026-02-27T13:00:41.800063+00:00;P0;23.00
4854;DHT22;3628;6.559;3.386;2026-02-27T13:22:14.159726+00:00;humidity;65.00
4854;DHT22;3628;6.559;3.386;2026-02-27T13:22:14.159726+00:00;temperature;37.00
4854;DHT22;3628;6.559;3.386;2026-02-27T13:27:38.394241+00:00;humidity;64.50
4854;DHT22;3628;6.559;3.386;2026-02-27T13:27:38.394241+00:00;temperature;37.20
4854;DHT22;3628;6.559;3.386;2026-02-27T13:38:16.499572+00:00;humidity;63.00
4854;DHT22;3628;6.559;3.386;2026-02-27T13:38:16.499572+00:00;temperature;37.70
4854;DHT22;3628;6.559;3.386;2026-02-27T13:49:04.603433+00:00;humidity;62.60
4854;DHT22;3628;6.559;3.386;2026-02-27T13:49:04.603433+00:00;temperature;37.80
4854;DHT22;3628;6.559;3.386;2026-02-27T13:54:28.610979+00:00;humidity;62.70
4854;DHT22;3628;6.559;3.386;2026-02-27T13:54:28.610979+00:00;temperature;37.70
4853;pms5003;3628;6.559;3.386;2026-02-27T13:59:45.817482+00:00;P2;30.50
4853;pms5003;3628;6.559;3.386;2026-02-27T13:59:45.817482+00:00;P1;48.75
4853;pms5003;3628;6.559;3.386;2026-02-27T13:59:45.817482+00:00;P0;18.75
4854;DHT22;3628;6.559;3.386;2026-02-27T14:05:17.259547+00:00;humidity;62.50
4854;DHT22;3628;6.559;3.386;2026-02-27T14:05:17.259547+00:00;temperature;37.90
4853;pms5003;3628;6.559;3.386;2026-02-27T14:10:35.225350+00:00;P2;32.00
4853;pms5003;3628;6.559;3.386;2026-02-27T14:10:35.225350+00:00;P1;43.50
4853;pms5003;3628;6.559;3.386;2026-02-27T14:10:35.225350+00:00;P0;21.75
4854;DHT22;3628;6.559;3.386;2026-02-27T14:10:52.693130+00:00;humidity;61.50
4854;DHT22;3628;6.559;3.386;2026-02-27T14:10:52.693130+00:00;temperature;38.20
4853;pms5003;3628;6.559;3.386;2026-02-27T14:16:10.747925+00:00;P2;29.00
4853;pms5003;3628;6.559;3.386;2026-02-27T14:16:10.747925+00:00;P1;44.20
4853;pms5003;3628;6.559;3.386;2026-02-27T14:16:10.747925+00:00;P0;19.60
4854;DHT22;3628;6.559;3.386;2026-02-27T14:16:28.424492+00:00;humidity;61.80
4854;DHT22;3628;6.559;3.386;2026-02-27T14:16:28.424492+00:00;temperature;38.20
4853;pms5003;3628;6.559;3.386;2026-02-27T14:21:45.610012+00:00;P2;30.00
4853;pms5003;3628;6.559;3.386;2026-02-27T14:21:45.610012+00:00;P1;46.25
4853;pms5003;3628;6.559;3.386;2026-02-27T14:21:45.610012+00:00;P0;20.00
4854;DHT22;3628;6.559;3.386;2026-02-27T14:22:03.104173+00:00;humidity;61.30
4854;DHT22;3628;6.559;3.386;2026-02-27T14:22:03.104173+00:00;temperature;38.30
4853;pms5003;3628;6.559;3.386;2026-02-27T14:27:20.264877+00:00;P2;32.00
4853;pms5003;3628;6.559;3.386;2026-02-27T14:27:20.264877+00:00;P1;46.25
4853;pms5003;3628;6.559;3.386;2026-02-27T14:27:20.264877+00:00;P0;23.00
4854;DHT22;3628;6.559;3.386;2026-02-27T14:27:37.636027+00:00;humidity;60.60
4854;DHT22;3628;6.559;3.386;2026-02-27T14:27:37.636027+00:00;temperature;38.50
4854;DHT22;3628;6.559;3.386;2026-02-27T14:33:01.514090+00:00;humidity;60.60
4854;DHT22;3628;6.559;3.386;2026-02-27T14:33:01.514090+00:00;temperature;38.40
4854;DHT22;3628;6.559;3.386;2026-02-27T14:38:25.303388+00:00;humidity;59.90
4854;DHT22;3628;6.559;3.386;2026-02-27T14:38:25.303388+00:00;temperature;38.70
4854;DHT22;3628;6.559;3.386;2026-02-27T14:43:49.097687+00:00;humidity;60.70
4854;DHT22;3628;6.559;3.386;2026-02-27T14:43:49.097687+00:00;temperature;38.50
4854;DHT22;3628;6.559;3.386;2026-02-27T14:49:15.773295+00:00;humidity;61.00
4854;DHT22;3628;6.559;3.386;2026-02-27T14:49:15.773295+00:00;temperature;38.00
4853;pms5003;3628;6.559;3.386;2026-02-27T14:54:32.972820+00:00;P2;31.33
4853;pms5003;3628;6.559;3.386;2026-02-27T14:54:32.972820+00:00;P1;41.33
4853;pms5003;3628;6.559;3.386;2026-02-27T14:54:32.972820+00:00;P0;21.67
4854;DHT22;3628;6.559;3.386;2026-02-27T14:54:50.322549+00:00;humidity;60.00
4854;DHT22;3628;6.559;3.386;2026-02-27T14:54:50.322549+00:00;temperature;38.30
4853;pms5003;3628;6.559;3.386;2026-02-27T15:00:07.525982+00:00;P2;27.00
4853;pms5003;3628;6.559;3.386;2026-02-27T15:00:07.525982+00:00;P1;34.25
4853;pms5003;3628;6.559;3.386;2026-02-27T15:00:07.525982+00:00;P0;18.00
4854;DHT22;3628;6.559;3.386;2026-02-27T15:00:24.880004+00:00;humidity;60.20
4854;DHT22;3628;6.559;3.386;2026-02-27T15:00:24.880004+00:00;temperature;38.10
4853;pms5003;3628;6.559;3.386;2026-02-27T15:05:42.201373+00:00;P2;29.25
4853;pms5003;3628;6.559;3.386;2026-02-27T15:05:42.201373+00:00;P1;45.00
4853;pms5003;3628;6.559;3.386;2026-02-27T15:05:42.201373+00:00;P0;19.25
4854;DHT22;3628;6.559;3.386;2026-02-27T15:05:59.546831+00:00;humidity;60.10
4854;DHT22;3628;6.559;3.386;2026-02-27T15:05:59.546831+00:00;temperature;38.20
4853;pms5003;3628;6.559;3.386;2026-02-27T15:11:16.729888+00:00;P2;31.00
4853;pms5003;3628;6.559;3.386;2026-02-27T15:11:16.729888+00:00;P1;46.25
4853;pms5003;3628;6.559;3.386;2026-02-27T15:11:16.729888+00:00;P0;21.00
4854;DHT22;3628;6.559;3.386;2026-02-27T15:11:34.159269+00:00;humidity;59.80
4854;DHT22;3628;6.559;3.386;2026-02-27T15:11:34.159269+00:00;temperature;38.60
4854;DHT22;3628;6.559;3.386;2026-02-27T15:16:57.921026+00:00;humidity;60.20
4854;DHT22;3628;6.559;3.386;2026-02-27T15:16:57.921026+00:00;temperature;38.00
4853;pms5003;3628;6.559;3.386;2026-02-27T15:22:15.136092+00:00;P2;34.60
4853;pms5003;3628;6.559;3.386;2026-02-27T15:22:15.136092+00:00;P1;48.60
4853;pms5003;3628;6.559;3.386;2026-02-27T15:22:15.136092+00:00;P0;21.60
4854;DHT22;3628;6.559;3.386;2026-02-27T15:22:32.502296+00:00;humidity;59.80
4854;DHT22;3628;6.559;3.386;2026-02-27T15:22:32.502296+00:00;temperature;38.20
4853;pms5003;3628;6.559;3.386;2026-02-27T15:27:49.733348+00:00;P2;30.00
4853;pms5003;3628;6.559;3.386;2026-02-27T15:27:49.733348+00:00;P1;39.00
4853;pms5003;3628;6.559;3.386;2026-02-27T15:27:49.733348+00:00;P0;21.50
4854;DHT22;3628;6.559;3.386;2026-02-27T15:28:07.101135+00:00;humidity;61.90
4854;DHT22;3628;6.559;3.386;2026-02-27T15:28:07.101135+00:00;temperature;37.40
4853;pms5003;3628;6.559;3.386;2026-02-27T15:33:24.361414+00:00;P2;31.00
4853;pms5003;3628;6.559;3.386;2026-02-27T15:33:24.361414+00:00;P1;49.00
4853;pms5003;3628;6.559;3.386;2026-02-27T15:33:24.361414+00:00;P0;22.00
4854;DHT22;3628;6.559;3.386;2026-02-27T15:33:41.724170+00:00;humidity;62.20
4854;DHT22;3628;6.559;3.386;2026-02-27T15:33:41.724170+00:00;temperature;37.10
4853;pms5003;3628;6.559;3.386;2026-02-27T15:38:58.889098+00:00;P2;30.75
4853;pms5003;3628;6.559;3.386;2026-02-27T15:38:58.889098+00:00;P1;44.00
4853;pms5003;3628;6.559;3.386;2026-02-27T15:38:58.889098+00:00;P0;19.25
4854;DHT22;3628;6.559;3.386;2026-02-27T15:39:16.268314+00:00;humidity;62.10
4854;DHT22;3628;6.559;3.386;2026-02-27T15:39:16.268314+00:00;temperature;37.40
4853;pms5003;3628;6.559;3.386;2026-02-27T15:44:33.485244+00:00;P2;30.00
4853;pms5003;3628;6.559;3.386;2026-02-27T15:44:33.485244+00:00;P1;47.00
4853;pms5003;3628;6.559;3.386;2026-02-27T15:44:33.485244+00:00;P0;20.00
4854;DHT22;3628;6.559;3.386;2026-02-27T15:44:50.957871+00:00;humidity;61.90
4854;DHT22;3628;6.559;3.386;2026-02-27T15:44:50.957871+00:00;temperature;37.50
4853;pms5003;3628;6.559;3.386;2026-02-27T15:50:08.161195+00:00;P2;30.00
4853;pms5003;3628;6.559;3.386;2026-02-27T15:50:08.161195+00:00;P1;42.00
4853;pms5003;3628;6.559;3.386;2026-02-27T15:50:08.161195+00:00;P0;19.75
4854;DHT22;3628;6.559;3.386;2026-02-27T15:50:25.509408+00:00;humidity;63.10
4854;DHT22;3628;6.559;3.386;2026-02-27T15:50:25.509408+00:00;temperature;37.00
4853;pms5003;3628;6.559;3.386;2026-02-27T15:55:42.767570+00:00;P2;30.00
4853;pms5003;3628;6.559;3.386;2026-02-27T15:55:42.767570+00:00;P1;43.50
4853;pms5003;3628;6.559;3.386;2026-02-27T15:55:42.767570+00:00;P0;20.00
4854;DHT22;3628;6.559;3.386;2026-02-27T16:11:54.262851+00:00;humidity;64.20
4854;DHT22;3628;6.559;3.386;2026-02-27T16:11:54.262851+00:00;temperature;36.50
4853;pms5003;3628;6.559;3.386;2026-02-27T16:22:24.777691+00:00;P2;30.40
4853;pms5003;3628;6.559;3.386;2026-02-27T16:22:24.777691+00:00;P1;47.80
4853;pms5003;3628;6.559;3.386;2026-02-27T16:22:24.777691+00:00;P0;20.80
4854;DHT22;3628;6.559;3.386;2026-02-27T16:22:42.120166+00:00;humidity;65.90
4854;DHT22;3628;6.559;3.386;2026-02-27T16:22:42.120166+00:00;temperature;35.90
4854;DHT22;3628;6.559;3.386;2026-02-27T16:28:05.883770+00:00;humidity;67.20
4854;DHT22;3628;6.559;3.386;2026-02-27T16:28:05.883770+00:00;temperature;35.70
4853;pms5003;3628;6.559;3.386;2026-02-27T16:33:25.994290+00:00;P2;30.00
4853;pms5003;3628;6.559;3.386;2026-02-27T16:33:25.994290+00:00;P1;36.00
4853;pms5003;3628;6.559;3.386;2026-02-27T16:33:25.994290+00:00;P0;20.75
4854;DHT22;3628;6.559;3.386;2026-02-27T16:38:56.755795+00:00;humidity;67.90
4854;DHT22;3628;6.559;3.386;2026-02-27T16:38:56.755795+00:00;temperature;35.50
4853;pms5003;3628;6.559;3.386;2026-02-27T16:44:13.898187+00:00;P2;31.50
4853;pms5003;3628;6.559;3.386;2026-02-27T16:44:13.898187+00:00;P1;46.00
4853;pms5003;3628;6.559;3.386;2026-02-27T16:44:13.898187+00:00;P0;22.00
4854;DHT22;3628;6.559;3.386;2026-02-27T16:44:31.345368+00:00;humidity;68.50
4854;DHT22;3628;6.559;3.386;2026-02-27T16:44:31.345368+00:00;temperature;35.10
4854;DHT22;3628;6.559;3.386;2026-02-27T16:50:05.926961+00:00;humidity;69.90
4854;DHT22;3628;6.559;3.386;2026-02-27T16:50:05.926961+00:00;temperature;34.60
4853;pms5003;3628;6.559;3.386;2026-02-27T16:55:23.121355+00:00;P2;32.00
4853;pms5003;3628;6.559;3.386;2026-02-27T16:55:23.121355+00:00;P1;51.00
4853;pms5003;3628;6.559;3.386;2026-02-27T16:55:23.121355+00:00;P0;22.00
4854;DHT22;3628;6.559;3.386;2026-02-27T16:55:40.513901+00:00;humidity;69.20
4854;DHT22;3628;6.559;3.386;2026-02-27T16:55:40.513901+00:00;temperature;34.20
4853;pms5003;3628;6.559;3.386;2026-02-27T17:00:57.746732+00:00;P2;32.25
4853;pms5003;3628;6.559;3.386;2026-02-27T17:00:57.746732+00:00;P1;38.25
4853;pms5003;3628;6.559;3.386;2026-02-27T17:00:57.746732+00:00;P0;21.25
4854;DHT22;3628;6.559;3.386;2026-02-27T17:01:15.132525+00:00;humidity;71.00
4854;DHT22;3628;6.559;3.386;2026-02-27T17:01:15.132525+00:00;temperature;33.90
4854;DHT22;3628;6.559;3.386;2026-02-27T17:06:38.802673+00:00;humidity;71.80
4854;DHT22;3628;6.559;3.386;2026-02-27T17:06:38.802673+00:00;temperature;33.80
4854;DHT22;3628;6.559;3.386;2026-02-27T17:12:02.574207+00:00;humidity;72.90
4854;DHT22;3628;6.559;3.386;2026-02-27T17:12:02.574207+00:00;temperature;33.60
4853;pms5003;3628;6.559;3.386;2026-02-27T17:17:19.752098+00:00;P2;35.50
4853;pms5003;3628;6.559;3.386;2026-02-27T17:17:19.752098+00:00;P1;51.00
4853;pms5003;3628;6.559;3.386;2026-02-27T17:17:19.752098+00:00;P0;23.50
4853;pms5003;3628;6.559;3.386;2026-02-27T17:28:10.651198+00:00;P2;41.50
4853;pms5003;3628;6.559;3.386;2026-02-27T17:28:10.651198+00:00;P1;51.50
4853;pms5003;3628;6.559;3.386;2026-02-27T17:28:10.651198+00:00;P0;28.00
4854;DHT22;3628;6.559;3.386;2026-02-27T17:28:28.071845+00:00;humidity;72.70
4854;DHT22;3628;6.559;3.386;2026-02-27T17:28:28.071845+00:00;temperature;33.30
4853;pms5003;3628;6.559;3.386;2026-02-27T17:38:58.738944+00:00;P2;32.40
4853;pms5003;3628;6.559;3.386;2026-02-27T17:38:58.738944+00:00;P1;46.40
4853;pms5003;3628;6.559;3.386;2026-02-27T17:38:58.738944+00:00;P0;22.00
4853;pms5003;3628;6.559;3.386;2026-02-27T17:44:22.641094+00:00;P2;32.00
4853;pms5003;3628;6.559;3.386;2026-02-27T17:44:22.641094+00:00;P1;44.50
4853;pms5003;3628;6.559;3.386;2026-02-27T17:44:22.641094+00:00;P0;20.00
4853;pms5003;3628;6.559;3.386;2026-02-27T17:49:46.499017+00:00;P2;38.25
4853;pms5003;3628;6.559;3.386;2026-02-27T17:49:46.499017+00:00;P1;56.00
4853;pms5003;3628;6.559;3.386;2026-02-27T17:49:46.499017+00:00;P0;26.50
4854;DHT22;3628;6.559;3.386;2026-02-27T17:50:03.876873+00:00;humidity;74.80
4854;DHT22;3628;6.559;3.386;2026-02-27T17:50:03.876873+00:00;temperature;33.00
4853;pms5003;3628;6.559;3.386;2026-02-27T17:55:21.058227+00:00;P2;41.00
4853;pms5003;3628;6.559;3.386;2026-02-27T17:55:21.058227+00:00;P1;55.25
4853;pms5003;3628;6.559;3.386;2026-02-27T17:55:21.058227+00:00;P0;28.00
4854;DHT22;3628;6.559;3.386;2026-02-27T17:55:38.446630+00:00;humidity;75.60
4854;DHT22;3628;6.559;3.386;2026-02-27T17:55:38.446630+00:00;temperature;32.90
4853;pms5003;3628;6.559;3.386;2026-02-27T18:00:55.657777+00:00;P2;32.00
4853;pms5003;3628;6.559;3.386;2026-02-27T18:00:55.657777+00:00;P1;34.50
4853;pms5003;3628;6.559;3.386;2026-02-27T18:00:55.657777+00:00;P0;20.00
4853;pms5003;3628;6.559;3.386;2026-02-27T18:06:22.698147+00:00;P2;28.50
4853;pms5003;3628;6.559;3.386;2026-02-27T18:06:22.698147+00:00;P1;44.50
4853;pms5003;3628;6.559;3.386;2026-02-27T18:06:22.698147+00:00;P0;20.00
4854;DHT22;3628;6.559;3.386;2026-02-27T18:06:40.186263+00:00;humidity;76.70
4854;DHT22;3628;6.559;3.386;2026-02-27T18:06:40.186263+00:00;temperature;32.80
4854;DHT22;3628;6.559;3.386;2026-02-27T18:12:04.631077+00:00;humidity;76.70
4854;DHT22;3628;6.559;3.386;2026-02-27T18:12:04.631077+00:00;temperature;32.70
4853;pms5003;3628;6.559;3.386;2026-02-27T18:17:21.916514+00:00;P2;30.00
4853;pms5003;3628;6.559;3.386;2026-02-27T18:17:21.916514+00:00;P1;43.33
4853;pms5003;3628;6.559;3.386;2026-02-27T18:17:21.916514+00:00;P0;20.33
4854;DHT22;3628;6.559;3.386;2026-02-27T18:17:39.233599+00:00;humidity;77.30
4854;DHT22;3628;6.559;3.386;2026-02-27T18:17:39.233599+00:00;temperature;32.60
4853;pms5003;3628;6.559;3.386;2026-02-27T18:23:00.361103+00:00;P2;30.50
4853;pms5003;3628;6.559;3.386;2026-02-27T18:23:00.361103+00:00;P1;45.50
4853;pms5003;3628;6.559;3.386;2026-02-27T18:23:00.361103+00:00;P0;19.75
4854;DHT22;3628;6.559;3.386;2026-02-27T18:23:17.704593+00:00;humidity;76.80
4854;DHT22;3628;6.559;3.386;2026-02-27T18:23:17.704593+00:00;temperature;32.50
4853;pms5003;3628;6.559;3.386;2026-02-27T18:28:34.905270+00:00;P2;33.75
4853;pms5003;3628;6.559;3.386;2026-02-27T18:28:34.905270+00:00;P1;48.25
4853;pms5003;3628;6.559;3.386;2026-02-27T18:28:34.905270+00:00;P0;23.00
4854;DHT22;3628;6.559;3.386;2026-02-27T18:28:52.237664+00:00;humidity;76.60
4854;DHT22;3628;6.559;3.386;2026-02-27T18:28:52.237664+00:00;temperature;32.60
4853;pms5003;3628;6.559;3.386;2026-02-27T18:34:09.473880+00:00;P2;31.50
4853;pms5003;3628;6.559;3.386;2026-02-27T18:34:09.473880+00:00;P1;45.25
4853;pms5003;3628;6.559;3.386;2026-02-27T18:34:09.473880+00:00;P0;21.25
4854;DHT22;3628;6.559;3.386;2026-02-27T18:34:26.912928+00:00;humidity;76.70
4854;DHT22;3628;6.559;3.386;2026-02-27T18:34:26.912928+00:00;temperature;32.50
4853;pms5003;3628;6.559;3.386;2026-02-27T18:39:44.195097+00:00;P2;36.00
4853;pms5003;3628;6.559;3.386;2026-02-27T18:39:44.195097+00:00;P1;49.00
4853;pms5003;3628;6.559;3.386;2026-02-27T18:39:44.195097+00:00;P0;23.00
4854;DHT22;3628;6.559;3.386;2026-02-27T18:40:01.610391+00:00;humidity;77.10
4854;DHT22;3628;6.559;3.386;2026-02-27T18:40:01.610391+00:00;temperature;32.60
4853;pms5003;3628;6.559;3.386;2026-02-27T18:50:53.267966+00:00;P2;27.25
4853;pms5003;3628;6.559;3.386;2026-02-27T18:50:53.267966+00:00;P1;46.75
4853;pms5003;3628;6.559;3.386;2026-02-27T18:50:53.267966+00:00;P0;19.00
4853;pms5003;3628;6.559;3.386;2026-02-27T18:56:28.960933+00:00;P2;33.33
4853;pms5003;3628;6.559;3.386;2026-02-27T18:56:28.960933+00:00;P1;45.67
4853;pms5003;3628;6.559;3.386;2026-02-27T18:56:28.960933+00:00;P0;22.00
4853;pms5003;3628;6.559;3.386;2026-02-27T19:01:53.556951+00:00;P2;31.50
4853;pms5003;3628;6.559;3.386;2026-02-27T19:01:53.556951+00:00;P1;44.50
4853;pms5003;3628;6.559;3.386;2026-02-27T19:01:53.556951+00:00;P0;20.00
4854;DHT22;3628;6.559;3.386;2026-02-27T19:02:10.966682+00:00;humidity;78.70
4854;DHT22;3628;6.559;3.386;2026-02-27T19:02:10.966682+00:00;temperature;32.30
4853;pms5003;3628;6.559;3.386;2026-02-27T19:07:28.503570+00:00;P2;32.75
4853;pms5003;3628;6.559;3.386;2026-02-27T19:07:28.503570+00:00;P1;48.00
4853;pms5003;3628;6.559;3.386;2026-02-27T19:07:28.503570+00:00;P0;22.00
4854;DHT22;3628;6.559;3.386;2026-02-27T19:07:45.851433+00:00;humidity;79.00
4854;DHT22;3628;6.559;3.386;2026-02-27T19:07:45.851433+00:00;temperature;32.20
4853;pms5003;3628;6.559;3.386;2026-02-27T19:23:40.040266+00:00;P2;33.25
4853;pms5003;3628;6.559;3.386;2026-02-27T19:23:40.040266+00:00;P1;48.50
4853;pms5003;3628;6.559;3.386;2026-02-27T19:23:40.040266+00:00;P0;22.25
4853;pms5003;3628;6.559;3.386;2026-02-27T19:29:04.097883+00:00;P2;35.20
4853;pms5003;3628;6.559;3.386;2026-02-27T19:29:04.097883+00:00;P1;52.00
4853;pms5003;3628;6.559;3.386;2026-02-27T19:29:04.097883+00:00;P0;23.20
4854;DHT22;3628;6.559;3.386;2026-02-27T19:34:52.016183+00:00;humidity;79.70
4854;DHT22;3628;6.559;3.386;2026-02-27T19:34:52.016183+00:00;temperature;32.30
4853;pms5003;3628;6.559;3.386;2026-02-27T19:40:43.950112+00:00;P2;39.00
4853;pms5003;3628;6.559;3.386;2026-02-27T19:40:43.950112+00:00;P1;55. 0
4853;pms5003;3628;6.559;3.386;2026-02-27T19:40:43.950112+00:00;P0;26.00
4854;DHT22;3628;6.559;3.386;2026-02-27T19:41:01.353019+00:00;humidity;80.10
4854;DHT22;3628;6.559;3.386;2026-02-27T19:41:01.353019+00:00;temperature;32.30
4853;pms5003;3628;6.559;3.386;2026-02-27T19:46:18.537670+00:00;P2;31.00
4853;pms5003;3628;6.559;3.386;2026-02-27T19:46:18.537670+00:00;P1;43.50
4853;pms5003;3628;6.559;3.386;2026-02-27T19:46:18.537670+00:00;P0;21.00
4854;DHT22;3628;6.559;3.386;2026-02-27T19:46:35.956249+00:00;humidity;80.40
4854;DHT22;3628;6.559;3.386;2026-02-27T19:46:35.956249+00:00;temperature;32.30
4853;pms5003;3628;6.559;3.386;2026-02-27T19:51:53.181971+00:00;P2;31.00
4853;pms5003;3628;6.559;3.386;2026-02-27T19:51:53.181971+00:00;P1;46.00
4853;pms5003;3628;6.559;3.386;2026-02-27T19:51:53.181971+00:00;P0;19.75
4854;DHT22;3628;6.559;3.386;2026-02-27T19:52:10.522353+00:00;humidity;80.50
4854;DHT22;3628;6.559;3.386;2026-02-27T19:52:10.522353+00:00;temperature;32.50
4854;DHT22;3628;6.559;3.386;2026-02-27T19:57:37.258474+00:00;humidity;80.50
4854;DHT22;3628;6.559;3.386;2026-02-27T19:57:37.258474+00:00;temperature;32.30
4854;DHT22;3628;6.559;3.386;2026-02-27T20:03:09.182252+00:00;humidity;81.30
4854;DHT22;3628;6.559;3.386;2026-02-27T20:03:09.182252+00:00;temperature;32.10
4853;pms5003;3628;6.559;3.386;2026-02-27T20:08:26.378279+00:00;P2;31.60
4853;pms5003;3628;6.559;3.386;2026-02-27T20:08:26.378279+00:00;P1;41.20
4853;pms5003;3628;6.559;3.386;2026-02-27T20:08:26.378279+00:00;P0;22.60
4854;DHT22;3628;6.559;3.386;2026-02-27T20:08:43.791013+00:00;humidity;81.00
4854;DHT22;3628;6.559;3.386;2026-02-27T20:08:43.791013+00:00;temperature;32.10
4853;pms5003;3628;6.559;3.386;2026-02-27T20:14:00.976726+00:00;P2;34.75
4853;pms5003;3628;6.559;3.386;2026-02-27T20:14:00.976726+00:00;P1;48.75
4853;pms5003;3628;6.559;3.386;2026-02-27T20:14:00.976726+00:00;P0;22.75
4854;DHT22;3628;6.559;3.386;2026-02-27T20:14:18.371293+00:00;humidity;81.50
4854;DHT22;3628;6.559;3.386;2026-02-27T20:14:18.371293+00:00;temperature;32.10
4854;DHT22;3628;6.559;3.386;2026-02-27T20:19:42.228287+00:00;humidity;81.50
4854;DHT22;3628;6.559;3.386;2026-02-27T20:19:42.228287+00:00;temperature;32.10
4854;DHT22;3628;6.559;3.386;2026-02-27T20:25:06.451703+00:00;humidity;81.30
4854;DHT22;3628;6.559;3.386;2026-02-27T20:25:06.451703+00:00;temperature;32.20
4853;pms5003;3628;6.559;3.386;2026-02-27T20:30:23.652097+00:00;P2;32.00
4853;pms5003;3628;6.559;3.386;2026-02-27T20:30:23.652097+00:00;P1;43.00
4853;pms5003;3628;6.559;3.386;2026-02-27T20:30:23.652097+00:00;P0;22.25
4854;DHT22;3628;6.559;3.386;2026-02-27T20:30:41.016476+00:00;humidity;80.80
4854;DHT22;3628;6.559;3.386;2026-02-27T20:30:41.016476+00:00;temperature;32.20
4853;pms5003;3628;6.559;3.386;2026-02-27T20:35:58.252041+00:00;P2;32.67
4853;pms5003;3628;6.559;3.386;2026-02-27T20:35:58.252041+00:00;P1;47.00
4853;pms5003;3628;6.559;3.386;2026-02-27T20:35:58.252041+00:00;P0;21.00
4854;DHT22;3628;6.559;3.386;2026-02-27T20:36:15.798001+00:00;humidity;80.80
4854;DHT22;3628;6.559;3.386;2026-02-27T20:36:15.798001+00:00;temperature;32.10
4853;pms5003;3628;6.559;3.386;2026-02-27T20:47:07.615840+00:00;P2;32.00
4853;pms5003;3628;6.559;3.386;2026-02-27T20:47:07.615840+00:00;P1;44.60
4853;pms5003;3628;6.559;3.386;2026-02-27T20:47:07.615840+00:00;P0;21.00
4853;pms5003;3628;6.559;3.386;2026-02-27T20:52:41.965818+00:00;P2;30.33
4853;pms5003;3628;6.559;3.386;2026-02-27T20:52:41.965818+00:00;P1;46.0
4853;pms5003;3628;6.559;3.386;2026-02-27T20:52:41.965818+00:00;P0;20.00
4853;pms5003;3628;6.559;3.386;2026-02-27T20:58:16.633719+00:00;P2;32.25
4853;pms5003;3628;6.559;3.386;2026-02-27T20:58:16.633719+00:00;P1;44.75
4853;pms5003;3628;6.559;3.386;2026-02-27T20:58:16.633719+00:00;P0;21.00
4854;DHT22;3628;6.559;3.386;2026-02-27T20:58:33.998526+00:00;humidity;80.50
4854;DHT22;3628;6.559;3.386;2026-02-27T20:58:33.998526+00:00;temperature;32.00
4853;pms5003;3628;6.559;3.386;2026-02-27T21:09:07.185303+00:00;P2;32.00
4853;pms5003;3628;6.559;3.386;2026-02-27T21:09:07.185303+00:00;P1;39.00
4853;pms5003;3628;6.559;3.386;2026-02-27T21:09:07.185303+00:00;P0;21.00
4853;pms5003;3628;6.559;3.386;2026-02-27T21:14:34.091101+00:00;P2;32.50
4853;pms5003;3628;6.559;3.386;2026-02-27T21:14:34.091101+00:00;P1;54.50
4853;pms5003;3628;6.559;3.386;2026-02-27T21:14:34.091101+00:00;P0;20.25
4853;pms5003;3628;6.559;3.386;2026-02-27T21:19:58.172392+00:00;P2;29.50
4853;pms5003;3628;6.559;3.386;2026-02-27T21:19:58.172392+00:00;P1;38.00
4853;pms5003;3628;6.559;3.386;2026-02-27T21:19:58.172392+00:00;P0;19.50
4854;DHT22;3628;6.559;3.386;2026-02-27T21:20:15.569566+00:00;humidity;82.40
4854;DHT22;3628;6.559;3.386;2026-02-27T21:20:15.569566+00:00;temperature;31.90
4853;pms5003;3628;6.559;3.386;2026-02-27T21:25:32.881592+00:00;P2;29.60
4853;pms5003;3628;6.559;3.386;2026-02-27T21:25:32.881592+00:00;P1;38.20
4853;pms5003;3628;6.559;3.386;2026-02-27T21:25:32.881592+00:00;P0;20.00
4853;pms5003;3628;6.559;3.386;2026-02-27T21:41:36.491607+00:00;P2;29.80
4853;pms5003;3628;6.559;3.386;2026-02-27T21:41:36.491607+00:00;P1;47.40
4853;pms5003;3628;6.559;3.386;2026-02-27T21:41:36.491607+00:00;P0;20.00
4854;DHT22;3628;6.559;3.386;2026-02-27T21:41:53.831325+00:00;humidity;82.50
4854;DHT22;3628;6.559;3.386;2026-02-27T21:41:53.831325+00:00;temperature;31.80
4853;pms5003;3628;6.559;3.386;2026-02-27T21:47:11.141156+00:00;P2;32.00
4853;pms5003;3628;6.559;3.386;2026-02-27T21:47:11.141156+00:00;P1;49.00
4853;pms5003;3628;6.559;3.386;2026-02-27T21:47:11.141156+00:00;P0;20.00
4854;DHT22;3628;6.559;3.386;2026-02-27T21:47:28.439986+00:00;humidity;82.30
4854;DHT22;3628;6.559;3.386;2026-02-27T21:47:28.439986+00:00;temperature;31.80
4853;pms5003;3628;6.559;3.386;2026-02-27T21:52:45.637316+00:00;P2;31.00
4853;pms5003;3628;6.559;3.386;2026-02-27T21:52:45.637316+00:00;P1;36.25
4853;pms5003;3628;6.559;3.386;2026-02-27T21:52:45.637316+00:00;P0;22.00
4854;DHT22;3628;6.559;3.386;2026-02-27T21:58:16.672007+00:00;humidity;82.10
4854;DHT22;3628;6.559;3.386;2026-02-27T21:58:16.672007+00:00;temperature;31.80
4853;pms5003;3628;6.559;3.386;2026-02-27T22:03:33.870590+00:00;P2;32.67
4853;pms5003;3628;6.559;3.386;2026-02-27T22:03:33.870590+00:00;P1;46.67
4853;pms5003;3628;6.559;3.386;2026-02-27T22:03:33.870590+00:00;P0;22.33
4853;pms5003;3628;6.559;3.386;2026-02-27T22:08:57.728483+00:00;P2;30.00
4853;pms5003;3628;6.559;3.386;2026-02-27T22:08:57.728483+00:00;P1;48.75
4853;pms5003;3628;6.559;3.386;2026-02-27T22:08:57.728483+00:00;P0;20.00
4854;DHT22;3628;6.559;3.386;2026-02-27T22:09:15.099558+00:00;humidity;81.90
4854;DHT22;3628;6.559;3.386;2026-02-27T22:09:15.099558+00:00;temperature;31.90
4853;pms5003;3628;6.559;3.386;2026-02-27T22:14:32.313484+00:00;P2;29.75
4853;pms5003;3628;6.559;3.386;2026-02-27T22:14:32.313484+00:00;P1;42.25
4853;pms5003;3628;6.559;3.386;2026-02-27T22:14:32.313484+00:00;P0;20.00
4854;DHT22;3628;6.559;3.386;2026-02-27T22:14:49.660661+00:00;humidity;81.90
4854;DHT22;3628;6.559;3.386;2026-02-27T22:14:49.660661+00:00;temperature;31.80
4853;pms5003;3628;6.559;3.386;2026-02-27T22:20:06.858742+00:00;P2;31.00
4853;pms5003;3628;6.559;3.386;2026-02-27T22:20:06.858742+00:00;P1;42.00
4853;pms5003;3628;6.559;3.386;2026-02-27T22:20:06.858742+00:00;P0;20.00
4853;pms5003;3628;6.559;3.386;2026-02-27T22:25:41.438917+00:00;P2;29.75
4853;pms5003;3628;6.559;3.386;2026-02-27T22:25:41.438917+00:00;P1;46.75
4853;pms5003;3628;6.559;3.386;2026-02-27T22:25:41.438917+00:00;P0;20.00
4854;DHT22;3628;6.559;3.386;2026-02-27T22:25:58.936302+00:00;humidity;82.20
4854;DHT22;3628;6.559;3.386;2026-02-27T22:25:58.936302+00:00;temperature;31.70
4853;pms5003;3628;6.559;3.386;2026-02-27T22:36:29.767181+00:00;P2;32.00
4853;pms5003;3628;6.559;3.386;2026-02-27T22:36:29.767181+00:00;P1;47.00
4853;pms5003;3628;6.559;3.386;2026-02-27T22:36:29.767181+00:00;P0;20.00
4854;DHT22;3628;6.559;3.386;2026-02-27T22:36:47.080147+00:00;humidity;82.10
4854;DHT22;3628;6.559;3.386;2026-02-27T22:36:47.080147+00:00;temperature;31.80
4853;pms5003;3628;6.559;3.386;2026-02-27T22:42:04.433500+00:00;P2;27.40
4853;pms5003;3628;6.559;3.386;2026-02-27T22:42:04.433500+00:00;P1;37.00
4853;pms5003;3628;6.559;3.386;2026-02-27T22:42:04.433500+00:00;P0;19.40
4854;DHT22;3628;6.559;3.386;2026-02-27T22:42:21.925203+00:00;humidity;82.30
4854;DHT22;3628;6.559;3.386;2026-02-27T22:42:21.925203+00:00;temperature;31.80
4853;pms5003;3628;6.559;3.386;2026-02-27T22:47:39.073330+00:00;P2;26.00
4853;pms5003;3628;6.559;3.386;2026-02-27T22:47:39.073330+00:00;P1;38.50
4853;pms5003;3628;6.559;3.386;2026-02-27T22:47:39.073330+00:00;P0;18.00
4854;DHT22;3628;6.559;3.386;2026-02-27T22:47:56.466126+00:00;humidity;82.70
4854;DHT22;3628;6.559;3.386;2026-02-27T22:47:56.466126+00:00;temperature;31.70
4853;pms5003;3628;6.559;3.386;2026-02-27T22:53:13.685368+00:00;P2;32.00
4853;pms5003;3628;6.559;3.386;2026-02-27T22:53:13.685368+00:00;P1;49.00
4853;pms5003;3628;6.559;3.386;2026-02-27T22:53:13.685368+00:00;P0;20.00
4854;DHT22;3628;6.559;3.386;2026-02-27T22:53:31.121878+00:00;humidity;82.70
4854;DHT22;3628;6.559;3.386;2026-02-27T22:53:31.121878+00:00;temperature;31.70
4853;pms5003;3628;6.559;3.386;2026-02-27T22:58:48.405445+00:00;P2;32.67
4853;pms5003;3628;6.559;3.386;2026-02-27T22:58:48.405445+00:00;P1;51.00
4853;pms5003;3628;6.559;3.386;2026-02-27T22:58:48.405445+00:00;P0;20.67
4853;pms5003;3628;6.559;3.386;2026-02-27T23:04:15.099107+00:00;P2;29.25
4853;pms5003;3628;6.559;3.386;2026-02-27T23:04:15.099107+00:00;P1;44.25
4853;pms5003;3628;6.559;3.386;2026-02-27T23:04:15.099107+00:00;P0;20.00
4854;DHT22;3628;6.559;3.386;2026-02-27T23:04:32.686900+00:00;humidity;83.10
4854;DHT22;3628;6.559;3.386;2026-02-27T23:04:32.686900+00:00;temperature;31.70
4853;pms5003;3628;6.559;3.386;2026-02-27T23:09:49.605439+00:00;P2;29.25
4853;pms5003;3628;6.559;3.386;2026-02-27T23:09:49.605439+00:00;P1;36.25
4853;pms5003;3628;6.559;3.386;2026-02-27T23:09:49.605439+00:00;P0;19.25
4854;DHT22;3628;6.559;3.386;2026-02-27T23:10:09.941912+00:00;humidity;83.50
4854;DHT22;3628;6.559;3.386;2026-02-27T23:10:09.941912+00:00;temperature;31.60
4853;pms5003;3628;6.559;3.386;2026-02-27T23:15:27.103694+00:00;P2;32.00
4853;pms5003;3628;6.559;3.386;2026-02-27T23:15:27.103694+00:00;P1;46.00
4853;pms5003;3628;6.559;3.386;2026-02-27T23:15:27.103694+00:00;P0;20.00
4854;DHT22;3628;6.559;3.386;2026-02-27T23:15:44.449580+00:00;humidity;83.50
4854;DHT22;3628;6.559;3.386;2026-02-27T23:15:44.449580+00:00;temperature;31.60
4854;DHT22;3628;6.559;3.386;2026-02-27T23:21:18.990553+00:00;humidity;83.50
4854;DHT22;3628;6.559;3.386;2026-02-27T23:21:18.990553+00:00;temperature;31.60
4853;pms5003;3628;6.559;3.386;2026-02-28T05:57:36.390617+00:00;P2;44.50
4853;pms5003;3628;6.559;3.386;2026-02-28T05:57:36.390617+00:00;P1;61.25
4853;pms5003;3628;6.559;3.386;2026-02-28T05:57:36.390617+00:00;P0;29.00
4853;pms5003;3628;6.559;3.386;2026-02-28T06:03:11.012038+00:00;P2;63.00
4853;pms5003;3628;6.559;3.386;2026-02-28T06:03:11.012038+00:00;P1;76.67
4853;pms5003;3628;6.559;3.386;2026-02-28T06:03:11.012038+00:00;P0;40.00
4854;DHT22;3628;6.559;3.386;2026-02-28T06:03:28.408541+00:00;humidity;95.40
4854;DHT22;3628;6.559;3.386;2026-02-28T06:03:28.408541+00:00;temperature;30.20
4853;pms5003;3628;6.559;3.386;2026-02-28T06:08:45.556350+00:00;P2;44.40
4853;pms5003;3628;6.559;3.386;2026-02-28T06:08:45.556350+00:00;P1;64.20
4853;pms5003;3628;6.559;3.386;2026-02-28T06:08:45.556350+00:00;P0;29.00
4853;pms5003;3628;6.559;3.386;2026-02-28T09:25:43.212557+00:00;P2;39.20
4853;pms5003;3628;6.559;3.386;2026-02-28T09:25:43.212557+00:00;P1;59.20
4853;pms5003;3628;6.559;3.386;2026-02-28T09:25:43.212557+00:00;P0;26.00
4854;DHT22;3628;6.559;3.386;2026-02-28T09:26:00.665900+00:00;humidity;74.20
4854;DHT22;3628;6.559;3.386;2026-02-28T09:26:00.665900+00:00;temperature;35.20
4854;DHT22;3628;6.559;3.386;2026-02-28T09:31:35.248958+00:00;humidity;73.00
4854;DHT22;3628;6.559;3.386;2026-02-28T09:31:35.248958+00:00;temperature;35.50
4853;pms5003;3628;6.559;3.386;2026-02-28T09:44:12.511532+00:00;P2;39.00
4853;pms5003;3628;6.559;3.386;2026-02-28T09:44:12.511532+00:00;P1;54.67
4853;pms5003;3628;6.559;3.386;2026-02-28T09:44:12.511532+00:00;P0;27.67
4854;DHT22;3628;6.559;3.386;2026-02-28T09:44:32.750247+00:00;humidity;67.20
4854;DHT22;3628;6.559;3.386;2026-02-28T09:44:32.750247+00:00;temperature;37.40
4853;pms5003;3628;6.559;3.386;2026-02-28T11:09:04.987982+00:00;P2;44.00
4853;pms5003;3628;6.559;3.386;2026-02-28T11:09:04.987982+00:00;P1;53.50
4853;pms5003;3628;6.559;3.386;2026-02-28T11:09:04.987982+00:00;P0;30.00
4854;DHT22;3628;6.559;3.386;2026-02-28T11:09:22.386916+00:00;humidity;58.50
4854;DHT22;3628;6.559;3.386;2026-02-28T11:09:22.386916+00:00;temperature;36.60
4853;pms5003;3628;6.559;3.386;2026-02-28T11:14:39.620728+00:00;P2;43.50
4853;pms5003;3628;6.559;3.386;2026-02-28T11:14:39.620728+00:00;P1;57.00
4853;pms5003;3628;6.559;3.386;2026-02-28T11:14:39.620728+00:00;P0;28.50
4853;pms5003;3628;6.559;3.386;2026-02-28T11:20:03.715951+00:00;P2;40.00
4853;pms5003;3628;6.559;3.386;2026-02-28T11:20:03.715951+00:00;P1;54.25
4853;pms5003;3628;6.559;3.386;2026-02-28T11:20:03.715951+00:00;P0;26.25
4853;pms5003;3628;6.559;3.386;2026-02-28T11:25:35.810755+00:00;P2;37.20
4853;pms5003;3628;6.559;3.386;2026-02-28T11:25:35.810755+00:00;P1;54.40
4853;pms5003;3628;6.559;3.386;2026-02-28T11:25:35.810755+00:00;P0;27.00
4854;DHT22;3628;6.559;3.386;2026-02-28T11:31:20.088307+00:00;humidity;53.80
4854;DHT22;3628;6.559;3.386;2026-02-28T11:31:20.088307+00:00;temperature;39.30
4853;pms5003;3628;6.559;3.386;2026-02-28T11:36:37.287368+00:00;P2;37.00
4853;pms5003;3628;6.559;3.386;2026-02-28T11:36:37.287368+00:00;P1;50.50
4853;pms5003;3628;6.559;3.386;2026-02-28T11:36:37.287368+00:00;P0;24.50
4854;DHT22;3628;6.559;3.386;2026-02-28T11:36:54.876039+00:00;humidity;55.10
4854;DHT22;3628;6.559;3.386;2026-02-28T11:36:54.876039+00:00;temperature;38.30
4854;DHT22;3628;6.559;3.386;2026-02-28T11:42:18.561121+00:00;humidity;54.20
4854;DHT22;3628;6.559;3.386;2026-02-28T11:42:18.561121+00:00;temperature;38.30
4853;pms5003;3628;6.559;3.386;2026-02-28T11:47:35.907325+00:00;P2;41.00
4853;pms5003;3628;6.559;3.386;2026-02-28T11:47:35.907325+00:00;P1;58.00
4853;pms5003;3628;6.559;3.386;2026-02-28T11:47:35.907325+00:00;P0;27.00
4854;DHT22;3628;6.559;3.386;2026-02-28T11:47:53.108432+00:00;humidity;52.90
4854;DHT22;3628;6.559;3.386;2026-02-28T11:47:53.108432+00:00;temperature;39.40
4854;DHT22;3628;6.559;3.386;2026-02-28T11:53:17.097807+00:00;humidity;52.60
4854;DHT22;3628;6.559;3.386;2026-02-28T11:53:17.097807+00:00;temperature;40.10
4853;pms5003;3628;6.559;3.386;2026-02-28T11:59:12.309297+00:00;P2;44.00
4853;pms5003;3628;6.559;3.386;2026-02-28T11:59:12.309297+00:00;P1;56.75
4853;pms5003;3628;6.559;3.386;2026-02-28T11:59:12.309297+00:00;P0;29.00
4853;pms5003;3628;6.559;3.386;2026-02-28T12:03:58.698636+00:00;P2;42.00
4853;pms5003;3628;6.559;3.386;2026-02-28T12:03:58.698636+00:00;P1;54.00
4853;pms5003;3628;6.559;3.386;2026-02-28T12:03:58.698636+00:00;P0;28.75
4854;DHT22;3628;6.559;3.386;2026-02-28T12:04:16.055119+00:00;humidity;52.20
4854;DHT22;3628;6.559;3.386;2026-02-28T12:04:16.055119+00:00;temperature;40.50
4853;pms5003;3628;6.559;3.386;2026-02-28T12:20:10.884326+00:00;P2;38.00
4853;pms5003;3628;6.559;3.386;2026-02-28T12:20:10.884326+00:00;P1;54.00
4853;pms5003;3628;6.559;3.386;2026-02-28T12:20:10.884326+00:00;P0;27.00
4853;pms5003;3628;6.559;3.386;2026-02-28T12:25:35.196894+00:00;P2;40.00
4853;pms5003;3628;6.559;3.386;2026-02-28T12:25:35.196894+00:00;P1;52.60
4853;pms5003;3628;6.559;3.386;2026-02-28T12:25:35.196894+00:00;P0;27.00
4853;pms5003;3628;6.559;3.386;2026-02-28T12:30:59.329727+00:00;P2;39.50
4853;pms5003;3628;6.559;3.386;2026-02-28T12:30:59.329727+00:00;P1;56.50
4853;pms5003;3628;6.559;3.386;2026-02-28T12:30:59.329727+00:00;P0;27.00
4853;pms5003;3628;6.559;3.386;2026-02-28T12:36:26.166353+00:00;P2;39.67
4853;pms5003;3628;6.559;3.386;2026-02-28T12:36:26.166353+00:00;P1;54.33
4853;pms5003;3628;6.559;3.386;2026-02-28T12:36:26.166353+00:00;P0;28.00
4854;DHT22;3628;6.559;3.386;2026-02-28T12:42:07.862511+00:00;humidity;48.80
4854;DHT22;3628;6.559;3.386;2026-02-28T12:42:07.862511+00:00;temperature;43.20
4853;pms5003;3628;6.559;3.386;2026-02-28T12:47:25.070447+00:00;P2;40.75
4853;pms5003;3628;6.559;3.386;2026-02-28T12:47:25.070447+00:00;P1;56.25
4853;pms5003;3628;6.559;3.386;2026-02-28T12:47:25.070447+00:00;P0;26.25
4854;DHT22;3628;6.559;3.386;2026-02-28T12:47:42.417191+00:00;humidity;48.90
4854;DHT22;3628;6.559;3.386;2026-02-28T12:47:42.417191+00:00;temperature;42.70
4853;pms5003;3628;6.559;3.386;2026-02-28T12:52:59.644709+00:00;P2;41.50
4853;pms5003;3628;6.559;3.386;2026-02-28T12:52:59.644709+00:00;P1;54.00
4853;pms5003;3628;6.559;3.386;2026-02-28T12:52:59.644709+00:00;P0;27.50
4853;pms5003;3628;6.559;3.386;2026-02-28T12:59:02.621786+00:00;P2;39.75
4853;pms5003;3628;6.559;3.386;2026-02-28T12:59:02.621786+00:00;P1;59.25
4853;pms5003;3628;6.559;3.386;2026-02-28T12:59:02.621786+00:00;P0;27.00
4853;pms5003;3628;6.559;3.386;2026-02-28T13:03:47.815352+00:00;P2;41.00
4853;pms5003;3628;6.559;3.386;2026-02-28T13:03:47.815352+00:00;P1;58.75
4853;pms5003;3628;6.559;3.386;2026-02-28T13:03:47.815352+00:00;P0;28.00
4854;DHT22;3628;6.559;3.386;2026-02-28T13:04:05.188269+00:00;humidity;48.80
4854;DHT22;3628;6.559;3.386;2026-02-28T13:04:05.188269+00:00;temperature;42.40
4853;pms5003;3628;6.559;3.386;2026-02-28T13:09:22.531481+00:00;P2;43.75
4853;pms5003;3628;6.559;3.386;2026-02-28T13:09:22.531481+00:00;P1;57.75
4853;pms5003;3628;6.559;3.386;2026-02-28T13:09:22.531481+00:00;P0;29.75
4854;DHT22;3628;6.559;3.386;2026-02-28T13:09:39.910986+00:00;humidity;49.60
4854;DHT22;3628;6.559;3.386;2026-02-28T13:09:39.910986+00:00;temperature;41.80
4853;pms5003;3628;6.559;3.386;2026-02-28T13:14:57.195170+00:00;P2;47.00
4853;pms5003;3628;6.559;3.386;2026-02-28T13:14:57.195170+00:00;P1;67.00
4853;pms5003;3628;6.559;3.386;2026-02-28T13:14:57.195170+00:00;P0;32.00
4854;DHT22;3628;6.559;3.386;2026-02-28T13:15:14.739938+00:00;humidity;51.70
4854;DHT22;3628;6.559;3.386;2026-02-28T13:15:14.739938+00:00;temperature;40.60
4853;pms5003;3628;6.559;3.386;2026-02-28T13:20:31.963693+00:00;P2;44.20
4853;pms5003;3628;6.559;3.386;2026-02-28T13:20:31.963693+00:00;P1;62.60
4853;pms5003;3628;6.559;3.386;2026-02-28T13:20:31.963693+00:00;P0;30.20
4854;DHT22;3628;6.559;3.386;2026-02-28T13:20:49.452375+00:00;humidity;54.50
4854;DHT22;3628;6.559;3.386;2026-02-28T13:20:49.452375+00:00;temperature;39.30
4853;pms5003;3628;6.559;3.386;2026-02-28T13:26:06.586950+00:00;P2;42.00
4853;pms5003;3628;6.559;3.386;2026-02-28T13:26:06.586950+00:00;P1;56.25
4853;pms5003;3628;6.559;3.386;2026-02-28T13:26:06.586950+00:00;P0;27.50
4853;pms5003;3628;6.559;3.386;2026-02-28T13:31:30.830500+00:00;P2;42.25
4853;pms5003;3628;6.559;3.386;2026-02-28T13:31:30.830500+00:00;P1;59.75
4853;pms5003;3628;6.559;3.386;2026-02-28T13:31:30.830500+00:00;P0;27.25
4854;DHT22;3628;6.559;3.386;2026-02-28T13:31:48.282173+00:00;humidity;52.50
4854;DHT22;3628;6.559;3.386;2026-02-28T13:31:48.282173+00:00;temperature;41.10
4854;DHT22;3628;6.559;3.386;2026-02-28T13:37:12.474303+00:00;humidity;52.20
4854;DHT22;3628;6.559;3.386;2026-02-28T13:37:12.474303+00:00;temperature;40.70
4854;DHT22;3628;6.559;3.386;2026-02-28T13:42:36.328195+00:00;humidity;52.00
4854;DHT22;3628;6.559;3.386;2026-02-28T13:42:36.328195+00:00;temperature;40.70
4853;pms5003;3628;6.559;3.386;2026-02-28T13:47:53.516936+00:00;P2;40.75
4853;pms5003;3628;6.559;3.386;2026-02-28T13:47:53.516936+00:00;P1;55.75
4853;pms5003;3628;6.559;3.386;2026-02-28T13:47:53.516936+00:00;P0;27.25
4854;DHT22;3628;6.559;3.386;2026-02-28T13:48:10.862781+00:00;humidity;51.30
4854;DHT22;3628;6.559;3.386;2026-02-28T13:48:10.862781+00:00;temperature;41.30
4853;pms5003;3628;6.559;3.386;2026-02-28T13:53:28.035524+00:00;P2;37.00
4853;pms5003;3628;6.559;3.386;2026-02-28T13:53:28.035524+00:00;P1;44.67
4853;pms5003;3628;6.559;3.386;2026-02-28T13:53:28.035524+00:00;P0;25.67
4854;DHT22;3628;6.559;3.386;2026-02-28T13:53:45.405550+00:00;humidity;51.30
4854;DHT22;3628;6.559;3.386;2026-02-28T13:53:45.405550+00:00;temperature;41.70
4853;pms5003;3628;6.559;3.386;2026-02-28T13:59:02.819050+00:00;P2;37.00
4853;pms5003;3628;6.559;3.386;2026-02-28T13:59:02.819050+00:00;P1;54.00
4853;pms5003;3628;6.559;3.386;2026-02-28T13:59:02.819050+00:00;P0;25.00
4854;DHT22;3628;6.559;3.386;2026-02-28T13:59:20.197730+00:00;humidity;55.20
4854;DHT22;3628;6.559;3.386;2026-02-28T13:59:20.197730+00:00;temperature;40.10
4854;DHT22;3628;6.559;3.386;2026-02-28T14:04:54.678031+00:00;humidity;57.80
4854;DHT22;3628;6.559;3.386;2026-02-28T14:04:54.678031+00:00;temperature;38.90
4853;pms5003;3628;6.559;3.386;2026-02-28T14:10:11.899718+00:00;P2;38.00
4853;pms5003;3628;6.559;3.386;2026-02-28T14:10:11.899718+00:00;P1;54.75
4853;pms5003;3628;6.559;3.386;2026-02-28T14:10:11.899718+00:00;P0;25.50
4854;DHT22;3628;6.559;3.386;2026-02-28T14:10:29.255664+00:00;humidity;61.00
4854;DHT22;3628;6.559;3.386;2026-02-28T14:10:29.255664+00:00;temperature;38.00
4853;pms5003;3628;6.559;3.386;2026-02-28T14:15:46.640916+00:00;P2;33.25
4853;pms5003;3628;6.559;3.386;2026-02-28T14:15:46.640916+00:00;P1;48.50
4853;pms5003;3628;6.559;3.386;2026-02-28T14:15:46.640916+00:00;P0;21.25
4854;DHT22;3628;6.559;3.386;2026-02-28T14:21:19.323090+00:00;humidity;64.30
4854;DHT22;3628;6.559;3.386;2026-02-28T14:21:19.323090+00:00;temperature;37.40
4853;pms5003;3628;6.559;3.386;2026-02-28T14:26:36.713002+00:00;P2;34.00
4853;pms5003;3628;6.559;3.386;2026-02-28T14:26:36.713002+00:00;P1;44.75
4853;pms5003;3628;6.559;3.386;2026-02-28T14:26:36.713002+00:00;P0;22.50
4853;pms5003;3628;6.559;3.386;2026-02-28T14:32:11.704695+00:00;P2;30.33
4853;pms5003;3628;6.559;3.386;2026-02-28T14:32:11.704695+00:00;P1;43.67
4853;pms5003;3628;6.559;3.386;2026-02-28T14:32:11.704695+00:00;P0;20.67
4854;DHT22;3628;6.559;3.386;2026-02-28T14:32:28.992213+00:00;humidity;60.10
4854;DHT22;3628;6.559;3.386;2026-02-28T14:32:28.992213+00:00;temperature;39.20
4853;pms5003;3628;6.559;3.386;2026-02-28T14:37:46.193802+00:00;P2;34.75
4853;pms5003;3628;6.559;3.386;2026-02-28T14:37:46.193802+00:00;P1;45.00
4853;pms5003;3628;6.559;3.386;2026-02-28T14:37:46.193802+00:00;P0;22.00
4854;DHT22;3628;6.559;3.386;2026-02-28T14:38:03.587696+00:00;humidity;59.90
4854;DHT22;3628;6.559;3.386;2026-02-28T14:38:03.587696+00:00;temperature;39.10
4853;pms5003;3628;6.559;3.386;2026-02-28T14:48:47.893253+00:00;P2;32.25
4853;pms5003;3628;6.559;3.386;2026-02-28T14:48:47.893253+00:00;P1;40.50
4853;pms5003;3628;6.559;3.386;2026-02-28T14:48:47.893253+00:00;P0;21.50
4853;pms5003;3628;6.559;3.386;2026-02-28T14:54:14.813065+00:00;P2;34.00
4853;pms5003;3628;6.559;3.386;2026-02-28T14:54:14.813065+00:00;P1;45.00
4853;pms5003;3628;6.559;3.386;2026-02-28T14:54:14.813065+00:00;P0;21.67
4854;DHT22;3628;6.559;3.386;2026-02-28T14:54:32.396540+00:00;humidity;58.40
4854;DHT22;3628;6.559;3.386;2026-02-28T14:54:32.396540+00:00;temperature;39.40
4853;pms5003;3628;6.559;3.386;2026-02-28T14:59:49.580780+00:00;P2;32.00
4853;pms5003;3628;6.559;3.386;2026-02-28T14:59:49.580780+00:00;P1;44.00
4853;pms5003;3628;6.559;3.386;2026-02-28T14:59:49.580780+00:00;P0;22.00
4854;DHT22;3628;6.559;3.386;2026-02-28T15:05:30.908523+00:00;humidity;59.60
4854;DHT22;3628;6.559;3.386;2026-02-28T15:05:30.908523+00:00;temperature;38.60
4853;pms5003;3628;6.559;3.386;2026-02-28T15:16:14.757196+00:00;P2;30.00
4853;pms5003;3628;6.559;3.386;2026-02-28T15:16:14.757196+00:00;P1;38.50
4853;pms5003;3628;6.559;3.386;2026-02-28T15:16:14.757196+00:00;P0;20.00
4854;DHT22;3628;6.559;3.386;2026-02-28T15:16:32.090269+00:00;humidity;61.20
4854;DHT22;3628;6.559;3.386;2026-02-28T15:16:32.090269+00:00;temperature;37.90
4853;pms5003;3628;6.559;3.386;2026-02-28T15:21:59.677715+00:00;P2;31.50
4853;pms5003;3628;6.559;3.386;2026-02-28T15:21:59.677715+00:00;P1;43.00
4853;pms5003;3628;6.559;3.386;2026-02-28T15:21:59.677715+00:00;P0;20.00
4854;DHT22;3628;6.559;3.386;2026-02-28T15:32:47.474265+00:00;humidity;64.10
4854;DHT22;3628;6.559;3.386;2026-02-28T15:32:47.474265+00:00;temperature;36.30
4854;DHT22;3628;6.559;3.386;2026-02-28T15:38:22.106341+00:00;humidity;63.20
4854;DHT22;3628;6.559;3.386;2026-02-28T15:38:22.106341+00:00;temperature;36.30
4854;DHT22;3628;6.559;3.386;2026-02-28T15:43:56.683715+00:00;humidity;61.80
4854;DHT22;3628;6.559;3.386;2026-02-28T15:43:56.683715+00:00;temperature;36.40
4853;pms5003;3628;6.559;3.386;2026-02-28T15:49:13.842112+00:00;P2;30.00
4853;pms5003;3628;6.559;3.386;2026-02-28T15:49:13.842112+00:00;P1;37.25
4853;pms5003;3628;6.559;3.386;2026-02-28T15:49:13.842112+00:00;P0;20.00
4853;pms5003;3628;6.559;3.386;2026-02-28T15:54:51.520377+00:00;P2;27.80
4853;pms5003;3628;6.559;3.386;2026-02-28T15:54:51.520377+00:00;P1;34.00
4853;pms5003;3628;6.559;3.386;2026-02-28T15:54:51.520377+00:00;P0;19.00
4854;DHT22;3628;6.559;3.386;2026-02-28T15:55:08.876287+00:00;humidity;61.90
4854;DHT22;3628;6.559;3.386;2026-02-28T15:55:08.876287+00:00;temperature;36.40
4853;pms5003;3628;6.559;3.386;2026-02-28T16:00:26.183268+00:00;P2;28.75
4853;pms5003;3628;6.559;3.386;2026-02-28T16:00:26.183268+00:00;P1;36.00
4853;pms5003;3628;6.559;3.386;2026-02-28T16:00:26.183268+00:00;P0;17.75
4854;DHT22;3628;6.559;3.386;2026-02-28T16:00:46.477926+00:00;humidity;61.90
4854;DHT22;3628;6.559;3.386;2026-02-28T16:00:46.477926+00:00;temperature;36.50
4853;pms5003;3628;6.559;3.386;2026-02-28T16:06:48.460373+00:00;P2;30.00
4853;pms5003;3628;6.559;3.386;2026-02-28T16:06:48.460373+00:00;P1;44.50
4853;pms5003;3628;6.559;3.386;2026-02-28T16:06:48.460373+00:00;P0;20.00
4853;pms5003;3628;6.559;3.386;2026-02-28T16:11:27.904023+00:00;P2;28.75
4853;pms5003;3628;6.559;3.386;2026-02-28T16:11:27.904023+00:00;P1;44.25
4853;pms5003;3628;6.559;3.386;2026-02-28T16:11:27.904023+00:00;P0;19.25
4854;DHT22;3628;6.559;3.386;2026-02-28T16:11:45.252397+00:00;humidity;63.70
4854;DHT22;3628;6.559;3.386;2026-02-28T16:11:45.252397+00:00;temperature;36.30
4854;DHT22;3628;6.559;3.386;2026-02-28T16:17:09.264313+00:00;humidity;64.10
4854;DHT22;3628;6.559;3.386;2026-02-28T16:17:09.264313+00:00;temperature;36.20
4853;pms5003;3628;6.559;3.386;2026-02-28T16:22:26.630046+00:00;P2;28.60
4853;pms5003;3628;6.559;3.386;2026-02-28T16:22:26.630046+00:00;P1;40.40
4853;pms5003;3628;6.559;3.386;2026-02-28T16:22:26.630046+00:00;P0;20.00
4853;pms5003;3628;6.559;3.386;2026-02-28T16:27:50.950155+00:00;P2;27.50
4853;pms5003;3628;6.559;3.386;2026-02-28T16:27:50.950155+00:00;P1;43.75
4853;pms5003;3628;6.559;3.386;2026-02-28T16:27:50.950155+00:00;P0;19.00
4854;DHT22;3628;6.559;3.386;2026-02-28T16:28:08.229892+00:00;humidity;67.10
4854;DHT22;3628;6.559;3.386;2026-02-28T16:28:08.229892+00:00;temperature;35.40
4853;pms5003;3628;6.559;3.386;2026-02-28T16:33:25.416181+00:00;P2;25.75
4853;pms5003;3628;6.559;3.386;2026-02-28T16:33:25.416181+00:00;P1;40.00
4853;pms5003;3628;6.559;3.386;2026-02-28T16:33:25.416181+00:00;P0;17.25
4854;DHT22;3628;6.559;3.386;2026-02-28T16:33:42.786883+00:00;humidity;67.90
4854;DHT22;3628;6.559;3.386;2026-02-28T16:33:42.786883+00:00;temperature;35.20
4853;pms5003;3628;6.559;3.386;2026-02-28T16:39:00.206381+00:00;P2;29.00
4853;pms5003;3628;6.559;3.386;2026-02-28T16:39:00.206381+00:00;P1;33.00
4853;pms5003;3628;6.559;3.386;2026-02-28T16:39:00.206381+00:00;P0;20.00
4854;DHT22;3628;6.559;3.386;2026-02-28T16:44:41.072965+00:00;humidity;67.80
4854;DHT22;3628;6.559;3.386;2026-02-28T16:44:41.072965+00:00;temperature;34.90
4853;pms5003;3628;6.559;3.386;2026-02-28T16:55:14.525821+00:00;P2;32.00
4853;pms5003;3628;6.559;3.386;2026-02-28T16:55:14.525821+00:00;P1;45.00
4853;pms5003;3628;6.559;3.386;2026-02-28T16:55:14.525821+00:00;P0;21.00
4854;DHT22;3628;6.559;3.386;2026-02-28T16:55:31.883935+00:00;humidity;69.60
4854;DHT22;3628;6.559;3.386;2026-02-28T16:55:31.883935+00:00;temperature;34.30
4853;pms5003;3628;6.559;3.386;2026-02-28T17:00:49.058486+00:00;P2;35.60
4853;pms5003;3628;6.559;3.386;2026-02-28T17:00:49.058486+00:00;P1;47.00
4853;pms5003;3628;6.559;3.386;2026-02-28T17:00:49.058486+00:00;P0;23.60
4854;DHT22;3628;6.559;3.386;2026-02-28T17:01:09.335415+00:00;humidity;70.50
4854;DHT22;3628;6.559;3.386;2026-02-28T17:01:09.335415+00:00;temperature;34.10
4853;pms5003;3628;6.559;3.386;2026-02-28T17:06:26.528239+00:00;P2;32.00
4853;pms5003;3628;6.559;3.386;2026-02-28T17:06:26.528239+00:00;P1;46.50
4853;pms5003;3628;6.559;3.386;2026-02-28T17:06:26.528239+00:00;P0;21.00
4854;DHT22;3628;6.559;3.386;2026-02-28T17:06:43.898495+00:00;humidity;71.60
4854;DHT22;3628;6.559;3.386;2026-02-28T17:06:43.898495+00:00;temperature;33.70
4853;pms5003;3628;6.559;3.386;2026-02-28T17:12:01.209103+00:00;P2;37.33
4853;pms5003;3628;6.559;3.386;2026-02-28T17:12:01.209103+00:00;P1;51.00
4853;pms5003;3628;6.559;3.386;2026-02-28T17:12:01.209103+00:00;P0;22.67
4854;DHT22;3628;6.559;3.386;2026-02-28T17:12:18.680317+00:00;humidity;71.00
4854;DHT22;3628;6.559;3.386;2026-02-28T17:12:18.680317+00:00;temperature;33.70
4854;DHT22;3628;6.559;3.386;2026-02-28T17:17:53.408674+00:00;humidity;72.80
4854;DHT22;3628;6.559;3.386;2026-02-28T17:17:53.408674+00:00;temperature;33.50
4853;pms5003;3628;6.559;3.386;2026-02-28T17:28:35.019855+00:00;P2;39.00
4853;pms5003;3628;6.559;3.386;2026-02-28T17:28:35.019855+00:00;P1;56.00
4853;pms5003;3628;6.559;3.386;2026-02-28T17:28:35.019855+00:00;P0;25.00
4854;DHT22;3628;6.559;3.386;2026-02-28T17:28:52.403346+00:00;humidity;73.10
4854;DHT22;3628;6.559;3.386;2026-02-28T17:28:52.403346+00:00;temperature;33.50
4853;pms5003;3628;6.559;3.386;2026-02-28T17:34:54.142328+00:00;P2;37.00
4853;pms5003;3628;6.559;3.386;2026-02-28T17:34:54.142328+00:00;P1;54.50
4853;pms5003;3628;6.559;3.386;2026-02-28T17:34:54.142328+00:00;P0;22.00
4853;pms5003;3628;6.559;3.386;2026-02-28T17:39:33.879900+00:00;P2;35.00
4853;pms5003;3628;6.559;3.386;2026-02-28T17:39:33.879900+00:00;P1;50.60
4853;pms5003;3628;6.559;3.386;2026-02-28T17:39:33.879900+00:00;P0;23.00
4854;DHT22;3628;6.559;3.386;2026-02-28T17:39:54.075383+00:00;humidity;74.40
4854;DHT22;3628;6.559;3.386;2026-02-28T17:39:54.075383+00:00;temperature;33.10
4854;DHT22;3628;6.559;3.386;2026-02-28T17:45:28.636213+00:00;humidity;74.20
4854;DHT22;3628;6.559;3.386;2026-02-28T17:45:28.636213+00:00;temperature;33.10
4854;DHT22;3628;6.559;3.386;2026-02-28T17:51:03.310824+00:00;humidity;75.40
4854;DHT22;3628;6.559;3.386;2026-02-28T17:51:03.310824+00:00;temperature;32.90
4853;pms5003;3628;6.559;3.386;2026-02-28T17:56:20.443252+00:00;P2;34.00
4853;pms5003;3628;6.559;3.386;2026-02-28T17:56:20.443252+00:00;P1;48.00
4853;pms5003;3628;6.559;3.386;2026-02-28T17:56:20.443252+00:00;P0;22.00
4854;DHT22;3628;6.559;3.386;2026-02-28T17:56:37.933869+00:00;humidity;74.90
4854;DHT22;3628;6.559;3.386;2026-02-28T17:56:37.933869+00:00;temperature;32.90
4853;pms5003;3628;6.559;3.386;2026-02-28T18:07:29.747815+00:00;P2;30.00
4853;pms5003;3628;6.559;3.386;2026-02-28T18:07:29.747815+00:00;P1;35.00
4853;pms5003;3628;6.559;3.386;2026-02-28T18:07:29.747815+00:00;P0;18.50
4854;DHT22;3628;6.559;3.386;2026-02-28T18:13:10.856445+00:00;humidity;78.00
4854;DHT22;3628;6.559;3.386;2026-02-28T18:13:10.856445+00:00;temperature;32.50
4853;pms5003;3628;6.559;3.386;2026-02-28T18:18:28.036754+00:00;P2;28.75
4853;pms5003;3628;6.559;3.386;2026-02-28T18:18:28.036754+00:00;P1;38.00
4853;pms5003;3628;6.559;3.386;2026-02-28T18:18:28.036754+00:00;P0;19.00
4854;DHT22;3628;6.559;3.386;2026-02-28T18:18:45.405140+00:00;humidity;79.30
4854;DHT22;3628;6.559;3.386;2026-02-28T18:18:45.405140+00:00;temperature;32.50
4853;pms5003;3628;6.559;3.386;2026-02-28T18:24:02.615347+00:00;P2;34.75
4853;pms5003;3628;6.559;3.386;2026-02-28T18:24:02.615347+00:00;P1;48.75
4853;pms5003;3628;6.559;3.386;2026-02-28T18:24:02.615347+00:00;P0;23.00
4854;DHT22;3628;6.559;3.386;2026-02-28T18:30:02.790275+00:00;humidity;81.00
4854;DHT22;3628;6.559;3.386;2026-02-28T18:30:02.790275+00:00;temperature;32.20
4853;pms5003;3628;6.559;3.386;2026-02-28T18:45:19.498218+00:00;P2;26.50
4853;pms5003;3628;6.559;3.386;2026-02-28T18:45:19.498218+00:00;P1;42.00
4853;pms5003;3628;6.559;3.386;2026-02-28T18:45:19.498218+00:00;P0;17.50
4854;DHT22;3628;6.559;3.386;2026-02-28T18:45:36.835928+00:00;humidity;81.70
4854;DHT22;3628;6.559;3.386;2026-02-28T18:45:36.835928+00:00;temperature;32.20
4853;pms5003;3628;6.559;3.386;2026-02-28T18:50:54.032185+00:00;P2;30.00
4853;pms5003;3628;6.559;3.386;2026-02-28T18:50:54.032185+00:00;P1;37.75
4853;pms5003;3628;6.559;3.386;2026-02-28T18:50:54.032185+00:00;P0;19.50
4854;DHT22;3628;6.559;3.386;2026-02-28T19:01:45.284113+00:00;humidity;81.50
4854;DHT22;3628;6.559;3.386;2026-02-28T19:01:45.284113+00:00;temperature;32.10
4854;DHT22;3628;6.559;3.386;2026-02-28T19:14:55.289581+00:00;humidity;80.80
4854;DHT22;3628;6.559;3.386;2026-02-28T19:14:55.289581+00:00;temperature;32.20
4853;pms5003;3628;6.559;3.386;2026-02-28T19:20:12.473607+00:00;P2;33.50
4853;pms5003;3628;6.559;3.386;2026-02-28T19:20:12.473607+00:00;P1;40.00
4853;pms5003;3628;6.559;3.386;2026-02-28T19:20:12.473607+00:00;P0;22.00
4854;DHT22;3628;6.559;3.386;2026-02-28T19:20:32.741281+00:00;humidity;80.00
4854;DHT22;3628;6.559;3.386;2026-02-28T19:20:32.741281+00:00;temperature;32.20
4853;pms5003;3628;6.559;3.386;2026-02-28T19:25:49.975540+00:00;P2;46.60
4853;pms5003;3628;6.559;3.386;2026-02-28T19:25:49.975540+00:00;P1;69.40
4853;pms5003;3628;6.559;3.386;2026-02-28T19:25:49.975540+00:00;P0;28.00
4854;DHT22;3628;6.559;3.386;2026-02-28T19:26:07.498707+00:00;humidity;80.10
4854;DHT22;3628;6.559;3.386;2026-02-28T19:26:07.498707+00:00;temperature;32.10
4853;pms5003;3628;6.559;3.386;2026-02-28T19:31:24.707250+00:00;P2;46.25
4853;pms5003;3628;6.559;3.386;2026-02-28T19:31:24.707250+00:00;P1;63.00
4853;pms5003;3628;6.559;3.386;2026-02-28T19:31:24.707250+00:00;P0;29.00
4854;DHT22;3628;6.559;3.386;2026-02-28T19:31:42.076919+00:00;humidity;80.40
4854;DHT22;3628;6.559;3.386;2026-02-28T19:31:42.076919+00:00;temperature;32.10
4853;pms5003;3628;6.559;3.386;2026-02-28T19:37:02.082403+00:00;P2;38.80
4853;pms5003;3628;6.559;3.386;2026-02-28T19:37:02.082403+00:00;P1;53.00
4853;pms5003;3628;6.559;3.386;2026-02-28T19:37:02.082403+00:00;P0;25.40
4854;DHT22;3628;6.559;3.386;2026-02-28T19:37:19.453764+00:00;humidity;80.60
4854;DHT22;3628;6.559;3.386;2026-02-28T19:37:19.453764+00:00;temperature;32.10
4853;pms5003;3628;6.559;3.386;2026-02-28T19:42:36.812873+00:00;P2;50.25
4853;pms5003;3628;6.559;3.386;2026-02-28T19:42:36.812873+00:00;P1;68.25
4853;pms5003;3628;6.559;3.386;2026-02-28T19:42:36.812873+00:00;P0;32.00
4854;DHT22;3628;6.559;3.386;2026-02-28T19:42:54.159358+00:00;humidity;80.90
4854;DHT22;3628;6.559;3.386;2026-02-28T19:42:54.159358+00:00;temperature;32.10
4853;pms5003;3628;6.559;3.386;2026-02-28T19:53:24.706644+00:00;P2;47.50
4853;pms5003;3628;6.559;3.386;2026-02-28T19:53:24.706644+00:00;P1;65.50
4853;pms5003;3628;6.559;3.386;2026-02-28T19:53:24.706644+00:00;P0;30.25
4854;DHT22;3628;6.559;3.386;2026-02-28T19:53:42.065373+00:00;humidity;81.50
4854;DHT22;3628;6.559;3.386;2026-02-28T19:53:42.065373+00:00;temperature;32.00
4854;DHT22;3628;6.559;3.386;2026-02-28T20:04:20.557850+00:00;humidity;82.20
4854;DHT22;3628;6.559;3.386;2026-02-28T20:04:20.557850+00:00;temperature;32.00
4854;DHT22;3628;6.559;3.386;2026-02-28T20:09:55.200221+00:00;humidity;82.50
4854;DHT22;3628;6.559;3.386;2026-02-28T20:09:55.200221+00:00;temperature;31.90
4853;pms5003;3628;6.559;3.386;2026-02-28T20:15:12.341300+00:00;P2;33.40
4853;pms5003;3628;6.559;3.386;2026-02-28T20:15:12.341300+00:00;P1;43.00
4853;pms5003;3628;6.559;3.386;2026-02-28T20:15:12.341300+00:00;P0;22.60
4854;DHT22;3628;6.559;3.386;2026-02-28T20:15:29.929498+00:00;humidity;82.50
4854;DHT22;3628;6.559;3.386;2026-02-28T20:15:29.929498+00:00;temperature;31.90
4853;pms5003;3628;6.559;3.386;2026-02-28T20:21:30.827734+00:00;P2;46.00
4853;pms5003;3628;6.559;3.386;2026-02-28T20:21:30.827734+00:00;P1;64.00
4853;pms5003;3628;6.559;3.386;2026-02-28T20:21:30.827734+00:00;P0;30.50
4853;pms5003;3628;6.559;3.386;2026-02-28T20:26:11.205982+00:00;P2;32.60
4853;pms5003;3628;6.559;3.386;2026-02-28T20:26:11.205982+00:00;P1;47.60
4853;pms5003;3628;6.559;3.386;2026-02-28T20:26:11.205982+00:00;P0;22.00
4854;DHT22;3628;6.559;3.386;2026-02-28T20:26:28.669472+00:00;humidity;82.30
4854;DHT22;3628;6.559;3.386;2026-02-28T20:26:28.669472+00:00;temperature;32.10
4853;pms5003;3628;6.559;3.386;2026-02-28T20:31:45.817504+00:00;P2;30.40
4853;pms5003;3628;6.559;3.386;2026-02-28T20:31:45.817504+00:00;P1;46.80
4853;pms5003;3628;6.559;3.386;2026-02-28T20:31:45.817504+00:00;P0;18.40
4854;DHT22;3628;6.559;3.386;2026-02-28T20:32:03.138341+00:00;humidity;82.50
4854;DHT22;3628;6.559;3.386;2026-02-28T20:32:03.138341+00:00;temperature;31.90
4853;pms5003;3628;6.559;3.386;2026-02-28T20:37:20.427082+00:00;P2;36.33
4853;pms5003;3628;6.559;3.386;2026-02-28T20:37:20.427082+00:00;P1;53.00
4853;pms5003;3628;6.559;3.386;2026-02-28T20:37:20.427082+00:00;P0;23.33
4854;DHT22;3628;6.559;3.386;2026-02-28T20:37:37.793506+00:00;humidity;82.60
4854;DHT22;3628;6.559;3.386;2026-02-28T20:37:37.793506+00:00;temperature;32.00
4853;pms5003;3628;6.559;3.386;2026-02-28T20:42:55.139700+00:00;P2;40.33
4853;pms5003;3628;6.559;3.386;2026-02-28T20:42:55.139700+00:00;P1;58.33
4853;pms5003;3628;6.559;3.386;2026-02-28T20:42:55.139700+00:00;P0;24.67
4854;DHT22;3628;6.559;3.386;2026-02-28T20:43:12.575668+00:00;humidity;83.60
4854;DHT22;3628;6.559;3.386;2026-02-28T20:43:12.575668+00:00;temperature;31.90
4853;pms5003;3628;6.559;3.386;2026-02-28T20:48:29.631532+00:00;P2;38.00
4853;pms5003;3628;6.559;3.386;2026-02-28T20:48:29.631532+00:00;P1;54.50
4853;pms5003;3628;6.559;3.386;2026-02-28T20:48:29.631532+00:00;P0;23.50
4854;DHT22;3628;6.559;3.386;2026-02-28T21:04:48.314266+00:00;humidity;84.70
4854;DHT22;3628;6.559;3.386;2026-02-28T21:04:48.314266+00:00;temperature;31.70
4853;pms5003;3628;6.559;3.386;2026-02-28T21:10:22.592087+00:00;P2;40.00
4853;pms5003;3628;6.559;3.386;2026-02-28T21:10:22.592087+00:00;P1;55.50
4853;pms5003;3628;6.559;3.386;2026-02-28T21:10:22.592087+00:00;P0;25.50
4853;pms5003;3628;6.559;3.386;2026-02-28T21:15:29.896209+00:00;P2;44.25
4853;pms5003;3628;6.559;3.386;2026-02-28T21:15:29.896209+00:00;P1;61.50
4853;pms5003;3628;6.559;3.386;2026-02-28T21:15:29.896209+00:00;P0;27.00
4853;pms5003;3628;6.559;3.386;2026-02-28T21:41:48.688514+00:00;P2;29.67
4853;pms5003;3628;6.559;3.386;2026-02-28T21:41:48.688514+00:00;P1;46.33
4853;pms5003;3628;6.559;3.386;2026-02-28T21:41:48.688514+00:00;P0;18.67
4853;pms5003;3628;6.559;3.386;2026-02-28T21:47:15.702535+00:00;P2;32.67
4853;pms5003;3628;6.559;3.386;2026-02-28T21:47:15.702535+00:00;P1;46.67
4853;pms5003;3628;6.559;3.386;2026-02-28T21:47:15.702535+00:00;P0;20.67
4854;DHT22;3628;6.559;3.386;2026-02-28T21:47:33.119535+00:00;humidity;84.10
4854;DHT22;3628;6.559;3.386;2026-02-28T21:47:33.119535+00:00;temperature;31.70
4853;pms5003;3628;6.559;3.386;2026-02-28T21:52:50.435596+00:00;P2;35.00
4853;pms5003;3628;6.559;3.386;2026-02-28T21:52:50.435596+00:00;P1;49.00
4853;pms5003;3628;6.559;3.386;2026-02-28T21:52:50.435596+00:00;P0;22.75
4854;DHT22;3628;6.559;3.386;2026-02-28T21:53:07.782133+00:00;humidity;83.50
4854;DHT22;3628;6.559;3.386;2026-02-28T21:53:07.782133+00:00;temperature;31.80
4853;pms5003;3628;6.559;3.386;2026-02-28T21:58:25.040295+00:00;P2;34.50
4853;pms5003;3628;6.559;3.386;2026-02-28T21:58:25.040295+00:00;P1;52.00
4853;pms5003;3628;6.559;3.386;2026-02-28T21:58:25.040295+00:00;P0;21.00
4854;DHT22;3628;6.559;3.386;2026-02-28T21:58:42.447313+00:00;humidity;83.60
4854;DHT22;3628;6.559;3.386;2026-02-28T21:58:42.447313+00:00;temperature;31.70
4853;pms5003;3628;6.559;3.386;2026-02-28T22:04:03.850422+00:00;P2;32.50
4853;pms5003;3628;6.559;3.386;2026-02-28T22:04:03.850422+00:00;P1;49.50
4853;pms5003;3628;6.559;3.386;2026-02-28T22:04:03.850422+00:00;P0;21.75
4853;pms5003;3628;6.559;3.386;2026-02-28T22:09:27.861407+00:00;P2;30.75
4853;pms5003;3628;6.559;3.386;2026-02-28T22:09:27.861407+00:00;P1;50.00
4853;pms5003;3628;6.559;3.386;2026-02-28T22:09:27.861407+00:00;P0;19.00
4854;DHT22;3628;6.559;3.386;2026-02-28T22:09:45.121342+00:00;humidity;83.00
4854;DHT22;3628;6.559;3.386;2026-02-28T22:09:45.121342+00:00;temperature;31.70
4853;pms5003;3628;6.559;3.386;2026-02-28T22:15:02.471171+00:00;P2;35.40
4853;pms5003;3628;6.559;3.386;2026-02-28T22:15:02.471171+00:00;P1;53.00
4853;pms5003;3628;6.559;3.386;2026-02-28T22:15:02.471171+00:00;P0;22.40
4853;pms5003;3628;6.559;3.386;2026-02-28T22:20:26.534864+00:00;P2;34.25
4853;pms5003;3628;6.559;3.386;2026-02-28T22:20:26.534864+00:00;P1;53.00
4853;pms5003;3628;6.559;3.386;2026-02-28T22:20:26.534864+00:00;P0;23.00
4853;pms5003;3628;6.559;3.386;2026-02-28T22:25:53.513932+00:00;P2;35.25
4853;pms5003;3628;6.559;3.386;2026-02-28T22:25:53.513932+00:00;P1;46.50
4853;pms5003;3628;6.559;3.386;2026-02-28T22:25:53.513932+00:00;P0;22.00
4853;pms5003;3628;6.559;3.386;2026-02-28T22:31:17.111779+00:00;P2;37.25
4853;pms5003;3628;6.559;3.386;2026-02-28T22:31:17.111779+00:00;P1;52.25
4853;pms5003;3628;6.559;3.386;2026-02-28T22:31:17.111779+00:00;P0;24.00
4853;pms5003;3628;6.559;3.386;2026-02-28T22:36:43.747285+00:00;P2;39.00
4853;pms5003;3628;6.559;3.386;2026-02-28T22:36:43.747285+00:00;P1;55.00
4853;pms5003;3628;6.559;3.386;2026-02-28T22:36:43.747285+00:00;P0;25.00
