org_name,reg_date,country,region,reg_year,industry,org_type,org_category
Mauritius Telecom Ltd,2003-08-26,Mauritius,Indian Ocean,2003,Telecommunications,LIR Large,LIR
Telecom Plus Ltd,2000-04-05,Mauritius,Indian Ocean,2000,Telecommunications,LIR Large,LIR
TENET (The UNINET Project),1991-03-01,South Africa,Southern,1991,Education,LIR Small,LIR
Telkom SA Ltd.,1993-08-31,South Africa,Southern,1993,Telecommunications,LIR Very Large,LIR
ZA CENTRAL REGISTRY NPC,1996-07-10,South Africa,Southern,1996,ccTLD,End-User Extra Small,EU-PI
North West University,1997-04-09,South Africa,Southern,1997,Education,End-User Medium,EU-PI
Sanlam Life Insurance Limited,1998-04-17,South Africa,Southern,1998,Other,End-User Very Small,EU-PI
Electronic laboratory Services Pty Ltd,1998-04-29,South Africa,Southern,1998,Other,End-User V6,EU-PI
Angola Telecom,1998-06-04,Angola,Southern,1998,Internet Service Provider,LIR Large,LIR
Naspers,1998-11-02,South Africa,Southern,1998,Other,End-User AS and IP,EU-AS
Vox Telecom Ltd,1998-11-23,South Africa,Southern,1998,Internet Service Provider,LIR Medium,LIR
The Johannesburg Stock Exchange (JSE Limited),1999-08-27,South Africa,Southern,1999,Other,End-User Extra Small,EU-AS
TCM,1996-05-21,South Africa,Southern,1996,Internet Service Provider,LIR Extra Small,LIR
Botswana Telecommunications Corporation,2000-03-02,Botswana,Southern,2000,Telecommunications,LIR Medium,LIR
Nedbank Limited,2000-06-12,South Africa,Southern,2000,Banking / Financial,End-User AS and IP,EU-PI
"MSTelcom-Mercury Servicos de Telecomunicacoes, S.A.R.L",2000-07-24,Angola,Southern,2000,Internet Service Provider,LIR Small,LIR
AFRICA ONLINE ZIMBABWE,2000-10-27,Zimbabwe,Southern,2000,Internet Service Provider,LIR Very Small,LIR
SEACOM KZN (Pty) Ltd,2000-10-30,South Africa,Southern,2000,Internet Service Provider,LIR Very Small,LIR
Telecom Namibia,2001-05-10,Namibia,Southern,2001,Internet Service Provider,LIR Medium,LIR
MAJUBA TECHNOLOGIES(PTY) Limited t/a T-SOL,2001-06-15,South Africa,Southern,2001,Other,LIR Extra Small,LIR
University of Dar es Salaam,1998-08-18,"Tanzania, United Republic of",Eastern,1998,Education,LIR Very Small,LIR
Frogfoot Networks,2001-09-14,South Africa,Southern,2001,Internet Service Provider,LIR Small,LIR
South Africa Reserve Bank,2001-09-20,South Africa,Southern,2001,Banking / Financial,End-User Very Small,EU-PI
Sentech SOC Ltd,2001-10-16,South Africa,Southern,2001,Telecommunications,LIR Very Small,LIR
Government of the Republic of Namibia,2001-11-13,Namibia,Southern,2001,Government,End-User AS and IP,EU-AS
Discovery Health,2002-01-10,South Africa,Southern,2002,Other,End-User Extra Small,EU-PI
Leo (PTY) LTD,2002-02-28,Lesotho,Southern,2002,Internet Service Provider,End-User Very Small,EU-PI
cmcnetworks,2002-05-14,South Africa,Southern,2002,Other,LIR Small,LIR
"Imperial IT , a division of Imperial Group Ltd",2003-05-21,South Africa,Southern,2003,Internet Service Provider,LIR Very Small,LIR
Vodacom,2004-01-22,South Africa,Southern,2004,Telecommunications,LIR Very Large,LIR
YoAfrica (Pvt) Ltd,2003-11-25,Zimbabwe,Southern,2003,Internet Service Provider,LIR Small,LIR
Eduardo Mondlane University,1995-04-05,Mozambique,Southern,1995,Education,End-User Mini,EU-PI
SATCOM - Comunicacoes Satelite Limitada,2004-01-22,Mozambique,Southern,2004,Internet Service Provider,LIR Extra Small,LIR
Webdev CC T/A Cybertek,2004-04-20,South Africa,Southern,2004,Internet Service Provider,End-User AS and IP,EU-AS
eNetworks cc,2004-06-01,South Africa,Southern,2004,Internet Service Provider,LIR Small,LIR
Compute Corporate Technology Solutions,2004-06-04,South Africa,Southern,2004,Internet Service Provider,LIR Extra Small,LIR
SNET ANGOLA,2004-02-03,Angola,Southern,2004,Internet Service Provider,LIR Extra Small,LIR
Cats-Net Limited,2004-06-08,"Tanzania, United Republic of",Eastern,2004,Internet Service Provider,LIR Very Small,LIR
Econet Telecom Lesotho (PTY) LTD,2004-11-01,Lesotho,Southern,2004,Telecommunications,LIR Small,LIR
African Network Information Center - (AfriNIC) Ltd,2004-05-17,Mauritius,Indian Ocean,2004,Regional Internet Registry,End-User Extra Small,RIR
TANZANIA TELECOMMUNICATIONS CO. LTD,2003-12-23,"Tanzania, United Republic of",Eastern,2003,Internet Service Provider,LIR Medium,LIR
IT Dynamics,2014-09-26,South Africa,Southern,2014,Other,End-User Micro,EU-PI
ABSA (Amalgamated Banks of South Africa),1995-03-28,South Africa,Southern,1995,Banking / Financial,End-User V6,EU-PI
Adept Internet (Pty) Ltd CT,2001-02-12,South Africa,Southern,2001,Internet Service Provider,LIR Small,LIR
BCS Group (BCSNet),2001-11-16,South Africa,Southern,2001,Internet Service Provider,LIR Small,LIR
C.E.R.I.S.T.,2007-12-26,Algeria,Northern,2007,Education,End-User AS and IP,EU-PI
Dimension Data,2011-07-13,South Africa,Southern,2011,Internet Service Provider,LIR Very Large,LIR
Investec Bank Ltd,1998-12-04,South Africa,Southern,1998,Banking / Financial,End-User AS and IP,EU-AS
Business Connexion Communications,2003-05-06,South Africa,Southern,2003,Internet Service Provider,LIR Medium,LIR
Liberty Group Limited,1993-03-29,South Africa,Southern,1993,Other,End-User AS and IP,EU-AS
"MTC - Mobile Telecommunications, Ltd.",1995-04-04,Namibia,Southern,1995,Internet Service Provider,LIR Medium,LIR
NIC.MW,2004-01-05,Malawi,Southern,2004,Internet Service Provider,LIR Extra Small,LIR
Rhodes University,2012-11-12,South Africa,Southern,2012,Education,End-User V6,EU-PI
Simbanet (T) Limited,2003-10-10,"Tanzania, United Republic of",Eastern,2003,Internet Service Provider,LIR Small,LIR
SWAZILAND PTC,1999-12-08,Eswatini,Southern,1999,Telecommunications,LIR Small,LIR
TVCABO Mocambique,2003-07-24,Mozambique,Southern,2003,Internet Service Provider,LIR Medium,LIR
University of Cape Town,1989-03-28,South Africa,Southern,1989,Education,End-User Small,EU-AS
University of Mauritius,1994-04-06,Mauritius,Indian Ocean,1994,Education,End-User Micro,EU-PI
University of the Witwatersrand,2008-09-30,South Africa,Southern,2008,Education,End-User AS and IP,EU-AS
University of Botswana,1994-09-27,Botswana,Southern,1994,Education,End-User Micro,EU-PI
University of Pretoria,2012-10-16,South Africa,Southern,2012,Education,End-User Medium,EU-PI
Xnet Internet Services (Pty) Ltd,2004-10-11,South Africa,Southern,2004,Internet Service Provider,LIR Very Small,LIR
Zamnet,2000-06-21,Zambia,Southern,2000,Internet Service Provider,LIR Very Small,LIR
"ONATEL (Office National des Telecommunications, PTT)",1997-06-16,Burkina Faso,Western,1997,Telecommunications,LIR Small,LIR
MTN Network Solutions (Cameroon),2004-11-11,Cameroon,Central,2004,Telecommunications,LIR Medium,LIR
CAMTEL,1997-03-10,Cameroon,Central,1997,Telecommunications,LIR Medium,LIR
DJIBOUTI TELECOM S.A.,2004-02-19,Djibouti,Eastern,2004,Internet Service Provider,LIR Small,LIR
Algerian Academic Research Network,1995-04-26,Algeria,Northern,1995,Education,LIR Small,LIR
Telecom Algeria,2004-10-15,Algeria,Northern,2004,Internet Service Provider,LIR Extra Large,LIR
Algerian Broadcasting (Tele Diffusion d'Algerie TDA),2001-10-02,Algeria,Northern,2001,Internet Service Provider,LIR Very Small,LIR
AFMIC,2002-09-16,Egypt,Northern,2002,Telecommunications,LIR Small,LIR
The American University in Cairo (AUC),1997-10-08,Egypt,Northern,1997,Education,LIR Very Small,LIR
Ministry of Communications and Information Technology,2001-09-25,Egypt,Northern,2001,Government,LIR Medium,LIR
Egypt Centers,2004-08-12,Egypt,Northern,2004,Internet Service Provider,LIR Very Small,LIR
EgyNet,2001-05-18,Egypt,Northern,2001,Internet Service Provider,LIR Extra Small,LIR
Egypt Cyber Center aka ECC Solutions,2001-12-21,Egypt,Northern,2001,Internet Applications Provider,LIR Very Small,LIR
CEQUENS  TECHNOLOGIES-Egyptian Joint-Stock Company,2004-11-01,Egypt,Northern,2004,Telecommunications,LIR Very Small,LIR
TE Data,1998-12-29,Egypt,Northern,1998,Telecommunications,LIR Extra Large,LIR
IDSC,2000-04-12,Egypt,Northern,2000,Government,LIR Medium,LIR
Link Egypt (Link.NET),1999-12-23,Egypt,Northern,1999,Internet Service Provider,LIR Very Large,LIR
Nile Online,2000-04-26,Egypt,Northern,2000,Internet Service Provider,LIR Very Large,LIR
The Noor Group,2000-10-31,Egypt,Northern,2000,Internet Service Provider,LIR Medium,LIR
Vodafone Data,2001-09-21,Egypt,Northern,2001,Internet Service Provider,LIR Very Large,LIR
Eritrea Telecommunication Service corporation (EriTel),2004-05-05,Eritrea,Eastern,2004,Internet Service Provider,LIR Very Small,LIR
Ethio Telecom,1999-11-12,Ethiopia,Eastern,1999,Internet Service Provider,LIR Large,LIR
Gabon Telecom / Office of Posts and Telecommunications of Gabon,2000-02-28,Gabon,Central,2000,Internet Service Provider,LIR Medium,LIR
Ghana Telecommunications Company Limited,2001-04-04,Ghana,Western,2001,Telecommunications,LIR Medium,LIR
Ghana Government (Ministry of Communications),2004-02-10,Ghana,Western,2004,Government,LIR Small,LIR
Vodacom Business (Ghana) Limited,2000-06-08,Ghana,Western,2000,Internet Service Provider,LIR Very Small,LIR
Scancom Limited,2004-05-10,Ghana,Western,2004,Internet Service Provider,LIR Very Large,LIR
Gamtel Co.,1998-05-14,Gambia (the),Western,1998,Internet Service Provider,LIR Small,LIR
AccessKenya Group Ltd,2003-08-26,Kenya,Eastern,2003,Internet Service Provider,LIR Medium,LIR
Internet Solutions (Kenya),1999-02-05,Kenya,Eastern,1999,Other,LIR Small,LIR
Jamii Telecommunications Limited,2005-01-03,Kenya,Eastern,2005,Internet Service Provider,LIR Medium,LIR
Liquid Telecommunications Kenya Limited,2005-02-03,Kenya,Eastern,2005,Internet Service Provider,End-User AS and IP,EU-AS
Kenyan Post & Telecommunications Company / Telkom Kenya Ltd,1998-07-08,Kenya,Eastern,1998,Telecommunications,LIR Large,LIR
MTN Business Kenya,1997-02-20,Kenya,Eastern,1997,Internet Service Provider,LIR Small,LIR
Safaricom Limited,2004-08-02,Kenya,Eastern,2004,Internet Service Provider,LIR Very Large,LIR
Wananchi Group (Kenya) Limited,2000-02-11,Kenya,Eastern,2000,Internet Service Provider,LIR Medium,LIR
General Post and Telecommunication Company (GPTC),1999-11-01,Libya,Northern,1999,Internet Service Provider,LIR Very Small,LIR
Libyan Telecom and Technology,2000-02-17,Libya,Northern,2000,Internet Service Provider,LIR Large,LIR
CNRST (Centre National pour la Recherche Scientifique et Technique),2003-12-22,Morocco,Northern,2003,Education,LIR Small,LIR
MTDS,2004-10-21,Morocco,Northern,2004,Internet Service Provider,LIR Very Small,LIR
Office National des Postes et Telecommunications ONPT (Maroc Telecom) / IAM,1995-06-01,Morocco,Northern,1995,Telecommunications,LIR Extra Large,LIR
AFRIBONE MALI SA,2004-02-24,Mali,Western,2004,Internet Service Provider,LIR Very Small,LIR
Society of Mali's Telecommunications (SOTELMA),2000-04-26,Mali,Western,2000,Internet Service Provider,LIR Very Small,LIR
CEFIB Internet,2004-07-28,Mali,Western,2004,Internet Service Provider,LIR Very Small,LIR
Orange Mali SA,2004-04-01,Mali,Western,2004,Telecommunications,LIR Small,LIR
Mauritanian Telecommunication Company,2003-04-01,Mauritania,Northern,2003,Internet Service Provider,LIR Small,LIR
IS InternetSolutions Limited,2004-05-05,Nigeria,Western,2004,Internet Service Provider,LIR Small,LIR
Cyberspace Limited,1998-11-18,Nigeria,Western,1998,Internet Service Provider,LIR Very Small,LIR
Inq. Digital Nigeria,2000-12-01,Nigeria,Western,2000,Internet Service Provider,LIR Small,LIR
Netcom Africa Limited,2004-11-30,Nigeria,Western,2004,Internet Service Provider,LIR Small,LIR
ipNX Nigeria Limited,2002-08-06,Nigeria,Western,2002,Internet Service Provider,LIR Medium,LIR
21st Century Technologies Limited,2001-08-08,Nigeria,Western,2001,Telecommunications,LIR Very Small,LIR
Q-Kon PTY LTD,2003-04-10,South Africa,Southern,2003,Internet Service Provider,LIR Very Small,LIR
Sudatel (Sudan Telecom Co. Ltd),1998-01-15,Sudan (the),Northern,1998,Internet Service Provider,LIR Medium,LIR
Afcom (SL) Limited,2010-03-22,Sierra Leone,Western,2010,Internet Service Provider,LIR Extra Small,LIR
SONATEL Societe Nationale Des Telecommunications Du Senegal,1999-12-21,Senegal,Western,1999,Internet Service Provider,LIR Large,LIR
CAFE Informatique et telecommunications,2014-01-24,Togo,Western,2014,Other,LIR Very Small,LIR
ATI - Agence Tunisienne Internet,1999-06-09,Tunisia,Northern,1999,ccTLD,LIR Very Large,LIR
MTN Uganda,1999-08-13,Uganda,Eastern,1999,Internet Service Provider,LIR Small,LIR
TV CABO ANGOLA LDA,2005-03-02,Angola,Southern,2005,Internet Service Provider,LIR Medium,LIR
EMTEL LIMITED,2005-03-17,Mauritius,Indian Ocean,2005,Telecommunications,LIR Large,LIR
Mantrac Group,2005-05-13,Egypt,Northern,2005,Other,End-User Extra Small,EU-PI
Xneelo (Pty) Ltd,2005-05-27,South Africa,Southern,2005,Network Services Provider,LIR Medium,LIR
AfriConnect Zambia Ltd,2005-06-02,Zambia,Southern,2005,Internet Service Provider,LIR Very Small,LIR
Wataniya Telecom Algerie,2005-06-06,Algeria,Northern,2005,Internet Service Provider,LIR Very Small,LIR
ITWorx,2005-06-24,Egypt,Northern,2005,Internet Service Provider,End-User Mini,EU-PI
Kanar Telecommunication (Canar Telecom Co.Ltd),2005-06-28,Sudan (the),Northern,2005,Other,LIR Medium,LIR
OPQ Net,2005-06-29,Botswana,Southern,2005,Other,LIR Very Small,LIR
Bibliotheca Alexandrina,2005-07-06,Egypt,Northern,2005,Education,End-User AS and IP,EU-AS
Teledata Mozambique,2005-07-06,Mozambique,Southern,2005,Internet Service Provider,LIR Very Small,LIR
Kokonet Ltd,2005-07-08,Seychelles,Indian Ocean,2005,Internet Service Provider,LIR Extra Small,LIR
City Net Telecom,2005-07-11,Egypt,Northern,2005,Other,LIR Very Small,LIR
K-Net,2005-07-14,Ghana,Western,2005,Other,LIR Very Small,LIR
Zimbabwe Online,2005-07-25,Zimbabwe,Southern,2005,Internet Service Provider,End-User AS and IP,EU-AS
TISPA - Tanzania Internet Service Providers Association,2005-08-02,"Tanzania, United Republic of",Eastern,2005,Other,End-User Extra Small,EU-PI
Airtel Networks Limited,2005-08-16,Nigeria,Western,2005,Telecommunications,LIR Very Large,LIR
Kenya Network Information Centre (KENIC),2005-08-30,Kenya,Eastern,2005,Other,End-User Mini,EU-PI
Ensync Business Solutions (PTY)Ltd,2005-08-30,South Africa,Southern,2005,Other,LIR Very Small,LIR
University of JOS,2005-09-07,Nigeria,Western,2005,Education,End-User Small,EU-PI
Uganda Telecom Ltd,2005-09-16,Uganda,Eastern,2005,Telecommunications,LIR Medium,LIR
Centre Burundais de l'Internet (CBINET SA),2005-09-29,Burundi,Eastern,2005,Internet Service Provider,LIR Extra Small,LIR
QCell Limited,2005-09-29,Gambia (the),Western,2005,Internet Service Provider,LIR Medium,LIR
Wana Corporate,2005-10-12,Morocco,Northern,2005,Internet Service Provider,LIR Very Large,LIR
Intelvision Ltd,2005-10-12,Seychelles,Indian Ocean,2005,Internet Service Provider,LIR Small,LIR
Cybersmart,2005-10-12,South Africa,Southern,2005,Internet Service Provider,LIR Medium,LIR
Multitel Servicos de Telecomunicacoes,2005-10-21,Angola,Southern,2005,Internet Service Provider,LIR Extra Small,LIR
Icosnet SPA,2005-10-26,Algeria,Northern,2005,Internet Service Provider,LIR Large,LIR
Airtel Tanzania,2005-11-21,"Tanzania, United Republic of",Eastern,2005,Telecommunications,LIR Large,LIR
Ecoband Ltd,2005-11-22,Ghana,Western,2005,Internet Service Provider,LIR Very Small,LIR
Mauritius Internet Exchange Point,2005-12-10,Mauritius,Indian Ocean,2005,NGO / Not-For-Profit,End-User Mini,EU-PI
Telone PVT Ltd,2005-12-13,Zimbabwe,Southern,2005,Internet Service Provider,LIR Very Small,LIR
Hai Telecommunications Limited,2005-12-19,Zambia,Southern,2005,Internet Service Provider,End-User AS and IP,EU-AS
Ponto de Intercambio Internet Angola (Angola IXP),2006-01-05,Angola,Southern,2006,Internet Service Provider,End-User Mini,EU-PI
Omnium des Telecom et de l'Internet (OTI Telecom),2006-01-11,Benin,Western,2006,Internet Service Provider,LIR Very Small,LIR
MTN Rwandacell,2006-01-23,Rwanda,Eastern,2006,Internet Service Provider,LIR Medium,LIR
Central Bank of Lesotho,2006-01-31,Lesotho,Southern,2006,Banking / Financial,End-User Micro,EU-PI
Infocom ltd,2006-02-08,Uganda,Eastern,2006,Internet Service Provider,End-User AS and IP,EU-PI
MTN SA,2006-02-10,South Africa,Southern,2006,Internet Service Provider,LIR Very Large,LIR
Commercial International Bank of Egypt,2006-02-23,Egypt,Northern,2006,Banking / Financial,LIR Extra Small,LIR
Ghana Internet Exchange Association,2005-02-25,Ghana,Western,2005,Other,End-User Mini,EU-PI
Mauritius Digital Promotion Agency,2006-03-13,Mauritius,Indian Ocean,2006,Government,LIR Very Small,LIR
Burundi Internet Exchange Point,2006-03-14,Burundi,Eastern,2006,Critical Infrastructure - Other,End-User Micro,EU-PI
Zambia Internet Exchange Point,2006-03-14,Zambia,Southern,2006,IXP,End-User Micro,EU-PI
Posix Systems (Pty) Ltd,2007-01-11,South Africa,Southern,2007,Internet Service Provider,End-User Micro,EU-PI
MTN COTE D'IVOIRE S.A,2006-03-17,Côte d'Ivoire,Western,2006,Internet Service Provider,LIR Very Large,LIR
Platformity CC,2006-03-17,South Africa,Southern,2006,Internet Service Provider,LIR Extra Small,LIR
Vodacom Tanzania Ltd,2006-03-24,"Tanzania, United Republic of",Eastern,2006,Internet Service Provider,LIR Medium,LIR
Togo Telecom,2006-04-04,Togo,Western,2006,Telecommunications,LIR Large,LIR
Real Image Internet,2006-05-10,Eswatini,Southern,2006,Internet Service Provider,LIR Very Small,LIR
The Egyptian Operating Company for Natural Gas Liquefaction Projects SAE,2006-06-01,Egypt,Northern,2006,Other,End-User Extra Small,EU-PI
Creolink Communications,2006-06-01,Cameroon,Central,2006,Internet Service Provider,LIR Small,LIR
RSAWEB (PTY) LTD,2006-06-05,South Africa,Southern,2006,Internet Service Provider,LIR Medium,LIR
Gulfsat Madagascar,2006-06-15,Madagascar,Indian Ocean,2006,Telecommunications,LIR Small,LIR
Angola Comunicacoes & Systems LDA,2006-07-11,Angola,Southern,2006,Internet Service Provider,LIR Extra Small,LIR
Kenya Education Network,2006-07-11,Kenya,Eastern,2006,Education,LIR Large,LIR
ENSTINET,2006-07-13,Egypt,Northern,2006,Education,LIR Very Small,LIR
Digicore Electronics (Pty) Ltd,2006-07-17,South Africa,Southern,2006,Other,End-User Micro,EU-PI
Habari Node Public Limited,2006-07-31,"Tanzania, United Republic of",Eastern,2006,Internet Service Provider,LIR Very Small,LIR
INTERSAT AFRICA LTD,2006-08-07,Kenya,Eastern,2006,Internet Service Provider,LIR Very Small,LIR
Orange Cameroun SA,2006-08-08,Cameroon,Central,2006,Internet Service Provider,LIR Large,LIR
DIAMATRIX C.C,2006-08-17,South Africa,Southern,2006,Internet Service Provider,LIR Very Small,LIR
Echotel International Kenya Limited,2006-08-29,Kenya,Eastern,2006,Internet Service Provider,LIR Very Small,LIR
Flight Centre Travel Group  (PTY) Ltd,2006-09-08,South Africa,Southern,2006,Engineering & Science,End-User Micro,EU-PI
Airtel Networks Kenya Limited,2006-09-20,Kenya,Eastern,2006,Telecommunications,LIR Very Large,LIR
X-DSL Networking Solutions,2006-09-22,South Africa,Southern,2006,Internet Service Provider,LIR Medium,LIR
Telecom Malagasy,2006-10-10,Madagascar,Indian Ocean,2006,Internet Service Provider,LIR Large,LIR
ODUA TELECOMS LTD,2006-10-11,Nigeria,Western,2006,Telecommunications,LIR Extra Small,LIR
KKON Technologies Ltd,2006-10-30,Nigeria,Western,2006,Internet Service Provider,LIR Very Small,LIR
Arusha Art Limited,2006-11-01,"Tanzania, United Republic of",Eastern,2006,Internet Service Provider,LIR Extra Small,LIR
Intelsat,2006-11-01,South Africa,Southern,2006,Internet Service Provider,LIR Medium,LIR
United Bank for Africa,2006-11-15,Nigeria,Western,2006,Banking / Financial,End-User Extra Small,EU-PI
SWIFT NETWORKS LIMITED,2006-11-15,Nigeria,Western,2006,Internet Service Provider,LIR Medium,LIR
Mascom Wireless Ltd,2006-11-23,Botswana,Southern,2006,Telecommunications,LIR Extra Small,LIR
MEDITELECOM,2006-11-28,Morocco,Northern,2006,Internet Service Provider,LIR Very Large,LIR
VOLTA RIVER AUTHORITY,2006-12-06,Ghana,Western,2006,Other,End-User Very Small,EU-PI
Central Bank of Egypt,2006-12-12,Egypt,Northern,2006,Banking / Financial,End-User Micro,EU-PI
Internet Exchange Point of Nigeria,2006-12-13,Nigeria,Western,2006,Other,End-User Extra Small,EU-PI
Mahanagar Telephone (Mauritius) Ltd,2006-12-15,Mauritius,Indian Ocean,2006,Internet Service Provider,LIR Very Small,LIR
"Mocambique Celular, SARL",2006-12-18,Mozambique,Southern,2006,Internet Service Provider,LIR Very Small,LIR
Telecom Namibia,2006-12-18,Namibia,Southern,2006,Telecommunications,LIR Medium,LIR
Airtel Uganda Limited,2006-12-28,Uganda,Eastern,2006,Telecommunications,LIR Very Large,LIR
MTN Nigeria,2007-01-19,Nigeria,Western,2007,Internet Service Provider,LIR Large,LIR
Liquid Telecommunications South Africa (Pty) Ltd,2007-02-21,South Africa,Southern,2007,Internet Service Provider,End-User AS and IP,EU-AS
Microcom Sprl,2007-03-01,Congo (the Democratic Republic of the),Central,2007,Telecommunications,LIR Extra Small,LIR
Comores Telecom,2007-03-19,Comoros (the),Indian Ocean,2007,Telecommunications,LIR Very Small,LIR
TATA Communications,2007-04-06,South Africa,Southern,2007,Other,LIR Small,LIR
City Stars,2007-04-11,Egypt,Northern,2007,Internet Service Provider,End-User Very Small,EU-PI
Ubuntunet Alliance For Research and Education Networking,2007-04-20,Malawi,Southern,2007,Education,End-User Extra Small,EU-PI
Cote d'Ivoire Internet Exchange Point,2007-04-24,Côte d'Ivoire,Western,2007,Other,End-User Mini,EU-PI
 Electronic Communications Network (PTY)  LTD,2007-04-24,South Africa,Southern,2007,Internet Service Provider,LIR Small,LIR
Matrix Telecoms SA,2007-05-10,Cameroon,Central,2007,Internet Service Provider,LIR Very Small,LIR
MTN Zambia,2007-05-15,Zambia,Southern,2007,Telecommunications,LIR Very Small,LIR
Derivco,2007-05-18,South Africa,Southern,2007,Other,LIR Extra Small,LIR
Swazi MTN Ltd,2007-05-29,Eswatini,Southern,2007,Internet Service Provider,LIR Very Small,LIR
MICROACCESS LTD,2007-06-06,Nigeria,Western,2007,Internet Service Provider,LIR Extra Small,LIR
WIA Tanzania,2007-06-13,"Tanzania, United Republic of",Eastern,2007,Internet Service Provider,LIR Very Small,LIR
Teledata ICT Ltd,2007-06-19,Ghana,Western,2007,Internet Service Provider,LIR Small,LIR
Cable & Wireless (Seychelles) Ltd,2007-06-28,Seychelles,Indian Ocean,2007,Internet Service Provider,LIR Small,LIR
Africell Sierra Leone Limited,2007-06-29,Sierra Leone,Western,2007,Telecommunications,LIR Extra Small,LIR
American University of Nigeria - AUN (formerly AAUN),2007-06-29,Nigeria,Western,2007,Education,LIR Extra Small,LIR
Techdynamics (Pvt) Ltd,2007-07-04,South Africa,Southern,2007,Other,End-User Micro,EU-PI
Cell C (Pty) Ltd,2007-07-10,South Africa,Southern,2007,Internet Service Provider,LIR Very Large,LIR
Movicel Telecomunicacoes S.A.,2007-07-10,Angola,Southern,2007,Internet Service Provider,LIR Medium,LIR
Orange Botswana (PTY) Ltd,2007-07-17,Botswana,Southern,2007,Telecommunications,LIR Very Small,LIR
Bell Communications Ltd,2007-07-17,"Tanzania, United Republic of",Eastern,2007,Internet Applications Provider,LIR Very Small,LIR
GPX Egypt LTD,2007-07-31,Egypt,Northern,2007,Other,End-User Mini,EU-PI
IPARTNERS LIMITED,2007-08-03,Nigeria,Western,2007,Other,LIR Very Small,LIR
DATABIT LIMITED,2007-08-06,Kenya,Eastern,2007,Internet Service Provider,LIR Extra Small,LIR
Malawi Telecommunications Limited,2007-08-08,Malawi,Southern,2007,Telecommunications,LIR Very Small,LIR
Moztel LDA,2007-08-08,Mozambique,Southern,2007,Internet Service Provider,LIR Very Small,LIR
MTN SUDAN,2007-08-27,Sudan (the),Northern,2007,Internet Service Provider,LIR Large,LIR
NCBA Bank Kenya Plc,2007-09-05,Kenya,Eastern,2007,Banking / Financial,End-User Mini,EU-PI
Africom Pvt Ltd,2007-09-05,Zimbabwe,Southern,2007,Internet Service Provider,LIR Very Small,LIR
Sonangol,2007-09-13,Angola,Southern,2007,Other,LIR Extra Small,LIR
Egyptian Universities Network (EUN),2007-09-20,Egypt,Northern,2007,Education,LIR Small,LIR
Kenya Airways,2010-01-20,Kenya,Eastern,2010,Other,End-User Mini,EU-PI
EFG Hermes Holding,2007-09-25,Egypt,Northern,2007,NGO / Not-For-Profit,End-User Extra Small,EU-AS
First Bank of NG PLC,2007-09-26,Nigeria,Western,2007,Banking / Financial,End-User Mini,EU-AS
University of Ghana,2007-09-28,Ghana,Western,2007,Education,LIR Small,LIR
Global Micro Solutions,2007-10-02,South Africa,Southern,2007,Internet Service Provider,LIR Very Small,LIR
John Holt Plc,2007-10-04,South Africa,Southern,2007,Other,End-User Micro,EU-AS
Zee Communications Ltd,2007-10-17,"Tanzania, United Republic of",Eastern,2007,Other,LIR Very Small,LIR
Orange Centreafrique,2007-10-17,Central African Republic (the),Central,2007,Internet Service Provider,LIR Extra Small,LIR
Osiris Trading (PTY) LTD,2007-10-23,South Africa,Southern,2007,Internet Service Provider,LIR Extra Small,LIR
GETESA (Orange Equatorial Guinea),2007-11-07,South Africa,Southern,2007,Internet Service Provider,LIR Extra Small,LIR
Google Kenya Limited,2007-11-16,Kenya,Eastern,2007,Other,End-User Mini,EU-PI
ALKAN Telecom,2007-11-19,Egypt,Northern,2007,Internet Service Provider,LIR Extra Small,LIR
Sudanese Mobile Telephone (ZAIN) Co Ltd,2007-12-03,Sudan (the),Northern,2007,Internet Service Provider,LIR Large,LIR
ETISALAT MISR,2007-12-10,Egypt,Northern,2007,Internet Service Provider,LIR Extra Large,LIR
"First City Monument Bank, PLC",2007-12-10,Nigeria,Western,2007,Banking / Financial,End-User Micro,EU-AS
Namibia University of Science and Technology,2007-12-13,Namibia,Southern,2007,Education,End-User Extra Small,EU-PI
Globacom Limited,2007-12-28,Nigeria,Western,2007,Internet Service Provider,LIR Small,LIR
Guaranty Trust Bank Plc,2008-01-09,Nigeria,Western,2008,Banking / Financial,End-User Mini,EU-PI
Xceed Contact Center,2008-01-16,Egypt,Northern,2008,Other,End-User Mini,EU-PI
DATANET.COM LLC,2008-01-29,Uganda,Eastern,2008,Internet Service Provider,LIR Very Small,LIR
ACCESS BANK PLC,2008-02-05,Nigeria,Western,2008,Banking / Financial,End-User Mini,EU-PI
Mauritius Freeport Development Company Ltd,2008-02-06,Mauritius,Indian Ocean,2008,Internet Service Provider,LIR Extra Small,LIR
Liquid Telecommunication Rwanda Limited,2008-02-15,Rwanda,Eastern,2008,Internet Service Provider,End-User AS and IP,EU-AS
Zamani Telecom Niger SA,2008-02-18,Niger (the),Western,2008,Internet Service Provider,LIR Very Small,LIR
Satcom Networks Africa,2008-02-22,"Tanzania, United Republic of",Eastern,2008,Internet Service Provider,LIR Extra Small,LIR
Sancfis Faso SA,2008-02-27,Burkina Faso,Western,2008,Internet Service Provider,LIR Extra Small,LIR
National University of Rwanda,2008-03-13,Rwanda,Eastern,2008,Education,LIR Extra Small,LIR
Mundo Startel SA,2008-03-14,Angola,Southern,2008,Internet Service Provider,LIR Extra Small,LIR
Comsys (GH) Limited,2008-03-17,Ghana,Western,2008,Internet Service Provider,LIR Very Small,LIR
IOCO Infrastructure Services (Pty) Ltd,2008-03-18,South Africa,Southern,2008,Internet Service Provider,LIR Very Small,LIR
Seacom Western Cape (Pty) Ltd,2008-03-24,South Africa,Southern,2008,Internet Service Provider,LIR Small,LIR
AFRINET SA,2008-04-01,Congo (the Democratic Republic of the),Central,2008,Internet Service Provider,LIR Extra Small,LIR
Ethekwini Municipality,2008-04-01,South Africa,Southern,2008,Government,LIR Extra Small,LIR
Galaxy Backbone PLC,2008-04-15,Nigeria,Western,2008,Government,LIR Very Small,LIR
South African Digital Villages (Pty) Ltd,2008-05-12,South Africa,Southern,2008,Internet Service Provider,LIR Small,LIR
Emerging Markets Telecommunication Services (EMTS) Limited,2008-05-23,Nigeria,Western,2008,Internet Hosting Provider,LIR Very Small,LIR
ISOCEL SA,2008-05-23,Benin,Western,2008,Internet Service Provider,LIR Small,LIR
CELTEL DRC,2008-05-23,Congo (the Democratic Republic of the),Central,2008,Telecommunications,LIR Medium,LIR
Rasmilink,2008-06-17,Kenya,Eastern,2008,Internet Service Provider,LIR Extra Small,LIR
Alink Telecom Ghana,2008-06-18,Ghana,Western,2008,Internet Service Provider,LIR Extra Small,LIR
Vodacom Congo,2008-07-03,Congo (the Democratic Republic of the),Central,2008,Internet Service Provider,LIR Very Small,LIR
BANKPHB PLC,2008-07-08,Nigeria,Western,2008,Banking / Financial,End-User Mini,EU-AS
Salt Essential Information Technology,2008-07-08,Namibia,Southern,2008,Internet Service Provider,LIR Extra Small,LIR
Airtel Ghana Limited,2008-07-11,Ghana,Western,2008,Internet Service Provider,LIR Large,LIR
Tangerine Limited,2008-07-11,Kenya,Eastern,2008,Internet Service Provider,LIR Extra Small,LIR
Inq. Digital Limited,2008-07-15,Malawi,Southern,2008,Internet Service Provider,LIR Very Small,LIR
First Rand Bank Limited,2008-07-16,South Africa,Southern,2008,Internet Service Provider,LIR Medium,LIR
MISR Information Services and Trading,2008-07-22,Egypt,Northern,2008,Internet Service Provider,LIR Very Small,LIR
MIC TANZANIA LTD,2008-08-01,"Tanzania, United Republic of",Eastern,2008,Internet Service Provider,LIR Medium,LIR
African Development Bank - AFDB,2008-08-01,Tunisia,Northern,2008,Banking / Financial,End-User Extra Small,EU-PI
"Banco de Fomento Angola, S.A",2008-08-01,Angola,Southern,2008,Banking / Financial,End-User Mini,EU-PI
Orange Madagascar,2008-08-04,Madagascar,Indian Ocean,2008,Telecommunications,LIR Small,LIR
Tanzania Network Information Centre (tzNIC),2008-08-18,"Tanzania, United Republic of",Eastern,2008,Other,End-User Mini,EU-PI
The Egyptian Company for Mobile Services (Mobinil),2008-08-20,Egypt,Northern,2008,Internet Service Provider,LIR Extra Large,LIR
T-Systems International GmbH,2008-08-29,South Africa,Southern,2008,Systems Integration,LIR Medium,LIR
Government of Botswana,2008-09-05,Botswana,Southern,2008,Government,End-User Micro,EU-PI
United Nations Office Nairobi (UNON),2008-09-10,Kenya,Eastern,2008,NGO / Not-For-Profit,LIR Extra Small,LIR
Vodacom Lesotho (Pty) Ltd,2008-09-17,Lesotho,Southern,2008,Internet Service Provider,LIR Small,LIR
Orange (SL) Limited,2008-09-17,Sierra Leone,Western,2008,Telecommunications,LIR Small,LIR
Zenith Bank PLC,2008-09-25,Nigeria,Western,2008,Banking / Financial,End-User AS and IP,EU-AS
University of Lagos,2008-09-25,Nigeria,Western,2008,Education,End-User Small,EU-PI
SKYE BANK PLC,2008-09-29,Nigeria,Western,2008,Banking / Financial,End-User Mini,EU-PI
Atlantique Telecom (Cote d'Ivoire),2008-09-30,Côte d'Ivoire,Western,2008,Telecommunications,LIR Very Small,LIR
Interconnect Clearinghouse Nigeria Ltd,2008-10-20,Nigeria,Western,2008,Internet Applications Provider,End-User Extra Small,EU-PI
"BNI Banco de Negocios Internacional, SA",2008-10-20,Angola,Southern,2008,Banking / Financial,End-User Mini,EU-PI
Roke Investments International Ltd,2008-10-23,Uganda,Eastern,2008,Internet Applications Provider,LIR Very Small,LIR
Ministry of Foreign Affairs,2008-11-11,Egypt,Northern,2008,Government,LIR Extra Small,LIR
Internet Puissance Plus Burkina SA,2008-11-14,Burkina Faso,Western,2008,Internet Service Provider,LIR Very Small,LIR
The Hub Internet Exchange,2008-11-25,South Africa,Southern,2008,Other,End-User Mini,EU-PI
VDT COMMUNICATIONS LIMITED,2008-12-18,Nigeria,Western,2008,Internet Service Provider,LIR Very Small,LIR
The Open University of Tanzania,2009-01-27,"Tanzania, United Republic of",Eastern,2009,Education,End-User Micro,EU-PI
Coega Development Corporation,2009-02-11,South Africa,Southern,2009,Internet Service Provider,LIR Extra Small,LIR
Research and Education Network for Uganda,2009-02-11,Uganda,Eastern,2009,Education,LIR Medium,LIR
Super Tech STL Limited,2009-02-11,Ghana,Western,2009,Telecommunications,LIR Extra Small,LIR
Sancfis Cameroun SA,2009-02-18,Cameroon,Central,2009,Internet Service Provider,LIR Extra Small,LIR
Sudatel Senegal,2009-03-25,Senegal,Western,2009,Internet Service Provider,LIR Small,LIR
DNS Angola,2009-04-16,Angola,Southern,2009,Internet Service Provider,LIR Extra Small,LIR
Telecontract Pvt Ltd,2009-04-24,Zimbabwe,Southern,2009,Internet Service Provider,LIR Very Small,LIR
globe internet limited,2009-04-29,Malawi,Southern,2009,Internet Service Provider,LIR Very Small,LIR
CIELUX TELECOM RDC,2009-05-08,Congo (the Democratic Republic of the),Central,2009,Internet Service Provider,LIR Very Small,LIR
SEACOM Limited,2009-05-28,Mauritius,Indian Ocean,2009,Other,LIR Very Large,LIR
VBN Services,2009-05-29,Botswana,Southern,2009,Internet Service Provider,LIR Very Small,LIR
MESSAGE LABS AFRICA LTD,2009-06-11,Kenya,Eastern,2009,Other,End-User Micro,EU-PI
STANBIC IBTC BANK PLC,2009-06-11,Nigeria,Western,2009,Banking / Financial,End-User AS and IP,EU-AS
Umoya Networks,2009-06-15,South Africa,Southern,2009,Internet Service Provider,LIR Extra Small,LIR
MyISP Limited,2009-06-24,Kenya,Eastern,2009,Internet Service Provider,LIR Very Small,LIR
Tangerine Limited,2009-07-01,Uganda,Eastern,2009,Internet Service Provider,LIR Very Small,LIR
Broadband Innovations,2009-07-01,South Africa,Southern,2009,Internet Service Provider,LIR Very Small,LIR
Dar Al-Handasah,2009-07-06,Egypt,Northern,2009,Other,End-User Micro,EU-AS
Societe Nigerienne des Telecommunications (SONITEL),2009-07-08,Niger (the),Western,2009,Telecommunications,LIR Very Small,LIR
Comtel Communications,2009-07-14,South Africa,Southern,2009,Internet Service Provider,LIR Very Small,LIR
Sierra Leone Internet eXchange,2009-07-17,Sierra Leone,Western,2009,Other,End-User Micro,EU-PI
UNITEL SA,2009-07-27,Angola,Southern,2009,Internet Service Provider,LIR Large,LIR
Layer3 Limited,2009-07-29,Nigeria,Western,2009,Internet Service Provider,LIR Extra Small,LIR
Chinguitel S.A,2009-08-05,Mauritania,Northern,2009,Internet Service Provider,LIR Small,LIR
ETISALAT BENIN,2009-08-14,Benin,Western,2009,Internet Service Provider,LIR Extra Small,LIR
Visafone Communications Limited,2009-08-14,Nigeria,Western,2009,Internet Service Provider,LIR Small,LIR
State Information Technology Agency SOC Ltd,2009-08-21,South Africa,Southern,2009,Government,End-User AS and IP,EU-AS
Gateway Communications (Pty) Ltd,2009-08-27,South Africa,Southern,2009,Internet Service Provider,LIR Very Small,LIR
"Gateway Communications Mozambique, Limidata",2009-08-27,Mozambique,Southern,2009,Internet Service Provider,LIR Small,LIR
Reflex Solutions,2009-08-28,South Africa,Southern,2009,Internet Service Provider,LIR Very Small,LIR
ETI SA,2009-08-31,Guinea,Western,2009,Internet Service Provider,LIR Extra Small,LIR
Societe Congolaise des Postes et Telecommunications (SCPT),2009-08-31,Congo (the Democratic Republic of the),Central,2009,Internet Service Provider,LIR Extra Small,LIR
Unified Payment Services Limited,2009-09-02,Nigeria,Western,2009,Internet Hosting Provider,End-User Micro,EU-PI
Screamer Telecommunications,2009-09-04,South Africa,Southern,2009,Internet Service Provider,LIR Small,LIR
WebRunner Limited,2009-09-07,Kenya,Eastern,2009,Internet Service Provider,LIR Very Small,LIR
BancoBic,2009-09-16,Angola,Southern,2009,Banking / Financial,End-User Micro,EU-PI
Afsat Communications Ltd,2009-09-23,Kenya,Eastern,2009,Internet Service Provider,LIR Small,LIR
Shell Petroleum Development Company of Nigeria,2009-09-28,Nigeria,Western,2009,Other,End-User Small,EU-PI
Al'Akhawayn University,2009-09-28,Morocco,Northern,2009,Education,End-User Very Small,EU-PI
Oracle Cote d'Ivoire,2009-09-28,Côte d'Ivoire,Western,2009,Other,End-User Micro,EU-PI
Mozambique Research & Education Network - MoRENet,2009-10-01,Mozambique,Southern,2009,Education,LIR Medium,LIR
"IS - Internet Solutions Mozambique, Limitada",2009-10-09,Mozambique,Southern,2009,Internet Service Provider,LIR Very Small,LIR
University of Ibadan,2009-10-16,Nigeria,Western,2009,Education,LIR Extra Small,LIR
Raya Holding,2009-11-06,Egypt,Northern,2009,Internet Service Provider,LIR Very Small,LIR
Xtranet Communications Ltd,2009-11-08,Kenya,Eastern,2009,Internet Service Provider,LIR Extra Small,LIR
Zambia Telecommunications Company Ltd aka ZAMTEL,2009-11-08,Zambia,Southern,2009,Telecommunications,LIR Large,LIR
Unique Solutions Company Limited,2009-11-22,Gambia (the),Western,2009,Internet Applications Provider,LIR Very Small,LIR
Alexandre Miller cc t/a Imaginet,2009-11-23,South Africa,Southern,2009,Internet Service Provider,LIR Extra Small,LIR
Benwest Internet Services ta Imagine IPS,2009-11-24,South Africa,Southern,2009,Internet Service Provider,LIR Extra Small,LIR
Grindrod Management Services (Pty) Ltd,2009-12-07,South Africa,Southern,2009,Other,End-User Extra Small,EU-PI
IPSYSTEM S.A,2009-12-24,Burkina Faso,Western,2009,Internet Service Provider,LIR Extra Small,LIR
Airtel Malawi Ltd,2009-12-30,Malawi,Southern,2009,Telecommunications,LIR Large,LIR
The University of Dodoma,2010-01-13,"Tanzania, United Republic of",Eastern,2010,Education,LIR Extra Small,LIR
Mitsol (Pty) Ltd,2010-02-05,South Africa,Southern,2010,Internet Service Provider,LIR Very Small,LIR
e-finance,2010-02-16,Egypt,Northern,2010,Banking / Financial,LIR Extra Small,LIR
ALPHA-BETA CONSULTING LIMITED LIABILITY PARTNERSHIP,2010-02-16,Nigeria,Western,2010,Other,End-User Mini,EU-PI
Africa Independent Network Exchange (Pty) LTD (AfricaINX),2010-02-18,South Africa,Southern,2010,Other,LIR Small,LIR
South African Airways,2010-02-22,South Africa,Southern,2010,Other,End-User Mini,EU-PI
Hormuud Telecom Somalia INC,2010-02-22,Somalia,Eastern,2010,Telecommunications,LIR Extra Small,LIR
Tanzania Education And Research Network,2010-03-02,"Tanzania, United Republic of",Eastern,2010,Education,LIR Small,LIR
Utande Internet Services (Pvt) Ltd,2010-03-05,Zimbabwe,Southern,2010,Other,LIR Very Small,LIR
Powertel Communications,2010-03-09,Zimbabwe,Southern,2010,Internet Applications Provider,LIR Extra Small,LIR
NAPAfrica,2010-03-15,South Africa,Southern,2010,Data Processing Services,End-User Extra Small,EU-PI
Aljeel Aljadeed For Technology,2010-03-22,Libya,Northern,2010,Telecommunications,LIR Small,LIR
Electronic Connections Limitied,2010-03-22,Nigeria,Western,2010,Internet Service Provider,LIR Extra Small,LIR
Altron TMT (Pty) Ltd,2010-03-22,South Africa,Southern,2010,Internet Hosting Provider,LIR Small,LIR
Voix Networks Ltd,2010-03-24,Nigeria,Western,2010,Internet Service Provider,LIR Extra Small,LIR
Nigeria National Petroleum Corporation,2010-04-02,Nigeria,Western,2010,Government,End-User Micro,EU-PI
SimbaNET Nigeria Limited,2010-04-02,Nigeria,Western,2010,Internet Service Provider,LIR Very Small,LIR
Sudanese Research and Education Network,2010-04-07,Sudan (the),Northern,2010,Education,LIR Medium,LIR
Vanilla,2010-04-12,South Africa,Southern,2010,Internet Service Provider,LIR Small,LIR
Uganda Internet eXchange Point,2010-04-13,Uganda,Eastern,2010,NGO / Not-For-Profit,End-User Extra Small,EU-PI
"University of Education, Winneba",2010-04-13,Ghana,Western,2010,Education,LIR Very Small,LIR
Atlantique Telecom Niger,2010-04-15,Niger (the),Western,2010,Telecommunications,LIR Extra Small,LIR
Bank Windhoek,2010-04-15,Namibia,Southern,2010,Banking / Financial,End-User Micro,EU-PI
"University Of Port Harcourt, Nigeria",2010-04-15,Nigeria,Western,2010,Education,LIR Extra Small,LIR
Liberia Telecommunications Corporation (libtelco),2010-04-16,Liberia,Western,2010,Telecommunications,LIR Very Small,LIR
National Bank of Kenya,2010-04-22,Kenya,Eastern,2010,Banking / Financial,End-User Mini,EU-PI
Central Bank of Uganda,2010-04-22,Uganda,Eastern,2010,Banking / Financial,End-User Extra Small,EU-PI
Vodacom Mocambique S.A,2010-04-23,Mozambique,Southern,2010,Telecommunications,LIR Medium,LIR
Hyperia Limited,2010-04-30,Nigeria,Western,2010,Internet Service Provider,LIR Very Small,LIR
Certified Technology Services Ltd,2010-05-12,Ghana,Western,2010,Internet Service Provider,LIR Extra Small,LIR
Zenith Bank Ghana Ltd,2010-05-12,Ghana,Western,2010,Banking / Financial,End-User Extra Small,EU-PI
Malawi Research and Education Network - MAREN,2010-05-12,Malawi,Southern,2010,Education,LIR Small,LIR
Milan Cable,2010-05-17,"Tanzania, United Republic of",Eastern,2010,Internet Service Provider,LIR Very Small,LIR
Swifttalk Limited,2010-05-25,Nigeria,Western,2010,Internet Service Provider,LIR Very Small,LIR
Cobranet Limited,2010-05-27,Nigeria,Western,2010,Internet Service Provider,LIR Small,LIR
South African National Space Agency (SANSA),2010-06-07,South Africa,Southern,2010,Government,LIR Very Small,LIR
Information and Communications Technology Authority,2010-06-11,Kenya,Eastern,2010,Government,LIR Extra Small,LIR
Rwanda Internet Exchange Point (RINEX) c/o RICTA,2010-06-18,Rwanda,Eastern,2010,NGO / Not-For-Profit,LIR Extra Small,EU-PI
Netwide Internet Services cc,2010-06-19,South Africa,Southern,2010,Internet Service Provider,LIR Very Small,LIR
ATLANTIQUE TELECOM TOGO,2010-06-29,Togo,Western,2010,Telecommunications,LIR Extra Small,LIR
Broad Based Communications Limited,2010-07-05,Nigeria,Western,2010,Telecommunications,LIR Extra Small,LIR
ETC (Pty) Ltd,2010-07-05,South Africa,Southern,2010,Internet Hosting Provider,LIR Extra Small,LIR
Egyptair,2010-07-09,Egypt,Northern,2010,Government,LIR Extra Small,LIR
Mimecast South Africa,2010-07-09,South Africa,Southern,2010,Internet Applications Provider,LIR Very Small,LIR
ICTGlobe Management (Pty) Ltd,2010-07-15,South Africa,Southern,2010,Internet Service Provider,LIR Small,LIR
DT DOBIE KENYA LTD,2010-07-16,Kenya,Eastern,2010,Other,End-User Micro,EU-PI
Jhpiego Corporation,2010-07-28,Kenya,Eastern,2010,Other,End-User Micro,EU-PI
Afrihost (Pty) Ltd,2010-07-30,South Africa,Southern,2010,Internet Service Provider,LIR Large,LIR
ISPA SA,2010-07-30,South Africa,Southern,2010,NGO / Not-For-Profit,End-User Extra Small,EU-PI
NIC Bank,2010-08-02,Kenya,Eastern,2010,Other,End-User Micro,EU-PI
Universite de Bamako,2010-08-03,Mali,Western,2010,Education,End-User Very Small,EU-PI
Zambia Research and Education Network (ZAMREN),2010-08-04,Zambia,Southern,2010,Education,LIR Medium,LIR
GB Auto,2010-08-06,Egypt,Northern,2010,Other,End-User Mini,EU-PI
Phase3 Telecom Limited,2010-08-06,Nigeria,Western,2010,Internet Service Provider,LIR Very Small,LIR
Computer Warehouse group,2010-08-12,Nigeria,Western,2010,Internet Service Provider,LIR Extra Small,LIR
NamPower,2010-08-20,Namibia,Southern,2010,Other,End-User Micro,EU-PI
Banco Keve,2010-08-25,Angola,Southern,2010,Banking / Financial,End-User Micro,EU-PI
Green Flash Trading,2010-08-27,South Africa,Southern,2010,Internet Service Provider,LIR Very Small,LIR
Broadband Botswana Internet,2010-09-07,Botswana,Southern,2010,Internet Service Provider,LIR Very Small,LIR
National Information Center (NIC),2010-09-09,Sudan (the),Northern,2010,Internet Hosting Provider,LIR Very Small,LIR
Defence Intelligence Agency,2010-09-09,Nigeria,Western,2010,Government,End-User Micro,EU-PI
Ahmadu Bello University Zaria Nigeria,2010-09-16,Nigeria,Western,2010,Education,End-User Very Small,EU-PI
Cipherwave,2010-09-22,South Africa,Southern,2010,Internet Service Provider,LIR Small,LIR
The Rockefeller Foundation,2010-09-22,Kenya,Eastern,2010,NGO / Not-For-Profit,End-User Mini,EU-PI
Association of African Universities,2010-09-27,Ghana,Western,2010,Education,End-User Micro,EU-PI
JASCO CONVERGED SOLUTIONS (Pty) Ltd,2010-09-29,South Africa,Southern,2010,Internet Service Provider,LIR Very Small,LIR
Amobia Communications,2010-10-08,South Africa,Southern,2010,Internet Service Provider,LIR Very Small,LIR
 Ghana-India Kofi Annan Centre of Excellence in ICT,2010-10-13,Ghana,Western,2010,Government,End-User Micro,EU-PI
Banco Caixa Geral Totta de Angola,2010-10-15,Angola,Southern,2010,Banking / Financial,End-User Micro,EU-PI
Workonline Communications(Pty) Ltd,2010-10-18,South Africa,Southern,2010,Internet Service Provider,LIR Very Small,LIR
Information Connectivity Solutions Limited,2010-10-21,Nigeria,Western,2010,Internet Service Provider,LIR Very Small,LIR
ZIMBABWE OPEN UNIVERSITY,2010-10-29,Zimbabwe,Southern,2010,Education,End-User Micro,EU-PI
"C. M. Corporation, LDA",2010-11-03,Angola,Southern,2010,Internet Service Provider,LIR Extra Small,LIR
Bandwidth and Cloud Services Group Ltd,2010-11-04,Uganda,Eastern,2010,Internet Service Provider,LIR Very Small,LIR
VOffice Solutions,2010-11-10,South Africa,Southern,2010,Other,LIR Very Small,LIR
Egyptian Banks Company,2010-11-12,Egypt,Northern,2010,Banking / Financial,End-User Micro,EU-PI
Limelight Networks,2010-11-15,South Africa,Southern,2010,Internet Service Provider,LIR Small,LIR
University of Abuja,2010-11-19,Nigeria,Western,2010,Education,End-User Small,EU-PI
Ghana Dot Com Ltd,2010-11-24,Ghana,Western,2010,Internet Service Provider,LIR Very Small,LIR
Mainone Cable Company,2010-11-29,Nigeria,Western,2010,Internet Service Provider,LIR Medium,LIR
National University of Science and Technology,2010-11-30,Zimbabwe,Southern,2010,Education,End-User Very Small,EU-PI
Nigeria ICT Forum of Partnership Institutions,2010-12-16,Nigeria,Western,2010,Education,LIR Extra Small,LIR
Zain Zambia PLC,2010-12-17,Zambia,Southern,2010,Internet Service Provider,LIR Large,LIR
West and Central African Research Network,2010-12-20,Senegal,Western,2010,Education,End-User Extra Small,EU-PI
Steam Broadcasting and Communications Limited,2011-01-07,Nigeria,Western,2011,Internet Service Provider,LIR Very Small,LIR
Broadband Infraco,2011-01-07,South Africa,Southern,2011,Internet Service Provider,LIR Extra Small,LIR
Access Communications Ltd,2011-01-07,Malawi,Southern,2011,Internet Service Provider,LIR Extra Small,LIR
Airtel Madagascar,2011-01-07,Madagascar,Indian Ocean,2011,Internet Service Provider,LIR Small,LIR
Telemasters,2011-01-21,South Africa,Southern,2011,Internet Service Provider,LIR Very Small,LIR
Nnamdi Azikiwe University,2011-01-27,Nigeria,Western,2011,Education,End-User Very Small,EU-PI
Sabinet  Gateway,2011-01-27,South Africa,Southern,2011,NGO / Not-For-Profit,End-User AS and IP,EU-AS
Usmanu Danfodiyo University,2011-01-28,Nigeria,Western,2011,Education,LIR Small,LIR
Medallion Communications,2011-02-02,Nigeria,Western,2011,Internet Service Provider,LIR Extra Small,LIR
Dube TradePort,2011-02-15,South Africa,Southern,2011,Internet Service Provider,LIR Extra Small,LIR
Smart Technology Centre (PTY) LTD,2011-02-16,South Africa,Southern,2011,Internet Service Provider,LIR Very Small,LIR
Equity Bank Ltd,2011-02-16,Kenya,Eastern,2011,Banking / Financial,End-User Extra Small,EU-PI
iPi9,2011-02-22,Gabon,Central,2011,Internet Service Provider,LIR Small,LIR
Webstorm (Pty) LTD,2011-02-23,South Africa,Southern,2011,Internet Service Provider,LIR Extra Small,LIR
"Obafemi Awolowo University, Ife",2011-02-23,Nigeria,Western,2011,Education,End-User Small,EU-PI
TELEKOM NETWORKS MALAWI LTD,2011-03-01,Malawi,Southern,2011,Internet Service Provider,LIR Medium,LIR
Afcom Satellite Networks Nigeria Limited,2011-03-04,Nigeria,Western,2011,Internet Service Provider,LIR Extra Small,LIR
Internet Exchange Point Association of Lesotho,2011-03-08,Lesotho,Southern,2011,NGO / Not-For-Profit,End-User Micro,EU-PI
Tullow Ghana Ltd,2011-03-09,Ghana,Western,2011,Other,End-User Mini,EU-PI
Alliance for a Green Revolution in Africa,2011-03-17,Kenya,Eastern,2011,NGO / Not-For-Profit,End-User Micro,EU-PI
Frontier Optical Networks Ltd,2011-03-18,Kenya,Eastern,2011,Internet Service Provider,LIR Very Small,LIR
Clickatell PTY(LTD),2011-03-30,South Africa,Southern,2011,Other,End-User Extra Small,EU-PI
SPECTRANET LIMITED,2011-03-31,Nigeria,Western,2011,Internet Service Provider,LIR Medium,LIR
Inq Digital South Africa (Pty) Ltd,2011-04-06,South Africa,Southern,2011,Internet Service Provider,LIR Very Small,LIR
Direct Transact (Pty) Ltd,2011-04-08,South Africa,Southern,2011,Banking / Financial,End-User Mini,EU-PI
"Banco Economico,S.A",2011-04-13,Angola,Southern,2011,Banking / Financial,End-User Micro,EU-PI
Guaranty Trust Bank (Kenya) Ltd,2011-04-19,Kenya,Eastern,2011,Banking / Financial,End-User Micro,EU-PI
SawaSawa.com,2011-04-20,Kenya,Eastern,2011,Internet Service Provider,LIR Extra Small,LIR
Netpage Company Limited,2011-04-26,Gambia (the),Western,2011,Internet Service Provider,LIR Very Small,LIR
Global Internet Company,2011-05-05,Somalia,Eastern,2011,Internet Service Provider,LIR Very Small,LIR
Network Information Center Madagascar - NIC-MG,2011-05-05,Madagascar,Indian Ocean,2011,NGO / Not-For-Profit,End-User Micro,EU-PI
Simbanet Com (K) Ltd,2011-05-05,Kenya,Eastern,2011,Internet Service Provider,LIR Small,LIR
RCS-Communication,2011-05-06,South Sudan,Northern,2011,Internet Service Provider,LIR Very Small,LIR
Wema Bank Plc,2011-05-10,Nigeria,Western,2011,Banking / Financial,End-User Micro,EU-PI
Frampol Investments,2011-05-10,Zimbabwe,Southern,2011,Internet Service Provider,LIR Extra Small,LIR
ELECTRO METIC ENTERPRISES PTY LTD,2011-05-10,Botswana,Southern,2011,Internet Service Provider,LIR Extra Small,LIR
INFOGENIE Technologies,2011-05-17,Cameroon,Central,2011,Internet Service Provider,LIR Extra Small,LIR
National University of Lesotho,2011-05-17,Lesotho,Southern,2011,Education,LIR Very Small,LIR
Econet - Leo SA,2011-05-26,Burundi,Eastern,2011,Internet Service Provider,LIR Extra Small,LIR
MUNI S.A,2011-05-27,Equatorial Guinea,Central,2011,Internet Service Provider,LIR Extra Small,LIR
Network International Payment Services,2011-05-27,Egypt,Northern,2011,Banking / Financial,End-User Micro,EU-PI
Telecel Zimbabwe,2011-05-31,Zimbabwe,Southern,2011,Internet Service Provider,LIR Extra Small,LIR
"Movitel, SA",2011-05-31,Mozambique,Southern,2011,Internet Service Provider,LIR Medium,LIR
Telecom Seychelles Limited,2011-05-31,Seychelles,Indian Ocean,2011,Internet Service Provider,LIR Small,LIR
Davis & Shirtliff Ltd,2011-06-12,Kenya,Eastern,2011,Other,End-User Micro,EU-PI
NGCOM,2011-06-13,Nigeria,Western,2011,Internet Service Provider,LIR Very Small,LIR
Cairo American College,2011-06-14,Egypt,Northern,2011,Education,End-User Mini,EU-PI
Tanzania Ports Authority,2011-06-15,"Tanzania, United Republic of",Eastern,2011,Government,End-User Micro,EU-PI
Aptus Solutions Ltd,2011-06-28,"Tanzania, United Republic of",Eastern,2011,Internet Service Provider,LIR Very Small,LIR
Dimension Data Ltd,2011-06-29,Ghana,Western,2011,Internet Service Provider,LIR Small,LIR
iConnectSA (Pty) Ltd,2011-06-30,South Africa,Southern,2011,Internet Service Provider,LIR Small,LIR
Zimbabwe Internet Exchange,2011-07-07,Zimbabwe,Southern,2011,NGO / Not-For-Profit,End-User Mini,EU-PI
Huge Networks (Pty) Ltd,2011-07-13,South Africa,Southern,2011,Internet Service Provider,LIR Small,LIR
BitCo,2011-07-13,South Africa,Southern,2011,Internet Service Provider,LIR Small,LIR
MALAWI SWITCH CENTRE LIMITED,2011-07-14,Malawi,Southern,2011,Internet Service Provider,LIR Extra Small,LIR
Genious Communications,2011-07-14,Morocco,Northern,2011,Internet Service Provider,LIR Very Small,LIR
Faircape,2011-07-21,South Africa,Southern,2011,Internet Service Provider,LIR Very Small,LIR
TANZANIA COMMUNICATIONS  REGULATORY AUTHORITY (TCRA),2011-07-21,"Tanzania, United Republic of",Eastern,2011,Government,End-User Extra Small,EU-PI
Banco National Angola (BNA),2011-08-03,Angola,Southern,2011,Banking / Financial,End-User Micro,EU-PI
Metropolitan Health Corporate Ltd,2011-08-11,South Africa,Southern,2011,Other,LIR Extra Small,LIR
Bluedust Wireless,2011-08-15,South Africa,Southern,2011,Internet Service Provider,LIR Extra Small,LIR
Afrique Technologies & Services (VipNet),2011-08-22,Côte d'Ivoire,Western,2011,Internet Service Provider,LIR Very Small,LIR
FUTURECOM LIMITED,2011-09-08,Nigeria,Western,2011,Internet Service Provider,LIR Extra Small,LIR
Go2Cloud,2011-08-29,South Africa,Southern,2011,Other,LIR Extra Small,LIR
Ashesi University College,2011-09-07,Ghana,Western,2011,Education,LIR Extra Small,LIR
CEC LIQUID TELECOM,2011-09-08,Zambia,Southern,2011,Internet Service Provider,End-User AS and IP,EU-AS
Zain South Sudan,2011-09-12,South Sudan,Northern,2011,Internet Service Provider,LIR Extra Small,LIR
Social Security And National Insurance Trust,2011-09-13,Ghana,Western,2011,Government,End-User Micro,EU-PI
Malawi Internet Service Providers Association - MISPA,2011-10-03,Malawi,Southern,2011,NGO / Not-For-Profit,End-User Extra Small,EU-PI
Nigerian Communications Satellite Ltd,2012-04-26,Nigeria,Western,2012,Internet Service Provider,LIR Small,LIR
Abari Communications,2011-11-17,Botswana,Southern,2011,Internet Service Provider,LIR Very Small,LIR
Companhia Santomense de Telecomunicacoes,2011-10-25,Sao Tome and Principe,Central,2011,Internet Service Provider,LIR Very Small,LIR
"UNITEL T+ Telecomunicacoes, Sociedade Unipessoal, S.A.",2011-10-25,Cabo Verde,Western,2011,Internet Service Provider,LIR Extra Small,LIR
Esmalo Enterprises,2011-10-28,Zimbabwe,Southern,2011,Internet Service Provider,End-User AS and IP,EU-AS
Reunicable SAS,2011-11-11,Reunion,Indian Ocean,2011,Internet Service Provider,LIR Medium,LIR
Info-Gro (PTY) Ltd,2011-12-08,South Africa,Southern,2011,Internet Service Provider,LIR Very Small,LIR
Juniper solutions Limited,2011-11-24,Nigeria,Western,2011,Internet Service Provider,LIR Extra Small,LIR
Switch Telecom,2011-11-24,South Africa,Southern,2011,Other,End-User Extra Small,EU-PI
Telesure Group Services,2011-12-07,South Africa,Southern,2011,Other,End-User Mini,EU-PI
Levant Pro Limited,2011-12-09,Nigeria,Western,2011,Internet Service Provider,LIR Extra Small,LIR
University of Nigeria,2011-12-12,Nigeria,Western,2011,Education,End-User Medium,EU-PI
Africanbank,2012-03-07,South Africa,Southern,2012,Banking / Financial,End-User Mini,EU-PI
First in Business Solutions,2012-01-19,South Africa,Southern,2012,Internet Service Provider,LIR Extra Small,LIR
National Water And Sewerage Corporation,2011-12-21,Uganda,Eastern,2011,Government,End-User Micro,EU-PI
Broadband Systems Corporation,2011-12-29,Rwanda,Eastern,2011,Internet Service Provider,LIR Medium,LIR
Lonestar Communications Corporation,2012-01-13,Liberia,Western,2012,Internet Service Provider,LIR Very Small,LIR
The Packet Hub,2012-01-20,South Africa,Southern,2012,Internet Service Provider,LIR Extra Small,LIR
Hymax Talking Solutions,2012-01-20,South Africa,Southern,2012,Internet Service Provider,LIR Very Small,LIR
PAYNET KENYA LIMITED,2012-01-27,Kenya,Eastern,2012,Banking / Financial,End-User Micro,EU-PI
Centracom,2012-02-03,South Africa,Southern,2012,Telecommunications,LIR Very Small,LIR
Guaranty Trust Bank Sierra Leone Limited,2012-02-05,Sierra Leone,Western,2012,Banking / Financial,End-User Micro,EU-PI
SomCable,2012-02-05,Somalia,Eastern,2012,Internet Service Provider,LIR Extra Small,LIR
Tanzania Revenue Authority,2012-02-09,"Tanzania, United Republic of",Eastern,2012,Government,End-User Micro,EU-PI
Cellcom Guinea,2012-02-10,Guinea,Western,2012,Internet Service Provider,LIR Extra Small,LIR
Cellulant LTD,2012-02-14,Kenya,Eastern,2012,Other,LIR Very Small,LIR
CI Capital Holding,2012-02-15,Egypt,Northern,2012,Banking / Financial,LIR Extra Small,LIR
ASSET MANAGEMENT CORPORATION OF NIGERIA,2012-02-29,Nigeria,Western,2012,Government,End-User Micro,EU-PI
Black Currant Consultant cc,2012-08-10,South Africa,Southern,2012,Internet Service Provider,LIR Extra Small,LIR
SPACETEL BENIN SA,2012-02-23,Benin,Western,2012,Telecommunications,LIR Extra Small,LIR
VDC Telecom,2012-03-08,Guinea,Western,2012,Telecommunications,LIR Extra Small,LIR
Clear Access (Pty) Ltd,2012-02-23,South Africa,Southern,2012,Internet Service Provider,LIR Small,LIR
SPIDERNET SPRL BURUNDI,2012-03-08,Burundi,Eastern,2012,Internet Service Provider,LIR Extra Small,LIR
Internet service provider association - DRC,2012-03-08,Congo (the Democratic Republic of the),Central,2012,NGO / Not-For-Profit,End-User Extra Small,EU-PI
Burundi Backbone System SM,2012-03-09,Burundi,Eastern,2012,Internet Service Provider,LIR Very Small,LIR
Nigeria Internet Registration Association,2012-03-09,Nigeria,Western,2012,NGO / Not-For-Profit,LIR Extra Small,LIR
ORANGE RDC,2012-03-13,Congo (the Democratic Republic of the),Central,2012,Internet Service Provider,LIR Very Small,LIR
ITELNET,2012-03-15,Angola,Southern,2012,Internet Service Provider,LIR Extra Small,LIR
Gijima Holdings (PTY) Limited,2012-03-22,South Africa,Southern,2012,Internet Hosting Provider,LIR Medium,LIR
INTIC (National Institute of ICT),2012-03-29,Mozambique,Southern,2012,Government,LIR Extra Small,LIR
BOWEN UNIVERSITY,2012-03-30,Nigeria,Western,2012,Education,End-User Micro,EU-PI
Tagtel Communications (Pvt) Ltd,2012-03-30,Zimbabwe,Southern,2012,Internet Service Provider,LIR Extra Small,LIR
Airtel Rwanda Ltd,2012-04-03,Rwanda,Eastern,2012,Internet Service Provider,LIR Small,LIR
Forcepoint Mauritius,2012-04-30,Mauritius,Indian Ocean,2012,Internet Hosting Provider,End-User Mini,EU-PI
SCCT,2012-04-30,Egypt,Northern,2012,Other,End-User Micro,EU-PI
Etranzact Int'l Plc,2012-05-01,Nigeria,Western,2012,Other,LIR Extra Small,LIR
ONLIME SL LIMITED,2012-05-21,Sierra Leone,Western,2012,Internet Service Provider,LIR Extra Small,LIR
Central Bank of Nigeria,2012-05-24,Nigeria,Western,2012,Government,End-User Extra Small,EU-PI
Ethiopian Educational Research Network (EthERNet),2012-05-30,Ethiopia,Eastern,2012,Education,LIR Medium,LIR
Bharat Telecom Ltd,2012-05-30,Mauritius,Indian Ocean,2012,Internet Service Provider,LIR Very Small,LIR
Telesom,2012-06-07,Somalia,Eastern,2012,Internet Service Provider,LIR Small,LIR
BNH Communication Solutions,2012-06-07,"Tanzania, United Republic of",Eastern,2012,Internet Service Provider,LIR Extra Small,LIR
ORANGE GUINEE,2012-06-14,Guinea,Western,2012,Internet Service Provider,LIR Small,LIR
INDEPENDENT NEWSPAPERS (PTY) LTD,2023-07-25,South Africa,Southern,2023,Advertising & Media,End-User AS and IP,EU-PI
Iclix (PTY) Ltd,2012-06-18,South Africa,Southern,2012,Internet Service Provider,LIR Small,LIR
PRESTABIST,2012-06-18,Chad,Western,2012,Internet Service Provider,LIR Extra Small,LIR
MTN CONGO,2012-06-19,Congo (the),Central,2012,Telecommunications,LIR Medium,LIR
I-Net Bridge,2012-07-02,South Africa,Southern,2012,Telecommunications,LIR Extra Small,LIR
Angola Cables,2012-07-02,Angola,Southern,2012,Internet Service Provider,LIR Very Small,LIR
Kenya Red Cross,2012-07-04,Kenya,Eastern,2012,NGO / Not-For-Profit,End-User Micro,EU-PI
ARPCE,2012-07-04,Congo (the),Central,2012,Telecommunications Regulators,End-User Extra Small,EU-PI
Aga Khan University,2012-07-09,"Tanzania, United Republic of",Eastern,2012,Education,End-User Mini,EU-PI
University of the Free State,2012-07-12,South Africa,Southern,2012,Education,End-User Medium,EU-PI
Mozabanco,2012-07-13,Mozambique,Southern,2012,Other,End-User Micro,EU-PI
Mantrac Ghana ltd,2012-07-13,Ghana,Western,2012,Other,End-User Micro,EU-PI
Telviva (Pty) Ltd,2012-07-13,South Africa,Southern,2012,Internet Service Provider,LIR Extra Small,LIR
 Data Control and Systems,2012-07-19,Zimbabwe,Southern,2012,Telecommunications,End-User AS and IP,EU-AS
Lasernet (Pty) Ltd,2012-07-24,South Africa,Southern,2012,Internet Service Provider,LIR Very Small,LIR
Echotel Pty Ltd,2013-06-18,South Africa,Southern,2013,Telecommunications,LIR Very Small,LIR
guineanet,2012-08-03,Equatorial Guinea,Central,2012,Telecommunications,LIR Very Small,LIR
ABARI COMMUNICATIONS MOZAMBIQUE LDA,2012-08-07,Mozambique,Southern,2012,Telecommunications,LIR Extra Small,LIR
ASO Savings & Loans PLC,2012-08-08,Nigeria,Western,2012,Other,End-User Micro,EU-PI
Eko-Konnect Research and Education Initiative,2012-08-28,Nigeria,Western,2012,NGO / Not-For-Profit,End-User Extra Small,EU-PI
Orange Tunisie,2012-08-22,Tunisia,Northern,2012,Internet Service Provider,LIR Very Large,LIR
UAP Holdings Limited,2012-09-24,Kenya,Eastern,2012,Other,End-User Micro,EU-PI
Network Platforms (PTY) LTD,2012-09-21,South Africa,Southern,2012,Internet Service Provider,LIR Very Small,LIR
Autorite de Regulation des Communications Electroniques et des Postes,2012-09-24,Burkina Faso,Western,2012,Government,End-User Mini,EU-PI
Craft Silicon Ltd,2012-09-27,Kenya,Eastern,2012,Internet Service Provider,End-User Micro,EU-PI
EO Data Center,2012-10-15,Tunisia,Northern,2012,Internet Service Provider,End-User AS and IP,EU-AS
Dapit Ventures (PTY) Ltd t/a GCSat  Botswana,2012-10-16,Botswana,Southern,2012,Internet Service Provider,LIR Extra Small,LIR
 ISSALNET SARL,2012-10-16,Algeria,Northern,2012,Internet Service Provider,LIR Extra Small,LIR
Zinox Telecommunications Limited,2012-10-16,Nigeria,Western,2012,Telecommunications,LIR Very Small,LIR
MATTEL,2012-10-24,Mauritania,Northern,2012,Internet Service Provider,LIR Extra Small,LIR
GameZone Angola,2012-10-24,Angola,Southern,2012,Internet Service Provider,LIR Extra Small,LIR
Posix Swaziland,2012-10-26,Eswatini,Southern,2012,Internet Service Provider,LIR Extra Small,LIR
IPX Equatorial Guinea S.A,2012-10-30,Equatorial Guinea,Central,2012,Internet Service Provider,LIR Extra Small,LIR
Fiber Grid INC,2012-11-05,Seychelles,Indian Ocean,2012,Internet Hosting Provider,LIR Very Large,LIR
Xtranet,2012-11-16,South Africa,Southern,2012,Internet Service Provider,LIR Extra Small,LIR
Orange Burkina Faso,2012-11-07,Burkina Faso,Western,2012,Telecommunications,LIR Medium,LIR
Internet Solutions Nigeria Limited,2012-11-12,Nigeria,Western,2012,Internet Service Provider,LIR Extra Small,LIR
FLOURMILLS OF NIGERIA PLC,2012-11-15,Nigeria,Western,2012,Other,End-User Micro,EU-PI
AVOXI (PTY) LTD,2012-11-16,South Africa,Southern,2012,Internet Hosting Provider,LIR Very Small,LIR
Africell Gambia,2012-11-20,Gambia (the),Western,2012,Internet Service Provider,LIR Extra Small,LIR
e-Government Authority,2012-11-21,"Tanzania, United Republic of",Eastern,2012,Government,LIR Very Small,LIR
TELECEL FASO,2012-11-21,Burkina Faso,Western,2012,Telecommunications,LIR Small,LIR
JIREH Technologies (PTY) Ltd.,2012-11-23,South Africa,Southern,2012,Internet Service Provider,LIR Extra Small,LIR
American International School Abuja,2012-11-27,Nigeria,Western,2012,Education,End-User Extra Small,EU-PI
 Gestora de Infraestructuras de Telecomunicaciones de Guinea Ecuatorial,2012-11-27,Equatorial Guinea,Central,2012,Government,LIR Very Small,LIR
Airtel Niger,2012-11-29,Niger (the),Western,2012,Telecommunications,LIR Small,LIR
Guaranty Trust Bank (Ghana) Limited,2012-12-06,Ghana,Western,2012,Banking / Financial,End-User Mini,EU-PI
MIA Telecoms,2012-12-11,South Africa,Southern,2012,Telecommunications,LIR Very Small,LIR
Banco Angolano de Investimentos,2012-12-17,Angola,Southern,2012,Banking / Financial,End-User Micro,EU-PI
CEDESURK ASBL,2012-12-17,Congo (the Democratic Republic of the),Central,2012,Education,End-User Micro,EU-PI
CloudFlare Africa Ltd,2012-12-19,Seychelles,Indian Ocean,2012,Internet Service Provider,LIR Extra Small,LIR
"Pamoja, Ltd",2012-12-21,Mauritius,Indian Ocean,2012,Other,LIR Very Small,LIR
Winrock Nigeria Limited,2012-12-21,Nigeria,Western,2012,Internet Service Provider,LIR Extra Small,LIR
MainOne Cable Company (Ghana) Ltd,2012-12-21,Ghana,Western,2012,Internet Service Provider,LIR Small,LIR
Golis Telecom Somalia,2013-01-02,Somalia,Eastern,2013,Internet Service Provider,LIR Very Small,LIR
Nigeria Inter-Bank Settlement System Plc,2013-01-07,Nigeria,Western,2013,Banking / Financial,End-User Mini,EU-PI
ISPA Ltd,2013-01-07,Rwanda,Eastern,2013,Internet Service Provider,LIR Extra Small,LIR
Desert Road Pty Ltd t/a Zebranet,2013-01-16,Botswana,Southern,2013,Internet Service Provider,LIR Extra Small,LIR
Triponza Trading 376 CC,2013-01-25,South Africa,Southern,2013,Internet Service Provider,LIR Very Small,LIR
Airtel Congo S.A,2013-02-04,Congo (the),Central,2013,Internet Service Provider,LIR Small,LIR
SOMTEL INTERNATIONAL Ltd,2013-02-04,Somalia,Eastern,2013,Internet Service Provider,LIR Extra Small,LIR
Comium Gambia Ltd.,2013-02-04,Gambia (the),Western,2013,Internet Service Provider,LIR Extra Small,LIR
LIBYAN INTERNATIONAL TELECOMMUNICATION COMPANY,2013-02-05,Libya,Northern,2013,Telecommunications,LIR Very Small,LIR
Kibo Connect,2013-02-08,South Africa,Southern,2013,Internet Service Provider,LIR Very Small,LIR
Cilix Software,2013-02-11,Mozambique,Southern,2013,Internet Service Provider,LIR Extra Small,LIR
NIGERIAN STOCK EXCHANGE,2013-02-25,Nigeria,Western,2013,Banking / Financial,End-User Extra Small,EU-AS
Wirulink Pty Ltd,2013-02-11,South Africa,Southern,2013,Internet Service Provider,LIR Medium,LIR
Platoon trade and Invest 149 PTy,2013-02-27,South Africa,Southern,2013,Telecommunications,LIR Extra Small,LIR
Fast Network Ltd,2013-04-09,South Sudan,Northern,2013,Internet Service Provider,LIR Extra Small,LIR
NOVAFONE Inc,2013-02-13,Liberia,Western,2013,Internet Service Provider,LIR Very Small,LIR
ITM,2013-03-11,Congo (the Democratic Republic of the),Central,2013,Internet Service Provider,LIR Extra Small,LIR
Smile Communications Tanzania Ltd,2013-04-30,"Tanzania, United Republic of",Eastern,2013,Internet Service Provider,LIR Very Small,LIR
Federal University Oye-EKiti,2013-07-02,Nigeria,Western,2013,Education,End-User Very Small,EU-PI
Orange Bissau,2013-02-15,Guinea-Bissau,Western,2013,Internet Service Provider,LIR Very Small,LIR
Cyberdyne S.A.,2013-02-18,Liberia,Western,2013,Internet Service Provider,LIR Extra Small,LIR
Domain Name Services,2013-02-19,South Africa,Southern,2013,Other,End-User Extra Small,EU-PI
ICONA for IT and Telecom. LTD Co,2013-02-19,Libya,Northern,2013,Internet Service Provider,LIR Very Small,LIR
Nation Media Group,2013-03-22,Kenya,Eastern,2013,Other,End-User Mini,EU-PI
MTN South Sudan,2013-02-27,South Sudan,Northern,2013,Telecommunications,LIR Extra Small,LIR
Telecommunication Sevice  Providers Association of Kenya - TESPOK,2013-03-22,Kenya,Eastern,2013,NGO / Not-For-Profit,End-User Extra Small,EU-PI
Roke Telkom Zambia,2013-03-04,Zambia,Southern,2013,Internet Service Provider,LIR Extra Small,LIR
Qatar National Bank Al Ahli (QNB AA),2013-03-29,Egypt,Northern,2013,Banking / Financial,End-User Micro,EU-PI
Fidelity Bank Limited,2013-03-06,Ghana,Western,2013,Banking / Financial,End-User Very Small,EU-PI
Credit Agricole Egypt,2013-03-08,Egypt,Northern,2013,Other,End-User Mini,EU-PI
Orioncom SPRL,2013-04-19,Congo (the Democratic Republic of the),Central,2013,Internet Service Provider,LIR Very Small,LIR
ELECTRO SHACK INC.,2013-03-22,Liberia,Western,2013,Internet Service Provider,LIR Extra Small,LIR
UNION BANK OF NIGERIA PLC,2013-04-08,Nigeria,Western,2013,Banking / Financial,End-User Extra Small,EU-PI
Isuzu East Africa Limited,2013-03-15,Kenya,Eastern,2013,Other,End-User Micro,EU-PI
Office of the Prime Minister,2013-07-19,Namibia,Southern,2013,Government,LIR Small,LIR
ORLEAN INVEST AFRICA LIMITED,2013-04-09,Nigeria,Western,2013,Internet Service Provider,End-User Extra Small,EU-PI
INQ DIGITAL CAMEROON SA,2013-04-18,Cameroon,Central,2013,Internet Service Provider,LIR Extra Small,LIR
Agence Nationale des Infrastructures Numeriques et des Frequences (ANINF),2013-03-25,Gabon,Central,2013,Government,LIR Small,LIR
Banco Comercial Angolano,2013-04-16,Angola,Southern,2013,Banking / Financial,End-User Micro,EU-PI
Raya Contact Center,2013-05-20,Egypt,Northern,2013,Other,End-User Mini,EU-PI
Global Broadband Solution,2013-03-29,Congo (the Democratic Republic of the),Central,2013,Internet Service Provider,LIR Extra Small,LIR
Infrasat,2013-04-02,Angola,Southern,2013,Internet Service Provider,LIR Extra Small,LIR
It Is Internet Pty Ltd,2013-04-12,South Africa,Southern,2013,Internet Service Provider,LIR Extra Small,LIR
iRENALA,2013-08-13,Madagascar,Indian Ocean,2013,Education,LIR Very Small,LIR
New Frontiers Technology Consult Limited,2013-06-06,Uganda,Eastern,2013,Other,End-User Micro,EU-PI
Teraco Data Environments (PTY) LTD,2013-05-17,South Africa,Southern,2013,Internet Hosting Provider,End-User Extra Small,EU-PI
Cool Ideas Service Provider (Pty) Ltd,2013-07-15,South Africa,Southern,2013,Internet Service Provider,LIR Medium,LIR
3S INF,2013-06-21,Tunisia,Northern,2013,Internet Service Provider,End-User AS and IP,EU-AS
Agence des Technologies de lnformation et de la Communication (AGETIC),2013-04-24,Mali,Western,2013,Government,End-User Extra Small,EU-PI
Eb@le,2013-05-17,Congo (the Democratic Republic of the),Central,2013,Education,LIR Small,LIR
CONGO TELECOM,2013-05-29,Congo (the),Central,2013,Internet Service Provider,LIR Very Small,LIR
AREEBA GUINEE SA,2013-08-20,Guinea,Western,2013,Internet Service Provider,LIR Very Small,LIR
Union Economique et Monetaire Ouest Africaine (UEMOA),2013-10-03,Burkina Faso,Western,2013,Other,LIR Extra Small,LIR
Societe Reunionnaise du Radiotelephone,2013-08-30,Reunion,Indian Ocean,2013,Internet Service Provider,LIR Small,LIR
IRESS South Africa (AUSTRALIA) (PTY) LTD,2013-06-06,South Africa,Southern,2013,Other,End-User Mini,EU-PI
MOUNA Group Technology Sa.,2013-06-05,Guinea,Western,2013,Internet Service Provider,LIR Extra Small,LIR
Egypt Linx for Communication Services,2013-07-03,Egypt,Northern,2013,Telecommunications,End-User Micro,EU-PI
Nigerian Research and Education Network Limited by Guarantee,2013-11-21,Nigeria,Western,2013,Education,LIR Small,LIR
Intercom Data Network Limited,2013-05-31,Nigeria,Western,2013,Internet Service Provider,LIR Extra Small,LIR
Airtel Gabon S.A,2013-08-30,Gabon,Central,2013,Internet Service Provider,LIR Very Small,LIR
Uganda Revenue Authority,2013-07-12,Uganda,Eastern,2013,Government,End-User Micro,EU-PI
BOTSWANA FIBRE NETWORKS (Proprietary) Limited,2013-07-10,Botswana,Southern,2013,Internet Service Provider,LIR Small,LIR
"WEBMASTERS, LDA.",2014-04-30,Mozambique,Southern,2014,Internet Hosting Provider,LIR Very Small,LIR
Sea Breeze (Pty) Ltd T/A Mega Internet,2013-07-16,Botswana,Southern,2013,Internet Service Provider,LIR Extra Small,LIR
Millenium Outsourcing Ltd,2013-06-26,Mauritius,Indian Ocean,2013,Other,LIR Extra Small,LIR
Centenary Rural Development Bank,2013-07-18,Uganda,Eastern,2013,Banking / Financial,End-User Mini,EU-PI
CloudAfrica Hosting (PTY) LTD,2013-08-02,South Africa,Southern,2013,Internet Service Provider,LIR Extra Small,LIR
Compfix Data Limited,2013-07-18,Kenya,Eastern,2013,Internet Service Provider,LIR Extra Small,LIR
Tizeti Network Limited,2013-07-18,Nigeria,Western,2013,Internet Service Provider,LIR Very Small,LIR
Pan-Atlantic University,2013-07-23,Nigeria,Western,2013,Education,End-User Micro,EU-PI
BACKBONE CONNECTIVITY NETWORK (NIGERIA) LIMITED,2013-07-25,Nigeria,Western,2013,Internet Service Provider,LIR Very Small,LIR
Cloud Innovation Ltd,2013-07-24,Seychelles,Indian Ocean,2013,Internet Service Provider,LIR Extra Large,LIR
Angani Limited,2013-07-18,Kenya,Eastern,2013,Internet Hosting Provider,LIR Very Small,LIR
General Telecommunication Networks (NIG) Limited,2013-07-29,Nigeria,Western,2013,Internet Service Provider,LIR Very Small,LIR
OOREDOO TUNISIE SA,2014-01-29,Tunisia,Northern,2014,Internet Service Provider,LIR Very Large,LIR
Ernst and Young Services Limited,2013-09-30,South Africa,Southern,2013,Banking / Financial,End-User AS and IP,EU-AS
SAGA AFRICA HOLDINGS LIMITED,2013-09-25,Senegal,Western,2013,Telecommunications,LIR Small,LIR
University of Stellenbosch,2013-09-03,South Africa,Southern,2013,Education,End-User Extra Small,EU-PI
DOLPHIN TELECOMMUNICATION LIMITED,2013-08-23,Ghana,Western,2013,Network Services Provider,LIR Extra Small,LIR
Smile Communications Nigeria,2013-10-10,Nigeria,Western,2013,Telecommunications,LIR Medium,LIR
Equation Business Solutions,2013-09-20,South Africa,Southern,2013,Internet Service Provider,LIR Extra Small,LIR
eStream Networks,2013-08-08,Nigeria,Western,2013,Internet Service Provider,LIR Very Small,LIR
STOI Internet,2013-08-27,Mayotte,Indian Ocean,2013,Internet Service Provider,LIR Extra Small,LIR
Axiom Networks Ltd,2013-09-17,Rwanda,Eastern,2013,Internet Service Provider,LIR Extra Small,LIR
Rwanda Ministry of Education,2013-11-08,Rwanda,Eastern,2013,Education,LIR Small,LIR
Lagos State Government,2013-11-18,Nigeria,Western,2013,Government,End-User Extra Small,EU-PI
KAB Technologies,2013-09-26,South Africa,Southern,2013,Internet Service Provider,LIR Very Small,LIR
Telemedia (PTY) Ltd,2013-09-12,South Africa,Southern,2013,Systems Integration,LIR Extra Small,LIR
SIMBANET (U) LIMITED,2013-11-27,Uganda,Eastern,2013,Internet Service Provider,LIR Very Small,LIR
Blue Sky Satellite Communications CC,2013-09-30,South Africa,Southern,2013,Internet Service Provider,LIR Extra Small,LIR
CANAL + TELECOM,2013-09-30,Reunion,Indian Ocean,2013,Internet Service Provider,LIR Medium,LIR
CM Value Added Services (Pty) Ltd,2013-11-06,South Africa,Southern,2013,Internet Service Provider,LIR Small,LIR
 Activest Twenty Six PTY LTD,2013-11-12,South Africa,Southern,2013,Storage Services Provider ,End-User Micro,EU-PI
"Ministry of Posts, Telecommunications and Technology",2013-10-25,Somalia,Eastern,2013,Government,End-User Micro,EU-PI
ITEC INTEGRATE PTY LTD,2013-09-30,South Africa,Southern,2013,Internet Service Provider,LIR Small,LIR
Finstar - Sociedade de Investimento e Participacoes S.A,2013-10-22,Angola,Southern,2013,Internet Service Provider,LIR Medium,LIR
GROUPEMENT D'INTERET ECONOMIQUE GROUPE COMMERCIAL BANK - GIE GCB,2013-10-21,Cameroon,Central,2013,Banking / Financial,End-User Micro,EU-PI
Zanzibar Connections Company Limited,2013-12-06,"Tanzania, United Republic of",Eastern,2013,Internet Service Provider,LIR Extra Small,LIR
National Information Technology Authority Uganda,2014-01-29,Uganda,Eastern,2014,Government,LIR Very Small,LIR
Instituto Nacional das Comunicacoes de Mozambique,2014-02-18,Mozambique,Southern,2014,Government,End-User Micro,EU-PI
Comnet Pty Ltd,2013-10-23,Lesotho,Southern,2013,Internet Service Provider,LIR Extra Small,LIR
Cape Connect Internet,2013-10-16,South Africa,Southern,2013,Internet Service Provider,LIR Very Small,LIR
Blue Cloud Networks Limited,2013-10-31,Ghana,Western,2013,Internet Service Provider,LIR Extra Small,LIR
Premier Lotto Limited,2013-11-19,Nigeria,Western,2013,Other,End-User Micro,EU-PI
C-Squared Limited,2014-02-07,Uganda,Eastern,2014,Internet Service Provider,LIR Extra Small,LIR
New telco South Africa Pty Ltd.,2014-01-10,South Africa,Southern,2014,Internet Service Provider,LIR Extra Small,LIR
NetStack Ltd,2013-12-19,South Africa,Southern,2013,Internet Hosting Provider,LIR Medium,LIR
MC VISION LTD,2013-12-24,Mauritius,Indian Ocean,2013,Other,End-User Micro,EU-PI
STE AFRICELL RDC SPRL,2014-03-13,Congo (the Democratic Republic of the),Central,2014,Internet Service Provider,LIR Extra Small,LIR
ZINIA ISP (PTY) LTD,2013-11-06,South Africa,Southern,2013,Internet Service Provider,LIR Extra Small,LIR
Bait Ashames for Data Communication,2013-11-18,Libya,Northern,2013,Internet Service Provider,LIR Extra Small,LIR
Mauritius Computing Services Ltd,2013-12-09,Mauritius,Indian Ocean,2013,Internet Hosting Provider,LIR Extra Small,LIR
PCN IT MANAGEMENT CC,2013-11-06,South Africa,Southern,2013,Internet Service Provider,LIR Extra Small,LIR
China Telecom South Africa (Pty) Ltd.,2014-01-16,South Africa,Southern,2014,Internet Service Provider,LIR Extra Small,LIR
Thought Express Semantic Technology,2013-11-29,South Africa,Southern,2013,Data Processing Services,End-User Extra Small,EU-PI
Universite Abomey-Calavi,2014-03-20,Benin,Western,2014,Education,End-User Very Small,EU-PI
Digital Outsource Services Ltd,2014-04-15,South Africa,Southern,2014,Internet Hosting Provider,End-User Mini,EU-PI
PPF PENSION FUND,2014-02-17,"Tanzania, United Republic of",Eastern,2014,Government,End-User Micro,EU-PI
Johannesburg Area Wireless User Group (JAWUG),2011-08-05,South Africa,Southern,2011,NGO / Not-For-Profit,End-User V6,EU-PI
West Indian Ocean Cable Company,2013-11-26,Mauritius,Indian Ocean,2013,Internet Service Provider,LIR Very Small,LIR
COMSATES SARL,2013-12-30,Mali,Western,2013,Internet Service Provider,LIR Extra Small,LIR
Trans-Sahara IT and Communication,2014-03-11,Libya,Northern,2014,Internet Service Provider,LIR Extra Small,LIR
LIPTINFOR NIGER SA,2013-11-29,Niger (the),Western,2013,Internet Service Provider,LIR Extra Small,LIR
NATIONAL AGENCY FOR INFORMATION AND COMMUNICATION TECHNOLOGIES,2014-03-11,Cameroon,Central,2014,Government,LIR Very Small,LIR
Interswitch Limited,2014-01-08,Nigeria,Western,2014,Internet Service Provider,LIR Extra Small,LIR
Babcock University,2014-02-17,Nigeria,Western,2014,Education,End-User Micro,EU-PI
Microteck Enterprises (Pty) Ltd.,2013-12-16,Botswana,Southern,2013,Internet Service Provider,LIR Extra Small,LIR
Econet-Leo SA,2014-02-25,Burundi,Eastern,2014,Telecommunications,End-User Micro,EU-PI
ACCENTURE SOUTH AFRICA Pty Ltd,2014-03-20,South Africa,Southern,2014,Other,LIR V6 Small,LIR
UNITEL STP SARL,2014-01-30,Sao Tome and Principe,Central,2014,Telecommunications,LIR Extra Small,LIR
Serekunda Internet Exchange Point,2014-01-06,Gambia (the),Western,2014,NGO / Not-For-Profit,End-User Mini,EU-PI
Cable Television Network (CTV) Limited,2014-02-12,"Tanzania, United Republic of",Eastern,2014,Internet Applications Provider,LIR Extra Small,LIR
AfriTel Corporation,2013-12-24,Seychelles,Indian Ocean,2013,Internet Service Provider,LIR Small,LIR
PIXI MEDIA SARL,2014-01-08,Morocco,Northern,2014,Internet Service Provider,LIR Extra Small,LIR
AIRTEL TCHAD,2014-04-15,Chad,Western,2014,Telecommunications,LIR Extra Small,LIR
Saicom Voice Services,2014-01-24,South Africa,Southern,2014,Internet Service Provider,LIR Very Small,LIR
Algerie Telecom Mobile MOBILIS,2014-03-18,Algeria,Northern,2014,Government,LIR Medium,LIR
Dalkom Somalia,2014-02-20,Somalia,Eastern,2014,Internet Service Provider,LIR Extra Small,LIR
Co-operative Bank of Kenya,2014-02-12,Kenya,Eastern,2014,Banking / Financial,End-User Mini,EU-PI
Somali Wireless Network,2014-02-14,Somalia,Eastern,2014,Internet Service Provider,LIR Extra Small,LIR
Bank of Tanzania,2014-07-30,"Tanzania, United Republic of",Eastern,2014,Government,End-User Micro,EU-PI
Liquid Telecommunications Operations Limited,2014-03-05,Mauritius,Indian Ocean,2014,Internet Service Provider,LIR Very Large,LIR
Sahal Telecom Somalia,2014-03-06,Somalia,Eastern,2014,Internet Service Provider,LIR Extra Small,LIR
Custom Solutions Business Trust,2014-03-13,South Africa,Southern,2014,Internet Service Provider,LIR Extra Small,LIR
TANZANIA POSTAL BANK,2014-06-16,"Tanzania, United Republic of",Eastern,2014,Government,End-User Micro,EU-PI
KT RWANDA NETWORK Ltd,2014-04-30,Rwanda,Eastern,2014,Internet Service Provider,LIR Small,LIR
1tel S.A.,2014-04-02,Seychelles,Indian Ocean,2014,Internet Service Provider,LIR Extra Small,LIR
RAWAFED LIBYA,2014-03-20,Libya,Northern,2014,Internet Service Provider,LIR Very Small,LIR
ICT DYNAMIX (Pty) Limited,2014-04-10,Botswana,Southern,2014,Internet Service Provider,LIR Extra Small,LIR
BurundiX A.S.B.L.,2014-03-20,Burundi,Eastern,2014,NGO / Not-For-Profit,End-User Mini,EU-PI
JENNY INTERNET (PTY) LTD,2014-04-15,South Africa,Southern,2014,Internet Service Provider,LIR Small,LIR
iONLINE INTERNET SERVICE PROVIDER,2014-05-09,South Africa,Southern,2014,Internet Service Provider,LIR Very Small,LIR
WiFibre Pty Ltd,2014-04-07,South Africa,Southern,2014,Internet Service Provider,LIR Very Small,LIR
Fulloutput 1086 cc,2014-06-06,South Africa,Southern,2014,Internet Service Provider,LIR Extra Small,LIR
Manara Communication and Technology,2014-04-22,Libya,Northern,2014,Internet Service Provider,LIR Extra Small,LIR
 SGS MCNet Mocambique  Ltd,2014-05-09,Mozambique,Southern,2014,Other,End-User Micro,EU-PI
Spacetel - Guine-Bissau,2014-05-31,Guinea-Bissau,Western,2014,Internet Service Provider,LIR Mini,LIR
LanDynamix,2014-04-23,South Africa,Southern,2014,Internet Service Provider,LIR Extra Small,LIR
RMS Powertronics CC,2014-04-23,South Africa,Southern,2014,Internet Service Provider,LIR Very Small,LIR
TECH PITCH LTD,2014-06-05,Kenya,Eastern,2014,Other,End-User Micro,EU-PI
Ultimate Linux Solutions (Pty) Ltd,2014-06-13,South Africa,Southern,2014,Internet Service Provider,LIR Very Small,LIR
Internet Exchange Point Association of Namibia,2014-05-22,Namibia,Southern,2014,NGO / Not-For-Profit,End-User Mini,EU-PI
Banco Sol,2014-08-18,Angola,Southern,2014,Banking / Financial,End-User Micro,EU-PI
CENTRO NACIONAL DAS TECNOLOGIAS DE INFORMACAO,2014-08-26,Angola,Southern,2014,Government,LIR Small,LIR
Somcast Networks LLC,2014-06-20,Somalia,Eastern,2014,Internet Service Provider,LIR Extra Small,LIR
Somali Research & Education Network(SomaliREN),2014-06-09,Somalia,Eastern,2014,Education,LIR Extra Small,LIR
iVeri Payment Technologies (Pty) Ltd,2014-06-16,South Africa,Southern,2014,Other,End-User Micro,EU-PI
VIETTEL BURUNDI SA,2014-07-30,Burundi,Eastern,2014,Telecommunications,LIR Small,LIR
Electronic Business Services eBS,2014-07-16,Algeria,Northern,2014,Internet Service Provider,LIR Extra Small,LIR
The Cloud Crew (Pty) Ltd,2014-07-28,South Africa,Southern,2014,Internet Service Provider,LIR Small,LIR
"Power and Network, Backup Company Ltd",2014-07-10,"Tanzania, United Republic of",Eastern,2014,Internet Service Provider,LIR Extra Small,LIR
Mark Elkins,2014-07-28,South Africa,Southern,2014,Other,AM Individual,ASSOCIATE-MEMBER
STATURE (PTY) LTD,2014-07-10,Botswana,Southern,2014,Internet Service Provider,LIR Very Small,LIR
Fidelity Bank PLC,2014-08-20,Nigeria,Western,2014,Banking / Financial,End-User Mini,EU-PI
Djibouti Data Center SARL,2014-07-30,Djibouti,Eastern,2014,Internet Service Provider,End-User Mini,EU-PI
CHASE BANK Kenya Limited,2014-08-07,Kenya,Eastern,2014,Banking / Financial,End-User Mini,EU-PI
Metrofibre Networx,2014-08-18,South Africa,Southern,2014,Internet Service Provider,LIR Medium,LIR
4G Telecom,2014-08-29,South Sudan,Northern,2014,Internet Service Provider,LIR Extra Small,LIR
SWECOM PLC,2014-11-13,Cameroon,Central,2014,Internet Service Provider,LIR Very Small,LIR
Coscharis Technologies,2014-09-17,Nigeria,Western,2014,Telecommunications,LIR Extra Small,LIR
World Vision Kenya,2014-09-19,Kenya,Eastern,2014,International Organisation,End-User Micro,EU-PI
Centurylink Communications South Africa Pty Ltd,2015-02-10,South Africa,Southern,2015,Internet Service Provider,LIR Very Small,LIR
Ampath,2014-08-29,South Africa,Southern,2014,Other,End-User Micro,EU-PI
"Federal University of Technology, Akure(FUTA)",2014-09-09,Nigeria,Western,2014,Education,End-User Very Small,EU-PI
COMMCARRIER SATELLITE SERVICES LIMITED,2014-08-27,Kenya,Eastern,2014,Internet Service Provider,LIR Micro,LIR
DIRECTEL COMMUNICATIONS (PTY) LTD,2014-08-26,South Africa,Southern,2014,Internet Service Provider,LIR Very Small,LIR
MERISTEM SECURITIES LIMITED,2014-10-29,Nigeria,Western,2014,Banking / Financial,End-User Micro,EU-PI
iSAT Africa Zambia Ltd,2014-09-12,Zambia,Southern,2014,Internet Service Provider,LIR Extra Small,LIR
MILLICOM CHAD SA,2014-09-30,Chad,Western,2014,Telecommunications,LIR Extra Small,LIR
Wirels Connect (PTY) Ltd,2014-09-12,South Africa,Southern,2014,Telecommunications,LIR Medium,LIR
Afrimax Limited,2014-10-02,Malawi,Southern,2014,Internet Service Provider,LIR Extra Small,LIR
Computer Sales & Services,2014-09-19,"Tanzania, United Republic of",Eastern,2014,Internet Service Provider,LIR Extra Small,LIR
BURUNDI EDUCATION AND RESEARCH NETWORK - BERNET,2014-09-29,Burundi,Eastern,2014,Education,LIR Very Small,LIR
Gabon Internet eXchange (Gab-IX),2014-09-23,Gabon,Central,2014,Other,End-User Mini,EU-PI
Bundu NetworX,2014-09-26,South Africa,Southern,2014,Internet Service Provider,LIR Extra Small,LIR
Ladysmith Wireless Solutions,2014-10-08,South Africa,Southern,2014,Internet Service Provider,LIR Extra Small,LIR
Atlantique TELECOM CAR,2014-10-08,Central African Republic (the),Central,2014,Telecommunications,LIR Extra Small,LIR
ARC Informatique,2014-10-22,Senegal,Western,2014,Internet Service Provider,LIR Very Small,LIR
Sage petroleum- Ghana,2014-10-14,Ghana,Western,2014,Other,End-User Mini,EU-PI
Mbabane Internet Exchange Association,2014-10-03,Eswatini,Southern,2014,Other,End-User Mini,EU-PI
Municipal Network Services,2014-10-10,South Africa,Southern,2014,Internet Service Provider,LIR Very Small,LIR
TOPNET,2014-11-14,Tunisia,Northern,2014,Internet Service Provider,LIR Large,LIR
Safcor Freight (Pty) Ltd,2015-01-27,South Africa,Southern,2015,Other,End-User Micro,EU-PI
TESUCO TELECOMMUNICATIONS (PTY) LTD,2014-10-21,South Africa,Southern,2014,Internet Service Provider,LIR Very Small,LIR
Metacom (Pty) Limited,2014-10-29,South Africa,Southern,2014,Internet Service Provider,LIR Extra Small,LIR
AZAM MEDIA LIMITED,2014-11-12,"Tanzania, United Republic of",Eastern,2014,Telecommunications,LIR Extra Small,LIR
Converged Telecoms,2014-12-07,South Africa,Southern,2014,Internet Service Provider,LIR Very Small,LIR
BMW (South Africa) (Pty) Ltd,2015-02-20,South Africa,Southern,2015,Other,LIR V6 Small,LIR
Airpark Beaufort West CC,2014-11-18,South Africa,Southern,2014,Internet Service Provider,LIR Extra Small,LIR
Woolworths(Proprietary) Ltd,2015-02-04,South Africa,Southern,2015,Other,End-User AS and IP,EU-AS
University of Zimbabwe,2015-03-16,Zimbabwe,Southern,2015,Education,End-User AS and IP,EU-AS
Somali Optical Networks,2014-12-08,Somalia,Eastern,2014,Internet Service Provider,LIR Extra Small,LIR
Technolutions Pty Ltd,2014-12-24,South Africa,Southern,2014,Internet Hosting Provider,LIR Extra Small,LIR
Multichoice Support Services (Pty) Ltd,2015-05-08,South Africa,Southern,2015,Other,LIR Extra Small,LIR
SKYTIC TELECOM,2014-12-30,Congo (the),Central,2014,Internet Service Provider,LIR Extra Small,LIR
Cloud Temple Tunisia,2014-12-19,Tunisia,Northern,2014,Internet Hosting Provider,LIR Extra Small,LIR
123 Internetworks (Pty) Ltd,2015-01-14,South Africa,Southern,2015,Internet Service Provider,LIR Extra Small,LIR
Concerotel Botswana Pty Ltd,2015-01-16,Botswana,Southern,2015,Internet Service Provider,LIR Extra Small,LIR
 I&M Bank Limited,2015-03-26,Kenya,Eastern,2015,Banking / Financial,End-User Mini,EU-PI
Wadi Degla Investments(WDI),2015-02-04,Egypt,Northern,2015,Other,End-User Micro,EU-PI
Central 8 Limitada,2015-01-28,Angola,Southern,2015,Internet Service Provider,LIR Extra Small,LIR
Trustco Group Holdings,2015-02-16,Namibia,Southern,2015,Other,End-User Micro,EU-PI
SEYCHELLES INTERNET EXCHANGE POINT ASSOCIATION,2015-01-30,Seychelles,Indian Ocean,2015,Other,End-User Mini,EU-PI
AlbideyNet,2015-03-23,Chad,Western,2015,Internet Service Provider,LIR Extra Small,LIR
Office Tchadien de regulatoin des telecommunications(OTRT-IXP-TCHAD),2015-01-30,Chad,Western,2015,Other,End-User Micro,EU-PI
Madagascar Global Internet eXchange,2015-01-29,Madagascar,Indian Ocean,2015,Other,End-User Mini,EU-PI
Technische Universitat Berlin (Campus- El Gouna),2015-02-23,Egypt,Northern,2015,Education,End-User Extra Small,EU-PI
Capital Technologies,2015-02-18,"Tanzania, United Republic of",Eastern,2015,Internet Service Provider,LIR Extra Small,LIR
The Independent Institute of Education (Pty) Ltd,2015-03-27,South Africa,Southern,2015,Education,LIR Small,LIR
Uganda Communications Commission,2015-02-27,Uganda,Eastern,2015,Government,End-User Micro,EU-PI
Societe TLDC,2015-03-23,Gabon,Central,2015,Internet Service Provider,LIR Extra Small,LIR
Link  Development,2015-04-30,Egypt,Northern,2015,Internet Hosting Provider,End-User Micro,EU-PI
Embarq Limited,2015-02-11,Kenya,Eastern,2015,Network Services Provider,LIR Extra Small,LIR
Associacao Escola Internacional de Luanda,2015-02-26,Angola,Southern,2015,Education,End-User Micro,EU-PI
Pan Atlantic University,2015-02-23,Nigeria,Western,2015,Education,End-User Micro,EU-PI
BITFLUX COMMUNICATIONS LIMITED,2015-03-05,Nigeria,Western,2015,Internet Service Provider,LIR Small,LIR
Department of ICT Government of Seychelles,2015-03-15,Seychelles,Indian Ocean,2015,Government,LIR Extra Small,LIR
NEC XON SYSTEMS (PTY) LTD,2015-02-27,South Africa,Southern,2015,Internet Applications Provider,LIR Very Small,LIR
PYROCA 3cc T/A Net Hog Internet Solutions,2015-02-23,South Africa,Southern,2015,Internet Service Provider,LIR Extra Small,LIR
Republic Bank (Ghana) Ltd,2015-02-23,Ghana,Western,2015,Banking / Financial,End-User Mini,EU-PI
Agence Nationale de Promotion des TIC (ANPTIC),2015-04-08,Burkina Faso,Western,2015,Government,LIR Extra Small,LIR
Prepaid Utilities World CC,2015-02-27,South Africa,Southern,2015,Data Processing Services,End-User Micro,EU-PI
IPTEC Limited,2015-03-03,South Sudan,Northern,2015,Internet Service Provider,LIR Extra Small,LIR
China Europe International Business School(AFRICA Campus),2015-03-03,Ghana,Western,2015,Education,End-User Micro,EU-PI
NOSi EPE,2015-03-16,Cabo Verde,Western,2015,Government,LIR Extra Small,LIR
IBITS Internet (pty) Ltd,2015-04-09,South Africa,Southern,2015,Telecommunications,LIR Very Small,LIR
Mobile Telephone Networks Business Solutions (Namibia) (Proprietary) Limited,2015-03-26,Namibia,Southern,2015,Internet Service Provider,LIR Extra Small,LIR
NPONE,2015-04-23,Morocco,Northern,2015,Internet Hosting Provider,LIR Extra Small,LIR
Adiel Akplogan,2015-05-08,Togo,Western,2015,Other,AM Individual,ASSOCIATE-MEMBER
Nigerian Ports Authority,2015-05-11,Nigeria,Western,2015,Government,End-User Micro,EU-PI
Nanocom International Ltd,2015-04-23,Nigeria,Western,2015,Internet Service Provider,LIR Extra Small,LIR
BIZVOIP,2015-06-17,South Africa,Southern,2015,Internet Hosting Provider,LIR Extra Small,LIR
Kaldera Ltd,2015-04-02,Mauritius,Indian Ocean,2015,Internet Service Provider,LIR Extra Small,LIR
Eskom Holdings SOC Ltd,2015-11-17,South Africa,Southern,2015,Government,End-User Medium,EU-PI
AJYWA TELECOM,2015-05-04,Congo (the Democratic Republic of the),Central,2015,Internet Service Provider,LIR Extra Small,LIR
PYXISE SARL,2015-04-16,Reunion,Indian Ocean,2015,Internet Applications Provider,End-User AS and IP,EU-AS
Viettel Tanzania PLC,2015-04-30,"Tanzania, United Republic of",Eastern,2015,Internet Service Provider,LIR Small,LIR
NMB Bank Public Limited Company,2015-05-25,"Tanzania, United Republic of",Eastern,2015,Banking / Financial,End-User Mini,EU-PI
Zambia Information and communication Technology Authority,2015-06-26,Zambia,Southern,2015,Telecommunications Regulators,End-User Micro,EU-PI
Level 7 Wireless (Pty) Ltd,2015-05-15,South Africa,Southern,2015,Internet Service Provider,LIR Small,LIR
Optimum Telecom Algeria,2015-09-16,Algeria,Northern,2015,Telecommunications,LIR Small,LIR
Megafast Networks LTD,2015-05-22,Nigeria,Western,2015,Internet Service Provider,LIR Extra Small,LIR
Digicall Solutions (Pty) Ltd,2015-05-29,South Africa,Southern,2015,Data Processing Services,End-User Micro,EU-PI
Watchtower Bible and Tract Society of South Africa,2015-05-25,South Africa,Southern,2015,International Organisation,LIR Extra Small,LIR
Liberia Internet Exchange Point Association,2015-05-25,Liberia,Western,2015,Other,End-User Mini,EU-PI
National Health Insurance Fund (NHIF),2015-06-30,"Tanzania, United Republic of",Eastern,2015,Government,End-User Micro,EU-PI
AVS TELECOM SARL,2015-08-11,Cameroon,Central,2015,Internet Service Provider,LIR Extra Small,LIR
Tarsus On Demand (Pty) Ltd,2015-06-18,South Africa,Southern,2015,Internet Hosting Provider,LIR Extra Small,LIR
BETHNET cc,2015-05-31,South Africa,Southern,2015,Internet Service Provider,LIR Very Small,LIR
Legends Connect Pty Ltd,2015-05-29,South Africa,Southern,2015,Internet Service Provider,LIR Extra Small,LIR
Desktop Network Solutions,2015-06-04,South Africa,Southern,2015,Internet Service Provider,LIR Extra Small,LIR
CBC EMEA LTD,2015-06-16,Nigeria,Western,2015,Internet Service Provider,LIR Extra Small,LIR
ATEC Systems and Technologies PTY LTD,2015-06-18,South Africa,Southern,2015,Internet Service Provider,LIR Very Small,LIR
INQ Cote d'Ivoire,2015-08-31,Côte d'Ivoire,Western,2015,Telecommunications,LIR Extra Small,LIR
Session Telecoms(PTY) Ltd,2015-06-30,South Africa,Southern,2015,Internet Service Provider,LIR Very Small,LIR
"Ministry of Information and Communications, Government of Sierra Leone",2015-06-26,Sierra Leone,Western,2015,Government,LIR Extra Small,LIR
Simply Computers Tanzania Ltd,2015-06-24,"Tanzania, United Republic of",Eastern,2015,Internet Service Provider,LIR Very Small,LIR
South African Bankers Services Company Limited,2015-07-17,South Africa,Southern,2015,Banking / Financial,End-User Micro,EU-PI
ECOTECH Converge PTY Ltd,2015-06-30,South Africa,Southern,2015,Internet Hosting Provider,LIR Extra Small,LIR
Ekovolt Telco Limited,2015-07-08,Nigeria,Western,2015,Internet Service Provider,LIR Extra Small,LIR
Kenya Commercial Bank Limited,2015-07-28,Kenya,Eastern,2015,Banking / Financial,End-User Mini,EU-PI
Cimecom - Nortis,2015-08-05,Morocco,Northern,2015,Internet Service Provider,LIR Very Small,LIR
IPTP Inc,2015-07-08,Seychelles,Indian Ocean,2015,Telecommunications,LIR Small,LIR
African Institute for Mathematical Sciences Ghana,2015-08-06,Ghana,Western,2015,Education,End-User Micro,EU-PI
TANZANIA COMMUNICATIONS REGULATORY AUTHORITY  (TZCERT),2016-05-13,"Tanzania, United Republic of",Eastern,2016,Telecommunications Regulators,End-User Micro,EU-PI
Libyan International Company for Technology,2015-10-21,Libya,Northern,2015,Internet Service Provider,LIR Small,LIR
TELECEL CENTRAFRIQUE,2015-10-21,Central African Republic (the),Central,2015,Internet Service Provider,LIR Extra Small,LIR
Agence Nationale de Telesante et d'Informatique Medicale - ANTIM,2015-10-22,Mali,Western,2015,Government,End-User Extra Small,EU-PI
SOCIETE NATIONALE DES TELECOMMUNICATIONS (Tunisie Telecom),2015-09-22,Tunisia,Northern,2015,Internet Service Provider,LIR Very Large,LIR
"BCS- Banco de Credito do Sul, S.A.",2015-07-30,Angola,Southern,2015,Banking / Financial,End-User Micro,EU-PI
Direction Generale de la Securite des Systemes d'Information- DGSSI,2015-07-30,Morocco,Northern,2015,Security Services Provider,End-User Micro,EU-PI
Kwame Nkrumah University of Science and Technology,2015-10-07,Ghana,Western,2015,Education,End-User Small,EU-PI
Family Bank Ltd,2015-11-30,Kenya,Eastern,2015,Banking / Financial,End-User Mini,EU-PI
Hollard Insurance,2015-10-30,South Africa,Southern,2015,Banking / Financial,End-User Micro,EU-PI
Perlcom CC T/A iSPOT,2015-08-20,South Africa,Southern,2015,Internet Service Provider,LIR Extra Small,LIR
ABUJA ELECTRICITY DISTRIBUTION PLC,2015-09-30,Nigeria,Western,2015,Other,End-User Mini,EU-PI
EXCELSIMO NETWORKS LIMITED,2015-08-25,Nigeria,Western,2015,Internet Service Provider,LIR Extra Small,LIR
LABOREX KENYA LTD,2015-08-20,Kenya,Eastern,2015,Other,End-User Micro,EU-PI
MAX NET FOR INTERNET SERVICES,2015-09-08,Sudan (the),Northern,2015,Internet Service Provider,LIR Very Small,LIR
LANDMARK UNIVERSITY OMU-ARAN,2015-10-13,Nigeria,Western,2015,Education,End-User Very Small,EU-PI
Unitas Global Inc,2015-08-31,South Africa,Southern,2015,Internet Applications Provider,LIR Extra Small,LIR
PC Maniacs (Pty) Ltd,2015-09-07,South Africa,Southern,2015,Internet Service Provider,LIR Extra Small,LIR
Authorite de Regulation des Telecommunications/TIC de Cote d'Ivoire-ARTCI,2016-01-27,Côte d'Ivoire,Western,2016,Government,End-User Mini,EU-PI
International Livestock Research Institute,2015-10-21,Kenya,Eastern,2015,NGO / Not-For-Profit,End-User Micro,EU-PI
Smile Communication DRC,2015-09-30,Congo (the Democratic Republic of the),Central,2015,Internet Service Provider,LIR Very Small,LIR
NATCOM Development and Investment Limited,2015-09-22,Nigeria,Western,2015,Telecommunications,LIR Medium,LIR
CONNECTIS-DATA ANGOLA LDA,2015-09-17,Angola,Southern,2015,Internet Service Provider,LIR Extra Small,LIR
STANDARD TELECOM CONGO SARL- STC SA,2015-09-11,Congo (the Democratic Republic of the),Central,2015,Internet Service Provider,LIR Extra Small,LIR
Equity Banque Commerciale Du Congo SA,2015-10-12,Congo (the Democratic Republic of the),Central,2015,Banking / Financial,End-User Mini,EU-PI
SIMBANET MALAWI LIMITED,2015-10-08,Malawi,Southern,2015,Internet Service Provider,LIR Extra Small,LIR
iSPACE (PTY) LTD,2015-09-23,South Africa,Southern,2015,Internet Service Provider,LIR Very Small,LIR
Centro Nacional para Informatizacion de la Administracion Publica,2015-10-30,Equatorial Guinea,Central,2015,Internet Service Provider,LIR Extra Small,LIR
Mesh Telecom Pty Ltd,2015-10-12,South Africa,Southern,2015,Internet Service Provider,LIR Extra Small,LIR
HAYO SA,2015-11-06,Senegal,Western,2015,Internet Service Provider,LIR Extra Small,LIR
Mezobyte (Pty) LTD,2015-10-13,South Africa,Southern,2015,Internet Service Provider,LIR Extra Small,LIR
AXIONE Gabon SA,2015-11-16,Gabon,Central,2015,Internet Service Provider,LIR Extra Small,LIR
ILNET TELECOM GROUP SARL,2015-10-30,Chad,Western,2015,Internet Service Provider,LIR Extra Small,LIR
Alriyada Internet Networking and DVB Services LLC,2015-10-30,Libya,Northern,2015,Education,LIR Extra Small,LIR
Atcomm Broadband Services Ltd,2015-11-10,Mauritius,Indian Ocean,2015,Internet Service Provider,LIR Extra Small,LIR
 ETG Integrated Services Ltd,2016-01-13,Nigeria,Western,2016,Internet Service Provider,LIR Extra Small,LIR
Izwi Technology Group (Pty) Ltd,2015-10-30,South Africa,Southern,2015,Internet Service Provider,LIR Very Small,LIR
IP WORLD - Sociedade de servicos e telecomunicacoes Limitada,2015-11-06,Angola,Southern,2015,Internet Service Provider,LIR Extra Small,LIR
AfriVPN Ltd,2015-11-16,Seychelles,Indian Ocean,2015,Internet Hosting Provider,LIR Extra Small,LIR
Geonet Communications Ltd,2015-11-23,Kenya,Eastern,2015,Internet Service Provider,LIR Extra Small,LIR
Zappie Africa LTD,2015-11-06,Seychelles,Indian Ocean,2015,Internet Hosting Provider,LIR Extra Small,LIR
Instance Nationale des Telecommunications - INT,2016-03-31,Tunisia,Northern,2016,Telecommunications,AM Corporate Small,ASSOCIATE-MEMBER
Mawingu Networks Ltd,2015-11-30,Kenya,Eastern,2015,Internet Service Provider,LIR Extra Small,LIR
National Housing Corporation,2016-04-29,"Tanzania, United Republic of",Eastern,2016,Government,End-User Micro,EU-PI
Borwood Communications (Pty) Ltd,2016-01-05,South Africa,Southern,2016,Internet Service Provider,LIR Extra Small,LIR
Speer Management Services (PTY)LTD,2015-12-09,South Africa,Southern,2015,Other,End-User Micro,EU-PI
Airlink (Pty) Limited,2015-11-25,South Africa,Southern,2015,Other,End-User Micro,EU-PI
Magnalec (Pty) Ltd t/a PacketSky,2015-12-09,South Africa,Southern,2015,Internet Service Provider,LIR Very Small,LIR
FJ Wiese CC,2015-11-27,South Africa,Southern,2015,Internet Service Provider,LIR Very Small,LIR
ARB APEX BANK LIMITED,2015-12-09,Ghana,Western,2015,Banking / Financial,End-User Mini,EU-PI
PARABOLE REUNION,2015-11-23,Reunion,Indian Ocean,2015,Other,LIR Small,LIR
Arab Tunisian Bank,2016-01-27,Tunisia,Northern,2016,Banking / Financial,End-User AS and IP,EU-AS
Host Africa (Pty) Ltd,2015-12-30,South Africa,Southern,2015,Internet Hosting Provider,LIR Very Small,LIR
FASTHOSTING (PTY) LTD,2015-12-18,South Africa,Southern,2015,Internet Hosting Provider,LIR Very Small,LIR
FBC Holdings,2016-01-25,Zimbabwe,Southern,2016,Banking / Financial,End-User Mini,EU-PI
Rogers Capital Technology Services Ltd,2016-02-29,Mauritius,Indian Ocean,2016,Internet Service Provider,LIR Small,LIR
Interworks Wireless Solutions,2016-02-12,South Africa,Southern,2016,Internet Service Provider,LIR Very Small,LIR
INTERNATIONAL SYSTEMS SARL,2016-02-12,Congo (the Democratic Republic of the),Central,2016,Internet Service Provider,LIR Extra Small,LIR
DIAKEMINVESTMENT SL,2016-02-04,Sierra Leone,Western,2016,Internet Service Provider,LIR Extra Small,LIR
Megabit Servers Technologies LTD,2016-02-05,Seychelles,Indian Ocean,2016,Internet Service Provider,LIR Extra Small,LIR
MINISTERE DES POSTES ET DE L'ECONOMIE NUMERIQUE,2016-04-29,Togo,Western,2016,Ministry,LIR Small,LIR
Children Cancer Hospital - Foundation 57357,2016-04-29,Egypt,Northern,2016,NGO / Not-For-Profit,End-User Small,EU-PI
Datasync,2016-02-26,South Africa,Southern,2016,Network Services Provider,LIR Extra Small,LIR
Huge Connect (Pty) Ltd,2016-03-04,South Africa,Southern,2016,Network Services Provider,LIR Extra Small,LIR
Letaba Networks (Pty) Ltd,2016-03-04,South Africa,Southern,2016,Internet Service Provider,LIR Small,LIR
BEONLINE TWENTY FOUR SEVEN INTERNET GROUP,2016-04-11,South Africa,Southern,2016,Internet Service Provider,LIR Extra Small,LIR
GUTTI GLOBAL NETWORKS,2016-03-08,Nigeria,Western,2016,Internet Service Provider,LIR Extra Small,LIR
GHANA INSTITUTE OF MANAGEMENT AND PUBLIC ADMINISTRATION - GIMPA,2016-05-27,Ghana,Western,2016,University,End-User Very Small,EU-PI
CAPITEC BANK LIMITED,2016-03-15,South Africa,Southern,2016,Banking / Financial,End-User Extra Small,EU-PI
Agence de Developpement de Technologies de l'Information et de la Communication,2016-04-11,Chad,Western,2016,Government Agency,LIR Very Small,LIR
IDS Africa Limited,2016-03-04,Nigeria,Western,2016,Internet Service Provider,LIR Extra Small,LIR
ICTSI DR CONGO SA,2016-03-18,Congo (the Democratic Republic of the),Central,2016,Business and Services - Other,End-User Micro,EU-AS
Ghanaian Academic and Research Network,2016-03-23,Ghana,Western,2016,Education,LIR Extra Small,LIR
Ekurhuleni Metropolitan Municipality,2016-04-22,South Africa,Southern,2016,Government,End-User Micro,EU-PI
Sithabile Technology Services (Py) Ltd,2016-03-08,South Africa,Southern,2016,Storage Services Provider ,LIR Extra Small,LIR
Bank Of Africa Kenya Limited,2017-02-27,Kenya,Eastern,2017,Banking / Financial,End-User Mini,EU-PI
Britam Holdings Limited,2016-03-30,Kenya,Eastern,2016,Finance - Other,End-User Micro,EU-PI
Accelerit Technologies PTY LTD,2016-03-25,South Africa,Southern,2016,Internet Service Provider,LIR Small,LIR
AI NETWORKS LIMITED,2016-03-14,Sierra Leone,Western,2016,Internet Service Provider,LIR Extra Small,LIR
Megasurf Wireless Internet CC,2016-03-22,South Africa,Southern,2016,Internet Service Provider,LIR Very Small,LIR
APOTICA COMPANY LIMITED,2016-03-25,Ghana,Western,2016,Systems Integration,End-User V6,EU-PI
Netdirect Wireless Technology (Pty) Ltd,2016-05-12,South Africa,Southern,2016,Telecommunications Regulators,LIR Extra Small,LIR
Sahara Group Limited,2016-05-31,Nigeria,Western,2016,Business and Services - Other,End-User Micro,EU-PI
"The International Educational Systems and its branch Modern English School, Cairo",2016-04-22,Egypt,Northern,2016,Education,End-User Micro,EU-PI
"OPCO - Sociedade Operacional Angola LNG, S.A.",2016-05-27,Angola,Southern,2016,Business and Services - Other,End-User Micro,EU-PI
SOCIETE NATIONALE DE DEVELOPPEMENT INFORMATIQUE,2016-05-31,Côte d'Ivoire,Western,2016,Government,LIR Extra Small,LIR
Satsoft cc,2016-04-11,South Africa,Southern,2016,Internet Service Provider,LIR Extra Small,LIR
Centre de Calcul El Khawarizmi,2016-05-04,Tunisia,Northern,2016,Internet Service Provider,LIR Extra Small,LIR
Audi Bank S.A.E.,2016-08-19,Egypt,Northern,2016,Banking / Financial,End-User AS and IP,EU-AS
Hollywood Sportsbook Holdings (PTY) Ltd,2016-07-12,South Africa,Southern,2016,Business and Services - Other,End-User Extra Small,EU-PI
Association pour la Gestion du Point d'Echange Internet en Mauritanie (RIMIX),2016-04-22,Mauritania,Northern,2016,"Business & professional association, union",End-User Mini,EU-PI
D and D Tactical (Pty) Ltd,2016-05-20,South Africa,Southern,2016,Internet Service Provider,LIR Extra Small,LIR
NET OI,2016-05-09,Reunion,Indian Ocean,2016,Internet Service Provider,LIR Very Small,LIR
Gardale Solutions,2016-05-25,South Africa,Southern,2016,Internet Service Provider,LIR Extra Small,LIR
University for Development Studies,2016-08-09,Ghana,Western,2016,University,End-User Extra Small,EU-PI
Burkina Faso Internet EXchange Point ( BFIX),2016-04-29,Burkina Faso,Western,2016,IXP,End-User Extra Small,EU-PI
Routed Hosting (PTY) LTD,2016-06-03,South Africa,Southern,2016,Internet Hosting Provider,LIR Extra Small,LIR
Sombha Solutions Store Limited,2016-05-09,Uganda,Eastern,2016,Internet Service Provider,LIR Extra Small,LIR
Kenya Revenue Authority,2016-10-26,Kenya,Eastern,2016,Government Agency,LIR Extra Small,LIR
POWERNET,2016-05-09,Liberia,Western,2016,Internet Service Provider,LIR Extra Small,LIR
Fenix S.L.,2016-06-24,Equatorial Guinea,Central,2016,Internet Service Provider,LIR Extra Small,LIR
RAGA NET SARL,2016-06-03,Congo (the Democratic Republic of the),Central,2016,Internet Service Provider,LIR Extra Small,LIR
Go Communications Network (Pty) LTD,2016-08-02,South Africa,Southern,2016,Internet Service Provider,LIR Extra Small,LIR
Central University College,2016-06-21,Ghana,Western,2016,University,End-User Small,EU-PI
Bright Technologies,2016-06-17,Nigeria,Western,2016,Internet Service Provider,End-User AS and IP,EU-AS
UNIVERSITY OF HEALTH AND ALLIED SCIENCES,2016-06-17,Ghana,Western,2016,Education,End-User Very Small,EU-PI
City of Cape Town,2016-12-02,South Africa,Southern,2016,Government,End-User AS and IP,EU-AS
Web Telecom Services (PTY) Ltd,2016-06-10,South Africa,Southern,2016,Internet Service Provider,LIR Very Small,LIR
JACQCO MANAGEMENT CC,2016-05-31,South Africa,Southern,2016,Internet Applications Provider,LIR Extra Small,LIR
VEONE,2016-05-31,Côte d'Ivoire,Western,2016,Internet Hosting Provider,LIR Extra Small,LIR
Softnet Technologies Limited,2016-08-19,"Tanzania, United Republic of",Eastern,2016,Systems Integration,End-User Micro,EU-PI
University of Mines and Technology,2016-06-29,Ghana,Western,2016,University,End-User Very Small,EU-PI
BRADLEY LIMITED,2016-06-17,Kenya,Eastern,2016,Culture and recreation,End-User Micro,EU-PI
"University of Professional Studies, Accra (UPSA)",2016-12-23,Ghana,Western,2016,University,End-User Micro,EU-PI
THREE6FIVE NETWORK TECHNOLOGIES (PTY) LTD,2016-06-10,South Africa,Southern,2016,Systems Integration,End-User Micro,EU-PI
Sterling Bank Plc,2016-08-08,Nigeria,Western,2016,Banking / Financial,End-User Micro,EU-PI
JENY SAS,2016-09-21,Benin,Western,2016,Internet Service Provider,LIR Extra Small,LIR
TELCO OI SAS,2016-06-14,Reunion,Indian Ocean,2016,Mobile Operator,LIR Medium,LIR
Office National De Poste(La Poste Tunisienne),2016-07-25,Tunisia,Northern,2016,Government,End-User Micro,EU-PI
Zeta-web Nigeria Limited,2016-06-27,Nigeria,Western,2016,Internet Service Provider,LIR Extra Small,LIR
The Botswana Internet Exchange (BINX),2016-06-15,Botswana,Southern,2016,IXP,End-User Mini,EU-PI
NetOne Cellular (Private) Limited,2016-10-25,Zimbabwe,Southern,2016,Mobile Operator,LIR Extra Small,LIR
Optify Systems (Pty) Ltd,2016-06-30,South Africa,Southern,2016,Internet Hosting Provider,LIR Extra Small,LIR
WebSprix IT Solution PLC,2016-08-24,Ethiopia,Eastern,2016,Internet Hosting Provider,LIR Extra Small,LIR
FFG Connection CC,2016-06-24,South Africa,Southern,2016,Internet Service Provider,LIR Very Small,LIR
Inview Technology Limited,2016-06-24,Nigeria,Western,2016,Equipment - Other,End-User Micro,EU-PI
E.G.I.T. for Technology Services,2016-07-15,Egypt,Northern,2016,Internet Hosting Provider,LIR Extra Small,LIR
Hitec Sure cc,2016-07-04,South Africa,Southern,2016,Internet Service Provider,LIR Extra Small,LIR
 Partners in Aviation and Communication Technology,2016-07-12,Senegal,Western,2016,NGO / Not-For-Profit,End-User Micro,EU-PI
JSDAAV ZA Telecoms (Pty) Ltd,2016-07-05,South Africa,Southern,2016,Internet Service Provider,LIR Very Small,LIR
INSIST NET Limited,2016-07-28,Gambia (the),Western,2016,Internet Service Provider,LIR Extra Small,LIR
Virtual Technologies & Solutions,2016-07-12,Burkina Faso,Western,2016,Internet Service Provider,LIR Very Small,LIR
Bubblestorm Management (Pty) Ltd,2016-08-11,South Africa,Southern,2016,Business and Services - Other,End-User Micro,EU-PI
Orascom Construction,2016-08-05,Egypt,Northern,2016,Construction,End-User Micro,EU-PI
KLIQ (Pty) Ltd,2016-07-28,South Africa,Southern,2016,Internet Service Provider,LIR Extra Small,LIR
Haupt Online (Pty) Ltd,2016-07-29,South Africa,Southern,2016,Internet Service Provider,LIR Extra Small,LIR
 Lesotho Network Information Centre Proprietary,2016-08-17,Lesotho,Southern,2016,ccTLD,End-User Mini,EU-PI
Unga Holdings Limited,2016-08-30,Kenya,Eastern,2016,Manufacturing & Production,End-User Micro,EU-PI
"E-Com Cloud Solution Co., Ltd",2016-08-19,South Africa,Southern,2016,Internet Hosting Provider,LIR Medium,LIR
TELECOM COMORES S.A (TELCO S.A),2016-08-19,Comoros (the),Indian Ocean,2016,Mobile Operator,LIR Extra Small,LIR
MEDAFRICA SYSTEMS,2016-08-30,Morocco,Northern,2016,Engineering & Science,LIR Extra Small,LIR
HollaTags Limited,2016-09-12,Nigeria,Western,2016,Internet Hosting Provider,LIR Extra Small,LIR
Ion Telecom and Technology,2016-09-27,Libya,Northern,2016,Internet Service Provider,LIR Extra Small,LIR
Beginning 2 End Technologies,2016-09-05,South Africa,Southern,2016,Internet Service Provider,LIR Very Small,LIR
Axxess DSL (PTY) Ltd,2016-09-02,South Africa,Southern,2016,Internet Service Provider,LIR Medium,LIR
MTN Business Solutions (Botswana),2016-09-20,Botswana,Southern,2016,Internet Service Provider,LIR Extra Small,LIR
SMS Cellular Services,2016-10-13,South Africa,Southern,2016,Internet Service Provider,LIR Extra Small,LIR
Gadgetronix.Net Ltd,2016-09-28,"Tanzania, United Republic of",Eastern,2016,Business and Services - Other,LIR Extra Small,LIR
SUD TELECOM SOLUTIONS,2016-10-27,Benin,Western,2016,Internet Service Provider,LIR Very Small,LIR
Dark Fibre Africa (Pty) Ltd,2016-10-21,South Africa,Southern,2016,Fixed Line Operator,LIR Extra Small,LIR
Gulf African Bank,2016-10-27,Kenya,Eastern,2016,Banking / Financial,End-User Micro,EU-PI
 WiseTech Global Ltd,2016-10-19,South Africa,Southern,2016,Logistics & Supply Chain Management,LIR Extra Small,LIR
Ministère des Postes Télécommunications et de l'Economie Numérique,2016-12-02,Guinea,Western,2016,Ministry,End-User Extra Small,EU-PI
BLUEGATE EXCHANGE,2016-11-03,South Africa,Southern,2016,Internet Service Provider,LIR Very Small,LIR
Cameroon Internet Exchange Point (CAMIX),2016-10-26,Cameroon,Central,2016,IXP,End-User Mini,EU-PI
HostUS Solutions LLC,2016-10-31,Seychelles,Indian Ocean,2016,Internet Hosting Provider,LIR Very Small,LIR
UNIWISP,2016-11-23,South Africa,Southern,2016,Internet Service Provider,LIR Very Small,LIR
WIOCC SOUTH AFRICA (PTY)LTD,2017-01-26,South Africa,Southern,2017,Internet Service Provider,LIR Extra Small,LIR
Woodynet Ltd,2016-11-30,Mauritius,Indian Ocean,2016,DNS Service Provider,End-User Small,EU-PI
GUILAB SA,2016-11-23,Guinea,Western,2016,Network Services Provider,LIR Extra Small,LIR
Réseau National d'Education et de Recherche du Mali - MALIREN,2017-01-17,Mali,Western,2017,Equipment - Other,LIR Extra Small,LIR
Suburban Broadband Ltd,2016-11-15,Nigeria,Western,2016,Internet Service Provider,LIR Very Small,LIR
Secure Internet Limited,2016-11-24,Seychelles,Indian Ocean,2016,Security Services Provider,LIR Small,LIR
The SPAR Group Ltd,2016-12-21,South Africa,Southern,2016,Business and Services - Other,End-User Micro,EU-PI
Comsol Networks (PTY) Ltd,2016-12-16,South Africa,Southern,2016,Network Services Provider,LIR Small,LIR
Ocular Technologies (PTY) Ltd,2016-12-16,South Africa,Southern,2016,Telecom Equipment,LIR Extra Small,LIR
East African Broadband Services Limited,2016-12-08,Uganda,Eastern,2016,Internet Service Provider,LIR Extra Small,LIR
Linux Based Systems Design SA (Pty) Ltd,2016-12-14,South Africa,Southern,2016,Internet Service Provider,LIR Very Small,LIR
FDH Bank Limited,2016-12-29,Malawi,Southern,2016,Banking / Financial,End-User Micro,EU-PI
Internet Utilities Africa (PTY) LTD,2017-01-30,South Africa,Southern,2017,Internet Hosting Provider,LIR Small,LIR
BUI Medical & Technology Suppliers  (pty) Ltd,2017-01-06,South Africa,Southern,2017,Security Services Provider,End-User Micro,EU-PI
Agence De l'Informatique de l'Etat,2017-03-31,Senegal,Western,2017,Government Agency,LIR Small,LIR
DIGICOM,2017-01-20,Gabon,Central,2017,Internet Service Provider,LIR Mini,LIR
Forbtech,2017-01-20,South Africa,Southern,2017,Internet Service Provider,LIR Extra Small,LIR
Hexabyte,2017-01-26,Tunisia,Northern,2017,Internet Service Provider,End-User AS and IP,EU-AS
 Larus cloud service Limited,2017-01-30,Seychelles,Indian Ocean,2017,Internet Hosting Provider,LIR Extra Small,LIR
VirtualComms (Pty) Ltd,2017-04-26,South Africa,Southern,2017,Internet Service Provider,LIR Extra Small,LIR
Tehilah Base Digital LTD,2017-02-07,Nigeria,Western,2017,Internet Service Provider,LIR Extra Small,LIR
Webb Fontaine Nigeria Limited,2017-02-21,Nigeria,Western,2017,Systems Integration,End-User Micro,EU-PI
ABC Corporation SARL,2017-02-27,Benin,Western,2017,Internet Service Provider,LIR Extra Small,LIR
Telecel Liberia Limited,2017-03-08,Liberia,Western,2017,Internet Service Provider,LIR Very Small,LIR
OFFICE TECH,2017-02-08,Equatorial Guinea,Central,2017,Business and Services - Other,LIR Extra Small,LIR
Leal Communication and informatics ltd,2017-02-21,Mauritius,Indian Ocean,2017,Systems Integration,LIR Extra Small,LIR
AVBOB Mutual Assurance Society,2017-03-03,South Africa,Southern,2017,Finance - Other,End-User Micro,EU-PI
GVA Gabon SAS,2017-03-13,Gabon,Central,2017,Fixed Line Operator,LIR Medium,LIR
Business Registrations and Licensing Agency (BRELA),2017-03-13,"Tanzania, United Republic of",Eastern,2017,Government Agency,End-User Micro,EU-PI
Icolo Ltd,2017-05-10,Kenya,Eastern,2017,Other,End-User Extra Small,EU-PI
Web Squad Connect (Pty) Ltd,2017-03-08,South Africa,Southern,2017,Internet Service Provider,LIR Very Small,LIR
Ostec limited,2017-03-22,Ghana,Western,2017,Systems Integration,LIR Extra Small,LIR
Kenya Post Office Savings Bank,2017-04-21,Kenya,Eastern,2017,Banking / Financial,End-User Micro,EU-PI
"NETSPACE -SERVICOS DE TELECOMUNICACOES, LDA",2017-04-21,Angola,Southern,2017,Fixed Line Operator,LIR Extra Small,LIR
SAINT ICT CONSULTANTS (PTY) LTD,2017-03-31,South Africa,Southern,2017,Internet Service Provider,LIR Extra Small,LIR
"Banco de Investimento Rural, S.A",2017-05-15,Angola,Southern,2017,Banking / Financial,End-User Micro,EU-PI
Eclectics International Ltd,2017-03-15,Kenya,Eastern,2017,Business and Services - Other,End-User Mini,EU-PI
TREFOIL NETWORKS LTD,2017-05-23,Nigeria,Western,2017,Internet Service Provider,LIR Mini,LIR
KENYA PORTS AUTHORITY,2017-08-23,Kenya,Eastern,2017,Government Agency,End-User Very Small,EU-PI
Dotmac Technologies Limited,2017-03-31,Nigeria,Western,2017,Internet Service Provider,LIR Extra Small,LIR
Swazi Mobile Limited,2017-05-22,Eswatini,Southern,2017,Mobile Operator,LIR Extra Small,LIR
Velocity Trade Financial Services (Pty) Ltd,2017-04-10,South Africa,Southern,2017,Finance - Other,End-User Extra Small,EU-PI
Digital Arena Limited,2017-04-11,Ghana,Western,2017,Internet Service Provider,LIR Extra Small,LIR
ECOBANK NIGERIA LIMITED,2017-06-30,Nigeria,Western,2017,Banking / Financial,End-User Mini,EU-PI
Psychz Networks ZA,2017-04-12,South Africa,Southern,2017,Internet Service Provider,LIR Very Small,LIR
Korbitec (PTY) LTD,2017-04-26,South Africa,Southern,2017,Business and Services - Other,End-User Mini,EU-AS
Togo Internet Exchange Point (TGIX),2017-04-11,Togo,Western,2017,IXP,End-User Mini,EU-PI
WAN 4 U cc,2017-05-10,South Africa,Southern,2017,Internet Service Provider,LIR Extra Small,LIR
ITTX Telecoms (Pty) Ltd,2017-04-21,South Africa,Southern,2017,Internet Service Provider,LIR Extra Small,LIR
PCS Holdings Limited,2017-05-17,Sierra Leone,Western,2017,Internet Service Provider,LIR Extra Small,LIR
PayCorp Group (Pty) Ltd,2017-05-05,South Africa,Southern,2017,Banking / Financial,End-User Mini,EU-PI
Singa Tel,2017-06-19,South Africa,Southern,2017,Fixed Line Operator,LIR Extra Small,LIR
"EDM - Electricidade de Moçambique, E.P.",2017-06-29,Mozambique,Southern,2017,Government Agency,End-User Mini,EU-PI
Covenant University,2017-06-30,Nigeria,Western,2017,University,End-User Very Small,EU-PI
EXCHANGE TELECOMMUNICATIONS LIMITED,2017-04-26,Nigeria,Western,2017,Network Services Provider,End-User Micro,EU-PI
A 2 X (Pty) Ltd,2017-05-12,South Africa,Southern,2017,Banking / Financial,End-User Extra Small,EU-PI
TWK Communications,2017-05-18,South Africa,Southern,2017,Internet Service Provider,LIR Extra Small,LIR
Weltel,2017-05-25,South Africa,Southern,2017,Telecom Equipment,LIR Extra Small,LIR
Xpress Payment Solutions Limited,2017-06-08,Nigeria,Western,2017,Finance - Other,End-User Micro,EU-PI
GVA Togo,2017-07-17,Togo,Western,2017,Internet Service Provider,LIR Small,LIR
DataKeepers (Pty) Ltd,2017-05-22,South Africa,Southern,2017,Internet Hosting Provider,LIR Very Small,LIR
Jasper Consultants Pty Ltd,2017-05-25,South Africa,Southern,2017,Internet Applications Provider,LIR Extra Small,LIR
Voimar (Pty) Ltd,2017-07-31,South Africa,Southern,2017,Business and Services - Other,LIR Extra Small,LIR
ASK Internet Technologies CC,2017-05-25,South Africa,Southern,2017,Internet Service Provider,LIR Extra Small,LIR
SETIC-FP,2017-08-16,Angola,Southern,2017,Government,End-User Micro,EU-PI
HomeFind24 (Pty) Ltd t/a Property24,2017-06-08,South Africa,Southern,2017,Internet Applications Provider,End-User Mini,EU-PI
The Computer Hut cc,2017-06-06,South Africa,Southern,2017,Internet Service Provider,LIR Very Small,LIR
DANGOTE INDUSTRIES LIMITED,2017-08-16,Nigeria,Western,2017,Manufacturing & Production,End-User Micro,EU-PI
Universal Communication SA,2017-07-10,Burkina Faso,Western,2017,Internet Service Provider,LIR Extra Small,LIR
RAHA Ltd,2017-07-31,"Tanzania, United Republic of",Eastern,2017,Internet Service Provider,LIR Small,LIR
THE UNIVERSITY OF CAPE COAST,2017-08-18,Ghana,Western,2017,University,End-User Very Small,EU-PI
Bank of Kigali Ltd,2017-06-19,Rwanda,Eastern,2017,Banking / Financial,End-User Extra Small,EU-PI
NEWSHELF 1315 (PTY) LTD,2017-06-22,South Africa,Southern,2017,Banking / Financial,End-User Mini,EU-PI
Soltia Telecom INC,2017-06-27,Seychelles,Indian Ocean,2017,Internet Hosting Provider,LIR Extra Small,LIR
Telstream Telecoms Pty Ltd,2017-07-24,South Africa,Southern,2017,Internet Service Provider,LIR Extra Small,LIR
Al Madar Al Jadeed Joint Stock Company,2017-07-31,Libya,Northern,2017,Mobile Operator,LIR Very Small,LIR
ALPHA TELECOMMUNICATION MALI-ATEL-S.A,2017-07-28,Mali,Western,2017,Mobile Operator,LIR Extra Small,LIR
EXMILE TECHNOLOGIES (PTY) LTD,2017-07-24,South Africa,Southern,2017,Internet Service Provider,End-User Micro,EU-PI
Elige Communications Limited,2017-08-07,Kenya,Eastern,2017,Internet Service Provider,LIR Extra Small,LIR
Copperbelt Energy Corporation Plc,2017-07-20,Zambia,Southern,2017,Engineering & Science,End-User Micro,EU-PI
VOIPTECH LIMITADA,2017-09-11,Mozambique,Southern,2017,Systems Integration,LIR Extra Small,LIR
Bioniq (Pty) Ltd,2017-08-23,South Africa,Southern,2017,Internet Service Provider,LIR Extra Small,LIR
Blue Crane Communications (U) Ltd,2017-07-24,Uganda,Eastern,2017,Internet Service Provider,LIR Small,LIR
DFCU Bank Limited,2017-10-09,Uganda,Eastern,2017,Banking / Financial,End-User Mini,EU-PI
AWAL TELECOM & TECHNOLOGY,2017-10-16,Libya,Northern,2017,Internet Service Provider,LIR Extra Small,LIR
Outsurance Insurance Company Ltd,2017-08-07,South Africa,Southern,2017,Finance - Other,End-User Micro,EU-PI
Platinum Index Data Communications Ltd,2017-08-07,Nigeria,Western,2017,Internet Service Provider,LIR Extra Small,LIR
Altron Nexus (Pty) Ltd,2017-09-06,South Africa,Southern,2017,Systems Integration,LIR Extra Small,LIR
Strathmore University,2017-09-14,Kenya,Eastern,2017,University,End-User Mini,EU-PI
TWC Hosting CC,2017-08-23,South Africa,Southern,2017,Internet Service Provider,LIR Very Small,LIR
IT Consortium Limited,2017-08-08,Ghana,Western,2017,Business and Services - Other,End-User Mini,EU-PI
TENACIT SOLUTIONS (PTY) LTD,2017-08-15,South Africa,Southern,2017,Systems Integration,LIR Very Small,LIR
Wifiza Telecoms cc,2017-10-24,South Africa,Southern,2017,Internet Service Provider,LIR Extra Small,LIR
CORALPAY TECHNOLOGY (NIGERIA) LIMITED,2017-09-06,Nigeria,Western,2017,Business and Services - Other,End-User Micro,EU-PI
Firestream (PTY) LTD,2017-08-29,South Africa,Southern,2017,Internet Service Provider,LIR Very Small,LIR
Wireless Associate Service Providers CC,2017-08-29,South Africa,Southern,2017,Internet Service Provider,LIR Very Small,LIR
University of Energy and Natural Resources,2017-09-14,Ghana,Western,2017,Equipment - Other,End-User Very Small,EU-PI
NETLAYER (PTY) LTD,2017-09-07,South Africa,Southern,2017,Internet Service Provider,LIR Extra Small,LIR
Cloud Telecoms (PTY) Ltd,2017-09-27,South Africa,Southern,2017,Internet Service Provider,LIR Micro,LIR
INFOSET SARL,2017-10-25,Congo (the Democratic Republic of the),Central,2017,Systems Integration,End-User Micro,EU-PI
Al Ahli Bank of Kuwait Egypt S.A.E,2017-12-29,Egypt,Northern,2017,Banking / Financial,End-User Micro,EU-PI
Orange Côte d'Ivoire,2017-12-29,Côte d'Ivoire,Western,2017,Mobile Operator,LIR Large,LIR
Foschini Retail Group (Pty) Ltd,2017-11-17,South Africa,Southern,2017,Marketing/Public Relations,End-User Mini,EU-PI
Hammer and Tongues Africa Holdings (Private) Limited,2017-09-29,Zimbabwe,Southern,2017,Business and Services - Other,LIR Extra Small,LIR
 Mega Max Distributors,2017-10-25,South Africa,Southern,2017,Internet Service Provider,LIR Extra Small,LIR
Southey Holdings (Pty ) Ltd,2017-10-03,South Africa,Southern,2017,Manufacturing & Production,End-User Micro,EU-PI
Crystal Web (Pty) Ltd,2017-10-26,South Africa,Southern,2017,Internet Service Provider,LIR Small,LIR
Skyvision Guinee SA,2017-11-08,Guinea,Western,2017,Internet Service Provider,LIR Extra Small,LIR
IP Labs Communications (Pty) Ltd,2017-11-03,South Africa,Southern,2017,Internet Service Provider,LIR Extra Small,LIR
Root Technologies Of SA (PTY) LTD,2017-11-08,South Africa,Southern,2017,Internet Hosting Provider,LIR Very Small,LIR
Verdana Group Pty Ltd,2017-12-08,South Africa,Southern,2017,Internet Hosting Provider,LIR Extra Small,LIR
Kinshasa Wireless SARL (KIWI SARL),2017-11-24,Congo (the Democratic Republic of the),Central,2017,Internet Service Provider,LIR Extra Small,LIR
eProcess International SA (Ecobank Group),2017-12-04,Ghana,Western,2017,Banking / Financial,LIR Extra Small,LIR
CIE NATIONALE ROYAL AIR MAROC,2018-01-26,Morocco,Northern,2018,Business and Services - Other,End-User Mini,EU-PI
WAW SAS,2017-12-19,Senegal,Western,2017,Internet Service Provider,LIR Extra Small,LIR
E-Connecta Limited,2017-12-19,Ghana,Western,2017,Internet Service Provider,LIR Extra Small,LIR
Internet Uncapped,2017-12-20,South Africa,Southern,2017,Internet Service Provider,LIR Extra Small,LIR
Air Products South Africa (Pty) Ltd,2018-01-10,South Africa,Southern,2018,Manufacturing & Production,End-User Micro,EU-PI
IT Anywhere (Private) Limited,2018-01-24,Zimbabwe,Southern,2018,Internet Service Provider,LIR Extra Small,LIR
Infraplex (Pty) Ltd,2017-12-08,South Africa,Southern,2017,Internet Service Provider,LIR Extra Small,LIR
Zen Internet Company (SL) Limited,2017-12-19,Sierra Leone,Western,2017,Internet Service Provider,LIR Extra Small,LIR
"BIM - Banco Internacional de Mocambique, SA",2018-02-05,Mozambique,Southern,2018,Banking / Financial,End-User Mini,EU-PI
Skymax Integrated Network Ltd,2017-12-13,Nigeria,Western,2017,Internet Service Provider,LIR Extra Small,LIR
Libyana Mobile Phone Company JSC,2018-03-14,Libya,Northern,2018,Mobile Operator,LIR Extra Small,LIR
Sportpesa [PTY] LTD,2017-12-19,South Africa,Southern,2017,Business and Services - Other,End-User Micro,EU-PI
BELGACOM INTERNATIONAL CARRIER SERVICES (MAURITIUS) LTD,2018-01-24,Mauritius,Indian Ocean,2018,Network Services Provider,LIR Very Small,LIR
Syokinet Solutions Limited,2018-01-24,Kenya,Eastern,2018,Internet Service Provider,LIR Very Small,LIR
WTTX Communications (PTY) LTD,2018-01-24,South Africa,Southern,2018,Internet Service Provider,LIR Extra Small,LIR
INSTITUT NATIONAL DES POSTES ET TELECOMMUNICATIONS - INPT,2018-01-24,Morocco,Northern,2018,University,End-User Micro,EU-PI
Atomic (Pty) Ltd,2018-01-15,South Africa,Southern,2018,Internet Service Provider,LIR Very Small,LIR
National Bank of Malawi,2018-03-30,Malawi,Southern,2018,Banking / Financial,End-User Micro,EU-PI
Mobifin (Pty) Ltd,2018-02-12,South Africa,Southern,2018,Internet Service Provider,LIR Very Small,LIR
Audatex SA (Proprietary) Limited,2018-02-21,South Africa,Southern,2018,Internet Applications Provider,LIR Extra Small,LIR
NAS Inter-Global Liberia,2018-02-15,Liberia,Western,2018,Internet Service Provider,LIR Extra Small,LIR
iNET Communications Limited,2018-04-04,Ghana,Western,2018,Consulting & Advisory,LIR Extra Small,LIR
L'Agence Nationale de Réglementation des Télécommunications (ANRT),2018-02-19,Morocco,Northern,2018,Telecommunications Regulators,End-User Mini,EU-PI
WiberSolutions (Pty) Ltd,2018-02-15,South Africa,Southern,2018,Internet Service Provider,LIR Very Small,LIR
BDC Wireless Solutions CC,2018-02-07,South Africa,Southern,2018,Internet Service Provider,LIR Extra Small,LIR
RESEAU D'EDUCATION ET DE RECHERCHE DU TOGO - TogoRER,2018-03-21,Togo,Western,2018,Education,End-User Extra Small,EU-PI
Belanet cc,2018-03-16,South Africa,Southern,2018,Internet Service Provider,LIR Extra Small,LIR
Autorité Malienne de Regulation des Télécommincations/TIC et Postes (AMRTP),2018-02-14,Mali,Western,2018,Telecommunications Regulators,End-User Mini,EU-PI
Société Malienne de Transmission et de Diffusion,2018-02-26,Mali,Western,2018,Government Agency,LIR Very Small,LIR
Verizon Communications South Africa,2018-03-30,South Africa,Southern,2018,Equipment - Other,End-User Extra Small,EU-PI
TEOLIS SAU,2018-02-22,Togo,Western,2018,Internet Service Provider,LIR Very Small,LIR
Attijariwafa Bank Egypt S.A.E,2018-03-28,Egypt,Northern,2018,Banking / Financial,End-User Extra Small,EU-PI
Veritran (Private) Limited,2018-03-19,Zimbabwe,Southern,2018,Systems Integration,LIR Extra Small,LIR
Banco de Poupança e Crédito S.A,2018-02-26,Angola,Southern,2018,Banking / Financial,End-User Micro,EU-PI
CEE DEE INVESTMENT Company Limited,2018-03-16,Sierra Leone,Western,2018,Internet Service Provider,LIR Extra Small,LIR
Avanti Communications South Africa (Pty) Ltd,2018-03-21,South Africa,Southern,2018,Network Services Provider,LIR Small,LIR
Waka,2018-04-09,Gabon,Central,2018,Internet Service Provider,LIR Extra Small,LIR
ALICOM (PTY) LTD,2018-03-14,South Africa,Southern,2018,Network Services Provider,LIR Extra Small,LIR
AGENT BANKING COMPANY OF UGANDA,2018-03-21,Uganda,Eastern,2018,Banking / Financial,End-User Micro,EU-PI
EDELNET CC,2018-03-09,South Africa,Southern,2018,Internet Service Provider,LIR Very Small,LIR
QCell (SL) Limited,2018-03-26,Sierra Leone,Western,2018,Mobile Operator,LIR Small,LIR
UNIPACK,2018-04-20,Tunisia,Northern,2018,Equipment - Other,LIR Extra Small,LIR
Atlancis Technologies Limited,2018-03-26,Kenya,Eastern,2018,Systems Integration,LIR Extra Small,LIR
Capricom Networks,2018-03-21,South Africa,Southern,2018,Internet Service Provider,LIR Very Small,LIR
Duara Systems Limited,2018-03-28,Kenya,Eastern,2018,Internet Applications Provider,LIR Extra Small,LIR
Cloud One Ltd,2018-03-30,Kenya,Eastern,2018,Internet Applications Provider,LIR Extra Small,LIR
L'Azurde Company For Jewelry,2018-04-20,Egypt,Northern,2018,Manufacturing & Production,End-User Micro,EU-PI
Deloitte & Touche South Africa,2018-05-07,South Africa,Southern,2018,Consulting & Advisory,End-User Extra Small,EU-PI
Yappingo Nigeria Limited,2018-04-11,Nigeria,Western,2018,Internet Hosting Provider,LIR Extra Small,LIR
Global Tel Sarl,2018-04-25,Chad,Western,2018,Internet Service Provider,LIR Extra Small,LIR
Point d'Atterissement Virtuel - Burkina Faso,2018-05-14,Burkina Faso,Western,2018,Network Services Provider,LIR Extra Small,LIR
AEROCOM BROADBAND SERVICES,2018-05-14,South Africa,Southern,2018,Internet Service Provider,LIR Very Small,LIR
GVSC Communications (SA) (Pty) Ltd,2018-05-07,South Africa,Southern,2018,Telecom Equipment,LIR Extra Small,LIR
Federal University of Agriculture,2018-06-08,Nigeria,Western,2018,University,End-User Micro,EU-PI
Agence Nationale de Sécurité des Systèmes d'Information (ANSSI),2018-06-25,Burkina Faso,Western,2018,Government Agency,End-User Micro,EU-PI
"Conexxia Guinea Equatorial, S.L",2018-04-30,Equatorial Guinea,Central,2018,Internet Service Provider,LIR Extra Small,LIR
Sun Network Company Limited,2018-05-16,Seychelles,Indian Ocean,2018,Internet Hosting Provider,LIR Extra Small,LIR
GVA Congo,2018-07-27,Congo (the),Central,2018,Fixed Line Operator,LIR Small,LIR
First Exploration and Petroleum Development Company Limited,2018-05-27,Nigeria,Western,2018,Mining,End-User Micro,EU-PI
AMTEL LTD,2018-05-28,Somalia,Eastern,2018,Mobile Operator,LIR Extra Small,LIR
Brilliant Telecommunications (Pty) Ltd,2018-06-04,South Africa,Southern,2018,Network Services Provider,LIR Extra Small,LIR
Alsatia Networking (PTY) LTD,2018-05-28,South Africa,Southern,2018,Internet Service Provider,LIR Very Small,LIR
EXPEREO MAROC,2018-05-28,Morocco,Northern,2018,Network Services Provider,LIR Extra Small,LIR
Réseau Ivoirien de Télécommunication pour l'Enseignement et la Recherche (RITER),2018-08-14,Côte d'Ivoire,Western,2018,Education,LIR Extra Small,LIR
IDOM Technologies,2018-06-08,Reunion,Indian Ocean,2018,Internet Service Provider,LIR Very Small,LIR
Kurlec Wireless (PTY) Ltd,2018-05-30,South Africa,Southern,2018,Internet Service Provider,LIR Very Small,LIR
ASAP Internet (Pty) LTD,2018-06-11,South Africa,Southern,2018,Internet Service Provider,LIR Very Small,LIR
DIRECTION GENERALE DES IMPOTS,2018-08-17,Côte d'Ivoire,Western,2018,Government,End-User Micro,EU-PI
STE Techplus SARL,2018-07-27,Congo (the Democratic Republic of the),Central,2018,Internet Service Provider,LIR Extra Small,LIR
Harmony Gold Mining Company Limited,2018-07-09,South Africa,Southern,2018,Mining,End-User Micro,EU-PI
The Phoenix Quest II cc,2018-07-09,South Africa,Southern,2018,Internet Service Provider,LIR Extra Small,LIR
POA INTERNET KENYA LIMITED,2018-06-27,Kenya,Eastern,2018,Internet Service Provider,LIR Extra Small,LIR
Vaal Networking Consultants (PTY) LTD,2018-06-29,South Africa,Southern,2018,Internet Service Provider,LIR Extra Small,LIR
Makerere University,2018-08-28,Uganda,Eastern,2018,University,End-User Extra Small,EU-PI
United Nations Economic Commission for Africa,2018-08-17,Cameroon,Central,2018,NGO / Not-For-Profit,End-User Micro,EU-PI
Rosewill Trading 324,2018-07-09,South Africa,Southern,2018,Internet Service Provider,LIR Extra Small,LIR
Methodist University College Ghana,2018-08-17,Ghana,Western,2018,University,End-User Mini,EU-PI
Fixed Mobile Telecommunications (Pty) LTD,2018-06-29,South Africa,Southern,2018,Internet Service Provider,LIR Extra Small,LIR
Microsoft (S.A.) (Proprietary) Limited,2018-09-05,South Africa,Southern,2018,Business and Services - Other,LIR Medium,LIR
ISWCORP (PTY) LTD,2018-07-09,South Africa,Southern,2018,Internet Service Provider,LIR Very Small,LIR
Village Operator,2018-09-19,South Africa,Southern,2018,Mobile Operator,LIR Extra Small,LIR
Link-Up Wireless Pty Ltd,2018-07-16,South Africa,Southern,2018,Internet Service Provider,LIR Extra Small,LIR
Naafi Help Desk,2018-07-20,South Africa,Southern,2018,Network Services Provider,LIR Very Small,LIR
Fasttrack Learning (Proprietary) Limited,2018-08-13,Botswana,Southern,2018,Internet Service Provider,LIR Extra Small,LIR
WANT THE FIBRE INTERNET,2018-07-18,South Africa,Southern,2018,Internet Service Provider,LIR Extra Small,LIR
Viva Telecoms cc,2018-07-16,South Africa,Southern,2018,Internet Service Provider,LIR Extra Small,LIR
WIOCC Nigeria Limited,2018-08-06,Nigeria,Western,2018,Internet Service Provider,LIR Extra Small,LIR
STR AFRICA SA,2018-08-17,Gabon,Central,2018,Systems Integration,LIR Extra Small,LIR
Facebook South Africa (Pty) Ltd,2018-08-10,South Africa,Southern,2018,Internet Applications Provider,LIR Very Small,LIR
No Barrier Communications,2018-08-10,South Africa,Southern,2018,Network Services Provider,LIR Extra Small,LIR
Airtelecom,2018-08-01,South Africa,Southern,2018,Internet Service Provider,LIR Extra Small,LIR
ATS All Technology Solutions (Pty) Ltd,2018-09-17,South Africa,Southern,2018,Telecom Equipment,LIR Extra Small,LIR
Nuwcom Wireless,2018-08-13,South Africa,Southern,2018,Internet Service Provider,LIR Very Small,LIR
"Orange Liberia, INC",2018-08-21,Liberia,Western,2018,Mobile Operator,LIR Extra Small,LIR
ALFA O AND O VENTURES LTD,2018-09-28,Nigeria,Western,2018,Internet Service Provider,LIR Extra Small,LIR
CABLE ONE LIMITED,2018-08-17,Kenya,Eastern,2018,Internet Applications Provider,End-User AS and IP,EU-PI
DK Wireless Internet (Pty) Ltd,2018-08-17,South Africa,Southern,2018,Internet Service Provider,LIR Extra Small,LIR
Gironet (PTY) LTD,2018-08-28,South Africa,Southern,2018,Internet Service Provider,LIR Extra Small,LIR
University of Ilorin,2018-08-29,Nigeria,Western,2018,University,End-User Small,EU-PI
Network & Computing Consultants (Pty) Ltd,2018-08-14,South Africa,Southern,2018,Network Services Provider,LIR Very Small,LIR
Castlenet Consulting Limited,2018-08-22,Nigeria,Western,2018,Systems Integration,LIR Extra Small,LIR
P.S extra for communication Network and information technology JSC,2018-10-01,Egypt,Northern,2018,Internet Hosting Provider,LIR Extra Small,LIR
Intelys Technology Africa (Pty) Ltd,2018-08-22,South Africa,Southern,2018,Systems Integration,LIR Extra Small,LIR
 Algerie Telecom Satellite JSC,2018-10-24,Algeria,Northern,2018,Internet Service Provider,End-User AS and IP,EU-AS
Blue Label Distribution (Pty) Ltd,2018-09-12,South Africa,Southern,2018,Business and Services - Other,End-User Mini,EU-PI
 FIRSTNET TECHNOLOGY SERVICES (PTY) LTD,2018-09-03,South Africa,Southern,2018,Internet Service Provider,LIR Small,LIR
VOIZACOM (PTY) LTD,2018-08-29,South Africa,Southern,2018,Network Services Provider,LIR Extra Small,LIR
PerfectWorx Consulting (Pty) Ltd,2018-09-13,South Africa,Southern,2018,Systems Integration,End-User Mini,EU-PI
PowerCloud SP (PTY) LTD,2018-11-12,South Africa,Southern,2018,Internet Service Provider,LIR Extra Small,LIR
"US Embassy, Ghana",2018-09-04,Ghana,Western,2018,Government,End-User Micro,EU-PI
Etranzact Ghana Limited,2018-09-19,Ghana,Western,2018,Finance - Other,End-User Micro,EU-PI
HAMILTON TELECOM LIMITED,2018-09-17,Uganda,Eastern,2018,Internet Service Provider,LIR Extra Small,LIR
 1 GRID (PTY) LTD,2018-09-24,South Africa,Southern,2018,Internet Hosting Provider,LIR Medium,LIR
ComX Networks (PTY) LTD,2018-10-12,South Africa,Southern,2018,Internet Service Provider,LIR Extra Small,LIR
Soft Alliance and Resources Limited,2018-11-16,Nigeria,Western,2018,Systems Integration,LIR Mini,EU-PI
Vlocity Communications (pty) Ltd,2018-09-26,South Africa,Southern,2018,Internet Service Provider,LIR Very Small,LIR
PRIME BANK LIMITED,2018-10-03,Kenya,Eastern,2018,Banking / Financial,End-User Micro,EU-PI
Adnexus Celerity Networks (Proprietary) Limited,2018-10-15,South Africa,Southern,2018,Network Services Provider,LIR Extra Small,LIR
AccessGlobal Communication (Pty) Ltd,2018-10-03,South Africa,Southern,2018,Internet Service Provider,LIR Very Small,LIR
COZ Internet Ltd,2018-10-17,Nigeria,Western,2018,Internet Service Provider,LIR Extra Small,LIR
Internet NS (Pty) Ltd,2018-10-19,South Africa,Southern,2018,Internet Service Provider,LIR Very Small,LIR
 xTom Limited,2018-10-10,Seychelles,Indian Ocean,2018,Internet Hosting Provider,LIR Extra Small,LIR
Unaitas Savings and Credit Co-operative Society Limited,2018-10-23,Kenya,Eastern,2018,Banking / Financial,End-User Micro,EU-PI
Rwanda Revenue Authority (RRA),2018-10-12,Rwanda,Eastern,2018,Government Agency,End-User Extra Small,EU-PI
ConnectFocus Technologies Limited,2018-11-14,Nigeria,Western,2018,Internet Service Provider,LIR Extra Small,LIR
Sudanese Internet Association,2018-10-10,Sudan (the),Northern,2018,ccTLD,End-User Extra Small,EU-PI
Malawi Revenue Authority,2018-11-26,Malawi,Southern,2018,Government Agency,End-User Micro,EU-PI
STE RESEAUX FORMATION CONSEIL,2018-10-11,Tunisia,Northern,2018,Systems Integration,End-User Extra Small,EU-PI
MainOne COTE D'IVOIRE,2018-11-28,Côte d'Ivoire,Western,2018,Internet Service Provider,LIR Extra Small,LIR
Rocking Connect PTY (LTD),2018-10-24,South Africa,Southern,2018,Internet Service Provider,LIR Extra Small,LIR
Keyloop (UK) Limited External Profit Company,2018-12-21,South Africa,Southern,2018,Business and Services - Other,End-User Micro,EU-PI
DATATECH SARL,2018-11-05,Mali,Western,2018,Internet Service Provider,LIR Extra Small,LIR
LUCKY CONNECT TECHNOLOGIES (PTY) LTD,2018-11-05,South Africa,Southern,2018,Internet Service Provider,LIR Extra Small,LIR
 STE NEXT STEP IT,2018-12-21,Tunisia,Northern,2018,Internet Service Provider,LIR Small,LIR
CERES VESTA PALLAS IT SOLUTIONS,2018-11-16,Kenya,Eastern,2018,IXP,End-User Mini,EU-PI
Balaam Ssempala,2018-11-15,Uganda,Eastern,2018,Banking / Financial,AM Individual,ASSOCIATE-MEMBER
DXC Technology South Africa (Pty) Ltd,2019-02-21,South Africa,Southern,2019,Business and Services - Other,LIR Very Small,LIR
Link Datacenter For Data Circulation,2018-11-26,Egypt,Northern,2018,Internet Hosting Provider,LIR Extra Small,LIR
Bayero University,2019-01-16,Nigeria,Western,2019,University,End-User Small,EU-PI
Bank of Zambia,2019-01-18,Zambia,Southern,2019,Banking / Financial,End-User Micro,EU-PI
Dedicated Hosting Solutions Limited,2018-11-30,Seychelles,Indian Ocean,2018,Internet Hosting Provider,LIR Extra Small,LIR
NORTH STAR INTERNATIONAL,2018-11-27,Burkina Faso,Western,2018,Internet Service Provider,LIR Extra Small,LIR
GVA Cote d'Ivoire SAS,2019-02-22,Côte d'Ivoire,Western,2019,Internet Service Provider,LIR Small,LIR
Tracker Connect (Pty) Ltd,2019-01-09,South Africa,Southern,2019,Business and Services - Other,End-User Extra Small,EU-PI
Be Broadband (PTY) LTD,2019-03-20,South Africa,Southern,2019,Internet Service Provider,LIR Extra Small,LIR
Zonke Wifi Private Company,2019-01-31,South Africa,Southern,2019,Internet Service Provider,LIR Extra Small,LIR
Connected Space cc,2019-02-06,South Africa,Southern,2019,Internet Service Provider,LIR Very Small,LIR
M'Data Telecom,2019-01-25,Burkina Faso,Western,2019,Internet Service Provider,LIR Extra Small,LIR
Olena Trading cc,2019-01-16,South Africa,Southern,2019,Internet Service Provider,LIR Very Small,LIR
"Banco BAI Cabo Verde, SA",2019-02-21,Cabo Verde,Western,2019,Banking / Financial,End-User Micro,EU-PI
IT PROJET,2019-01-28,Burkina Faso,Western,2019,Internet Service Provider,LIR Extra Small,LIR
IP Express Ltd,2019-03-18,Nigeria,Western,2019,Internet Service Provider,LIR Extra Small,LIR
Linux Tech,2019-01-28,South Africa,Southern,2019,Internet Hosting Provider,LIR Extra Small,LIR
Enterprise Outsourcing Operations (Pty) Ltd,2019-02-06,South Africa,Southern,2019,Internet Service Provider,LIR Extra Small,LIR
BitCo Home Pty Ltd,2019-03-01,South Africa,Southern,2019,Internet Service Provider,LIR Extra Small,LIR
Economic & Strategic Research Center,2019-02-14,Somalia,Eastern,2019,Government Agency,End-User Extra Small,EU-PI
Societe Datco,2019-01-25,Congo (the Democratic Republic of the),Central,2019,Internet Service Provider,LIR Extra Small,LIR
Fawry for Banking and Electronic Payment Technology Services (S.A.E),2019-02-06,Egypt,Northern,2019,Ministry,End-User Micro,EU-PI
Exim Bank (Tanzania) Ltd,2019-04-30,"Tanzania, United Republic of",Eastern,2019,Banking / Financial,End-User Extra Small,EU-PI
GENERAL BUSINESS MACHINES SA,2019-02-06,Gabon,Central,2019,Network Services Provider,LIR Extra Small,LIR
AirLink Broadband Limited,2019-01-31,Zambia,Southern,2019,Internet Service Provider,LIR Extra Small,LIR
UNLIMITED SARL,2019-03-01,Congo (the Democratic Republic of the),Central,2019,Internet Service Provider,LIR Extra Small,LIR
Flashnet Technologies Limited,2019-02-14,"Tanzania, United Republic of",Eastern,2019,Internet Service Provider,LIR Extra Small,LIR
EKO Electricity Distribution PLC,2019-03-11,Nigeria,Western,2019,Engineering & Science,End-User Micro,EU-PI
IBRAHIM BADAMASI BABANGIDA UNIVERSITY- LAPAI,2019-04-03,Nigeria,Western,2019,University,End-User Extra Small,EU-PI
La Direction générale des impôts,2019-03-13,Burkina Faso,Western,2019,Government,End-User Micro,EU-PI
United SA,2019-02-25,Congo (the Democratic Republic of the),Central,2019,Internet Hosting Provider,LIR Very Small,LIR
The Computer Shop Plett,2019-04-10,South Africa,Southern,2019,Internet Service Provider,LIR Extra Small,LIR
National Social Security Fund,2019-04-03,Uganda,Eastern,2019,Government Agency,End-User Micro,EU-PI
Netovate (PTY) LTD,2019-02-11,South Africa,Southern,2019,Internet Applications Provider,LIR Extra Small,LIR
Your Communications Pty Ltd,2019-02-22,South Africa,Southern,2019,Internet Service Provider,LIR Extra Small,LIR
Swazisat (Proprietary) Limited,2019-04-16,Eswatini,Southern,2019,Internet Service Provider,LIR Extra Small,LIR
Somtel Somalia LTD,2019-04-17,Somalia,Eastern,2019,Mobile Operator,LIR Extra Small,LIR
Eswatini Revenue Authority,2019-08-27,Eswatini,Southern,2019,Government Agency,End-User Micro,EU-PI
Teracom Communications,2019-03-13,South Africa,Southern,2019,Internet Service Provider,LIR Extra Small,LIR
 African Banking Corporation Limited,2019-04-26,Kenya,Eastern,2019,Banking / Financial,End-User Micro,EU-PI
Mossnet cc,2019-04-03,South Africa,Southern,2019,Internet Service Provider,LIR Extra Small,LIR
F & G Telecommunications cc,2019-03-18,South Africa,Southern,2019,Internet Service Provider,LIR Extra Small,LIR
Pattern Matched Technologies (Pty) Ltd,2019-03-29,South Africa,Southern,2019,Business and Services - Other,End-User Mini,EU-PI
Bank of Ghana,2019-03-27,Ghana,Western,2019,Government,End-User Mini,EU-PI
Victoria Commercial Bank Limited,2019-04-16,Kenya,Eastern,2019,Finance - Other,End-User Micro,EU-PI
Wirelexx (Pty) Ltd,2019-03-01,South Africa,Southern,2019,Internet Service Provider,LIR Extra Small,LIR
Brainshare Technologies and Services Nigeria Limited,2019-03-29,Nigeria,Western,2019,Internet Service Provider,LIR Extra Small,LIR
BULSHO FIBER LINK LIMITED,2019-05-06,Kenya,Eastern,2019,Internet Service Provider,LIR Extra Small,LIR
AFRIQ NETWORK SOLUTIONS LIMITED,2019-04-22,Kenya,Eastern,2019,Internet Service Provider,LIR Very Small,LIR
INTEGRATED PAYMENT SERVICES LIMITED,2019-04-12,Kenya,Eastern,2019,Banking / Financial,End-User Micro,EU-PI
Old Mutual Life Assurance Company (South Africa) Limited,2019-05-15,South Africa,Southern,2019,Banking / Financial,End-User AS and IP,EU-AS
Ibadan Electricity Distribution Company Plc,2019-03-07,Nigeria,Western,2019,Business and Services - Other,End-User Extra Small,EU-PI
Comput8 IT (Pty) Ltd,2019-05-13,South Africa,Southern,2019,Network Services Provider,LIR Extra Small,LIR
Open Access Technologies (Pty) Ltd,2019-03-11,South Africa,Southern,2019,Internet Service Provider,LIR Extra Small,LIR
YULCOM TECHNOLOGIES,2019-04-19,Burkina Faso,Western,2019,Internet Service Provider,LIR Extra Small,LIR
"EYAZS-IMPERIUM, LDA",2019-04-03,Mozambique,Southern,2019,Internet Service Provider,LIR Extra Small,LIR
Radical Technology Network Limited,2019-03-20,Nigeria,Western,2019,Internet Service Provider,LIR Extra Small,LIR
Upperlink Limited,2019-05-29,Nigeria,Western,2019,Systems Integration,LIR Extra Small,LIR
Web Africa Networks (Pty) Ltd,2019-03-28,South Africa,Southern,2019,Internet Service Provider,LIR Medium,LIR
SKY TREND NETWORKS LIMITED,2019-05-13,Kenya,Eastern,2019,Internet Service Provider,LIR Extra Small,LIR
HERO TELECOMS (PTY) LTD,2019-04-19,South Africa,Southern,2019,Internet Service Provider,LIR Medium,LIR
Societe d'Amenagement et de Developpement Vert (SADV),2019-05-29,Morocco,Northern,2019,Mobile Operator,LIR Extra Small,LIR
La Sentinelle Ltd,2019-04-24,Mauritius,Indian Ocean,2019,Consulting & Advisory,End-User Micro,EU-PI
Wanderport Swaziland,2019-05-06,Eswatini,Southern,2019,Internet Service Provider,LIR Extra Small,LIR
Cellfind (Pty) Ltd,2019-04-17,South Africa,Southern,2019,Internet Applications Provider,End-User Mini,EU-PI
Suretel CC,2019-04-17,South Africa,Southern,2019,Internet Service Provider,LIR Extra Small,LIR
DK Telecom Ltd,2019-04-15,Gambia (the),Western,2019,Internet Service Provider,LIR Extra Small,LIR
Cartrack Technologies (Pty) Ltd,2019-05-27,South Africa,Southern,2019,Business and Services - Other,End-User Micro,EU-PI
Sunset Rose Investments (PTY) LTD,2019-04-17,South Africa,Southern,2019,Internet Service Provider,LIR Very Small,LIR
The International School of Kenya Limited,2019-04-12,Kenya,Eastern,2019,Education,End-User Micro,EU-PI
HOLOGRAM IDENTIFICATION SERVICES S.A.R.L,2019-04-17,Congo (the Democratic Republic of the),Central,2019,Systems Integration,LIR Extra Small,LIR
Jebo Connect Pty Ltd,2019-04-22,South Africa,Southern,2019,Internet Service Provider,LIR Very Small,LIR
Amber Financial Technologies (RF) (Pty) Ltd,2019-07-15,South Africa,Southern,2019,Banking / Financial,End-User Micro,EU-PI
TBE Egypt for Payment Solutions and Services S.A.E,2019-05-15,Egypt,Northern,2019,Business and Services - Other,End-User Micro,EU-PI
Unwired Communications Limited,2019-05-22,Kenya,Eastern,2019,Internet Service Provider,LIR Extra Small,LIR
Too Much Wifi,2019-05-08,South Africa,Southern,2019,Internet Service Provider,LIR Extra Small,LIR
Living Faith Church WorldWide,2019-06-26,Nigeria,Western,2019,Religion,End-User Very Small,EU-PI
National Identification Authority,2019-06-26,"Tanzania, United Republic of",Eastern,2019,Government Agency,End-User Micro,EU-PI
Shoprite Checkers (PTY) Ltd,2019-07-04,South Africa,Southern,2019,Business and Services - Other,End-User Extra Small,EU-PI
Super NET Limited,2019-05-27,South Sudan,Northern,2019,Internet Service Provider,LIR Extra Small,LIR
Enabling ICT Solutions (Pty) Ltd,2019-06-14,South Africa,Southern,2019,Internet Service Provider,LIR Extra Small,LIR
CyberSOC Africa Limited,2019-06-06,Nigeria,Western,2019,Security Services Provider,End-User Micro,EU-PI
Open Link Communications,2019-06-28,South Africa,Southern,2019,Internet Service Provider,LIR Extra Small,LIR
3D WIRELESS PLUS LIMITED,2019-06-03,Ghana,Western,2019,Internet Service Provider,LIR Extra Small,LIR
City Lodge Hotels (Proprietary) Limited,2019-06-28,South Africa,Southern,2019,Business and Services - Other,End-User Mini,EU-PI
SPORTPESA LIMITED,2019-06-18,"Tanzania, United Republic of",Eastern,2019,Business and Services - Other,End-User Micro,EU-PI
Radio Electronic (Proprietary) Limited,2019-06-28,Namibia,Southern,2019,Internet Service Provider,LIR Extra Small,LIR
Technology Software Limited,2019-06-07,Nigeria,Western,2019,Internet Service Provider,LIR Small,LIR
NETACTUATE ZA,2019-06-03,South Africa,Southern,2019,Internet Service Provider,LIR Extra Small,LIR
Fibrecom Limited,2019-07-22,Zambia,Southern,2019,Internet Service Provider,LIR Extra Small,LIR
Net Solutions Limited,2019-07-18,"Tanzania, United Republic of",Eastern,2019,Internet Service Provider,LIR Extra Small,LIR
"Speed Net Serviços, Lda",2019-07-01,Angola,Southern,2019,Internet Service Provider,LIR Extra Small,LIR
Infinity Wireless,2019-07-25,South Africa,Southern,2019,Internet Service Provider,LIR Extra Small,LIR
The Standard Bank of South Africa (Proprietary) Limited,2019-08-15,South Africa,Southern,2019,Banking / Financial,LIR Medium,LIR
Backspace Technologies (Pty) Ltd,2019-07-05,South Africa,Southern,2019,Fixed Line Operator,LIR Very Small,LIR
KFML Holdings (PTY) Ltd,2019-07-09,South Africa,Southern,2019,Consulting & Advisory,End-User Micro,EU-PI
Garden City University College,2019-08-23,Ghana,Western,2019,University,End-User Extra Small,EU-PI
Valley View University,2019-08-02,Ghana,Western,2019,University,End-User Very Small,EU-PI
Premium Pension Limited,2019-07-22,Nigeria,Western,2019,Finance - Other,End-User Micro,EU-PI
PAYFAST (PTY) LTD,2019-06-24,South Africa,Southern,2019,Banking / Financial,End-User Extra Small,EU-PI
A.M.C Telecom,2019-06-24,Congo (the),Central,2019,Internet Service Provider,LIR Extra Small,LIR
Ikeja Wireless (Pty) Ltd,2019-07-01,South Africa,Southern,2019,Internet Service Provider,LIR Small,LIR
MAXINET COMMUNICATIONS (PTY) LTD,2019-08-21,South Africa,Southern,2019,Internet Service Provider,LIR Extra Small,LIR
Giga for Telecommunication and Technology Limited,2019-09-13,Libya,Northern,2019,Internet Service Provider,LIR Very Small,LIR
Globe com (Pty) Ltd,2019-08-01,South Africa,Southern,2019,Internet Service Provider,LIR Extra Small,LIR
American International School of Mozambique,2019-12-16,Mozambique,Southern,2019,Education,End-User Micro,EU-PI
BANQUE CENTRALE DU CONGO,2019-07-16,Congo (the Democratic Republic of the),Central,2019,Banking / Financial,End-User Micro,EU-PI
 Baraka Broadband Solutions Sarl,2019-10-11,Congo (the Democratic Republic of the),Central,2019,Internet Service Provider,LIR Extra Small,LIR
Cajutel (SL) Sarl Limited,2019-11-26,Sierra Leone,Western,2019,Internet Service Provider,LIR Extra Small,LIR
Devinity Trading PTY LTD,2019-10-02,South Africa,Southern,2019,Internet Service Provider,LIR Extra Small,LIR
Direction Générale des Impôts - Ministere de l'economie et des finances - MAROC,2019-09-18,Morocco,Northern,2019,Government Agency,End-User Mini,EU-PI
Fliber (Pty) Ltd,2019-09-02,South Africa,Southern,2019,Internet Service Provider,LIR Extra Small,LIR
FONTEL (PTY) LTD,2019-07-26,South Africa,Southern,2019,Internet Service Provider,LIR Extra Small,LIR
Mulangane Information Technology Consult SARL - MITC SARL,2019-09-18,Congo (the Democratic Republic of the),Central,2019,Internet Applications Provider,LIR Extra Small,LIR
NetIT Solutions LTD,2019-07-22,Nigeria,Western,2019,Internet Service Provider,LIR Extra Small,LIR
Senelec SA,2019-10-16,Senegal,Western,2019,Other,End-User Mini,EU-PI
SkyWire (PTY) LTD,2020-02-10,South Africa,Southern,2020,Internet Service Provider,LIR Very Small,LIR
Somlink Wireless Network,2019-09-27,Somalia,Eastern,2019,Security Services Provider,LIR Extra Small,LIR
Super Group Trading  (Pty) Limited,2019-09-10,South Africa,Southern,2019,Logistics & Supply Chain Management,LIR Extra Small,LIR
Swift Connect Private Company,2019-10-25,South Africa,Southern,2019,Internet Service Provider,LIR Very Small,LIR
The South East Academic Libraries System Trust,2019-11-13,South Africa,Southern,2019,Education,End-User V6,EU-PI
Trackmatic Solutions (Pty) Ltd,2019-08-12,South Africa,Southern,2019,Logistics & Supply Chain Management,End-User Micro,EU-PI
Trinity Technologies Ltd,2019-10-01,South Sudan,Northern,2019,Critical Infrastructure - Other,LIR Extra Small,LIR
VGR Communications Ltd,2020-03-04,Mauritius,Indian Ocean,2020,Internet Applications Provider,LIR Very Small,LIR
Winners Incorporated,2020-01-06,Liberia,Western,2020,Business and Services - Other,End-User Extra Small,EU-PI
Wiselink Broadband,2019-08-05,South Africa,Southern,2019,Internet Service Provider,LIR Extra Small,LIR
Libyan Elite Company for Technical Solutions,2019-10-01,Libya,Northern,2019,Internet Service Provider,LIR Very Small,LIR
Enterprise Services CDG,2019-09-20,Morocco,Northern,2019,Business and Services - Other,LIR Extra Small,LIR
SAHEL TELECOM LIBERIA,2019-10-07,Liberia,Western,2019,Internet Service Provider,LIR Extra Small,LIR
Cynox-IT Limited,2019-08-07,Nigeria,Western,2019,Network Services Provider,End-User Micro,EU-PI
JUBA NETWORK CO. LTD,2019-09-06,South Sudan,Northern,2019,Internet Service Provider,LIR Extra Small,LIR
AFREENET SA,2019-09-02,Burkina Faso,Western,2019,Internet Service Provider,LIR Extra Small,LIR
Technical Support Solutions (Pty) Ltd,2019-09-20,South Africa,Southern,2019,Internet Service Provider,LIR Extra Small,LIR
CloudFace Pty Ltd,2019-08-19,South Africa,Southern,2019,Internet Service Provider,LIR Extra Small,LIR
OCTOPI SMART SOLUTIONS (PTY) LTD,2019-09-12,South Africa,Southern,2019,Internet Service Provider,LIR Extra Small,LIR
PDS Networks Nigeria Limited,2019-08-21,Nigeria,Western,2019,Internet Service Provider,LIR Extra Small,LIR
Universite numerique Cheikh Hamidou KANE (UN-CHK),2019-10-03,Senegal,Western,2019,University,End-User Extra Small,EU-PI
Timeless Network Services Ltd,2019-10-15,Nigeria,Western,2019,Internet Service Provider,LIR Extra Small,LIR
Bank Misr S.A.E,2019-10-14,Egypt,Northern,2019,Banking / Financial,End-User Micro,EU-PI
National Communication Authority (NCA),2019-10-10,South Sudan,Northern,2019,Telecommunications Regulators,End-User Mini,EU-PI
SYSCODES COMMUNICATIONS LIMITED,2019-10-15,Nigeria,Western,2019,Internet Service Provider,LIR Extra Small,LIR
Redstor Africa (PTY) Ltd,2019-09-10,South Africa,Southern,2019,Storage Services Provider ,End-User Mini,EU-PI
Vodacom Business Africa Group (PTY) Ltd,2019-11-26,South Africa,Southern,2019,Internet Service Provider,LIR Very Small,LIR
CRAZYWEB TECH (PTY) LTD,2019-11-26,South Africa,Southern,2019,Internet Service Provider,LIR Extra Small,LIR
FAST SERVERS PTY LIMITED,2019-10-14,South Africa,Southern,2019,Business and Services - Other,LIR Extra Small,LIR
Fixed Solutions,2020-03-10,Egypt,Northern,2020,Internet Hosting Provider,LIR Mini,LIR
KEMNET TECHNOLOGIES LIMITED,2019-11-20,Kenya,Eastern,2019,Other,LIR Micro,LIR
DIAMOND TRUST BANK TANZANIA LIMITED,2019-10-15,"Tanzania, United Republic of",Eastern,2019,Banking / Financial,End-User Mini,EU-PI
TOUCHNET TELECOMMUNICATIONS CC,2019-10-03,South Africa,Southern,2019,Internet Service Provider,LIR Very Small,LIR
NBS BANK PLC,2019-09-05,Malawi,Southern,2019,Banking / Financial,End-User Micro,EU-PI
LEC Communications (Pty) Ltd,2019-11-05,Lesotho,Southern,2019,Network Services Provider,LIR Extra Small,LIR
UBX (TANZANIA) LIMITED,2020-01-23,"Tanzania, United Republic of",Eastern,2020,Systems Integration,End-User Micro,EU-PI
IP Telecom SA (PTY) Ltd,2019-11-20,South Africa,Southern,2019,Internet Service Provider,LIR Extra Small,LIR
FiberFly PTY Ltd,2019-11-20,South Africa,Southern,2019,Internet Service Provider,LIR Extra Small,LIR
Surf4Life Pty (LTD),2019-11-18,South Africa,Southern,2019,Internet Service Provider,LIR Very Small,LIR
MegaMore Wireless Broadband Limited,2019-10-14,Nigeria,Western,2019,Internet Service Provider,LIR Extra Small,LIR
STE MDICIS SAS,2019-10-14,Congo (the Democratic Republic of the),Central,2019,Business and Services - Other,End-User Micro,EU-PI
STE ELITE NETWORKS SARL,2019-10-31,Congo (the Democratic Republic of the),Central,2019,Internet Service Provider,LIR Extra Small,LIR
De Choicetech Integrated Ltd,2020-05-12,Nigeria,Western,2020,Internet Service Provider,LIR Extra Small,LIR
National Communications Authority,2019-11-15,Ghana,Western,2019,Government,End-User Micro,EU-PI
SA Domain Internet Services cc,2019-11-18,South Africa,Southern,2019,Internet Hosting Provider,LIR Extra Small,LIR
Société Amanet SARL,2019-11-05,Chad,Western,2019,Internet Service Provider,LIR Extra Small,LIR
Ingululu Communications,2020-01-07,South Africa,Southern,2020,Internet Service Provider,LIR Extra Small,LIR
Jemstep Incorporated (In State of Delaware) External Profit Company,2019-10-16,South Africa,Southern,2019,Banking / Financial,End-User Mini,EU-PI
Iristel Kenya Limited,2020-01-23,Kenya,Eastern,2020,Internet Service Provider,LIR Extra Small,LIR
O'Play Digital Services Limited,2019-11-22,Nigeria,Western,2019,Internet Hosting Provider,LIR Extra Small,LIR
Ets OliverSoft,2020-02-17,Congo (the Democratic Republic of the),Central,2020,Internet Service Provider,LIR Extra Small,LIR
SIBANYE GOLD LTD,2019-10-23,South Africa,Southern,2019,Mining,End-User Micro,EU-PI
 VOD Communications (Pty) Ltd,2019-12-16,South Africa,Southern,2019,Consulting & Advisory,LIR Very Small,LIR
GVA Burkina Faso,2019-11-27,Burkina Faso,Western,2019,Internet Service Provider,LIR Small,LIR
I-TEAM (Pty) Ltd,2019-11-05,South Africa,Southern,2019,Internet Service Provider,LIR Extra Small,LIR
Sierra Rutile Limited,2019-11-21,Sierra Leone,Western,2019,Mining,End-User AS and IP,EU-PI
Eden Technologies Company Limited,2019-10-22,South Sudan,Northern,2019,Internet Service Provider,LIR Extra Small,LIR
HORIZON IT SOLUTIONS LTD,2019-11-18,South Sudan,Northern,2019,Internet Service Provider,LIR Extra Small,LIR
Africa on Cloud,2020-01-28,South Africa,Southern,2020,Internet Hosting Provider,LIR Extra Small,LIR
GVA Rwanda Ltd,2019-11-29,Rwanda,Eastern,2019,Internet Service Provider,LIR Small,LIR
RTS Net Pty Ltd,2019-12-20,South Africa,Southern,2019,Internet Service Provider,LIR Very Small,LIR
MPACT OPERATIONS (PTY) LTD.,2020-01-10,South Africa,Southern,2020,Manufacturing & Production,End-User Micro,EU-PI
Spidd Africa Ltd,2020-02-14,Uganda,Eastern,2020,Network Services Provider,LIR Extra Small,LIR
Royal Science and Technology Park,2020-01-27,Eswatini,Southern,2020,Internet Service Provider,LIR Extra Small,LIR
Central Bank of kenya,2019-12-23,Kenya,Eastern,2019,Government Agency,End-User Extra Small,EU-PI
Liberty Holdings Limited,2020-05-04,South Africa,Southern,2020,Finance - Other,LIR Very Small,LIR
Axa Mansard Insurance PLC,2020-01-31,Nigeria,Western,2020,Finance - Other,End-User Mini,EU-PI
Consolidated Bank Ghana Limited,2020-04-14,Ghana,Western,2020,Banking / Financial,End-User Mini,EU-PI
Hirani Telecommunication ltd,2020-05-07,Kenya,Eastern,2020,Internet Service Provider,LIR Extra Small,LIR
Compagnie Financiere du Congo S.a.r.l.,2020-01-13,Congo (the Democratic Republic of the),Central,2020,Finance - Other,End-User Extra Small,EU-PI
Sahel Fiber Telecommunication Chad (SAFITEL TCHAD SA/CA),2019-12-26,Chad,Western,2019,Internet Service Provider,LIR Extra Small,LIR
DATACONNECT COTE D'IVOIRE,2020-03-02,Côte d'Ivoire,Western,2020,Internet Service Provider,LIR Extra Small,LIR
Societe 'Sahel Tele Internet' SA/AG,2020-01-22,Chad,Western,2020,Internet Service Provider,LIR Extra Small,LIR
BENGOL.NET LIMITED,2020-01-10,Malawi,Southern,2020,Internet Service Provider,LIR Extra Small,LIR
Mind the Speed (PTY) Ltd,2020-01-07,South Africa,Southern,2020,Internet Service Provider,LIR Very Small,LIR
Zarclear (Pty) Ltd,2020-02-06,South Africa,Southern,2020,Internet Hosting Provider,LIR Extra Small,LIR
DELTANET FIBER,2020-02-03,South Sudan,Northern,2020,Internet Service Provider,LIR Extra Small,LIR
University Of Ngaoundere,2020-02-03,Cameroon,Central,2020,University,End-User Mini,EU-PI
MUYA FIBRE CONSTRUCTION LTD,2020-01-07,South Sudan,Northern,2020,Internet Service Provider,LIR Extra Small,LIR
Abraj Libya Co For Communications & information Technology,2020-02-03,Libya,Northern,2020,Internet Service Provider,LIR Extra Small,LIR
Catholic University of Ghana (Fiapre) (CUG),2020-05-28,Ghana,Western,2020,University,End-User Micro,EU-PI
Rhema Systems & Associates Ltd,2020-05-07,Ghana,Western,2020,Internet Applications Provider,LIR Extra Small,LIR
SELCOM PAYTECH LTD,2021-01-07,"Tanzania, United Republic of",Eastern,2021,Systems Integration,End-User Micro,EU-PI
Rayv Product Development (Pty) Ltd,2020-03-23,South Africa,Southern,2020,Internet Service Provider,LIR Extra Small,LIR
VDB Communications (Pty) Ltd,2020-03-06,South Africa,Southern,2020,Internet Service Provider,LIR Extra Small,LIR
BillyRonks Global Ltd,2020-03-11,Nigeria,Western,2020,Telecommunications,LIR Extra Small,LIR
Zambia Revenue Authority,2020-02-26,Zambia,Southern,2020,Government,End-User Mini,EU-PI
Guichet Unique du Commerce Extérieur De Côte d'Ivoire,2020-02-20,Côte d'Ivoire,Western,2020,Government,End-User Extra Small,EU-PI
Ozone aljadid for telecom and technology  LLC,2020-03-16,Libya,Northern,2020,Internet Service Provider,LIR Extra Small,LIR
Trakatel Limited,2020-01-27,Nigeria,Western,2020,Internet Service Provider,LIR Extra Small,LIR
CloudProx Hosting (Pty) Ltd,2020-02-20,South Africa,Southern,2020,Internet Hosting Provider,LIR Extra Small,LIR
Agence Ivoirienne de Gestion des Frequences radioelectriques (AIGF),2020-04-02,Côte d'Ivoire,Western,2020,Government Agency,End-User Micro,EU-PI
Open Fibre (Pty) Ltd,2020-04-17,South Africa,Southern,2020,Network Services Provider,LIR Extra Small,LIR
Egyptian Credit Bureau Estealam S.A.E,2020-03-18,Egypt,Northern,2020,Banking / Financial,End-User Micro,EU-PI
KUMASI TECHNICAL UNIVERSITY,2020-04-27,Ghana,Western,2020,Education,End-User Micro,EU-PI
MHYAS HOLDINGS (PTY) LTD,2020-01-22,South Africa,Southern,2020,Internet Service Provider,LIR Extra Small,LIR
The Egyptian Stock Exchange,2020-04-22,Egypt,Northern,2020,Government,End-User Extra Small,EU-PI
Skystar Global Solutions Limited,2020-02-14,Nigeria,Western,2020,Business and Services - Other,End-User AS and IP,EU-PI
SOCIETE DIGITAL COM SA/AG,2020-06-22,Chad,Western,2020,Internet Service Provider,LIR Extra Small,LIR
Elements Cloud Limited,2020-03-20,Seychelles,Indian Ocean,2020,Internet Hosting Provider,LIR Extra Small,LIR
INFRATEL CORPORATION LIMITED,2020-04-24,Zambia,Southern,2020,Internet Hosting Provider,LIR Extra Small,LIR
FINANCE TRUST BANK LIMITED,2020-03-30,Uganda,Eastern,2020,Banking / Financial,End-User Micro,EU-PI
WorldVu South Africa (Pty) Ltd,2020-08-27,South Africa,Southern,2020,Other,LIR Mini,LIR
Agence des technologies de communication et de sécurite (A.T.C.S),2020-03-16,Burkina Faso,Western,2020,Other,LIR Mini,LIR
Kaltrade 470 (Pty) Ltd,2020-04-15,South Africa,Southern,2020,Other,LIR Extra Small,LIR
Mzansi ComNet,2020-02-13,South Africa,Southern,2020,Internet Service Provider,LIR Extra Small,LIR
Masstores (Proprietary) Limited,2020-04-20,South Africa,Southern,2020,Other,End-User Mini,EU-PI
Ghana National Petroleum Corporation,2020-02-14,Ghana,Western,2020,Government,End-User Micro,EU-PI
Seven Network Inc.,2020-07-16,Seychelles,Indian Ocean,2020,Internet Hosting Provider,LIR Extra Small,LIR
ZA Gas CC,2020-07-14,South Africa,Southern,2020,Internet Service Provider,LIR Extra Small,LIR
MikroTikSA Networks CC,2020-02-20,South Africa,Southern,2020,Internet Service Provider,LIR Extra Small,LIR
Product Merchandiser,2020-06-16,South Africa,Southern,2020,Internet Service Provider,End-User AS and IP,EU-AS
Travelport Services (Kenya) Limited,2020-04-08,Kenya,Eastern,2020,Other,LIR Extra Small,LIR
SPACE ENGINEERING LTD,2020-02-20,Kenya,Eastern,2020,Internet Applications Provider,LIR Mini,LIR
World Sports Betting Services (Pty) Ltd,2020-04-21,South Africa,Southern,2020,Business and Services - Other,End-User Micro,EU-PI
Wired Tech Pty Ltd,2020-08-24,South Africa,Southern,2020,Other,LIR Extra Small,LIR
Witronics Pty Ltd,2020-07-10,South Africa,Southern,2020,Internet Service Provider,LIR Micro,LIR
Old Mutual Insure Limited,2020-05-12,South Africa,Southern,2020,Other,End-User Mini,EU-PI
Jambo telecoms limited,2020-04-03,Kenya,Eastern,2020,Mobile Operator,LIR Extra Small,LIR
"BOLSA DE DÍVIDA E VALORES DE ANGOLA, SGMR, S.A",2020-06-10,Angola,Southern,2020,Banking / Financial,End-User Micro,EU-PI
Intaweb (Pty) Ltd.,2020-08-05,South Africa,Southern,2020,Internet Service Provider,LIR Extra Small,LIR
"Presbyterian University College, Ghana",2020-05-25,Ghana,Western,2020,University,End-User Micro,EU-PI
Emalangeni Technologies (Pty) Ltd,2020-05-07,South Africa,Southern,2020,Other,LIR Extra Small,LIR
Davo Corp CC,2020-05-22,South Africa,Southern,2020,Other,LIR Extra Small,LIR
Tecpoint Global Solution limited,2020-07-14,Nigeria,Western,2020,Internet Service Provider,LIR Extra Small,LIR
AFR-IX DATA COMMUNICATIONS LIMITED,2020-04-17,Nigeria,Western,2020,Telecommunications,LIR Extra Small,LIR
M'DATA TELECOM MALI SARL,2020-04-17,Mali,Western,2020,Other,LIR Extra Small,LIR
Nowtech PTY Ltd,2020-06-10,South Africa,Southern,2020,Internet Service Provider,LIR Micro,LIR
Koforidua Technical University,2020-04-27,Ghana,Western,2020,University,End-User Mini,EU-PI
Al Ertikaz Co. for Internet Service & Information Technology,2020-06-02,Libya,Northern,2020,Other,LIR Mini,LIR
Nkponani Limited,2020-06-08,Nigeria,Western,2020,Other,LIR Extra Small,LIR
Crisp Fibre (Pty) Ltd,2020-07-17,South Africa,Southern,2020,Internet Service Provider,LIR Very Small,LIR
Vobiss Solutions Limited,2020-05-18,Ghana,Western,2020,Internet Service Provider,LIR Extra Small,LIR
IMS Ventures,2020-07-07,South Africa,Southern,2020,Finance - Other,End-User Micro,EU-PI
Al Bayan Media Limited,2020-07-22,Uganda,Eastern,2020,Advertising & Media,LIR Extra Small,LIR
Datapacket Maroc SARL,2020-06-11,Morocco,Northern,2020,Other,LIR Extra Small,LIR
ANGELHOSTING AFRICA (PTY) LTD,2020-05-29,South Africa,Southern,2020,Internet Hosting Provider,LIR Micro,LIR
Agence pour le Developpement du Numérique,2020-07-15,Benin,Western,2020,Other,LIR Extra Small,LIR
AFR-IX TELECOM LIMITED,2020-05-13,Ghana,Western,2020,Internet Service Provider,LIR Extra Small,LIR
Zanzibar Information Communication Technology Infrastructure Agency (ZICTIA),2020-06-17,"Tanzania, United Republic of",Eastern,2020,Government Agency,LIR Mini,LIR
Simba Fiber Africa Limited,2020-09-09,Uganda,Eastern,2020,Internet Service Provider,LIR Extra Small,LIR
C-Way Computers CC,2020-05-22,South Africa,Southern,2020,Internet Service Provider,LIR Mini,LIR
Universite Mohammed VI POLYTECHNIQUE - UM6P,2020-07-24,Morocco,Northern,2020,Other,LIR Extra Small,LIR
Smart Network Limited,2020-07-14,South Sudan,Northern,2020,Internet Service Provider,LIR Mini,LIR
ANYCONNECT- Tecnologias e Telecomunicações S.A,2020-08-21,Angola,Southern,2020,Internet Service Provider,LIR Extra Small,LIR
Silicon Sky Consulting (PTY) LTD,2020-06-12,South Africa,Southern,2020,Other,LIR Extra Small,LIR
CAMPASS PLC,2020-06-02,Cameroon,Central,2020,Systems Integration,End-User Micro,EU-PI
ISAT AFRICA KENYA LTD,2020-09-03,Kenya,Eastern,2020,Other,LIR Extra Small,LIR
Star Network Marketing Services Company (Proprietary) Limited,2020-12-22,South Africa,Southern,2020,Network Services Provider,LIR Extra Small,LIR
Global Network Systems (PTY) LTD,2020-06-24,South Africa,Southern,2020,Internet Service Provider,LIR Extra Small,LIR
Digitel Holdings Limited,2020-10-30,South Sudan,Northern,2020,Mobile Operator,LIR Micro,LIR
Xpedite Systems (Pty) Ltd,2020-08-24,South Africa,Southern,2020,Internet Service Provider,LIR Extra Small,LIR
ZANOG,2020-07-03,South Africa,Southern,2020,NGO / Not-For-Profit,End-User Extra Small,EU-PI
Easy BroadBand Limited,2021-04-17,Kenya,Eastern,2021,Internet Service Provider,LIR Extra Small,LIR
KorCom (Pty) Ltd,2020-06-17,South Africa,Southern,2020,Other,LIR Extra Small,LIR
Lucert Technologies Pty Ltd.,2020-08-11,South Africa,Southern,2020,Other,LIR Mini,LIR
Ifowuni (PTY) Ltd,2020-07-06,South Africa,Southern,2020,Telecommunications,LIR Extra Small,LIR
Orbicom pty ltd,2020-07-31,South Africa,Southern,2020,Other,End-User Extra Small,EU-PI
DishNet Africa Limited,2020-07-24,South Sudan,Northern,2020,Internet Service Provider,LIR Extra Small,LIR
Jenny Internet Swaziland (Pty) Ltd,2020-07-16,Eswatini,Southern,2020,Other,LIR Very Small,LIR
"Advanlink, Lda",2020-09-07,Angola,Southern,2020,Other,LIR Extra Small,LIR
Jenny Internet LDA,2020-07-10,Mozambique,Southern,2020,Internet Service Provider,LIR Extra Small,LIR
VIPNET BURKINA FASO,2020-08-18,Burkina Faso,Western,2020,Internet Service Provider,LIR Extra Small,LIR
DataKeepers Ltd,2020-07-14,Mauritius,Indian Ocean,2020,Other,LIR Extra Small,LIR
WANANCHI CABLE (T) LIMITED,2020-08-20,"Tanzania, United Republic of",Eastern,2020,Internet Service Provider,LIR Small,LIR
TFyreIT (PTY) LTD,2020-07-06,South Africa,Southern,2020,Consulting & Advisory,End-User Mini,EU-PI
WANANCHI CABLE UGANDA LIMITED (SINGLE),2020-08-18,Uganda,Eastern,2020,Other,LIR Very Small,LIR
EFT Corporation Ltd,2020-07-15,Mauritius,Indian Ocean,2020,Other,LIR Mini,LIR
Netway (Proprietary) Limited,2020-09-17,Botswana,Southern,2020,Internet Applications Provider,LIR Extra Small,LIR
Mansoura University,2020-11-17,Egypt,Northern,2020,University,End-User Micro,EU-PI
Business Connexion (PTY) LTD,2021-11-03,South Africa,Southern,2021,Network Services Provider,End-User Micro,EU-PI
IO Tech Manufacturing (Pty) Ltd,2020-07-20,South Africa,Southern,2020,Manufacturing & Production,End-User Micro,EU-PI
SIMBA MEDIA GHANA LIMITED,2020-12-14,Ghana,Western,2020,Internet Service Provider,LIR Micro,LIR
Tele Internet (PTY) LTD,2020-08-10,South Africa,Southern,2020,Internet Service Provider,LIR Extra Small,LIR
Groupe Netforce,2020-08-24,Burkina Faso,Western,2020,Other,LIR Extra Small,LIR
Telasera Technologies PTY LTD,2020-09-01,South Africa,Southern,2020,Internet Applications Provider,LIR Extra Small,LIR
Jenny Internet (Pty) Ltd,2020-08-26,Botswana,Southern,2020,Internet Service Provider,LIR Extra Small,LIR
Jenny Internet Services Ltd,2020-09-16,Zambia,Southern,2020,Other,LIR Extra Small,LIR
Momentum Metropolitan Life Ltd,2020-12-14,South Africa,Southern,2020,Other,End-User Mini,EU-PI
GROUPEMENT DES SERVICES EAU ET ELECTRICITE,2020-09-09,Côte d'Ivoire,Western,2020,Business and Services - Other,End-User Mini,EU-PI
Keter Technologies (Pty) Ltd,2020-08-07,South Africa,Southern,2020,Internet Service Provider,LIR Extra Small,LIR
Vodafone International Services L.L.C,2021-02-08,Egypt,Northern,2021,Network Services Provider,End-User Extra Small,EU-PI
ZIPHER WIFI (PTY) LTD,2020-08-12,South Africa,Southern,2020,Other,LIR Mini,LIR
Fibre Stream PTY Ltd,2020-10-12,South Africa,Southern,2020,Other,LIR Very Small,LIR
Outremer Telecom Digital Solutions Ltd,2020-09-09,Mauritius,Indian Ocean,2020,Other,LIR Micro,LIR
Tizeti Network Ghana Limited,2020-08-18,Ghana,Western,2020,Internet Service Provider,LIR Extra Small,LIR
Ciudad Infrastructure Limited,2020-08-27,Nigeria,Western,2020,Other,LIR Extra Small,LIR
Cogent South Africa (Pty) Ltd,2020-09-10,South Africa,Southern,2020,Other,LIR V6 Small,LIR
Fibre Geeks Pty Ltd,2020-09-16,South Africa,Southern,2020,Other,LIR Mini,LIR
URBAN WAVE INTERNET SOLUTIONS,2020-10-14,South Africa,Southern,2020,Internet Service Provider,LIR Extra Small,LIR
SmartLink Co for Information Technology and Networking,2020-10-09,Libya,Northern,2020,Internet Service Provider,LIR Extra Small,LIR
Wiza Solutions Pty Ltd,2020-12-02,South Africa,Southern,2020,Internet Service Provider,LIR Extra Small,LIR
Youth Net and Counselling,2020-09-18,Malawi,Southern,2020,NGO / Not-For-Profit,End-User Micro,EU-PI
Garnaal Beleggings CC,2020-11-12,South Africa,Southern,2020,Other,LIR Mini,LIR
Techwood Trading (Pty) Ltd.,2021-03-03,South Africa,Southern,2021,Internet Service Provider,LIR Extra Small,LIR
Blue Streak Horizons Net Limited,2020-09-14,Kenya,Eastern,2020,Other,LIR Extra Small,LIR
Crimson Moon Trading,2020-11-19,South Africa,Southern,2020,Internet Service Provider,LIR Extra Small,LIR
Krypton Web (Pty) Ltd,2020-09-14,South Africa,Southern,2020,Internet Service Provider,LIR Extra Small,LIR
Agile Solutions Provider (PTY) LTD,2020-10-16,South Africa,Southern,2020,Other,LIR Extra Small,LIR
Dimension 5 Internet Solutions (Pty) Ltd,2020-09-10,South Africa,Southern,2020,Other,LIR Extra Small,LIR
Access Technology Consultants (PTY) LTD,2020-08-19,South Africa,Southern,2020,Internet Service Provider,LIR Extra Small,LIR
Donya Digital (Pty) Ltd,2020-11-03,Botswana,Southern,2020,Other,LIR Micro,LIR
InsideData PTY (Ltd),2021-02-16,South Africa,Southern,2021,Business and Services - Other,End-User Micro,EU-PI
Simplifyd Systems Nigeria Limited,2020-10-09,Nigeria,Western,2020,Other,LIR Extra Small,LIR
CRDB BANK PLC,2020-10-27,"Tanzania, United Republic of",Eastern,2020,Banking / Financial,End-User Mini,EU-PI
Christian Service University College,2020-10-28,Ghana,Western,2020,Education,End-User Micro,EU-PI
Zeplin Investments Ltd,2020-10-28,Kenya,Eastern,2020,Other,LIR Extra Small,LIR
Platinum Broadband,2020-10-13,South Africa,Southern,2020,Other,LIR Extra Small,LIR
Globus Bank Limited,2020-10-14,Nigeria,Western,2020,Banking / Financial,End-User Micro,EU-PI
DIAMOND TRUST BANK UGANDA LIMITED,2020-10-30,Uganda,Eastern,2020,Banking / Financial,End-User Mini,EU-PI
Triqa Wifi,2020-10-16,South Africa,Southern,2020,Internet Service Provider,LIR Mini,LIR
National Assembly Abuja,2021-06-14,Nigeria,Western,2021,Government,LIR Extra Small,LIR
Ekiti State University,2020-11-23,Nigeria,Western,2020,Education,End-User Extra Small,EU-PI
ZTEL PTY LTD,2020-11-11,South Africa,Southern,2020,Other,LIR Extra Small,LIR
FedEx Express South Africa (Pty) Ltd,2021-02-26,South Africa,Southern,2021,Logistics & Supply Chain Management,LIR V6 Small,LIR
Alhadatha Alalamiya for telecommunications and information technology L.L.C,2020-11-12,Libya,Northern,2020,Internet Service Provider,LIR Extra Small,LIR
R A Consulting Services (Pty) Ltd,2020-11-06,Mauritius,Indian Ocean,2020,Internet Hosting Provider,LIR Mini,LIR
Credit Bank PLC,2021-01-11,Kenya,Eastern,2021,Banking / Financial,End-User Mini,EU-PI
South Coast Fibre (pty) LTD,2021-04-27,South Africa,Southern,2021,Internet Service Provider,LIR Extra Small,LIR
JAIZ BANK PLC,2021-03-25,Nigeria,Western,2021,Banking / Financial,End-User Mini,EU-PI
Evercare Hospital Lekki Limited,2020-12-16,Nigeria,Western,2020,Business and Services - Other,End-User Extra Small,EU-PI
ARROW NETWORK SYSTEMS LIMITED,2020-12-02,Ghana,Western,2020,Network Services Provider,LIR Micro,LIR
"EMIS - Empresa Interbancaria de Serviços,S.A",2021-01-26,Angola,Southern,2021,Finance - Other,LIR Extra Small,LIR
Intrasurf Broadband cc,2021-09-14,South Africa,Southern,2021,Internet Service Provider,LIR Micro,LIR
Gigs Broadband Pty Ltd,2020-11-02,South Africa,Southern,2020,Other,LIR Micro,LIR
LIMPO WIFI (PTY) LTD,2020-12-17,South Africa,Southern,2020,Internet Service Provider,LIR Extra Small,LIR
Khula Tech Solutions,2021-02-25,South Africa,Southern,2021,Internet Hosting Provider,LIR Extra Small,LIR
NEWTELNET CAMEROUN SAS,2021-06-07,Cameroon,Central,2021,Internet Service Provider,LIR Very Small,LIR
Diamond Trust Bank Kenya Limited,2020-06-30,Kenya,Eastern,2020,Banking / Financial,End-User Mini,EU-PI
COMTECH sarl,2021-01-12,Congo (the Democratic Republic of the),Central,2021,Internet Service Provider,LIR Mini,LIR
AZAMPAY TANZANIA LIMITED,2020-12-14,"Tanzania, United Republic of",Eastern,2020,Other,End-User Micro,EU-PI
Broadspectrum Limited,2021-02-11,Ghana,Western,2021,Network Services Provider,LIR Extra Small,LIR
Digital Business Solutions SA,2021-10-09,Cameroon,Central,2021,Banking / Financial,LIR Extra Small,LIR
Karti Telecom Limited,2021-01-06,Kenya,Eastern,2021,Other,LIR Extra Small,LIR
RAXIO DATA CENTRE SMC LIMITED,2021-03-24,Uganda,Eastern,2021,IXP,LIR Mini,LIR
valU,2021-01-12,Egypt,Northern,2021,Banking / Financial,End-User Mini,EU-PI
The Governing Body of College of Business Education,2021-04-29,"Tanzania, United Republic of",Eastern,2021,Education,End-User Micro,EU-PI
Proline Technologies Limited,2020-12-22,Nigeria,Western,2020,Internet Service Provider,LIR Extra Small,LIR
China Mobile International South Africa (Pty) Ltd,2021-01-19,South Africa,Southern,2021,Telecom Equipment,LIR Extra Small,LIR
IMBIL TELECOM SOLUTIONS NIG. LTD,2020-12-23,Nigeria,Western,2020,Other,LIR Extra Small,LIR
MAFAB Communications Limited,2021-01-21,Nigeria,Western,2021,Telecom Equipment,LIR Extra Small,LIR
EFANEST LIMITED,2021-07-21,Ghana,Western,2021,Internet Service Provider,LIR Extra Small,LIR
Opentel Technologies (PTY) LTD,2021-01-21,South Africa,Southern,2021,Internet Service Provider,LIR Extra Small,LIR
EDIATTAH Conseils & Solutions,2021-03-03,Côte d'Ivoire,Western,2021,Systems Integration,End-User Micro,EU-PI
Faulu Microfinance Bank Limited,2021-02-23,Kenya,Eastern,2021,Banking / Financial,End-User Micro,EU-PI
ALKAFAA AL MUTAQADEMA COMPANY,2021-08-31,Libya,Northern,2021,Internet Service Provider,LIR Micro,LIR
First Capital Bank PLC,2021-03-04,Malawi,Southern,2021,Banking / Financial,End-User Micro,EU-PI
We Do Wireless (Pty) Ltd,2021-02-26,South Africa,Southern,2021,Internet Service Provider,End-User Micro,EU-PI
Radiospoor Welkom (Pty) Ltd,2021-02-25,South Africa,Southern,2021,Telecom Equipment,LIR Extra Small,LIR
Societé FOCON-NET TELECOMS Sarl,2021-08-10,Chad,Western,2021,Internet Service Provider,LIR Micro,LIR
BRAND-fi Technologies Ltd,2021-02-03,Kenya,Eastern,2021,Internet Service Provider,LIR Extra Small,LIR
THE KONZA TECHNOPOLIS DEVELOPMENT AUTHORITY,2021-05-05,Kenya,Eastern,2021,Government Agency,LIR Extra Small,LIR
Yooko Technologies,2021-03-24,South Africa,Southern,2021,Internet Service Provider,LIR Extra Small,LIR
STE INTERNET SMART SOLUTIONS,2021-06-25,Tunisia,Northern,2021,Internet Service Provider,End-User AS and IP,EU-PI
The Office of the Minister of State in the President's Office,2021-06-07,"Tanzania, United Republic of",Eastern,2021,Ministry,End-User Micro,EU-PI
Elu Investments Limited (Incorporated in Ireland) External Profit Company,2021-03-24,South Africa,Southern,2021,Internet Service Provider,LIR Extra Small,LIR
OXAHOST,2021-05-20,Tunisia,Northern,2021,Internet Hosting Provider,LIR Extra Small,LIR
AdNotes (Pty) Ltd,2021-02-09,South Africa,Southern,2021,Internet Service Provider,LIR Extra Small,LIR
Lulu Tech Advanced Technology,2021-03-29,Sudan (the),Northern,2021,Mobile Operator,LIR Extra Small,LIR
SILICONE CONNECT,2021-05-21,Congo (the),Central,2021,Internet Service Provider,LIR Extra Small,LIR
Pesa Pap Digital Limited,2021-02-25,Kenya,Eastern,2021,Business and Services - Other,LIR Extra Small,LIR
Bluecentrix PTY LTD,2021-03-22,South Africa,Southern,2021,Internet Service Provider,LIR Extra Small,LIR
DUMATEL AFRICA LIMITED,2021-03-01,Kenya,Eastern,2021,Internet Service Provider,LIR Extra Small,LIR
Vumatel Pty Ltd,2021-04-09,South Africa,Southern,2021,Fixed Line Operator,LIR Extra Small,LIR
National Lottery Authority,2021-04-09,Ghana,Western,2021,Government,End-User Extra Small,EU-PI
Uganda Christian University,2021-03-15,Uganda,Eastern,2021,University,End-User Extra Small,EU-PI
Flash Wireless ISP Enterprises,2021-04-14,Nigeria,Western,2021,Internet Service Provider,LIR Extra Small,LIR
NET99 (PTY) LTD,2021-10-15,South Africa,Southern,2021,Internet Service Provider,LIR Extra Small,LIR
ZAPTECH LIMITED,2021-02-26,"Tanzania, United Republic of",Eastern,2021,Internet Service Provider,LIR Extra Small,LIR
CITY CHANNELS CABLE NETWORK ZAMBIA LIMITED,2021-03-19,Zambia,Southern,2021,Internet Service Provider,LIR Mini,LIR
Sky World Limited,2021-03-18,Kenya,Eastern,2021,Systems Integration,LIR Mini,LIR
COMPUTER AND SATELITE ELECTRONICS PTY LTD,2021-07-30,South Africa,Southern,2021,Internet Service Provider,LIR Extra Small,LIR
Wananchi Telecom Limited,2021-04-18,Kenya,Eastern,2021,Internet Service Provider,LIR Micro,LIR
Xpand IT (Pty) Ltd,2021-04-09,South Africa,Southern,2021,Business and Services - Other,End-User AS and IP,EU-PI
ECHOTEL TANZANIA LIMITED,2021-11-10,"Tanzania, United Republic of",Eastern,2021,Internet Service Provider,LIR Very Small,LIR
GXQ IT Solutions (Pty) Ltd,2021-06-16,South Africa,Southern,2021,Internet Applications Provider,LIR Mini,LIR
Hostking (Pty) Ltd,2021-04-21,South Africa,Southern,2021,Internet Hosting Provider,LIR Mini,LIR
CASTLEROCK MANAGED IT SERVICES COMPANY (PTY) LTD,2021-03-19,South Africa,Southern,2021,Internet Hosting Provider,LIR Extra Small,LIR
BAT Computer Technologies Limited,2021-03-22,Nigeria,Western,2021,Internet Service Provider,LIR Micro,LIR
Express Data Networks Limited,2021-05-28,Kenya,Eastern,2021,Internet Service Provider,LIR Extra Small,LIR
Sonke Telecommunications (Pty) Ltd,2021-06-14,South Africa,Southern,2021,Internet Service Provider,LIR Extra Small,LIR
SIDIAN BANK LIMITED,2021-04-18,Kenya,Eastern,2021,Banking / Financial,End-User Micro,EU-PI
SOCIETE BENINOISE D'INFRASTRUCTURES NUMERIQUES,2021-05-31,Benin,Western,2021,Mobile Operator,LIR Medium,LIR
TF TELECOMS,2021-03-22,South Africa,Southern,2021,Internet Service Provider,LIR Mini,LIR
Corebach Backbone SARL,2021-06-08,Morocco,Northern,2021,Internet Service Provider,LIR Micro,LIR
Jumbo Technologies PTY LTD,2021-03-31,South Africa,Southern,2021,Internet Service Provider,LIR Extra Small,LIR
ST DIGITAL,2021-04-22,Cameroon,Central,2021,Internet Hosting Provider,LIR Extra Small,LIR
Access and Content Ltd,2021-03-30,Nigeria,Western,2021,Internet Service Provider,LIR Extra Small,LIR
VTS Connect Pty Ltd,2021-04-18,South Africa,Southern,2021,Internet Service Provider,LIR Extra Small,LIR
AIM Firms Limited,2021-04-18,"Tanzania, United Republic of",Eastern,2021,Internet Hosting Provider,LIR Extra Small,LIR
First Basics Technologies Limited,2021-04-29,Kenya,Eastern,2021,Internet Service Provider,LIR Micro,LIR
Silver Solutions 1234,2021-04-18,South Africa,Southern,2021,Internet Service Provider,LIR Extra Small,LIR
GVA RDC,2021-04-16,Congo (the Democratic Republic of the),Central,2021,Internet Service Provider,LIR Extra Small,LIR
"Banco Valor, S.A (BV)",2021-06-21,Angola,Southern,2021,Banking / Financial,End-User Micro,EU-PI
UNIVERSITY OF ENVIRONMENT AND SUSTAINABLE DEVELOPMENT,2021-07-23,Ghana,Western,2021,University,End-User Micro,EU-PI
Coleso Legal Technologies (Pty) Ltd,2021-04-26,South Africa,Southern,2021,Business and Services - Other,LIR Mini,LIR
Converged Technology Networks Limited,2021-10-05,Malawi,Southern,2021,Internet Service Provider,LIR Extra Small,LIR
Sybyl Kenya Ltd,2021-06-02,Kenya,Eastern,2021,Internet Applications Provider,LIR Mini,LIR
HOSTEUR AFRICA SAS,2021-05-28,Togo,Western,2021,Internet Hosting Provider,LIR Extra Small,LIR
Spearhead Sales (Pty) Ltd,2021-06-08,South Africa,Southern,2021,Internet Service Provider,LIR Extra Small,LIR
Geidea Technology,2021-11-11,Egypt,Northern,2021,Business and Services - Other,End-User Extra Small,EU-PI
ProData Africa Limited,2021-04-26,Ghana,Western,2021,Network Services Provider,LIR Micro,LIR
Virtual Spot Internet cafe cc,2021-06-02,South Africa,Southern,2021,Internet Service Provider,LIR Extra Small,LIR
VOLUS SOLUTION TECHNOLOGIE,2021-07-25,Tunisia,Northern,2021,Business and Services - Other,End-User Micro,EU-PI
NCW (Pty) Ltd,2021-05-21,South Africa,Southern,2021,Internet Service Provider,LIR Extra Small,LIR
Pan African Solutions & Services Kenya,2021-06-09,Kenya,Eastern,2021,Business and Services - Other,End-User Micro,EU-PI
Nexusnet Limited,2021-05-12,"Tanzania, United Republic of",Eastern,2021,Internet Service Provider,LIR Mini,LIR
BANQUE DES ETATS DE L'AFRIQUE CENTRALE,2021-06-23,Cameroon,Central,2021,Finance - Other,End-User Micro,EU-PI
Bank Gaborone Limited,2021-06-09,Botswana,Southern,2021,Banking / Financial,End-User Micro,EU-PI
Africa Online Operations (Mauritius) Limited,2021-08-31,Mauritius,Indian Ocean,2021,Internet Hosting Provider,LIR Medium,LIR
Redefine Properties Limited,2021-05-17,South Africa,Southern,2021,Business and Services - Other,End-User Mini,EU-PI
Petroleum Equalisation Fund (Management) Board,2021-06-25,Nigeria,Western,2021,Government Agency,End-User Mini,EU-PI
National Identity Management Commission,2021-05-31,Nigeria,Western,2021,Government Agency,LIR Extra Small,LIR
Soepa Soap Vervaardigers CC,2021-05-11,South Africa,Southern,2021,Internet Service Provider,LIR Extra Small,LIR
Computer Sales & Services (C.S.S-SA),2021-05-12,Mauritania,Northern,2021,Internet Service Provider,LIR Micro,LIR
Everlytic (Pty) Ltd,2021-07-26,South Africa,Southern,2021,Critical Infrastructure - Other,LIR Micro,LIR
CEFLIX-SCEPTER LIMITED,2021-05-20,Nigeria,Western,2021,Internet Hosting Provider,LIR Mini,LIR
VIJIJI CONNECT LIMITED,2021-05-21,Kenya,Eastern,2021,Internet Service Provider,LIR Extra Small,LIR
Xyberdata,2021-06-09,Mauritius,Indian Ocean,2021,Critical Infrastructure - Other,End-User Extra Small,EU-PI
Nigerian Communications Commission (NCC),2021-08-05,Nigeria,Western,2021,Government Agency,End-User Extra Small,EU-PI
DEVELOPMENT BANK OF RWANDA (B.R.D) Plc,2021-06-02,Rwanda,Eastern,2021,Banking / Financial,End-User Micro,EU-PI
Kenya Commercial Bank (Tanzania) Limited,2021-07-07,"Tanzania, United Republic of",Eastern,2021,Banking / Financial,End-User Mini,EU-PI
Unipak Nile Ltd,2021-06-18,Egypt,Northern,2021,Manufacturing & Production,End-User Extra Small,EU-PI
"KWATTEL - SERVICOS DE PAGAMENTO, S.A",2021-07-22,Angola,Southern,2021,Finance - Other,End-User Micro,EU-PI
One Mobile Networks Pty Ltd,2021-07-13,South Africa,Southern,2021,Network Services Provider,LIR Mini,LIR
Q LINK Holdings (Pty) Ltd,2021-07-30,South Africa,Southern,2021,Finance - Other,LIR Micro,LIR
International School of Tanganyika,2021-11-19,"Tanzania, United Republic of",Eastern,2021,Education,End-User Extra Small,EU-PI
SynBurst (Pty) Ltd,2021-06-09,South Africa,Southern,2021,Internet Hosting Provider,LIR Extra Small,LIR
PROCOMSAT  AFRIQUE,2021-10-26,Burkina Faso,Western,2021,Internet Service Provider,LIR Extra Small,LIR
Atima Creations LTD,2021-07-21,Kenya,Eastern,2021,Equipment - Other,LIR Micro,LIR
"CABO VERDE TELECOM, S.A",2021-09-28,Cabo Verde,Western,2021,Internet Service Provider,LIR Mini,LIR
Lamanfam Group Lda,2021-07-14,Angola,Southern,2021,Internet Service Provider,LIR Micro,LIR
Devboks,2021-08-15,South Africa,Southern,2021,Internet Applications Provider,LIR Extra Small,LIR
Calbank PLC,2021-07-21,Ghana,Western,2021,Banking / Financial,End-User Mini,EU-PI
cybrscrb ltd.,2021-10-14,Seychelles,Indian Ocean,2021,Internet Hosting Provider,LIR Micro,LIR
AFRICA DATA CENTER SA,2021-08-25,Cameroon,Central,2021,Business and Services - Other,LIR Extra Small,LIR
Sahdsoft Technologies CC,2021-06-25,South Africa,Southern,2021,Internet Hosting Provider,LIR Mini,LIR
Association Burkinabe des Domaines Internet (ABDI),2021-07-26,Burkina Faso,Western,2021,ccTLD,End-User Micro,EU-PI
UGANDA DEVELOPMENT BANK LIMITED,2021-08-05,Uganda,Eastern,2021,Government,End-User Micro,EU-PI
Université de Maroua,2021-09-16,Cameroon,Central,2021,Education,End-User Extra Small,EU-PI
Takealot Online RF (Pty) Ltd,2021-07-28,South Africa,Southern,2021,Business and Services - Other,End-User Extra Small,EU-PI
C Steinweg Bridge Pty Ltd,2021-07-23,South Africa,Southern,2021,Logistics & Supply Chain Management,End-User Micro,EU-PI
Net4 Telecoms,2021-08-15,South Africa,Southern,2021,Internet Service Provider,LIR Mini,LIR
MODEM COMPUTER SERVICES (PTY) LTD,2021-07-19,South Africa,Southern,2021,Internet Hosting Provider,LIR Micro,LIR
ORCA TECHNOLOGIES (PTY) LTD,2021-07-16,South Africa,Southern,2021,Internet Service Provider,LIR Extra Small,LIR
ADEX Technology,2021-07-22,Algeria,Northern,2021,Other,LIR Extra Small,LIR
Bluetown Ghana Ltd,2021-07-15,Ghana,Western,2021,Internet Service Provider,LIR Extra Small,LIR
Sonic Computers & Wi-Fi cc,2021-08-19,South Africa,Southern,2021,Internet Service Provider,LIR Extra Small,LIR
Associação Cabo Verde Internet Exchange Point,2022-11-16,Cabo Verde,Western,2022,IXP,End-User Mini,EU-PI
AFR-IX TELECOM CAMEROUN SARL,2021-07-30,Cameroon,Central,2021,Internet Service Provider,LIR Extra Small,LIR
Directcore Technologies Limited,2021-08-05,Kenya,Eastern,2021,Internet Service Provider,LIR Extra Small,LIR
 Open Connect Limited,2021-08-19,Malawi,Southern,2021,IXP,LIR Mini,LIR
BLUE ITS BUSINESS SOLUTIONS (PTY) LTD,2021-07-07,South Africa,Southern,2021,Internet Service Provider,LIR Extra Small,LIR
One Wireless Pty Ltd,2021-07-26,South Africa,Southern,2021,Internet Service Provider,LIR Extra Small,LIR
WINCABLE  AND INTERNET LIMITED,2021-07-23,"Tanzania, United Republic of",Eastern,2021,Internet Service Provider,LIR Extra Small,LIR
Bluedog Technology,2021-08-17,South Africa,Southern,2021,Internet Service Provider,LIR Extra Small,LIR
GOIL COMPANY LIMITED,2021-09-06,Ghana,Western,2021,Government,End-User Extra Small,EU-PI
Afribone - Guinee SA,2021-07-28,Guinea,Western,2021,Internet Service Provider,LIR Extra Small,LIR
The National Examinations Council of Tanzania,2021-09-08,"Tanzania, United Republic of",Eastern,2021,Government,End-User Micro,EU-PI
Vovida Communications Ltd,2021-09-27,Nigeria,Western,2021,Systems Integration,LIR Extra Small,LIR
Fibrehub Internetworking Services Ltd,2021-08-19,Nigeria,Western,2021,Internet Applications Provider,LIR Extra Small,LIR
MTAANI TELECOM,2021-11-15,Kenya,Eastern,2021,Internet Service Provider,LIR Extra Small,LIR
"NEONET PRESTAÇÃO DE SERVIÇOS E TELECOMUNICAÇÕES, LDA",2021-11-19,Angola,Southern,2021,Internet Service Provider,LIR Extra Small,LIR
Future Fibre Installations (Pty) Ltd,2021-11-11,South Africa,Southern,2021,Internet Service Provider,LIR Extra Small,LIR
Mpu Communications (Pty) Ltd,2021-08-15,South Africa,Southern,2021,Internet Service Provider,LIR Micro,LIR
MUBVUMELA CORPORATION PTY LTD,2021-08-19,South Africa,Southern,2021,Network Services Provider,LIR Micro,LIR
Global Sense Pty Ltd,2021-09-07,South Africa,Southern,2021,Internet Hosting Provider,LIR Mini,LIR
Sprint Internet Limited,2021-09-22,Uganda,Eastern,2021,Internet Service Provider,LIR Extra Small,LIR
National Bank Of Rwanda,2021-08-27,Rwanda,Eastern,2021,Banking / Financial,End-User Extra Small,EU-PI
MINISTERE DES FINANCES ET DU BUDGET,2021-10-13,Chad,Western,2021,Ministry,End-User Extra Small,EU-PI
WirelessONE,2021-07-26,South Africa,Southern,2021,Internet Service Provider,LIR Extra Small,LIR
MANN IT (PTY) LTD,2021-08-17,South Africa,Southern,2021,Internet Service Provider,LIR Extra Small,LIR
Bonus 1000F,2021-12-23,Côte d'Ivoire,Western,2021,Other,LIR Very Small,LIR
Parallex Bank Limited,2021-10-08,Nigeria,Western,2021,Banking / Financial,End-User Micro,EU-PI
JSC HASNAOUI TELECOM ALGERIE,2021-08-26,Algeria,Northern,2021,Internet Service Provider,LIR Extra Small,LIR
CoLi Link Ghana Limited,2021-10-14,Ghana,Western,2021,Internet Service Provider,LIR Extra Small,LIR
KAGNY TECHNOLOGIE SARL U,2021-08-30,Guinea,Western,2021,Internet Service Provider,LIR Extra Small,LIR
VENTURE INTERNET HOLDINGS,2021-08-31,South Africa,Southern,2021,Internet Service Provider,LIR Extra Small,LIR
Revabit Limited,2021-12-02,Ghana,Western,2021,Internet Service Provider,LIR Extra Small,LIR
TELKO MANAGED SERVICES LIMITED,2021-09-22,Nigeria,Western,2021,Network Services Provider,LIR Extra Small,LIR
SO! Limited,2021-10-15,Somalia,Eastern,2021,Internet Service Provider,LIR Extra Small,LIR
Leader Net Services Sarl,2021-10-25,Guinea,Western,2021,Internet Service Provider,LIR Micro,LIR
Echo 45 Trading (Pty) Ltd,2021-10-25,South Africa,Southern,2021,Internet Hosting Provider,LIR Extra Small,LIR
Evolution Tel (Pty) Ltd,2021-12-10,South Africa,Southern,2021,Fixed Line Operator,LIR Extra Small,LIR
KAOPU CLOUD (NIGERIA) LIMITED,2021-11-16,Nigeria,Western,2021,Internet Hosting Provider,LIR Extra Small,LIR
Netaccess Systems Limited,2021-09-30,Nigeria,Western,2021,Internet Service Provider,LIR Extra Small,LIR
Pres Connect,2021-09-15,South Africa,Southern,2021,Internet Service Provider,LIR Extra Small,LIR
Silkway Solutions (Pty) Ltd,2021-09-14,South Africa,Southern,2021,Telecom Equipment,End-User Extra Small,EU-PI
DAL Group Co. Limited,2021-09-15,Sudan (the),Northern,2021,Manufacturing & Production,End-User Micro,EU-PI
Group Vivendi Africa Uganda Limited,2021-09-24,Uganda,Eastern,2021,Internet Service Provider,LIR Extra Small,LIR
Kasi Cloud Limited,2022-01-25,Nigeria,Western,2022,Critical Infrastructure - Other,LIR Extra Small,LIR
Albaraka Bank of Egypt,2021-11-03,Egypt,Northern,2021,Banking / Financial,End-User Micro,EU-PI
ONEX SA (PTY) LTD,2022-03-10,South Africa,Southern,2022,Mobile Operator,LIR Extra Small,LIR
Tangerine Life Insurance Limited,2022-03-10,Nigeria,Western,2022,Finance - Other,End-User Micro,EU-PI
NETELLIGENT CONSULTING cc,2021-10-05,South Africa,Southern,2021,Internet Hosting Provider,LIR Mini,LIR
The Expert Company (Pty) Ltd,2022-03-29,South Africa,Southern,2022,Internet Service Provider,LIR Extra Small,LIR
Green Telecom Limited,2021-10-08,"Tanzania, United Republic of",Eastern,2021,Internet Service Provider,LIR Extra Small,LIR
Firmlinx (Pty) Ltd,2021-09-30,South Africa,Southern,2021,Internet Service Provider,LIR Extra Small,LIR
TAYOCOM,2021-10-08,Somalia,Eastern,2021,Internet Service Provider,LIR Micro,LIR
Africell Angola S.A,2021-09-30,Angola,Southern,2021,Mobile Operator,LIR Extra Small,LIR
BRIDGE BANK GROUP COTE D'IVOIRE,2022-03-31,Côte d'Ivoire,Western,2022,Banking / Financial,End-User Extra Small,EU-PI
Dew CIS Solutions Limited,2021-11-19,Kenya,Eastern,2021,Engineering & Science,End-User Micro,EU-PI
Ministry of Foreign Affairs African Cooperation and Moroccan Expatriates,2021-10-15,Morocco,Northern,2021,Ministry,End-User Micro,EU-PI
SAFARICOM TELECOMMUNICATIONS ETHIOPIA PLC,2021-12-10,Ethiopia,Eastern,2021,Network Services Provider,LIR Extra Small,LIR
IMVULA ITECHNOLOGIES (PTY) LTD,2021-09-29,South Africa,Southern,2021,Internet Service Provider,LIR Extra Small,LIR
Epik Africa Limited,2022-02-28,Nigeria,Western,2022,Internet Hosting Provider,LIR Mini,LIR
Werners World of Wireless,2021-10-19,South Africa,Southern,2021,Internet Service Provider,LIR Micro,LIR
Bitconnect Pty Ltd,2021-10-08,South Africa,Southern,2021,Internet Service Provider,LIR Mini,LIR
Bluecom Ltd,2021-10-09,Somalia,Eastern,2021,Internet Service Provider,LIR Mini,LIR
Airtouch Connections Limited,2021-09-30,Kenya,Eastern,2021,Internet Applications Provider,LIR Extra Small,LIR
Insight Actuarial Solutions (Pty) Ltd,2021-10-19,South Africa,Southern,2021,Consulting & Advisory,LIR Micro,LIR
Datonet (Pty) Ltd,2021-11-11,South Africa,Southern,2021,Internet Service Provider,LIR Extra Small,LIR
Vayacom Limited,2021-12-03,Kenya,Eastern,2021,Internet Service Provider,LIR Mini,LIR
SMARTCLOUD  AFRICA LIMITED,2021-12-10,Kenya,Eastern,2021,Internet Service Provider,LIR Extra Small,LIR
CloudGistics,2021-11-03,South Africa,Southern,2021,Internet Service Provider,LIR Extra Small,LIR
Mymanga Networks,2022-03-21,Kenya,Eastern,2022,Internet Service Provider,LIR Extra Small,LIR
Signal HD,2021-11-26,Congo (the Democratic Republic of the),Central,2021,Internet Service Provider,LIR Extra Small,LIR
Wavex Internet Service Provider LTD,2021-11-19,Kenya,Eastern,2021,Internet Service Provider,LIR Very Small,LIR
IronTree Internet Services,2021-12-15,South Africa,Southern,2021,Internet Hosting Provider,LIR Extra Small,LIR
NuruNet Communications Ltd,2022-01-05,Kenya,Eastern,2022,Internet Service Provider,LIR Extra Small,LIR
Click Fiber Communications Limited,2021-12-27,Kenya,Eastern,2021,Internet Service Provider,LIR Extra Small,LIR
Vilcom Networks Limited,2022-02-25,Kenya,Eastern,2022,Internet Service Provider,LIR Mini,LIR
Botswana Postal Services Limited,2022-01-21,Botswana,Southern,2022,Government,LIR Micro,LIR
BrowsePoint Telecom Nigeria Limited,2022-01-25,Nigeria,Western,2022,Internet Service Provider,LIR Extra Small,LIR
Khulani Office Solutions (Pty) Ltd,2021-12-02,South Africa,Southern,2021,Internet Service Provider,LIR Mini,LIR
Crown Networks Limited,2022-01-28,Uganda,Eastern,2022,Internet Service Provider,LIR Mini,LIR
DFA Zimbabwe (Private) Limited,2022-01-28,Zimbabwe,Southern,2022,Network Services Provider,LIR Extra Small,LIR
Poynting Delta,2022-04-15,South Africa,Southern,2022,Fixed Line Operator,LIR Micro,LIR
Lime Emerging Solutions Limited,2021-12-09,Kenya,Eastern,2021,Internet Service Provider,LIR Extra Small,LIR
Motus Corporation (Pty) Ltd,2022-02-14,South Africa,Southern,2022,Manufacturing & Production,End-User Mini,EU-PI
Afr-ix Telecom Niger,2021-12-23,Niger (the),Western,2021,Internet Service Provider,LIR Extra Small,LIR
ZSIC LIFE PLC,2022-03-17,Zambia,Southern,2022,Finance - Other,End-User Mini,EU-PI
"Connect Services Liberia, LLC",2022-06-10,Liberia,Western,2022,Internet Service Provider,LIR Extra Small,LIR
Société d'Infrastructures Numériques (SIN),2022-02-09,Togo,Western,2022,Government Agency,LIR Extra Small,LIR
EQUITY BANK UGANDA LIMITED,2022-01-25,Uganda,Eastern,2022,Banking / Financial,End-User Micro,EU-PI
Intersat Company Limited,2022-01-20,Gambia (the),Western,2022,Internet Service Provider,LIR Extra Small,LIR
Pan African IX Data Centres Kenya Ltd,2022-01-25,Kenya,Eastern,2022,Internet Hosting Provider,LIR Mini,LIR
Mdantsane Mobile,2022-03-23,South Africa,Southern,2022,Internet Service Provider,LIR Extra Small,LIR
World Mobile Chain Limited,2022-02-18,"Tanzania, United Republic of",Eastern,2022,Internet Service Provider,LIR Extra Small,LIR
"ELENDE - TECNOLOGIAS DE INFORMACAO - COMERCIO E SERVICOS, LDA",2022-01-31,Angola,Southern,2022,Internet Hosting Provider,LIR Extra Small,LIR
"Múltipla - Sociedade Múltipla de Angola, Limitada",2022-02-09,Angola,Southern,2022,Internet Service Provider,LIR Extra Small,LIR
LULI FIBRA CABLE SOLUTION LIMITED,2022-03-15,Nigeria,Western,2022,Internet Service Provider,LIR Extra Small,LIR
RIMATEL-SA,2022-01-21,Mauritania,Northern,2022,Internet Service Provider,LIR Extra Small,LIR
Association Nationale D'Education Et De Recherche Du Burkina Faso - F@soREN,2022-03-31,Burkina Faso,Western,2022,Education,LIR Extra Small,LIR
Spectrum Internet Service Ltd,2022-02-08,Ghana,Western,2022,Internet Service Provider,LIR Mini,LIR
Gifra Wireless Network Limited,2022-03-11,Nigeria,Western,2022,Internet Service Provider,LIR Mini,LIR
Hawaritha investment Limited,2022-03-25,"Tanzania, United Republic of",Eastern,2022,Internet Service Provider,LIR Micro,LIR
ATX NET Limited,2022-03-10,South Sudan,Northern,2022,Internet Service Provider,LIR Extra Small,LIR
Adumo Technologies  (Pty) Ltd,2022-02-28,South Africa,Southern,2022,Finance - Other,End-User Mini,EU-PI
9 Payment Service Bank Limited,2022-04-21,Nigeria,Western,2022,Banking / Financial,End-User Mini,EU-PI
WELINK HOLDINGS (PTY) LTD,2022-03-31,South Africa,Southern,2022,Internet Service Provider,LIR Extra Small,LIR
Treten Networks Limited,2022-03-15,Nigeria,Western,2022,Security Services Provider,LIR Mini,LIR
Banco de Cabo Verde,2022-03-31,Cabo Verde,Western,2022,Banking / Financial,End-User Micro,EU-PI
LIGHTHOUSE FIBRE (PTY) LTD,2022-05-13,South Africa,Southern,2022,Internet Service Provider,LIR Extra Small,LIR
Routelink Integrated Systems Ltd,2022-03-23,Nigeria,Western,2022,Network Services Provider,LIR Extra Small,LIR
BET Software (Pty) Ltd,2022-05-26,South Africa,Southern,2022,Business and Services - Other,LIR Extra Small,LIR
SAVENET LIMITED,2022-03-10,Kenya,Eastern,2022,Network Services Provider,LIR Mini,LIR
Smart City Technology Company Ltd,2022-04-30,Nigeria,Western,2022,Internet Service Provider,LIR Extra Small,LIR
Kenyaweb.com Limited,2022-03-17,Kenya,Eastern,2022,Internet Service Provider,LIR Micro,LIR
Datacom Telecommunication Limited,2022-05-22,Ghana,Western,2022,Internet Service Provider,LIR Micro,LIR
Rapid Networks (Pty) Ltd,2022-03-18,South Africa,Southern,2022,Internet Service Provider,LIR Extra Small,LIR
Surf Net Solutions Limited,2022-04-08,Kenya,Eastern,2022,Internet Service Provider,LIR Extra Small,LIR
DIPLOMAT COMMUNICATIONS (PTY) LTD,2022-05-31,South Africa,Southern,2022,Internet Service Provider,LIR Extra Small,LIR
AddPay (Pty) Ltd,2022-11-18,South Africa,Southern,2022,Banking / Financial,End-User Micro,EU-PI
Telsense,2022-03-25,South Africa,Southern,2022,Internet Service Provider,LIR Micro,LIR
QSupport Cloud (Pty) Ltd,2022-04-21,South Africa,Southern,2022,Internet Applications Provider,LIR Extra Small,LIR
VAIMO ECOMMERCE SERVICES (PTY) LTD,2022-03-31,South Africa,Southern,2022,Internet Hosting Provider,LIR Mini,LIR
BLOOSAT SA,2022-05-17,Cameroon,Central,2022,Internet Service Provider,LIR Micro,LIR
Systel Limited,2022-03-25,Kenya,Eastern,2022,Internet Service Provider,LIR Extra Small,LIR
NetSat Communications (PTY) LTD,2022-04-07,South Africa,Southern,2022,Network Services Provider,LIR Extra Small,LIR
RATEL PLUS NIGERIA LIMITED,2022-08-26,Nigeria,Western,2022,Internet Service Provider,LIR Extra Small,LIR
TAQNYAT ALJEEL COMPANY FOR COMMUNICATION AND INFORMATION TECHNOLOGY LTD,2022-09-09,Libya,Northern,2022,Internet Service Provider,LIR Extra Small,LIR
"Lello & Companhia, Limitada",2022-07-22,Angola,Southern,2022,Internet Hosting Provider,LIR Extra Small,LIR
LINK CONNECT SERVICES (PTY) LTD,2022-03-31,South Africa,Southern,2022,Internet Service Provider,LIR Extra Small,LIR
NETCOM sa,2022-04-18,Mauritania,Northern,2022,Internet Service Provider,LIR Micro,LIR
Maru T (PTY) LTD,2022-05-19,South Africa,Southern,2022,Internet Service Provider,LIR Extra Small,LIR
MNDPT,2022-06-08,Madagascar,Indian Ocean,2022,Ministry,End-User Micro,EU-PI
"SOTENG- Tecnologia & Sistemas, LDA",2022-05-20,Angola,Southern,2022,Internet Service Provider,LIR Extra Small,LIR
Mr. Price Group Limited,2022-09-08,South Africa,Southern,2022,Business and Services - Other,End-User Micro,EU-PI
INFINITY CONNECT (PTY) LTD,2022-05-06,South Africa,Southern,2022,Internet Service Provider,LIR Extra Small,LIR
Ilitha Infrastructure (Pty) Ltd,2022-04-08,South Africa,Southern,2022,Fixed Line Operator,LIR Extra Small,LIR
 Baremetal Computer Traders,2022-05-17,South Africa,Southern,2022,Internet Service Provider,LIR Extra Small,LIR
CFM WIRELESS (PTY) LTD,2022-04-11,South Africa,Southern,2022,Internet Service Provider,LIR Micro,LIR
Ace Micro Services Limited,2022-06-21,Kenya,Eastern,2022,Systems Integration,LIR Extra Small,LIR
Experian South Africa (Proprietary) Limited,2022-06-30,South Africa,Southern,2022,Finance - Other,End-User Mini,EU-PI
Julius Berger Nigeria PLC,2022-04-19,Nigeria,Western,2022,Construction,End-User Micro,EU-PI
Intellicomms Pty Limited,2022-07-18,South Africa,Southern,2022,Internet Service Provider,LIR Micro,LIR
Ring a Nerd cc,2022-04-18,South Africa,Southern,2022,Internet Service Provider,LIR Extra Small,LIR
N. E Diversified Limited,2022-04-21,Nigeria,Western,2022,Equipment - Other,LIR Extra Small,LIR
AXETAG,2022-06-14,Benin,Western,2022,Internet Applications Provider,LIR Extra Small,LIR
Coquina Software Company Limited,2022-09-07,Nigeria,Western,2022,Internet Service Provider,LIR Extra Small,LIR
Flex Serve IT (Pty) Ltd,2022-05-17,South Africa,Southern,2022,Internet Service Provider,LIR Extra Small,LIR
Global Platinum Solutions (Pty) Ltd,2022-06-14,South Africa,Southern,2022,Internet Service Provider,LIR Extra Small,LIR
Millenia Limited,2022-06-08,Kenya,Eastern,2022,Internet Service Provider,LIR Extra Small,LIR
National Bank of Kuwait (NBK) - Egypt - S.A.E,2022-09-12,Egypt,Northern,2022,Banking / Financial,End-User Micro,EU-PI
Majda Smart Solutions,2022-06-06,Tunisia,Northern,2022,Systems Integration,LIR Mini,LIR
FIRSTNET SA,2022-06-20,Benin,Western,2022,Internet Service Provider,LIR Extra Small,LIR
TECHNODATA SOLUTIONS,2022-07-21,Benin,Western,2022,Internet Hosting Provider,LIR Micro,LIR
NINETEC SARL,2022-07-19,Niger (the),Western,2022,Internet Service Provider,LIR Extra Small,LIR
Click Cloud Hosting Services CC,2022-05-26,Namibia,Southern,2022,Internet Hosting Provider,LIR Extra Small,LIR
Apex Fund Services South Africa Limited,2022-08-11,South Africa,Southern,2022,Finance - Other,End-User Micro,EU-PI
Starlink Internet Services Nigeria Ltd,2022-07-20,Nigeria,Western,2022,Internet Service Provider,LIR Extra Small,LIR
CCI SOUTH AFRICA (PTY) LTD,2022-07-21,South Africa,Southern,2022,Business and Services - Other,End-User Extra Small,EU-PI
EQUITY BANK RWANDA PLC,2022-10-05,Rwanda,Eastern,2022,Banking / Financial,End-User Mini,EU-PI
Boost Networks,2022-06-21,South Africa,Southern,2022,Internet Service Provider,LIR Extra Small,LIR
Intech Business Solutions (Pty) Ltd,2022-07-11,South Africa,Southern,2022,Internet Service Provider,LIR Extra Small,LIR
CIM Financial Services Limited,2022-05-31,Mauritius,Indian Ocean,2022,Finance - Other,End-User Micro,EU-PI
Zoodlabs(SL) Limited,2022-07-27,Sierra Leone,Western,2022,Network Services Provider,LIR Mini,LIR
Gigify Uganda Limited,2022-09-21,Uganda,Eastern,2022,Internet Applications Provider,LIR Extra Small,LIR
Watch Tower Society of Jehovah's Witnesses (LTD/GTE),2022-06-14,Nigeria,Western,2022,Religion,End-User Mini,EU-PI
KENYA POWER AND LIGHTING COMPANY PLC,2022-07-29,Kenya,Eastern,2022,Government Agency,LIR Extra Small,LIR
Icon Fiber Solutions ltd,2022-07-14,Kenya,Eastern,2022,Internet Service Provider,LIR Extra Small,LIR
Wifi-Resources (Pty) Ltd,2022-10-04,South Africa,Southern,2022,Internet Service Provider,LIR Extra Small,LIR
SI Futures (Pty) Ltd,2022-07-07,South Africa,Southern,2022,Internet Service Provider,LIR Extra Small,LIR
Transnet Limited,2022-06-08,South Africa,Southern,2022,Logistics & Supply Chain Management,End-User Extra Small,EU-PI
FIBRE LINK LIMITED,2022-07-29,Kenya,Eastern,2022,Internet Service Provider,LIR Extra Small,LIR
MANGONET INTEGRATED TECHNOLOGIES LIMITED,2022-07-11,Nigeria,Western,2022,Internet Service Provider,LIR Mini,LIR
Nile Fibertech Co. Ltd,2022-07-06,South Sudan,Northern,2022,Internet Service Provider,LIR Extra Small,LIR
Halan for technology and services,2022-08-10,Egypt,Northern,2022,Finance - Other,End-User Mini,EU-PI
AFRIMETRO INVESTMENTS (PROPRIETARY) LIMITED,2022-07-06,Eswatini,Southern,2022,Internet Service Provider,LIR Micro,LIR
Guaranty Trust Bank (Uganda) Ltd,2022-07-29,Uganda,Eastern,2022,Banking / Financial,End-User Micro,EU-PI
AOS LTD,2022-07-19,Rwanda,Eastern,2022,Critical Infrastructure - Other,LIR Extra Small,LIR
WIDE WEBHOSTING NETWORK (PTY) LTD,2022-10-05,South Africa,Southern,2022,Internet Hosting Provider,LIR Mini,LIR
Upstream Connect (Pty) Ltd,2022-07-31,South Africa,Southern,2022,Internet Service Provider,LIR Mini,LIR
PATRIE NETWORK- PATRIE-NET- SA,2022-08-12,Mauritania,Northern,2022,Internet Service Provider,LIR Micro,LIR
ATIS TELCOM LIMITED,2022-10-11,Kenya,Eastern,2022,Internet Service Provider,LIR Extra Small,LIR
True Technologies cc,2022-08-29,South Africa,Southern,2022,Internet Service Provider,LIR Extra Small,LIR
"BCN - Banco Caboverdiano de Negócios, SA",2022-09-23,Cabo Verde,Western,2022,Banking / Financial,End-User Micro,EU-PI
RAIN GROUP HOLDINGS (PTY) LTD,2022-09-26,South Africa,Southern,2022,Internet Service Provider,LIR Large,LIR
Lusaka Internet Exchange point,2022-07-20,Zambia,Southern,2022,IXP,End-User Mini,EU-PI
National Company for Telecommunication Services,2022-09-12,Egypt,Northern,2022,Internet Service Provider,LIR Extra Small,LIR
Le Mond Group Co Ltd,2023-09-11,Cameroon,Central,2023,Internet Service Provider,LIR Micro,LIR
TRADESWITCH (PTY) LTD,2022-09-19,South Africa,Southern,2022,Telecom Equipment,LIR Micro,LIR
EDGETECHIT CC,2022-09-27,South Africa,Southern,2022,Internet Service Provider,LIR Extra Small,LIR
Limpopo Connexion SOC Ltd,2022-09-26,South Africa,Southern,2022,Network Services Provider,LIR Extra Small,LIR
Mzanzi Lisetta Media and Printing (Pty) Ltd,2022-08-22,South Africa,Southern,2022,Internet Service Provider,LIR Extra Small,LIR
ARC International Telecoms,2022-08-08,South Africa,Southern,2022,Internet Service Provider,LIR Extra Small,LIR
Africa Online (Africa) (Pty) Ltd,2022-08-10,Namibia,Southern,2022,Internet Service Provider,LIR Extra Small,LIR
East London Industrial Development Zone SOC LTD,2022-09-12,South Africa,Southern,2022,Government,LIR Mini,LIR
Dearie Communication,2022-08-17,Nigeria,Western,2022,Business and Services - Other,LIR Extra Small,LIR
MR Price Group Limited,2022-10-10,South Africa,Southern,2022,Marketing/Public Relations,End-User Micro,EU-PI
Zoom Broadbands Limited,2022-10-13,Kenya,Eastern,2022,Internet Service Provider,LIR Extra Small,LIR
Fibreworld Telecommunications Networks Limited,2022-10-05,Nigeria,Western,2022,Network Services Provider,LIR Extra Small,LIR
Optinode Group LLP,2022-12-16,Kenya,Eastern,2022,Internet Service Provider,LIR Extra Small,LIR
M/s Housing Finance Bank Limited,2022-09-09,Uganda,Eastern,2022,Banking / Financial,End-User Micro,EU-PI
Boss Telecom Ltd,2022-11-07,Kenya,Eastern,2022,Internet Service Provider,LIR Extra Small,LIR
Gigawave Solutions PTY LTD,2022-10-25,South Africa,Southern,2022,Fixed Line Operator,LIR Extra Small,LIR
First Atlantic Bank Limited,2022-10-11,Ghana,Western,2022,Banking / Financial,End-User Extra Small,EU-PI
DEGNON-GROUP,2022-10-13,Benin,Western,2022,Internet Service Provider,LIR Micro,LIR
TechTribe IT (Pty) Ltd,2022-10-13,South Africa,Southern,2022,Internet Service Provider,LIR Extra Small,LIR
Zecaspace (PTY) Ltd,2022-10-05,South Africa,Southern,2022,Internet Service Provider,LIR Mini,LIR
Wave5Wireless Limited,2022-10-05,Nigeria,Western,2022,Internet Service Provider,LIR Extra Small,LIR
Netmetrix,2022-08-29,South Africa,Southern,2022,Internet Service Provider,LIR Extra Small,LIR
Banco Millennium Atlantico S.A.,2022-12-21,Angola,Southern,2022,Banking / Financial,End-User Micro,EU-PI
JENNY LESOTHO PTY LTD,2022-09-06,Lesotho,Southern,2022,Internet Service Provider,LIR Extra Small,LIR
Tourvest Travel Services,2022-12-13,South Africa,Southern,2022,Business and Services - Other,End-User Mini,EU-PI
Commercial Bank of Ethiopia,2023-05-25,Ethiopia,Eastern,2023,Banking / Financial,End-User Micro,EU-PI
SP ECHO GHANA LIMITED,2023-06-08,Ghana,Western,2023,Internet Service Provider,LIR Very Small,LIR
ITEX Integrated Services Limited,2022-09-26,Nigeria,Western,2022,Finance - Other,LIR Micro,LIR
PLASMA TELECOM SOUTH AFRICA PTY LTD,2022-12-20,South Africa,Southern,2022,Internet Service Provider,LIR Extra Small,LIR
IIP1 Pty Ltd,2022-09-06,South Africa,Southern,2022,Internet Service Provider,LIR Extra Small,LIR
Wild Peach Trading 52 (PTY) LTD,2022-10-19,South Africa,Southern,2022,Internet Service Provider,LIR Extra Small,LIR
Mthinte Communication Pty Ltd,2022-09-23,South Africa,Southern,2022,Mobile Operator,LIR Extra Small,LIR
Maxinet Broadband,2022-11-07,Ghana,Western,2022,Internet Service Provider,LIR Micro,LIR
UNICAST TECHNOLOGY LTD,2022-09-16,Kenya,Eastern,2022,Internet Service Provider,LIR Extra Small,LIR
NATIONAL INTERNET DATA CENTER (NIDC),2022-11-23,"Tanzania, United Republic of",Eastern,2022,Data Processing Services,LIR Extra Small,LIR
Lexistar Alliance Ltd.,2023-03-07,Seychelles,Indian Ocean,2023,Network Services Provider,LIR Extra Small,LIR
Open Access Data Centres (Mauritius) Ltd,2022-12-12,Mauritius,Indian Ocean,2022,IXP,End-User Extra Small,EU-PI
Afrifiber SAS,2022-09-23,Djibouti,Eastern,2022,Internet Service Provider,LIR Micro,LIR
SPRINKVILLE NETWORKS LIMITED,2022-10-19,Kenya,Eastern,2022,Internet Service Provider,LIR Extra Small,LIR
Accel Technologies - Suarl,2022-10-17,Senegal,Western,2022,Business and Services - Other,LIR Micro,LIR
ITC Global Communication Technologies Limited,2023-08-18,Nigeria,Western,2023,Systems Integration,LIR Extra Small,LIR
Gigabit Connections Limited,2023-01-10,Kenya,Eastern,2023,Internet Service Provider,LIR Extra Small,LIR
ATEB TECHNOLOGIES LIMITED,2022-10-13,"Tanzania, United Republic of",Eastern,2022,Internet Service Provider,LIR Mini,LIR
Ictpack Solutions Limited,2022-11-09,"Tanzania, United Republic of",Eastern,2022,Business and Services - Other,LIR Extra Small,LIR
Serverlibya,2022-10-13,Libya,Northern,2022,Internet Hosting Provider,LIR Extra Small,LIR
REXIFI TECHNOLOGIES LIMITED,2023-03-29,Nigeria,Western,2023,Internet Service Provider,LIR Micro,LIR
FLINK TECHNOLOGIES LTD,2022-12-08,Kenya,Eastern,2022,Internet Service Provider,LIR Extra Small,LIR
TForge (Pty) Ltd,2022-12-21,South Africa,Southern,2022,Internet Applications Provider,LIR Extra Small,LIR
AF-CIX Limited,2022-10-03,Nigeria,Western,2022,IXP,End-User Mini,EU-PI
WOW Networks Limited,2022-11-07,Nigeria,Western,2022,Internet Service Provider,LIR Micro,LIR
Omicron IT (Pty) Ltd,2023-05-11,South Africa,Southern,2023,Network Services Provider,End-User Micro,EU-PI
Absolute Hosting (Pty) Ltd,2022-10-19,South Africa,Southern,2022,Internet Hosting Provider,LIR Extra Small,LIR
Akenten Appiah-Menka University of Skills Training and Entrepreneurial Development,2022-11-25,Ghana,Western,2022,University,End-User Extra Small,EU-PI
EXPERT COMMUNICATIONS LTD,2022-10-26,South Sudan,Northern,2022,Internet Service Provider,LIR Micro,LIR
Public University of Cape Verde,2023-04-14,Cabo Verde,Western,2023,Education,End-User Micro,EU-PI
N'Djamena IX,2022-10-13,Chad,Western,2022,Other,End-User Mini,EU-PI
Edge connect (pty) Ltd,2023-05-30,South Africa,Southern,2023,Internet Service Provider,LIR Very Small,LIR
Future Technology Solutions Today Limited,2022-11-21,Ghana,Western,2022,Internet Service Provider,LIR Mini,LIR
LINX (Internet Exchange) Kenya Limited,2022-11-23,Kenya,Eastern,2022,IXP,End-User Mini,EU-PI
Pula Net Proprietary Limited,2022-12-08,Botswana,Southern,2022,Internet Service Provider,LIR Micro,LIR
Pepea Internet Limited,2022-11-21,Kenya,Eastern,2022,Internet Service Provider,LIR Extra Small,LIR
Paratus Telecommunications Limited,2023-03-02,Mauritius,Indian Ocean,2023,Internet Service Provider,LIR Medium,LIR
The Kenya Trade Network Agency,2022-12-14,Kenya,Eastern,2022,Government Agency,End-User Micro,EU-PI
MASTERCARD SOUTHERN AFRICA (PTY) LTD,2023-02-08,South Africa,Southern,2023,Finance - Other,End-User Extra Small,EU-PI
Sky Telecom Company Limited,2022-11-24,Gambia (the),Western,2022,Internet Service Provider,LIR Extra Small,LIR
FOCUS TECHNOLOGY SOLUTIONS,2022-12-09,Tunisia,Northern,2022,Internet Hosting Provider,LIR Micro,LIR
CELCOM NETWORKS LIMITED,2022-12-22,Kenya,Eastern,2022,Internet Service Provider,LIR Extra Small,LIR
TANZANIA ELECTRIC SUPPLY COMPANY LIMITED,2023-02-22,"Tanzania, United Republic of",Eastern,2023,Critical Infrastructure - Other,End-User Micro,EU-PI
Register Domain SA (Pty) Ltd,2022-12-02,South Africa,Southern,2022,Internet Hosting Provider,LIR Micro,LIR
COMSATES NIGER,2023-01-13,Niger (the),Western,2023,Internet Service Provider,LIR Extra Small,LIR
Nilmage Two4Seven Limited,2022-12-14,Nigeria,Western,2022,Internet Service Provider,LIR Mini,LIR
Banco De Comercio e Industria  S.A.,2022-12-20,Angola,Southern,2022,Banking / Financial,End-User Micro,EU-PI
Equity Bank Tanzania Limited,2023-04-05,"Tanzania, United Republic of",Eastern,2023,Banking / Financial,End-User Mini,EU-PI
Swift Broadband Limited,2022-11-18,Kenya,Eastern,2022,Internet Service Provider,LIR Micro,LIR
STL FIBERCO LTD,2022-12-22,Nigeria,Western,2022,Internet Service Provider,LIR Micro,LIR
Rwanda Development Board(RDB),2022-12-14,Rwanda,Eastern,2022,Government Agency,End-User Mini,EU-PI
iSquared Technologies (Pty) Ltd,2022-12-20,South Africa,Southern,2022,Business and Services - Other,LIR Mini,LIR
VUMA FIBER LIMITED,2023-01-18,Kenya,Eastern,2023,Internet Service Provider,LIR Extra Small,LIR
"CACHU Y HERMANOS, S.L.",2023-01-18,Equatorial Guinea,Central,2023,Internet Service Provider,LIR Mini,LIR
AMICS TECHNOLOGIES LIMITED,2022-12-07,Nigeria,Western,2022,Network Services Provider,LIR Extra Small,LIR
Qrios VAS Limited,2023-02-15,Nigeria,Western,2023,Internet Applications Provider,LIR Mini,LIR
Rackzar  (Pty) Ltd,2023-01-20,South Africa,Southern,2023,Internet Hosting Provider,LIR Extra Small,LIR
Novia East Africa Ltd,2023-02-03,Kenya,Eastern,2023,Network Services Provider,LIR Extra Small,LIR
Banco YETU S.A.,2023-01-24,Angola,Southern,2023,Banking / Financial,End-User Micro,EU-PI
"HSAMS - Soluções Tecnológicas, LDA",2023-01-27,Angola,Southern,2023,Internet Service Provider,LIR Micro,LIR
Pronto Broadband Solutions Limited,2023-03-13,Nigeria,Western,2023,Internet Service Provider,LIR Extra Small,LIR
Department of E-Government,2023-02-21,Malawi,Southern,2023,Ministry,End-User Extra Small,EU-PI
BullTech Group (Pty) Ltd,2023-01-23,South Africa,Southern,2023,Fixed Line Operator,End-User Micro,EU-PI
VEZA ICT,2022-01-12,South Africa,Southern,2022,Internet Service Provider,LIR Extra Small,LIR
Teltwine Networks Limited,2023-03-30,Nigeria,Western,2023,Internet Service Provider,LIR Extra Small,LIR
EUPHORBIA SARL,2023-02-13,Benin,Western,2023,Internet Service Provider,LIR Micro,LIR
Alpha online Technology,2023-04-18,Côte d'Ivoire,Western,2023,Internet Service Provider,LIR Extra Small,LIR
Techseeds Telecommunications,2023-03-31,South Africa,Southern,2023,Internet Service Provider,LIR Extra Small,LIR
NADIF BUSINESS SERVICE SARL,2023-01-20,Chad,Western,2023,Internet Service Provider,LIR Extra Small,LIR
Chakaza Holdings (PTY) Ltd,2023-03-06,Eswatini,Southern,2023,Internet Service Provider,LIR Micro,LIR
Global Data Services,2023-03-06,Niger (the),Western,2023,Internet Service Provider,LIR Extra Small,LIR
CDN NETWORK,2023-01-16,Morocco,Northern,2023,Business and Services - Other,End-User AS and IP,EU-PI
LiFi.net Limited,2023-02-08,Nigeria,Western,2023,Internet Service Provider,LIR Extra Small,LIR
Digitegrity,2023-03-14,South Africa,Southern,2023,Internet Service Provider,LIR Micro,LIR
TIRISAN TECH SOLUTIONS (PTY) LTD,2023-02-08,South Africa,Southern,2023,Internet Service Provider,LIR Extra Small,LIR
Lwayo Communication,2023-02-09,South Africa,Southern,2023,Internet Service Provider,LIR Extra Small,LIR
Hakonix Technologies Limited,2023-05-01,Nigeria,Western,2023,Internet Service Provider,LIR Micro,LIR
Women's University in Africa,2023-03-14,Zimbabwe,Southern,2023,University,End-User Micro,EU-PI
TECHNO BRAIN BPO ITES LIMITED,2023-05-17,Kenya,Eastern,2023,Systems Integration,End-User Mini,EU-PI
Truehost Cloud Limited,2023-04-15,Kenya,Eastern,2023,Internet Hosting Provider,LIR Extra Small,LIR
Stellar Technology Solutions (Pty) Ltd,2023-03-13,South Africa,Southern,2023,Internet Service Provider,LIR Extra Small,LIR
Friends Wireless Limited,2023-03-31,Nigeria,Western,2023,Network Services Provider,LIR Extra Small,LIR
Ndende Technologies (Pty) Limited,2023-02-23,South Africa,Southern,2023,Data Processing Services,LIR Extra Small,LIR
AddIX Technology Solutions PLC,2023-03-09,Ethiopia,Eastern,2023,IXP,End-User Mini,EU-PI
"Connect, Surf and Smile Limited",2023-04-07,Nigeria,Western,2023,Internet Service Provider,LIR Extra Small,LIR
THE ZA DOMAIN NAME AUTHORITY NPC,2023-02-17,South Africa,Southern,2023,ccTLD,AM Corporate Small,ASSOCIATE-MEMBER
Snowvalley Communications,2023-03-30,South Africa,Southern,2023,Internet Service Provider,LIR Mini,LIR
Abex Interconnects Limited,2023-03-31,Ghana,Western,2023,Network Services Provider,LIR Extra Small,LIR
NATIONAL BANK OF COMMERCE LIMITED,2023-04-19,"Tanzania, United Republic of",Eastern,2023,Banking / Financial,End-User Mini,EU-PI
Malawi Communications Regulatory Authority,2023-05-12,Malawi,Southern,2023,Telecommunications Regulators,End-User Micro,EU-PI
SAWALINK LIMITED,2023-05-03,Kenya,Eastern,2023,Internet Service Provider,LIR Extra Small,LIR
Xcobean Systems Limited,2023-03-31,Kenya,Eastern,2023,Internet Hosting Provider,LIR Micro,LIR
TRUTH WIRELESS LIMITED,2023-04-21,Kenya,Eastern,2023,Internet Service Provider,LIR Micro,LIR
Dolphin Coast Wireless Pty Ltd,2023-04-16,South Africa,Southern,2023,Internet Service Provider,LIR Micro,LIR
STE SAFOZI,2023-05-30,Tunisia,Northern,2023,Internet Hosting Provider,LIR Mini,LIR
West Africa Data Centres Limited,2023-08-21,Ghana,Western,2023,Internet Hosting Provider,LIR Mini,LIR
Société Nationale d'Electricité du Burkina (SONABEL),2023-08-18,Burkina Faso,Western,2023,Business and Services - Other,End-User Micro,EU-PI
SABI NETWORKS LIMITED,2023-03-24,Nigeria,Western,2023,Internet Service Provider,LIR Micro,LIR
HANIF TELECOM LIMITED,2023-04-14,Kenya,Eastern,2023,Internet Service Provider,LIR Extra Small,LIR
One Mile Telecoms (Pty) Ltd.,2023-04-06,South Africa,Southern,2023,Internet Service Provider,LIR Extra Small,LIR
Secure Conekt (Pty) Ltd,2023-07-19,South Africa,Southern,2023,Security Services Provider,LIR Micro,LIR
Simtel ISP,2023-04-14,South Africa,Southern,2023,Internet Service Provider,LIR Extra Small,LIR
Intdev Internet Technologies (Pty) Ltd,2023-05-25,South Africa,Southern,2023,Internet Hosting Provider,LIR Extra Small,LIR
e-centric Switch (Proprietary) Limited,2023-06-20,South Africa,Southern,2023,Banking / Financial,End-User Mini,EU-PI
Telcoptics Solutions Ltd,2023-04-25,Kenya,Eastern,2023,Internet Service Provider,LIR Micro,LIR
STE LEYA TECH + SOLUTION SARL (L.T.S SARL),2023-06-06,Congo (the Democratic Republic of the),Central,2023,Telecommunications Regulators,LIR Extra Small,LIR
Manano Telecommunication SARL,2023-08-24,Chad,Western,2023,Telecommunications Regulators,LIR Micro,LIR
Cubic Information Systems Company Limited,2023-04-21,Libya,Northern,2023,Equipment - Other,LIR Extra Small,LIR
Ndeye Maimouna Diop Diagne,2023-05-04,Senegal,Western,2023,Government,AM Individual,ASSOCIATE-MEMBER
Swift Fibre,2023-04-14,South Africa,Southern,2023,Internet Service Provider,LIR Extra Small,LIR
Discovery Bank LTD,2023-08-31,South Africa,Southern,2023,Banking / Financial,End-User Extra Small,EU-PI
Prudential Bank Limited,2023-10-16,Ghana,Western,2023,Banking / Financial,End-User Micro,EU-PI
Libyan Spider for IT LTD.,2023-05-25,Libya,Northern,2023,Internet Hosting Provider,LIR Extra Small,LIR
Cheetahnet Solutions Limited,2023-04-21,Uganda,Eastern,2023,Internet Service Provider,LIR Extra Small,LIR
EGATE CLOUD SERVICES LDA,2023-06-06,Angola,Southern,2023,Business and Services - Other,LIR Extra Small,LIR
Intramech Enterprises (Private) Limited,2023-06-06,Zimbabwe,Southern,2023,Internet Service Provider,LIR Extra Small,LIR
NEXT THING NETWORKS Limited,2023-05-12,Kenya,Eastern,2023,Internet Service Provider,LIR Micro,LIR
African Development Bank,2023-05-25,South Africa,Southern,2023,Banking / Financial,End-User Micro,EU-PI
"CAIXA ECONOMICA DE CABO VERDE, S. A.",2023-07-04,Cabo Verde,Western,2023,Banking / Financial,End-User Micro,EU-PI
Nextgen Telcoms LTD,2023-05-11,Nigeria,Western,2023,Fixed Line Operator,LIR Extra Small,LIR
MCSWEEN TELECOM Limited,2023-08-31,Rwanda,Eastern,2023,Internet Hosting Provider,LIR Extra Small,LIR
GlobeMed Egypt,2024-02-13,Egypt,Northern,2024,Equipment - Other,End-User Micro,EU-PI
FIBERONE BROADBAND LTD,2023-05-30,Nigeria,Western,2023,Internet Service Provider,LIR Extra Small,LIR
Alaan for Communications and Information Technology with Limited Liability,2023-07-28,Libya,Northern,2023,Internet Hosting Provider,LIR Extra Small,LIR
Hayo Telecom (Pty) Ltd,2023-07-04,South Africa,Southern,2023,Mobile Operator,LIR Extra Small,LIR
Bravoscan 252 (PTY) LTD,2023-09-04,South Africa,Southern,2023,Internet Service Provider,End-User AS and IP,EU-AS
Vumacam (Pty) Ltd,2023-07-17,South Africa,Southern,2023,Business and Services - Other,End-User Micro,EU-PI
Fastfeet Limited,2023-06-19,Nigeria,Western,2023,Engineering & Science,LIR Micro,LIR
Bitstream Internet Solutions (Proprietary) Limited,2023-08-16,Namibia,Southern,2023,Internet Service Provider,LIR Extra Small,LIR
FBNQuest Capital Limited,2023-06-19,Nigeria,Western,2023,Banking / Financial,End-User Mini,EU-PI
"Sociedade Mineira de Catoca, Lda",2023-10-02,Angola,Southern,2023,Mining,End-User Micro,EU-PI
Moi Teaching and Referral Hospital,2023-08-24,Kenya,Eastern,2023,Government,End-User Micro,EU-PI
Ore & Metal Company,2023-07-05,South Africa,Southern,2023,Mining,End-User Micro,EU-PI
"Kwendanet Tecnologias e Serviços, Lda",2023-07-10,Angola,Southern,2023,Internet Service Provider,LIR Extra Small,LIR
TDS Hitech Solutions Limited,2023-08-29,Nigeria,Western,2023,Internet Service Provider,LIR Extra Small,LIR
Euphoria Telecom (PTY) LTD,2023-07-18,South Africa,Southern,2023,Business and Services - Other,End-User Mini,EU-PI
Jevi-Tech Communications Ltd,2023-08-10,Kenya,Eastern,2023,Internet Applications Provider,LIR Micro,LIR
SOUTHERN CROSS SOLUTIONS (PTY) LTD,2023-07-24,South Africa,Southern,2023,Internet Applications Provider,LIR Micro,LIR
ARM Pension Managers (PFA) Ltd,2023-07-10,Nigeria,Western,2023,Finance - Other,End-User Mini,EU-PI
Servercore Africa Ltd,2023-06-12,Kenya,Eastern,2023,Internet Hosting Provider,LIR Extra Small,LIR
LNX Solutions (Pty) Ltd,2023-06-20,South Africa,Southern,2023,Internet Hosting Provider,LIR Extra Small,LIR
Centre Royal de Télédétection Spatiale,2023-06-28,Morocco,Northern,2023,Government,End-User Micro,EU-PI
N W Internet Service,2023-06-26,South Africa,Southern,2023,Internet Service Provider,LIR Extra Small,LIR
THE TRUSTEES OF THE TANZANIA NATIONAL PARKS,2023-08-18,"Tanzania, United Republic of",Eastern,2023,Government,End-User Micro,EU-PI
SOGEB SA,2023-07-24,Guinea,Western,2023,Network Services Provider,LIR Micro,LIR
NOVA Commercial Bank LTD,2023-08-02,Nigeria,Western,2023,Banking / Financial,End-User Micro,EU-PI
Connectis SA,2023-07-10,Congo (the Democratic Republic of the),Central,2023,Internet Service Provider,LIR Micro,LIR
Accra Technical University,2023-09-08,Ghana,Western,2023,University,End-User Mini,EU-PI
TouchBasePro PTY LTD,2023-07-27,South Africa,Southern,2023,Business and Services - Other,LIR Micro,LIR
IP4Solutions,2023-10-30,Egypt,Northern,2023,Systems Integration,LIR V6 Small,LIR
Unitic Limited,2023-08-22,Kenya,Eastern,2023,Internet Applications Provider,LIR Mini,LIR
Agility Infrastructure a limited liability company,2023-11-06,Egypt,Northern,2023,Logistics & Supply Chain Management,End-User Mini,EU-PI
Maxko for Gaming Development,2023-09-07,Egypt,Northern,2023,Internet Service Provider,LIR Extra Small,LIR
Department of HIV & AIDS and Viral Hepatitis,2023-10-03,Malawi,Southern,2023,Ministry,End-User Mini,EU-PI
Oxygn ISP (PTY) LTD,2024-02-08,South Africa,Southern,2024,Internet Service Provider,LIR Extra Small,LIR
Fimnet Communications Limited,2023-07-10,Kenya,Eastern,2023,Internet Service Provider,LIR Extra Small,LIR
Invisible Waves,2023-07-06,South Africa,Southern,2023,Internet Service Provider,LIR Extra Small,LIR
Pepkor Trading (Pty) Ltd,2023-07-24,South Africa,Southern,2023,Network Services Provider,End-User Mini,EU-PI
HEROTEL BUSINESS (PTY) LTD,2023-08-06,South Africa,Southern,2023,Network Services Provider,LIR Extra Small,LIR
HOLLYWOOD CONNECT (PTY) LTD,2024-08-14,South Africa,Southern,2024,Internet Service Provider,LIR Very Small,LIR
BOTSWANA RESEARCH AND EDUCATION NETWORK SOCIETY,2023-08-09,Botswana,Southern,2023,Education,LIR Extra Small,LIR
Novasys IT (Pty) Ltd,2023-07-12,South Africa,Southern,2023,Internet Hosting Provider,LIR Extra Small,LIR
Minntech (Pty) Limited,2023-08-29,South Africa,Southern,2023,Business and Services - Other,LIR Extra Small,LIR
GEEZNET TECHNOLOGIES LIMITED,2023-07-21,"Tanzania, United Republic of",Eastern,2023,Internet Service Provider,LIR Mini,LIR
Tatu Telecom Company SEZ Limited,2023-10-16,Kenya,Eastern,2023,Internet Service Provider,LIR Extra Small,LIR
Windstream Limited,2023-09-05,Kenya,Eastern,2023,Internet Service Provider,LIR Extra Small,LIR
Sive Setfu ICT Solutions (Pty) Ltd,2023-07-28,South Africa,Southern,2023,Internet Hosting Provider,LIR Micro,LIR
BARMEDAS.COM LTD,2023-08-31,"Tanzania, United Republic of",Eastern,2023,Internet Service Provider,LIR Extra Small,LIR
Netmoz Sociedade Unipessoal Lda,2023-08-22,Mozambique,Southern,2023,Internet Service Provider,LIR Extra Small,LIR
Splizr Networks (Pty) Ltd,2023-08-15,South Africa,Southern,2023,Network Services Provider,LIR Extra Small,LIR
Digital Group for Telecom and Informatics Co,2023-08-09,Libya,Northern,2023,Internet Service Provider,LIR Extra Small,LIR
STELLAR-IX,2023-08-24,Madagascar,Indian Ocean,2023,Internet Hosting Provider,LIR Extra Small,LIR
Lunafibre Pty Ltd,2023-09-12,South Africa,Southern,2023,Internet Service Provider,LIR Extra Small,LIR
Verse Telecom Limited,2023-08-18,Nigeria,Western,2023,Internet Service Provider,LIR Micro,LIR
Bank of Abyssinia Share Company,2023-09-12,Ethiopia,Eastern,2023,Banking / Financial,End-User Micro,EU-PI
Currimjee Informatics Ltd,2023-08-28,Mauritius,Indian Ocean,2023,Systems Integration,LIR Micro,LIR
GLOBAL CLOUD INFRASTRUCTURE SOLUTIONS (PTY) LTD,2023-08-18,South Africa,Southern,2023,Internet Hosting Provider,LIR Extra Small,LIR
CALNET FIBRE (PTY) LTD,2023-11-20,South Africa,Southern,2023,Internet Service Provider,LIR Extra Small,LIR
Ministère du Numérique,2023-11-13,Congo (the Democratic Republic of the),Central,2023,Ministry,LIR Extra Small,LIR
Smartgae Proprietary Limited,2023-10-16,Botswana,Southern,2023,Internet Service Provider,LIR Micro,LIR
SOMOTT,2023-10-16,Somalia,Eastern,2023,Internet Service Provider,LIR Micro,LIR
Pure Infrastructure Limited,2023-12-20,Kenya,Eastern,2023,Internet Hosting Provider,LIR Extra Small,LIR
Freedotel Communication Technologies Ltd,2023-10-02,Ghana,Western,2023,Internet Service Provider,LIR Extra Small,LIR
WhiTech,2023-10-04,Egypt,Northern,2023,Internet Hosting Provider,LIR Mini,LIR
Giraffe Telecom Limited,2023-09-12,Gambia (the),Western,2023,Network Services Provider,LIR Extra Small,LIR
REALTIME COMMUNICATIONS (PTY) LTD,2023-08-29,South Africa,Southern,2023,Internet Service Provider,LIR Extra Small,LIR
Calmex Mobile,2023-10-18,South Africa,Southern,2023,Internet Service Provider,LIR Extra Small,LIR
National Oil Company of Malawi Ltd,2023-10-02,Malawi,Southern,2023,Government,End-User Micro,EU-PI
DIRECTION GENERALE DES DOUANES ET ACCISES,2023-10-16,Congo (the Democratic Republic of the),Central,2023,Government Agency,End-User Micro,EU-PI
Flash Mobile Vending (Pty) Ltd,2023-10-02,South Africa,Southern,2023,Finance - Other,End-User Extra Small,EU-PI
Post Bank (Uganda) Limited,2023-12-04,Uganda,Eastern,2023,Banking / Financial,End-User Micro,EU-PI
ABT Telecoms (Pty) Ltd,2023-11-15,South Africa,Southern,2023,Internet Service Provider,LIR Mini,LIR
Tradepage (Pty) Ltd,2023-10-25,South Africa,Southern,2023,Internet Hosting Provider,LIR Extra Small,LIR
GECAMINES,2023-11-13,Congo (the Democratic Republic of the),Central,2023,Mining,End-User Micro,EU-PI
VPSie Egypt for Information Technology,2023-11-06,Egypt,Northern,2023,Internet Hosting Provider,LIR Extra Small,LIR
right advanced business co ltd,2023-10-17,Sudan (the),Northern,2023,Internet Service Provider,LIR Extra Small,LIR
Optimus Bank Limited,2023-10-20,Nigeria,Western,2023,Banking / Financial,End-User Extra Small,EU-PI
LINKAFRICA (PTY) LTD,2023-10-16,South Africa,Southern,2023,Fixed Line Operator,LIR Extra Small,LIR
Ecole Supérieure Multinationale des Télécommunications (ESMT),2024-02-15,Senegal,Western,2024,University,End-User Extra Small,EU-PI
Light Bridge Internet (Pty) Ltd,2023-10-17,South Africa,Southern,2023,Internet Service Provider,LIR Micro,LIR
Ndiza Information Systems,2023-10-02,South Africa,Southern,2023,Internet Service Provider,LIR Extra Small,LIR
Nisi Technologies Ltd,2023-11-10,Nigeria,Western,2023,Internet Service Provider,LIR Micro,LIR
"TMCEL - Moçambique Telecom, SA",2024-11-14,Mozambique,Southern,2024,Internet Service Provider,LIR Small,LIR
Byte Orbit (PTY) LTD,2023-11-05,South Africa,Southern,2023,Internet Applications Provider,End-User Mini,EU-PI
Université Virtuelle de Côte d'Ivoire (UVCI),2023-10-30,Côte d'Ivoire,Western,2023,University,End-User Micro,EU-PI
Bkonnect(PTY) LTD,2023-10-17,South Africa,Southern,2023,Internet Service Provider,LIR Extra Small,LIR
FREEPASS LTD,2023-09-19,Nigeria,Western,2023,Network Services Provider,LIR Mini,LIR
Tawala Networks Limited,2023-11-17,Kenya,Eastern,2023,Internet Service Provider,LIR Extra Small,LIR
HOSTOWEB,2023-10-22,Morocco,Northern,2023,Internet Hosting Provider,LIR Extra Small,LIR
HTT Telecom,2023-12-04,Cameroon,Central,2023,Internet Service Provider,LIR Extra Small,EU-PI
Zimbabwe Research & Education Network,2023-12-05,Zimbabwe,Southern,2023,Internet Service Provider,LIR Extra Small,LIR
MTD Networx,2023-10-24,South Africa,Southern,2023,Internet Service Provider,LIR Mini,LIR
Softnet Business Systems Limited,2023-10-30,Kenya,Eastern,2023,Business and Services - Other,LIR Micro,LIR
Glidepath Group of Companies (Pty) Ltd,2023-10-31,South Africa,Southern,2023,Internet Service Provider,LIR Extra Small,LIR
TECHNOBIZ BUSINESS SOLUTIONS LIMITED,2023-11-30,Kenya,Eastern,2023,Internet Service Provider,LIR Extra Small,LIR
FIBERLINK SOLUTIONS LIMITED,2023-12-07,Kenya,Eastern,2023,Internet Service Provider,LIR Mini,LIR
"TAAG Linhas Aereas de Angola, S.A",2024-03-12,Angola,Southern,2024,Business and Services - Other,End-User Micro,EU-PI
Bakwena Entertainment and Production Services (PTY) Ltd,2023-12-28,South Africa,Southern,2023,Internet Service Provider,End-User AS and IP,EU-PI
EAC directory Limited,2023-11-15,Kenya,Eastern,2023,Internet Hosting Provider,LIR Extra Small,LIR
iiNet Connect Pty Ltd,2023-11-09,South Africa,Southern,2023,Internet Service Provider,LIR Extra Small,LIR
Cameroon Postal Services (CAMPOST),2023-12-11,Cameroon,Central,2023,Government,LIR Extra Small,LIR
"ESPAÇONET - TELECOMUNICAÇOES, (SU), LDA",2023-11-21,Angola,Southern,2023,Internet Service Provider,LIR Micro,LIR
LTX Omega Mushrooms,2023-11-13,South Africa,Southern,2023,Engineering & Science,LIR Micro,LIR
E-Lapariah Technologies Ltd,2023-11-15,Nigeria,Western,2023,Internet Service Provider,LIR Micro,LIR
Afrieta,2023-11-22,South Africa,Southern,2023,Internet Service Provider,LIR Extra Small,LIR
JNCS PTY LTD,2023-11-21,South Africa,Southern,2023,Security Services Provider,LIR Extra Small,LIR
DANSTED TECH SUPPLIERS LIMITED,2024-01-22,Kenya,Eastern,2024,Internet Service Provider,LIR Extra Small,LIR
Skylink Networks LTD,2024-01-18,Kenya,Eastern,2024,Internet Service Provider,LIR Extra Small,LIR
FIBRE SOURCING BOTSWANA PROPRIETARY LIMITED,2023-12-14,Botswana,Southern,2023,Internet Service Provider,LIR Micro,LIR
Hqzen tech solutions Ltd.,2023-12-05,Uganda,Eastern,2023,Business and Services - Other,LIR Extra Small,LIR
MATRUCHHAYA CABLE NETWORK LIMITED,2023-12-06,Kenya,Eastern,2023,Internet Service Provider,LIR Extra Small,LIR
NetOne Data Ltd,2023-12-28,Zambia,Southern,2023,Internet Service Provider,LIR Micro,LIR
Uganda Electricity Transmission Company Limited,2024-02-12,Uganda,Eastern,2024,Government Agency,End-User Micro,EU-PI
Koncept Digital Integrated Services Limited,2024-01-11,Nigeria,Western,2024,Internet Service Provider,LIR Extra Small,LIR
TekSupport (Pty) Ltd,2024-02-01,South Africa,Southern,2024,Internet Service Provider,LIR Extra Small,LIR
Universite Cheikh Anta DIOP de DAKAR,2024-02-26,Senegal,Western,2024,University,End-User Extra Small,EU-PI
Rocketnet Internet Namibia Pty Ltd,2024-02-08,Namibia,Southern,2024,Internet Service Provider,LIR Extra Small,LIR
BigPay Ghana Limited,2024-01-19,Ghana,Western,2024,Finance - Other,End-User Extra Small,EU-PI
RWANDA SOCIAL SECURITY BOARD (RSSB),2024-02-26,Rwanda,Eastern,2024,Government,End-User Extra Small,EU-PI
Cube ICT Solutions (Pty) Ltd,2024-01-19,South Africa,Southern,2024,Internet Service Provider,LIR Extra Small,LIR
Neurotel Communications,2024-01-12,South Africa,Southern,2024,Internet Service Provider,LIR Micro,LIR
FASTHUB SOLUTIONS LIMITED,2024-02-08,"Tanzania, United Republic of",Eastern,2024,Systems Integration,LIR Mini,LIR
Sunyani Technical University,2024-02-29,Ghana,Western,2024,University,End-User Extra Small,EU-PI
Cosmiq Broadband,2024-01-31,South Africa,Southern,2024,Internet Service Provider,LIR Extra Small,LIR
Marveltec,2024-02-29,South Africa,Southern,2024,Network Services Provider,LIR Extra Small,LIR
OneCloud LDA,2024-02-08,Mozambique,Southern,2024,Internet Hosting Provider,LIR Extra Small,LIR
International Centre for Research in Agroforestry,2024-03-29,Kenya,Eastern,2024,NGO / Not-For-Profit,End-User Micro,EU-PI
Loc Eight Mobile (Pty) Ltd,2024-02-21,Namibia,Southern,2024,Mobile Operator,LIR Extra Small,LIR
Libyan United International Telecommunication and Technology Company,2024-02-22,Libya,Northern,2024,Internet Service Provider,LIR Extra Small,LIR
Mavoni Telecoms (Pty) Ltd,2024-02-21,South Africa,Southern,2024,Internet Service Provider,LIR Micro,LIR
JIJI FIBER LTD,2024-02-29,Kenya,Eastern,2024,Internet Service Provider,LIR Micro,LIR
Fastr Connect (Pty) Ltd,2024-02-21,South Africa,Southern,2024,Internet Service Provider,LIR Extra Small,LIR
Abantu Cloud Africa (Pty) Ltd,2024-02-04,South Africa,Southern,2024,Internet Service Provider,LIR Extra Small,LIR
Vhost Limited,2024-02-21,Kenya,Eastern,2024,Internet Service Provider,LIR Extra Small,LIR
Umbrella Corporation ZA,2024-03-15,South Africa,Southern,2024,Network Services Provider,LIR Extra Small,LIR
Yala Kenya Limited,2024-03-04,Kenya,Eastern,2024,Internet Hosting Provider,LIR Extra Small,LIR
Societe Cajutel Guinee - SARLU,2024-02-15,Guinea,Western,2024,Internet Service Provider,LIR Extra Small,LIR
SAFHOME FIBRE LIMITED,2024-04-15,Kenya,Eastern,2024,Internet Service Provider,LIR Extra Small,LIR
Providusbank PLC,2024-02-22,Nigeria,Western,2024,Banking / Financial,End-User Micro,EU-PI
PORT AUTONOME DE KRIBI,2024-05-17,Cameroon,Central,2024,Network Services Provider,LIR Micro,LIR
Kasi Networks Limited,2024-03-13,"Tanzania, United Republic of",Eastern,2024,Internet Service Provider,LIR Micro,LIR
Savanna Fibre Limited,2024-03-20,Uganda,Eastern,2024,Internet Service Provider,LIR Extra Small,LIR
W.A.S.P LIMITED,2024-03-21,Ghana,Western,2024,Security Services Provider,LIR Extra Small,LIR
IX AFRICA DATA CENTRE LIMITED,2024-03-29,Kenya,Eastern,2024,Network Services Provider,LIR Micro,LIR
HOME CONNECT NETWORKS LIMITED,2024-03-26,Kenya,Eastern,2024,Fixed Line Operator,LIR Extra Small,LIR
Azania Bank Limited,2024-04-07,"Tanzania, United Republic of",Eastern,2024,Banking / Financial,End-User Mini,EU-PI
Hynfra Technologies Ltd,2024-04-19,Kenya,Eastern,2024,Internet Applications Provider,LIR Extra Small,LIR
Localtel Communications Limited,2024-04-10,Kenya,Eastern,2024,Internet Service Provider,LIR Mini,LIR
Centre d'informatique et de recherche de l'armée et de la sécurité (CIRAS),2024-04-18,Congo (the),Central,2024,Government Agency,End-User Extra Small,EU-PI
Aljuman Aljadeed Limited Liability company,2024-05-21,Libya,Northern,2024,Internet Service Provider,LIR Extra Small,LIR
Tabasamu Fibre Networks LTD,2024-04-22,Kenya,Eastern,2024,Internet Service Provider,LIR Micro,LIR
Electricity Supply Corporation of Malawi Ltd,2024-04-29,Malawi,Southern,2024,Internet Service Provider,LIR Extra Small,LIR
Redsea Sahara Travel,2024-05-16,Egypt,Northern,2024,Business and Services - Other,End-User Extra Small,EU-PI
Data Sciences Corporation Pty Ltd,2024-05-06,South Africa,Southern,2024,Internet Hosting Provider,LIR Extra Small,LIR
Develop Net (PTY) LTD,2024-05-17,South Africa,Southern,2024,Internet Service Provider,LIR Extra Small,LIR
HotFibre Pty (Ltd),2024-05-29,South Africa,Southern,2024,Internet Service Provider,LIR Extra Small,LIR
Bongo Live Enterprise Ltd,2024-07-30,"Tanzania, United Republic of",Eastern,2024,Internet Applications Provider,LIR Extra Small,LIR
Thinkst Applied Research (PTY) Limited,2024-05-29,South Africa,Southern,2024,Security Services Provider,End-User Extra Small,EU-PI
Nymbis Cloud Solutions Pty Ltd,2024-08-08,South Africa,Southern,2024,Internet Hosting Provider,LIR Extra Small,LIR
RAIN COMMUNICATIONS LIMITED,2024-06-26,Kenya,Eastern,2024,Internet Service Provider,LIR Extra Small,LIR
VENNET SOLUTIONS LIMITED,2024-05-28,Kenya,Eastern,2024,Internet Service Provider,LIR Micro,LIR
Datacom.mw Limited,2024-05-17,Malawi,Southern,2024,Internet Service Provider,LIR Mini,LIR
OFFICE NATIONAL DE L'EAU ET DE L'ASSAINISSEMENT - ONEA -,2024-06-11,Burkina Faso,Western,2024,Government Agency,End-User Micro,EU-PI
BPR BANK RWANDA PLC,2024-10-16,Rwanda,Eastern,2024,Banking / Financial,End-User Micro,LIR
ONE Carrier,2024-07-12,South Africa,Southern,2024,Network Services Provider,LIR Extra Small,LIR
FZX Media Consulting Limited,2024-06-12,Nigeria,Western,2024,Internet Service Provider,LIR Micro,LIR
Lilongwe Open Neutral Internet Exchange Limited,2024-05-29,Malawi,Southern,2024,IXP,End-User Micro,EU-PI
Zettabyte Storage (Pty) Ltd,2024-06-17,South Africa,Southern,2024,Storage Services Provider ,LIR Extra Small,LIR
Afriland First Bank,2024-08-06,Cameroon,Central,2024,Banking / Financial,End-User Mini,EU-PI
Fiber One (SL) LIMITED,2024-08-14,Sierra Leone,Western,2024,Internet Service Provider,LIR Extra Small,LIR
In2IT  (PTY) Ltd.,2024-06-18,South Africa,Southern,2024,Business and Services - Other,LIR Micro,LIR
BOMA RURAL CONNECT LTD,2024-06-20,South Sudan,Northern,2024,Internet Service Provider,LIR Extra Small,LIR
Leonecom,2024-06-04,Sierra Leone,Western,2024,Network Services Provider,LIR Micro,LIR
iMobility (Pty) ltd,2024-06-17,South Africa,Southern,2024,Telecom Equipment,LIR Extra Small,LIR
Onix Data Centres Ghana Limited,2024-06-22,Ghana,Western,2024,Critical Infrastructure - Other,LIR Extra Small,LIR
WEBB FONTAINE GUINEE SA,2024-06-18,Guinea,Western,2024,Government,End-User Micro,EU-PI
OGOS INNO-TECH LIMITED,2024-07-29,Uganda,Eastern,2024,Internet Service Provider,LIR Extra Small,LIR
Alwen Networks Co. Limited,2024-07-03,Kenya,Eastern,2024,Internet Service Provider,LIR Extra Small,LIR
Regional Maritime University,2024-06-26,Ghana,Western,2024,University,End-User Mini,EU-PI
BEELINE TELECOMS LIMITED,2024-06-18,Zambia,Southern,2024,Mobile Operator,LIR Mini,LIR
UNITED BANK FOR AFRICA GHANA LIMITED,2024-07-17,Ghana,Western,2024,Banking / Financial,End-User Micro,EU-PI
Tanzania Commission for Science and Technology,2024-06-26,"Tanzania, United Republic of",Eastern,2024,Research Institute/Center,LIR Extra Small,LIR
Boldnet Internet Solutions,2024-08-14,Ghana,Western,2024,Internet Service Provider,LIR Extra Small,LIR
V Dot Net Pty Ltd,2024-07-24,South Africa,Southern,2024,Internet Service Provider,LIR Mini,LIR
GCB BANK PLC,2024-09-05,Ghana,Western,2024,Banking / Financial,End-User Micro,EU-PI
Kyrascene (Pty) Ltd,2024-08-06,South Africa,Southern,2024,Internet Service Provider,LIR Extra Small,LIR
Maroc Datacenter MDC,2024-07-24,Morocco,Northern,2024,Internet Hosting Provider,LIR Extra Small,LIR
Skyworks  Telecoms,2024-08-14,South Africa,Southern,2024,Internet Service Provider,LIR Extra Small,LIR
CONNECTION CAMEROON S.A,2024-07-15,Cameroon,Central,2024,Internet Service Provider,LIR Extra Small,LIR
Vitel Wireless Limited,2024-07-11,Nigeria,Western,2024,Mobile Operator,LIR Mini,LIR
Two Five One Communications and Marketing PLC,2024-07-12,Ethiopia,Eastern,2024,Internet Hosting Provider,LIR Extra Small,LIR
Access BANK CAMEROON PLC,2024-08-02,Cameroon,Central,2024,Banking / Financial,End-User Micro,EU-PI
FieldBase Services Limited,2024-07-17,Nigeria,Western,2024,Internet Service Provider,LIR Extra Small,LIR
Betta Technologies,2024-07-29,South Africa,Southern,2024,Internet Service Provider,LIR Micro,LIR
Genesis Intercellular Limited,2024-08-23,Nigeria,Western,2024,Network Services Provider,LIR Extra Small,LIR
Malawi-Liverpool-Wellcome Trust Clinical Research Programme,2024-08-22,Malawi,Southern,2024,Research Institute/Center,End-User Micro,EU-PI
TRADE MODERNISATION PROJECT LIMITED,2024-08-14,Nigeria,Western,2024,Government,End-User Micro,EU-PI
Linkorg Networks LTD,2024-07-16,Nigeria,Western,2024,Internet Service Provider,LIR Extra Small,LIR
Castor Networks RDC SA,2024-09-16,Congo (the Democratic Republic of the),Central,2024,Internet Service Provider,LIR Extra Small,LIR
PAN AFRICA TELECOM (PTY) LTD,2024-08-01,South Africa,Southern,2024,Internet Service Provider,LIR Extra Small,LIR
LA DIRECTION GENERALE DES DOUANES,2024-11-15,Senegal,Western,2024,Government,End-User Micro,EU-PI
OPTIMIZED NETWORKS SARL,2024-10-04,Congo (the Democratic Republic of the),Central,2024,Internet Applications Provider,LIR Mini,LIR
ELEPHANT TECHNOLOGY LIMITED,2024-08-01,Kenya,Eastern,2024,Internet Service Provider,LIR Micro,LIR
Bongani Connects,2024-08-16,South Africa,Southern,2024,Internet Service Provider,LIR Extra Small,LIR
Click Connect Proprietary Limited,2024-08-08,Botswana,Southern,2024,Internet Service Provider,LIR Extra Small,LIR
"Sharart Altaqanaya Co, for Telecom & Technology",2024-08-07,Libya,Northern,2024,Internet Service Provider,LIR Extra Small,LIR
KONNECT DATA NETWORKS LTD,2024-08-14,Kenya,Eastern,2024,Internet Service Provider,LIR Extra Small,LIR
Lightstruck Connect,2024-08-20,South Africa,Southern,2024,Internet Service Provider,LIR Extra Small,LIR
Avitech Solutions LTD,2024-09-26,Kenya,Eastern,2024,Internet Service Provider,LIR Micro,LIR
Bridge Fiber Solutions,2024-08-30,Burkina Faso,Western,2024,Network Services Provider,LIR Extra Small,LIR
"BRAVANTIC EVOLVING TECHNOLOGY, S.A",2024-09-30,Mozambique,Southern,2024,Internet Hosting Provider,LIR Extra Small,LIR
Dodoma FiberCo Limited,2024-09-12,"Tanzania, United Republic of",Eastern,2024,Internet Service Provider,LIR Extra Small,LIR
Fibernet Broadband Ltd,2024-09-09,Nigeria,Western,2024,Internet Service Provider,LIR Extra Small,LIR
OPIN TECHNOLOGIES GHANA LIMITED,2024-08-20,Ghana,Western,2024,Internet Service Provider,LIR Extra Small,LIR
Promethean Consulting Limited,2024-09-19,Nigeria,Western,2024,Internet Service Provider,LIR Extra Small,LIR
Access Bank Tanzania Limited,2024-09-25,"Tanzania, United Republic of",Eastern,2024,Banking / Financial,End-User Micro,EU-PI
"Bubble Cloud Mozambique, SA",2024-09-20,Mozambique,Southern,2024,Internet Hosting Provider,LIR Micro,LIR
AYRADE,2024-09-25,Algeria,Northern,2024,Internet Hosting Provider,LIR Extra Small,LIR
INDEPENDENT MONITORING SERVICES (PTY) LTD,2024-10-09,South Africa,Southern,2024,Security Services Provider,LIR Micro,LIR
AD Solutions,2024-10-21,Benin,Western,2024,Internet Service Provider,LIR Extra Small,LIR
NGCOM LASTMILE SOLUTION LTD,2024-10-09,Nigeria,Western,2024,Internet Service Provider,LIR Extra Small,LIR
Telenet  Solutions Limited,2024-09-23,Kenya,Eastern,2024,Systems Integration,LIR Micro,LIR
GOWIFI Liberia LLC,2024-09-25,Liberia,Western,2024,Internet Service Provider,LIR Mini,LIR
CAMBRIDGE BROADBAND NETWORKS NIGERIA LTD,2024-11-07,Nigeria,Western,2024,Internet Service Provider,LIR Extra Small,LIR
Hubtech Investments,2024-11-07,South Africa,Southern,2024,Network Services Provider,LIR Mini,LIR
AIBRA GROUP LIMITED,2024-10-02,"Tanzania, United Republic of",Eastern,2024,Internet Service Provider,LIR Mini,LIR
"Business Connexion Mozambique, LIMITADA",2024-11-07,Mozambique,Southern,2024,Internet Hosting Provider,LIR Extra Small,LIR
"MSBYTE-SOLUTION,LIMITADA",2024-10-15,Angola,Southern,2024,Internet Service Provider,LIR Extra Small,LIR
Old Mutual Investment Group (PTY) Ltd,2024-10-08,South Africa,Southern,2024,Finance - Other,End-User AS and IP,EU-PI
GVA BENIN,2024-11-07,Benin,Western,2024,Internet Service Provider,LIR Extra Small,LIR
TeleWyz LTD,2024-10-18,Nigeria,Western,2024,Mobile Operator,LIR Extra Small,LIR
Fire-IT (Pty) Ltd,2024-10-17,South Africa,Southern,2024,Internet Service Provider,LIR Extra Small,LIR
Arpu Telecommunication Services S.A.E,2024-11-27,Egypt,Northern,2024,Internet Applications Provider,End-User Extra Small,EU-PI
HUBSIX SASU,2024-10-15,Senegal,Western,2024,IXP,End-User Mini,EU-PI
FLICKSWITCH (PROPRIETARY) LIMITED,2024-10-14,South Africa,Southern,2024,Security Services Provider,LIR Micro,LIR
Central Networks Communication LTD,2024-11-19,Kenya,Eastern,2024,Internet Service Provider,LIR Extra Small,LIR
